query_index,flat_index,uniform_nearest_distance,coreset_nearest_distance,uniform_nearest_memory_index,coreset_nearest_memory_index,uniform_query_is_selected_reference,coreset_query_is_selected_reference
0,3807,0.24876143038272858,1.1963756084442139,625,260,False,False
1,4213,0.041528787463903427,0.78300458192825317,3115,2726,False,False
2,5456,1.209088921546936,1.2263957262039185,1984,126,False,False
3,9840,1.4793423414230347,1.4778734445571899,722,2334,False,False
4,10954,1.1567065715789795,1.5529487133026123,2397,2901,False,False
5,12624,0.28064838051795959,1.5361504554748535,2183,2997,False,False
6,14112,1.0236448049545288,1.1223357915878296,2010,3678,False,False
7,16264,0.075900338590145111,1.465958833694458,1027,2433,False,False
8,17130,1.1115853786468506,1.4502418041229248,977,3267,False,False
9,19125,1.3204221725463867,1.1736202239990234,1686,1799,False,False
10,19828,1.1297981739044189,1.3754070997238159,3447,3784,False,False
11,21347,1.6146084070205688,1.521979808807373,3799,1712,False,False
12,22293,1.2255533933639526,1.4415035247802734,2393,1455,False,False
13,22388,1.359201192855835,1.3893543481826782,2110,1543,False,False
14,28604,0.24228912591934204,1.1258107423782349,628,2433,False,False
15,30420,1.2957446575164795,1.243288516998291,2516,1455,False,False
16,30527,0.86016172170639038,1.0674231052398682,127,3878,False,False
17,33356,0.94674491882324219,1.4368847608566284,3459,1941,False,False
18,33605,1.0156435966491699,1.4626272916793823,1090,3959,False,False
19,34123,1.5083597898483276,1.6255282163619995,1914,1343,False,False
20,36190,1.0506265163421631,1.4063088893890381,1134,2630,False,False
21,36349,1.1453882455825806,1.6197042465209961,1823,2839,False,False
22,38533,1.4458273649215698,1.7373955249786377,613,1972,False,False
23,41197,0.11756639927625656,1.1768518686294556,3678,1551,False,False
24,42628,1.2190642356872559,1.5223904848098755,3495,3996,False,False
25,42703,1.4871364831924438,1.6224648952484131,3560,603,False,False
26,42860,1.5149674415588379,1.334064245223999,3470,2514,False,False
27,43684,1.3996304273605347,1.2884030342102051,975,4075,False,False
28,44352,0.96410375833511353,1.4040402173995972,342,3642,False,False
29,44461,1.2305105924606323,1.4266808032989502,1500,3777,False,False
30,45045,0.090538553893566132,1.6014511585235596,844,2997,False,False
31,48453,1.1365218162536621,1.4322525262832642,3395,1532,False,False
32,48906,0.18514864146709442,1.1395474672317505,271,2433,False,False
33,51001,1.1476613283157349,1.4933284521102905,2513,2750,False,False
34,51050,0.94023752212524414,1.1539599895477295,1490,871,False,False
35,51358,1.1029897928237915,1.27347731590271,2248,488,False,False
36,51956,1.1963963508605957,1.3572938442230225,1658,593,False,False
37,52325,0.99754488468170166,1.4416650533676147,3851,138,False,False
38,52450,1.0310357809066772,1.4070096015930176,2199,1532,False,False
39,54643,1.1158066987991333,1.563422679901123,506,2541,False,False
40,56312,1.1004303693771362,1.1333701610565186,906,394,False,False
41,56811,0.74508523941040039,1.4026200771331787,1461,2225,False,False
42,57596,0.23637038469314575,1.0823661088943481,367,1551,False,False
43,59032,1.18980872631073,1.6036536693572998,3980,1975,False,False
44,59673,1.2018498182296753,1.5192768573760986,2414,2412,False,False
45,61067,0.32062917947769165,0.98757320642471313,1236,260,False,False
46,61361,0.090088143944740295,1.4507676362991333,307,2433,False,False
47,64283,1.4256216287612915,1.4311652183532715,2408,573,False,False
48,64709,1.0621615648269653,1.42094886302948,3997,1532,False,False
49,67961,1.1814644336700439,1.4805971384048462,3455,2432,False,False
50,68318,1.2785711288452148,1.3702309131622314,2437,175,False,False
51,69778,0.078206516802310944,1.4341623783111572,2281,2726,False,False
52,70541,0.99640053510665894,1.3556805849075317,3621,3959,False,False
53,72660,1.0459684133529663,1.4169250726699829,969,2364,False,False
54,73804,0.04783470556139946,0.78528845310211182,1363,2726,False,False
55,73896,0.0894322469830513,1.412096381187439,1599,2726,False,False
56,75146,1.6377698183059692,1.5821914672851562,1264,700,False,False
57,75375,1.1992110013961792,1.3516279458999634,1192,623,False,False
58,76349,1.42568039894104,1.3502179384231567,3009,1826,False,False
59,77442,0.72489273548126221,1.2465670108795166,1747,3625,False,False
60,79452,1.5741270780563354,1.5669370889663696,2291,3791,False,False
61,81333,0.94450867176055908,1.4175657033920288,2391,1890,False,False
62,82870,0.98572748899459839,1.5044788122177124,4024,4093,False,False
63,84854,1.2404388189315796,1.4836993217468262,2067,2469,False,False
64,84900,1.105520486831665,1.6026304960250854,702,1961,False,False
65,85478,0.83401894569396973,1.3707646131515503,35,812,False,False
66,85559,0.76148158311843872,1.2231485843658447,1184,2225,False,False
67,85727,0.21619905531406403,1.1669266223907471,1506,260,False,False
68,86672,1.0273361206054688,1.3430367708206177,2710,3959,False,False
69,91874,1.3712533712387085,1.1455541849136353,2436,994,False,False
70,92488,1.5023390054702759,1.4123570919036865,654,711,False,False
71,93085,1.1012839078903198,1.5418789386749268,2082,4078,False,False
72,94977,0.99370342493057251,1.1553049087524414,3817,2104,False,False
73,95945,1.3155332803726196,1.0260077714920044,32,20,False,False
74,97656,1.0443034172058105,1.4004223346710205,3956,1532,False,False
75,98201,0.075437352061271667,1.4423427581787109,1857,2433,False,False
76,98839,0.90723598003387451,1.3277813196182251,813,1120,False,False
77,100052,0.81514787673950195,1.1844273805618286,1540,1455,False,False
78,100669,1.1257940530776978,1.4200142621994019,3822,2123,False,False
79,103706,1.8561992645263672,1.6231309175491333,3636,2309,False,False
80,104306,1.6107995510101318,1.7283319234848022,2093,3598,False,False
81,104789,1.4864301681518555,1.55022132396698,919,2615,False,False
82,105463,1.2069805860519409,1.4447847604751587,1143,394,False,False
83,106206,0.27720260620117188,1.1829308271408081,2143,260,False,False
84,106750,0.67076402902603149,0.55687558650970459,414,162,False,False
85,107154,1.163235068321228,1.5183378458023071,3248,1941,False,False
86,109358,1.2069493532180786,1.4127113819122314,3631,251,False,False
87,109487,1.0848770141601562,1.424102783203125,210,3035,False,False
88,113188,1.9174669981002808,1.5539023876190186,1971,1263,False,False
89,117911,0.99072593450546265,1.4893378019332886,424,138,False,False
90,120296,1.5321128368377686,1.5995556116104126,3391,2383,False,False
91,122505,0.53363615274429321,0.83825176954269409,429,260,False,False
92,123459,1.0812791585922241,1.4487087726593018,105,3695,False,False
93,126316,1.138911247253418,1.2813760042190552,2251,2630,False,False
94,132068,1.2496767044067383,1.3790657520294189,814,1705,False,False
95,132258,1.194300651550293,1.3165473937988281,2032,115,False,False
96,134914,0.20918980240821838,1.3201645612716675,4089,2433,False,False
97,135036,0.42968922853469849,0.64851278066635132,3840,2433,False,False
98,137468,1.1511536836624146,1.3986599445343018,1939,903,False,False
99,139171,0.051910720765590668,1.4640593528747559,2499,2433,False,False
100,139293,0.034288566559553146,0.31544744968414307,1072,2726,False,False
101,139720,0.66979992389678955,1.3315091133117676,3492,716,False,False
102,140253,1.1931819915771484,1.4072540998458862,2086,1851,False,False
103,140883,1.1743236780166626,1.1530815362930298,722,1045,False,False
104,141451,1.462410569190979,1.2976647615432739,548,962,False,False
105,142029,1.2491422891616821,1.2026731967926025,3382,2681,False,False
106,142407,1.1635234355926514,1.4843701124191284,3851,3000,False,False
107,143419,0.22971950471401215,0.70978593826293945,2489,2726,False,False
108,144218,1.2126388549804688,1.4097768068313599,1275,2401,False,False
109,148172,0.99859750270843506,1.4867540597915649,875,3959,False,False
110,149769,1.6048101186752319,1.6461905241012573,423,1316,False,False
111,150358,1.2141522169113159,1.5343562364578247,3771,3900,False,False
112,150528,0.86608338356018066,1.2811095714569092,1923,3642,False,False
113,151435,0.081123687326908112,1.4431341886520386,2444,2433,False,False
114,151896,0.41572314500808716,1.5288710594177246,177,2997,False,False
115,152827,1.4109847545623779,1.4707311391830444,3256,3605,False,False
116,152852,1.2177813053131104,1.6774905920028687,1230,1605,False,False
117,154637,1.0612461566925049,1.2292449474334717,3434,3000,False,False
118,157028,1.3945287466049194,1.5256730318069458,924,3500,False,False
119,158163,1.2071371078491211,1.3793108463287354,1227,1422,False,False
120,158235,1.7887212038040161,1.39487624168396,2488,1454,False,False
121,158310,1.6869697570800781,1.1187288761138916,3606,1573,False,False
122,159266,0.64676696062088013,1.3968387842178345,48,3625,False,False
123,162310,1.1669188737869263,1.2710559368133545,3650,2195,False,False
124,164313,0.94913780689239502,1.3405472040176392,2339,1619,False,False
125,165195,1.5458153486251831,1.4924404621124268,1914,2039,False,False
126,169632,1.1712182760238647,1.4097765684127808,3876,2972,False,False
127,170460,1.2616524696350098,1.5622252225875854,3445,70,False,False
128,173361,1.4267189502716064,1.348193883895874,283,2903,False,False
129,174590,1.2602250576019287,1.2227791547775269,1415,2374,False,False
130,175321,1.1038880348205566,1.3821042776107788,3737,1532,False,False
131,176675,0.99822837114334106,1.3183308839797974,819,3322,False,False
132,178937,0,1.5472677946090698,227,2275,True,False
133,181406,0.981373131275177,1.0834037065505981,139,115,False,False
134,181494,1.3521820306777954,1.5774775743484497,3521,384,False,False
135,182573,1.7307261228561401,1.5709953308105469,1730,2400,False,False
136,183162,1.4742431640625,1.193840503692627,267,3561,False,False
137,185021,1.3785656690597534,1.3078367710113525,2870,2509,False,False
138,186100,1.5116114616394043,1.6675268411636353,3530,2322,False,False
139,186856,1.3152321577072144,1.4759259223937988,168,1173,False,False
140,188086,0.38753828406333923,0.69019532203674316,3670,260,False,False
141,192293,0.16327665746212006,1.1475760936737061,2535,2433,False,False
142,192453,0.036658093333244324,1.5379042625427246,1051,2997,False,False
143,193114,1.1765803098678589,1.4864387512207031,230,3322,False,False
144,195652,1.1011050939559937,1.2972326278686523,589,3015,False,False
145,198906,1.2791397571563721,1.4869387149810791,2956,3585,False,False
146,202873,1.511479377746582,1.5923993587493896,1562,3120,False,False
147,203525,1.6487880945205688,1.4376709461212158,2237,3259,False,False
148,209985,1.1056500673294067,1.4793366193771362,2100,1390,False,False
149,210427,1.3035953044891357,1.175383448600769,274,3295,False,False
150,211804,0.97342050075531006,1.452790379524231,2312,3681,False,False
151,213011,0.04595223069190979,0.31647706031799316,629,2726,False,False
152,213372,0.73667556047439575,1.3688920736312866,1331,716,False,False
153,213633,1.2891808748245239,1.4811457395553589,198,2104,False,False
154,219482,1.5745115280151367,1.3113694190979004,1777,2986,False,False
155,221161,0.060991615056991577,1.6041536331176758,197,2997,False,False
156,221188,0.52070838212966919,0.70784449577331543,2489,2726,False,False
157,224069,1.2196756601333618,1.3835031986236572,134,213,False,False
158,224191,0.9255797266960144,1.25062096118927,2648,3878,False,False
159,224267,1.0842571258544922,1.5527734756469727,753,1641,False,False
160,225251,0.066849298775196075,1.579291820526123,1966,2997,False,False
161,226082,1.3560663461685181,1.6096310615539551,3855,1240,False,False
162,230280,0.9558444619178772,1.2637821435928345,471,3959,False,False
163,230575,0.99490654468536377,1.3773328065872192,3585,2624,False,False
164,232244,1.2025184631347656,1.3897513151168823,2456,3728,False,False
165,232988,0.64884698390960693,1.2911456823348999,1965,2225,False,False
166,236184,1.8454002141952515,1.4076085090637207,546,888,False,False
167,238364,1.2776169776916504,1.4284209012985229,1990,1734,False,False
168,239260,1.6567665338516235,1.5968470573425293,393,3501,False,False
169,241403,0.43395504355430603,0.99037587642669678,1989,2433,False,False
170,241716,0.032109878957271576,0.33884316682815552,49,2726,False,False
171,241963,0.19886311888694763,1.4827152490615845,1146,2433,False,False
172,242922,1.2202844619750977,1.2656890153884888,3933,2221,False,False
173,243745,1.17888343334198,1.5408399105072021,265,1856,False,False
174,244711,0.89798605442047119,1.5211323499679565,3571,3696,False,False
175,247927,1.5485297441482544,1.6113296747207642,3925,583,False,False
176,248674,1.0117205381393433,1.481008768081665,1221,3681,False,False
177,249617,0.16323685646057129,1.1481399536132812,869,2433,False,False
178,252338,1.605638861656189,1.3169405460357666,440,342,False,False
179,254624,1.3023835420608521,1.3606575727462769,3739,2671,False,False
180,254922,1.1187832355499268,1.4896247386932373,794,1276,False,False
181,255689,1.6200321912765503,1.7828894853591919,2492,1471,False,False
182,256269,1.4874769449234009,1.748937726020813,3971,656,False,False
183,258181,0.11387260258197784,1.3139671087265015,1816,4,False,False
184,258320,0.19049118459224701,1.4470242261886597,958,2433,False,False
185,259117,1.1738704442977905,1.3376004695892334,1529,519,False,False
186,259214,1.0934628248214722,1.5969570875167847,3833,519,False,False
187,260990,0.97902816534042358,1.2428326606750488,996,791,False,False
188,261544,0.86383324861526489,1.2629706859588623,70,812,False,False
189,261763,0.4966951310634613,1.2382358312606812,1810,3625,False,False
190,265124,1.1480379104614258,1.4360618591308594,396,1132,False,False
191,266689,0.91777604818344116,0.99875396490097046,1611,3691,False,False
192,266896,1.1435879468917847,1.5409805774688721,2505,3959,False,False
193,270867,0.93719637393951416,1.2151781320571899,3436,1941,False,False
194,275921,1.1444780826568604,1.4537937641143799,487,2992,False,False
195,278149,0.49987402558326721,1.1125012636184692,205,260,False,False
196,280078,1.2656970024108887,1.3276642560958862,1985,1523,False,False
197,283339,1.1691471338272095,1.5523666143417358,3982,2067,False,False
198,286202,0.98912918567657471,1.393811821937561,3480,2108,False,False
199,286949,0.16838562488555908,1.2116742134094238,1403,1551,False,False
200,287670,1.0977417230606079,1.494126558303833,2228,1067,False,False
201,288736,1.4153859615325928,1.6528953313827515,1347,1451,False,False
202,291722,1.0507453680038452,1.4669049978256226,773,3549,False,False
203,292198,1.4984244108200073,1.6210979223251343,924,2418,False,False
204,293142,1.6120984554290771,1.4824067354202271,1542,2749,False,False
205,293836,1.1329115629196167,1.4941295385360718,749,1641,False,False
206,295114,0.1602652370929718,1.206452488899231,3526,1551,False,False
207,296095,1.2252055406570435,1.1770708560943604,139,115,False,False
208,297117,1.6005500555038452,1.3356927633285522,2248,1182,False,False
209,299004,0.29828831553459167,1.4019310474395752,3208,2433,False,False
210,302608,0.63120001554489136,1.3677082061767578,656,2225,False,False
211,303004,0.071830309927463531,1.4530929327011108,616,2433,False,False
212,303033,0.095363862812519073,1.3995414972305298,1744,2433,False,False
213,305270,1.7077144384384155,1.5208965539932251,1844,2186,False,False
214,307870,1.4097476005554199,1.4482035636901855,3739,2821,False,False
215,309879,1.6915475130081177,1.347753643989563,2226,3551,False,False
216,309927,1.3751397132873535,1.5075780153274536,3824,369,False,False
217,310270,1.3696314096450806,1.2372974157333374,996,791,False,False
218,315154,0.17359359562397003,1.1499854326248169,690,2433,False,False
219,315316,0.096173539757728577,1.4512813091278076,2503,2433,False,False
220,318372,1.1762018203735352,1.5716162919998169,2189,3681,False,False
221,319350,0.19767056405544281,1.170117974281311,2829,2433,False,False
222,320189,1.2884223461151123,1.5800957679748535,2138,2067,False,False
223,320245,0.98690873384475708,1.3381470441818237,826,1276,False,False
224,320916,1.4874110221862793,1.3692364692687988,3527,3192,False,False
225,320974,1.3149497509002686,1.1841247081756592,264,2220,False,False
226,322853,1.0259610414505005,1.3975995779037476,2142,1532,False,False
227,326147,1.0872724056243896,1.532111644744873,3309,1888,False,False
228,329305,1.6151994466781616,1.616346001625061,1173,250,False,False
229,331565,0.12488009035587311,1.1424082517623901,556,2433,False,False
230,335181,1.1587920188903809,1.2039170265197754,2245,2630,False,False
231,337954,1.4514924287796021,1.4746274948120117,224,1856,False,False
232,338377,1.5470069646835327,1.2839750051498413,1964,957,False,False
233,340527,0.82693153619766235,1.386399507522583,2433,2001,False,False
234,340585,1.0495085716247559,1.5572237968444824,1813,477,False,False
235,341862,1.244330883026123,1.3387264013290405,1842,1283,False,False
236,342846,1.0655757188796997,1.3569391965866089,996,2625,False,False
237,343644,0.46211707592010498,1.1258230209350586,3801,3625,False,False
238,344619,0.85565948486328125,1.5523883104324341,1692,2001,False,False
239,345392,1.0784517526626587,1.5247772932052612,1458,2903,False,False
240,349692,1.2984001636505127,1.2884100675582886,355,3621,False,False
241,351995,0.4304845929145813,0.89037197828292847,3092,2433,False,False
242,352500,0.16769708693027496,1.1591413021087646,2161,1551,False,False
243,352944,1.0143011808395386,1.5198080539703369,3828,2067,False,False
244,353455,1.0003184080123901,1.4471026659011841,1664,1150,False,False
245,354138,1.098660945892334,1.2258607149124146,1620,461,False,False
246,354735,1.4795109033584595,1.5575499534606934,1685,2398,False,False
247,355129,1.3178969621658325,1.5409525632858276,725,3263,False,False
248,357142,1.1563593149185181,1.4426531791687012,1527,2836,False,False
249,357434,0.98325634002685547,1.3566219806671143,903,1271,False,False
250,358371,1.4129254817962646,1.479897141456604,224,2133,False,False
251,359197,1.3130131959915161,1.3691658973693848,2408,3373,False,False
252,361000,0.83458530902862549,1.3917714357376099,483,1619,False,False
253,362294,1.374812126159668,1.5631436109542847,940,2668,False,False
254,362715,1.2321041822433472,1.5596760511398315,4087,3440,False,False
255,363854,1.2448781728744507,1.2557475566864014,3581,2630,False,False
256,364016,0.89136964082717896,1.2300516366958618,2883,2108,False,False
257,364450,0.056815952062606812,1.4546452760696411,2319,2433,False,False
258,364595,0.05759250745177269,0.34115436673164368,1850,2726,False,False
259,365377,1.1170670986175537,1.2415744066238403,3467,2104,False,False
260,365425,1.1184872388839722,1.3888267278671265,3460,3959,False,False
261,365562,1.1109389066696167,1.5678132772445679,1899,1271,False,False
262,365782,0.91673034429550171,1.0977799892425537,1841,4076,False,False
263,366698,1.7314351797103882,1.4799712896347046,3755,2784,False,False
264,368592,0.034663006663322449,1.5860598087310791,691,2997,False,False
265,370398,0.9524613618850708,1.4597259759902954,681,2654,False,False
266,371716,1.1916558742523193,1.3036856651306152,1836,3015,False,False
267,372363,0.4233282208442688,0.94321298599243164,584,260,False,False
268,372670,0.89938807487487793,1.2599895000457764,78,495,False,False
269,372716,0.096083015203475952,1.6046905517578125,2278,2997,False,False
270,374244,1.6888848543167114,1.3759274482727051,121,833,False,False
271,374444,1.2383058071136475,1.230201244354248,2130,3083,False,False
272,374759,1.7064111232757568,1.4048970937728882,1343,3504,False,False
273,376214,1.05887770652771,1.2184067964553833,140,812,False,False
274,376342,0.7071269154548645,1.2377938032150269,2331,2225,False,False
275,378490,1.4914051294326782,1.3771548271179199,1670,2742,False,False
276,385971,1.0404975414276123,1.3181194067001343,1453,3959,False,False
277,385994,1.1776938438415527,1.4917943477630615,4046,803,False,False
278,386392,1.327229380607605,1.3636564016342163,240,2709,False,False
279,387034,1.7855789661407471,0.94890499114990234,581,3917,False,False
280,387644,1.4256184101104736,1.5950497388839722,734,3108,False,False
281,390334,1.1222426891326904,1.3291968107223511,3204,2932,False,False
282,390401,1.0924745798110962,1.4765352010726929,2100,1614,False,False
283,391117,1.3497248888015747,1.4425584077835083,185,3539,False,False
284,394371,1.1963658332824707,1.4065057039260864,1152,1861,False,False
285,394973,1.3312841653823853,1.0822058916091919,3850,3501,False,False
286,395444,1.6249909400939941,1.6985907554626465,641,1282,False,False
287,395510,1.5967048406600952,1.6807408332824707,1844,754,False,False
288,397305,0.20297491550445557,1.5608024597167969,3290,2997,False,False
289,397905,0.95580834150314331,1.322550892829895,965,1941,False,False
290,399466,1.9415328502655029,1.2001469135284424,3755,3914,False,False
291,399652,1.0963605642318726,1.4907728433609009,985,214,False,False
292,399805,1.1700321435928345,1.4194425344467163,1769,1826,False,False
293,400220,1.1541253328323364,1.3470159769058228,1286,2124,False,False
294,402179,1.0626007318496704,1.3995753526687622,100,2104,False,False
295,403906,1.1613925695419312,1.556341290473938,2242,3813,False,False
296,404929,1.0829237699508667,1.2005776166915894,3252,904,False,False
297,405241,0.43270993232727051,0.86094450950622559,2337,260,False,False
298,405501,0.2212868332862854,1.3671910762786865,1721,2433,False,False
299,406688,1.281857967376709,1.3558847904205322,139,115,False,False
300,408597,1.1554999351501465,1.493630051612854,676,1993,False,False
301,408980,0.91128396987915039,1.4077930450439453,3796,1018,False,False
302,409069,0.90620279312133789,1.5398471355438232,1461,1620,False,False
303,409782,0.10783633589744568,1.4316068887710571,2281,2726,False,False
304,411045,1.5792751312255859,1.2599948644638062,3849,2732,False,False
305,413312,0.38073083758354187,1.4129173755645752,1622,495,False,False
306,414243,0.92826521396636963,1.4356051683425903,587,1619,False,False
307,417424,0.28548270463943481,0.79831099510192871,458,260,False,False
308,417571,0.16411502659320831,1.1569286584854126,4032,2433,False,False
309,426374,0.42515680193901062,1.4212563037872314,442,716,False,False
310,426804,0.97082370519638062,1.3617525100708008,977,3959,False,False
311,430440,0.36166474223136902,1.44556725025177,3785,2997,False,False
312,431588,1.8844565153121948,1.4213236570358276,121,3495,False,False
313,433129,1.0679513216018677,1.5767590999603271,3571,394,False,False
314,433318,1.1218681335449219,1.5343126058578491,1292,1532,False,False
315,433731,0.79731130599975586,0.70424151420593262,921,3625,False,False
316,439017,1.1176022291183472,1.4121415615081787,1898,3267,False,False
317,443283,0.43081027269363403,1.6365910768508911,607,2836,False,False
318,444919,1.5681557655334473,1.3250776529312134,2329,1342,False,False
319,449030,1.2527996301651001,1.2020041942596436,3650,821,False,False
320,451702,1.1957677602767944,1.5973715782165527,728,2656,False,False
321,452232,1.2532323598861694,1.506044864654541,57,2228,False,False
322,456105,1.4307386875152588,1.3821347951889038,120,1535,False,False
323,456268,1.6892805099487305,1.7298321723937988,2367,3757,False,False
324,456340,1.1797151565551758,1.3296631574630737,3968,3040,False,False
325,457404,1.4322106838226318,1.3520406484603882,1468,2880,False,False
326,459097,0.31689760088920593,1.4136396646499634,1273,2997,False,False
327,459505,1.1165711879730225,1.4947282075881958,875,1276,False,False
328,459809,1.4461705684661865,1.7317118644714355,708,794,False,False
329,461068,1.8390961885452271,1.983875036239624,3971,2069,False,False
330,461431,1.3382503986358643,1.6424225568771362,3433,2556,False,False
331,461576,1.3233352899551392,1.5078185796737671,1110,1752,False,False
332,462470,0.42186522483825684,1.0726439952850342,2378,260,False,False
333,462647,0.25796112418174744,1.1554458141326904,989,2433,False,False
334,463039,0.15931069850921631,1.2282543182373047,2923,162,False,False
335,463209,0.53571748733520508,1.5411279201507568,1335,1619,False,False
336,463543,1.0424745082855225,1.4669785499572754,2128,2067,False,False
337,463973,1.3533281087875366,1.2979562282562256,3484,398,False,False
338,464447,0.94470149278640747,1.0100834369659424,127,3878,False,False
339,465199,1.2860658168792725,1.4355945587158203,2301,836,False,False
340,467974,1.1886330842971802,1.5881503820419312,111,2438,False,False
341,468900,1.3970892429351807,1.4390643835067749,1032,2133,False,False
342,470001,1.1949461698532104,1.5262888669967651,2074,2364,False,False
343,473742,1.4604510068893433,1.4072020053863525,27,2068,False,False
344,479764,1.1329604387283325,1.5363435745239258,825,1941,False,False
345,479864,1.0150219202041626,1.4249448776245117,3001,1941,False,False
346,480356,1.4468826055526733,1.4850442409515381,2039,1274,False,False
347,480465,1.1899163722991943,1.1724629402160645,2076,1150,False,False
348,480566,1.4334288835525513,1.3714652061462402,1375,1685,False,False
349,482511,0.96571832895278931,1.359308123588562,2957,3000,False,False
350,484307,0.99117326736450195,1.7462129592895508,1668,2426,False,False
351,487476,0.031793519854545593,0.33570492267608643,2587,2726,False,False
352,490872,1.1099812984466553,1.5019886493682861,3447,3862,False,False
353,490876,1.2329554557800293,1.3048102855682373,3304,2512,False,False
354,491050,0.65522474050521851,1.3421404361724854,332,2225,False,False
355,491873,0.29732632637023926,1.4427469968795776,379,2997,False,False
356,493005,1.3798331022262573,1.6118905544281006,1985,1523,False,False
357,494094,1.4223158359527588,1.6449991464614868,3456,2260,False,False
358,494114,1.3861416578292847,1.3731111288070679,3926,2017,False,False
359,497472,0.97674930095672607,1.153922438621521,473,349,False,False
360,499335,0.29821699857711792,1.0774878263473511,205,260,False,False
361,500283,0.84791010618209839,1.3498200178146362,907,1941,False,False
362,500824,1.1661663055419922,1.5202294588088989,72,1932,False,False
363,501820,1.098918080329895,1.3010441064834595,1750,3498,False,False
364,504765,1.1030395030975342,1.474618673324585,175,1809,False,False
365,507768,0.22014464437961578,1.1644771099090576,3671,2433,False,False
366,508807,0.97998940944671631,1.4474277496337891,471,1067,False,False
367,508913,1.1237010955810547,1.5823084115982056,1694,4093,False,False
368,510845,1.1822202205657959,1.4700720310211182,1511,3431,False,False
369,511388,1.0808402299880981,1.4105192422866821,2381,1890,False,False
370,512746,1.0975574254989624,1.4423509836196899,1898,3267,False,False
371,512867,1.5522137880325317,1.6103627681732178,3412,3764,False,False
372,513426,1.2224442958831787,1.408115029335022,2290,2992,False,False
373,514386,1.5426468849182129,1.5690770149230957,549,2741,False,False
374,514825,1.4214675426483154,1.5062590837478638,1821,2145,False,False
375,517018,1.2260704040527344,1.4867023229598999,249,760,False,False
376,517055,1.0462989807128906,1.4754676818847656,1872,3878,False,False
377,519833,0.25318998098373413,0.85450822114944458,1811,260,False,False
378,520294,0.065702535212039948,0.77648758888244629,1325,2726,False,False
379,525028,1.2798604965209961,1.4912939071655273,1124,1234,False,False
380,526989,1.2385585308074951,1.5248285531997681,3698,1491,False,False
381,527050,1.3671829700469971,1.4743071794509888,1910,3708,False,False
382,527587,1.1255508661270142,1.3914686441421509,781,1532,False,False
383,527965,0.32934489846229553,0.88868993520736694,1979,260,False,False
384,528841,0.73717838525772095,1.2900378704071045,2622,1619,False,False
385,528912,0.80607092380523682,1.255266547203064,3436,1941,False,False
386,530279,1.0296849012374878,1.3248733282089233,1430,2935,False,False
387,530984,1.1936733722686768,1.5267422199249268,168,2298,False,False
388,533215,1.239159107208252,1.3999122381210327,1179,743,False,False
389,533426,1.0339820384979248,1.491356372833252,3621,4093,False,False
390,533636,1.3972967863082886,1.5301388502120972,2279,1376,False,False
391,534600,1.4843207597732544,1.3853150606155396,3970,3236,False,False
392,535039,1.1445422172546387,1.4312163591384888,2352,2625,False,False
393,535362,1.1517627239227295,1.3208886384963989,883,2454,False,False
394,539758,1.1107252836227417,1.2835055589675903,1552,3000,False,False
395,541331,0.90568464994430542,1.3127745389938354,1894,477,False,False
396,542310,1.2557059526443481,1.5258523225784302,1499,1354,False,False
397,542649,1.5987604856491089,1.4301059246063232,2440,2750,False,False
398,542848,1.0608916282653809,1.4226334095001221,2012,349,False,False
399,542994,1.6666107177734375,1.6033596992492676,763,2947,False,False
400,543122,1.4797953367233276,1.2447068691253662,1082,4090,False,False
401,543193,1.1687018871307373,1.4461350440979004,4048,1131,False,False
402,545972,1.1684415340423584,1.564736008644104,1664,384,False,False
403,547469,1.4333024024963379,1.4058487415313721,621,3651,False,False
404,547473,1.5961511135101318,1.5487841367721558,3946,2911,False,False
405,547749,1.1478773355484009,1.6353051662445068,2189,793,False,False
406,548418,0.53952133655548096,0.78910905122756958,129,3625,False,False
407,548594,0.2371516078710556,1.0598695278167725,1673,260,False,False
408,552242,1.0521318912506104,1.4786105155944824,1597,2003,False,False
409,554091,0.48816671967506409,1.4565285444259644,776,519,False,False
410,556879,0.1094476580619812,1.18327796459198,1470,2433,False,False
411,557921,1.6085189580917358,1.5931408405303955,1912,1734,False,False
412,558227,1.1692520380020142,1.4697189331054688,2070,551,False,False
413,558475,0.9649583101272583,1.3473833799362183,1914,1343,False,False
414,559642,1.6551030874252319,1.6336355209350586,1204,348,False,False
415,563647,1.183745265007019,1.2916566133499146,3119,2625,False,False
416,564752,0.79217833280563354,1.279671311378479,656,2225,False,False
417,567158,1.3997142314910889,1.4675079584121704,4008,3369,False,False
418,568365,1.0406213998794556,1.2762299776077271,1469,3261,False,False
419,569827,0.73987072706222534,1.3199784755706787,2339,1619,False,False
420,570231,0.99484622478485107,1.3484737873077393,3460,3959,False,False
421,574723,1.5502960681915283,1.5921765565872192,2830,210,False,False
422,577023,1.2412582635879517,1.6157188415527344,1244,2239,False,False
423,578657,1.4537436962127686,1.6118924617767334,2289,451,False,False
424,581598,0.07461576908826828,1.5976681709289551,2338,2997,False,False
425,582733,1.3930075168609619,1.6160539388656616,978,1396,False,False
426,583123,1.2368420362472534,1.4435595273971558,1376,2886,False,False
427,583430,1.6820564270019531,1.6099636554718018,2220,154,False,False
428,583483,1.3440808057785034,1.066888689994812,2320,2584,False,False
429,584160,1.4800550937652588,1.3601974248886108,805,4059,False,False
430,585946,0.13068659603595734,1.2327274084091187,1002,1551,False,False
431,587962,1.2713587284088135,1.4939908981323242,2956,2757,False,False
432,591239,1.4781041145324707,1.3257766962051392,1260,2746,False,False
433,591393,1.422817587852478,1.440169095993042,1749,3452,False,False
434,592037,1.8651117086410522,1.5012402534484863,1200,96,False,False
435,594170,0.3600776195526123,1.0190944671630859,983,1551,False,False
436,596048,1.4732543230056763,1.4928908348083496,261,2566,False,False
437,596671,1.0225744247436523,1.0495009422302246,2585,2625,False,False
438,597491,1.0089899301528931,1.4952750205993652,2276,1018,False,False
439,597710,0.32317480444908142,1.1412653923034668,1333,260,False,False
440,599776,1.200955867767334,1.6474963426589966,2436,406,False,False
441,600338,1.5507471561431885,1.4588428735733032,549,1355,False,False
442,600688,1.3456184864044189,1.366480827331543,3532,3057,False,False
443,602014,0.090157262980937958,1.4442605972290039,616,2433,False,False
444,602412,0.25060340762138367,1.4666304588317871,2704,2433,False,False
445,602418,0.23364664614200592,1.4738558530807495,2704,2433,False,False
446,602656,1.1110435724258423,1.2056974172592163,846,103,False,False
447,603379,1.3927901983261108,1.5177772045135498,1781,1522,False,False
448,603772,1.2307643890380859,1.3810240030288696,2454,1787,False,False
449,604975,1.2675127983093262,1.3831104040145874,3631,251,False,False
450,605066,1.1687480211257935,1.5383193492889404,4041,1752,False,False
451,608523,1.3132553100585938,1.3584640026092529,1570,2909,False,False
452,609190,0.91791850328445435,1.5616731643676758,2189,793,False,False
453,611130,1.0514659881591797,1.3086884021759033,2340,3959,False,False
454,613282,1.1375114917755127,1.440909743309021,2189,793,False,False
455,614486,0.052251502871513367,0.78833645582199097,1863,2726,False,False
456,614953,0.90707844495773315,1.610683798789978,739,1619,False,False
457,615166,1.1975966691970825,1.4849339723587036,3004,2509,False,False
458,615416,1.225801944732666,1.4386913776397705,1084,1271,False,False
459,619698,0.98587983846664429,1.4541805982589722,1664,1150,False,False
460,619784,1.4038141965866089,1.3479020595550537,3829,2119,False,False
461,625592,1.165947437286377,1.6802909374237061,513,394,False,False
462,625844,1.0200595855712891,1.4731564521789551,2178,2003,False,False
463,626283,0.40967658162117004,0.87779152393341064,4,260,False,False
464,627314,1.0320199728012085,1.3565279245376587,3397,1941,False,False
465,629715,1.1769651174545288,1.2228406667709351,4065,1993,False,False
466,633610,1.3358712196350098,1.5077428817749023,935,1519,False,False
467,634071,1.0910835266113281,1.5382843017578125,1953,2003,False,False
468,634275,0.81023937463760376,1.33940589427948,3893,812,False,False
469,634344,0.83399063348770142,1.4777319431304932,909,2225,False,False
470,634921,0.028431626036763191,0.31483882665634155,2760,2726,False,False
471,638425,0.73377847671508789,1.4540573358535767,1521,812,False,False
472,642898,0.19002062082290649,1.227409839630127,2379,2433,False,False
473,643105,0.057332120835781097,0.36513110995292664,1832,2726,False,False
474,643200,0.17428384721279144,1.4100127220153809,2405,4,False,False
475,647300,0.35009664297103882,1.0828949213027954,1816,4,False,False
476,650575,1.1187958717346191,1.4403989315032959,4071,2630,False,False
477,650588,1.1965456008911133,1.462336540222168,1888,1532,False,False
478,650674,1.132194995880127,1.4483656883239746,686,1890,False,False
479,651212,0.058797087520360947,1.6018809080123901,3566,2997,False,False
480,651628,0.28277918696403503,1.4574153423309326,3785,2997,False,False
481,652575,1.2319825887680054,1.3585977554321289,3586,3123,False,False
482,654130,0.89667874574661255,1.0664997100830078,2456,1490,False,False
483,656177,1.0035538673400879,1.3771519660949707,1013,3959,False,False
484,657442,1.0957087278366089,1.2937253713607788,224,1856,False,False
485,657767,1.4244364500045776,1.3407992124557495,167,1724,False,False
486,659371,0.052264831960201263,1.4531251192092896,2319,2433,False,False
487,660105,1.1361449956893921,1.3493045568466187,1894,1941,False,False
488,660801,1.027830958366394,1.260113000869751,1263,1614,False,False
489,661985,1.6932677030563354,0.99409776926040649,1016,1203,False,False
490,664477,1.3675494194030762,1.6391466856002808,3805,3469,False,False
491,664595,0.97891139984130859,1.482724666595459,922,1396,False,False
492,665862,1.0755912065505981,1.5563510656356812,2334,231,False,False
493,665914,1.4591186046600342,1.6128836870193481,2956,3830,False,False
494,667283,0.5945594310760498,0.99437278509140015,718,260,False,False
495,667942,0.24147769808769226,1.4278446435928345,3481,2433,False,False
496,667945,0.26418709754943848,1.4275234937667847,3481,2433,False,False
497,669339,1.5494461059570312,1.0617691278457642,2156,3490,False,False
498,669401,1.0634838342666626,1.2239388227462769,1646,3076,False,False
499,669577,1.6449720859527588,1.2591907978057861,2616,1869,False,False
500,670119,1.3704593181610107,1.3372783660888672,167,2342,False,False
501,675595,0.21095229685306549,1.1272375583648682,3332,2433,False,False
502,676480,1.0904220342636108,1.5074869394302368,3798,3345,False,False
503,676772,1.33147132396698,1.4621665477752686,3856,390,False,False
504,680062,0.073979280889034271,1.5505717992782593,3428,457,False,False
505,681509,1.5585372447967529,1.4073117971420288,121,2590,False,False
506,689044,1.1292157173156738,1.4964325428009033,1858,1957,False,False
507,689131,1.1632328033447266,1.4503246545791626,3725,2599,False,False
508,690515,1.3759644031524658,1.5484691858291626,1657,1482,False,False
509,691288,0.64018452167510986,1.6638009548187256,956,3000,False,False
510,691533,1.1958019733428955,1.4710378646850586,1500,2630,False,False
511,691674,0.81458771228790283,1.4658929109573364,4055,2225,False,False
512,692502,0.21822468936443329,1.492003321647644,3408,2433,False,False
513,693908,1.0697640180587769,1.2263273000717163,3968,3040,False,False
514,695242,1.1195404529571533,1.4608776569366455,448,394,False,False
515,698836,1.4846688508987427,1.4677386283874512,3938,2187,False,False
516,699787,1.0876806974411011,1.2870117425918579,717,3777,False,False
517,703632,1.1510612964630127,1.4244757890701294,1869,138,False,False
518,705020,0.83842217922210693,0.92388397455215454,3895,716,False,False
519,705822,1.4000899791717529,1.5042142868041992,3586,3123,False,False
520,706077,1.3845378160476685,1.6683856248855591,124,1014,False,False
521,706571,1.3895546197891235,1.6353378295898438,4019,1403,False,False
522,706829,1.4857085943222046,1.4467682838439941,1730,381,False,False
523,709423,1.0209022760391235,1.51888108253479,291,3959,False,False
524,709692,1.1808028221130371,1.2348049879074097,1052,3877,False,False
525,711208,1.0567326545715332,1.4667956829071045,168,170,False,False
526,711506,1.1794025897979736,1.3985270261764526,4015,1490,False,False
527,716501,0.29968065023422241,0.98267650604248047,1223,260,False,False
528,717064,0.28504613041877747,1.4481794834136963,3894,2433,False,False
529,717092,0.26905032992362976,1.4894455671310425,2485,2433,False,False
530,718891,1.4322876930236816,1.5873008966445923,2026,426,False,False
531,720875,0.025187257677316666,1.6074745655059814,1001,2997,False,False
532,720999,0.054248496890068054,0.77570205926895142,2742,2726,False,False
533,721487,0.92757928371429443,1.2749084234237671,965,1941,False,False
534,721557,0.90464925765991211,1.286225438117981,2138,1120,False,False
535,728185,1.1523770093917847,1.4510321617126465,947,3696,False,False
536,732562,1.106673002243042,1.5332945585250854,2160,970,False,False
537,733251,0.55499923229217529,1.2672039270401001,3131,4,False,False
538,735619,1.2682098150253296,1.440050482749939,1278,3481,False,False
539,735764,1.6016547679901123,1.5644679069519043,3903,1329,False,False
540,738920,1.2402276992797852,1.0837010145187378,856,2257,False,False
541,740561,1.1657822132110596,1.4978629350662231,1234,138,False,False
542,742700,1.1828835010528564,1.3057156801223755,3509,713,False,False
543,742705,0.98220336437225342,1.3810888528823853,1458,3279,False,False
544,743064,1.1679813861846924,1.3826874494552612,3980,848,False,False
545,747171,1.383014440536499,1.5442066192626953,2299,994,False,False
546,748400,1.3041912317276001,1.5889650583267212,898,2945,False,False
547,749427,0.071164622902870178,1.1775660514831543,1050,2433,False,False
548,751602,1.4987410306930542,1.5605634450912476,2140,1151,False,False
549,755049,1.4052655696868896,1.6418660879135132,1645,2607,False,False
550,758947,1.2245475053787231,1.2609696388244629,2032,2591,False,False
551,759584,1.0578775405883789,1.221721887588501,2010,3678,False,False
552,760116,1.4371925592422485,1.6109646558761597,897,1904,False,False
553,760591,1.0487290620803833,1.1964404582977295,3631,251,False,False
554,760715,1.1757476329803467,1.5777953863143921,735,793,False,False
555,761311,0.65887659788131714,1.4649308919906616,3760,2225,False,False
556,762138,0.28488099575042725,1.4939353466033936,2419,2997,False,False
557,762314,0.84318250417709351,1.4997491836547852,3492,1619,False,False
558,762479,1.0701639652252197,1.3381842374801636,3140,477,False,False
559,763850,1.62703537940979,1.418239951133728,1826,3602,False,False
560,765579,0.34373876452445984,0.77791750431060791,3670,260,False,False
561,766665,0.99890822172164917,1.5010201930999756,3898,2583,False,False
562,769173,1.0499715805053711,1.4318430423736572,3750,3328,False,False
563,771316,1.3494889736175537,1.6085673570632935,1709,1522,False,False
564,772187,1.4448193311691284,1.5079858303070068,1161,979,False,False
565,773677,0.86117362976074219,1.3154122829437256,1590,2225,False,False
566,774977,1.0320854187011719,1.2121608257293701,3467,2104,False,False
567,774985,1.0449583530426025,1.197978138923645,471,3959,False,False
568,775760,1.3768073320388794,1.4740391969680786,158,1181,False,False
569,778108,0.44006770849227905,0.65004163980484009,2464,2433,False,False
570,780210,1.4072580337524414,1.4751451015472412,2140,3768,False,False
571,783809,0.98329591751098633,1.070536732673645,3613,1614,False,False
572,783886,1.195676326751709,1.3126169443130493,1985,1523,False,False
573,785888,0.98938477039337158,1.4282119274139404,428,812,False,False
574,786618,0.28300094604492188,1.2620078325271606,824,4,False,False
575,787223,1.1690231561660767,1.3528637886047363,1527,2836,False,False
576,789164,1.4388084411621094,1.3748766183853149,2197,1136,False,False
577,791100,1.0634838342666626,1.2989358901977539,907,2938,False,False
578,792064,0.8708961009979248,1.2614024877548218,354,349,False,False
579,794417,0.16154178977012634,1.1316195726394653,3986,2433,False,False
580,798045,1.1676908731460571,1.4983108043670654,961,3862,False,False
581,798654,0.89713603258132935,1.2554972171783447,78,495,False,False
582,799249,0.80233228206634521,1.5080815553665161,3444,1941,False,False
583,800079,1.107008695602417,0.96267718076705933,1354,126,False,False
584,800715,1.3975663185119629,1.4700784683227539,1908,2508,False,False
585,801483,1.2794784307479858,1.3845325708389282,357,3708,False,False
586,802415,0.56107896566390991,1.0516997575759888,3774,260,False,False
587,802523,0.21023455262184143,1.18489670753479,1496,260,False,False
588,803086,0.22114701569080353,1.4714937210083008,439,2433,False,False
589,804405,1.1427562236785889,1.3835424184799194,1265,418,False,False
590,807172,0.27371880412101746,1.5461664199829102,3776,2433,False,False
591,807623,1.0311366319656372,1.3657684326171875,977,1276,False,False
592,809203,1.6274498701095581,1.6277270317077637,1901,834,False,False
593,809427,1.2667512893676758,1.5255981683731079,1227,2971,False,False
594,810515,0.6916348934173584,1.2400990724563599,1184,2225,False,False
595,810760,0.21763183176517487,1.1363834142684937,1856,2433,False,False
596,811516,0.82896476984024048,1.0589207410812378,1929,716,False,False
597,812510,1.4226951599121094,1.5461492538452148,1220,2809,False,False
598,815716,1.0985977649688721,1.2653133869171143,2001,3322,False,False
599,815752,1.1285343170166016,1.3884609937667847,2505,477,False,False
600,816699,1.4047914743423462,1.4336851835250854,274,3295,False,False
601,817337,1.5379568338394165,1.7246733903884888,905,1908,False,False
602,818648,0.9413454532623291,1.4446702003479004,2043,1018,False,False
603,820280,1.2974591255187988,1.4800188541412354,666,1271,False,False
604,820936,1.1181039810180664,1.3060997724533081,1671,1194,False,False
605,825286,1.2314097881317139,0.96236920356750488,4018,1201,False,False
606,830198,1.6201407909393311,1.1809728145599365,1941,438,False,False
607,831589,0.042146921157836914,0.7895393967628479,1974,2726,False,False
608,832117,1.051828145980835,1.4672244787216187,105,1941,False,False
609,832799,1.2076133489608765,1.393398642539978,3586,3123,False,False
610,833225,1.4647625684738159,1.6626130342483521,1429,20,False,False
611,833547,1.6071760654449463,1.4685776233673096,3755,3277,False,False
612,833756,1.5050708055496216,1.5724976062774658,1802,556,False,False
613,833759,1.238353967666626,1.2089079618453979,994,1489,False,False
614,835222,0.26804804801940918,0.91883128881454468,782,260,False,False
615,835273,0.22426202893257141,1.1922276020050049,1206,260,False,False
616,838575,1.2438284158706665,1.5229653120040894,210,3234,False,False
617,841661,1.1495778560638428,1.2989600896835327,1174,1275,False,False
618,841789,1.2389132976531982,1.2904820442199707,1174,1275,False,False
619,842081,1.3113970756530762,1.1340759992599487,153,1911,False,False
620,846367,1.5347803831100464,1.3010903596878052,3809,1897,False,False
621,848838,1.2270973920822144,1.6107025146484375,1852,1390,False,False
622,851959,0.13306654989719391,1.5866860151290894,2943,2997,False,False
623,853000,1.21980881690979,1.6476644277572632,111,3362,False,False
624,857786,1.3213660717010498,1.5313887596130371,3462,4088,False,False
625,858349,1.3655861616134644,1.5362758636474609,1616,2246,False,False
626,861184,0.95219939947128296,1.2952544689178467,568,3642,False,False
627,861261,1.0462102890014648,1.338478684425354,2190,519,False,False
628,861359,1.0898910760879517,1.5390220880508423,1996,2624,False,False
629,861464,1.0946186780929565,1.2418675422668457,260,2868,False,False
630,862563,1.4363001585006714,1.3102102279663086,1475,4025,False,False
631,863675,1.1645636558532715,1.2685173749923706,3150,3458,False,False
632,870037,1.2478910684585571,1.2142747640609741,373,564,False,False
633,870407,1.7552486658096313,1.4077956676483154,195,2158,False,False
634,870852,1.497688889503479,0.7680206298828125,3722,3371,False,False
635,873852,1.1225763559341431,1.7294325828552246,1602,1669,False,False
636,874139,1.6466093063354492,1.4385610818862915,2526,3490,False,False
637,875551,1.0730953216552734,1.4615604877471924,1879,1753,False,False
638,877403,1.4980233907699585,1.4279409646987915,3770,3469,False,False
639,881713,1.1005747318267822,1.3462555408477783,1084,519,False,False
640,882248,1.4440596103668213,1.4587457180023193,1947,1079,False,False
641,888011,1.0215834379196167,1.2447187900543213,40,3000,False,False
642,891173,1.5802695751190186,1.3580558300018311,2315,3572,False,False
643,891612,1.7719089984893799,1.3934208154678345,498,1990,False,False
644,891732,1.1249027252197266,1.5474416017532349,2511,3900,False,False
645,892991,0.85999131202697754,1.4358896017074585,2923,2726,False,False
646,893376,0.64267313480377197,1.1851526498794556,2556,3691,False,False
647,894421,1.19761061668396,1.2424507141113281,4034,2042,False,False
648,898880,0.96452951431274414,1.0498950481414795,671,349,False,False
649,899080,1.6820594072341919,1.4518313407897949,1121,1503,False,False
650,900571,0.9807436466217041,1.399491548538208,3978,812,False,False
651,908114,1.2221022844314575,1.5083094835281372,3888,746,False,False
652,909144,0.090892955660820007,1.1616998910903931,116,2433,False,False
653,914375,1.0594227313995361,1.4741556644439697,2525,2438,False,False
654,914491,1.2129535675048828,1.3896846771240234,903,3877,False,False
655,916197,0.94158601760864258,1.3542813062667847,1136,2308,False,False
656,916364,1.1559410095214844,1.5411707162857056,1978,1996,False,False
657,917048,1.1312777996063232,1.4681837558746338,743,2108,False,False
658,917115,1.0402604341506958,1.3345298767089844,2586,260,False,False
659,919069,1.4923900365829468,1.4747812747955322,2291,1014,False,False
660,919327,1.0644900798797607,1.3511521816253662,661,1321,False,False
661,921035,0.82675331830978394,1.3929051160812378,1441,1620,False,False
662,921972,0.32536238431930542,1.467388391494751,2621,2997,False,False
663,923103,1.3958374261856079,1.4305342435836792,179,1840,False,False
664,923989,1.7371413707733154,1.4578782320022583,919,3338,False,False
665,924415,0.91405284404754639,1.0495682954788208,968,2625,False,False
666,926720,0.84832930564880371,1.3726277351379395,568,3642,False,False
667,927934,1.2211223840713501,1.309089183807373,2500,43,False,False
668,929151,1.0573241710662842,1.40838623046875,1244,2114,False,False
669,933230,1.2567353248596191,1.4453551769256592,235,2630,False,False
670,933326,0.88260561227798462,1.2539651393890381,3583,2108,False,False
671,935505,1.0370526313781738,1.5211770534515381,1,1181,False,False
672,935838,1.3926987648010254,1.4307099580764771,741,2843,False,False
673,936134,1.358613133430481,1.3409305810928345,3862,2477,False,False
674,937524,0.75020718574523926,1.3407976627349854,1184,2108,False,False
675,937613,0.3549671471118927,0.84755933284759521,2018,260,False,False
676,938300,0.25007766485214233,1.3691756725311279,673,2433,False,False
677,938410,0.5297514796257019,1.3084515333175659,3724,716,False,False
678,938851,1.4946968555450439,1.4194571971893311,4067,2110,False,False
679,940834,1.254359245300293,1.3718711137771606,524,3441,False,False
680,943356,1.4281125068664551,1.3588571548461914,2744,2456,False,False
681,943656,1.4746447801589966,1.6179863214492798,3721,3407,False,False
682,943930,1.5194549560546875,1.5807323455810547,1399,1610,False,False
683,944175,1.4705163240432739,1.7395455837249756,340,1740,False,False
684,945610,1.0640875101089478,1.3591344356536865,2336,1890,False,False
685,946829,0.96641594171524048,1.4365273714065552,977,3959,False,False
686,947633,1.0941693782806396,1.1587263345718384,1768,2992,False,False
687,948116,1.529009222984314,1.4598770141601562,1639,3527,False,False
688,948363,1.4334429502487183,1.6389608383178711,1249,1032,False,False
689,949068,1.2711074352264404,1.2321480512619019,1299,3204,False,False
690,949632,0.96729224920272827,1.2015707492828369,1629,2608,False,False
691,954759,0.64509576559066772,1.3717116117477417,1882,716,False,False
692,955629,1.0092167854309082,1.4312136173248291,3952,1150,False,False
693,956774,1.4227931499481201,1.5598000288009644,2315,2407,False,False
694,958153,0.3002643883228302,1.1439615488052368,1806,260,False,False
695,961480,1.287102222442627,1.4158738851547241,491,2524,False,False
696,963278,1.1358221769332886,1.4075566530227661,3982,3959,False,False
697,964463,1.2467386722564697,1.4384787082672119,3859,453,False,False
698,964503,1.2816035747528076,1.4234682321548462,787,3369,False,False
699,965924,0.97965288162231445,1.2418314218521118,610,1532,False,False
700,966560,0.0810585618019104,1.4423243999481201,2444,2433,False,False
701,971128,0.28837409615516663,1.4316896200180054,1471,2997,False,False
702,971663,1.0241178274154663,1.3907288312911987,966,3959,False,False
703,976091,1.4974269866943359,1.5311554670333862,2345,1056,False,False
704,980628,1.2131963968276978,1.4205846786499023,1540,1939,False,False
705,981725,1.4541234970092773,1.460237979888916,3610,175,False,False
706,982167,1.2789993286132812,1.5127691030502319,1371,138,False,False
707,984081,1.1074647903442383,1.4899941682815552,2002,519,False,False
708,984431,1.0063419342041016,1.4080475568771362,1458,1966,False,False
709,984737,1.0408025979995728,1.218827486038208,234,2972,False,False
710,984864,1.2156995534896851,1.3530861139297485,2010,3678,False,False
711,984922,1.0663641691207886,1.342863917350769,2193,1218,False,False
712,986423,1.1867809295654297,1.5172983407974243,610,1532,False,False
713,994377,1.0687932968139648,1.4697941541671753,1322,138,False,False
714,994506,1.0214234590530396,1.4741357564926147,3702,2003,False,False
715,995352,0.02774333581328392,0.32491922378540039,2587,2726,False,False
716,995383,0.091442674398422241,0.28473073244094849,2890,2726,False,False
717,997894,1.6340665817260742,1.3686524629592896,484,253,False,False
718,999622,0.32568693161010742,0.99414122104644775,1334,1551,False,False
719,999972,1.0823256969451904,1.5296798944473267,4092,103,False,False
720,1000156,1.2800472974777222,1.6105655431747437,1179,319,False,False
721,1002842,1.2277457714080811,1.4751697778701782,1888,3862,False,False
722,1003812,0.33430302143096924,1.4813506603240967,336,2433,False,False
723,1004904,1.6947363615036011,1.434059739112854,1645,2653,False,False
724,1005281,1.0241023302078247,1.3120936155319214,2436,406,False,False
725,1005676,1.4699121713638306,1.4492561817169189,2261,129,False,False
726,1006356,1.4379218816757202,1.4586299657821655,1336,3728,False,False
727,1007235,0.50332576036453247,0.96752822399139404,1810,3625,False,False
728,1008453,1.0498694181442261,1.3777016401290894,471,3959,False,False
729,1008986,1.8670313358306885,1.6945950984954834,1038,1617,False,False
730,1009765,1.698822021484375,1.0951011180877686,1922,2165,False,False
731,1010678,1.0335025787353516,1.4417018890380859,2074,394,False,False
732,1012406,1.0051975250244141,1.4061514139175415,478,3959,False,False
733,1014590,1.1126984357833862,1.4001299142837524,1040,2625,False,False
734,1015093,1.0489164590835571,1.5236144065856934,610,2003,False,False
735,1015449,0.3803856372833252,0.85038208961486816,1811,260,False,False
736,1017112,1.2777632474899292,1.5283735990524292,260,212,False,False
737,1017214,1.1941907405853271,1.1403006315231323,147,671,False,False
738,1017414,1.5463440418243408,1.3866413831710815,695,3360,False,False
739,1017820,1.4174150228500366,1.1125521659851074,1723,866,False,False
740,1017898,1.4951612949371338,1.6532529592514038,723,3525,False,False
741,1018171,1.2975666522979736,1.353357195854187,1319,3276,False,False
742,1018304,1.0616997480392456,1.3157254457473755,1588,349,False,False
743,1018623,0.95211774110794067,1.2421845197677612,2648,2625,False,False
744,1019484,0.83949607610702515,1.4420456886291504,2439,1620,False,False
745,1019617,0.46615484356880188,1.2101025581359863,1166,260,False,False
746,1021709,1.3876247406005859,1.3730431795120239,746,3763,False,False
747,1023123,1.2379683256149292,1.4613633155822754,3750,138,False,False
748,1023579,0.51196926832199097,1.3618124723434448,3558,260,False,False
749,1023909,0.13377207517623901,1.4724389314651489,3958,2433,False,False
750,1026598,1.3230189085006714,1.4814498424530029,3606,2559,False,False
751,1028088,0.17788662016391754,1.5873608589172363,2714,2997,False,False
752,1028336,0.13887685537338257,1.1987855434417725,1800,1551,False,False
753,1028985,1.0443743467330933,1.5099245309829712,2490,3959,False,False
754,1033259,1.1852645874023438,1.5266448259353638,1529,4093,False,False
755,1033488,0.98507791757583618,1.5470534563064575,1458,3279,False,False
756,1034729,1.4847270250320435,1.4245649576187134,2165,382,False,False
757,1037356,1.188775897026062,1.3579807281494141,1613,519,False,False
758,1037915,1.2876150608062744,1.4529646635055542,2155,3791,False,False
759,1040222,0.12693938612937927,1.1708903312683105,263,2433,False,False
760,1040992,1.1435884237289429,1.1442291736602783,3644,103,False,False
761,1043819,1.2045345306396484,1.2438900470733643,1500,3777,False,False
762,1047972,1.0074385404586792,1.3920549154281616,2271,1890,False,False
763,1049146,0.91611260175704956,1.5733810663223267,3444,2938,False,False
764,1050370,1.2160649299621582,1.2377195358276367,3858,943,False,False
765,1056784,0.041429337114095688,0.34097754955291748,3370,2726,False,False
766,1057002,0.14617875218391418,1.2206755876541138,1865,1551,False,False
767,1057494,1.1618869304656982,1.5037144422531128,1417,1120,False,False
768,1059496,1.2618924379348755,1.4576046466827393,1940,3867,False,False
769,1060582,0.16086801886558533,1.1659191846847534,626,260,False,False
770,1063047,1.5918207168579102,1.4619026184082031,2617,2704,False,False
771,1063483,1.8398115634918213,1.5567806959152222,412,2091,False,False
772,1063490,1.347517728805542,1.3014110326766968,1578,1888,False,False
773,1063842,1.1685326099395752,1.5886746644973755,872,4078,False,False
774,1065038,0.064679861068725586,0.79397100210189819,405,2726,False,False
775,1065643,1.0697263479232788,1.4083188772201538,1365,477,False,False
776,1067905,1.0858017206192017,1.440598726272583,1281,2454,False,False
777,1068455,0.98499441146850586,1.365500807762146,70,812,False,False
778,1068511,0.77247220277786255,1.4066635370254517,3760,1620,False,False
779,1072252,1.0031020641326904,1.4064013957977295,1097,3431,False,False
780,1075297,1.629995584487915,1.5480241775512695,3516,3257,False,False
781,1075473,1.7577420473098755,1.7123210430145264,3471,1586,False,False
782,1076250,1.1119375228881836,1.5543363094329834,457,138,False,False
783,1077338,0.060923263430595398,0.77599680423736572,346,2726,False,False
784,1079867,1.9571241140365601,1.2490531206130981,3316,357,False,False
785,1081605,0.32781866192817688,1.5420894622802734,3624,2433,False,False
786,1081747,0.50761669874191284,1.2878067493438721,363,716,False,False
787,1082030,1.0642462968826294,1.3406302928924561,826,477,False,False
788,1084731,1.1398689746856689,1.4523165225982666,190,4017,False,False
789,1084780,1.1467354297637939,1.3636590242385864,2251,3777,False,False
790,1084883,0.96379154920578003,1.2850580215454102,2663,2108,False,False
791,1085615,0.10220941156148911,1.4214587211608887,2281,2726,False,False
792,1088822,1.1192936897277832,1.4730992317199707,1846,1532,False,False
793,1090610,0.98965191841125488,1.4442435503005981,1785,519,False,False
794,1091345,1.395872950553894,1.6243151426315308,1567,2827,False,False
795,1091388,1.033906102180481,1.3149324655532837,2057,1501,False,False
796,1099876,1.4420317411422729,1.3901251554489136,54,3185,False,False
797,1105152,0.88708204030990601,1.2293845415115356,342,3642,False,False
798,1106404,0.73695021867752075,1.1889103651046753,745,1619,False,False
799,1106971,1.2841813564300537,1.3410497903823853,1918,4010,False,False
800,1107248,1.0944044589996338,1.5011101961135864,3843,713,False,False
801,1107499,1.4577316045761108,1.5768811702728271,2389,2516,False,False
802,1110761,1.2047772407531738,1.5760811567306519,3294,2599,False,False
803,1114407,0.22046519815921783,1.4868872165679932,336,2433,False,False
804,1116798,1.2531397342681885,1.4107334613800049,2275,4018,False,False
805,1120964,1.2228066921234131,1.3588988780975342,1605,3012,False,False
806,1123143,1.0736931562423706,1.4721835851669312,784,1276,False,False
807,1124814,1.6046478748321533,1.7189416885375977,3456,3465,False,False
808,1125243,1.265080451965332,1.4485453367233276,2295,256,False,False
809,1125299,1.1165142059326172,1.4772913455963135,1481,3035,False,False
810,1128256,0.98921597003936768,1.3011945486068726,1382,349,False,False
811,1128851,1.4135714769363403,1.6321755647659302,114,2402,False,False
812,1129070,1.8370217084884644,1.3348886966705322,1548,2173,False,False
813,1129984,0.81370890140533447,1.4150751829147339,1797,2839,False,False
814,1130200,0.35139206051826477,0.94952797889709473,1733,260,False,False
815,1130324,0.23203010857105255,1.2288168668746948,2379,2433,False,False
816,1130721,0.1244843378663063,1.239553689956665,1284,1551,False,False
817,1131292,1.2500050067901611,1.5600161552429199,2344,2121,False,False
818,1132155,1.1576986312866211,1.385082483291626,2225,1534,False,False
819,1132689,1.6053128242492676,1.3834685087203979,4070,2891,False,False
820,1133855,1.0817078351974487,1.2421517372131348,2494,3862,False,False
821,1134022,0.95357054471969604,1.4110517501831055,1589,2839,False,False
822,1134295,0.2154376357793808,1.1153217554092407,3519,260,False,False
823,1136770,1.2343027591705322,1.4801874160766602,1315,943,False,False
824,1137323,1.3049134016036987,1.2723124027252197,1789,1439,False,False
825,1137373,1.4266484975814819,1.605019211769104,3610,2051,False,False
826,1138480,0.15281057357788086,1.0999701023101807,3713,2433,False,False
827,1140761,1.9450639486312866,1.5448366403579712,581,3654,False,False
828,1141635,1.1301982402801514,1.4710458517074585,1725,765,False,False
829,1144052,1.15366530418396,1.5095056295394897,1664,2624,False,False
830,1144303,0.90792590379714966,1.4372801780700684,3752,2220,False,False
831,1149172,1.4524713754653931,1.6228961944580078,804,46,False,False
832,1150244,1.2128176689147949,1.4138675928115845,1009,1532,False,False
833,1152012,1.1091018915176392,1.5149663686752319,2002,519,False,False
834,1153502,1.1312400102615356,1.2681024074554443,3647,607,False,False
835,1161387,1.5831291675567627,1.7178882360458374,3578,2751,False,False
836,1161752,1.4231865406036377,1.6540524959564209,2280,1131,False,False
837,1162059,1.305610179901123,1.4916349649429321,1299,3204,False,False
838,1165560,1.2840337753295898,1.3181997537612915,780,3879,False,False
839,1167745,0.69658839702606201,1.3699307441711426,1611,3691,False,False
840,1170037,1.6891040802001953,1.6251407861709595,1405,3981,False,False
841,1171734,0.226795494556427,1.4866765737533569,2332,2433,False,False
842,1172245,0.99105626344680786,1.2892446517944336,2308,2836,False,False
843,1172386,1.3169676065444946,1.697016716003418,3426,1246,False,False
844,1174042,1.818745493888855,1.5246164798736572,154,3305,False,False
845,1177438,1.2860037088394165,1.3539165258407593,1915,3398,False,False
846,1178313,1.6523202657699585,1.5116317272186279,341,4009,False,False
847,1180288,0.91780799627304077,1.5063680410385132,3798,1745,False,False
848,1180847,1.0859405994415283,1.4910076856613159,2070,2624,False,False
849,1181457,1.2911168336868286,1.470325231552124,1067,2303,False,False
850,1182515,1.1805280447006226,1.3436146974563599,2456,3728,False,False
851,1182738,1.2320724725723267,1.3817583322525024,1313,1993,False,False
852,1182928,1.0011328458786011,1.4383804798126221,1234,2003,False,False
853,1184737,1.2138391733169556,1.4675383567810059,1465,2803,False,False
854,1187757,0.092009283602237701,1.4470441341400146,1928,2433,False,False
855,1187853,0.040416896343231201,0.33911868929862976,2587,2726,False,False
856,1188609,1.0873662233352661,1.29462730884552,3467,2104,False,False
857,1189039,1.0316722393035889,1.4997731447219849,1996,2624,False,False
858,1190810,1.1384099721908569,1.416345477104187,2189,793,False,False
859,1192411,0.82642161846160889,0.98223018646240234,2146,1619,False,False
860,1196009,0.049034923315048218,1.5848040580749512,973,2997,False,False
861,1197418,1.7272430658340454,1.6115442514419556,165,2789,False,False
862,1197592,1.5454509258270264,1.0648468732833862,1412,608,False,False
863,1200824,0.94804531335830688,1.4094313383102417,977,3959,False,False
864,1202121,1.2404347658157349,1.4382659196853638,1826,3487,False,False
865,1204667,0.63917601108551025,1.2258882522583008,1566,716,False,False
866,1205115,1.139768123626709,1.3371022939682007,2340,1276,False,False
867,1205617,1.0905929803848267,1.1458568572998047,1191,2264,False,False
868,1207879,0.58186405897140503,0.92975431680679321,1564,3625,False,False
869,1213766,1.5534515380859375,1.5594886541366577,2192,3082,False,False
870,1217492,0.47715023159980774,1.5509746074676514,1668,2836,False,False
871,1217764,1.5044741630554199,1.5320996046066284,1765,323,False,False
872,1220035,1.0050984621047974,1.0533416271209717,539,2839,False,False
873,1220549,0.040429960936307907,1.5444375276565552,1051,2997,False,False
874,1222560,1.0268732309341431,1.3936282396316528,741,2843,False,False
875,1222765,1.54749596118927,1.6345818042755127,1586,2751,False,False
876,1226339,1.2435507774353027,1.5623650550842285,3413,2619,False,False
877,1228149,1.2354668378829956,1.5264296531677246,1157,970,False,False
878,1230265,1.7581909894943237,1.4664679765701294,3834,2479,False,False
879,1230582,0.75228267908096313,1.2254430055618286,940,854,False,False
880,1231549,1.5265969038009644,1.5398738384246826,3009,3290,False,False
881,1234416,1.053473949432373,1.3298152685165405,588,2992,False,False
882,1234857,1.0244474411010742,1.6004956960678101,172,3194,False,False
883,1235387,1.4705511331558228,1.290091872215271,3741,3276,False,False
884,1237563,0.81471514701843262,1.3971059322357178,352,2938,False,False
885,1239744,0.92384052276611328,1.3989409208297729,1636,2454,False,False
886,1239944,0.96260631084442139,1.3589403629302979,491,2524,False,False
887,1240224,1.1210341453552246,1.5018864870071411,1953,1753,False,False
888,1240631,0.57328909635543823,0.97250694036483765,2049,260,False,False
889,1240911,0.096423409879207611,1.1817429065704346,1470,2433,False,False
890,1241951,1.4236239194869995,1.3467017412185669,1990,2649,False,False
891,1242162,1.1804174184799194,1.415989875793457,666,519,False,False
892,1244630,0.82925575971603394,1.3971406221389771,2430,2108,False,False
893,1246401,1.0463508367538452,1.3838326930999756,2100,1614,False,False
894,1247453,1.1725871562957764,1.2784423828125,1802,556,False,False
895,1247831,1.0274167060852051,1.2948682308197021,1355,2140,False,False
896,1250460,1.1966602802276611,1.4354889392852783,2092,2711,False,False
897,1250676,1.5303329229354858,1.1074405908584595,450,368,False,False
898,1250961,1.0166909694671631,1.3288639783859253,1276,1181,False,False
899,1254004,1.0413095951080322,1.5438952445983887,2128,477,False,False
900,1254078,1.1507101058959961,1.5942858457565308,1180,1771,False,False
901,1254757,1.4343657493591309,1.6389561891555786,2077,3392,False,False
902,1256392,1.2285298109054565,1.4626435041427612,3772,3696,False,False
903,1257147,0.69654560089111328,1.0799394845962524,2481,260,False,False
904,1261233,0.44032755494117737,0.76316529512405396,3670,260,False,False
905,1262498,1.2065463066101074,1.458238959312439,820,1246,False,False
906,1265062,0.90508764982223511,1.3762713670730591,70,812,False,False
907,1265760,0.042960461229085922,0.79233479499816895,1674,2726,False,False
908,1267464,1.4444879293441772,1.3270887136459351,3953,3892,False,False
909,1273334,0.96157455444335938,1.2752044200897217,3207,2108,False,False
910,1275924,1.6013656854629517,1.5570725202560425,180,3199,False,False
911,1280643,1.3642226457595825,1.4991766214370728,3440,2804,False,False
912,1281529,1.0655093193054199,1.4758597612380981,3906,2839,False,False
913,1282320,0.43543797731399536,1.5659399032592773,1728,716,False,False
914,1289389,1.1251500844955444,1.3655178546905518,2238,3261,False,False
915,1290907,1.3017386198043823,1.4147744178771973,230,2671,False,False
916,1290992,1.0386617183685303,1.5366562604904175,156,1276,False,False
917,1291098,1.2729572057723999,1.4155117273330688,3658,3183,False,False
918,1294728,0.56499189138412476,1.1444022655487061,2162,716,False,False
919,1295725,1.1442875862121582,1.4780706167221069,1458,1966,False,False
920,1296962,1.315240740776062,1.3302358388900757,2814,1888,False,False
921,1298197,0.2197757214307785,1.1686365604400635,3907,260,False,False
922,1298415,0.089113049209117889,1.5910747051239014,2714,2997,False,False
923,1298454,0.091786034405231476,0.3099958598613739,4066,2726,False,False
924,1299074,1.0875704288482666,1.3168497085571289,1137,2104,False,False
925,1302382,0.16147631406784058,1.203046441078186,2379,2433,False,False
926,1303829,0.99325352907180786,1.4977191686630249,1230,372,False,False
927,1304452,1.1917940378189087,1.2980598211288452,409,1867,False,False
928,1304580,1.0679901838302612,1.4203951358795166,3593,2579,False,False
929,1305288,1.4823348522186279,1.453008770942688,1165,2145,False,False
930,1306564,0.2207162082195282,1.5405604839324951,1051,2997,False,False
931,1307736,1.2375214099884033,1.4349464178085327,72,1932,False,False
932,1312881,0,1.3227123022079468,1814,1202,True,False
933,1313016,1.7365634441375732,1.5365139245986938,1285,3274,False,False
934,1313669,1.204454779624939,1.3306936025619507,3731,2524,False,False
935,1314144,1.1014639139175415,1.2438240051269531,3523,3862,False,False
936,1317254,0.9647490382194519,1.5277225971221924,2334,934,False,False
937,1317764,1.0343587398529053,1.4085173606872559,1725,765,False,False
938,1317928,1.0697900056838989,1.4562150239944458,1822,3328,False,False
939,1319842,1.450756311416626,1.4665310382843018,3426,1246,False,False
940,1319986,1.1201659440994263,1.3251352310180664,666,519,False,False
941,1320290,1.2710530757904053,1.523193359375,244,3123,False,False
942,1324285,1.2862758636474609,1.339531421661377,916,3524,False,False
943,1324981,1.5101252794265747,1.3918472528457642,3496,4082,False,False
944,1326008,1.117303729057312,1.5794509649276733,47,2469,False,False
945,1329806,1.4122129678726196,1.5317186117172241,4038,2068,False,False
946,1330438,1.0121320486068726,1.38458251953125,547,3862,False,False
947,1330832,0.32498827576637268,0.94884604215621948,1544,260,False,False
948,1331422,0.13964314758777618,1.2403287887573242,565,1551,False,False
949,1333095,1.2301874160766602,1.5380399227142334,1430,1044,False,False
950,1334830,0.69216543436050415,1.2832525968551636,2054,2225,False,False
951,1335622,0.34781774878501892,1.4437905550003052,878,2997,False,False
952,1335649,0.36978989839553833,1.4512183666229248,379,2997,False,False
953,1336133,1.079453706741333,1.5081782341003418,4050,2104,False,False
954,1336905,1.301545262336731,1.2630296945571899,2416,1079,False,False
955,1338472,1.1183160543441772,1.5514432191848755,1879,3328,False,False
956,1339288,0.06724991649389267,1.4526869058609009,1857,2433,False,False
957,1340009,1.0177278518676758,1.5133695602416992,2433,477,False,False
958,1341257,1.2494467496871948,1.4860435724258423,348,871,False,False
959,1342453,1.0666060447692871,1.1172056198120117,1143,394,False,False
960,1342636,1.1008739471435547,1.4371523857116699,1469,2003,False,False
961,1343443,0.057587716728448868,1.5759521722793579,1452,2997,False,False
962,1343759,0.21683993935585022,1.4558656215667725,439,2433,False,False
963,1344363,1.0496624708175659,1.5156961679458618,497,2599,False,False
964,1347428,0.076685152947902679,1.1727820634841919,962,2433,False,False
965,1351682,0.77130961418151855,1.2538293600082397,397,2726,False,False
966,1351865,0.26521933078765869,1.3869620561599731,1881,4,False,False
967,1352523,1.0807212591171265,1.4298815727233887,327,4093,False,False
968,1352691,1.0230631828308105,1.4850506782531738,1037,1067,False,False
969,1353008,1.0152796506881714,1.4904501438140869,1458,2903,False,False
970,1354962,1.1177184581756592,1.4053964614868164,2126,3000,False,False
971,1356333,0.81301116943359375,1.5167913436889648,1167,1941,False,False
972,1359416,0.83116096258163452,0.98368352651596069,2653,260,False,False
973,1359826,0.10240475833415985,1.5909839868545532,486,2997,False,False
974,1360134,0.30951228737831116,1.517725944519043,3630,2433,False,False
975,1363326,1.3073681592941284,1.2477593421936035,3984,2114,False,False
976,1364520,0.94202989339828491,1.6843829154968262,739,716,False,False
977,1366262,1.5968765020370483,1.5617064237594604,107,3100,False,False
978,1367468,1.091727614402771,1.5011522769927979,2336,812,False,False
979,1368231,0.10127156227827072,1.414786696434021,255,2726,False,False
980,1368601,0.9340827465057373,1.3306301832199097,2098,1120,False,False
981,1369520,1.1136497259140015,1.612240195274353,2515,2992,False,False
982,1370172,1.1650838851928711,1.3236256837844849,941,3874,False,False
983,1370561,1.0728261470794678,1.3006894588470459,324,349,False,False
984,1372666,0.76942342519760132,1.2649297714233398,2151,1619,False,False
985,1374135,1.4648025035858154,1.3261533975601196,4008,3369,False,False
986,1374675,1.2130053043365479,1.5712708234786987,2187,3483,False,False
987,1375657,0.88475370407104492,1.3735774755477905,1924,3777,False,False
988,1377092,0.98435431718826294,1.3618234395980835,101,2104,False,False
989,1378248,1.5356204509735107,1.4035545587539673,3970,1869,False,False
990,1382142,1.1840780973434448,1.4861838817596436,517,3878,False,False
991,1382602,1.4176191091537476,1.5986745357513428,225,272,False,False
992,1383851,1.1259989738464355,1.1496291160583496,1345,2630,False,False
993,1384784,0.29210752248764038,1.431181788444519,878,2997,False,False
994,1385727,1.0203274488449097,1.0751863718032837,3211,3878,False,False
995,1386363,1.1511199474334717,1.4772992134094238,960,3721,False,False
996,1387314,1.1091766357421875,1.2701883316040039,2456,1490,False,False
997,1390838,1.8116098642349243,1.6333073377609253,107,1347,False,False
998,1390889,1.2157163619995117,1.2409704923629761,2310,996,False,False
999,1391459,1.1663007736206055,1.5190509557723999,2016,2542,False,False
1000,1391677,1.0075498819351196,1.5169956684112549,2770,791,False,False
1001,1392816,0.12318477034568787,1.4204272031784058,2281,2726,False,False
1002,1394063,1.1997579336166382,1.4428526163101196,2267,126,False,False
1003,1394603,1.5902684926986694,1.5074403285980225,489,332,False,False
1004,1395911,1.1553127765655518,1.4353190660476685,2199,1532,False,False
1005,1399765,1.2399783134460449,1.2754169702529907,4060,1993,False,False
1006,1400930,0.037144996225833893,0.77986842393875122,1325,2726,False,False
1007,1401892,1.3559749126434326,1.4219297170639038,814,1250,False,False
1008,1402671,1.489963173866272,0,1656,2336,False,True
1009,1403283,1.6186224222183228,1.3431609869003296,1820,3483,False,False
1010,1403804,1.2472493648529053,1.4217157363891602,2116,793,False,False
1011,1404255,1.1132808923721313,1.2523466348648071,1543,3862,False,False
1012,1405999,1.0995432138442993,1.3123897314071655,697,519,False,False
1013,1408078,1.0868877172470093,1.4187220335006714,1044,3000,False,False
1014,1408449,0.93902379274368286,1.3399425745010376,3504,2839,False,False
1015,1410671,1.1101071834564209,1.405494213104248,577,2334,False,False
1016,1411050,1.2976840734481812,1.4750009775161743,723,3667,False,False
1017,1411400,1.3912136554718018,1.3761214017868042,654,2129,False,False
1018,1413474,0.40143728256225586,1.4986898899078369,1700,2997,False,False
1019,1415383,1.4388707876205444,1.3286433219909668,3925,2912,False,False
1020,1415829,1.2756515741348267,1.5213661193847656,854,699,False,False
1021,1416179,1.0448120832443237,1.4746435880661011,1481,1993,False,False
1022,1416650,1.0151630640029907,1.5775241851806641,822,812,False,False
1023,1417414,0.3446139395236969,0.99869668483734131,1334,1551,False,False
1024,1419877,1.5855256319046021,1.2871099710464478,1909,3988,False,False
1025,1420327,1.0581392049789429,1.5239194631576538,1878,3328,False,False
1026,1423557,1.1019356250762939,1.5591632127761841,2262,231,False,False
1027,1423564,1.3516278266906738,1.5944355726242065,225,2069,False,False
1028,1425026,0.66975200176239014,1.2049767971038818,1747,3625,False,False
1029,1427505,1.5118911266326904,1.5300730466842651,1120,2545,False,False
1030,1429985,0.67989808320999146,0.8849213719367981,845,1619,False,False
1031,1433708,0.046359822154045105,0.78248012065887451,598,2726,False,False
1032,1434915,1.5236207246780396,1.4630904197692871,3586,1070,False,False
1033,1438480,1.0285254716873169,1.2970161437988281,3608,1276,False,False
1034,1439209,1.4197570085525513,1.1906201839447021,3711,527,False,False
1035,1444794,1.2460007667541504,1.358561635017395,44,3567,False,False
1036,1449670,0.39200180768966675,1.2454960346221924,981,260,False,False
1037,1450818,1.2183488607406616,1.3384114503860474,3438,2104,False,False
1038,1454063,0.047288373112678528,1.5826478004455566,973,2997,False,False
1039,1454590,1.1568311452865601,1.3952451944351196,3657,991,False,False
1040,1454940,1.50733482837677,1.3813694715499878,1912,3469,False,False
1041,1456746,1.3291777372360229,1.540073037147522,275,1676,False,False
1042,1456841,1.2231905460357666,1.4521605968475342,1821,1519,False,False
1043,1459311,1.0991983413696289,1.4802687168121338,2190,1396,False,False
1044,1462298,0.04127844050526619,0.34439307451248169,3370,2726,False,False
1045,1463062,0.71301746368408203,1.3177820444107056,2038,2836,False,False
1046,1464349,1.4653078317642212,1.5611897706985474,383,2338,False,False
1047,1465875,0.61271107196807861,1.3126628398895264,62,260,False,False
1048,1467115,0.94775640964508057,1.5596691370010376,3448,3959,False,False
1049,1467982,1.3296900987625122,1.6458767652511597,3510,2285,False,False
1050,1469839,1.0709567070007324,1.3920544385910034,3682,2108,False,False
1051,1471439,1.0719962120056152,1.5023373365402222,966,4093,False,False
1052,1473172,1.1389269828796387,1.5553975105285645,2250,1025,False,False
1053,1474166,0.4325244128704071,0.59889429807662964,1150,260,False,False
1054,1474480,0.085641510784626007,1.4497244358062744,1944,2433,False,False
1055,1476684,1.4751772880554199,1.4601068496704102,1162,3608,False,False
1056,1477459,1.0612529516220093,1.2511261701583862,3888,746,False,False
1057,1477629,1.171534538269043,1.4362670183181763,2930,3352,False,False
1058,1479318,1.0506027936935425,1.3467636108398438,3553,2499,False,False
1059,1480340,1.1689509153366089,1.5251260995864868,3968,3040,False,False
1060,1480687,1.381264328956604,1.2463514804840088,2235,3768,False,False
1061,1483885,0.98109108209609985,1.3189818859100342,1834,519,False,False
1062,1486353,0.6022382378578186,0.75244951248168945,3537,260,False,False
1063,1487101,0.17893949151039124,1.1656605005264282,2083,162,False,False
1064,1489849,1.1177922487258911,1.5031243562698364,47,3567,False,False
1065,1490529,0.3572438657283783,0.90476453304290771,162,260,False,False
1066,1493087,1.5246005058288574,1.3184205293655396,128,1244,False,False
1067,1493333,1.7217435836791992,1.5340398550033569,1524,3338,False,False
1068,1497944,1.0433554649353027,1.4239945411682129,3771,3900,False,False
1069,1498584,0.85266405344009399,1.4696723222732544,2059,2108,False,False
1070,1499189,0.039572369307279587,0.33535107970237732,1238,2726,False,False
1071,1500858,0.90002542734146118,1.2685668468475342,3462,4088,False,False
1072,1502228,1.0522439479827881,1.3751688003540039,3973,1993,False,False
1073,1502608,1.0986931324005127,1.3237498998641968,1157,970,False,False
1074,1503655,0.56277114152908325,1.2097200155258179,71,1619,False,False
1075,1507848,0.70030319690704346,1.5312538146972656,315,1941,False,False
1076,1509701,1.3183766603469849,1.4641311168670654,3722,1174,False,False
1077,1513024,0.97789764404296875,1.0919245481491089,881,349,False,False
1078,1513699,1.250069260597229,1.5167374610900879,3579,1087,False,False
1079,1515840,0.30293005704879761,1.4601290225982666,2257,2997,False,False
1080,1519774,0.091250777244567871,1.4132633209228516,2213,2726,False,False
1081,1522161,1.33519446849823,1.5700048208236694,440,2021,False,False
1082,1523179,0.93746298551559448,1.5080100297927856,1589,1620,False,False
1083,1526854,1.1392712593078613,1.3614287376403809,3388,3015,False,False
1084,1528556,1.1376168727874756,1.3431981801986694,291,2583,False,False
1085,1533070,1.2258021831512451,1.6407983303070068,3585,1396,False,False
1086,1535210,1.1718049049377441,1.4642621278762817,2210,138,False,False
1087,1535848,0.11684032529592514,1.2144923210144043,285,2433,False,False
1088,1536764,1.1447471380233765,1.3170323371887207,1290,2509,False,False
1089,1537206,1.1330474615097046,1.4221131801605225,4026,384,False,False
1090,1537438,1.3521028757095337,1.4017491340637207,2224,1031,False,False
1091,1538976,1.1598746776580811,1.4095380306243896,3794,3681,False,False
1092,1541728,1.3447214365005493,1.6182073354721069,3333,3452,False,False
1093,1545819,0,1.6090878248214722,2155,2116,True,False
1094,1546166,1.8627724647521973,1.3874773979187012,2073,110,False,False
1095,1546309,1.2045860290527344,1.246724009513855,2262,2772,False,False
1096,1546513,1.7487068176269531,1.5662369728088379,594,1401,False,False
1097,1547975,0.34942036867141724,1.2240244150161743,1806,260,False,False
1098,1550318,1.2839915752410889,1.3073691129684448,558,1711,False,False
1099,1551814,1.1557621955871582,1.4167301654815674,1924,812,False,False
1100,1557137,1.0116840600967407,1.4128731489181519,1977,3959,False,False
1101,1561477,1.1276404857635498,1.5207446813583374,784,3959,False,False
1102,1561938,1.0771100521087646,1.2720402479171753,3942,2264,False,False
1103,1564327,0.30894660949707031,1.0235514640808105,63,260,False,False
1104,1564723,0.035230111330747604,0.33360809087753296,2587,2726,False,False
1105,1565758,1.2505389451980591,1.2739897966384888,310,791,False,False
1106,1566683,1.3165981769561768,1.4137130975723267,3923,1299,False,False
1107,1568960,0.13137613236904144,1.6009498834609985,3082,162,False,False
1108,1570287,1.1006447076797485,1.48502516746521,1046,3124,False,False
1109,1571322,1.4843429327011108,1.3200967311859131,635,1214,False,False
1110,1574148,1.5342146158218384,1.1237776279449463,544,1116,False,False
1111,1575831,1.1338011026382446,1.556369423866272,3600,3900,False,False
1112,1576291,1.1914082765579224,1.3716119527816772,1720,3862,False,False
1113,1576414,0.83145546913146973,1.469201922416687,35,812,False,False
1114,1582554,1.28681480884552,1.5468845367431641,2388,3649,False,False
1115,1584311,1.0897455215454102,1.5297468900680542,362,2003,False,False
1116,1585022,0.15337368845939636,1.058698296546936,1062,2433,False,False
1117,1585876,1.1761397123336792,1.3061369657516479,1792,2509,False,False
1118,1588349,1.0403162240982056,1.3874949216842651,2770,791,False,False
1119,1588784,0.74170565605163574,1.3326722383499146,269,2225,False,False
1120,1591805,1.1843540668487549,1.2483612298965454,1927,1826,False,False
1121,1592337,1.1161649227142334,1.3899898529052734,915,3261,False,False
1122,1592457,0.99750947952270508,1.3587017059326172,360,3000,False,False
1123,1593459,0.050983753055334091,0.78291934728622437,1363,2726,False,False
1124,1594820,1.2878208160400391,1.4771661758422852,11,1852,False,False
1125,1594909,1.2053664922714233,1.4444106817245483,124,1014,False,False
1126,1595460,0.93905621767044067,1.4676505327224731,1502,706,False,False
1127,1595561,1.4634895324707031,1.5031492710113525,2310,2819,False,False
1128,1597362,0.081983216106891632,1.4462994337081909,2741,2433,False,False
1129,1601875,0.2595105767250061,1.4716986417770386,878,2997,False,False
1130,1603178,1.1531528234481812,1.3622840642929077,3922,1682,False,False
1131,1607513,0.85694104433059692,1.3598533868789673,1535,461,False,False
1132,1608618,1.1988769769668579,1.5396380424499512,2017,2945,False,False
1133,1611239,1.5855544805526733,1.6561156511306763,729,1465,False,False
1134,1614523,1.046252965927124,1.4285056591033936,802,1941,False,False
1135,1614982,1.4425933361053467,1.4754505157470703,30,2785,False,False
1136,1616447,1.1051549911499023,1.2699217796325684,1667,2374,False,False
1137,1616613,0.97119432687759399,1.4415043592453003,371,1700,False,False
1138,1618344,0.47927862405776978,1.2096215486526489,71,716,False,False
1139,1618583,1.2087405920028687,1.4476339817047119,3975,1508,False,False
1140,1618844,1.4072959423065186,1.3903201818466187,2086,2779,False,False
1141,1620234,1.6151331663131714,1.5857563018798828,3569,2247,False,False
1142,1623258,1.4528350830078125,1.5034005641937256,42,2485,False,False
1143,1624222,1.1501976251602173,1.3436756134033203,2248,488,False,False
1144,1628772,1.7016522884368896,1.2964149713516235,1909,1263,False,False
1145,1628864,0.83192956447601318,1.283002495765686,1140,2454,False,False
1146,1629659,0.82970905303955078,1.3758769035339355,1021,2225,False,False
1147,1633743,0.93086820840835571,1.2334270477294922,3480,2108,False,False
1148,1636622,1.4684169292449951,1.6249661445617676,377,3228,False,False
1149,1637796,1.1662514209747314,1.5342903137207031,774,1890,False,False
1150,1638202,0.29960298538208008,1.0066715478897095,242,2433,False,False
1151,1639202,1.2974485158920288,1.5309032201766968,146,1734,False,False
1152,1642399,0.045461401343345642,1.4531929492950439,2319,2433,False,False
1153,1642669,0.089410461485385895,1.4228116273880005,3027,2726,False,False
1154,1642971,0.81789326667785645,1.1282840967178345,2339,1619,False,False
1155,1645093,1.1874996423721313,1.1519533395767212,3606,2641,False,False
1156,1646281,0.21391803026199341,1.1931827068328857,1806,260,False,False
1157,1647435,1.1332162618637085,1.2996456623077393,773,3549,False,False
1158,1648991,1.6167839765548706,1.5404174327850342,3415,3661,False,False
1159,1652098,1.0638384819030762,1.4619815349578857,668,112,False,False
1160,1654525,0.55145859718322754,0.41950806975364685,1848,2433,False,False
1161,1656562,1.594292163848877,1.4162682294845581,730,3627,False,False
1162,1657830,1.0658161640167236,1.4825848340988159,3571,4078,False,False
1163,1658727,0.12574203312397003,1.1921987533569336,1630,2433,False,False
1164,1660860,1.1177365779876709,1.5232106447219849,2004,2353,False,False
1165,1662653,0.73656350374221802,1.2987397909164429,2952,3625,False,False
1166,1664167,1.0060174465179443,1.6002984046936035,580,2786,False,False
1167,1664938,1.6036163568496704,1.5234143733978271,723,919,False,False
1168,1667050,0.060105770826339722,1.5856307744979858,973,2997,False,False
1169,1667101,0.053444523364305496,0.2968008816242218,3076,2726,False,False
1170,1671863,1.0499711036682129,1.5086253881454468,2128,477,False,False
1171,1672710,1.506965160369873,1.4334197044372559,695,3888,False,False
1172,1673780,1.3349528312683105,1.5278348922729492,1760,2044,False,False
1173,1674346,1.142769455909729,1.2905170917510986,2409,3000,False,False
1174,1675289,0.043917473405599594,0.35501602292060852,1238,2726,False,False
1175,1675425,0.12483549118041992,1.4334331750869751,783,2726,False,False
1176,1680046,1.0103048086166382,1.3494281768798828,478,477,False,False
1177,1680478,1.2273883819580078,1.4841371774673462,3990,794,False,False
1178,1680801,1.5685943365097046,1.5104134082794189,1086,2291,False,False
1179,1681336,1.4778047800064087,1.4032964706420898,374,1862,False,False
1180,1687988,0.50639790296554565,1.261016845703125,1423,716,False,False
1181,1688992,1.4217386245727539,1.6078860759735107,1409,3685,False,False
1182,1690870,1.1077691316604614,1.475826621055603,534,3328,False,False
1183,1690976,1.1028258800506592,1.3187289237976074,2142,1532,False,False
1184,1691521,0.76064479351043701,0.23221154510974884,430,495,False,False
1185,1693358,1.3073945045471191,1.6339361667633057,3749,1917,False,False
1186,1693792,1.5457290410995483,1.2910420894622803,59,3257,False,False
1187,1698843,1.0212498903274536,1.3666443824768066,457,138,False,False
1188,1701013,1.2646087408065796,1.6370968818664551,1664,3871,False,False
1189,1706439,1.4608155488967896,1.3724974393844604,1627,496,False,False
1190,1707825,0.14716878533363342,1.1335601806640625,1329,2433,False,False
1191,1708085,0.052464358508586884,0.31880700588226318,1981,2726,False,False
1192,1710033,1.5342972278594971,1.3680262565612793,2140,2151,False,False
1193,1710635,1.4805556535720825,1.404659628868103,1400,2459,False,False
1194,1714498,1.4181711673736572,1.5741852521896362,3858,1888,False,False
1195,1715016,1.1325422525405884,1.5257915258407593,603,2524,False,False
1196,1716485,0.33165764808654785,1.4939908981323242,566,2433,False,False
1197,1718148,1.1780272722244263,1.4223254919052124,409,1563,False,False
1198,1719557,1.2412605285644531,1.4446964263916016,547,3862,False,False
1199,1722940,1.0115644931793213,1.4258813858032227,734,73,False,False
1200,1723503,0.94138962030410767,1.2608461380004883,4020,3261,False,False
1201,1724428,0.040289994329214096,0.31210967898368835,629,2726,False,False
1202,1727607,1.1622097492218018,1.5051997900009155,3772,2364,False,False
1203,1727761,1.0456663370132446,1.5364506244659424,1234,2003,False,False
1204,1731363,1.3170104026794434,1.146770715713501,524,3441,False,False
1205,1731433,1.0698432922363281,1.5236192941665649,3574,2820,False,False
1206,1735125,1.6794569492340088,1.4834469556808472,2230,2898,False,False
1207,1735264,1.4597872495651245,1.3538285493850708,3809,1417,False,False
1208,1737130,0.5284045934677124,1.1432451009750366,71,716,False,False
1209,1739527,1.5855284929275513,1.181462287902832,3700,3499,False,False
1210,1739581,1.4064120054244995,1.6730499267578125,2149,1637,False,False
1211,1739972,1.0227997303009033,1.4440418481826782,589,864,False,False
1212,1741785,1.2579301595687866,1.2481024265289307,119,346,False,False
1213,1742075,1.3418115377426147,1.5532689094543457,1153,666,False,False
1214,1742503,1.2903411388397217,1.3511977195739746,3704,190,False,False
1215,1744431,0.55426037311553955,1.1281025409698486,4022,260,False,False
1216,1745020,0.086406707763671875,1.1776474714279175,2868,2726,False,False
1217,1746109,1.3348193168640137,1.324920654296875,199,3877,False,False
1218,1746504,1.4844591617584229,1.3606889247894287,1947,1452,False,False
1219,1747716,1.2918586730957031,1.2844955921173096,1605,3012,False,False
1220,1749454,0.83971869945526123,1.3224296569824219,1692,2001,False,False
1221,1750060,1.1036474704742432,1.3391379117965698,4045,4093,False,False
1222,1752560,1.5395089387893677,1.6344922780990601,1157,500,False,False
1223,1754197,1.2922176122665405,1.1887584924697876,569,1396,False,False
1224,1756431,1.2083064317703247,1.4364831447601318,4071,2003,False,False
1225,1757190,0.26187032461166382,0.45339536666870117,687,2726,False,False
1226,1757321,0.10540913790464401,1.4389115571975708,131,2726,False,False
1227,1758221,1.1433700323104858,1.5433418750762939,3461,2599,False,False
1228,1758680,1.332807183265686,1.4416338205337524,2531,2896,False,False
1229,1761277,0.14183992147445679,1.3767787218093872,1721,2997,False,False
1230,1763406,1.4226009845733643,1.3151861429214478,3627,2355,False,False
1231,1765134,0.21005922555923462,1.161084771156311,3713,2433,False,False
1232,1767045,1.257225513458252,1.69231116771698,338,1972,False,False
1233,1767470,1.702282190322876,1.4897935390472412,2235,717,False,False
1234,1768959,0.65347474813461304,1.1344476938247681,2823,1866,False,False
1235,1769834,0.32338863611221313,1.5303769111633301,1379,2997,False,False
1236,1772682,1.1541287899017334,1.496910572052002,3782,138,False,False
1237,1775301,1.0306812524795532,1.4625687599182129,1907,61,False,False
1238,1777259,0.49223324656486511,1.120120644569397,1564,260,False,False
1239,1777825,0.10506627708673477,1.4195889234542847,1864,2726,False,False
1240,1780610,1.0998504161834717,1.4218993186950684,3767,3015,False,False
1241,1782216,0.66575378179550171,1.2773145437240601,3625,716,False,False
1242,1784862,1.0297329425811768,1.5105534791946411,1837,3328,False,False
1243,1785339,1.1443945169448853,1.4251949787139893,2663,2108,False,False
1244,1785453,0.54420238733291626,0.84424138069152832,241,260,False,False
1245,1785898,0.061630792915821075,0.30886662006378174,991,2726,False,False
1246,1786937,1.0915172100067139,1.3028509616851807,1906,1271,False,False
1247,1787182,1.2354216575622559,1.3511475324630737,3952,1150,False,False
1248,1789353,1.0925909280776978,1.1863265037536621,1579,3777,False,False
1249,1791170,1.0430899858474731,1.4294071197509766,2761,210,False,False
1250,1791450,1.2713347673416138,1.4471428394317627,2388,1186,False,False
1251,1793514,1.0377045869827271,1.4018442630767822,1589,812,False,False
1252,1799359,1.0186077356338501,1.1385146379470825,3211,3878,False,False
1253,1799704,1.4011868238449097,1.2701197862625122,488,2397,False,False
1254,1799767,1.1204533576965332,1.2661453485488892,2247,1093,False,False
1255,1806573,0.15300840139389038,1.1031044721603394,2504,1551,False,False
1256,1806800,0.77373701333999634,1.5483654737472534,315,1941,False,False
1257,1808464,1.6510593891143799,1.5984807014465332,4036,2380,False,False
1258,1808513,1.1733642816543579,1.6293227672576904,3380,1936,False,False
1259,1810830,0.37066188454627991,1.3533143997192383,2113,716,False,False
1260,1811694,0.92083591222763062,1.1551100015640259,90,1150,False,False
1261,1813310,1.0967388153076172,1.3463592529296875,1973,3595,False,False
1262,1814135,0.46684464812278748,0.78001081943511963,1650,260,False,False
1263,1814917,0.62074762582778931,1.1926202774047852,3549,716,False,False
1264,1824558,1.2892838716506958,1.4663405418395996,2169,4047,False,False
1265,1825718,1.1262778043746948,1.3250691890716553,1997,394,False,False
1266,1828341,1.2756040096282959,1.5143125057220459,3715,3963,False,False
1267,1833974,1.4572019577026367,1.3437850475311279,2905,2420,False,False
1268,1834807,0.18915928900241852,1.1334121227264404,1513,2433,False,False
1269,1836098,1.0937798023223877,1.2578251361846924,1407,4074,False,False
1270,1838150,1.2126011848449707,1.4377706050872803,2855,2441,False,False
1271,1845104,1.3524858951568604,1.4363492727279663,2718,3252,False,False
1272,1850961,0.49262139201164246,0.81390661001205444,2664,260,False,False
1273,1853139,2.0119071006774902,1.5785605907440186,2910,1140,False,False
1274,1854370,2.0642800331115723,1.4752980470657349,3025,1041,False,False
1275,1855456,0.091164574027061462,1.5920604467391968,2579,2997,False,False
1276,1857755,1.8103322982788086,1.5543555021286011,2706,2083,False,False
1277,1858537,1.4140359163284302,1.3375200033187866,3053,1634,False,False
1278,1859424,0.096483424305915833,1.1750839948654175,3328,2433,False,False
1279,1860960,1.4228446483612061,1.3136392831802368,3036,2300,False,False
1280,1862171,1.4714368581771851,1.2890521287918091,2904,4054,False,False
1281,1868019,0.2045757919549942,1.1661064624786377,2161,1551,False,False
1282,1868985,1.5865100622177124,1.3669455051422119,3256,1470,False,False
1283,1870778,1.334620475769043,1.5619691610336304,2563,1564,False,False
1284,1875864,0.081115737557411194,1.451019287109375,1857,2433,False,False
1285,1876237,0.1866547018289566,1.4711606502532959,2031,2433,False,False
1286,1878254,1.2951644659042358,1.5221248865127563,2927,3971,False,False
1287,1880332,0.18370689451694489,1.4571239948272705,1177,2433,False,False
1288,1880516,0.85312569141387939,1.3424707651138306,3340,716,False,False
1289,1881164,1.3634735345840454,1.3956884145736694,3104,182,False,False
1290,1882278,1.5362915992736816,1.2570196390151978,2926,197,False,False
1291,1882706,1.2269346714019775,1.2829259634017944,2618,2333,False,False
1292,1887378,1.1544922590255737,1.5759161710739136,2851,2441,False,False
1293,1888961,1.0030850172042847,1.1481740474700928,3817,2104,False,False
1294,1889227,1.2391570806503296,1.4131309986114502,2607,3959,False,False
1295,1889656,2.1123306751251221,1.4662288427352905,2897,3950,False,False
1296,1892687,0.29435053467750549,1.5393065214157104,2273,716,False,False
1297,1895776,1.2261502742767334,1.4137743711471558,2779,3419,False,False
1298,1896399,0.069118596613407135,1.5874483585357666,3230,2997,False,False
1299,1897694,1.7974607944488525,1.3279426097869873,194,981,False,False
1300,1904577,0.38079288601875305,0.85804373025894165,430,495,False,False
1301,1907523,1.0973471403121948,1.49669349193573,3279,765,False,False
1302,1907941,1.6583616733551025,1.4306013584136963,2964,1312,False,False
1303,1909611,1.0649266242980957,1.3482831716537476,2790,1067,False,False
1304,1911013,1.7327364683151245,1.3669916391372681,2583,3778,False,False
1305,1912703,0.35354143381118774,1.195801854133606,1228,2997,False,False
1306,1913309,0,1.1589087247848511,2657,716,True,False
1307,1914482,1.8328858613967896,1.4524306058883667,2647,1575,False,False
1308,1916919,0.090996973216533661,1.5666403770446777,144,2997,False,False
1309,1917473,0.87028676271438599,1.442919135093689,2861,2001,False,False
1310,1922282,1.6631215810775757,1.5402028560638428,2076,1150,False,False
1311,1924710,0.78440690040588379,1.097538948059082,3288,2225,False,False
1312,1925732,0.9929996132850647,1.4138947725296021,1426,1276,False,False
1313,1926391,2.3635571002960205,1.3660566806793213,2803,3110,False,False
1314,1926516,1.5116791725158691,1.4438261985778809,3264,660,False,False
1315,1931716,1.5618644952774048,1.2176584005355835,2848,1609,False,False
1316,1932250,1.7630661725997925,1.3464610576629639,3080,105,False,False
1317,1939999,1.7781982421875,1.363126277923584,2904,3820,False,False
1318,1940974,1.0811246633529663,1.4071891307830811,3905,2108,False,False
1319,1947548,1.992234468460083,1.7021290063858032,1491,861,False,False
1320,1948077,1.306462287902832,1.3648018836975098,2998,1248,False,False
1321,1949885,0.2625289261341095,1.5164850950241089,1028,162,False,False
1322,1952522,1.3113468885421753,1.3805079460144043,2882,3758,False,False
1323,1953627,0.15414376556873322,1.1910433769226074,3081,2433,False,False
1324,1954184,0.49896886944770813,1.2436056137084961,218,716,False,False
1325,1955475,1.5423414707183838,1.412761926651001,2910,1575,False,False
1326,1955637,1.838382363319397,1.6216902732849121,2935,2184,False,False
1327,1957111,1.1241065263748169,1.4320298433303833,3228,2003,False,False
1328,1959552,1.0299707651138306,1.2176485061645508,3084,349,False,False
1329,1959672,1.7935036420822144,1.6147201061248779,3024,2487,False,False
1330,1959960,1.5032238960266113,1.0963176488876343,2979,1042,False,False
1331,1959999,1.1999833583831787,1.479615330696106,2700,956,False,False
1332,1960197,1.7451062202453613,1.2585197687149048,2837,373,False,False
1333,1960855,1.092395544052124,1.5724896192550659,3365,1961,False,False
1334,1964078,1.8190361261367798,1.4625102281570435,377,3676,False,False
1335,1967695,1.6724469661712646,1.5965034961700439,3031,3709,False,False
1336,1968746,1.3881005048751831,1.5398869514465332,2571,2685,False,False
1337,1968857,1.9445346593856812,1.6166714429855347,2968,3610,False,False
1338,1969729,0.72182881832122803,1.181976318359375,842,83,False,False
1339,1969895,0.35914501547813416,1.0941015481948853,3320,260,False,False
1340,1970267,0.06977013498544693,0.75742089748382568,2694,2726,False,False
1341,1970569,0.5344434380531311,1.1489524841308594,1368,716,False,False
1342,1973451,0.89760774374008179,1.4968030452728271,2735,1753,False,False
1343,1978080,0.23338703811168671,1.110724925994873,2720,260,False,False
1344,1980838,1.3193250894546509,1.5074477195739746,2746,2245,False,False
1345,1983124,1.3005533218383789,1.4008224010467529,2709,1514,False,False
1346,1983926,2.3701074123382568,1.6387965679168701,3348,2092,False,False
1347,1984967,1.5522973537445068,1.1977003812789917,2813,1141,False,False
1348,1988312,1.4060275554656982,1.5822094678878784,2865,2538,False,False
1349,1988497,1.5927382707595825,1.5321532487869263,2699,1621,False,False
1350,1989203,1.2293522357940674,1.2318826913833618,2618,1681,False,False
1351,1993405,1.5373162031173706,1.3133382797241211,319,1289,False,False
1352,1994857,0.032120708376169205,0.78167670965194702,3115,2726,False,False
1353,1996015,1.5365475416183472,1.512939453125,2924,2474,False,False
1354,1996105,1.1057398319244385,1.1841995716094971,2977,3827,False,False
1355,1996519,1.4525104761123657,1.4717795848846436,3155,474,False,False
1356,1996768,1.433796763420105,1.4504109621047974,2767,22,False,False
1357,1997392,1.322679877281189,1.3118448257446289,2721,407,False,False
1358,2003804,1.1173274517059326,1.4331148862838745,3347,3959,False,False
1359,2004146,0.82433164119720459,1.4183545112609863,3044,1748,False,False
1360,2004325,1.7043664455413818,1.3513563871383667,3126,99,False,False
1361,2004364,0.90759164094924927,1.4451373815536499,2831,2168,False,False
1362,2005637,1.8629089593887329,1.2362265586853027,3038,142,False,False
1363,2006717,0.37462779879570007,0.94406574964523315,3310,2433,False,False
1364,2008171,1.2173541784286499,1.2394269704818726,2541,182,False,False
1365,2012144,1.1997369527816772,1.5550270080566406,1534,3143,False,False
1366,2012234,1.2984281778335571,1.4903274774551392,3104,3682,False,False
1367,2019554,0.1874588280916214,1.1799037456512451,3291,1551,False,False
1368,2020257,1.0845234394073486,1.5790067911148071,2989,3327,False,False
1369,2021747,1.3307492733001709,1.4469887018203735,2750,1864,False,False
1370,2022792,1.1392339468002319,1.4773801565170288,2722,3784,False,False
1371,2022993,0.54098600149154663,1.1496902704238892,2889,260,False,False
1372,2023303,0.19966074824333191,1.463742733001709,2825,2433,False,False
1373,2023780,0.22862251102924347,1.5827971696853638,2944,716,False,False
1374,2024258,1.0453134775161743,1.1544536352157593,2967,2104,False,False
1375,2026739,1.1061463356018066,1.4014087915420532,2238,2003,False,False
1376,2028096,1.1076422929763794,1.383456826210022,1551,1745,False,False
1377,2029063,2.3585681915283203,1.3645308017730713,2727,982,False,False
1378,2029328,1.6297775506973267,1.6364881992340088,2235,3396,False,False
1379,2031630,0.061566241085529327,0.30059611797332764,990,2726,False,False
1380,2033212,1.4840410947799683,1.3973057270050049,3999,2232,False,False
1381,2033399,1.8269553184509277,0,1034,3882,False,True
1382,2034960,1.033871054649353,1.5382639169692993,3228,2003,False,False
1383,2036686,1.1684609651565552,1.5169435739517212,2607,1067,False,False
1384,2037325,1.7058558464050293,0,2728,598,False,True
1385,2037709,1.6228889226913452,1.4666479825973511,1243,1659,False,False
1386,2037973,1.4893022775650024,1.3480231761932373,3267,948,False,False
1387,2040934,1.139518141746521,1.4102770090103149,2204,3378,False,False
1388,2044238,0.33731198310852051,1.5706425905227661,2096,716,False,False
1389,2044664,1.1311293840408325,1.0960360765457153,3602,1276,False,False
1390,2046058,1.7383558750152588,1.0315686464309692,2593,2306,False,False
1391,2046595,1.3407572507858276,1.4496457576751709,3440,3243,False,False
1392,2048212,0.15518563985824585,1.1991180181503296,2715,1551,False,False
1393,2048715,1.0662941932678223,1.511401891708374,1772,1276,False,False
1394,2049281,1.0627890825271606,1.4094314575195312,2631,4074,False,False
1395,2049664,0.92911285161972046,1.0043432712554932,3084,349,False,False
1396,2052129,0.04565005749464035,0.31440559029579163,2638,2726,False,False
1397,2052254,0.11758880317211151,1.4192947149276733,3360,2726,False,False
1398,2052308,0.15175727009773254,1.1969603300094604,3231,1551,False,False
1399,2056228,0.033989612013101578,0.32298719882965088,1114,2726,False,False
1400,2058120,1.584104061126709,1.8272372484207153,2058,3236,False,False
1401,2059767,0.83253294229507446,1.2822920083999634,2043,2108,False,False
1402,2062369,1.5026808977127075,1.4225547313690186,2767,3584,False,False
1403,2062983,1.7670174837112427,1.5251373052597046,3038,2908,False,False
1404,2065817,1.6015304327011108,1.5287446975708008,2610,874,False,False
1405,2068588,0.054693903774023056,0.78546518087387085,1363,2726,False,False
1406,2068814,0.33085253834724426,1.4637718200683594,1600,2997,False,False
1407,2071031,1.4670326709747314,1.3971034288406372,2613,285,False,False
1408,2072264,0.34050986170768738,1.0799858570098877,1673,260,False,False
1409,2074314,1.724128246307373,1.5570045709609985,1348,3720,False,False
1410,2075017,1.5687321424484253,1.4536281824111938,3045,2877,False,False
1411,2079375,1.0271188020706177,1.4507179260253906,2721,1351,False,False
1412,2079908,1.3036453723907471,1.5679447650909424,2802,1211,False,False
1413,2081712,1.0149754285812378,1.2776294946670532,3162,3549,False,False
1414,2083212,1.5163812637329102,1.3745101690292358,3074,3056,False,False
1415,2083713,1.063438892364502,1.5295714139938354,3047,2454,False,False
1416,2083814,1.7916135787963867,1.3958582878112793,3066,176,False,False
1417,2084992,0.14746220409870148,1.4107335805892944,2405,4,False,False
1418,2085966,1.2709838151931763,1.2835489511489868,3364,182,False,False
1419,2087309,1.3009951114654541,1.4604583978652954,2939,3056,False,False
1420,2090169,1.3400362730026245,1.5295031070709229,3256,2471,False,False
1421,2091178,1.2542744874954224,1.4283314943313599,3221,1268,False,False
1422,2091767,1.4293215274810791,1.4572280645370483,3142,3876,False,False
1423,2092494,0.98901885747909546,1.2278609275817871,331,2108,False,False
1424,2096008,1.7623836994171143,1.3075535297393799,4041,2622,False,False
1425,2097219,0.53430831432342529,1.2789729833602905,3131,4,False,False
1426,2098716,1.7262932062149048,1.3277517557144165,2864,1448,False,False
1427,2098877,1.1782723665237427,1.4632368087768555,3353,1795,False,False
1428,2099719,1.7479269504547119,1.2648830413818359,3212,1023,False,False
1429,2099994,1.7712270021438599,1.4876439571380615,2968,185,False,False
1430,2100392,1.6106936931610107,1.3670336008071899,3251,3710,False,False
1431,2101739,0.7028997540473938,1.4021424055099487,2987,716,False,False
1432,2102069,1.1253218650817871,1.3554321527481079,3346,3549,False,False
1433,2104651,1.0043536424636841,1.5058743953704834,3298,4017,False,False
1434,2109501,0.12874609231948853,0.99683362245559692,420,2726,False,False
1435,2109701,0.22529089450836182,1.5300648212432861,248,2433,False,False
1436,2113115,0.49219682812690735,1.1837751865386963,3192,2225,False,False
1437,2113120,0.68914788961410522,1.12119460105896,2932,2225,False,False
1438,2114769,1.3656909465789795,1.3470646142959595,3044,3555,False,False
1439,2115058,1.6322104930877686,1.4942741394042969,2833,2737,False,False
1440,2115852,1.6309025287628174,1.1884565353393555,2593,2501,False,False
1441,2116123,1.2115483283996582,1.4932630062103271,2904,638,False,False
1442,2116645,1.5537170171737671,1.520810604095459,3066,3577,False,False
1443,2116709,1.6502964496612549,1.5269591808319092,3066,3832,False,False
1444,2117060,1.1249926090240479,1.4656263589859009,2655,2839,False,False
1445,2117655,0.041378229856491089,0.31692096590995789,2760,2726,False,False
1446,2118764,1.3539025783538818,1.2941869497299194,2541,182,False,False
1447,2118947,2.0669054985046387,1.3711568117141724,2933,749,False,False
1448,2121712,0.053907852619886398,1.5865358114242554,3539,2997,False,False
1449,2121865,0.13417930901050568,1.4195502996444702,886,2726,False,False
1450,2121881,0.15573680400848389,1.4029245376586914,1158,2726,False,False
1451,2122023,0.21774129569530487,1.4497448205947876,3630,2433,False,False
1452,2122481,1.2296626567840576,1.2452318668365479,3828,3549,False,False
1453,2123741,1.9451178312301636,1.3789029121398926,3141,1844,False,False
1454,2127791,1.893654465675354,1.4915465116500854,1587,3974,False,False
1455,2128417,1.5797379016876221,1.4173374176025391,2695,2414,False,False
1456,2128611,1.6818299293518066,1.6931313276290894,3108,1239,False,False
1457,2130278,0.40612664818763733,1.384844183921814,2592,716,False,False
1458,2131180,1.0143414735794067,1.7285158634185791,2682,790,False,False
1459,2132844,0.93890368938446045,1.5273438692092896,3099,1153,False,False
1460,2134335,0.26352337002754211,0.95585918426513672,948,2997,False,False
1461,2134839,1.2967526912689209,1.4124714136123657,2899,1276,False,False
1462,2135445,1.561272144317627,1.4846606254577637,2860,1907,False,False
1463,2135852,2.0468876361846924,1.5934306383132935,2234,1352,False,False
1464,2135915,1.913630485534668,1.6123790740966797,3755,3007,False,False
1465,2136566,1.57654869556427,1.0460584163665771,2613,1317,False,False
1466,2136643,1.1050145626068115,1.7243330478668213,2848,1609,False,False
1467,2136897,1.0020850896835327,1.2388888597488403,1140,2454,False,False
1468,2137621,0.96472477912902832,1.1892522573471069,743,2108,False,False
1469,2141053,1.1387200355529785,1.4675661325454712,2149,1637,False,False
1470,2141775,0.456927090883255,0.77853143215179443,1504,260,False,False
1471,2143074,1.1357930898666382,1.5475322008132935,1633,3959,False,False
1472,2143577,1.3703525066375732,1.2405548095703125,2907,2521,False,False
1473,2144291,2.0506370067596436,1.368315577507019,3764,3350,False,False
1474,2146053,0.1780899316072464,1.130197286605835,2605,2433,False,False
1475,2147145,1.0357674360275269,1.3074325323104858,2600,3959,False,False
1476,2148219,1.2265766859054565,1.4152412414550781,2808,737,False,False
1477,2148852,1.0432115793228149,1.2325096130371094,2738,271,False,False
1478,2149482,1.2313557863235474,1.1927365064620972,3026,3710,False,False
1479,2152360,1.9753408432006836,1.7694227695465088,2936,414,False,False
1480,2155758,1.4862179756164551,1.4610040187835693,2682,3555,False,False
1481,2156649,1.4869626760482788,1.5353015661239624,2936,3198,False,False
1482,2157328,1.1932377815246582,1.2913693189620972,2789,1949,False,False
1483,2160179,1.5603257417678833,1.6558784246444702,3135,3451,False,False
1484,2161642,1.3874014616012573,1.3652466535568237,3053,977,False,False
1485,2166304,1.1380765438079834,0.98961883783340454,1590,2225,False,False
1486,2167070,0.23376594483852386,1.478066086769104,2697,2433,False,False
1487,2170533,0.45977339148521423,0.89156818389892578,3229,260,False,False
1488,2172565,2.1437206268310547,1.5494260787963867,3282,3004,False,False
1489,2172906,1.3036332130432129,1.6071754693984985,3259,187,False,False
1490,2173258,1.5083401203155518,1.1186815500259399,2881,3405,False,False
1491,2174289,1.291168212890625,1.571058988571167,1268,1532,False,False
1492,2175868,1.1886014938354492,1.5683144330978394,101,3959,False,False
1493,2177563,1.1435803174972534,1.3026447296142578,2904,638,False,False
1494,2179428,0.27108708024024963,1.5637431144714355,2944,2997,False,False
1495,2180337,1.2813383340835571,1.5588611364364624,3133,345,False,False
1496,2181263,1.8404415845870972,1.3509078025817871,74,2863,False,False
1497,2182453,1.0329321622848511,1.39304518699646,2627,2003,False,False
1498,2182700,0.69861841201782227,1.1696796417236328,1184,2225,False,False
1499,2183987,1.1383246183395386,1.3307173252105713,2460,1276,False,False
1500,2184707,1.7319017648696899,1.6481039524078369,2609,3046,False,False
1501,2185213,1.5994269847869873,1.2994742393493652,2809,3075,False,False
1502,2187550,0.26119518280029297,1.508561372756958,79,2433,False,False
1503,2188903,1.4904357194900513,1.5355187654495239,3233,447,False,False
1504,2190485,1.1210774183273315,1.3662776947021484,3021,2441,False,False
1505,2192096,1.1861792802810669,1.5905493497848511,89,2067,False,False
1506,2192413,1.0405182838439941,1.4317353963851929,3030,3327,False,False
1507,2192776,1.9563537836074829,1.6703356504440308,2977,1258,False,False
1508,2194319,1.256574273109436,1.317819356918335,2822,4078,False,False
1509,2195257,0.30565300583839417,1.0715382099151611,94,2433,False,False
1510,2197245,1.2807458639144897,1.4122534990310669,3353,903,False,False
1511,2197657,2.2655529975891113,1.8314903974533081,2685,1706,False,False
1512,2198106,1.6519056558609009,1.6870684623718262,2971,3357,False,False
1513,2198470,1.2057808637619019,1.2485731840133667,2929,1729,False,False
1514,2199485,0.47028279304504395,1.1712528467178345,628,2433,False,False
1515,2201634,2.2543904781341553,1.3806741237640381,1385,642,False,False
1516,2204457,1.1820130348205566,1.5607016086578369,2085,3959,False,False
1517,2205263,1.6666771173477173,1.4182503223419189,3089,2816,False,False
1518,2206811,1.4087806940078735,1.6151422262191772,2548,2825,False,False
1519,2207397,0.34483915567398071,0.8903459906578064,3229,260,False,False
1520,2208141,0.36563020944595337,1.4315515756607056,2445,716,False,False
1521,2209694,1.7935179471969604,1.3272677659988403,3141,1005,False,False
1522,2210743,1.3802593946456909,1.4059522151947021,797,2420,False,False
1523,2211068,1.043163537979126,1.4877018928527832,190,4017,False,False
1524,2211280,0.86447280645370483,0.98087471723556519,743,2108,False,False
1525,2216948,1.1390283107757568,1.5494632720947266,3055,3327,False,False
1526,2219772,0.4305175244808197,0.77677792310714722,1848,2433,False,False
1527,2221385,1.3287546634674072,1.3605687618255615,2977,3827,False,False
1528,2224874,0.96116793155670166,1.3991031646728516,2790,3959,False,False
1529,2225038,1.0079095363616943,1.348164439201355,2607,1067,False,False
1530,2225854,1.220655083656311,1.5373150110244751,2500,2374,False,False
1531,2228912,0.9393574595451355,1.4674258232116699,2710,3549,False,False
1532,2230848,0.95708930492401123,1.4605951309204102,1588,3813,False,False
1533,2232851,0.90021330118179321,1.5090177059173584,3436,1941,False,False
1534,2233991,1.8765766620635986,1.2053202390670776,2845,584,False,False
1535,2234275,1.2375718355178833,1.1386890411376953,3181,2202,False,False
1536,2235511,1.1447665691375732,1.4214760065078735,3016,3000,False,False
1537,2235829,1.9061182737350464,1.4365509748458862,1128,2018,False,False
1538,2236368,0.074225485324859619,1.5956841707229614,3230,2997,False,False
1539,2238366,1.8942869901657104,1.3146122694015503,3141,1005,False,False
1540,2239732,0.98124945163726807,1.4252684116363525,2957,2003,False,False
1541,2239765,1.2044172286987305,1.5544812679290771,2876,2003,False,False
1542,2242461,2.1882836818695068,1.540251612663269,3141,1005,False,False
1543,2244557,0.053764946758747101,1.5907496213912964,3230,2997,False,False
1544,2248062,1.3086470365524292,1.226138710975647,1556,2114,False,False
1545,2249898,1.3995863199234009,1.4699002504348755,3833,3638,False,False
1546,2251122,1.3761740922927856,1.2341146469116211,3065,2609,False,False
1547,2251777,1.0200172662734985,1.4177461862564087,1281,3642,False,False
1548,2253243,0.81251716613769531,0.80854529142379761,2755,716,False,False
1549,2253602,1.0556875467300415,1.4915628433227539,1661,1067,False,False
1550,2254976,1.0189031362533569,1.0804215669631958,671,349,False,False
1551,2255577,2.1176788806915283,1.4334088563919067,2968,520,False,False
1552,2257985,0.97129637002944946,1.3128021955490112,3249,643,False,False
1553,2258281,1.5344915390014648,1.3095916509628296,3073,895,False,False
1554,2258925,1.598832368850708,1.7865437269210815,3085,640,False,False
1555,2259597,1.0803412199020386,1.4738352298736572,2947,3142,False,False
1556,2260764,0.14840415120124817,1.1795516014099121,3091,2433,False,False
1557,2263039,1.1687989234924316,1.4052108526229858,3674,956,False,False
1558,2266004,1.1241419315338135,1.375116229057312,2601,3549,False,False
1559,2266424,2.3650877475738525,1.4215414524078369,2022,921,False,False
1560,2270730,1.9758412837982178,1.5531820058822632,1436,1689,False,False
1561,2271015,1.7619719505310059,1.481738805770874,3155,1914,False,False
1562,2271575,1.3693885803222656,1.0244182348251343,3222,2490,False,False
1563,2272201,1.2617632150650024,1.5988212823867798,2547,1729,False,False
1564,2273305,0.037295937538146973,0.320607990026474,2688,2726,False,False
1565,2276982,0.48904913663864136,0.94252645969390869,241,260,False,False
1566,2280361,1.2297276258468628,1.4741538763046265,2822,2362,False,False
1567,2281289,0.26012352108955383,1.249458909034729,3280,2433,False,False
1568,2282374,1.1265252828598022,1.4788813591003418,2690,2438,False,False
1569,2284467,1.0691401958465576,1.4755649566650391,3199,1961,False,False
1570,2285152,0.90054762363433838,1.0311009883880615,2932,2225,False,False
1571,2286171,1.1992930173873901,1.4722474813461304,2862,477,False,False
1572,2290776,1.2235182523727417,1.5721774101257324,2681,3378,False,False
1573,2292265,1.5193324089050293,1.3588496446609497,2913,408,False,False
1574,2292277,1.9378029108047485,1.4769277572631836,2792,1317,False,False
1575,2294628,1.1263203620910645,1.5410486459732056,232,4093,False,False
1576,2295074,1.6763343811035156,1.6007827520370483,3050,405,False,False
1577,2295096,2.0194249153137207,1.1733955144882202,2803,3110,False,False
1578,2296122,1.4873385429382324,1.3087961673736572,3278,90,False,False
1579,2296171,1.3458399772644043,1.4212077856063843,2881,427,False,False
1580,2296250,1.678919792175293,1.4992920160293579,3316,3509,False,False
1581,2302313,0.37403130531311035,1.4645543098449707,2273,716,False,False
1582,2304552,1.5281937122344971,1.383771538734436,2913,408,False,False
1583,2305663,0.76701581478118896,0.92728531360626221,1432,1866,False,False
1584,2306456,0.53428351879119873,1.0408258438110352,3193,716,False,False
1585,2306914,1.2748564481735229,1.6416537761688232,2989,3959,False,False
1586,2308375,1.2086901664733887,1.2772121429443359,3090,2490,False,False
1587,2308489,1.1552914381027222,1.1842571496963501,2813,1141,False,False
1588,2308607,1.080059289932251,1.4169987440109253,2352,2625,False,False
1589,2309927,0.24826651811599731,1.2081667184829712,2772,260,False,False
1590,2310472,0.35596755146980286,1.531798243522644,2183,2997,False,False
1591,2310966,1.0769872665405273,1.0325034856796265,2774,1276,False,False
1592,2312159,1.3302644491195679,0.99588704109191895,3141,22,False,False
1593,2313810,0.48101961612701416,0.86598473787307739,241,260,False,False
1594,2315833,2.1871242523193359,1.3091340065002441,3754,317,False,False
1595,2316263,1.5896245241165161,1.4892096519470215,2912,860,False,False
1596,2318337,0.045390848070383072,0.87994301319122314,1994,457,False,False
1597,2319952,1.5627663135528564,1.5110888481140137,3244,1313,False,False
1598,2321986,0.50152474641799927,1.1328719854354858,2942,3625,False,False
1599,2322345,0.078382231295108795,1.4491995573043823,1416,2433,False,False
1600,2323005,1.3352535963058472,1.4903653860092163,504,3695,False,False
1601,2323182,1.0267950296401978,1.5334538221359253,2561,1067,False,False
1602,2325110,2.1984546184539795,1.5556656122207642,2793,3417,False,False
1603,2330197,0.49803590774536133,0.91094344854354858,2566,260,False,False
1604,2330313,0.26883107423782349,1.0540535449981689,1673,260,False,False
1605,2330559,0.57462161779403687,1.3270556926727295,2145,2997,False,False
1606,2331787,1.5254402160644531,1.3645052909851074,3104,182,False,False
1607,2332494,1.7720996141433716,1.6396182775497437,2194,1853,False,False
1608,2335022,0.26137888431549072,1.4894706010818481,2704,2433,False,False
1609,2340155,1.8698188066482544,1.5903878211975098,3189,2575,False,False
1610,2341201,1.500845193862915,1.3869781494140625,3065,2609,False,False
1611,2342305,1.2586151361465454,1.4567117691040039,2922,179,False,False
1612,2342513,0.44713521003723145,1.0007658004760742,2734,260,False,False
1613,2343359,0.49654266238212585,1.184723973274231,2630,2997,False,False
1614,2344596,1.7067229747772217,1.5906467437744141,3326,1544,False,False
1615,2347667,1.2052384614944458,1.3340773582458496,3248,1514,False,False
1616,2352834,1.3534045219421387,1.2820701599121094,3380,3146,False,False
1617,2355097,0.063439697027206421,1.443813681602478,2741,2433,False,False
1618,2359818,0.893288254737854,1.5226651430130005,3874,2938,False,False
1619,2360034,1.2081127166748047,1.5423910617828369,3898,1276,False,False
1620,2360442,1.4264384508132935,1.5762184858322144,3748,2656,False,False
1621,2360614,2.2356622219085693,1.5349065065383911,176,3951,False,False
1622,2361029,1.3552467823028564,1.445675253868103,2569,2858,False,False
1623,2363467,0.10181703418493271,0.75056207180023193,3690,2726,False,False
1624,2364879,2.0892295837402344,1.9115047454833984,2997,117,False,False
1625,2365806,1.6108320951461792,1.3608863353729248,3296,455,False,False
1626,2366574,1.1718223094940186,1.5447232723236084,2635,2364,False,False
1627,2366754,1.6758743524551392,1.5798807144165039,2964,53,False,False
1628,2367420,0.31456020474433899,1.1275688409805298,628,2433,False,False
1629,2371739,0.12504667043685913,1.4145156145095825,2730,2726,False,False
1630,2372097,1.1016026735305786,1.2789350748062134,2884,1745,False,False
1631,2374521,1.3200167417526245,1.42451012134552,3171,1117,False,False
1632,2375354,0.35649195313453674,0.76365870237350464,1176,260,False,False
1633,2375647,0.085833847522735596,1.6110489368438721,2974,2997,False,False
1634,2376847,1.1378253698348999,1.5622934103012085,2070,2624,False,False
1635,2378984,1.1433550119400024,1.2343440055847168,40,3000,False,False
1636,2384850,1.2063442468643188,1.5897263288497925,794,4093,False,False
1637,2387954,0.10526025295257568,1.5974352359771729,2550,2997,False,False
1638,2390929,1.1804541349411011,1.429350733757019,2822,4078,False,False
1639,2391002,1.5649247169494629,1.3358267545700073,3080,105,False,False
1640,2391724,0.32052209973335266,0.68534409999847412,3506,260,False,False
1641,2392222,0.094645462930202484,1.4122885465621948,2730,2726,False,False
1642,2393490,1.4150723218917847,1.4889644384384155,3056,868,False,False
1643,2394644,0.8593178391456604,1.4832866191864014,3325,1206,False,False
1644,2394914,1.9122352600097656,1.5207071304321289,3095,1687,False,False
1645,2395059,1.2304311990737915,1.2080516815185547,3199,1961,False,False
1646,2395376,1.1477173566818237,1.5933495759963989,2635,2364,False,False
1647,2396682,0.84035509824752808,1.4560096263885498,3436,1941,False,False
1648,2397355,1.3489145040512085,1.1874483823776245,2608,3638,False,False
1649,2397383,2.1030857563018799,1.3537657260894775,3125,3752,False,False
1650,2399406,1.2318370342254639,1.507526159286499,3122,138,False,False
1651,2399727,0.79756242036819458,1.3757032155990601,331,2839,False,False
1652,2400542,0.26559489965438843,1.5228259563446045,3054,2433,False,False
1653,2400878,1.0721931457519531,1.4267691373825073,1905,477,False,False
1654,2400947,1.1529544591903687,1.4883869886398315,478,2067,False,False
1655,2401272,1.1291277408599854,1.4168353080749512,3055,1271,False,False
1656,2401911,1.9854756593704224,1.1936886310577393,3265,2105,False,False
1657,2403425,1.5456738471984863,1.3771164417266846,2674,3568,False,False
1658,2404532,0.14320950210094452,1.4138532876968384,2555,2726,False,False
1659,2404965,1.2703511714935303,1.4306730031967163,2001,3322,False,False
1660,2407177,1.4753738641738892,1.5005676746368408,1821,1149,False,False
1661,2410258,1.5475583076477051,1.2229552268981934,472,2154,False,False
1662,2410387,1.8067903518676758,1.5950642824172974,1445,2154,False,False
1663,2411634,1.2799532413482666,1.5251222848892212,1581,3328,False,False
1664,2412893,0.39846578240394592,1.3686319589614868,1219,1619,False,False
1665,2412936,0.35291954874992371,1.0773435831069946,3340,716,False,False
1666,2421190,0.79040580987930298,1.3129265308380127,1572,1619,False,False
1667,2423904,1.5970960855484009,1.5434821844100952,2832,522,False,False
1668,2424481,0.4611247181892395,0.97792774438858032,2018,260,False,False
1669,2426720,1.3204025030136108,1.487834095954895,2821,535,False,False
1670,2426779,1.8291248083114624,1.6001311540603638,2846,2059,False,False
1671,2427208,1.6347190141677856,1.0720241069793701,3272,2877,False,False
1672,2428886,0.11649192869663239,1.5835869312286377,3290,2997,False,False
1673,2428904,0.1227562427520752,1.5838607549667358,3290,2997,False,False
1674,2429277,0.44708636403083801,1.426349401473999,704,716,False,False
1675,2430216,1.7104765176773071,1.3705580234527588,2960,4049,False,False
1676,2431609,2.1084132194519043,1.3133572340011597,2584,4037,False,False
1677,2432792,0.21283422410488129,1.1830250024795532,3907,260,False,False
1678,2434528,2.0764834880828857,1.4333287477493286,3036,2253,False,False
1679,2434930,1.7990251779556274,1.5923534631729126,2195,2760,False,False
1680,2436845,0.22749951481819153,1.0608501434326172,1673,260,False,False
1681,2437387,0.21749921143054962,1.4476927518844604,2031,2433,False,False
1682,2437730,1.1525185108184814,1.4828339815139771,2862,3695,False,False
1683,2438940,1.6938445568084717,1.2575976848602295,3234,109,False,False
1684,2439172,0.97410136461257935,1.4340827465057373,2837,3383,False,False
1685,2440467,1.1922001838684082,1.5423269271850586,2597,4017,False,False
1686,2440689,1.0247411727905273,1.2124817371368408,743,2108,False,False
1687,2441491,0.22860230505466461,1.47184157371521,1146,2433,False,False
1688,2441905,1.0343406200408936,1.3548377752304077,3248,477,False,False
1689,2444434,1.1270604133605957,1.4875671863555908,3228,2364,False,False
1690,2446221,1.0948121547698975,1.4523763656616211,3460,4093,False,False
1691,2446489,1.0281484127044678,1.4231563806533813,2055,3645,False,False
1692,2447555,1.2042769193649292,1.5437183380126953,1794,3481,False,False
1693,2447619,1.2333694696426392,1.4743269681930542,3225,3481,False,False
1694,2449647,0.12502798438072205,1.219886302947998,3526,1551,False,False
1695,2455359,0.92700695991516113,1.1753075122833252,3674,3878,False,False
1696,2456303,1.5460755825042725,1.1782459020614624,1053,2681,False,False
1697,2457306,0.29886290431022644,1.0030021667480469,2316,260,False,False
1698,2459018,1.8094080686569214,1.3559752702713013,530,1879,False,False
1699,2461570,0.68964320421218872,0.92981213331222534,2212,495,False,False
1700,2461621,0.082626879215240479,1.4527959823608398,3465,2433,False,False
1701,2462024,0.3876858651638031,1.5203354358673096,1379,2997,False,False
1702,2462133,0.51009994745254517,1.217728853225708,2458,716,False,False
1703,2462606,1.057206392288208,1.4787187576293945,3846,3959,False,False
1704,2462818,1.2008243799209595,1.2802244424819946,2462,1274,False,False
1705,2464146,1.5973528623580933,1.4200395345687866,440,2100,False,False
1706,2464969,1.2192000150680542,1.3945136070251465,2199,1532,False,False
1707,2466143,0.41408044099807739,1.488154411315918,379,2997,False,False
1708,2468747,1.2830865383148193,1.3834555149078369,2125,1996,False,False
1709,2470329,0.51102209091186523,1.4099549055099487,398,1619,False,False
1710,2470448,0.76889729499816895,1.4816539287567139,483,1941,False,False
1711,2470751,1.2466276884078979,1.3737967014312744,3399,137,False,False
1712,2474165,0.072006627917289734,1.4369947910308838,3590,2726,False,False
1713,2474736,1.0052199363708496,1.4328564405441284,291,1276,False,False
1714,2475168,1.367336630821228,1.4190274477005005,139,115,False,False
1715,2475609,1.7893863916397095,1.6035834550857544,1666,2366,False,False
1716,2475631,1.1716680526733398,1.3725004196166992,1192,623,False,False
1717,2476114,1.2642910480499268,1.2158398628234863,1386,3659,False,False
1718,2477397,1.1136959791183472,1.5815197229385376,3956,3862,False,False
1719,2478875,1.2161389589309692,1.464274525642395,1729,3364,False,False
1720,2479682,1.1479818820953369,1.4214967489242554,3588,3480,False,False
1721,2480000,1.0010926723480225,1.1482951641082764,2401,349,False,False
1722,2480637,1.3022708892822266,1.5380414724349976,3009,1826,False,False
1723,2480869,1.1822679042816162,1.4166196584701538,371,1700,False,False
1724,2483113,1.192042350769043,1.3287601470947266,3725,2599,False,False
1725,2483128,0.93306052684783936,1.3221825361251831,1052,1271,False,False
1726,2485565,1.2326662540435791,1.3804473876953125,2902,2114,False,False
1727,2486190,0.090723901987075806,1.4364309310913086,1416,2433,False,False
1728,2487812,1.0948039293289185,1.3406647443771362,3419,2838,False,False
1729,2492979,1.1881086826324463,1.4746217727661133,1232,3134,False,False
1730,2493612,1.0234415531158447,1.3453882932662964,3393,3000,False,False
1731,2494709,0.15679347515106201,1.2174030542373657,3738,1551,False,False
1732,2495066,1.2368490695953369,1.4547045230865479,902,103,False,False
1733,2496826,1.4321709871292114,1.5410439968109131,1319,1228,False,False
1734,2498277,0.29142645001411438,1.2220970392227173,3519,260,False,False
1735,2498646,0.05352608859539032,0.77344334125518799,3139,2726,False,False
1736,2499317,1.0354653596878052,1.56751549243927,826,477,False,False
1737,2501295,1.6492148637771606,1.5982042551040649,1026,3282,False,False
1738,2501865,1.0726981163024902,1.4235851764678955,2210,2003,False,False
1739,2503641,1.2617299556732178,1.2480896711349487,119,3952,False,False
1740,2505198,1.4391254186630249,1.4068081378936768,2236,431,False,False
1741,2505275,1.859218955039978,1.2418562173843384,412,357,False,False
1742,2507491,1.2095102071762085,1.5211286544799805,389,1234,False,False
1743,2507908,1.3239415884017944,1.5080776214599609,1252,1861,False,False
1744,2508584,1.6410022974014282,1.5170289278030396,1430,1044,False,False
1745,2509653,1.1909164190292358,1.5077165365219116,2067,3900,False,False
1746,2511266,0.65231800079345703,1.165134072303772,4076,1619,False,False
1747,2514209,1.0158149003982544,1.4586552381515503,2199,3862,False,False
1748,2514296,1.184147834777832,1.4471957683563232,2554,4017,False,False
1749,2515849,1.1080873012542725,1.4944021701812744,2525,1067,False,False
1750,2519216,0.10025475174188614,1.4174702167510986,3027,2726,False,False
1751,2519670,1.0136945247650146,1.3828715085983276,304,477,False,False
1752,2519908,1.4379516839981079,1.1608972549438477,3799,390,False,False
1753,2520080,1.0634381771087646,1.300809383392334,2002,519,False,False
1754,2524758,1.2531802654266357,1.6543357372283936,2129,483,False,False
1755,2525429,1.3728369474411011,1.3615450859069824,2441,46,False,False
1756,2527506,0.25954398512840271,1.4543492794036865,2689,2433,False,False
1757,2529080,1.0703111886978149,1.5213025808334351,2371,2251,False,False
1758,2532797,1.3646581172943115,1.2407662868499756,3688,1362,False,False
1759,2532835,1.6556856632232666,1.4399672746658325,1411,833,False,False
1760,2533413,1.2234934568405151,1.6224851608276367,1922,351,False,False
1761,2534014,1.1370651721954346,1.3831032514572144,1008,4018,False,False
1762,2537050,1.481608510017395,1.4564965963363647,1666,3039,False,False
1763,2538451,1.2154313325881958,1.2926809787750244,3719,1993,False,False
1764,2538745,1.1094146966934204,1.6016439199447632,1597,4017,False,False
1765,2540826,1.5051780939102173,1.3697923421859741,260,2485,False,False
1766,2543341,0.25712689757347107,1.1853442192077637,562,260,False,False
1767,2543387,0.14193910360336304,1.1646538972854614,869,2433,False,False
1768,2543421,0.54531955718994141,0.22239488363265991,859,2433,False,False
1769,2543510,0.061760101467370987,1.4500281810760498,2528,2433,False,False
1770,2544264,1.0523498058319092,1.5321478843688965,2505,3959,False,False
1771,2544596,1.0958254337310791,1.5222887992858887,3868,2836,False,False
1772,2545894,1.4956769943237305,1.319949746131897,1200,3144,False,False
1773,2547865,0.1364104300737381,1.407615065574646,540,2726,False,False
1774,2552615,1.1650117635726929,1.2867417335510254,2357,1747,False,False
1775,2553037,1.1210246086120605,1.6496497392654419,911,1150,False,False
1776,2554797,1.170588493347168,1.5116934776306152,210,1996,False,False
1777,2557743,1.5939335823059082,1.4356539249420166,3859,3355,False,False
1778,2561140,0.96427673101425171,1.5138999223709106,728,3636,False,False
1779,2561203,1.1635767221450806,1.5874143838882446,1664,384,False,False
1780,2561352,1.2550382614135742,1.3427953720092773,1198,983,False,False
1781,2563944,0.12582549452781677,1.2078232765197754,285,2433,False,False
1782,2567061,1.2117151021957397,1.5746418237686157,3600,793,False,False
1783,2567733,0.70599395036697388,1.2293555736541748,1184,2225,False,False
1784,2570361,1.3183518648147583,1.5224939584732056,1421,216,False,False
1785,2570855,1.737094521522522,1.5119508504867554,168,3008,False,False
1786,2572112,0.096599027514457703,1.180090069770813,1470,2433,False,False
1787,2572128,0.074450485408306122,1.1640413999557495,3848,2433,False,False
1788,2573670,1.6233177185058594,1.6054654121398926,176,2429,False,False
1789,2575767,1.0810990333557129,1.4382661581039429,686,1890,False,False
1790,2576237,0.081300772726535797,1.1566991806030273,1330,2433,False,False
1791,2578787,1.5274622440338135,1.5273010730743408,1475,1772,False,False
1792,2581963,1.4211875200271606,1.2789026498794556,1105,3617,False,False
1793,2583121,1.5915720462799072,1.285979151725769,828,2878,False,False
1794,2583132,1.647135853767395,1.7557326555252075,1554,873,False,False
1795,2584999,0.4895605742931366,1.2062644958496094,71,716,False,False
1796,2585151,1.1512483358383179,1.5680170059204102,2240,2938,False,False
1797,2586409,1.3343617916107178,1.3464761972427368,3960,1703,False,False
1798,2586633,1.5794436931610107,1.6142576932907104,3970,3647,False,False
1799,2590683,1.4977492094039917,1.3822941780090332,3923,1299,False,False
1800,2591296,0.97160142660140991,1.3713308572769165,3511,349,False,False
1801,2591410,1.3294639587402344,1.6259517669677734,3946,2160,False,False
1802,2593673,1.1549196243286133,1.5492877960205078,1748,3959,False,False
1803,2597700,1.2281612157821655,1.4890642166137695,1242,3959,False,False
1804,2598670,1.3483911752700806,1.455788254737854,1561,453,False,False
1805,2599714,1.2094467878341675,1.3704580068588257,4002,2542,False,False
1806,2603184,1.4850291013717651,1.4280910491943359,1751,1924,False,False
1807,2606085,1.1299895048141479,1.5884722471237183,15,643,False,False
1808,2611447,1.7248765230178833,1.5419498682022095,3925,321,False,False
1809,2612093,0.99358701705932617,1.3464967012405396,2149,1637,False,False
1810,2616393,1.0493594408035278,1.540279746055603,238,3328,False,False
1811,2616430,0.98738282918930054,1.3578372001647949,1469,138,False,False
1812,2616675,1.0866144895553589,1.4412610530853271,1579,3777,False,False
1813,2617046,0.16376312077045441,1.0503369569778442,1673,260,False,False
1814,2617221,0.038828786462545395,1.4031329154968262,1697,2997,False,False
1815,2617562,0.17363376915454865,1.2206598520278931,3803,1551,False,False
1816,2617715,0.44391143321990967,1.5343672037124634,2096,2997,False,False
1817,2618325,1.0424866676330566,1.5708991289138794,3910,2836,False,False
1818,2619435,1.4225118160247803,1.4801371097564697,742,3602,False,False
1819,2619796,1.5002806186676025,1.6753743886947632,919,2615,False,False
1820,2620251,1.2600463628768921,1.7130764722824097,3693,3204,False,False
1821,2620423,1.3189773559570312,1.5429146289825439,749,3015,False,False
1822,2624863,1.005212664604187,1.3273950815200806,774,1890,False,False
1823,2625989,0.71061098575592041,1.3018803596496582,1203,716,False,False
1824,2626427,1.0726906061172485,1.4169163703918457,2340,1809,False,False
1825,2629054,1.4138157367706299,1.3398815393447876,2649,127,False,False
1826,2629548,0.078083127737045288,1.4454159736633301,143,2433,False,False
1827,2633654,0.10588711500167847,1.4407665729522705,1406,2433,False,False
1828,2633988,0.40685427188873291,1.5524252653121948,3776,2433,False,False
1829,2636766,1.064903736114502,1.5304672718048096,2135,3000,False,False
1830,2637124,1.0845975875854492,1.4135788679122925,817,1890,False,False
1831,2637198,1.0699023008346558,1.3093478679656982,1169,812,False,False
1832,2637789,0.065256863832473755,1.5755929946899414,703,2997,False,False
1833,2640365,1.5023494958877563,1.4159395694732666,1117,3450,False,False
1834,2643557,1.1187753677368164,1.3199582099914551,531,1354,False,False
1835,2644437,1.5283849239349365,1.3893566131591797,1231,3973,False,False
1836,2645337,1.0516816377639771,1.3479644060134888,268,1890,False,False
1837,2646337,0.2680995762348175,1.37450110912323,1890,2997,False,False
1838,2647569,1.0158348083496094,1.3625466823577881,722,3479,False,False
1839,2650908,1.5866485834121704,1.4545192718505859,900,3364,False,False
1840,2651270,1.3838725090026855,1.3881149291992188,1663,2785,False,False
1841,2652832,1.1831412315368652,1.3741146326065063,3676,1764,False,False
1842,2655267,1.2319182157516479,1.5689550638198853,814,23,False,False
1843,2657903,0.61744070053100586,1.3138856887817383,3558,260,False,False
1844,2658739,0.34922561049461365,1.3371773958206177,3418,716,False,False
1845,2659314,1.0533649921417236,1.4860173463821411,3460,4093,False,False
1846,2659778,1.3092706203460693,1.4206548929214478,3588,3480,False,False
1847,2661263,1.0895029306411743,1.3185460567474365,1401,3234,False,False
1848,2665691,1.0778746604919434,1.5097726583480835,3737,1532,False,False
1849,2670044,1.1268492937088013,1.5939701795578003,3587,2108,False,False
1850,2670434,0.13480500876903534,1.2130957841873169,2392,2433,False,False
1851,2670806,0.12779305875301361,1.2215323448181152,1865,1551,False,False
1852,2672981,1.6121279001235962,1.3669763803482056,839,4000,False,False
1853,2675167,0.89304280281066895,1.0519479513168335,2254,1619,False,False
1854,2675804,1.471271276473999,1.3664705753326416,1427,451,False,False
1855,2676982,1.5332728624343872,1.6295064687728882,107,1920,False,False
1856,2676988,1.303303599357605,1.3391798734664917,1058,3874,False,False
1857,2679297,0.87371528148651123,1.0268340110778809,2918,3691,False,False
1858,2681484,1.1347237825393677,1.6232112646102905,2197,590,False,False
1859,2682240,1.0453870296478271,1.4973897933959961,2036,904,False,False
1860,2683299,0.48214301466941833,1.2307306528091431,71,1619,False,False
1861,2683459,1.1023675203323364,1.5963790416717529,3747,1941,False,False
1862,2683486,1.0854281187057495,1.3905538320541382,1812,3840,False,False
1863,2684160,0.9456753134727478,1.399283766746521,521,4074,False,False
1864,2686588,0.74988561868667603,1.141430139541626,333,260,False,False
1865,2686653,0.36493310332298279,0.98872923851013184,3310,2433,False,False
1866,2686693,0.23439802229404449,1.2008292675018311,1496,260,False,False
1867,2688251,1.3245434761047363,1.1443285942077637,3256,3605,False,False
1868,2690939,0.31721952557563782,0.90800589323043823,2464,2433,False,False
1869,2691308,0.11536566168069839,1.2028400897979736,1239,1551,False,False
1870,2692008,1.1654587984085083,1.5686893463134766,1517,2571,False,False
1871,2692653,1.1368519067764282,1.5254437923431396,106,3444,False,False
1872,2694426,1.2160247564315796,1.5085701942443848,1933,1532,False,False
1873,2695463,0.28322327136993408,1.4630969762802124,2697,2433,False,False
1874,2695696,0.9657939076423645,1.3309222459793091,2679,2001,False,False
1875,2698234,1.0088385343551636,1.332776665687561,115,3431,False,False
1876,2698980,0.28638944029808044,1.0849945545196533,2316,260,False,False
1877,2700325,1.3093332052230835,1.4838794469833374,631,2494,False,False
1878,2701375,1.0239219665527344,1.093274712562561,127,3878,False,False
1879,2705286,1.681684136390686,1.2373692989349365,4018,154,False,False
1880,2706064,0.84900867938995361,1.6574281454086304,3712,1971,False,False
1881,2710616,1.0518947839736938,1.4738203287124634,1292,2364,False,False
1882,2711881,0.26286369562149048,1.4535692930221558,1471,2997,False,False
1883,2713394,1.3810425996780396,1.4371676445007324,648,1577,False,False
1884,2716567,1.2177441120147705,1.2153079509735107,1607,1060,False,False
1885,2717172,1.0609369277954102,1.1463772058486938,1377,2231,False,False
1886,2718091,1.7903368473052979,1.5472011566162109,2335,3020,False,False
1887,2721256,1.5300885438919067,1.3084030151367188,1867,2503,False,False
1888,2721963,1.245181679725647,1.2748548984527588,3734,3589,False,False
1889,2723065,1.1164394617080688,1.5179949998855591,1234,1532,False,False
1890,2724378,0.87986594438552856,1.2576223611831665,2045,1619,False,False
1891,2725407,1.1997611522674561,1.5138522386550903,125,1578,False,False
1892,2726634,1.1750587224960327,1.2841789722442627,3533,1601,False,False
1893,2726713,1.1333537101745605,1.3726269006729126,725,3263,False,False
1894,2728097,0.11858583241701126,1.409483790397644,3686,2726,False,False
1895,2728170,0.14106516540050507,1.1780878305435181,1698,1551,False,False
1896,2728755,1.1358115673065186,1.498932957649231,7,3959,False,False
1897,2729351,1.4994754791259766,1.2508289813995361,1260,415,False,False
1898,2730445,1.6531524658203125,1.6202821731567383,1957,2978,False,False
1899,2730749,1.31840980052948,1.5086334943771362,1642,256,False,False
1900,2731479,0.93714040517807007,1.439697265625,428,2108,False,False
1901,2734232,1.3648996353149414,1.3906657695770264,2362,3838,False,False
1902,2734244,1.265201210975647,1.2335672378540039,1843,1159,False,False
1903,2737411,1.3313547372817993,0.77386903762817383,1085,1648,False,False
1904,2739271,1.0946073532104492,1.5267776250839233,2141,3015,False,False
1905,2739452,1.0868569612503052,1.5673139095306396,190,4017,False,False
1906,2741888,0.97381353378295898,1.1609956026077271,881,349,False,False
1907,2742608,1.5478910207748413,1.5797950029373169,74,2688,False,False
1908,2743267,1.2023055553436279,1.6462856531143188,3661,793,False,False
1909,2744801,0.76632958650588989,0.84806650876998901,2254,1619,False,False
1910,2745021,1.3501924276351929,1.4404335021972656,231,2509,False,False
1911,2745615,1.1407433748245239,1.2897565364837646,337,3279,False,False
1912,2746142,1.0389105081558228,1.356239914894104,1006,1321,False,False
1913,2746352,1.4980934858322144,1.5485577583312988,699,2151,False,False
1914,2754208,1.4313257932662964,1.6441491842269897,234,1395,False,False
1915,2755417,1.0968602895736694,1.3664189577102661,3547,3900,False,False
1916,2755993,1.0745143890380859,1.4440381526947021,428,2839,False,False
1917,2760374,0.4033418595790863,0.78514182567596436,3839,260,False,False
1918,2761114,0.60511898994445801,1.0687441825866699,2097,1619,False,False
1919,2761500,1.1864053010940552,0.83857113122940063,1729,778,False,False
1920,2762369,1.0470397472381592,1.4787795543670654,1519,349,False,False
1921,2762406,1.3779035806655884,1.3893413543701172,2071,2905,False,False
1922,2765805,1.0505539178848267,1.3118569850921631,3725,4093,False,False
1923,2767542,1.1658560037612915,1.4187972545623779,1941,1375,False,False
1924,2768354,1.0740686655044556,1.4812663793563843,70,812,False,False
1925,2769549,1.081936240196228,1.526495099067688,4039,477,False,False
1926,2772702,0.28373470902442932,1.2303509712219238,1726,260,False,False
1927,2774386,1.2168792486190796,1.1669079065322876,506,2264,False,False
1928,2777362,0.19679976999759674,1.4760425090789795,2031,2433,False,False
1929,2780762,0.56464850902557373,1.0476685762405396,1650,260,False,False
1930,2782235,1.1195648908615112,1.4956626892089844,1918,4010,False,False
1931,2782474,1.0611221790313721,1.4188451766967773,1655,1249,False,False
1932,2783297,1.0463491678237915,1.4351910352706909,2478,816,False,False
1933,2784603,1.0458527803421021,1.3769385814666748,942,2630,False,False
1934,2786573,1.0778911113739014,1.2883989810943604,31,1405,False,False
1935,2788013,1.4127999544143677,1.5212792158126831,2197,2681,False,False
1936,2791280,1.3584476709365845,1.5937265157699585,3878,1820,False,False
1937,2793887,0.67817509174346924,0.87545418739318848,2097,1619,False,False
1938,2798406,1.0181021690368652,1.464844822883606,772,1276,False,False
1939,2801601,0.37205898761749268,0.8572242259979248,430,495,False,False
1940,2801749,0.04510420560836792,0.78833329677581787,259,2726,False,False
1941,2803679,1.1990211009979248,1.553244948387146,1347,3318,False,False
1942,2804825,1.1968981027603149,1.5925332307815552,4078,864,False,False
1943,2805494,0.30674511194229126,1.0233224630355835,3656,260,False,False
1944,2808385,1.0370519161224365,1.3913549184799194,511,2454,False,False
1945,2810095,0.15666699409484863,1.1888881921768188,3708,1551,False,False
1946,2810713,1.0904078483581543,1.3903976678848267,3468,3952,False,False
1947,2815806,1.0608425140380859,1.5379325151443481,1952,43,False,False
1948,2816194,1.2290477752685547,1.30849289894104,384,943,False,False
1949,2816438,1.3526045083999634,1.5699504613876343,2343,2749,False,False
1950,2819052,1.0735366344451904,1.5830727815628052,632,4093,False,False
1951,2819256,1.0529429912567139,1.4627214670181274,1005,384,False,False
1952,2819530,1.1511678695678711,1.5429656505584717,2416,1628,False,False
1953,2820381,1.1377224922180176,1.4022345542907715,410,556,False,False
1954,2820547,1.2189403772354126,1.4523570537567139,2302,1888,False,False
1955,2821134,1.1540036201477051,1.3114279508590698,34,3000,False,False
1956,2822412,0.15654237568378448,1.4549252986907959,3891,2433,False,False
1957,2824915,1.1331342458724976,1.4026268720626831,1439,3980,False,False
1958,2826020,0.13756100833415985,1.1743800640106201,1849,2433,False,False
1959,2828504,1.3618738651275635,1.4585703611373901,1956,1908,False,False
1960,2831056,1.0077487230300903,1.2927478551864624,3828,3959,False,False
1961,2833596,1.048547625541687,1.5603951215744019,190,2003,False,False
1962,2834970,1.1027311086654663,1.4658305644989014,2098,1120,False,False
1963,2837612,1.2480068206787109,1.4370412826538086,258,3000,False,False
1964,2838642,0.061465747654438019,0.77513372898101807,1064,2726,False,False
1965,2840654,1.2990895509719849,1.5618917942047119,1616,3228,False,False
1966,2842711,0.060130927711725235,0.78572070598602295,1974,2726,False,False
1967,2843417,1.5815807580947876,0.91012614965438843,2214,3138,False,False
1968,2846454,0.25475901365280151,1.0978368520736694,1456,260,False,False
1969,2847508,1.1702334880828857,1.5537688732147217,2308,3959,False,False
1970,2847696,1.1574066877365112,1.5343598127365112,1453,4093,False,False
1971,2853879,1.1131192445755005,1.2705159187316895,1143,394,False,False
1972,2854536,0.47999852895736694,1.0411611795425415,3442,260,False,False
1973,2855486,1.3395894765853882,1.5458990335464478,3944,991,False,False
1974,2857818,1.1962921619415283,1.523829460144043,3547,3900,False,False
1975,2860765,1.2302752733230591,1.2404223680496216,166,3501,False,False
1976,2862123,1.0740587711334229,1.3603746891021729,753,138,False,False
1977,2862673,0.54396939277648926,0.58918768167495728,2664,260,False,False
1978,2862716,0.55884814262390137,0.88546192646026611,2481,260,False,False
1979,2864866,1.3333103656768799,1.4003361463546753,2436,3678,False,False
1980,2866676,1.0170836448669434,1.3923341035842896,3994,1890,False,False
1981,2867776,0.94574433565139771,1.520447850227356,3263,1745,False,False
1982,2868171,1.0168209075927734,1.4876208305358887,2461,2599,False,False
1983,2870044,1.4420171976089478,1.5142167806625366,2408,4083,False,False
1984,2870624,1.0368353128433228,1.3521898984909058,555,3862,False,False
1985,2870889,0.323373943567276,0.95822066068649292,644,260,False,False
1986,2874194,1.1762238740921021,1.5608830451965332,3888,746,False,False
1987,2874851,0.82013404369354248,1.5133960247039795,1521,2839,False,False
1988,2877206,1.3973568677902222,1.4132237434387207,3821,2668,False,False
1989,2878881,1.033108115196228,1.4678820371627808,2271,1890,False,False
1990,2879777,0.20207414031028748,1.5232470035552979,865,2433,False,False
1991,2881074,1.3235599994659424,1.5144921541213989,3667,3479,False,False
1992,2882771,0.99702197313308716,1.3758169412612915,2126,138,False,False
1993,2882792,1.1208420991897583,1.53026282787323,520,2003,False,False
1994,2888065,0.74162256717681885,1.3175609111785889,929,3691,False,False
1995,2889772,1.4058220386505127,1.4998880624771118,1876,2468,False,False
1996,2891804,0.044365238398313522,0.34933504462242126,1832,2726,False,False
1997,2892628,1.0271494388580322,1.4691653251647949,2308,3959,False,False
1998,2894190,1.6627099514007568,1.6778199672698975,1963,1710,False,False
1999,2894915,0.70800948143005371,1.3242682218551636,3997,3015,False,False
2000,2895055,1.1682028770446777,1.4419667720794678,1234,2003,False,False
2001,2895294,1.2962161302566528,1.2885651588439941,2649,127,False,False
2002,2896219,0.39556795358657837,1.5002901554107666,177,1619,False,False
2003,2896773,1.0825499296188354,1.5480316877365112,784,1276,False,False
2004,2898486,1.4121949672698975,1.4030882120132446,2347,2582,False,False
2005,2899237,1.2548826932907104,1.5765488147735596,3780,2003,False,False
2006,2899799,0.1353297084569931,1.175819993019104,1925,2433,False,False
2007,2902564,1.8044390678405762,1.5856794118881226,3606,1009,False,False
2008,2907934,0.1823621541261673,1.1770647764205933,2265,2433,False,False
2009,2910963,1.2360917329788208,1.4482500553131104,1439,2160,False,False
2010,2911115,1.0583529472351074,1.501221776008606,1494,2945,False,False
2011,2917148,1.3374999761581421,1.3475488424301147,1990,3364,False,False
2012,2917856,1.4825351238250732,1.5652811527252197,1411,1840,False,False
2013,2921553,0.99468332529067993,1.2390382289886475,4040,519,False,False
2014,2921783,1.2416681051254272,1.2796643972396851,1580,966,False,False
2015,2923159,1.0946791172027588,1.0540163516998291,854,699,False,False
2016,2923386,1.3021022081375122,1.4768662452697754,1796,1564,False,False
2017,2925718,1.1012704372406006,1.2784229516983032,344,551,False,False
2018,2926640,1.8887388706207275,1.308789849281311,1814,3912,False,False
2019,2929460,0.99423962831497192,1.3255171775817871,3982,3959,False,False
2020,2930497,0.99001401662826538,1.3802119493484497,384,3146,False,False
2021,2930692,1.1460829973220825,1.2886843681335449,1502,706,False,False
2022,2931540,1.3263159990310669,1.5878876447677612,3939,3900,False,False
2023,2933348,1.0948275327682495,1.3410658836364746,208,103,False,False
2024,2933784,1.4624966382980347,1.4985353946685791,295,346,False,False
2025,2937147,0.38799315690994263,1.3999161720275879,99,2433,False,False
2026,2937782,1.0123111009597778,1.504331111907959,3621,4093,False,False
2027,2938774,1.5383448600769043,1.3093241453170776,3821,1626,False,False
2028,2938876,0.9932064414024353,1.3994649648666382,1969,903,False,False
2029,2941073,0.10615098476409912,1.4288220405578613,3027,2726,False,False
2030,2941099,0.14854083955287933,1.412990927696228,2555,2726,False,False
2031,2941714,0.98109757900238037,1.3679854869842529,232,3959,False,False
2032,2941722,1.5589251518249512,1.4925379753112793,1389,3517,False,False
2033,2942305,1.4709974527359009,1.2892991304397583,2077,2143,False,False
2034,2944814,0.2267528772354126,1.1966844797134399,1739,2433,False,False
2035,2945385,0.36146619915962219,1.4885216951370239,792,2997,False,False
2036,2945678,0.99502450227737427,1.3085852861404419,4023,477,False,False
2037,2945833,1.296875,1.6517293453216553,353,3267,False,False
2038,2946237,1.2864711284637451,1.3005590438842773,4011,3877,False,False
2039,2948096,0.97155231237411499,1.2973271608352661,204,3642,False,False
2040,2950500,1.4405359029769897,1.4879691600799561,3819,3392,False,False
2041,2951203,1.6284313201904297,1.1993130445480347,2892,3604,False,False
2042,2953651,0.42333152890205383,1.3929400444030762,1351,716,False,False
2043,2957006,0.19545070827007294,1.1078402996063232,1206,260,False,False
2044,2957302,0.09019257128238678,1.5864250659942627,144,2997,False,False
2045,2957809,0.6268007755279541,1.3754613399505615,13,1619,False,False
2046,2957992,1.1850720643997192,1.4269288778305054,2470,3267,False,False
2047,2961358,0.055212341248989105,1.5895539522171021,3230,2997,False,False
