recipe,image_id,group,score,image_threshold,above_threshold
Run1 direct256,956906775fe36364e0cef555,calibration_normal,2.092879056930542,2.4000701904296875,False
Run1 direct256,095392cfded6f0c2cb8c7de8,calibration_normal,2.0464668273925781,2.4000701904296875,False
Run1 direct256,4c6b62ea5740038f04527080,calibration_normal,2.0243170261383057,2.4000701904296875,False
Run1 direct256,864a24871853f4ee071e9728,calibration_normal,1.9270844459533691,2.4000701904296875,False
Run1 direct256,e3e53a15454e99370b219ed5,calibration_normal,1.8575527667999268,2.4000701904296875,False
Run1 direct256,06ff726d9e21b212fa7f6291,calibration_normal,1.8886083364486694,2.4000701904296875,False
Run1 direct256,1ab1af080f648bf89a020616,calibration_normal,2.1046226024627686,2.4000701904296875,False
Run1 direct256,ab102a229b6bb0c3df26b639,calibration_normal,1.9986718893051147,2.4000701904296875,False
Run1 direct256,f527d606cb1f64dc19b0d7f4,calibration_normal,1.9929274320602417,2.4000701904296875,False
Run1 direct256,1ca2779c77509095fe9e8337,calibration_normal,1.9132105112075806,2.4000701904296875,False
Run1 direct256,f9c8f4b979d980dc88993139,calibration_normal,1.9864630699157715,2.4000701904296875,False
Run1 direct256,7b57d0a4c0aa679ac82532cb,calibration_normal,2.1298038959503174,2.4000701904296875,False
Run1 direct256,aca487e1bcecb78c22d56a31,calibration_normal,2.217937707901001,2.4000701904296875,False
Run1 direct256,65f16b603ffa4a89bca91660,calibration_normal,1.9420244693756104,2.4000701904296875,False
Run1 direct256,4d7b7cda4091d1c17f00563d,calibration_normal,2.1575961112976074,2.4000701904296875,False
Run1 direct256,66f1c1ef430b56b6f7dfb051,calibration_normal,2.0527842044830322,2.4000701904296875,False
Run1 direct256,16f7ac12020b9fb0663ce6fb,calibration_normal,1.9273124933242798,2.4000701904296875,False
Run1 direct256,a9e5597442bdfbb996511177,calibration_normal,1.9811561107635498,2.4000701904296875,False
Run1 direct256,2cf554aca4c3d9a9781555fd,calibration_normal,1.9038116931915283,2.4000701904296875,False
Run1 direct256,f20a5dba3bb929538cca04b8,calibration_normal,1.87019944190979,2.4000701904296875,False
Run1 direct256,29264c6b2773e1d6fc04a1cf,calibration_normal,1.9692590236663818,2.4000701904296875,False
Run1 direct256,92c9e638b5c71b5395560ff7,calibration_normal,1.9758813381195068,2.4000701904296875,False
Run1 direct256,6b43ebf87627681b154cabde,calibration_normal,1.8640797138214111,2.4000701904296875,False
Run1 direct256,b21320afee8c93e524a200ec,calibration_normal,1.7602390050888062,2.4000701904296875,False
Run1 direct256,1a4f24285d6c559bdea972b2,calibration_normal,2.0773766040802002,2.4000701904296875,False
Run1 direct256,71b64a5d77a95dec19507b7c,calibration_normal,1.939156174659729,2.4000701904296875,False
Run1 direct256,37d81101f3fcc01d5a1efd8a,calibration_normal,1.9703763723373413,2.4000701904296875,False
Run1 direct256,5cfccbf82f4ba95aa416a79b,calibration_normal,1.9140886068344116,2.4000701904296875,False
Run1 direct256,de961b5b424372429ec9d5d5,calibration_normal,2.033543586730957,2.4000701904296875,False
Run1 direct256,48c0a1622b7204e488851ca2,calibration_normal,1.9515796899795532,2.4000701904296875,False
Run1 direct256,b4ac29669c8ff9cc5cfb8515,calibration_normal,2.3022372722625732,2.4000701904296875,False
Run1 direct256,3ad3cd2d193c37520a64ac51,calibration_normal,2.1484067440032959,2.4000701904296875,False
Run1 direct256,13452ab920b13c16081caef4,calibration_normal,1.9146233797073364,2.4000701904296875,False
Run1 direct256,949ba31189da990b746f189c,calibration_normal,1.8989889621734619,2.4000701904296875,False
Run1 direct256,c90f725868648a32cbe9c2de,calibration_normal,1.9913166761398315,2.4000701904296875,False
Run1 direct256,23119e24f887691f83386aa1,calibration_normal,1.9367132186889648,2.4000701904296875,False
Run1 direct256,a874b59b35950a97ccb5460c,calibration_normal,2.0309741497039795,2.4000701904296875,False
Run1 direct256,733cf3579a505b8802a8c9fc,calibration_normal,1.8945324420928955,2.4000701904296875,False
Run1 direct256,22247d3bbfdf9bd895ab2ac9,calibration_normal,1.9840606451034546,2.4000701904296875,False
Run1 direct256,4dafa26196377a1e6132aa2a,calibration_normal,1.8294906616210938,2.4000701904296875,False
Run1 direct256,2f36d93c0e7531d8cbd3f8fb,calibration_normal,1.8136299848556519,2.4000701904296875,False
Run1 direct256,2ab8f47934ac1be3ea9e069e,calibration_normal,2.0706930160522461,2.4000701904296875,False
Run1 direct256,f1b0dafdd8a8a80dd5b765fb,calibration_normal,2.0693392753601074,2.4000701904296875,False
Run1 direct256,227991b4b74034e500f0df1c,calibration_normal,1.928320050239563,2.4000701904296875,False
Run1 direct256,7ec309f954d57e97db290d51,calibration_normal,1.9095244407653809,2.4000701904296875,False
Run1 direct256,e11c1f09840d4dc1ebd4d928,calibration_normal,1.9409084320068359,2.4000701904296875,False
Run1 direct256,9a1e31c6e34ddd7689288f8d,calibration_normal,1.8967058658599854,2.4000701904296875,False
Run1 direct256,7b28d70455b033b2dcf8fc9b,calibration_normal,1.8520997762680054,2.4000701904296875,False
Run1 direct256,cf294101d9cb58b00f86af20,calibration_normal,2.1098072528839111,2.4000701904296875,False
Run1 direct256,324000b9b0bca27635087469,calibration_normal,2.0303909778594971,2.4000701904296875,False
Run1 direct256,536f8bb4ab868beb2e31f26d,calibration_normal,1.9485362768173218,2.4000701904296875,False
Run1 direct256,e1b6e73ea1c1506d975ed678,calibration_normal,1.7864353656768799,2.4000701904296875,False
Run1 direct256,a2c949a8138f285341e36b2f,calibration_normal,2.0570006370544434,2.4000701904296875,False
Run1 direct256,d7a9145ce01694bff79df75d,calibration_normal,2.3038718700408936,2.4000701904296875,False
Run1 direct256,246401551a490c038fea39f9,calibration_normal,1.9574962854385376,2.4000701904296875,False
Run1 direct256,91a53ffa9a9338037b8e17c8,calibration_normal,2.2400248050689697,2.4000701904296875,False
Run1 direct256,47116b444c82d0369db43d96,calibration_normal,1.9779198169708252,2.4000701904296875,False
Run1 direct256,24b3c56123ac64d1a9558c5c,calibration_normal,1.8990951776504517,2.4000701904296875,False
Run1 direct256,e6609a47285a2ca7bfb00eb9,calibration_normal,1.9719353914260864,2.4000701904296875,False
Run1 direct256,e3c620f36e2c8b42669883e5,calibration_normal,2.0851089954376221,2.4000701904296875,False
Run1 direct256,234dc1c4cebdbd3e6d5e5727,calibration_normal,2.0828471183776855,2.4000701904296875,False
Run1 direct256,88f40bec509ce6e57bea78d9,calibration_normal,1.9786549806594849,2.4000701904296875,False
Run1 direct256,a233a3f48172c63ee3e1806d,calibration_normal,1.8895107507705688,2.4000701904296875,False
Run1 direct256,3e422aa56ea3f356fce6def4,calibration_normal,1.9011350870132446,2.4000701904296875,False
Run1 direct256,8d077417dac7a451e93c53f1,calibration_normal,1.9858520030975342,2.4000701904296875,False
Run1 direct256,c16f99d1343b93c818bca622,calibration_normal,2.0392251014709473,2.4000701904296875,False
Run1 direct256,e5f3751472ef268122f4ebd7,calibration_normal,2.247387170791626,2.4000701904296875,False
Run1 direct256,756021a17afa68fce3c94973,calibration_normal,1.8952887058258057,2.4000701904296875,False
Run1 direct256,e886a4200bf8dd2df2c08208,calibration_normal,1.8645040988922119,2.4000701904296875,False
Run1 direct256,211edff6d9d81f2a05d576a3,calibration_normal,2.063305139541626,2.4000701904296875,False
Run1 direct256,a6a57f9e79100cebf512f1db,calibration_normal,1.9859009981155396,2.4000701904296875,False
Run1 direct256,7c25bbd729f4e67f0ba3b0c3,calibration_normal,2.1967806816101074,2.4000701904296875,False
Run1 direct256,407ddd75b9a741fbf7c2fc56,calibration_normal,1.9633692502975464,2.4000701904296875,False
Run1 direct256,dfcd151cdd744ec8b82ef4cb,calibration_normal,1.9100935459136963,2.4000701904296875,False
Run1 direct256,1331a43b8f8468b25687bbb1,calibration_normal,1.855124831199646,2.4000701904296875,False
Run1 direct256,0782ee2d3e27c17669e754fd,calibration_normal,2.0001928806304932,2.4000701904296875,False
Run1 direct256,29e44f2b4f980e145cc4125b,calibration_normal,1.99974524974823,2.4000701904296875,False
Run1 direct256,f0255799928a080b703707e8,calibration_normal,1.9162484407424927,2.4000701904296875,False
Run1 direct256,fe191a0f5ae4e2fdc30865c4,calibration_normal,1.8316850662231445,2.4000701904296875,False
Run1 direct256,0f10ec6b2c6099afc1ecdf33,calibration_normal,1.987877368927002,2.4000701904296875,False
Run1 direct256,88a81931af12ae641c3003e2,calibration_normal,1.8480621576309204,2.4000701904296875,False
Run1 direct256,79f7638434c26e85711b79ab,calibration_normal,1.85565185546875,2.4000701904296875,False
Run1 direct256,9e5bf038c530c2e6cf8f8f1e,calibration_normal,2.3965504169464111,2.4000701904296875,False
Run1 direct256,e3f0081cc53bd43ee9d33f0d,calibration_normal,2.1156759262084961,2.4000701904296875,False
Run1 direct256,7a0a7f5587546bec8f98d482,calibration_normal,2.1471784114837646,2.4000701904296875,False
Run1 direct256,6d572dc3c3542f6f662ad217,calibration_normal,1.9117950201034546,2.4000701904296875,False
Run1 direct256,b2d67f8bb481dbdac6986bd2,calibration_normal,2.0947983264923096,2.4000701904296875,False
Run1 direct256,8738d9f894d9becb89444125,calibration_normal,1.9648691415786743,2.4000701904296875,False
Run1 direct256,aaff53ff93370e8c7d895c72,calibration_normal,1.8422993421554565,2.4000701904296875,False
Run1 direct256,d3fb37bb17fc2c3ad8bca0e0,calibration_normal,1.9124462604522705,2.4000701904296875,False
Run1 direct256,e622b62f32f6eb72ed6a5949,calibration_normal,1.9411860704421997,2.4000701904296875,False
Run1 direct256,861df9abcfea18b20057ec0e,calibration_normal,1.9327173233032227,2.4000701904296875,False
Run1 direct256,52397c2b4017a4a648564309,calibration_normal,1.9112410545349121,2.4000701904296875,False
Run1 direct256,2dbee3a3d59a98193ef9a19f,calibration_normal,1.9249876737594604,2.4000701904296875,False
Run1 direct256,cbd5704ce48ac6be43a4557f,calibration_normal,1.9803097248077393,2.4000701904296875,False
Run1 direct256,7a6cffd6d8ec96a2e62652fe,calibration_normal,1.9684326648712158,2.4000701904296875,False
Run1 direct256,bc15f1f7e1b1d82bb4971b6a,calibration_normal,1.9631658792495728,2.4000701904296875,False
Run1 direct256,8734b8355da1d20df1bf8041,calibration_normal,2.1674568653106689,2.4000701904296875,False
Run1 direct256,cf9e8ca03ce9894cb824af69,calibration_normal,2.4264504909515381,2.4000701904296875,True
Run1 direct256,f0222587d2a43299f99a4659,calibration_normal,1.98949134349823,2.4000701904296875,False
Run1 direct256,200d9bb7b8c6d74fa49d5f5e,calibration_normal,2.2702572345733643,2.4000701904296875,False
Run1 direct256,004d895dc5990ee7d7ca573b,calibration_normal,1.9686233997344971,2.4000701904296875,False
Run1 direct256,8ec4b6bb9475504521da8b86,calibration_normal,1.8637409210205078,2.4000701904296875,False
Run1 direct256,b0780facd7b3fa47dae834e2,calibration_normal,1.92339026927948,2.4000701904296875,False
Run1 direct256,d7ff54c7b4657ca3abb8760c,calibration_normal,1.9498722553253174,2.4000701904296875,False
Run1 direct256,432dd58fa4ffb3c3fdaa4956,calibration_normal,2.0511369705200195,2.4000701904296875,False
Run1 direct256,e38956da9055feecc471f925,calibration_normal,1.849290132522583,2.4000701904296875,False
Run1 direct256,a225a34cb357c4d82bc3ea46,calibration_normal,1.9124869108200073,2.4000701904296875,False
Run1 direct256,d89eedca0380c77cb1f679c6,calibration_normal,1.8220986127853394,2.4000701904296875,False
Run1 direct256,75163185d2b9a8f78c0a3014,calibration_normal,1.9971277713775635,2.4000701904296875,False
Run1 direct256,fd6f0fdcc075bbe32d98e730,calibration_normal,2.1079895496368408,2.4000701904296875,False
Run1 direct256,568939b28e0d8b214b43f363,calibration_normal,1.8572273254394531,2.4000701904296875,False
Run1 direct256,97a3b1a85b5e73acb97316d1,calibration_normal,2.0771510601043701,2.4000701904296875,False
Run1 direct256,e2b572224a26b59cbb4e1548,calibration_normal,2.1776132583618164,2.4000701904296875,False
Run1 direct256,904fa395fceaa6ca57d95e57,calibration_normal,2.2695033550262451,2.4000701904296875,False
Run1 direct256,b634be64baa5c6d442e0ecc1,calibration_normal,2.2550556659698486,2.4000701904296875,False
Run1 direct256,ac2c49cb91d031f3aa11169c,calibration_normal,2.3096864223480225,2.4000701904296875,False
Run1 direct256,33b5fa432e6f35fb6d7081c4,calibration_normal,2.1549291610717773,2.4000701904296875,False
Run1 direct256,a7561e96de8cce01921490d5,calibration_normal,2.5334053039550781,2.4000701904296875,True
Run1 direct256,82e8cafc4b4595142de63a65,calibration_normal,2.2624788284301758,2.4000701904296875,False
Run1 direct256,8c088ade71ac879ee65fe7ba,calibration_normal,2.4833862781524658,2.4000701904296875,True
Run1 direct256,ed56d58b655aafc668aa0f72,calibration_normal,2.2250282764434814,2.4000701904296875,False
Run1 direct256,ebb9e96ecf5dd9628c1aa2bc,calibration_normal,2.1784775257110596,2.4000701904296875,False
Run1 direct256,ef956842fa9271445b15d84e,calibration_normal,2.2932085990905762,2.4000701904296875,False
Run1 direct256,9185c49f7e0d2be3258ad3d5,calibration_normal,2.1619257926940918,2.4000701904296875,False
Run1 direct256,b8b972a3535439762a8596e1,calibration_normal,2.434438943862915,2.4000701904296875,True
Run1 direct256,9a67d094cb8b2043aff88d44,calibration_normal,2.4069547653198242,2.4000701904296875,True
Run1 direct256,03cb98bca86f2412527cc23c,calibration_normal,2.2396149635314941,2.4000701904296875,False
Run1 direct256,c9bf14416670a64f85d75c3a,calibration_normal,2.2357301712036133,2.4000701904296875,False
Run1 direct256,4e133a1f2e41111244f56807,calibration_normal,2.3613250255584717,2.4000701904296875,False
Run1 direct256,f18a1177d401be709ed8eb16,calibration_normal,2.2451369762420654,2.4000701904296875,False
Run1 direct256,2211e6a475c92ee3b1e44c71,calibration_normal,2.1288383007049561,2.4000701904296875,False
Run1 direct256,1c338dfb5770538e9a4969ef,calibration_normal,2.4098660945892334,2.4000701904296875,True
Run1 direct256,bf43915a60371e0a7becb1cf,calibration_normal,2.2590663433074951,2.4000701904296875,False
Run1 direct256,42586144de6a4ea3b2272397,calibration_normal,2.3373374938964844,2.4000701904296875,False
Run1 direct256,e040511ff60c11a3a4879652,calibration_normal,2.3515820503234863,2.4000701904296875,False
Run1 direct256,427759ef34c35bcd2361b74c,calibration_normal,2.3791038990020752,2.4000701904296875,False
Run1 direct256,7f0bca46a04f79da70a6cacf,calibration_normal,2.2660567760467529,2.4000701904296875,False
Run1 direct256,c4ad891f4cd45225080667c1,calibration_normal,2.3847832679748535,2.4000701904296875,False
Run1 direct256,17bc2dfc77d1741d77a0c528,calibration_normal,2.3496356010437012,2.4000701904296875,False
Run1 direct256,cfc6e178ed0fd4aa2b12694a,calibration_normal,2.3824658393859863,2.4000701904296875,False
Run1 direct256,716249a98a8e0b6cad7c6107,calibration_normal,2.2394425868988037,2.4000701904296875,False
Run1 direct256,5d11280abccc2b6b7c6617e3,calibration_normal,2.5070436000823975,2.4000701904296875,True
Run1 direct256,f968d8638d3d5a6e5ff6ca7c,calibration_normal,2.3292081356048584,2.4000701904296875,False
Run1 direct256,205b1a09bc4cb1b12e518a64,calibration_normal,2.4915900230407715,2.4000701904296875,True
Run1 direct256,b00883f17f7fafa1b8c8e43f,calibration_normal,2.201481819152832,2.4000701904296875,False
Run1 direct256,0510fc11628d84ecbb6ea63a,calibration_normal,2.0975155830383301,2.4000701904296875,False
Run1 direct256,9723cc38dc10c70816004fa2,calibration_normal,2.2225027084350586,2.4000701904296875,False
Run1 direct256,d3d83542e27f2321ad358195,calibration_normal,2.3978507518768311,2.4000701904296875,False
Run1 direct256,40c4c503e27ad32df0d7e9ef,calibration_normal,2.4139177799224854,2.4000701904296875,True
Run1 direct256,039d9465505e39c0aabedb0a,calibration_normal,2.4000701904296875,2.4000701904296875,False
Run1 direct256,938cbe83e9a5c3943633d6ea,calibration_normal,2.1572682857513428,2.4000701904296875,False
Run1 direct256,b0f9d3bb5de4c53136ffc3d1,calibration_normal,2.2710971832275391,2.4000701904296875,False
Run1 direct256,d8e812c9704102c6d56d59b6,calibration_normal,1.8614565134048462,2.4000701904296875,False
Run1 direct256,6ea81f0a8720889aa87a1def,calibration_normal,2.0826170444488525,2.4000701904296875,False
Run1 direct256,17869493283a0bb550c296b1,calibration_normal,1.9789469242095947,2.4000701904296875,False
Run1 direct256,a6ccd48c62f446862b7bba76,calibration_normal,2.0950193405151367,2.4000701904296875,False
Run1 direct256,b15e6be6eceb16fdb57d5be7,calibration_normal,1.9101654291152954,2.4000701904296875,False
Run1 direct256,5a73cc9910bd098797c42298,calibration_normal,1.9935564994812012,2.4000701904296875,False
Run1 direct256,b92468455ea7ed6b1272b9e6,calibration_normal,1.9505282640457153,2.4000701904296875,False
Run1 direct256,e17a6dd24e62c0c3fed61642,calibration_normal,2.1016037464141846,2.4000701904296875,False
Run1 direct256,ba3ae522ee7b33da0d790372,calibration_normal,1.8419734239578247,2.4000701904296875,False
Run1 direct256,871a8e359fe7d4bd0129cbdf,calibration_normal,1.981010913848877,2.4000701904296875,False
Run1 direct256,5ebb520fec07bb3b51e5e2e6,calibration_normal,2.175250768661499,2.4000701904296875,False
Run1 direct256,ee67739a1a2216f9f50575d1,calibration_normal,2.0524666309356689,2.4000701904296875,False
Run1 direct256,c7816a50b4a6852d7789a442,calibration_normal,2.0519280433654785,2.4000701904296875,False
Run1 direct256,303b3869299ef3c29eef8049,calibration_normal,1.9777470827102661,2.4000701904296875,False
Run1 direct256,a9d578dde6d3b3ae83cbd1e3,calibration_normal,2.2378349304199219,2.4000701904296875,False
Run1 direct256,99e879defb574d451788acee,calibration_normal,1.9743242263793945,2.4000701904296875,False
Run1 direct256,f53d537a9d69d551c02f92b4,calibration_normal,2.0899178981781006,2.4000701904296875,False
Run1 direct256,332798b6d96d672ca2315296,calibration_normal,2.2210390567779541,2.4000701904296875,False
Run1 direct256,335d198b3c43c8df4eb14a3d,calibration_normal,2.0099644660949707,2.4000701904296875,False
Run1 direct256,0a3849c8ce59b47344c3e882,calibration_normal,1.7590861320495605,2.4000701904296875,False
Run1 direct256,36731a2f94c1ba2748129997,calibration_normal,2.0504915714263916,2.4000701904296875,False
Run1 direct256,1e96dae2ccfe031404154c33,calibration_normal,1.8357747793197632,2.4000701904296875,False
Run1 direct256,94e842f89cd2061fd4ce3fa9,calibration_normal,1.9434866905212402,2.4000701904296875,False
Run1 direct256,38ff03b08012f368d777b730,calibration_normal,1.9549880027770996,2.4000701904296875,False
Run1 direct256,2748e3edd4e5c71b1120c414,calibration_normal,2.0927748680114746,2.4000701904296875,False
Run1 direct256,e8761d0ff99dff32d2660600,calibration_normal,1.8479313850402832,2.4000701904296875,False
Run1 direct256,cefe29f3c9cc4e06cbcce772,calibration_normal,2.1820955276489258,2.4000701904296875,False
Run1 direct256,043fb91d46e147537a5c87bb,calibration_normal,1.9377402067184448,2.4000701904296875,False
Run1 direct256,556667850af971635cb30fff,development_normal,1.9585174322128296,2.4000701904296875,False
Run1 direct256,cbfed2d91c4d35a51150b3e9,development_normal,1.8779479265213013,2.4000701904296875,False
Run1 direct256,491b4556c783776b10d624da,development_normal,2.0666267871856689,2.4000701904296875,False
Run1 direct256,2a49642847cbe676f49bd4a1,development_normal,1.8622652292251587,2.4000701904296875,False
Run1 direct256,0dba220ba6fb75f467422d47,development_normal,2.1298463344573975,2.4000701904296875,False
Run1 direct256,f0459370faa43efcf8bca2c8,development_normal,1.9478057622909546,2.4000701904296875,False
Run1 direct256,1e05b0d5671299cfd7543018,development_normal,1.7678403854370117,2.4000701904296875,False
Run1 direct256,463d50ba01a9a4ad0655511c,development_normal,1.9214961528778076,2.4000701904296875,False
Run1 direct256,79fc5ec6e3c3615ea82fd202,development_normal,2.0184645652770996,2.4000701904296875,False
Run1 direct256,251d402d8f2192e1ad51e756,development_normal,1.8249574899673462,2.4000701904296875,False
Run1 direct256,4126de2e066d240b3f7186f7,development_normal,1.849461555480957,2.4000701904296875,False
Run1 direct256,7fca7f998a90ae309e8d2601,development_normal,1.8674882650375366,2.4000701904296875,False
Run1 direct256,50d15478cc2eed94a03b73fb,development_normal,1.9479659795761108,2.4000701904296875,False
Run1 direct256,b7532bc4c5961ede826a7b14,development_normal,2.0732805728912354,2.4000701904296875,False
Run1 direct256,2808405920efb8f612858a20,development_normal,2.0180597305297852,2.4000701904296875,False
Run1 direct256,5fd73fb69558e1b061b9ef9f,development_normal,1.8789248466491699,2.4000701904296875,False
Run1 direct256,c1589f1e5cb0f45a4572c9f8,development_normal,2.0293455123901367,2.4000701904296875,False
Run1 direct256,a25aa8366e034a3772cd4eaf,development_normal,1.9641835689544678,2.4000701904296875,False
Run1 direct256,b058b076cbe1f3aa73777223,development_normal,1.9288328886032104,2.4000701904296875,False
Run1 direct256,ca2a5d83fa709ec818761d2d,development_normal,2.0535821914672852,2.4000701904296875,False
Run1 direct256,cc382503edb83f7a1d103fae,development_normal,1.9738297462463379,2.4000701904296875,False
Run1 direct256,6bb3f94762876b037978efe5,development_normal,1.823127269744873,2.4000701904296875,False
Run1 direct256,2d9785bfcf1a7dc74d0fbf98,development_normal,1.9874083995819092,2.4000701904296875,False
Run1 direct256,00b64bd580c8d09f962d7bb7,development_normal,1.8568263053894043,2.4000701904296875,False
Run1 direct256,21e6fa47368b66a47c75f924,development_normal,1.9420266151428223,2.4000701904296875,False
Run1 direct256,4076f6bfb6953866c349e268,development_normal,1.7955213785171509,2.4000701904296875,False
Run1 direct256,3f63eec4c68e447f5194cad6,development_normal,2.722851037979126,2.4000701904296875,True
Run1 direct256,0438e965f1679055ec619e77,development_normal,2.0872838497161865,2.4000701904296875,False
Run1 direct256,890903084496d64321ddd732,development_normal,1.8658801317214966,2.4000701904296875,False
Run1 direct256,4e75be47e80286aa75c2a052,development_normal,1.9396312236785889,2.4000701904296875,False
Run1 direct256,1042f3dd45c162558c45200f,development_normal,1.9658198356628418,2.4000701904296875,False
Run1 direct256,78240ede377ebee702114fdc,development_normal,1.9785925149917603,2.4000701904296875,False
Run1 direct256,2f0c4c52a767a109c60bb6ce,development_normal,1.9126205444335938,2.4000701904296875,False
Run1 direct256,47333b633851172c9f062795,development_normal,2.0513112545013428,2.4000701904296875,False
Run1 direct256,c1fc84b66b7e7871b424b484,development_normal,2.1375477313995361,2.4000701904296875,False
Run1 direct256,9020fd5340397a9b81e2f509,development_normal,2.0213449001312256,2.4000701904296875,False
Run1 direct256,c00f11dd1e9e8759f290ab80,development_normal,2.0694167613983154,2.4000701904296875,False
Run1 direct256,770ad2a69864e439b192c236,development_normal,2.0763924121856689,2.4000701904296875,False
Run1 direct256,c01658744c534f03ed9f4e93,development_normal,2.1483709812164307,2.4000701904296875,False
Run1 direct256,37e7b42bc75d5b019ed8f890,development_normal,1.8513138294219971,2.4000701904296875,False
Run1 direct256,50b94b6bb6440330d03cf03c,development_normal,1.9549810886383057,2.4000701904296875,False
Run1 direct256,749f9feb6032b5b2e06600c6,development_normal,2.1716949939727783,2.4000701904296875,False
Run1 direct256,590f1df98441884c4fd7ad21,development_normal,1.9811042547225952,2.4000701904296875,False
Run1 direct256,26f548b22a3fb7168ac0bffc,development_normal,2.1172609329223633,2.4000701904296875,False
Run1 direct256,60e0210da58a698ef2b9d297,development_normal,1.9849539995193481,2.4000701904296875,False
Run1 direct256,b83892b2662e523e63bdd68e,development_normal,1.9351708889007568,2.4000701904296875,False
Run1 direct256,e4b8f8664a72da3d41fe0361,development_normal,2.0512406826019287,2.4000701904296875,False
Run1 direct256,5b5d277bc5ee2ffca0f3ada6,development_normal,2.0047295093536377,2.4000701904296875,False
Run1 direct256,3262a9232e141085b36a6c7e,development_normal,1.9333128929138184,2.4000701904296875,False
Run1 direct256,92e5c81770474cceb0fab794,development_normal,1.9969550371170044,2.4000701904296875,False
Run1 direct256,85a25f1c3a7e0dd4cb2ec7a6,development_normal,1.9300316572189331,2.4000701904296875,False
Run1 direct256,122c351f4783e562322ae0b4,development_normal,2.4754114151000977,2.4000701904296875,True
Run1 direct256,a768ba39fe2237fb19491ff3,development_normal,2.3642535209655762,2.4000701904296875,False
Run1 direct256,cf7bde26ebeb128101689e87,development_normal,2.3483214378356934,2.4000701904296875,False
Run1 direct256,c2cb0c43c0ca98cca3fb3747,development_normal,2.2874758243560791,2.4000701904296875,False
Run1 direct256,f88884345b9a3f0e3d62f4c4,development_normal,2.4011156558990479,2.4000701904296875,True
Run1 direct256,ba73472d0152531aab096510,development_normal,2.4303364753723145,2.4000701904296875,True
Run1 direct256,8dc18a3f70fab36098dd0d52,development_normal,2.1634194850921631,2.4000701904296875,False
Run1 direct256,c373f1e8d89bb18df5ca4b77,development_normal,2.3629345893859863,2.4000701904296875,False
Run1 direct256,5a4cfc749e5301a5b31a22c4,development_normal,2.4124667644500732,2.4000701904296875,True
Run1 direct256,e42a8414f718895b1721abec,development_normal,2.3021464347839355,2.4000701904296875,False
Run1 direct256,7895eccb31b5b2a85262e062,development_normal,2.3356273174285889,2.4000701904296875,False
Run1 direct256,0cf3e157e4c0e17cd58cc981,development_normal,2.1650059223175049,2.4000701904296875,False
Run1 direct256,da356b58499dca132a6d67b6,development_normal,2.2120659351348877,2.4000701904296875,False
Run1 direct256,f9d2b6149075e1d272a14267,development_normal,2.2822771072387695,2.4000701904296875,False
Run1 direct256,725fabcc4c44c5ee51246d78,development_normal,2.1618630886077881,2.4000701904296875,False
Run1 direct256,420fdcf5c247957d9c950174,development_normal,2.5806682109832764,2.4000701904296875,True
Run1 direct256,3dda55abf4ae34b8adcb4e65,development_normal,2.4495713710784912,2.4000701904296875,True
Run1 direct256,eef86025d524ff6dfd52ad1c,development_normal,2.1912295818328857,2.4000701904296875,False
Run1 direct256,a64830cbe19e5ca56ad89629,development_normal,2.2110142707824707,2.4000701904296875,False
Run1 direct256,71c67983c6d96f70049d9ac6,development_normal,2.2842104434967041,2.4000701904296875,False
Run1 direct256,46583c79db81086d05eed549,development_normal,2.3038640022277832,2.4000701904296875,False
Run1 direct256,30967b1394262f3786dbc812,development_normal,2.5206813812255859,2.4000701904296875,True
Run1 direct256,c1c7961f1378e8dad399290f,development_normal,2.3403966426849365,2.4000701904296875,False
Run1 direct256,74e3591b66d5b59925b026b8,development_normal,2.1619257926940918,2.4000701904296875,False
Run1 direct256,cce23dc9ed8f89aeedb38811,development_normal,2.210468053817749,2.4000701904296875,False
Run1 direct256,156f5d883036b4cc5f95980d,development_normal,2.1543359756469727,2.4000701904296875,False
Run1 direct256,b763db5ef601318b84ff6946,development_normal,2.2881851196289062,2.4000701904296875,False
Run1 direct256,1c6b7a93d59f386e27b64780,development_normal,2.270716667175293,2.4000701904296875,False
Run1 direct256,6d2bad128a1ab5061fb42af5,development_normal,2.3410775661468506,2.4000701904296875,False
Run1 direct256,3a39d097d286e1453c1467fc,development_normal,2.3318731784820557,2.4000701904296875,False
Run1 direct256,7aa55a1abfbcccf798285c97,development_normal,2.3343300819396973,2.4000701904296875,False
Run1 direct256,23df30821328eba2553753c3,development_normal,2.2656834125518799,2.4000701904296875,False
Run1 direct256,e7094972aed37eec180929cb,development_normal,2.0741794109344482,2.4000701904296875,False
Run1 direct256,7e097e31d56b3e6629e11194,development_normal,2.0822582244873047,2.4000701904296875,False
Run1 direct256,d0a03a58633036a118803633,development_normal,1.9833848476409912,2.4000701904296875,False
Run1 direct256,9c8ffbaf9ffa7a56b654d1f1,development_normal,1.8806265592575073,2.4000701904296875,False
Run1 direct256,61aef9a6b5d0c6bcb75b1266,development_normal,2.0966343879699707,2.4000701904296875,False
Run1 direct256,2a88f74644bac5ccdedb5aeb,development_normal,2.6647951602935791,2.4000701904296875,True
Run1 direct256,19b63757ea88b3963e7004e0,development_normal,1.9760761260986328,2.4000701904296875,False
Run1 direct256,4fa1a001da9cb7eb8c7fb3ae,development_normal,1.8282290697097778,2.4000701904296875,False
Run1 direct256,eab554e08045a3856fa203bc,development_normal,1.8053117990493774,2.4000701904296875,False
Run1 direct256,30f2a82e3553a151af9f0e20,development_normal,2.0519852638244629,2.4000701904296875,False
Run1 direct256,f42f9a075db5a562ffec3770,development_normal,1.9461410045623779,2.4000701904296875,False
Run1 direct256,ed960dd36746d6c7a28d527d,development_normal,1.9092954397201538,2.4000701904296875,False
Run1 direct256,e480b5ced51ba8c3a59cf8dd,development_normal,2.2311196327209473,2.4000701904296875,False
Run1 direct256,9a6ab4df3b2ef0d2b7859652,development_normal,1.930275559425354,2.4000701904296875,False
Run1 direct256,9ac51c113742157b45e40d79,development_normal,1.8546197414398193,2.4000701904296875,False
Run1 direct256,f50bf0a6b60c8a6ac945231b,development_normal,2.1436371803283691,2.4000701904296875,False
Run1 direct256,bfa8a3427a285784650ef7d2,development_normal,1.9761685132980347,2.4000701904296875,False
Run1 direct256,06f40448dee1a930bf10c4ea,development_anomaly,2.4277660846710205,2.4000701904296875,True
Run1 direct256,2f825d9d344c559d7d72cdec,development_anomaly,2.3317499160766602,2.4000701904296875,False
Run1 direct256,de960b7437d8b5f529bf279f,development_anomaly,2.4450919628143311,2.4000701904296875,True
Run1 direct256,acb837b71ab9fc67f9faee80,development_anomaly,2.6610844135284424,2.4000701904296875,True
Run1 direct256,c6d0a9a2fa5268e44909c6fa,development_anomaly,2.7384305000305176,2.4000701904296875,True
Run1 direct256,efd3a55951e74b6f4ee6bc3e,development_anomaly,2.7761702537536621,2.4000701904296875,True
Run1 direct256,d974322eff775a646b101f0e,development_anomaly,2.3960638046264648,2.4000701904296875,False
Run1 direct256,b0700bc6b29aae01a84814ed,development_anomaly,2.3226809501647949,2.4000701904296875,False
Run1 direct256,937e457652aea2b05a14772c,development_anomaly,2.8914687633514404,2.4000701904296875,True
Run1 direct256,8c0f93633237201e215dfe01,development_anomaly,2.9067645072937012,2.4000701904296875,True
Run1 direct256,fba1a82359c4e960a7f81c43,development_anomaly,3.1502938270568848,2.4000701904296875,True
Run1 direct256,d9a35e62add18f84d5fe6ab2,development_anomaly,2.7155063152313232,2.4000701904296875,True
Run1 direct256,5d14f6175a2be9fad38b82eb,development_anomaly,2.8383646011352539,2.4000701904296875,True
Run1 direct256,cc46aee3364a0a34fe29d893,development_anomaly,2.6939411163330078,2.4000701904296875,True
Run1 direct256,99eaf79ae38a0e02fd89262b,development_anomaly,3.3550314903259277,2.4000701904296875,True
Run1 direct256,cc6f2b8f5db2df27cc8f45d7,development_anomaly,2.3109142780303955,2.4000701904296875,False
Run1 direct256,0544dcfb259d8b0c921e8cf2,development_anomaly,2.6191484928131104,2.4000701904296875,True
Run1 direct256,e96fc0a78e0f560962fe98b9,development_anomaly,2.1221661567687988,2.4000701904296875,False
Run1 direct256,b2665a4734aca10982f55f97,development_anomaly,2.338179349899292,2.4000701904296875,False
Run1 direct256,19ddc36fffb2ae41a480851f,development_anomaly,2.3912084102630615,2.4000701904296875,False
Run1 direct256,37a5f7103193e235d49f1e76,development_anomaly,2.3741374015808105,2.4000701904296875,False
Run1 direct256,5461e26868dd5bd657830961,development_anomaly,2.4406356811523438,2.4000701904296875,True
Run1 direct256,b8888974f860bf6b0c0215c8,development_anomaly,2.1493303775787354,2.4000701904296875,False
Run1 direct256,d5d1387098de672909855830,development_anomaly,2.3927383422851562,2.4000701904296875,False
Run1 direct256,a1ac0b3e3bb6fa4e732f03c5,development_anomaly,2.3677494525909424,2.4000701904296875,False
Run1 direct256,401b8aaa829c62cd6e5e4b37,development_anomaly,2.2670021057128906,2.4000701904296875,False
Run1 direct256,cf0b7d2b92f0fb2e900016bc,development_anomaly,2.3616981506347656,2.4000701904296875,False
Run1 direct256,0aef9397e857664be50586e6,development_anomaly,2.3139231204986572,2.4000701904296875,False
Run1 direct256,058e7c1cfa361985e0c768c7,development_anomaly,2.4653701782226562,2.4000701904296875,True
Run1 direct256,f0259e5eda4cbee36218f2e8,development_anomaly,2.2662522792816162,2.4000701904296875,False
Run1 direct256,52249861bad3bd5cc6943c9b,development_anomaly,2.3339693546295166,2.4000701904296875,False
Run1 direct256,2f84a33fef692ee5bf520862,development_anomaly,2.1879532337188721,2.4000701904296875,False
Run1 direct256,a9b088cb5fbeb8650e53adca,development_anomaly,2.6121399402618408,2.4000701904296875,True
Run1 direct256,fc0e0c77761b585a8ee21495,development_anomaly,2.3949005603790283,2.4000701904296875,False
Run1 direct256,c3d4944f94350960e97d6e48,development_anomaly,2.5680222511291504,2.4000701904296875,True
Run1 direct256,5c7634efa4149dc1c41b584a,development_anomaly,2.3464186191558838,2.4000701904296875,False
Run1 direct256,8d0cec0332c073969b2b983b,development_anomaly,2.1900708675384521,2.4000701904296875,False
Run1 direct256,868416b86aae26b7d6e9d885,development_anomaly,2.1572127342224121,2.4000701904296875,False
Run1 direct256,818f50144b35ecb779aabdf6,development_anomaly,2.5346286296844482,2.4000701904296875,True
Run1 direct256,9ed49634ee0c9fa6fe0a2752,development_anomaly,2.4800186157226562,2.4000701904296875,True
Run1 direct256,203c5e27d6a34c52a904149b,development_anomaly,3.2015848159790039,2.4000701904296875,True
Run1 direct256,7a8d7f208fe54661aac4c264,development_anomaly,3.8233118057250977,2.4000701904296875,True
Run1 direct256,f4849b27e3a9671e0d552fa1,development_anomaly,2.8360395431518555,2.4000701904296875,True
Run1 direct256,195e220a16863d9f12a1bbe2,development_anomaly,3.8972678184509277,2.4000701904296875,True
Run1 direct256,3a4bfd8639e5c413622c95d7,development_anomaly,3.4428672790527344,2.4000701904296875,True
Run1 direct256,a5ea8d7cc5f3fe4879fe2a2d,development_anomaly,3.573305606842041,2.4000701904296875,True
Run1 direct256,2bd9079483b74cb788201bf4,development_anomaly,4.0498156547546387,2.4000701904296875,True
Run1 direct256,87158bd8ef0b4800fac96184,development_anomaly,2.2131609916687012,2.4000701904296875,False
Run1 direct256,9df2670f76428def52163447,development_anomaly,2.302325963973999,2.4000701904296875,False
Run1 direct256,43ed28b7189e5aecf0912bd1,development_anomaly,2.1172733306884766,2.4000701904296875,False
Run1 direct256,941fc11ace7235f6a8c754a4,development_anomaly,3.7992339134216309,2.4000701904296875,True
Run1 direct256,ca6517206c7ed606f1334b73,development_anomaly,2.4691767692565918,2.4000701904296875,True
Run1 direct256,e291315ff3baf606d5b6f512,development_anomaly,2.3496220111846924,2.4000701904296875,False
Run1 direct256,f8c75b3d35149a713c6f9194,development_anomaly,3.1124095916748047,2.4000701904296875,True
Run1 direct256,de611bce473c840af8adafcd,development_anomaly,3.3806717395782471,2.4000701904296875,True
Run1 direct256,2f3b6929e46e26cbd6efaf83,development_anomaly,3.081268310546875,2.4000701904296875,True
Run1 direct256,58c7b18bac131308bc92b375,development_anomaly,3.1030941009521484,2.4000701904296875,True
Run1 direct256,717172f0116db667e0dce7d7,development_anomaly,2.3060336112976074,2.4000701904296875,False
Run1 direct256,2f63d640d4f13c0be8d245aa,development_anomaly,2.2607412338256836,2.4000701904296875,False
Run1 direct256,59093f01f637a9d6917b2974,development_anomaly,3.2913508415222168,2.4000701904296875,True
Run1 direct256,28cfef727f84eaa01e9e5c2f,development_anomaly,2.1099369525909424,2.4000701904296875,False
Run1 direct256,ed801f703c4806f247f18f48,development_anomaly,2.1632010936737061,2.4000701904296875,False
Run1 direct256,1d91386b1f478d2daa4db014,development_anomaly,2.332686185836792,2.4000701904296875,False
Run1 direct256,016abd4045700c4284b5e89c,development_anomaly,2.4111950397491455,2.4000701904296875,True
Run1 direct256,2dda7ca3f73238832b2ca1a1,development_anomaly,2.2925355434417725,2.4000701904296875,False
Run1 direct256,d513967cbf2cbf166191b214,development_anomaly,2.4410827159881592,2.4000701904296875,True
Run1 direct256,9663d051f8bd8b2f73b6865a,development_anomaly,2.4179606437683105,2.4000701904296875,True
Run1 direct256,f512f563bc839ae91c3233a3,development_anomaly,2.3009583950042725,2.4000701904296875,False
Run1 direct256,101fcc171c95b290221f360e,development_anomaly,2.7786471843719482,2.4000701904296875,True
Run1 direct256,dbfcb690087fc5c6e36dc581,development_anomaly,2.3645079135894775,2.4000701904296875,False
Run1 direct256,f11d875c11fa86f5bb6e1a71,development_anomaly,2.7449893951416016,2.4000701904296875,True
Run1 direct256,d350b5790f9636c1195fe4fa,development_anomaly,2.5183417797088623,2.4000701904296875,True
Run1 direct256,22de1b996a922d9d0db53c92,development_anomaly,2.4686243534088135,2.4000701904296875,True
Run1 direct256,b8931522a714116c4dd2ec42,development_anomaly,2.3213181495666504,2.4000701904296875,False
Run1 direct256,7adbebfe65a2433dc4c13658,development_anomaly,2.3227365016937256,2.4000701904296875,False
Run1 direct256,5134ff6eb4cbd37e5c32664a,development_anomaly,2.2400789260864258,2.4000701904296875,False
Run1 direct256,ae7f2a6fa10101021813040a,development_anomaly,2.268341064453125,2.4000701904296875,False
Run1 direct256,d72dd10cae3fe674b0e231bd,development_anomaly,2.5801758766174316,2.4000701904296875,True
Run1 direct256,f354f7c22295245113ee90eb,development_anomaly,2.4433705806732178,2.4000701904296875,True
Run1 direct256,2f46384a7490aa62ee5c7f37,development_anomaly,2.3922266960144043,2.4000701904296875,False
Run1 direct256,eba73c42e7e6f64f7fd6a631,development_anomaly,2.3508102893829346,2.4000701904296875,False
Run1 direct256,331e9b6fcbed21ffd9237275,development_anomaly,2.1932201385498047,2.4000701904296875,False
Run1 direct256,e7105e4d0bbef7df12e60654,development_anomaly,2.1573371887207031,2.4000701904296875,False
Run1 direct256,d6d15a18364da11d6dcc2359,development_anomaly,2.1393613815307617,2.4000701904296875,False
Run1 direct256,6bd77e18179d473652739b16,development_anomaly,2.0901155471801758,2.4000701904296875,False
Run1 direct256,9b5f33859edd4f4ae5b7f3ae,development_anomaly,2.3685684204101562,2.4000701904296875,False
Run1 direct256,ef6143041222529aa5aaae7c,development_anomaly,1.9538575410842896,2.4000701904296875,False
Run1 direct256,0ef8731731cdd59ea690ee45,development_anomaly,2.168926477432251,2.4000701904296875,False
Run1 direct256,b6a93f21715bab46a8ff2907,development_anomaly,2.3378665447235107,2.4000701904296875,False
Run1 direct256,97526c60892843bb396a370c,development_anomaly,2.3462085723876953,2.4000701904296875,False
Run1 direct256,2b1b6488aa13538b6a2520e8,development_anomaly,2.2634792327880859,2.4000701904296875,False
Run1 direct256,af57cbee2341ab925ede767b,development_anomaly,2.221768856048584,2.4000701904296875,False
Run1 direct256,ddab2ad51cf8caf1b4373f11,development_anomaly,2.2266972064971924,2.4000701904296875,False
Run1 direct256,6b08c45dcbaabb986ad7863d,development_anomaly,2.4296982288360596,2.4000701904296875,True
Run1 direct256,163bca9aa13a5cbd7f2da266,development_anomaly,2.2779030799865723,2.4000701904296875,False
Run1 direct256,8383e0e103301b901c6c13c1,development_anomaly,2.2219440937042236,2.4000701904296875,False
Run1 direct256,8803ca563ee51897e52eb53c,development_anomaly,2.3775806427001953,2.4000701904296875,False
Run1 direct256,70bac58e77ae3e0a0bd14646,development_anomaly,2.2826766967773438,2.4000701904296875,False
Run1 direct256,24f83fa05771a9d377782faf,development_anomaly,2.1817021369934082,2.4000701904296875,False
Run1 direct256,06a000c3b7f783f28804f8a4,development_anomaly,2.3366260528564453,2.4000701904296875,False
C1 uniform256,956906775fe36364e0cef555,calibration_normal,1.8809603452682495,2.2606806755065918,False
C1 uniform256,095392cfded6f0c2cb8c7de8,calibration_normal,1.9259747266769409,2.2606806755065918,False
C1 uniform256,4c6b62ea5740038f04527080,calibration_normal,1.9379469156265261,2.2606806755065918,False
C1 uniform256,864a24871853f4ee071e9728,calibration_normal,1.8246874809265137,2.2606806755065918,False
C1 uniform256,e3e53a15454e99370b219ed5,calibration_normal,1.8430075645446775,2.2606806755065918,False
C1 uniform256,06ff726d9e21b212fa7f6291,calibration_normal,1.801795482635498,2.2606806755065918,False
C1 uniform256,1ab1af080f648bf89a020616,calibration_normal,1.9223101139068604,2.2606806755065918,False
C1 uniform256,ab102a229b6bb0c3df26b639,calibration_normal,1.9050366878509519,2.2606806755065918,False
C1 uniform256,f527d606cb1f64dc19b0d7f4,calibration_normal,1.8338732719421389,2.2606806755065918,False
C1 uniform256,1ca2779c77509095fe9e8337,calibration_normal,1.8548738956451416,2.2606806755065918,False
C1 uniform256,f9c8f4b979d980dc88993139,calibration_normal,1.8629497289657593,2.2606806755065918,False
C1 uniform256,7b57d0a4c0aa679ac82532cb,calibration_normal,2.0747199058532715,2.2606806755065918,False
C1 uniform256,aca487e1bcecb78c22d56a31,calibration_normal,1.7841552495956421,2.2606806755065918,False
C1 uniform256,65f16b603ffa4a89bca91660,calibration_normal,1.8191114664077761,2.2606806755065918,False
C1 uniform256,4d7b7cda4091d1c17f00563d,calibration_normal,2.0222632884979248,2.2606806755065918,False
C1 uniform256,66f1c1ef430b56b6f7dfb051,calibration_normal,1.8126674890518188,2.2606806755065918,False
C1 uniform256,16f7ac12020b9fb0663ce6fb,calibration_normal,1.8501213788986208,2.2606806755065918,False
C1 uniform256,a9e5597442bdfbb996511177,calibration_normal,2.0524342060089111,2.2606806755065918,False
C1 uniform256,2cf554aca4c3d9a9781555fd,calibration_normal,1.9257303476333616,2.2606806755065918,False
C1 uniform256,f20a5dba3bb929538cca04b8,calibration_normal,1.8707643747329712,2.2606806755065918,False
C1 uniform256,29264c6b2773e1d6fc04a1cf,calibration_normal,1.8196039199829104,2.2606806755065918,False
C1 uniform256,92c9e638b5c71b5395560ff7,calibration_normal,1.976164698600769,2.2606806755065918,False
C1 uniform256,6b43ebf87627681b154cabde,calibration_normal,1.8258533477783203,2.2606806755065918,False
C1 uniform256,b21320afee8c93e524a200ec,calibration_normal,1.7633439302444458,2.2606806755065918,False
C1 uniform256,1a4f24285d6c559bdea972b2,calibration_normal,1.8428710699081421,2.2606806755065918,False
C1 uniform256,71b64a5d77a95dec19507b7c,calibration_normal,1.9867422580718992,2.2606806755065918,False
C1 uniform256,37d81101f3fcc01d5a1efd8a,calibration_normal,1.8793166875839231,2.2606806755065918,False
C1 uniform256,5cfccbf82f4ba95aa416a79b,calibration_normal,1.8927252292633057,2.2606806755065918,False
C1 uniform256,de961b5b424372429ec9d5d5,calibration_normal,1.859486937522888,2.2606806755065918,False
C1 uniform256,48c0a1622b7204e488851ca2,calibration_normal,1.7993900775909424,2.2606806755065918,False
C1 uniform256,b4ac29669c8ff9cc5cfb8515,calibration_normal,2.0541260242462158,2.2606806755065918,False
C1 uniform256,3ad3cd2d193c37520a64ac51,calibration_normal,1.8567342758178711,2.2606806755065918,False
C1 uniform256,13452ab920b13c16081caef4,calibration_normal,1.9095277786254885,2.2606806755065918,False
C1 uniform256,949ba31189da990b746f189c,calibration_normal,1.9693766832351685,2.2606806755065918,False
C1 uniform256,c90f725868648a32cbe9c2de,calibration_normal,1.876126289367676,2.2606806755065918,False
C1 uniform256,23119e24f887691f83386aa1,calibration_normal,1.8792097568511963,2.2606806755065918,False
C1 uniform256,a874b59b35950a97ccb5460c,calibration_normal,2.0466055870056152,2.2606806755065918,False
C1 uniform256,733cf3579a505b8802a8c9fc,calibration_normal,1.9839483499526975,2.2606806755065918,False
C1 uniform256,22247d3bbfdf9bd895ab2ac9,calibration_normal,1.8875837326049805,2.2606806755065918,False
C1 uniform256,4dafa26196377a1e6132aa2a,calibration_normal,1.8473035097122192,2.2606806755065918,False
C1 uniform256,2f36d93c0e7531d8cbd3f8fb,calibration_normal,1.7764582633972168,2.2606806755065918,False
C1 uniform256,2ab8f47934ac1be3ea9e069e,calibration_normal,1.8519754409790039,2.2606806755065918,False
C1 uniform256,f1b0dafdd8a8a80dd5b765fb,calibration_normal,1.7767313718795776,2.2606806755065918,False
C1 uniform256,227991b4b74034e500f0df1c,calibration_normal,1.704119086265564,2.2606806755065918,False
C1 uniform256,7ec309f954d57e97db290d51,calibration_normal,1.7741276025772097,2.2606806755065918,False
C1 uniform256,e11c1f09840d4dc1ebd4d928,calibration_normal,1.9142361879348757,2.2606806755065918,False
C1 uniform256,9a1e31c6e34ddd7689288f8d,calibration_normal,1.8200128078460691,2.2606806755065918,False
C1 uniform256,7b28d70455b033b2dcf8fc9b,calibration_normal,1.8238303661346436,2.2606806755065918,False
C1 uniform256,cf294101d9cb58b00f86af20,calibration_normal,2.2147808074951172,2.2606806755065918,False
C1 uniform256,324000b9b0bca27635087469,calibration_normal,1.7891368865966797,2.2606806755065918,False
C1 uniform256,536f8bb4ab868beb2e31f26d,calibration_normal,1.857608437538147,2.2606806755065918,False
C1 uniform256,e1b6e73ea1c1506d975ed678,calibration_normal,1.8312824964523315,2.2606806755065918,False
C1 uniform256,a2c949a8138f285341e36b2f,calibration_normal,1.8113546371459961,2.2606806755065918,False
C1 uniform256,d7a9145ce01694bff79df75d,calibration_normal,1.9783420562744141,2.2606806755065918,False
C1 uniform256,246401551a490c038fea39f9,calibration_normal,1.886090874671936,2.2606806755065918,False
C1 uniform256,91a53ffa9a9338037b8e17c8,calibration_normal,2.0815916061401367,2.2606806755065918,False
C1 uniform256,47116b444c82d0369db43d96,calibration_normal,1.8794106245040896,2.2606806755065918,False
C1 uniform256,24b3c56123ac64d1a9558c5c,calibration_normal,1.6804970502853394,2.2606806755065918,False
C1 uniform256,e6609a47285a2ca7bfb00eb9,calibration_normal,1.874311089515686,2.2606806755065918,False
C1 uniform256,e3c620f36e2c8b42669883e5,calibration_normal,1.7897253036499023,2.2606806755065918,False
C1 uniform256,234dc1c4cebdbd3e6d5e5727,calibration_normal,2.0827972888946533,2.2606806755065918,False
C1 uniform256,88f40bec509ce6e57bea78d9,calibration_normal,1.9470337629318235,2.2606806755065918,False
C1 uniform256,a233a3f48172c63ee3e1806d,calibration_normal,1.8825790882110596,2.2606806755065918,False
C1 uniform256,3e422aa56ea3f356fce6def4,calibration_normal,1.7924302816390991,2.2606806755065918,False
C1 uniform256,8d077417dac7a451e93c53f1,calibration_normal,1.8901162147521973,2.2606806755065918,False
C1 uniform256,c16f99d1343b93c818bca622,calibration_normal,1.8891276121139529,2.2606806755065918,False
C1 uniform256,e5f3751472ef268122f4ebd7,calibration_normal,1.9037195444107056,2.2606806755065918,False
C1 uniform256,756021a17afa68fce3c94973,calibration_normal,1.8432388305664065,2.2606806755065918,False
C1 uniform256,e886a4200bf8dd2df2c08208,calibration_normal,1.744110107421875,2.2606806755065918,False
C1 uniform256,211edff6d9d81f2a05d576a3,calibration_normal,1.8738518953323364,2.2606806755065918,False
C1 uniform256,a6a57f9e79100cebf512f1db,calibration_normal,1.8022756576538088,2.2606806755065918,False
C1 uniform256,7c25bbd729f4e67f0ba3b0c3,calibration_normal,2.0732476711273193,2.2606806755065918,False
C1 uniform256,407ddd75b9a741fbf7c2fc56,calibration_normal,1.9010636806488037,2.2606806755065918,False
C1 uniform256,dfcd151cdd744ec8b82ef4cb,calibration_normal,1.8484437465667725,2.2606806755065918,False
C1 uniform256,1331a43b8f8468b25687bbb1,calibration_normal,1.858918309211731,2.2606806755065918,False
C1 uniform256,0782ee2d3e27c17669e754fd,calibration_normal,1.8145989179611208,2.2606806755065918,False
C1 uniform256,29e44f2b4f980e145cc4125b,calibration_normal,1.7838107347488403,2.2606806755065918,False
C1 uniform256,f0255799928a080b703707e8,calibration_normal,1.8945226669311523,2.2606806755065918,False
C1 uniform256,fe191a0f5ae4e2fdc30865c4,calibration_normal,1.9505245685577393,2.2606806755065918,False
C1 uniform256,0f10ec6b2c6099afc1ecdf33,calibration_normal,1.8708043098449707,2.2606806755065918,False
C1 uniform256,88a81931af12ae641c3003e2,calibration_normal,1.9088449478149416,2.2606806755065918,False
C1 uniform256,79f7638434c26e85711b79ab,calibration_normal,1.9252649545669556,2.2606806755065918,False
C1 uniform256,9e5bf038c530c2e6cf8f8f1e,calibration_normal,1.8481079339981079,2.2606806755065918,False
C1 uniform256,e3f0081cc53bd43ee9d33f0d,calibration_normal,1.9361059665679932,2.2606806755065918,False
C1 uniform256,7a0a7f5587546bec8f98d482,calibration_normal,1.7991611957550049,2.2606806755065918,False
C1 uniform256,6d572dc3c3542f6f662ad217,calibration_normal,1.830849289894104,2.2606806755065918,False
C1 uniform256,b2d67f8bb481dbdac6986bd2,calibration_normal,2.0081818103790283,2.2606806755065918,False
C1 uniform256,8738d9f894d9becb89444125,calibration_normal,1.8038806915283203,2.2606806755065918,False
C1 uniform256,aaff53ff93370e8c7d895c72,calibration_normal,1.7712056636810305,2.2606806755065918,False
C1 uniform256,d3fb37bb17fc2c3ad8bca0e0,calibration_normal,1.8576921224594116,2.2606806755065918,False
C1 uniform256,e622b62f32f6eb72ed6a5949,calibration_normal,1.9392064809799192,2.2606806755065918,False
C1 uniform256,861df9abcfea18b20057ec0e,calibration_normal,1.9192407131195068,2.2606806755065918,False
C1 uniform256,52397c2b4017a4a648564309,calibration_normal,1.8208153247833252,2.2606806755065918,False
C1 uniform256,2dbee3a3d59a98193ef9a19f,calibration_normal,1.9471290111541748,2.2606806755065918,False
C1 uniform256,cbd5704ce48ac6be43a4557f,calibration_normal,1.8662164211273191,2.2606806755065918,False
C1 uniform256,7a6cffd6d8ec96a2e62652fe,calibration_normal,1.9183071851730349,2.2606806755065918,False
C1 uniform256,bc15f1f7e1b1d82bb4971b6a,calibration_normal,1.9419959783554075,2.2606806755065918,False
C1 uniform256,8734b8355da1d20df1bf8041,calibration_normal,1.7590066194534302,2.2606806755065918,False
C1 uniform256,cf9e8ca03ce9894cb824af69,calibration_normal,1.8778126239776611,2.2606806755065918,False
C1 uniform256,f0222587d2a43299f99a4659,calibration_normal,1.7685016393661499,2.2606806755065918,False
C1 uniform256,200d9bb7b8c6d74fa49d5f5e,calibration_normal,1.8278416395187376,2.2606806755065918,False
C1 uniform256,004d895dc5990ee7d7ca573b,calibration_normal,1.9475635290145872,2.2606806755065918,False
C1 uniform256,8ec4b6bb9475504521da8b86,calibration_normal,1.8309251070022583,2.2606806755065918,False
C1 uniform256,b0780facd7b3fa47dae834e2,calibration_normal,1.9182512760162351,2.2606806755065918,False
C1 uniform256,d7ff54c7b4657ca3abb8760c,calibration_normal,1.9352235794067385,2.2606806755065918,False
C1 uniform256,432dd58fa4ffb3c3fdaa4956,calibration_normal,1.9601367712020872,2.2606806755065918,False
C1 uniform256,e38956da9055feecc471f925,calibration_normal,1.8122203350067141,2.2606806755065918,False
C1 uniform256,a225a34cb357c4d82bc3ea46,calibration_normal,1.9475655555725095,2.2606806755065918,False
C1 uniform256,d89eedca0380c77cb1f679c6,calibration_normal,1.8183531761169431,2.2606806755065918,False
C1 uniform256,75163185d2b9a8f78c0a3014,calibration_normal,1.9379762411117551,2.2606806755065918,False
C1 uniform256,fd6f0fdcc075bbe32d98e730,calibration_normal,1.947705864906311,2.2606806755065918,False
C1 uniform256,568939b28e0d8b214b43f363,calibration_normal,1.8450542688369751,2.2606806755065918,False
C1 uniform256,97a3b1a85b5e73acb97316d1,calibration_normal,1.876686692237854,2.2606806755065918,False
C1 uniform256,e2b572224a26b59cbb4e1548,calibration_normal,2.2355067729949951,2.2606806755065918,False
C1 uniform256,904fa395fceaa6ca57d95e57,calibration_normal,2.2606806755065918,2.2606806755065918,False
C1 uniform256,b634be64baa5c6d442e0ecc1,calibration_normal,2.2678849697113037,2.2606806755065918,True
C1 uniform256,ac2c49cb91d031f3aa11169c,calibration_normal,2.1941230297088623,2.2606806755065918,False
C1 uniform256,33b5fa432e6f35fb6d7081c4,calibration_normal,2.3762338161468506,2.2606806755065918,True
C1 uniform256,a7561e96de8cce01921490d5,calibration_normal,2.1904141902923584,2.2606806755065918,False
C1 uniform256,82e8cafc4b4595142de63a65,calibration_normal,2.1307189464569092,2.2606806755065918,False
C1 uniform256,8c088ade71ac879ee65fe7ba,calibration_normal,2.2570948600769043,2.2606806755065918,False
C1 uniform256,ed56d58b655aafc668aa0f72,calibration_normal,2.198521614074707,2.2606806755065918,False
C1 uniform256,ebb9e96ecf5dd9628c1aa2bc,calibration_normal,2.1666469573974609,2.2606806755065918,False
C1 uniform256,ef956842fa9271445b15d84e,calibration_normal,2.1114754676818848,2.2606806755065918,False
C1 uniform256,9185c49f7e0d2be3258ad3d5,calibration_normal,2.2880356311798096,2.2606806755065918,True
C1 uniform256,b8b972a3535439762a8596e1,calibration_normal,2.1499857902526855,2.2606806755065918,False
C1 uniform256,9a67d094cb8b2043aff88d44,calibration_normal,2.2694628238677979,2.2606806755065918,True
C1 uniform256,03cb98bca86f2412527cc23c,calibration_normal,2.1069543361663818,2.2606806755065918,False
C1 uniform256,c9bf14416670a64f85d75c3a,calibration_normal,2.2405047416687012,2.2606806755065918,False
C1 uniform256,4e133a1f2e41111244f56807,calibration_normal,2.1001179218292236,2.2606806755065918,False
C1 uniform256,f18a1177d401be709ed8eb16,calibration_normal,2.248337984085083,2.2606806755065918,False
C1 uniform256,2211e6a475c92ee3b1e44c71,calibration_normal,2.2845368385314941,2.2606806755065918,True
C1 uniform256,1c338dfb5770538e9a4969ef,calibration_normal,2.1133139133453369,2.2606806755065918,False
C1 uniform256,bf43915a60371e0a7becb1cf,calibration_normal,2.2476217746734619,2.2606806755065918,False
C1 uniform256,42586144de6a4ea3b2272397,calibration_normal,2.286996603012085,2.2606806755065918,True
C1 uniform256,e040511ff60c11a3a4879652,calibration_normal,2.1229124069213867,2.2606806755065918,False
C1 uniform256,427759ef34c35bcd2361b74c,calibration_normal,2.2316827774047852,2.2606806755065918,False
C1 uniform256,7f0bca46a04f79da70a6cacf,calibration_normal,2.2814154624938965,2.2606806755065918,True
C1 uniform256,c4ad891f4cd45225080667c1,calibration_normal,2.2193472385406494,2.2606806755065918,False
C1 uniform256,17bc2dfc77d1741d77a0c528,calibration_normal,2.1184659004211426,2.2606806755065918,False
C1 uniform256,cfc6e178ed0fd4aa2b12694a,calibration_normal,2.240126371383667,2.2606806755065918,False
C1 uniform256,716249a98a8e0b6cad7c6107,calibration_normal,2.1506686210632324,2.2606806755065918,False
C1 uniform256,5d11280abccc2b6b7c6617e3,calibration_normal,2.3349182605743408,2.2606806755065918,True
C1 uniform256,f968d8638d3d5a6e5ff6ca7c,calibration_normal,2.2127666473388672,2.2606806755065918,False
C1 uniform256,205b1a09bc4cb1b12e518a64,calibration_normal,2.2296991348266602,2.2606806755065918,False
C1 uniform256,b00883f17f7fafa1b8c8e43f,calibration_normal,2.1983203887939453,2.2606806755065918,False
C1 uniform256,0510fc11628d84ecbb6ea63a,calibration_normal,2.09958815574646,2.2606806755065918,False
C1 uniform256,9723cc38dc10c70816004fa2,calibration_normal,2.1047661304473877,2.2606806755065918,False
C1 uniform256,d3d83542e27f2321ad358195,calibration_normal,2.2899684906005859,2.2606806755065918,True
C1 uniform256,40c4c503e27ad32df0d7e9ef,calibration_normal,2.2183501720428467,2.2606806755065918,False
C1 uniform256,039d9465505e39c0aabedb0a,calibration_normal,2.2166447639465332,2.2606806755065918,False
C1 uniform256,938cbe83e9a5c3943633d6ea,calibration_normal,2.1858031749725342,2.2606806755065918,False
C1 uniform256,b0f9d3bb5de4c53136ffc3d1,calibration_normal,2.2405941486358643,2.2606806755065918,False
C1 uniform256,d8e812c9704102c6d56d59b6,calibration_normal,1.9400153160095217,2.2606806755065918,False
C1 uniform256,6ea81f0a8720889aa87a1def,calibration_normal,1.8189073801040649,2.2606806755065918,False
C1 uniform256,17869493283a0bb550c296b1,calibration_normal,2.0878527164459229,2.2606806755065918,False
C1 uniform256,a6ccd48c62f446862b7bba76,calibration_normal,2.0177979469299316,2.2606806755065918,False
C1 uniform256,b15e6be6eceb16fdb57d5be7,calibration_normal,1.937703013420105,2.2606806755065918,False
C1 uniform256,5a73cc9910bd098797c42298,calibration_normal,1.8872765302658081,2.2606806755065918,False
C1 uniform256,b92468455ea7ed6b1272b9e6,calibration_normal,1.8791898488998413,2.2606806755065918,False
C1 uniform256,e17a6dd24e62c0c3fed61642,calibration_normal,1.978480339050293,2.2606806755065918,False
C1 uniform256,ba3ae522ee7b33da0d790372,calibration_normal,1.7439941167831421,2.2606806755065918,False
C1 uniform256,871a8e359fe7d4bd0129cbdf,calibration_normal,1.7387104034423828,2.2606806755065918,False
C1 uniform256,5ebb520fec07bb3b51e5e2e6,calibration_normal,1.7552323341369629,2.2606806755065918,False
C1 uniform256,ee67739a1a2216f9f50575d1,calibration_normal,1.8252044916152952,2.2606806755065918,False
C1 uniform256,c7816a50b4a6852d7789a442,calibration_normal,1.9910951852798464,2.2606806755065918,False
C1 uniform256,303b3869299ef3c29eef8049,calibration_normal,2.009178638458252,2.2606806755065918,False
C1 uniform256,a9d578dde6d3b3ae83cbd1e3,calibration_normal,1.8387869596481323,2.2606806755065918,False
C1 uniform256,99e879defb574d451788acee,calibration_normal,1.8161038160324097,2.2606806755065918,False
C1 uniform256,f53d537a9d69d551c02f92b4,calibration_normal,1.9302864074707031,2.2606806755065918,False
C1 uniform256,332798b6d96d672ca2315296,calibration_normal,1.9203876256942749,2.2606806755065918,False
C1 uniform256,335d198b3c43c8df4eb14a3d,calibration_normal,2.0520656108856201,2.2606806755065918,False
C1 uniform256,0a3849c8ce59b47344c3e882,calibration_normal,1.8731671571731567,2.2606806755065918,False
C1 uniform256,36731a2f94c1ba2748129997,calibration_normal,2.1372292041778564,2.2606806755065918,False
C1 uniform256,1e96dae2ccfe031404154c33,calibration_normal,1.8034956455230713,2.2606806755065918,False
C1 uniform256,94e842f89cd2061fd4ce3fa9,calibration_normal,1.8218410015106199,2.2606806755065918,False
C1 uniform256,38ff03b08012f368d777b730,calibration_normal,1.846424460411072,2.2606806755065918,False
C1 uniform256,2748e3edd4e5c71b1120c414,calibration_normal,2.0303373336791992,2.2606806755065918,False
C1 uniform256,e8761d0ff99dff32d2660600,calibration_normal,1.7809808254241943,2.2606806755065918,False
C1 uniform256,cefe29f3c9cc4e06cbcce772,calibration_normal,1.993225574493408,2.2606806755065918,False
C1 uniform256,043fb91d46e147537a5c87bb,calibration_normal,1.9506422281265261,2.2606806755065918,False
C1 uniform256,556667850af971635cb30fff,development_normal,1.7870248556137085,2.2606806755065918,False
C1 uniform256,cbfed2d91c4d35a51150b3e9,development_normal,1.9737684726715088,2.2606806755065918,False
C1 uniform256,491b4556c783776b10d624da,development_normal,2.1195278167724609,2.2606806755065918,False
C1 uniform256,2a49642847cbe676f49bd4a1,development_normal,1.882306694984436,2.2606806755065918,False
C1 uniform256,0dba220ba6fb75f467422d47,development_normal,2.0009543895721436,2.2606806755065918,False
C1 uniform256,f0459370faa43efcf8bca2c8,development_normal,1.8353292942047119,2.2606806755065918,False
C1 uniform256,1e05b0d5671299cfd7543018,development_normal,1.6854135990142822,2.2606806755065918,False
C1 uniform256,463d50ba01a9a4ad0655511c,development_normal,1.766650915145874,2.2606806755065918,False
C1 uniform256,79fc5ec6e3c3615ea82fd202,development_normal,1.8119935989379885,2.2606806755065918,False
C1 uniform256,251d402d8f2192e1ad51e756,development_normal,1.8163189888000488,2.2606806755065918,False
C1 uniform256,4126de2e066d240b3f7186f7,development_normal,1.8522891998291016,2.2606806755065918,False
C1 uniform256,7fca7f998a90ae309e8d2601,development_normal,1.8300462961196899,2.2606806755065918,False
C1 uniform256,50d15478cc2eed94a03b73fb,development_normal,1.9756289720535281,2.2606806755065918,False
C1 uniform256,b7532bc4c5961ede826a7b14,development_normal,1.8000285625457764,2.2606806755065918,False
C1 uniform256,2808405920efb8f612858a20,development_normal,1.95284104347229,2.2606806755065918,False
C1 uniform256,5fd73fb69558e1b061b9ef9f,development_normal,1.8015385866165159,2.2606806755065918,False
C1 uniform256,c1589f1e5cb0f45a4572c9f8,development_normal,1.8974627256393433,2.2606806755065918,False
C1 uniform256,a25aa8366e034a3772cd4eaf,development_normal,1.8906499147415159,2.2606806755065918,False
C1 uniform256,b058b076cbe1f3aa73777223,development_normal,1.812896728515625,2.2606806755065918,False
C1 uniform256,ca2a5d83fa709ec818761d2d,development_normal,1.941502571105957,2.2606806755065918,False
C1 uniform256,cc382503edb83f7a1d103fae,development_normal,1.7852413654327393,2.2606806755065918,False
C1 uniform256,6bb3f94762876b037978efe5,development_normal,1.8477963209152224,2.2606806755065918,False
C1 uniform256,2d9785bfcf1a7dc74d0fbf98,development_normal,2.0273804664611816,2.2606806755065918,False
C1 uniform256,00b64bd580c8d09f962d7bb7,development_normal,1.8107715845108032,2.2606806755065918,False
C1 uniform256,21e6fa47368b66a47c75f924,development_normal,1.8631598949432373,2.2606806755065918,False
C1 uniform256,4076f6bfb6953866c349e268,development_normal,1.6741417646408081,2.2606806755065918,False
C1 uniform256,3f63eec4c68e447f5194cad6,development_normal,1.8287098407745359,2.2606806755065918,False
C1 uniform256,0438e965f1679055ec619e77,development_normal,2.0264499187469478,2.2606806755065918,False
C1 uniform256,890903084496d64321ddd732,development_normal,1.8490173816680908,2.2606806755065918,False
C1 uniform256,4e75be47e80286aa75c2a052,development_normal,1.7802729606628418,2.2606806755065918,False
C1 uniform256,1042f3dd45c162558c45200f,development_normal,1.83269727230072,2.2606806755065918,False
C1 uniform256,78240ede377ebee702114fdc,development_normal,1.9056651592254641,2.2606806755065918,False
C1 uniform256,2f0c4c52a767a109c60bb6ce,development_normal,1.8167864084243777,2.2606806755065918,False
C1 uniform256,47333b633851172c9f062795,development_normal,1.8637261390686035,2.2606806755065918,False
C1 uniform256,c1fc84b66b7e7871b424b484,development_normal,1.8975213766098025,2.2606806755065918,False
C1 uniform256,9020fd5340397a9b81e2f509,development_normal,1.8362144231796265,2.2606806755065918,False
C1 uniform256,c00f11dd1e9e8759f290ab80,development_normal,1.9467412233352659,2.2606806755065918,False
C1 uniform256,770ad2a69864e439b192c236,development_normal,1.8769925832748413,2.2606806755065918,False
C1 uniform256,c01658744c534f03ed9f4e93,development_normal,1.8198115825653076,2.2606806755065918,False
C1 uniform256,37e7b42bc75d5b019ed8f890,development_normal,1.7548936605453491,2.2606806755065918,False
C1 uniform256,50b94b6bb6440330d03cf03c,development_normal,1.9388633966445925,2.2606806755065918,False
C1 uniform256,749f9feb6032b5b2e06600c6,development_normal,1.9838976860046389,2.2606806755065918,False
C1 uniform256,590f1df98441884c4fd7ad21,development_normal,2.005772590637207,2.2606806755065918,False
C1 uniform256,26f548b22a3fb7168ac0bffc,development_normal,1.9397376775741575,2.2606806755065918,False
C1 uniform256,60e0210da58a698ef2b9d297,development_normal,1.901965856552124,2.2606806755065918,False
C1 uniform256,b83892b2662e523e63bdd68e,development_normal,1.8924673795700071,2.2606806755065918,False
C1 uniform256,e4b8f8664a72da3d41fe0361,development_normal,1.9845041036605835,2.2606806755065918,False
C1 uniform256,5b5d277bc5ee2ffca0f3ada6,development_normal,2.0182259082794189,2.2606806755065918,False
C1 uniform256,3262a9232e141085b36a6c7e,development_normal,1.9295718669891355,2.2606806755065918,False
C1 uniform256,92e5c81770474cceb0fab794,development_normal,1.82689368724823,2.2606806755065918,False
C1 uniform256,85a25f1c3a7e0dd4cb2ec7a6,development_normal,1.9196345806121824,2.2606806755065918,False
C1 uniform256,122c351f4783e562322ae0b4,development_normal,2.3553085327148442,2.2606806755065918,True
C1 uniform256,a768ba39fe2237fb19491ff3,development_normal,2.1342239379882812,2.2606806755065918,False
C1 uniform256,cf7bde26ebeb128101689e87,development_normal,2.2285652160644531,2.2606806755065918,False
C1 uniform256,c2cb0c43c0ca98cca3fb3747,development_normal,2.1685605049133301,2.2606806755065918,False
C1 uniform256,f88884345b9a3f0e3d62f4c4,development_normal,2.2398281097412109,2.2606806755065918,False
C1 uniform256,ba73472d0152531aab096510,development_normal,2.2753336429595947,2.2606806755065918,True
C1 uniform256,8dc18a3f70fab36098dd0d52,development_normal,2.0872387886047363,2.2606806755065918,False
C1 uniform256,c373f1e8d89bb18df5ca4b77,development_normal,2.193291187286377,2.2606806755065918,False
C1 uniform256,5a4cfc749e5301a5b31a22c4,development_normal,2.1856253147125244,2.2606806755065918,False
C1 uniform256,e42a8414f718895b1721abec,development_normal,2.2333619594573975,2.2606806755065918,False
C1 uniform256,7895eccb31b5b2a85262e062,development_normal,2.2030613422393799,2.2606806755065918,False
C1 uniform256,0cf3e157e4c0e17cd58cc981,development_normal,2.1120035648345947,2.2606806755065918,False
C1 uniform256,da356b58499dca132a6d67b6,development_normal,2.1768805980682373,2.2606806755065918,False
C1 uniform256,f9d2b6149075e1d272a14267,development_normal,2.2127060890197754,2.2606806755065918,False
C1 uniform256,725fabcc4c44c5ee51246d78,development_normal,2.2046432495117188,2.2606806755065918,False
C1 uniform256,420fdcf5c247957d9c950174,development_normal,2.7099974155426025,2.2606806755065918,True
C1 uniform256,3dda55abf4ae34b8adcb4e65,development_normal,2.1691436767578125,2.2606806755065918,False
C1 uniform256,eef86025d524ff6dfd52ad1c,development_normal,2.1054677963256836,2.2606806755065918,False
C1 uniform256,a64830cbe19e5ca56ad89629,development_normal,2.323354959487915,2.2606806755065918,True
C1 uniform256,71c67983c6d96f70049d9ac6,development_normal,2.0801253318786621,2.2606806755065918,False
C1 uniform256,46583c79db81086d05eed549,development_normal,2.1774322986602783,2.2606806755065918,False
C1 uniform256,30967b1394262f3786dbc812,development_normal,2.2526674270629883,2.2606806755065918,False
C1 uniform256,c1c7961f1378e8dad399290f,development_normal,2.1188981533050537,2.2606806755065918,False
C1 uniform256,74e3591b66d5b59925b026b8,development_normal,2.2062666416168213,2.2606806755065918,False
C1 uniform256,cce23dc9ed8f89aeedb38811,development_normal,2.2321455478668213,2.2606806755065918,False
C1 uniform256,156f5d883036b4cc5f95980d,development_normal,2.2224924564361572,2.2606806755065918,False
C1 uniform256,b763db5ef601318b84ff6946,development_normal,2.2351448535919189,2.2606806755065918,False
C1 uniform256,1c6b7a93d59f386e27b64780,development_normal,2.1975185871124268,2.2606806755065918,False
C1 uniform256,6d2bad128a1ab5061fb42af5,development_normal,2.230116605758667,2.2606806755065918,False
C1 uniform256,3a39d097d286e1453c1467fc,development_normal,2.2332746982574463,2.2606806755065918,False
C1 uniform256,7aa55a1abfbcccf798285c97,development_normal,2.1650309562683105,2.2606806755065918,False
C1 uniform256,23df30821328eba2553753c3,development_normal,2.2090897560119629,2.2606806755065918,False
C1 uniform256,e7094972aed37eec180929cb,development_normal,2.0647146701812744,2.2606806755065918,False
C1 uniform256,7e097e31d56b3e6629e11194,development_normal,1.9606740474700928,2.2606806755065918,False
C1 uniform256,d0a03a58633036a118803633,development_normal,1.9113203287124632,2.2606806755065918,False
C1 uniform256,9c8ffbaf9ffa7a56b654d1f1,development_normal,1.8847678899765017,2.2606806755065918,False
C1 uniform256,61aef9a6b5d0c6bcb75b1266,development_normal,2.1135919094085693,2.2606806755065918,False
C1 uniform256,2a88f74644bac5ccdedb5aeb,development_normal,2.2457406520843506,2.2606806755065918,False
C1 uniform256,19b63757ea88b3963e7004e0,development_normal,1.8102664947509768,2.2606806755065918,False
C1 uniform256,4fa1a001da9cb7eb8c7fb3ae,development_normal,1.8182369470596311,2.2606806755065918,False
C1 uniform256,eab554e08045a3856fa203bc,development_normal,1.8455833196640017,2.2606806755065918,False
C1 uniform256,30f2a82e3553a151af9f0e20,development_normal,1.8513696193695068,2.2606806755065918,False
C1 uniform256,f42f9a075db5a562ffec3770,development_normal,1.9156512022018433,2.2606806755065918,False
C1 uniform256,ed960dd36746d6c7a28d527d,development_normal,1.8399981260299685,2.2606806755065918,False
C1 uniform256,e480b5ced51ba8c3a59cf8dd,development_normal,2.0046448707580566,2.2606806755065918,False
C1 uniform256,9a6ab4df3b2ef0d2b7859652,development_normal,1.7986658811569214,2.2606806755065918,False
C1 uniform256,9ac51c113742157b45e40d79,development_normal,1.844654321670532,2.2606806755065918,False
C1 uniform256,f50bf0a6b60c8a6ac945231b,development_normal,1.952269911766052,2.2606806755065918,False
C1 uniform256,bfa8a3427a285784650ef7d2,development_normal,1.8670555353164673,2.2606806755065918,False
C1 uniform256,06f40448dee1a930bf10c4ea,development_anomaly,2.6305830478668213,2.2606806755065918,True
C1 uniform256,2f825d9d344c559d7d72cdec,development_anomaly,2.4263246059417725,2.2606806755065918,True
C1 uniform256,de960b7437d8b5f529bf279f,development_anomaly,2.3590989112854004,2.2606806755065918,True
C1 uniform256,acb837b71ab9fc67f9faee80,development_anomaly,2.4870402812957764,2.2606806755065918,True
C1 uniform256,c6d0a9a2fa5268e44909c6fa,development_anomaly,2.7433934211730957,2.2606806755065918,True
C1 uniform256,efd3a55951e74b6f4ee6bc3e,development_anomaly,2.6976878643035889,2.2606806755065918,True
C1 uniform256,d974322eff775a646b101f0e,development_anomaly,2.3815011978149414,2.2606806755065918,True
C1 uniform256,b0700bc6b29aae01a84814ed,development_anomaly,2.4690263271331787,2.2606806755065918,True
C1 uniform256,937e457652aea2b05a14772c,development_anomaly,2.9473423957824707,2.2606806755065918,True
C1 uniform256,8c0f93633237201e215dfe01,development_anomaly,3.0778841972351074,2.2606806755065918,True
C1 uniform256,fba1a82359c4e960a7f81c43,development_anomaly,3.1065893173217773,2.2606806755065918,True
C1 uniform256,d9a35e62add18f84d5fe6ab2,development_anomaly,3.0225181579589844,2.2606806755065918,True
C1 uniform256,5d14f6175a2be9fad38b82eb,development_anomaly,2.6828780174255371,2.2606806755065918,True
C1 uniform256,cc46aee3364a0a34fe29d893,development_anomaly,2.6361992359161377,2.2606806755065918,True
C1 uniform256,99eaf79ae38a0e02fd89262b,development_anomaly,3.4731948375701904,2.2606806755065918,True
C1 uniform256,cc6f2b8f5db2df27cc8f45d7,development_anomaly,2.2213714122772217,2.2606806755065918,False
C1 uniform256,0544dcfb259d8b0c921e8cf2,development_anomaly,2.8110244274139404,2.2606806755065918,True
C1 uniform256,e96fc0a78e0f560962fe98b9,development_anomaly,2.2132987976074219,2.2606806755065918,False
C1 uniform256,b2665a4734aca10982f55f97,development_anomaly,2.3277487754821777,2.2606806755065918,True
C1 uniform256,19ddc36fffb2ae41a480851f,development_anomaly,2.2483294010162354,2.2606806755065918,False
C1 uniform256,37a5f7103193e235d49f1e76,development_anomaly,2.2099883556365967,2.2606806755065918,False
C1 uniform256,5461e26868dd5bd657830961,development_anomaly,2.5453205108642578,2.2606806755065918,True
C1 uniform256,b8888974f860bf6b0c0215c8,development_anomaly,2.2497496604919434,2.2606806755065918,False
C1 uniform256,d5d1387098de672909855830,development_anomaly,2.1717376708984375,2.2606806755065918,False
C1 uniform256,a1ac0b3e3bb6fa4e732f03c5,development_anomaly,2.1772103309631348,2.2606806755065918,False
C1 uniform256,401b8aaa829c62cd6e5e4b37,development_anomaly,2.2336537837982178,2.2606806755065918,False
C1 uniform256,cf0b7d2b92f0fb2e900016bc,development_anomaly,2.3127756118774414,2.2606806755065918,True
C1 uniform256,0aef9397e857664be50586e6,development_anomaly,2.1000297069549561,2.2606806755065918,False
C1 uniform256,058e7c1cfa361985e0c768c7,development_anomaly,2.2805287837982178,2.2606806755065918,True
C1 uniform256,f0259e5eda4cbee36218f2e8,development_anomaly,2.1054716110229492,2.2606806755065918,False
C1 uniform256,52249861bad3bd5cc6943c9b,development_anomaly,2.2965173721313477,2.2606806755065918,True
C1 uniform256,2f84a33fef692ee5bf520862,development_anomaly,2.159614086151123,2.2606806755065918,False
C1 uniform256,a9b088cb5fbeb8650e53adca,development_anomaly,2.4877028465270996,2.2606806755065918,True
C1 uniform256,fc0e0c77761b585a8ee21495,development_anomaly,2.1498849391937256,2.2606806755065918,False
C1 uniform256,c3d4944f94350960e97d6e48,development_anomaly,2.2335851192474365,2.2606806755065918,False
C1 uniform256,5c7634efa4149dc1c41b584a,development_anomaly,2.3120536804199219,2.2606806755065918,True
C1 uniform256,8d0cec0332c073969b2b983b,development_anomaly,2.150090217590332,2.2606806755065918,False
C1 uniform256,868416b86aae26b7d6e9d885,development_anomaly,2.18967604637146,2.2606806755065918,False
C1 uniform256,818f50144b35ecb779aabdf6,development_anomaly,2.4344830513000488,2.2606806755065918,True
C1 uniform256,9ed49634ee0c9fa6fe0a2752,development_anomaly,2.2788054943084717,2.2606806755065918,True
C1 uniform256,203c5e27d6a34c52a904149b,development_anomaly,3.2699501514434814,2.2606806755065918,True
C1 uniform256,7a8d7f208fe54661aac4c264,development_anomaly,3.7291498184204102,2.2606806755065918,True
C1 uniform256,f4849b27e3a9671e0d552fa1,development_anomaly,2.4480035305023193,2.2606806755065918,True
C1 uniform256,195e220a16863d9f12a1bbe2,development_anomaly,3.6912257671356201,2.2606806755065918,True
C1 uniform256,3a4bfd8639e5c413622c95d7,development_anomaly,3.6384170055389409,2.2606806755065918,True
C1 uniform256,a5ea8d7cc5f3fe4879fe2a2d,development_anomaly,3.4299650192260742,2.2606806755065918,True
C1 uniform256,2bd9079483b74cb788201bf4,development_anomaly,3.8689792156219478,2.2606806755065918,True
C1 uniform256,87158bd8ef0b4800fac96184,development_anomaly,2.3150730133056641,2.2606806755065918,True
C1 uniform256,9df2670f76428def52163447,development_anomaly,2.1424615383148193,2.2606806755065918,False
C1 uniform256,43ed28b7189e5aecf0912bd1,development_anomaly,2.1520571708679199,2.2606806755065918,False
C1 uniform256,941fc11ace7235f6a8c754a4,development_anomaly,3.7457489967346191,2.2606806755065918,True
C1 uniform256,ca6517206c7ed606f1334b73,development_anomaly,2.3517529964447021,2.2606806755065918,True
C1 uniform256,e291315ff3baf606d5b6f512,development_anomaly,2.3572218418121338,2.2606806755065918,True
C1 uniform256,f8c75b3d35149a713c6f9194,development_anomaly,2.9549553394317627,2.2606806755065918,True
C1 uniform256,de611bce473c840af8adafcd,development_anomaly,3.3272268772125244,2.2606806755065918,True
C1 uniform256,2f3b6929e46e26cbd6efaf83,development_anomaly,3.194183349609375,2.2606806755065918,True
C1 uniform256,58c7b18bac131308bc92b375,development_anomaly,2.9280574321746826,2.2606806755065918,True
C1 uniform256,717172f0116db667e0dce7d7,development_anomaly,2.1359405517578125,2.2606806755065918,False
C1 uniform256,2f63d640d4f13c0be8d245aa,development_anomaly,2.1979174613952637,2.2606806755065918,False
C1 uniform256,59093f01f637a9d6917b2974,development_anomaly,3.3502006530761719,2.2606806755065918,True
C1 uniform256,28cfef727f84eaa01e9e5c2f,development_anomaly,2.1116087436676025,2.2606806755065918,False
C1 uniform256,ed801f703c4806f247f18f48,development_anomaly,2.1323752403259277,2.2606806755065918,False
C1 uniform256,1d91386b1f478d2daa4db014,development_anomaly,2.161515474319458,2.2606806755065918,False
C1 uniform256,016abd4045700c4284b5e89c,development_anomaly,2.2973136901855469,2.2606806755065918,True
C1 uniform256,2dda7ca3f73238832b2ca1a1,development_anomaly,2.3678441047668457,2.2606806755065918,True
C1 uniform256,d513967cbf2cbf166191b214,development_anomaly,2.5975310802459717,2.2606806755065918,True
C1 uniform256,9663d051f8bd8b2f73b6865a,development_anomaly,2.3952467441558838,2.2606806755065918,True
C1 uniform256,f512f563bc839ae91c3233a3,development_anomaly,2.1494581699371338,2.2606806755065918,False
C1 uniform256,101fcc171c95b290221f360e,development_anomaly,2.3678600788116455,2.2606806755065918,True
C1 uniform256,dbfcb690087fc5c6e36dc581,development_anomaly,2.2113626003265381,2.2606806755065918,False
C1 uniform256,f11d875c11fa86f5bb6e1a71,development_anomaly,2.5089569091796875,2.2606806755065918,True
C1 uniform256,d350b5790f9636c1195fe4fa,development_anomaly,2.7110204696655273,2.2606806755065918,True
C1 uniform256,22de1b996a922d9d0db53c92,development_anomaly,2.2762808799743652,2.2606806755065918,True
C1 uniform256,b8931522a714116c4dd2ec42,development_anomaly,2.2394468784332275,2.2606806755065918,False
C1 uniform256,7adbebfe65a2433dc4c13658,development_anomaly,2.2094259262084961,2.2606806755065918,False
C1 uniform256,5134ff6eb4cbd37e5c32664a,development_anomaly,2.1402060985565186,2.2606806755065918,False
C1 uniform256,ae7f2a6fa10101021813040a,development_anomaly,2.0591709613800049,2.2606806755065918,False
C1 uniform256,d72dd10cae3fe674b0e231bd,development_anomaly,2.371635913848877,2.2606806755065918,True
C1 uniform256,f354f7c22295245113ee90eb,development_anomaly,2.4077374935150142,2.2606806755065918,True
C1 uniform256,2f46384a7490aa62ee5c7f37,development_anomaly,2.2770819664001465,2.2606806755065918,True
C1 uniform256,eba73c42e7e6f64f7fd6a631,development_anomaly,2.4271693229675293,2.2606806755065918,True
C1 uniform256,331e9b6fcbed21ffd9237275,development_anomaly,2.2303049564361572,2.2606806755065918,False
C1 uniform256,e7105e4d0bbef7df12e60654,development_anomaly,2.2037618160247803,2.2606806755065918,False
C1 uniform256,d6d15a18364da11d6dcc2359,development_anomaly,2.1957473754882812,2.2606806755065918,False
C1 uniform256,6bd77e18179d473652739b16,development_anomaly,2.1026413440704346,2.2606806755065918,False
C1 uniform256,9b5f33859edd4f4ae5b7f3ae,development_anomaly,2.3587310314178467,2.2606806755065918,True
C1 uniform256,ef6143041222529aa5aaae7c,development_anomaly,2.1794853210449219,2.2606806755065918,False
C1 uniform256,0ef8731731cdd59ea690ee45,development_anomaly,2.3152866363525391,2.2606806755065918,True
C1 uniform256,b6a93f21715bab46a8ff2907,development_anomaly,2.3673028945922852,2.2606806755065918,True
C1 uniform256,97526c60892843bb396a370c,development_anomaly,2.2273001670837398,2.2606806755065918,False
C1 uniform256,2b1b6488aa13538b6a2520e8,development_anomaly,2.3041431903839111,2.2606806755065918,True
C1 uniform256,af57cbee2341ab925ede767b,development_anomaly,2.1333551406860352,2.2606806755065918,False
C1 uniform256,ddab2ad51cf8caf1b4373f11,development_anomaly,2.3693110942840576,2.2606806755065918,True
C1 uniform256,6b08c45dcbaabb986ad7863d,development_anomaly,2.3020832538604736,2.2606806755065918,True
C1 uniform256,163bca9aa13a5cbd7f2da266,development_anomaly,2.3308382034301758,2.2606806755065918,True
C1 uniform256,8383e0e103301b901c6c13c1,development_anomaly,2.1719050407409668,2.2606806755065918,False
C1 uniform256,8803ca563ee51897e52eb53c,development_anomaly,2.0710787773132324,2.2606806755065918,False
C1 uniform256,70bac58e77ae3e0a0bd14646,development_anomaly,2.181159496307373,2.2606806755065918,False
C1 uniform256,24f83fa05771a9d377782faf,development_anomaly,2.1496479511260982,2.2606806755065918,False
C1 uniform256,06a000c3b7f783f28804f8a4,development_anomaly,2.596853494644165,2.2606806755065918,True
C2 uniform512,956906775fe36364e0cef555,calibration_normal,2.4211878776550293,2.7164638042449951,False
C2 uniform512,095392cfded6f0c2cb8c7de8,calibration_normal,2.3584091663360596,2.7164638042449951,False
C2 uniform512,4c6b62ea5740038f04527080,calibration_normal,2.3492014408111572,2.7164638042449951,False
C2 uniform512,864a24871853f4ee071e9728,calibration_normal,2.237342357635498,2.7164638042449951,False
C2 uniform512,e3e53a15454e99370b219ed5,calibration_normal,2.4405720233917236,2.7164638042449951,False
C2 uniform512,06ff726d9e21b212fa7f6291,calibration_normal,2.2001373767852783,2.7164638042449951,False
C2 uniform512,1ab1af080f648bf89a020616,calibration_normal,2.2189607620239258,2.7164638042449951,False
C2 uniform512,ab102a229b6bb0c3df26b639,calibration_normal,2.4249083995819092,2.7164638042449951,False
C2 uniform512,f527d606cb1f64dc19b0d7f4,calibration_normal,2.4080276489257812,2.7164638042449951,False
C2 uniform512,1ca2779c77509095fe9e8337,calibration_normal,2.4320456981658936,2.7164638042449951,False
C2 uniform512,f9c8f4b979d980dc88993139,calibration_normal,2.3471677303314209,2.7164638042449951,False
C2 uniform512,7b57d0a4c0aa679ac82532cb,calibration_normal,2.2178382873535156,2.7164638042449951,False
C2 uniform512,aca487e1bcecb78c22d56a31,calibration_normal,2.3788342475891113,2.7164638042449951,False
C2 uniform512,65f16b603ffa4a89bca91660,calibration_normal,2.290064811706543,2.7164638042449951,False
C2 uniform512,4d7b7cda4091d1c17f00563d,calibration_normal,2.2353615760803223,2.7164638042449951,False
C2 uniform512,66f1c1ef430b56b6f7dfb051,calibration_normal,2.4794149398803711,2.7164638042449951,False
C2 uniform512,16f7ac12020b9fb0663ce6fb,calibration_normal,2.327366828918457,2.7164638042449951,False
C2 uniform512,a9e5597442bdfbb996511177,calibration_normal,2.2091295719146729,2.7164638042449951,False
C2 uniform512,2cf554aca4c3d9a9781555fd,calibration_normal,2.3953456878662109,2.7164638042449951,False
C2 uniform512,f20a5dba3bb929538cca04b8,calibration_normal,2.4159650802612305,2.7164638042449951,False
C2 uniform512,29264c6b2773e1d6fc04a1cf,calibration_normal,2.2692720890045166,2.7164638042449951,False
C2 uniform512,92c9e638b5c71b5395560ff7,calibration_normal,2.532757043838501,2.7164638042449951,False
C2 uniform512,6b43ebf87627681b154cabde,calibration_normal,2.2956001758575439,2.7164638042449951,False
C2 uniform512,b21320afee8c93e524a200ec,calibration_normal,2.2397046089172363,2.7164638042449951,False
C2 uniform512,1a4f24285d6c559bdea972b2,calibration_normal,2.3006958961486816,2.7164638042449951,False
C2 uniform512,71b64a5d77a95dec19507b7c,calibration_normal,2.2531478404998779,2.7164638042449951,False
C2 uniform512,37d81101f3fcc01d5a1efd8a,calibration_normal,2.2854197025299072,2.7164638042449951,False
C2 uniform512,5cfccbf82f4ba95aa416a79b,calibration_normal,2.373612642288208,2.7164638042449951,False
C2 uniform512,de961b5b424372429ec9d5d5,calibration_normal,2.3121678829193115,2.7164638042449951,False
C2 uniform512,48c0a1622b7204e488851ca2,calibration_normal,2.2590055465698242,2.7164638042449951,False
C2 uniform512,b4ac29669c8ff9cc5cfb8515,calibration_normal,2.3004889488220215,2.7164638042449951,False
C2 uniform512,3ad3cd2d193c37520a64ac51,calibration_normal,2.3920662403106689,2.7164638042449951,False
C2 uniform512,13452ab920b13c16081caef4,calibration_normal,2.1290781497955318,2.7164638042449951,False
C2 uniform512,949ba31189da990b746f189c,calibration_normal,2.4006013870239258,2.7164638042449951,False
C2 uniform512,c90f725868648a32cbe9c2de,calibration_normal,2.3214707374572754,2.7164638042449951,False
C2 uniform512,23119e24f887691f83386aa1,calibration_normal,2.3580930233001709,2.7164638042449951,False
C2 uniform512,a874b59b35950a97ccb5460c,calibration_normal,2.3649325370788574,2.7164638042449951,False
C2 uniform512,733cf3579a505b8802a8c9fc,calibration_normal,2.209190845489502,2.7164638042449951,False
C2 uniform512,22247d3bbfdf9bd895ab2ac9,calibration_normal,2.4198105335235596,2.7164638042449951,False
C2 uniform512,4dafa26196377a1e6132aa2a,calibration_normal,2.2530794143676758,2.7164638042449951,False
C2 uniform512,2f36d93c0e7531d8cbd3f8fb,calibration_normal,2.3534128665924072,2.7164638042449951,False
C2 uniform512,2ab8f47934ac1be3ea9e069e,calibration_normal,2.3607356548309326,2.7164638042449951,False
C2 uniform512,f1b0dafdd8a8a80dd5b765fb,calibration_normal,2.4075233936309814,2.7164638042449951,False
C2 uniform512,227991b4b74034e500f0df1c,calibration_normal,2.2811844348907471,2.7164638042449951,False
C2 uniform512,7ec309f954d57e97db290d51,calibration_normal,2.3678679466247559,2.7164638042449951,False
C2 uniform512,e11c1f09840d4dc1ebd4d928,calibration_normal,2.5593385696411133,2.7164638042449951,False
C2 uniform512,9a1e31c6e34ddd7689288f8d,calibration_normal,2.4711794853210449,2.7164638042449951,False
C2 uniform512,7b28d70455b033b2dcf8fc9b,calibration_normal,2.3152706623077393,2.7164638042449951,False
C2 uniform512,cf294101d9cb58b00f86af20,calibration_normal,2.6178233623504639,2.7164638042449951,False
C2 uniform512,324000b9b0bca27635087469,calibration_normal,2.247819185256958,2.7164638042449951,False
C2 uniform512,536f8bb4ab868beb2e31f26d,calibration_normal,2.3902416229248047,2.7164638042449951,False
C2 uniform512,e1b6e73ea1c1506d975ed678,calibration_normal,2.3981890678405762,2.7164638042449951,False
C2 uniform512,a2c949a8138f285341e36b2f,calibration_normal,2.2413241863250732,2.7164638042449951,False
C2 uniform512,d7a9145ce01694bff79df75d,calibration_normal,2.633126974105835,2.7164638042449951,False
C2 uniform512,246401551a490c038fea39f9,calibration_normal,2.4872446060180664,2.7164638042449951,False
C2 uniform512,91a53ffa9a9338037b8e17c8,calibration_normal,2.4792575836181641,2.7164638042449951,False
C2 uniform512,47116b444c82d0369db43d96,calibration_normal,2.3707292079925537,2.7164638042449951,False
C2 uniform512,24b3c56123ac64d1a9558c5c,calibration_normal,2.3107914924621582,2.7164638042449951,False
C2 uniform512,e6609a47285a2ca7bfb00eb9,calibration_normal,2.4031178951263428,2.7164638042449951,False
C2 uniform512,e3c620f36e2c8b42669883e5,calibration_normal,2.2291605472564697,2.7164638042449951,False
C2 uniform512,234dc1c4cebdbd3e6d5e5727,calibration_normal,2.5078797340393062,2.7164638042449951,False
C2 uniform512,88f40bec509ce6e57bea78d9,calibration_normal,2.4132027626037602,2.7164638042449951,False
C2 uniform512,a233a3f48172c63ee3e1806d,calibration_normal,2.2803266048431396,2.7164638042449951,False
C2 uniform512,3e422aa56ea3f356fce6def4,calibration_normal,2.44563889503479,2.7164638042449951,False
C2 uniform512,8d077417dac7a451e93c53f1,calibration_normal,2.4010300636291504,2.7164638042449951,False
C2 uniform512,c16f99d1343b93c818bca622,calibration_normal,2.2398624420166016,2.7164638042449951,False
C2 uniform512,e5f3751472ef268122f4ebd7,calibration_normal,2.4724109172821045,2.7164638042449951,False
C2 uniform512,756021a17afa68fce3c94973,calibration_normal,2.3741858005523682,2.7164638042449951,False
C2 uniform512,e886a4200bf8dd2df2c08208,calibration_normal,2.3334140777587891,2.7164638042449951,False
C2 uniform512,211edff6d9d81f2a05d576a3,calibration_normal,2.3083014488220215,2.7164638042449951,False
C2 uniform512,a6a57f9e79100cebf512f1db,calibration_normal,2.1591560840606689,2.7164638042449951,False
C2 uniform512,7c25bbd729f4e67f0ba3b0c3,calibration_normal,2.363154411315918,2.7164638042449951,False
C2 uniform512,407ddd75b9a741fbf7c2fc56,calibration_normal,2.2901339530944824,2.7164638042449951,False
C2 uniform512,dfcd151cdd744ec8b82ef4cb,calibration_normal,2.2105393409729004,2.7164638042449951,False
C2 uniform512,1331a43b8f8468b25687bbb1,calibration_normal,2.3352756500244141,2.7164638042449951,False
C2 uniform512,0782ee2d3e27c17669e754fd,calibration_normal,2.3832602500915527,2.7164638042449951,False
C2 uniform512,29e44f2b4f980e145cc4125b,calibration_normal,2.2856647968292236,2.7164638042449951,False
C2 uniform512,f0255799928a080b703707e8,calibration_normal,2.217667818069458,2.7164638042449951,False
C2 uniform512,fe191a0f5ae4e2fdc30865c4,calibration_normal,2.4572751522064209,2.7164638042449951,False
C2 uniform512,0f10ec6b2c6099afc1ecdf33,calibration_normal,2.3694324493408203,2.7164638042449951,False
C2 uniform512,88a81931af12ae641c3003e2,calibration_normal,2.2620768547058105,2.7164638042449951,False
C2 uniform512,79f7638434c26e85711b79ab,calibration_normal,2.2741210460662842,2.7164638042449951,False
C2 uniform512,9e5bf038c530c2e6cf8f8f1e,calibration_normal,2.2146306037902832,2.7164638042449951,False
C2 uniform512,e3f0081cc53bd43ee9d33f0d,calibration_normal,2.5079257488250732,2.7164638042449951,False
C2 uniform512,7a0a7f5587546bec8f98d482,calibration_normal,2.3302228450775142,2.7164638042449951,False
C2 uniform512,6d572dc3c3542f6f662ad217,calibration_normal,2.3272631168365479,2.7164638042449951,False
C2 uniform512,b2d67f8bb481dbdac6986bd2,calibration_normal,2.297717809677124,2.7164638042449951,False
C2 uniform512,8738d9f894d9becb89444125,calibration_normal,2.4655730724334717,2.7164638042449951,False
C2 uniform512,aaff53ff93370e8c7d895c72,calibration_normal,2.5258405208587646,2.7164638042449951,False
C2 uniform512,d3fb37bb17fc2c3ad8bca0e0,calibration_normal,2.3942604064941406,2.7164638042449951,False
C2 uniform512,e622b62f32f6eb72ed6a5949,calibration_normal,2.2890300750732422,2.7164638042449951,False
C2 uniform512,861df9abcfea18b20057ec0e,calibration_normal,2.2540204524993896,2.7164638042449951,False
C2 uniform512,52397c2b4017a4a648564309,calibration_normal,2.3192994594573975,2.7164638042449951,False
C2 uniform512,2dbee3a3d59a98193ef9a19f,calibration_normal,2.2689731121063232,2.7164638042449951,False
C2 uniform512,cbd5704ce48ac6be43a4557f,calibration_normal,2.4065532684326172,2.7164638042449951,False
C2 uniform512,7a6cffd6d8ec96a2e62652fe,calibration_normal,2.3930387496948242,2.7164638042449951,False
C2 uniform512,bc15f1f7e1b1d82bb4971b6a,calibration_normal,2.4617893695831299,2.7164638042449951,False
C2 uniform512,8734b8355da1d20df1bf8041,calibration_normal,2.5771265029907227,2.7164638042449951,False
C2 uniform512,cf9e8ca03ce9894cb824af69,calibration_normal,2.3665151596069336,2.7164638042449951,False
C2 uniform512,f0222587d2a43299f99a4659,calibration_normal,2.2708148956298828,2.7164638042449951,False
C2 uniform512,200d9bb7b8c6d74fa49d5f5e,calibration_normal,2.2328348159790039,2.7164638042449951,False
C2 uniform512,004d895dc5990ee7d7ca573b,calibration_normal,2.3538050651550293,2.7164638042449951,False
C2 uniform512,8ec4b6bb9475504521da8b86,calibration_normal,2.2930779457092285,2.7164638042449951,False
C2 uniform512,b0780facd7b3fa47dae834e2,calibration_normal,2.407806396484375,2.7164638042449951,False
C2 uniform512,d7ff54c7b4657ca3abb8760c,calibration_normal,2.3751885890960693,2.7164638042449951,False
C2 uniform512,432dd58fa4ffb3c3fdaa4956,calibration_normal,2.4106976985931396,2.7164638042449951,False
C2 uniform512,e38956da9055feecc471f925,calibration_normal,2.2221231460571289,2.7164638042449951,False
C2 uniform512,a225a34cb357c4d82bc3ea46,calibration_normal,2.3147971630096436,2.7164638042449951,False
C2 uniform512,d89eedca0380c77cb1f679c6,calibration_normal,2.2534518241882324,2.7164638042449951,False
C2 uniform512,75163185d2b9a8f78c0a3014,calibration_normal,2.4380679130554199,2.7164638042449951,False
C2 uniform512,fd6f0fdcc075bbe32d98e730,calibration_normal,2.4429466724395752,2.7164638042449951,False
C2 uniform512,568939b28e0d8b214b43f363,calibration_normal,2.3627457618713379,2.7164638042449951,False
C2 uniform512,97a3b1a85b5e73acb97316d1,calibration_normal,2.355649471282959,2.7164638042449951,False
C2 uniform512,e2b572224a26b59cbb4e1548,calibration_normal,2.7087149620056152,2.7164638042449951,False
C2 uniform512,904fa395fceaa6ca57d95e57,calibration_normal,2.6174654960632324,2.7164638042449951,False
C2 uniform512,b634be64baa5c6d442e0ecc1,calibration_normal,2.6843152046203613,2.7164638042449951,False
C2 uniform512,ac2c49cb91d031f3aa11169c,calibration_normal,2.7071230411529541,2.7164638042449951,False
C2 uniform512,33b5fa432e6f35fb6d7081c4,calibration_normal,2.5473673343658447,2.7164638042449951,False
C2 uniform512,a7561e96de8cce01921490d5,calibration_normal,2.7212502956390381,2.7164638042449951,True
C2 uniform512,82e8cafc4b4595142de63a65,calibration_normal,2.6333150863647461,2.7164638042449951,False
C2 uniform512,8c088ade71ac879ee65fe7ba,calibration_normal,2.74137282371521,2.7164638042449951,True
C2 uniform512,ed56d58b655aafc668aa0f72,calibration_normal,2.630302906036377,2.7164638042449951,False
C2 uniform512,ebb9e96ecf5dd9628c1aa2bc,calibration_normal,2.7731196880340576,2.7164638042449951,True
C2 uniform512,ef956842fa9271445b15d84e,calibration_normal,2.7796511650085449,2.7164638042449951,True
C2 uniform512,9185c49f7e0d2be3258ad3d5,calibration_normal,2.6036419868469238,2.7164638042449951,False
C2 uniform512,b8b972a3535439762a8596e1,calibration_normal,2.5938920974731445,2.7164638042449951,False
C2 uniform512,9a67d094cb8b2043aff88d44,calibration_normal,2.6582143306732178,2.7164638042449951,False
C2 uniform512,03cb98bca86f2412527cc23c,calibration_normal,2.6400949954986572,2.7164638042449951,False
C2 uniform512,c9bf14416670a64f85d75c3a,calibration_normal,2.7305736541748047,2.7164638042449951,True
C2 uniform512,4e133a1f2e41111244f56807,calibration_normal,2.5117018222808838,2.7164638042449951,False
C2 uniform512,f18a1177d401be709ed8eb16,calibration_normal,2.6195845603942871,2.7164638042449951,False
C2 uniform512,2211e6a475c92ee3b1e44c71,calibration_normal,2.6263630390167236,2.7164638042449951,False
C2 uniform512,1c338dfb5770538e9a4969ef,calibration_normal,2.6755938529968262,2.7164638042449951,False
C2 uniform512,bf43915a60371e0a7becb1cf,calibration_normal,2.6722815036773682,2.7164638042449951,False
C2 uniform512,42586144de6a4ea3b2272397,calibration_normal,2.6438641548156738,2.7164638042449951,False
C2 uniform512,e040511ff60c11a3a4879652,calibration_normal,2.7392849922180176,2.7164638042449951,True
C2 uniform512,427759ef34c35bcd2361b74c,calibration_normal,2.6061966419219971,2.7164638042449951,False
C2 uniform512,7f0bca46a04f79da70a6cacf,calibration_normal,2.7936322689056396,2.7164638042449951,True
C2 uniform512,c4ad891f4cd45225080667c1,calibration_normal,2.55655837059021,2.7164638042449951,False
C2 uniform512,17bc2dfc77d1741d77a0c528,calibration_normal,2.6699411869049072,2.7164638042449951,False
C2 uniform512,cfc6e178ed0fd4aa2b12694a,calibration_normal,2.5472428798675537,2.7164638042449951,False
C2 uniform512,716249a98a8e0b6cad7c6107,calibration_normal,2.6593027114868164,2.7164638042449951,False
C2 uniform512,5d11280abccc2b6b7c6617e3,calibration_normal,2.6589748859405522,2.7164638042449951,False
C2 uniform512,f968d8638d3d5a6e5ff6ca7c,calibration_normal,2.7972016334533691,2.7164638042449951,True
C2 uniform512,205b1a09bc4cb1b12e518a64,calibration_normal,2.703784704208374,2.7164638042449951,False
C2 uniform512,b00883f17f7fafa1b8c8e43f,calibration_normal,2.7164638042449951,2.7164638042449951,False
C2 uniform512,0510fc11628d84ecbb6ea63a,calibration_normal,2.5935447216033936,2.7164638042449951,False
C2 uniform512,9723cc38dc10c70816004fa2,calibration_normal,2.7085256576538086,2.7164638042449951,False
C2 uniform512,d3d83542e27f2321ad358195,calibration_normal,2.6208150386810303,2.7164638042449951,False
C2 uniform512,40c4c503e27ad32df0d7e9ef,calibration_normal,2.6518208980560303,2.7164638042449951,False
C2 uniform512,039d9465505e39c0aabedb0a,calibration_normal,2.711374044418335,2.7164638042449951,False
C2 uniform512,938cbe83e9a5c3943633d6ea,calibration_normal,2.7993414402008057,2.7164638042449951,True
C2 uniform512,b0f9d3bb5de4c53136ffc3d1,calibration_normal,2.6785500049591064,2.7164638042449951,False
C2 uniform512,d8e812c9704102c6d56d59b6,calibration_normal,2.3086221218109131,2.7164638042449951,False
C2 uniform512,6ea81f0a8720889aa87a1def,calibration_normal,2.3072311878204346,2.7164638042449951,False
C2 uniform512,17869493283a0bb550c296b1,calibration_normal,2.4590721130371098,2.7164638042449951,False
C2 uniform512,a6ccd48c62f446862b7bba76,calibration_normal,2.3161203861236572,2.7164638042449951,False
C2 uniform512,b15e6be6eceb16fdb57d5be7,calibration_normal,2.3206696510314941,2.7164638042449951,False
C2 uniform512,5a73cc9910bd098797c42298,calibration_normal,2.2468156814575195,2.7164638042449951,False
C2 uniform512,b92468455ea7ed6b1272b9e6,calibration_normal,2.2946052551269531,2.7164638042449951,False
C2 uniform512,e17a6dd24e62c0c3fed61642,calibration_normal,2.3239271640777588,2.7164638042449951,False
C2 uniform512,ba3ae522ee7b33da0d790372,calibration_normal,2.3435661792755127,2.7164638042449951,False
C2 uniform512,871a8e359fe7d4bd0129cbdf,calibration_normal,2.2171409130096436,2.7164638042449951,False
C2 uniform512,5ebb520fec07bb3b51e5e2e6,calibration_normal,2.2965874671936035,2.7164638042449951,False
C2 uniform512,ee67739a1a2216f9f50575d1,calibration_normal,2.3687114715576172,2.7164638042449951,False
C2 uniform512,c7816a50b4a6852d7789a442,calibration_normal,2.5932161808013916,2.7164638042449951,False
C2 uniform512,303b3869299ef3c29eef8049,calibration_normal,2.2420003414154053,2.7164638042449951,False
C2 uniform512,a9d578dde6d3b3ae83cbd1e3,calibration_normal,2.2883570194244385,2.7164638042449951,False
C2 uniform512,99e879defb574d451788acee,calibration_normal,2.3965439796447754,2.7164638042449951,False
C2 uniform512,f53d537a9d69d551c02f92b4,calibration_normal,2.1843538284301758,2.7164638042449951,False
C2 uniform512,332798b6d96d672ca2315296,calibration_normal,2.3672173023223877,2.7164638042449951,False
C2 uniform512,335d198b3c43c8df4eb14a3d,calibration_normal,2.5282070636749268,2.7164638042449951,False
C2 uniform512,0a3849c8ce59b47344c3e882,calibration_normal,2.3822479248046875,2.7164638042449951,False
C2 uniform512,36731a2f94c1ba2748129997,calibration_normal,2.3717179298400879,2.7164638042449951,False
C2 uniform512,1e96dae2ccfe031404154c33,calibration_normal,2.5776724815368652,2.7164638042449951,False
C2 uniform512,94e842f89cd2061fd4ce3fa9,calibration_normal,2.1691954135894775,2.7164638042449951,False
C2 uniform512,38ff03b08012f368d777b730,calibration_normal,2.2425093650817871,2.7164638042449951,False
C2 uniform512,2748e3edd4e5c71b1120c414,calibration_normal,2.125413179397583,2.7164638042449951,False
C2 uniform512,e8761d0ff99dff32d2660600,calibration_normal,2.3617489337921143,2.7164638042449951,False
C2 uniform512,cefe29f3c9cc4e06cbcce772,calibration_normal,2.3789494037628174,2.7164638042449951,False
C2 uniform512,043fb91d46e147537a5c87bb,calibration_normal,2.4608151912689209,2.7164638042449951,False
C2 uniform512,556667850af971635cb30fff,development_normal,2.3389565944671631,2.7164638042449951,False
C2 uniform512,cbfed2d91c4d35a51150b3e9,development_normal,2.2213330268859863,2.7164638042449951,False
C2 uniform512,491b4556c783776b10d624da,development_normal,2.335446834564209,2.7164638042449951,False
C2 uniform512,2a49642847cbe676f49bd4a1,development_normal,2.3503632545471191,2.7164638042449951,False
C2 uniform512,0dba220ba6fb75f467422d47,development_normal,2.422349214553833,2.7164638042449951,False
C2 uniform512,f0459370faa43efcf8bca2c8,development_normal,2.1701068878173828,2.7164638042449951,False
C2 uniform512,1e05b0d5671299cfd7543018,development_normal,2.362109899520874,2.7164638042449951,False
C2 uniform512,463d50ba01a9a4ad0655511c,development_normal,2.2523503303527832,2.7164638042449951,False
C2 uniform512,79fc5ec6e3c3615ea82fd202,development_normal,2.4009902477264404,2.7164638042449951,False
C2 uniform512,251d402d8f2192e1ad51e756,development_normal,2.3587021827697754,2.7164638042449951,False
C2 uniform512,4126de2e066d240b3f7186f7,development_normal,2.3319742679595947,2.7164638042449951,False
C2 uniform512,7fca7f998a90ae309e8d2601,development_normal,2.2616159915924072,2.7164638042449951,False
C2 uniform512,50d15478cc2eed94a03b73fb,development_normal,2.4120614528656006,2.7164638042449951,False
C2 uniform512,b7532bc4c5961ede826a7b14,development_normal,2.3691537380218506,2.7164638042449951,False
C2 uniform512,2808405920efb8f612858a20,development_normal,2.3451938629150391,2.7164638042449951,False
C2 uniform512,5fd73fb69558e1b061b9ef9f,development_normal,2.395369291305542,2.7164638042449951,False
C2 uniform512,c1589f1e5cb0f45a4572c9f8,development_normal,2.3957986831665039,2.7164638042449951,False
C2 uniform512,a25aa8366e034a3772cd4eaf,development_normal,2.2524003982543945,2.7164638042449951,False
C2 uniform512,b058b076cbe1f3aa73777223,development_normal,2.4976944923400879,2.7164638042449951,False
C2 uniform512,ca2a5d83fa709ec818761d2d,development_normal,2.3191366195678711,2.7164638042449951,False
C2 uniform512,cc382503edb83f7a1d103fae,development_normal,2.2579822540283203,2.7164638042449951,False
C2 uniform512,6bb3f94762876b037978efe5,development_normal,2.4423539638519287,2.7164638042449951,False
C2 uniform512,2d9785bfcf1a7dc74d0fbf98,development_normal,2.4210319519042969,2.7164638042449951,False
C2 uniform512,00b64bd580c8d09f962d7bb7,development_normal,2.3662395477294922,2.7164638042449951,False
C2 uniform512,21e6fa47368b66a47c75f924,development_normal,2.3168058395385742,2.7164638042449951,False
C2 uniform512,4076f6bfb6953866c349e268,development_normal,2.3648896217346191,2.7164638042449951,False
C2 uniform512,3f63eec4c68e447f5194cad6,development_normal,2.4868264198303223,2.7164638042449951,False
C2 uniform512,0438e965f1679055ec619e77,development_normal,2.1958615779876709,2.7164638042449951,False
C2 uniform512,890903084496d64321ddd732,development_normal,2.4810531139373779,2.7164638042449951,False
C2 uniform512,4e75be47e80286aa75c2a052,development_normal,2.2291033267974858,2.7164638042449951,False
C2 uniform512,1042f3dd45c162558c45200f,development_normal,2.3046557903289795,2.7164638042449951,False
C2 uniform512,78240ede377ebee702114fdc,development_normal,2.1986434459686279,2.7164638042449951,False
C2 uniform512,2f0c4c52a767a109c60bb6ce,development_normal,2.3449287414550781,2.7164638042449951,False
C2 uniform512,47333b633851172c9f062795,development_normal,2.4878988265991211,2.7164638042449951,False
C2 uniform512,c1fc84b66b7e7871b424b484,development_normal,2.2234728336334229,2.7164638042449951,False
C2 uniform512,9020fd5340397a9b81e2f509,development_normal,2.4317331314086914,2.7164638042449951,False
C2 uniform512,c00f11dd1e9e8759f290ab80,development_normal,2.3893036842346191,2.7164638042449951,False
C2 uniform512,770ad2a69864e439b192c236,development_normal,2.5062515735626221,2.7164638042449951,False
C2 uniform512,c01658744c534f03ed9f4e93,development_normal,2.3248794078826904,2.7164638042449951,False
C2 uniform512,37e7b42bc75d5b019ed8f890,development_normal,2.4252736568450928,2.7164638042449951,False
C2 uniform512,50b94b6bb6440330d03cf03c,development_normal,2.3788807392120361,2.7164638042449951,False
C2 uniform512,749f9feb6032b5b2e06600c6,development_normal,2.3275761604309082,2.7164638042449951,False
C2 uniform512,590f1df98441884c4fd7ad21,development_normal,2.1703512668609619,2.7164638042449951,False
C2 uniform512,26f548b22a3fb7168ac0bffc,development_normal,2.4458038806915283,2.7164638042449951,False
C2 uniform512,60e0210da58a698ef2b9d297,development_normal,2.3044352531433105,2.7164638042449951,False
C2 uniform512,b83892b2662e523e63bdd68e,development_normal,2.3948042392730713,2.7164638042449951,False
C2 uniform512,e4b8f8664a72da3d41fe0361,development_normal,2.4688622951507568,2.7164638042449951,False
C2 uniform512,5b5d277bc5ee2ffca0f3ada6,development_normal,2.1807010173797607,2.7164638042449951,False
C2 uniform512,3262a9232e141085b36a6c7e,development_normal,2.3664376735687256,2.7164638042449951,False
C2 uniform512,92e5c81770474cceb0fab794,development_normal,2.425241231918335,2.7164638042449951,False
C2 uniform512,85a25f1c3a7e0dd4cb2ec7a6,development_normal,2.5356144905090332,2.7164638042449951,False
C2 uniform512,122c351f4783e562322ae0b4,development_normal,2.639808177947998,2.7164638042449951,False
C2 uniform512,a768ba39fe2237fb19491ff3,development_normal,2.6682980060577393,2.7164638042449951,False
C2 uniform512,cf7bde26ebeb128101689e87,development_normal,2.5602786540985107,2.7164638042449951,False
C2 uniform512,c2cb0c43c0ca98cca3fb3747,development_normal,2.5657405853271484,2.7164638042449951,False
C2 uniform512,f88884345b9a3f0e3d62f4c4,development_normal,2.7542617321014404,2.7164638042449951,True
C2 uniform512,ba73472d0152531aab096510,development_normal,2.6787469387054443,2.7164638042449951,False
C2 uniform512,8dc18a3f70fab36098dd0d52,development_normal,2.581209659576416,2.7164638042449951,False
C2 uniform512,c373f1e8d89bb18df5ca4b77,development_normal,2.5864865779876709,2.7164638042449951,False
C2 uniform512,5a4cfc749e5301a5b31a22c4,development_normal,2.4891352653503418,2.7164638042449951,False
C2 uniform512,e42a8414f718895b1721abec,development_normal,2.5395991802215576,2.7164638042449951,False
C2 uniform512,7895eccb31b5b2a85262e062,development_normal,2.6239593029022217,2.7164638042449951,False
C2 uniform512,0cf3e157e4c0e17cd58cc981,development_normal,2.7450392246246338,2.7164638042449951,True
C2 uniform512,da356b58499dca132a6d67b6,development_normal,2.6163411140441895,2.7164638042449951,False
C2 uniform512,f9d2b6149075e1d272a14267,development_normal,2.5940988063812256,2.7164638042449951,False
C2 uniform512,725fabcc4c44c5ee51246d78,development_normal,2.5503244400024414,2.7164638042449951,False
C2 uniform512,420fdcf5c247957d9c950174,development_normal,3.2154598236083984,2.7164638042449951,True
C2 uniform512,3dda55abf4ae34b8adcb4e65,development_normal,2.735417366027832,2.7164638042449951,True
C2 uniform512,eef86025d524ff6dfd52ad1c,development_normal,2.6578824520111084,2.7164638042449951,False
C2 uniform512,a64830cbe19e5ca56ad89629,development_normal,2.7323141098022461,2.7164638042449951,True
C2 uniform512,71c67983c6d96f70049d9ac6,development_normal,2.7080421447753902,2.7164638042449951,False
C2 uniform512,46583c79db81086d05eed549,development_normal,2.6641747951507568,2.7164638042449951,False
C2 uniform512,30967b1394262f3786dbc812,development_normal,2.7347471714019775,2.7164638042449951,True
C2 uniform512,c1c7961f1378e8dad399290f,development_normal,2.5876598358154297,2.7164638042449951,False
C2 uniform512,74e3591b66d5b59925b026b8,development_normal,2.5379543304443359,2.7164638042449951,False
C2 uniform512,cce23dc9ed8f89aeedb38811,development_normal,2.7961528301239018,2.7164638042449951,True
C2 uniform512,156f5d883036b4cc5f95980d,development_normal,2.6095688343048096,2.7164638042449951,False
C2 uniform512,b763db5ef601318b84ff6946,development_normal,2.7475011348724365,2.7164638042449951,True
C2 uniform512,1c6b7a93d59f386e27b64780,development_normal,2.7430815696716309,2.7164638042449951,True
C2 uniform512,6d2bad128a1ab5061fb42af5,development_normal,2.6424698829650879,2.7164638042449951,False
C2 uniform512,3a39d097d286e1453c1467fc,development_normal,2.7062342166900635,2.7164638042449951,False
C2 uniform512,7aa55a1abfbcccf798285c97,development_normal,2.8846340179443359,2.7164638042449951,True
C2 uniform512,23df30821328eba2553753c3,development_normal,2.753859281539917,2.7164638042449951,True
C2 uniform512,e7094972aed37eec180929cb,development_normal,2.3286652565002441,2.7164638042449951,False
C2 uniform512,7e097e31d56b3e6629e11194,development_normal,2.44087815284729,2.7164638042449951,False
C2 uniform512,d0a03a58633036a118803633,development_normal,2.3137009143829346,2.7164638042449951,False
C2 uniform512,9c8ffbaf9ffa7a56b654d1f1,development_normal,2.4023327827453613,2.7164638042449951,False
C2 uniform512,61aef9a6b5d0c6bcb75b1266,development_normal,2.2540304660797119,2.7164638042449951,False
C2 uniform512,2a88f74644bac5ccdedb5aeb,development_normal,2.9054691791534424,2.7164638042449951,True
C2 uniform512,19b63757ea88b3963e7004e0,development_normal,2.3196506500244141,2.7164638042449951,False
C2 uniform512,4fa1a001da9cb7eb8c7fb3ae,development_normal,2.2934978008270264,2.7164638042449951,False
C2 uniform512,eab554e08045a3856fa203bc,development_normal,2.3198282718658447,2.7164638042449951,False
C2 uniform512,30f2a82e3553a151af9f0e20,development_normal,2.2764554023742676,2.7164638042449951,False
C2 uniform512,f42f9a075db5a562ffec3770,development_normal,2.2627208232879639,2.7164638042449951,False
C2 uniform512,ed960dd36746d6c7a28d527d,development_normal,2.4154536724090576,2.7164638042449951,False
C2 uniform512,e480b5ced51ba8c3a59cf8dd,development_normal,2.5433349609375,2.7164638042449951,False
C2 uniform512,9a6ab4df3b2ef0d2b7859652,development_normal,2.1256098747253418,2.7164638042449951,False
C2 uniform512,9ac51c113742157b45e40d79,development_normal,2.543210506439209,2.7164638042449951,False
C2 uniform512,f50bf0a6b60c8a6ac945231b,development_normal,2.2004797458648682,2.7164638042449951,False
C2 uniform512,bfa8a3427a285784650ef7d2,development_normal,2.6593918800354004,2.7164638042449951,False
C2 uniform512,06f40448dee1a930bf10c4ea,development_anomaly,2.5903687477111816,2.7164638042449951,False
C2 uniform512,2f825d9d344c559d7d72cdec,development_anomaly,3.242403507232666,2.7164638042449951,True
C2 uniform512,de960b7437d8b5f529bf279f,development_anomaly,3.2910909652709961,2.7164638042449951,True
C2 uniform512,acb837b71ab9fc67f9faee80,development_anomaly,3.1208794116973877,2.7164638042449951,True
C2 uniform512,c6d0a9a2fa5268e44909c6fa,development_anomaly,2.8447284698486328,2.7164638042449951,True
C2 uniform512,efd3a55951e74b6f4ee6bc3e,development_anomaly,3.3817830085754395,2.7164638042449951,True
C2 uniform512,d974322eff775a646b101f0e,development_anomaly,2.7391362190246582,2.7164638042449951,True
C2 uniform512,b0700bc6b29aae01a84814ed,development_anomaly,2.8762850761413574,2.7164638042449951,True
C2 uniform512,937e457652aea2b05a14772c,development_anomaly,3.558321475982666,2.7164638042449951,True
C2 uniform512,8c0f93633237201e215dfe01,development_anomaly,3.4478800296783447,2.7164638042449951,True
C2 uniform512,fba1a82359c4e960a7f81c43,development_anomaly,3.7842597961425781,2.7164638042449951,True
C2 uniform512,d9a35e62add18f84d5fe6ab2,development_anomaly,3.2279698848724365,2.7164638042449951,True
C2 uniform512,5d14f6175a2be9fad38b82eb,development_anomaly,2.9599025249481201,2.7164638042449951,True
C2 uniform512,cc46aee3364a0a34fe29d893,development_anomaly,3.4378635883331299,2.7164638042449951,True
C2 uniform512,99eaf79ae38a0e02fd89262b,development_anomaly,3.4938392639160156,2.7164638042449951,True
C2 uniform512,cc6f2b8f5db2df27cc8f45d7,development_anomaly,2.7139711380004883,2.7164638042449951,False
C2 uniform512,0544dcfb259d8b0c921e8cf2,development_anomaly,3.3632156848907471,2.7164638042449951,True
C2 uniform512,e96fc0a78e0f560962fe98b9,development_anomaly,2.8239696025848389,2.7164638042449951,True
C2 uniform512,b2665a4734aca10982f55f97,development_anomaly,2.6958339214324951,2.7164638042449951,False
C2 uniform512,19ddc36fffb2ae41a480851f,development_anomaly,2.640488862991333,2.7164638042449951,False
C2 uniform512,37a5f7103193e235d49f1e76,development_anomaly,2.6817023754119873,2.7164638042449951,False
C2 uniform512,5461e26868dd5bd657830961,development_anomaly,2.7384781837463379,2.7164638042449951,True
C2 uniform512,b8888974f860bf6b0c0215c8,development_anomaly,2.6463744640350342,2.7164638042449951,False
C2 uniform512,d5d1387098de672909855830,development_anomaly,2.6256439685821533,2.7164638042449951,False
C2 uniform512,a1ac0b3e3bb6fa4e732f03c5,development_anomaly,2.6344554424285889,2.7164638042449951,False
C2 uniform512,401b8aaa829c62cd6e5e4b37,development_anomaly,2.5284955501556396,2.7164638042449951,False
C2 uniform512,cf0b7d2b92f0fb2e900016bc,development_anomaly,2.8064188957214355,2.7164638042449951,True
C2 uniform512,0aef9397e857664be50586e6,development_anomaly,2.7809667587280273,2.7164638042449951,True
C2 uniform512,058e7c1cfa361985e0c768c7,development_anomaly,2.7237012386322021,2.7164638042449951,True
C2 uniform512,f0259e5eda4cbee36218f2e8,development_anomaly,2.6060757637023926,2.7164638042449951,False
C2 uniform512,52249861bad3bd5cc6943c9b,development_anomaly,2.7480926513671875,2.7164638042449951,True
C2 uniform512,2f84a33fef692ee5bf520862,development_anomaly,2.6655638217926025,2.7164638042449951,False
C2 uniform512,a9b088cb5fbeb8650e53adca,development_anomaly,2.9536523818969727,2.7164638042449951,True
C2 uniform512,fc0e0c77761b585a8ee21495,development_anomaly,2.6081838607788086,2.7164638042449951,False
C2 uniform512,c3d4944f94350960e97d6e48,development_anomaly,2.6982920169830318,2.7164638042449951,False
C2 uniform512,5c7634efa4149dc1c41b584a,development_anomaly,2.7772529125213623,2.7164638042449951,True
C2 uniform512,8d0cec0332c073969b2b983b,development_anomaly,2.7509238719940186,2.7164638042449951,True
C2 uniform512,868416b86aae26b7d6e9d885,development_anomaly,2.8055651187896729,2.7164638042449951,True
C2 uniform512,818f50144b35ecb779aabdf6,development_anomaly,3.0674946308135982,2.7164638042449951,True
C2 uniform512,9ed49634ee0c9fa6fe0a2752,development_anomaly,2.7629935741424561,2.7164638042449951,True
C2 uniform512,203c5e27d6a34c52a904149b,development_anomaly,3.3217077255249023,2.7164638042449951,True
C2 uniform512,7a8d7f208fe54661aac4c264,development_anomaly,3.5617272853851318,2.7164638042449951,True
C2 uniform512,f4849b27e3a9671e0d552fa1,development_anomaly,3.0910134315490723,2.7164638042449951,True
C2 uniform512,195e220a16863d9f12a1bbe2,development_anomaly,3.5484142303466797,2.7164638042449951,True
C2 uniform512,3a4bfd8639e5c413622c95d7,development_anomaly,3.2399108409881592,2.7164638042449951,True
C2 uniform512,a5ea8d7cc5f3fe4879fe2a2d,development_anomaly,3.170767068862915,2.7164638042449951,True
C2 uniform512,2bd9079483b74cb788201bf4,development_anomaly,3.7586021423339839,2.7164638042449951,True
C2 uniform512,87158bd8ef0b4800fac96184,development_anomaly,2.7731633186340332,2.7164638042449951,True
C2 uniform512,9df2670f76428def52163447,development_anomaly,2.62813401222229,2.7164638042449951,False
C2 uniform512,43ed28b7189e5aecf0912bd1,development_anomaly,2.6778564453125,2.7164638042449951,False
C2 uniform512,941fc11ace7235f6a8c754a4,development_anomaly,3.6063804626464848,2.7164638042449951,True
C2 uniform512,ca6517206c7ed606f1334b73,development_anomaly,2.8854391574859619,2.7164638042449951,True
C2 uniform512,e291315ff3baf606d5b6f512,development_anomaly,2.7294971942901611,2.7164638042449951,True
C2 uniform512,f8c75b3d35149a713c6f9194,development_anomaly,2.7297573089599609,2.7164638042449951,True
C2 uniform512,de611bce473c840af8adafcd,development_anomaly,3.1658825874328613,2.7164638042449951,True
C2 uniform512,2f3b6929e46e26cbd6efaf83,development_anomaly,2.898942232131958,2.7164638042449951,True
C2 uniform512,58c7b18bac131308bc92b375,development_anomaly,3.183161735534668,2.7164638042449951,True
C2 uniform512,717172f0116db667e0dce7d7,development_anomaly,2.5682573318481445,2.7164638042449951,False
C2 uniform512,2f63d640d4f13c0be8d245aa,development_anomaly,2.6347942352294922,2.7164638042449951,False
C2 uniform512,59093f01f637a9d6917b2974,development_anomaly,3.3823926448822021,2.7164638042449951,True
C2 uniform512,28cfef727f84eaa01e9e5c2f,development_anomaly,2.8141045570373535,2.7164638042449951,True
C2 uniform512,ed801f703c4806f247f18f48,development_anomaly,2.8380646705627441,2.7164638042449951,True
C2 uniform512,1d91386b1f478d2daa4db014,development_anomaly,2.769986629486084,2.7164638042449951,True
C2 uniform512,016abd4045700c4284b5e89c,development_anomaly,2.7431750297546387,2.7164638042449951,True
C2 uniform512,2dda7ca3f73238832b2ca1a1,development_anomaly,2.7183732986450195,2.7164638042449951,True
C2 uniform512,d513967cbf2cbf166191b214,development_anomaly,3.0812382698059082,2.7164638042449951,True
C2 uniform512,9663d051f8bd8b2f73b6865a,development_anomaly,2.6117804050445557,2.7164638042449951,False
C2 uniform512,f512f563bc839ae91c3233a3,development_anomaly,2.9408292770385742,2.7164638042449951,True
C2 uniform512,101fcc171c95b290221f360e,development_anomaly,3.027071475982666,2.7164638042449951,True
C2 uniform512,dbfcb690087fc5c6e36dc581,development_anomaly,2.916862964630127,2.7164638042449951,True
C2 uniform512,f11d875c11fa86f5bb6e1a71,development_anomaly,3.309844970703125,2.7164638042449951,True
C2 uniform512,d350b5790f9636c1195fe4fa,development_anomaly,2.8149526119232178,2.7164638042449951,True
C2 uniform512,22de1b996a922d9d0db53c92,development_anomaly,3.0697391033172607,2.7164638042449951,True
C2 uniform512,b8931522a714116c4dd2ec42,development_anomaly,2.8840444087982178,2.7164638042449951,True
C2 uniform512,7adbebfe65a2433dc4c13658,development_anomaly,2.8583998680114746,2.7164638042449951,True
C2 uniform512,5134ff6eb4cbd37e5c32664a,development_anomaly,2.7137517929077148,2.7164638042449951,False
C2 uniform512,ae7f2a6fa10101021813040a,development_anomaly,2.7281615734100342,2.7164638042449951,True
C2 uniform512,d72dd10cae3fe674b0e231bd,development_anomaly,2.6152894496917725,2.7164638042449951,False
C2 uniform512,f354f7c22295245113ee90eb,development_anomaly,2.5991575717926025,2.7164638042449951,False
C2 uniform512,2f46384a7490aa62ee5c7f37,development_anomaly,2.6675994396209717,2.7164638042449951,False
C2 uniform512,eba73c42e7e6f64f7fd6a631,development_anomaly,2.7857744693756104,2.7164638042449951,True
C2 uniform512,331e9b6fcbed21ffd9237275,development_anomaly,2.8358397483825684,2.7164638042449951,True
C2 uniform512,e7105e4d0bbef7df12e60654,development_anomaly,2.7762904167175293,2.7164638042449951,True
C2 uniform512,d6d15a18364da11d6dcc2359,development_anomaly,2.5275712013244629,2.7164638042449951,False
C2 uniform512,6bd77e18179d473652739b16,development_anomaly,2.3820943832397461,2.7164638042449951,False
C2 uniform512,9b5f33859edd4f4ae5b7f3ae,development_anomaly,2.5956685543060303,2.7164638042449951,False
C2 uniform512,ef6143041222529aa5aaae7c,development_anomaly,2.7746000289916992,2.7164638042449951,True
C2 uniform512,0ef8731731cdd59ea690ee45,development_anomaly,2.6270020008087158,2.7164638042449951,False
C2 uniform512,b6a93f21715bab46a8ff2907,development_anomaly,2.5718734264373779,2.7164638042449951,False
C2 uniform512,97526c60892843bb396a370c,development_anomaly,2.7520966529846191,2.7164638042449951,True
C2 uniform512,2b1b6488aa13538b6a2520e8,development_anomaly,2.7403271198272705,2.7164638042449951,True
C2 uniform512,af57cbee2341ab925ede767b,development_anomaly,2.6658539772033691,2.7164638042449951,False
C2 uniform512,ddab2ad51cf8caf1b4373f11,development_anomaly,2.8214225769042969,2.7164638042449951,True
C2 uniform512,6b08c45dcbaabb986ad7863d,development_anomaly,2.8065116405487061,2.7164638042449951,True
C2 uniform512,163bca9aa13a5cbd7f2da266,development_anomaly,2.6791024208068848,2.7164638042449951,False
C2 uniform512,8383e0e103301b901c6c13c1,development_anomaly,2.880028247833252,2.7164638042449951,True
C2 uniform512,8803ca563ee51897e52eb53c,development_anomaly,2.7622404098510742,2.7164638042449951,True
C2 uniform512,70bac58e77ae3e0a0bd14646,development_anomaly,2.910184383392334,2.7164638042449951,True
C2 uniform512,24f83fa05771a9d377782faf,development_anomaly,2.6924028396606445,2.7164638042449951,False
C2 uniform512,06a000c3b7f783f28804f8a4,development_anomaly,2.8044183254241943,2.7164638042449951,True
D1 coreset256,956906775fe36364e0cef555,calibration_normal,1.6467621326446531,1.7836947441101074,False
D1 coreset256,095392cfded6f0c2cb8c7de8,calibration_normal,1.744868278503418,1.7836947441101074,False
D1 coreset256,4c6b62ea5740038f04527080,calibration_normal,1.7378867864608765,1.7836947441101074,False
D1 coreset256,864a24871853f4ee071e9728,calibration_normal,1.649633526802063,1.7836947441101074,False
D1 coreset256,e3e53a15454e99370b219ed5,calibration_normal,1.6631801128387451,1.7836947441101074,False
D1 coreset256,06ff726d9e21b212fa7f6291,calibration_normal,1.5921776294708252,1.7836947441101074,False
D1 coreset256,1ab1af080f648bf89a020616,calibration_normal,1.6560035943984983,1.7836947441101074,False
D1 coreset256,ab102a229b6bb0c3df26b639,calibration_normal,1.6850942373275757,1.7836947441101074,False
D1 coreset256,f527d606cb1f64dc19b0d7f4,calibration_normal,1.605703592300415,1.7836947441101074,False
D1 coreset256,1ca2779c77509095fe9e8337,calibration_normal,1.6875085830688477,1.7836947441101074,False
D1 coreset256,f9c8f4b979d980dc88993139,calibration_normal,1.5706406831741333,1.7836947441101074,False
D1 coreset256,7b57d0a4c0aa679ac82532cb,calibration_normal,1.6979823112487793,1.7836947441101074,False
D1 coreset256,aca487e1bcecb78c22d56a31,calibration_normal,1.5517113208770752,1.7836947441101074,False
D1 coreset256,65f16b603ffa4a89bca91660,calibration_normal,1.6270929574966431,1.7836947441101074,False
D1 coreset256,4d7b7cda4091d1c17f00563d,calibration_normal,1.6472408771514893,1.7836947441101074,False
D1 coreset256,66f1c1ef430b56b6f7dfb051,calibration_normal,1.7836947441101074,1.7836947441101074,False
D1 coreset256,16f7ac12020b9fb0663ce6fb,calibration_normal,1.6032531261444092,1.7836947441101074,False
D1 coreset256,a9e5597442bdfbb996511177,calibration_normal,1.6758075952529907,1.7836947441101074,False
D1 coreset256,2cf554aca4c3d9a9781555fd,calibration_normal,1.5437753200531006,1.7836947441101074,False
D1 coreset256,f20a5dba3bb929538cca04b8,calibration_normal,1.5924218893051147,1.7836947441101074,False
D1 coreset256,29264c6b2773e1d6fc04a1cf,calibration_normal,1.642413854598999,1.7836947441101074,False
D1 coreset256,92c9e638b5c71b5395560ff7,calibration_normal,1.621916651725769,1.7836947441101074,False
D1 coreset256,6b43ebf87627681b154cabde,calibration_normal,1.572140097618103,1.7836947441101074,False
D1 coreset256,b21320afee8c93e524a200ec,calibration_normal,1.6014319658279419,1.7836947441101074,False
D1 coreset256,1a4f24285d6c559bdea972b2,calibration_normal,1.571643590927124,1.7836947441101074,False
D1 coreset256,71b64a5d77a95dec19507b7c,calibration_normal,1.5419890880584717,1.7836947441101074,False
D1 coreset256,37d81101f3fcc01d5a1efd8a,calibration_normal,1.5650467872619629,1.7836947441101074,False
D1 coreset256,5cfccbf82f4ba95aa416a79b,calibration_normal,1.7005805969238279,1.7836947441101074,False
D1 coreset256,de961b5b424372429ec9d5d5,calibration_normal,1.5150758028030396,1.7836947441101074,False
D1 coreset256,48c0a1622b7204e488851ca2,calibration_normal,1.5466347932815552,1.7836947441101074,False
D1 coreset256,b4ac29669c8ff9cc5cfb8515,calibration_normal,1.6997342109680176,1.7836947441101074,False
D1 coreset256,3ad3cd2d193c37520a64ac51,calibration_normal,1.6322246789932251,1.7836947441101074,False
D1 coreset256,13452ab920b13c16081caef4,calibration_normal,1.6367801427841189,1.7836947441101074,False
D1 coreset256,949ba31189da990b746f189c,calibration_normal,1.6104612350463867,1.7836947441101074,False
D1 coreset256,c90f725868648a32cbe9c2de,calibration_normal,1.6274898052215576,1.7836947441101074,False
D1 coreset256,23119e24f887691f83386aa1,calibration_normal,1.5508193969726562,1.7836947441101074,False
D1 coreset256,a874b59b35950a97ccb5460c,calibration_normal,1.6527467966079712,1.7836947441101074,False
D1 coreset256,733cf3579a505b8802a8c9fc,calibration_normal,1.5963470935821531,1.7836947441101074,False
D1 coreset256,22247d3bbfdf9bd895ab2ac9,calibration_normal,1.6175189018249512,1.7836947441101074,False
D1 coreset256,4dafa26196377a1e6132aa2a,calibration_normal,1.503251314163208,1.7836947441101074,False
D1 coreset256,2f36d93c0e7531d8cbd3f8fb,calibration_normal,1.6307381391525269,1.7836947441101074,False
D1 coreset256,2ab8f47934ac1be3ea9e069e,calibration_normal,1.5244141817092896,1.7836947441101074,False
D1 coreset256,f1b0dafdd8a8a80dd5b765fb,calibration_normal,1.6444962024688721,1.7836947441101074,False
D1 coreset256,227991b4b74034e500f0df1c,calibration_normal,1.5355739593505859,1.7836947441101074,False
D1 coreset256,7ec309f954d57e97db290d51,calibration_normal,1.6191188097000122,1.7836947441101074,False
D1 coreset256,e11c1f09840d4dc1ebd4d928,calibration_normal,1.5952603816986084,1.7836947441101074,False
D1 coreset256,9a1e31c6e34ddd7689288f8d,calibration_normal,1.618749737739563,1.7836947441101074,False
D1 coreset256,7b28d70455b033b2dcf8fc9b,calibration_normal,1.5751999616622925,1.7836947441101074,False
D1 coreset256,cf294101d9cb58b00f86af20,calibration_normal,1.6962871551513672,1.7836947441101074,False
D1 coreset256,324000b9b0bca27635087469,calibration_normal,1.5349730253219604,1.7836947441101074,False
D1 coreset256,536f8bb4ab868beb2e31f26d,calibration_normal,1.5466266870498655,1.7836947441101074,False
D1 coreset256,e1b6e73ea1c1506d975ed678,calibration_normal,1.6297143697738647,1.7836947441101074,False
D1 coreset256,a2c949a8138f285341e36b2f,calibration_normal,1.5768241882324221,1.7836947441101074,False
D1 coreset256,d7a9145ce01694bff79df75d,calibration_normal,1.6746813058853149,1.7836947441101074,False
D1 coreset256,246401551a490c038fea39f9,calibration_normal,1.6871381998062134,1.7836947441101074,False
D1 coreset256,91a53ffa9a9338037b8e17c8,calibration_normal,1.7537215948104858,1.7836947441101074,False
D1 coreset256,47116b444c82d0369db43d96,calibration_normal,1.6241824626922607,1.7836947441101074,False
D1 coreset256,24b3c56123ac64d1a9558c5c,calibration_normal,1.6303606033325195,1.7836947441101074,False
D1 coreset256,e6609a47285a2ca7bfb00eb9,calibration_normal,1.6063659191131592,1.7836947441101074,False
D1 coreset256,e3c620f36e2c8b42669883e5,calibration_normal,1.5579310655593872,1.7836947441101074,False
D1 coreset256,234dc1c4cebdbd3e6d5e5727,calibration_normal,1.7273098230361938,1.7836947441101074,False
D1 coreset256,88f40bec509ce6e57bea78d9,calibration_normal,1.6898458003997805,1.7836947441101074,False
D1 coreset256,a233a3f48172c63ee3e1806d,calibration_normal,1.5566612482070925,1.7836947441101074,False
D1 coreset256,3e422aa56ea3f356fce6def4,calibration_normal,1.5774002075195312,1.7836947441101074,False
D1 coreset256,8d077417dac7a451e93c53f1,calibration_normal,1.5186653137207031,1.7836947441101074,False
D1 coreset256,c16f99d1343b93c818bca622,calibration_normal,1.6520819664001465,1.7836947441101074,False
D1 coreset256,e5f3751472ef268122f4ebd7,calibration_normal,1.7325509786605835,1.7836947441101074,False
D1 coreset256,756021a17afa68fce3c94973,calibration_normal,1.6548559665679932,1.7836947441101074,False
D1 coreset256,e886a4200bf8dd2df2c08208,calibration_normal,1.6583733558654783,1.7836947441101074,False
D1 coreset256,211edff6d9d81f2a05d576a3,calibration_normal,1.5852917432785034,1.7836947441101074,False
D1 coreset256,a6a57f9e79100cebf512f1db,calibration_normal,1.5349487066268921,1.7836947441101074,False
D1 coreset256,7c25bbd729f4e67f0ba3b0c3,calibration_normal,1.7153714895248413,1.7836947441101074,False
D1 coreset256,407ddd75b9a741fbf7c2fc56,calibration_normal,1.6097155809402466,1.7836947441101074,False
D1 coreset256,dfcd151cdd744ec8b82ef4cb,calibration_normal,1.5633821487426758,1.7836947441101074,False
D1 coreset256,1331a43b8f8468b25687bbb1,calibration_normal,1.5804836750030518,1.7836947441101074,False
D1 coreset256,0782ee2d3e27c17669e754fd,calibration_normal,1.583289623260498,1.7836947441101074,False
D1 coreset256,29e44f2b4f980e145cc4125b,calibration_normal,1.6890232563018801,1.7836947441101074,False
D1 coreset256,f0255799928a080b703707e8,calibration_normal,1.6809147596359253,1.7836947441101074,False
D1 coreset256,fe191a0f5ae4e2fdc30865c4,calibration_normal,1.5685501098632812,1.7836947441101074,False
D1 coreset256,0f10ec6b2c6099afc1ecdf33,calibration_normal,1.635047435760498,1.7836947441101074,False
D1 coreset256,88a81931af12ae641c3003e2,calibration_normal,1.5676164627075195,1.7836947441101074,False
D1 coreset256,79f7638434c26e85711b79ab,calibration_normal,1.7003849744796753,1.7836947441101074,False
D1 coreset256,9e5bf038c530c2e6cf8f8f1e,calibration_normal,1.696507453918457,1.7836947441101074,False
D1 coreset256,e3f0081cc53bd43ee9d33f0d,calibration_normal,1.5555567741394043,1.7836947441101074,False
D1 coreset256,7a0a7f5587546bec8f98d482,calibration_normal,1.5845646858215332,1.7836947441101074,False
D1 coreset256,6d572dc3c3542f6f662ad217,calibration_normal,1.5685144662857056,1.7836947441101074,False
D1 coreset256,b2d67f8bb481dbdac6986bd2,calibration_normal,1.5759203433990481,1.7836947441101074,False
D1 coreset256,8738d9f894d9becb89444125,calibration_normal,1.6564580202102659,1.7836947441101074,False
D1 coreset256,aaff53ff93370e8c7d895c72,calibration_normal,1.6131340265274048,1.7836947441101074,False
D1 coreset256,d3fb37bb17fc2c3ad8bca0e0,calibration_normal,1.5710495710372925,1.7836947441101074,False
D1 coreset256,e622b62f32f6eb72ed6a5949,calibration_normal,1.5934298038482666,1.7836947441101074,False
D1 coreset256,861df9abcfea18b20057ec0e,calibration_normal,1.6712939739227295,1.7836947441101074,False
D1 coreset256,52397c2b4017a4a648564309,calibration_normal,1.5635361671447754,1.7836947441101074,False
D1 coreset256,2dbee3a3d59a98193ef9a19f,calibration_normal,1.6073249578475952,1.7836947441101074,False
D1 coreset256,cbd5704ce48ac6be43a4557f,calibration_normal,1.5970491170883181,1.7836947441101074,False
D1 coreset256,7a6cffd6d8ec96a2e62652fe,calibration_normal,1.6702165603637695,1.7836947441101074,False
D1 coreset256,bc15f1f7e1b1d82bb4971b6a,calibration_normal,1.6737415790557859,1.7836947441101074,False
D1 coreset256,8734b8355da1d20df1bf8041,calibration_normal,1.6145905256271362,1.7836947441101074,False
D1 coreset256,cf9e8ca03ce9894cb824af69,calibration_normal,1.7058658599853516,1.7836947441101074,False
D1 coreset256,f0222587d2a43299f99a4659,calibration_normal,1.6313250064849854,1.7836947441101074,False
D1 coreset256,200d9bb7b8c6d74fa49d5f5e,calibration_normal,1.6079032421112061,1.7836947441101074,False
D1 coreset256,004d895dc5990ee7d7ca573b,calibration_normal,1.6892176866531372,1.7836947441101074,False
D1 coreset256,8ec4b6bb9475504521da8b86,calibration_normal,1.5874449014663696,1.7836947441101074,False
D1 coreset256,b0780facd7b3fa47dae834e2,calibration_normal,1.6746516227722168,1.7836947441101074,False
D1 coreset256,d7ff54c7b4657ca3abb8760c,calibration_normal,1.53455650806427,1.7836947441101074,False
D1 coreset256,432dd58fa4ffb3c3fdaa4956,calibration_normal,1.5999372005462646,1.7836947441101074,False
D1 coreset256,e38956da9055feecc471f925,calibration_normal,1.5853171348571775,1.7836947441101074,False
D1 coreset256,a225a34cb357c4d82bc3ea46,calibration_normal,1.6935364007949829,1.7836947441101074,False
D1 coreset256,d89eedca0380c77cb1f679c6,calibration_normal,1.5970183610916138,1.7836947441101074,False
D1 coreset256,75163185d2b9a8f78c0a3014,calibration_normal,1.6931434869766235,1.7836947441101074,False
D1 coreset256,fd6f0fdcc075bbe32d98e730,calibration_normal,1.8431394100189209,1.7836947441101074,True
D1 coreset256,568939b28e0d8b214b43f363,calibration_normal,1.6133975982666016,1.7836947441101074,False
D1 coreset256,97a3b1a85b5e73acb97316d1,calibration_normal,1.7952446937561035,1.7836947441101074,True
D1 coreset256,e2b572224a26b59cbb4e1548,calibration_normal,1.7369779348373413,1.7836947441101074,False
D1 coreset256,904fa395fceaa6ca57d95e57,calibration_normal,1.683039665222168,1.7836947441101074,False
D1 coreset256,b634be64baa5c6d442e0ecc1,calibration_normal,1.7846907377243042,1.7836947441101074,True
D1 coreset256,ac2c49cb91d031f3aa11169c,calibration_normal,1.6483131647109983,1.7836947441101074,False
D1 coreset256,33b5fa432e6f35fb6d7081c4,calibration_normal,1.5773118734359739,1.7836947441101074,False
D1 coreset256,a7561e96de8cce01921490d5,calibration_normal,1.7073895931243896,1.7836947441101074,False
D1 coreset256,82e8cafc4b4595142de63a65,calibration_normal,1.6282397508621216,1.7836947441101074,False
D1 coreset256,8c088ade71ac879ee65fe7ba,calibration_normal,1.7036528587341309,1.7836947441101074,False
D1 coreset256,ed56d58b655aafc668aa0f72,calibration_normal,1.6258337497711182,1.7836947441101074,False
D1 coreset256,ebb9e96ecf5dd9628c1aa2bc,calibration_normal,1.6495444774627686,1.7836947441101074,False
D1 coreset256,ef956842fa9271445b15d84e,calibration_normal,1.7066638469696045,1.7836947441101074,False
D1 coreset256,9185c49f7e0d2be3258ad3d5,calibration_normal,1.7439219951629641,1.7836947441101074,False
D1 coreset256,b8b972a3535439762a8596e1,calibration_normal,1.6704312562942505,1.7836947441101074,False
D1 coreset256,9a67d094cb8b2043aff88d44,calibration_normal,1.6687582731246948,1.7836947441101074,False
D1 coreset256,03cb98bca86f2412527cc23c,calibration_normal,1.8360834121704104,1.7836947441101074,True
D1 coreset256,c9bf14416670a64f85d75c3a,calibration_normal,1.7358553409576416,1.7836947441101074,False
D1 coreset256,4e133a1f2e41111244f56807,calibration_normal,1.7267992496490481,1.7836947441101074,False
D1 coreset256,f18a1177d401be709ed8eb16,calibration_normal,1.7860832214355469,1.7836947441101074,True
D1 coreset256,2211e6a475c92ee3b1e44c71,calibration_normal,1.6651586294174194,1.7836947441101074,False
D1 coreset256,1c338dfb5770538e9a4969ef,calibration_normal,1.6952545642852783,1.7836947441101074,False
D1 coreset256,bf43915a60371e0a7becb1cf,calibration_normal,1.6441203355789185,1.7836947441101074,False
D1 coreset256,42586144de6a4ea3b2272397,calibration_normal,1.7618753910064695,1.7836947441101074,False
D1 coreset256,e040511ff60c11a3a4879652,calibration_normal,1.6258085966110229,1.7836947441101074,False
D1 coreset256,427759ef34c35bcd2361b74c,calibration_normal,1.7288938760757446,1.7836947441101074,False
D1 coreset256,7f0bca46a04f79da70a6cacf,calibration_normal,1.6303002834320068,1.7836947441101074,False
D1 coreset256,c4ad891f4cd45225080667c1,calibration_normal,1.7494692802429199,1.7836947441101074,False
D1 coreset256,17bc2dfc77d1741d77a0c528,calibration_normal,1.6857707500457764,1.7836947441101074,False
D1 coreset256,cfc6e178ed0fd4aa2b12694a,calibration_normal,1.7188786268234253,1.7836947441101074,False
D1 coreset256,716249a98a8e0b6cad7c6107,calibration_normal,1.6732023954391479,1.7836947441101074,False
D1 coreset256,5d11280abccc2b6b7c6617e3,calibration_normal,1.800275444984436,1.7836947441101074,True
D1 coreset256,f968d8638d3d5a6e5ff6ca7c,calibration_normal,1.6979700326919556,1.7836947441101074,False
D1 coreset256,205b1a09bc4cb1b12e518a64,calibration_normal,1.8617645502090456,1.7836947441101074,True
D1 coreset256,b00883f17f7fafa1b8c8e43f,calibration_normal,1.7222976684570312,1.7836947441101074,False
D1 coreset256,0510fc11628d84ecbb6ea63a,calibration_normal,1.87810742855072,1.7836947441101074,True
D1 coreset256,9723cc38dc10c70816004fa2,calibration_normal,1.5721091032028198,1.7836947441101074,False
D1 coreset256,d3d83542e27f2321ad358195,calibration_normal,1.6844711303710938,1.7836947441101074,False
D1 coreset256,40c4c503e27ad32df0d7e9ef,calibration_normal,1.6293843984603882,1.7836947441101074,False
D1 coreset256,039d9465505e39c0aabedb0a,calibration_normal,1.8982135057449341,1.7836947441101074,True
D1 coreset256,938cbe83e9a5c3943633d6ea,calibration_normal,1.7111054658889771,1.7836947441101074,False
D1 coreset256,b0f9d3bb5de4c53136ffc3d1,calibration_normal,1.733007550239563,1.7836947441101074,False
D1 coreset256,d8e812c9704102c6d56d59b6,calibration_normal,1.7094377279281616,1.7836947441101074,False
D1 coreset256,6ea81f0a8720889aa87a1def,calibration_normal,1.5732693672180176,1.7836947441101074,False
D1 coreset256,17869493283a0bb550c296b1,calibration_normal,1.6499168872833252,1.7836947441101074,False
D1 coreset256,a6ccd48c62f446862b7bba76,calibration_normal,1.615548849105835,1.7836947441101074,False
D1 coreset256,b15e6be6eceb16fdb57d5be7,calibration_normal,1.5860483646392822,1.7836947441101074,False
D1 coreset256,5a73cc9910bd098797c42298,calibration_normal,1.6613221168518066,1.7836947441101074,False
D1 coreset256,b92468455ea7ed6b1272b9e6,calibration_normal,1.691699743270874,1.7836947441101074,False
D1 coreset256,e17a6dd24e62c0c3fed61642,calibration_normal,1.6459635496139526,1.7836947441101074,False
D1 coreset256,ba3ae522ee7b33da0d790372,calibration_normal,1.5829166173934937,1.7836947441101074,False
D1 coreset256,871a8e359fe7d4bd0129cbdf,calibration_normal,1.5373919010162354,1.7836947441101074,False
D1 coreset256,5ebb520fec07bb3b51e5e2e6,calibration_normal,1.5712908506393433,1.7836947441101074,False
D1 coreset256,ee67739a1a2216f9f50575d1,calibration_normal,1.6006478071212769,1.7836947441101074,False
D1 coreset256,c7816a50b4a6852d7789a442,calibration_normal,1.6736129522323608,1.7836947441101074,False
D1 coreset256,303b3869299ef3c29eef8049,calibration_normal,1.5686215162277222,1.7836947441101074,False
D1 coreset256,a9d578dde6d3b3ae83cbd1e3,calibration_normal,1.5908106565475464,1.7836947441101074,False
D1 coreset256,99e879defb574d451788acee,calibration_normal,1.626624584197998,1.7836947441101074,False
D1 coreset256,f53d537a9d69d551c02f92b4,calibration_normal,1.6522160768508911,1.7836947441101074,False
D1 coreset256,332798b6d96d672ca2315296,calibration_normal,1.6712948083877563,1.7836947441101074,False
D1 coreset256,335d198b3c43c8df4eb14a3d,calibration_normal,1.7242439985275269,1.7836947441101074,False
D1 coreset256,0a3849c8ce59b47344c3e882,calibration_normal,1.5357997417449951,1.7836947441101074,False
D1 coreset256,36731a2f94c1ba2748129997,calibration_normal,1.6647963523864746,1.7836947441101074,False
D1 coreset256,1e96dae2ccfe031404154c33,calibration_normal,1.6745017766952517,1.7836947441101074,False
D1 coreset256,94e842f89cd2061fd4ce3fa9,calibration_normal,1.5260719060897827,1.7836947441101074,False
D1 coreset256,38ff03b08012f368d777b730,calibration_normal,1.578254222869873,1.7836947441101074,False
D1 coreset256,2748e3edd4e5c71b1120c414,calibration_normal,1.7748391628265381,1.7836947441101074,False
D1 coreset256,e8761d0ff99dff32d2660600,calibration_normal,1.576393723487854,1.7836947441101074,False
D1 coreset256,cefe29f3c9cc4e06cbcce772,calibration_normal,1.5799069404602051,1.7836947441101074,False
D1 coreset256,043fb91d46e147537a5c87bb,calibration_normal,1.6001970767974854,1.7836947441101074,False
D1 coreset256,556667850af971635cb30fff,development_normal,1.5720268487930298,1.7836947441101074,False
D1 coreset256,cbfed2d91c4d35a51150b3e9,development_normal,1.6502509117126465,1.7836947441101074,False
D1 coreset256,491b4556c783776b10d624da,development_normal,1.6476398706436155,1.7836947441101074,False
D1 coreset256,2a49642847cbe676f49bd4a1,development_normal,1.6946755647659302,1.7836947441101074,False
D1 coreset256,0dba220ba6fb75f467422d47,development_normal,1.6598594188690186,1.7836947441101074,False
D1 coreset256,f0459370faa43efcf8bca2c8,development_normal,1.5567740201950071,1.7836947441101074,False
D1 coreset256,1e05b0d5671299cfd7543018,development_normal,1.5968875885009766,1.7836947441101074,False
D1 coreset256,463d50ba01a9a4ad0655511c,development_normal,1.6069427728652954,1.7836947441101074,False
D1 coreset256,79fc5ec6e3c3615ea82fd202,development_normal,1.6173673868179319,1.7836947441101074,False
D1 coreset256,251d402d8f2192e1ad51e756,development_normal,1.5888445377349854,1.7836947441101074,False
D1 coreset256,4126de2e066d240b3f7186f7,development_normal,1.5966759920120239,1.7836947441101074,False
D1 coreset256,7fca7f998a90ae309e8d2601,development_normal,1.6072653532028198,1.7836947441101074,False
D1 coreset256,50d15478cc2eed94a03b73fb,development_normal,1.6170827150344849,1.7836947441101074,False
D1 coreset256,b7532bc4c5961ede826a7b14,development_normal,1.5491105318069458,1.7836947441101074,False
D1 coreset256,2808405920efb8f612858a20,development_normal,1.6115895509719849,1.7836947441101074,False
D1 coreset256,5fd73fb69558e1b061b9ef9f,development_normal,1.6202702522277832,1.7836947441101074,False
D1 coreset256,c1589f1e5cb0f45a4572c9f8,development_normal,1.5835434198379517,1.7836947441101074,False
D1 coreset256,a25aa8366e034a3772cd4eaf,development_normal,1.6469602584838867,1.7836947441101074,False
D1 coreset256,b058b076cbe1f3aa73777223,development_normal,1.5557795763015747,1.7836947441101074,False
D1 coreset256,ca2a5d83fa709ec818761d2d,development_normal,1.721247673034668,1.7836947441101074,False
D1 coreset256,cc382503edb83f7a1d103fae,development_normal,1.6174149513244629,1.7836947441101074,False
D1 coreset256,6bb3f94762876b037978efe5,development_normal,1.7626986503601074,1.7836947441101074,False
D1 coreset256,2d9785bfcf1a7dc74d0fbf98,development_normal,1.7190015316009519,1.7836947441101074,False
D1 coreset256,00b64bd580c8d09f962d7bb7,development_normal,1.617964506149292,1.7836947441101074,False
D1 coreset256,21e6fa47368b66a47c75f924,development_normal,1.6895623207092283,1.7836947441101074,False
D1 coreset256,4076f6bfb6953866c349e268,development_normal,1.6012343168258667,1.7836947441101074,False
D1 coreset256,3f63eec4c68e447f5194cad6,development_normal,2.0341784954071045,1.7836947441101074,True
D1 coreset256,0438e965f1679055ec619e77,development_normal,1.6612111330032349,1.7836947441101074,False
D1 coreset256,890903084496d64321ddd732,development_normal,1.9161022901535032,1.7836947441101074,True
D1 coreset256,4e75be47e80286aa75c2a052,development_normal,1.6550711393356323,1.7836947441101074,False
D1 coreset256,1042f3dd45c162558c45200f,development_normal,1.727447509765625,1.7836947441101074,False
D1 coreset256,78240ede377ebee702114fdc,development_normal,1.6512219905853271,1.7836947441101074,False
D1 coreset256,2f0c4c52a767a109c60bb6ce,development_normal,1.7251803874969482,1.7836947441101074,False
D1 coreset256,47333b633851172c9f062795,development_normal,1.6635364294052124,1.7836947441101074,False
D1 coreset256,c1fc84b66b7e7871b424b484,development_normal,1.6208221912384031,1.7836947441101074,False
D1 coreset256,9020fd5340397a9b81e2f509,development_normal,1.61780846118927,1.7836947441101074,False
D1 coreset256,c00f11dd1e9e8759f290ab80,development_normal,1.6149687767028809,1.7836947441101074,False
D1 coreset256,770ad2a69864e439b192c236,development_normal,1.5969197750091553,1.7836947441101074,False
D1 coreset256,c01658744c534f03ed9f4e93,development_normal,1.5947234630584717,1.7836947441101074,False
D1 coreset256,37e7b42bc75d5b019ed8f890,development_normal,1.659203052520752,1.7836947441101074,False
D1 coreset256,50b94b6bb6440330d03cf03c,development_normal,1.6750025749206543,1.7836947441101074,False
D1 coreset256,749f9feb6032b5b2e06600c6,development_normal,1.6962752342224121,1.7836947441101074,False
D1 coreset256,590f1df98441884c4fd7ad21,development_normal,1.5898557901382446,1.7836947441101074,False
D1 coreset256,26f548b22a3fb7168ac0bffc,development_normal,1.6523522138595581,1.7836947441101074,False
D1 coreset256,60e0210da58a698ef2b9d297,development_normal,1.6665780544281006,1.7836947441101074,False
D1 coreset256,b83892b2662e523e63bdd68e,development_normal,1.5614666938781738,1.7836947441101074,False
D1 coreset256,e4b8f8664a72da3d41fe0361,development_normal,1.6366317272186279,1.7836947441101074,False
D1 coreset256,5b5d277bc5ee2ffca0f3ada6,development_normal,1.6110397577285769,1.7836947441101074,False
D1 coreset256,3262a9232e141085b36a6c7e,development_normal,1.6280571222305298,1.7836947441101074,False
D1 coreset256,92e5c81770474cceb0fab794,development_normal,1.6572986841201782,1.7836947441101074,False
D1 coreset256,85a25f1c3a7e0dd4cb2ec7a6,development_normal,1.5706380605697632,1.7836947441101074,False
D1 coreset256,122c351f4783e562322ae0b4,development_normal,1.7025182247161863,1.7836947441101074,False
D1 coreset256,a768ba39fe2237fb19491ff3,development_normal,1.737517237663269,1.7836947441101074,False
D1 coreset256,cf7bde26ebeb128101689e87,development_normal,1.6651827096939087,1.7836947441101074,False
D1 coreset256,c2cb0c43c0ca98cca3fb3747,development_normal,1.6881452798843384,1.7836947441101074,False
D1 coreset256,f88884345b9a3f0e3d62f4c4,development_normal,1.7128307819366455,1.7836947441101074,False
D1 coreset256,ba73472d0152531aab096510,development_normal,1.6299093961715698,1.7836947441101074,False
D1 coreset256,8dc18a3f70fab36098dd0d52,development_normal,1.6214714050292969,1.7836947441101074,False
D1 coreset256,c373f1e8d89bb18df5ca4b77,development_normal,1.6553354263305664,1.7836947441101074,False
D1 coreset256,5a4cfc749e5301a5b31a22c4,development_normal,1.7275283336639404,1.7836947441101074,False
D1 coreset256,e42a8414f718895b1721abec,development_normal,1.6210347414016724,1.7836947441101074,False
D1 coreset256,7895eccb31b5b2a85262e062,development_normal,1.7454210519790649,1.7836947441101074,False
D1 coreset256,0cf3e157e4c0e17cd58cc981,development_normal,1.7698192596435549,1.7836947441101074,False
D1 coreset256,da356b58499dca132a6d67b6,development_normal,1.7229968309402466,1.7836947441101074,False
D1 coreset256,f9d2b6149075e1d272a14267,development_normal,1.6693130731582642,1.7836947441101074,False
D1 coreset256,725fabcc4c44c5ee51246d78,development_normal,1.622400164604187,1.7836947441101074,False
D1 coreset256,420fdcf5c247957d9c950174,development_normal,2.302115678787231,1.7836947441101074,True
D1 coreset256,3dda55abf4ae34b8adcb4e65,development_normal,1.6961559057235718,1.7836947441101074,False
D1 coreset256,eef86025d524ff6dfd52ad1c,development_normal,1.6656394004821775,1.7836947441101074,False
D1 coreset256,a64830cbe19e5ca56ad89629,development_normal,1.6919388771057129,1.7836947441101074,False
D1 coreset256,71c67983c6d96f70049d9ac6,development_normal,1.6680424213409424,1.7836947441101074,False
D1 coreset256,46583c79db81086d05eed549,development_normal,1.622923731803894,1.7836947441101074,False
D1 coreset256,30967b1394262f3786dbc812,development_normal,1.7210074663162231,1.7836947441101074,False
D1 coreset256,c1c7961f1378e8dad399290f,development_normal,1.6230001449584961,1.7836947441101074,False
D1 coreset256,74e3591b66d5b59925b026b8,development_normal,1.7026078701019287,1.7836947441101074,False
D1 coreset256,cce23dc9ed8f89aeedb38811,development_normal,1.7089306116104126,1.7836947441101074,False
D1 coreset256,156f5d883036b4cc5f95980d,development_normal,1.6735360622406006,1.7836947441101074,False
D1 coreset256,b763db5ef601318b84ff6946,development_normal,1.5945026874542236,1.7836947441101074,False
D1 coreset256,1c6b7a93d59f386e27b64780,development_normal,1.6969530582427981,1.7836947441101074,False
D1 coreset256,6d2bad128a1ab5061fb42af5,development_normal,1.759476900100708,1.7836947441101074,False
D1 coreset256,3a39d097d286e1453c1467fc,development_normal,1.6954476833343506,1.7836947441101074,False
D1 coreset256,7aa55a1abfbcccf798285c97,development_normal,1.7069045305252075,1.7836947441101074,False
D1 coreset256,23df30821328eba2553753c3,development_normal,1.701701283454895,1.7836947441101074,False
D1 coreset256,e7094972aed37eec180929cb,development_normal,1.677969217300415,1.7836947441101074,False
D1 coreset256,7e097e31d56b3e6629e11194,development_normal,1.6312586069107056,1.7836947441101074,False
D1 coreset256,d0a03a58633036a118803633,development_normal,1.617422342300415,1.7836947441101074,False
D1 coreset256,9c8ffbaf9ffa7a56b654d1f1,development_normal,1.5635422468185425,1.7836947441101074,False
D1 coreset256,61aef9a6b5d0c6bcb75b1266,development_normal,1.6360793113708496,1.7836947441101074,False
D1 coreset256,2a88f74644bac5ccdedb5aeb,development_normal,2.1461505889892578,1.7836947441101074,True
D1 coreset256,19b63757ea88b3963e7004e0,development_normal,1.6528427600860596,1.7836947441101074,False
D1 coreset256,4fa1a001da9cb7eb8c7fb3ae,development_normal,1.5478589534759519,1.7836947441101074,False
D1 coreset256,eab554e08045a3856fa203bc,development_normal,1.6004081964492798,1.7836947441101074,False
D1 coreset256,30f2a82e3553a151af9f0e20,development_normal,1.5850706100463867,1.7836947441101074,False
D1 coreset256,f42f9a075db5a562ffec3770,development_normal,1.6886872053146362,1.7836947441101074,False
D1 coreset256,ed960dd36746d6c7a28d527d,development_normal,1.5868304967880249,1.7836947441101074,False
D1 coreset256,e480b5ced51ba8c3a59cf8dd,development_normal,1.6656324863433838,1.7836947441101074,False
D1 coreset256,9a6ab4df3b2ef0d2b7859652,development_normal,1.5193272829055786,1.7836947441101074,False
D1 coreset256,9ac51c113742157b45e40d79,development_normal,1.5866278409957886,1.7836947441101074,False
D1 coreset256,f50bf0a6b60c8a6ac945231b,development_normal,1.6294209957122805,1.7836947441101074,False
D1 coreset256,bfa8a3427a285784650ef7d2,development_normal,1.5724098682403564,1.7836947441101074,False
D1 coreset256,06f40448dee1a930bf10c4ea,development_anomaly,2.3622558116912842,1.7836947441101074,True
D1 coreset256,2f825d9d344c559d7d72cdec,development_anomaly,2.3791699409484863,1.7836947441101074,True
D1 coreset256,de960b7437d8b5f529bf279f,development_anomaly,2.4130606651306152,1.7836947441101074,True
D1 coreset256,acb837b71ab9fc67f9faee80,development_anomaly,2.5403451919555664,1.7836947441101074,True
D1 coreset256,c6d0a9a2fa5268e44909c6fa,development_anomaly,2.5411548614501953,1.7836947441101074,True
D1 coreset256,efd3a55951e74b6f4ee6bc3e,development_anomaly,2.7915670871734619,1.7836947441101074,True
D1 coreset256,d974322eff775a646b101f0e,development_anomaly,2.1727919578552246,1.7836947441101074,True
D1 coreset256,b0700bc6b29aae01a84814ed,development_anomaly,2.3306446075439453,1.7836947441101074,True
D1 coreset256,937e457652aea2b05a14772c,development_anomaly,2.8595349788665771,1.7836947441101074,True
D1 coreset256,8c0f93633237201e215dfe01,development_anomaly,3.0549259185791016,1.7836947441101074,True
D1 coreset256,fba1a82359c4e960a7f81c43,development_anomaly,2.9842641353607178,1.7836947441101074,True
D1 coreset256,d9a35e62add18f84d5fe6ab2,development_anomaly,3.0734755992889404,1.7836947441101074,True
D1 coreset256,5d14f6175a2be9fad38b82eb,development_anomaly,2.5900163650512695,1.7836947441101074,True
D1 coreset256,cc46aee3364a0a34fe29d893,development_anomaly,2.6457598209381104,1.7836947441101074,True
D1 coreset256,99eaf79ae38a0e02fd89262b,development_anomaly,3.3189105987548828,1.7836947441101074,True
D1 coreset256,cc6f2b8f5db2df27cc8f45d7,development_anomaly,1.7410482168197632,1.7836947441101074,False
D1 coreset256,0544dcfb259d8b0c921e8cf2,development_anomaly,2.7985248565673828,1.7836947441101074,True
D1 coreset256,e96fc0a78e0f560962fe98b9,development_anomaly,2.011815071105957,1.7836947441101074,True
D1 coreset256,b2665a4734aca10982f55f97,development_anomaly,1.7775954008102417,1.7836947441101074,False
D1 coreset256,19ddc36fffb2ae41a480851f,development_anomaly,2.1477522850036621,1.7836947441101074,True
D1 coreset256,37a5f7103193e235d49f1e76,development_anomaly,1.865357041358948,1.7836947441101074,True
D1 coreset256,5461e26868dd5bd657830961,development_anomaly,2.3315489292144775,1.7836947441101074,True
D1 coreset256,b8888974f860bf6b0c0215c8,development_anomaly,1.817901611328125,1.7836947441101074,True
D1 coreset256,d5d1387098de672909855830,development_anomaly,1.9311118125915527,1.7836947441101074,True
D1 coreset256,a1ac0b3e3bb6fa4e732f03c5,development_anomaly,1.7977612018585205,1.7836947441101074,True
D1 coreset256,401b8aaa829c62cd6e5e4b37,development_anomaly,1.7415997982025146,1.7836947441101074,False
D1 coreset256,cf0b7d2b92f0fb2e900016bc,development_anomaly,1.8789768218994141,1.7836947441101074,True
D1 coreset256,0aef9397e857664be50586e6,development_anomaly,1.7612547874450684,1.7836947441101074,False
D1 coreset256,058e7c1cfa361985e0c768c7,development_anomaly,2.0585839748382568,1.7836947441101074,True
D1 coreset256,f0259e5eda4cbee36218f2e8,development_anomaly,1.9305582046508789,1.7836947441101074,True
D1 coreset256,52249861bad3bd5cc6943c9b,development_anomaly,2.1622622013092041,1.7836947441101074,True
D1 coreset256,2f84a33fef692ee5bf520862,development_anomaly,1.909639358520508,1.7836947441101074,True
D1 coreset256,a9b088cb5fbeb8650e53adca,development_anomaly,2.4732735157012939,1.7836947441101074,True
D1 coreset256,fc0e0c77761b585a8ee21495,development_anomaly,1.8070939779281616,1.7836947441101074,True
D1 coreset256,c3d4944f94350960e97d6e48,development_anomaly,1.8163800239562988,1.7836947441101074,True
D1 coreset256,5c7634efa4149dc1c41b584a,development_anomaly,1.8384337425231936,1.7836947441101074,True
D1 coreset256,8d0cec0332c073969b2b983b,development_anomaly,1.9343349933624268,1.7836947441101074,True
D1 coreset256,868416b86aae26b7d6e9d885,development_anomaly,1.7946803569793699,1.7836947441101074,True
D1 coreset256,818f50144b35ecb779aabdf6,development_anomaly,2.4595487117767334,1.7836947441101074,True
D1 coreset256,9ed49634ee0c9fa6fe0a2752,development_anomaly,2.2387125492095947,1.7836947441101074,True
D1 coreset256,203c5e27d6a34c52a904149b,development_anomaly,3.0462546348571777,1.7836947441101074,True
D1 coreset256,7a8d7f208fe54661aac4c264,development_anomaly,3.6883735656738281,1.7836947441101074,True
D1 coreset256,f4849b27e3a9671e0d552fa1,development_anomaly,2.3418900966644287,1.7836947441101074,True
D1 coreset256,195e220a16863d9f12a1bbe2,development_anomaly,3.6794705390930176,1.7836947441101074,True
D1 coreset256,3a4bfd8639e5c413622c95d7,development_anomaly,3.407909631729126,1.7836947441101074,True
D1 coreset256,a5ea8d7cc5f3fe4879fe2a2d,development_anomaly,3.3232312202453613,1.7836947441101074,True
D1 coreset256,2bd9079483b74cb788201bf4,development_anomaly,3.8541054725646977,1.7836947441101074,True
D1 coreset256,87158bd8ef0b4800fac96184,development_anomaly,1.90761399269104,1.7836947441101074,True
D1 coreset256,9df2670f76428def52163447,development_anomaly,1.8496216535568235,1.7836947441101074,True
D1 coreset256,43ed28b7189e5aecf0912bd1,development_anomaly,2.0985138416290283,1.7836947441101074,True
D1 coreset256,941fc11ace7235f6a8c754a4,development_anomaly,3.7111175060272217,1.7836947441101074,True
D1 coreset256,ca6517206c7ed606f1334b73,development_anomaly,2.1142780780792236,1.7836947441101074,True
D1 coreset256,e291315ff3baf606d5b6f512,development_anomaly,2.1025924682617188,1.7836947441101074,True
D1 coreset256,f8c75b3d35149a713c6f9194,development_anomaly,2.8094258308410645,1.7836947441101074,True
D1 coreset256,de611bce473c840af8adafcd,development_anomaly,3.2169868946075439,1.7836947441101074,True
D1 coreset256,2f3b6929e46e26cbd6efaf83,development_anomaly,3.0711600780487061,1.7836947441101074,True
D1 coreset256,58c7b18bac131308bc92b375,development_anomaly,2.7821004390716553,1.7836947441101074,True
D1 coreset256,717172f0116db667e0dce7d7,development_anomaly,1.8916733264923096,1.7836947441101074,True
D1 coreset256,2f63d640d4f13c0be8d245aa,development_anomaly,1.7547597885131836,1.7836947441101074,False
D1 coreset256,59093f01f637a9d6917b2974,development_anomaly,3.2921285629272461,1.7836947441101074,True
D1 coreset256,28cfef727f84eaa01e9e5c2f,development_anomaly,1.686919093132019,1.7836947441101074,False
D1 coreset256,ed801f703c4806f247f18f48,development_anomaly,1.9947808980941772,1.7836947441101074,True
D1 coreset256,1d91386b1f478d2daa4db014,development_anomaly,1.8980804681777952,1.7836947441101074,True
D1 coreset256,016abd4045700c4284b5e89c,development_anomaly,1.8591920137405396,1.7836947441101074,True
D1 coreset256,2dda7ca3f73238832b2ca1a1,development_anomaly,2.2221863269805908,1.7836947441101074,True
D1 coreset256,d513967cbf2cbf166191b214,development_anomaly,2.4004833698272705,1.7836947441101074,True
D1 coreset256,9663d051f8bd8b2f73b6865a,development_anomaly,2.1848733425140381,1.7836947441101074,True
D1 coreset256,f512f563bc839ae91c3233a3,development_anomaly,1.9528614282608032,1.7836947441101074,True
D1 coreset256,101fcc171c95b290221f360e,development_anomaly,2.315507173538208,1.7836947441101074,True
D1 coreset256,dbfcb690087fc5c6e36dc581,development_anomaly,1.9995875358581543,1.7836947441101074,True
D1 coreset256,f11d875c11fa86f5bb6e1a71,development_anomaly,2.3087301254272461,1.7836947441101074,True
D1 coreset256,d350b5790f9636c1195fe4fa,development_anomaly,2.5664458274841309,1.7836947441101074,True
D1 coreset256,22de1b996a922d9d0db53c92,development_anomaly,2.1623682975769043,1.7836947441101074,True
D1 coreset256,b8931522a714116c4dd2ec42,development_anomaly,1.8058675527572632,1.7836947441101074,True
D1 coreset256,7adbebfe65a2433dc4c13658,development_anomaly,1.7413959503173828,1.7836947441101074,False
D1 coreset256,5134ff6eb4cbd37e5c32664a,development_anomaly,1.8055981397628784,1.7836947441101074,True
D1 coreset256,ae7f2a6fa10101021813040a,development_anomaly,1.7640669345855713,1.7836947441101074,False
D1 coreset256,d72dd10cae3fe674b0e231bd,development_anomaly,2.112385511398315,1.7836947441101074,True
D1 coreset256,f354f7c22295245113ee90eb,development_anomaly,2.2753992080688477,1.7836947441101074,True
D1 coreset256,2f46384a7490aa62ee5c7f37,development_anomaly,1.9761476516723633,1.7836947441101074,True
D1 coreset256,eba73c42e7e6f64f7fd6a631,development_anomaly,2.1816632747650142,1.7836947441101074,True
D1 coreset256,331e9b6fcbed21ffd9237275,development_anomaly,1.98656165599823,1.7836947441101074,True
D1 coreset256,e7105e4d0bbef7df12e60654,development_anomaly,2.3204193115234375,1.7836947441101074,True
D1 coreset256,d6d15a18364da11d6dcc2359,development_anomaly,1.9402674436569216,1.7836947441101074,True
D1 coreset256,6bd77e18179d473652739b16,development_anomaly,2.1272380352020264,1.7836947441101074,True
D1 coreset256,9b5f33859edd4f4ae5b7f3ae,development_anomaly,1.7581291198730469,1.7836947441101074,False
D1 coreset256,ef6143041222529aa5aaae7c,development_anomaly,2.0732715129852295,1.7836947441101074,True
D1 coreset256,0ef8731731cdd59ea690ee45,development_anomaly,1.8818759918212891,1.7836947441101074,True
D1 coreset256,b6a93f21715bab46a8ff2907,development_anomaly,1.8717297315597536,1.7836947441101074,True
D1 coreset256,97526c60892843bb396a370c,development_anomaly,1.8421050310134888,1.7836947441101074,True
D1 coreset256,2b1b6488aa13538b6a2520e8,development_anomaly,1.8778576850891111,1.7836947441101074,True
D1 coreset256,af57cbee2341ab925ede767b,development_anomaly,1.9700018167495728,1.7836947441101074,True
D1 coreset256,ddab2ad51cf8caf1b4373f11,development_anomaly,2.1261422634124756,1.7836947441101074,True
D1 coreset256,6b08c45dcbaabb986ad7863d,development_anomaly,2.1967260837554932,1.7836947441101074,True
D1 coreset256,163bca9aa13a5cbd7f2da266,development_anomaly,1.7663211822509766,1.7836947441101074,False
D1 coreset256,8383e0e103301b901c6c13c1,development_anomaly,2.0347859859466553,1.7836947441101074,True
D1 coreset256,8803ca563ee51897e52eb53c,development_anomaly,1.6872638463973999,1.7836947441101074,False
D1 coreset256,70bac58e77ae3e0a0bd14646,development_anomaly,1.9022144079208376,1.7836947441101074,True
D1 coreset256,24f83fa05771a9d377782faf,development_anomaly,1.8753068447113037,1.7836947441101074,True
D1 coreset256,06a000c3b7f783f28804f8a4,development_anomaly,2.4384839534759521,1.7836947441101074,True
D2 coreset512,956906775fe36364e0cef555,calibration_normal,1.8383105993270872,2.0289921760559082,False
D2 coreset512,095392cfded6f0c2cb8c7de8,calibration_normal,1.8416489362716677,2.0289921760559082,False
D2 coreset512,4c6b62ea5740038f04527080,calibration_normal,1.8892339468002319,2.0289921760559082,False
D2 coreset512,864a24871853f4ee071e9728,calibration_normal,1.8575936555862429,2.0289921760559082,False
D2 coreset512,e3e53a15454e99370b219ed5,calibration_normal,2.1061680316925049,2.0289921760559082,True
D2 coreset512,06ff726d9e21b212fa7f6291,calibration_normal,1.8453284502029419,2.0289921760559082,False
D2 coreset512,1ab1af080f648bf89a020616,calibration_normal,1.9445948600769043,2.0289921760559082,False
D2 coreset512,ab102a229b6bb0c3df26b639,calibration_normal,1.8788994550704956,2.0289921760559082,False
D2 coreset512,f527d606cb1f64dc19b0d7f4,calibration_normal,1.901909351348877,2.0289921760559082,False
D2 coreset512,1ca2779c77509095fe9e8337,calibration_normal,1.8555811643600464,2.0289921760559082,False
D2 coreset512,f9c8f4b979d980dc88993139,calibration_normal,1.7840579748153689,2.0289921760559082,False
D2 coreset512,7b57d0a4c0aa679ac82532cb,calibration_normal,1.8495804071426392,2.0289921760559082,False
D2 coreset512,aca487e1bcecb78c22d56a31,calibration_normal,1.8844850063323977,2.0289921760559082,False
D2 coreset512,65f16b603ffa4a89bca91660,calibration_normal,1.8217986822128296,2.0289921760559082,False
D2 coreset512,4d7b7cda4091d1c17f00563d,calibration_normal,2.0305354595184326,2.0289921760559082,True
D2 coreset512,66f1c1ef430b56b6f7dfb051,calibration_normal,1.8989992141723633,2.0289921760559082,False
D2 coreset512,16f7ac12020b9fb0663ce6fb,calibration_normal,1.8765804767608645,2.0289921760559082,False
D2 coreset512,a9e5597442bdfbb996511177,calibration_normal,1.8837064504623413,2.0289921760559082,False
D2 coreset512,2cf554aca4c3d9a9781555fd,calibration_normal,1.8046894073486328,2.0289921760559082,False
D2 coreset512,f20a5dba3bb929538cca04b8,calibration_normal,1.862834095954895,2.0289921760559082,False
D2 coreset512,29264c6b2773e1d6fc04a1cf,calibration_normal,1.792452335357666,2.0289921760559082,False
D2 coreset512,92c9e638b5c71b5395560ff7,calibration_normal,1.9081645011901855,2.0289921760559082,False
D2 coreset512,6b43ebf87627681b154cabde,calibration_normal,1.8982291221618652,2.0289921760559082,False
D2 coreset512,b21320afee8c93e524a200ec,calibration_normal,1.8281269073486328,2.0289921760559082,False
D2 coreset512,1a4f24285d6c559bdea972b2,calibration_normal,1.890845775604248,2.0289921760559082,False
D2 coreset512,71b64a5d77a95dec19507b7c,calibration_normal,1.8363666534423828,2.0289921760559082,False
D2 coreset512,37d81101f3fcc01d5a1efd8a,calibration_normal,1.8521686792373655,2.0289921760559082,False
D2 coreset512,5cfccbf82f4ba95aa416a79b,calibration_normal,1.9015277624130249,2.0289921760559082,False
D2 coreset512,de961b5b424372429ec9d5d5,calibration_normal,1.8226025104522705,2.0289921760559082,False
D2 coreset512,48c0a1622b7204e488851ca2,calibration_normal,1.8527263402938845,2.0289921760559082,False
D2 coreset512,b4ac29669c8ff9cc5cfb8515,calibration_normal,1.9081907272338867,2.0289921760559082,False
D2 coreset512,3ad3cd2d193c37520a64ac51,calibration_normal,1.9083034992218015,2.0289921760559082,False
D2 coreset512,13452ab920b13c16081caef4,calibration_normal,1.8882001638412476,2.0289921760559082,False
D2 coreset512,949ba31189da990b746f189c,calibration_normal,1.9002894163131712,2.0289921760559082,False
D2 coreset512,c90f725868648a32cbe9c2de,calibration_normal,1.8737490177154541,2.0289921760559082,False
D2 coreset512,23119e24f887691f83386aa1,calibration_normal,1.8481353521347048,2.0289921760559082,False
D2 coreset512,a874b59b35950a97ccb5460c,calibration_normal,1.8936847448348999,2.0289921760559082,False
D2 coreset512,733cf3579a505b8802a8c9fc,calibration_normal,1.8164409399032593,2.0289921760559082,False
D2 coreset512,22247d3bbfdf9bd895ab2ac9,calibration_normal,1.8563295602798464,2.0289921760559082,False
D2 coreset512,4dafa26196377a1e6132aa2a,calibration_normal,1.8967921733856199,2.0289921760559082,False
D2 coreset512,2f36d93c0e7531d8cbd3f8fb,calibration_normal,1.9456189870834351,2.0289921760559082,False
D2 coreset512,2ab8f47934ac1be3ea9e069e,calibration_normal,1.7910069227218628,2.0289921760559082,False
D2 coreset512,f1b0dafdd8a8a80dd5b765fb,calibration_normal,1.9779356718063352,2.0289921760559082,False
D2 coreset512,227991b4b74034e500f0df1c,calibration_normal,1.8517441749572752,2.0289921760559082,False
D2 coreset512,7ec309f954d57e97db290d51,calibration_normal,1.9019531011581421,2.0289921760559082,False
D2 coreset512,e11c1f09840d4dc1ebd4d928,calibration_normal,1.8255035877227783,2.0289921760559082,False
D2 coreset512,9a1e31c6e34ddd7689288f8d,calibration_normal,1.9766613245010376,2.0289921760559082,False
D2 coreset512,7b28d70455b033b2dcf8fc9b,calibration_normal,1.9884639978408811,2.0289921760559082,False
D2 coreset512,cf294101d9cb58b00f86af20,calibration_normal,2.0145053863525391,2.0289921760559082,False
D2 coreset512,324000b9b0bca27635087469,calibration_normal,1.8316742181777952,2.0289921760559082,False
D2 coreset512,536f8bb4ab868beb2e31f26d,calibration_normal,1.8690564632415771,2.0289921760559082,False
D2 coreset512,e1b6e73ea1c1506d975ed678,calibration_normal,1.8617686033248899,2.0289921760559082,False
D2 coreset512,a2c949a8138f285341e36b2f,calibration_normal,1.8307359218597412,2.0289921760559082,False
D2 coreset512,d7a9145ce01694bff79df75d,calibration_normal,1.8776541948318479,2.0289921760559082,False
D2 coreset512,246401551a490c038fea39f9,calibration_normal,1.9516241550445557,2.0289921760559082,False
D2 coreset512,91a53ffa9a9338037b8e17c8,calibration_normal,1.9397126436233521,2.0289921760559082,False
D2 coreset512,47116b444c82d0369db43d96,calibration_normal,1.8647942543029783,2.0289921760559082,False
D2 coreset512,24b3c56123ac64d1a9558c5c,calibration_normal,1.8198145627975464,2.0289921760559082,False
D2 coreset512,e6609a47285a2ca7bfb00eb9,calibration_normal,2.0023937225341797,2.0289921760559082,False
D2 coreset512,e3c620f36e2c8b42669883e5,calibration_normal,1.8400899171829224,2.0289921760559082,False
D2 coreset512,234dc1c4cebdbd3e6d5e5727,calibration_normal,1.9196609258651731,2.0289921760559082,False
D2 coreset512,88f40bec509ce6e57bea78d9,calibration_normal,1.8266310691833496,2.0289921760559082,False
D2 coreset512,a233a3f48172c63ee3e1806d,calibration_normal,1.8578869104385376,2.0289921760559082,False
D2 coreset512,3e422aa56ea3f356fce6def4,calibration_normal,1.9033615589141848,2.0289921760559082,False
D2 coreset512,8d077417dac7a451e93c53f1,calibration_normal,1.8111555576324463,2.0289921760559082,False
D2 coreset512,c16f99d1343b93c818bca622,calibration_normal,1.8950120210647583,2.0289921760559082,False
D2 coreset512,e5f3751472ef268122f4ebd7,calibration_normal,1.8973739147186279,2.0289921760559082,False
D2 coreset512,756021a17afa68fce3c94973,calibration_normal,1.8816636800765991,2.0289921760559082,False
D2 coreset512,e886a4200bf8dd2df2c08208,calibration_normal,1.9116692543029783,2.0289921760559082,False
D2 coreset512,211edff6d9d81f2a05d576a3,calibration_normal,2.0532681941986084,2.0289921760559082,True
D2 coreset512,a6a57f9e79100cebf512f1db,calibration_normal,1.8179836273193359,2.0289921760559082,False
D2 coreset512,7c25bbd729f4e67f0ba3b0c3,calibration_normal,1.914521336555481,2.0289921760559082,False
D2 coreset512,407ddd75b9a741fbf7c2fc56,calibration_normal,1.8866297006607056,2.0289921760559082,False
D2 coreset512,dfcd151cdd744ec8b82ef4cb,calibration_normal,1.8631947040557859,2.0289921760559082,False
D2 coreset512,1331a43b8f8468b25687bbb1,calibration_normal,1.7943353652954102,2.0289921760559082,False
D2 coreset512,0782ee2d3e27c17669e754fd,calibration_normal,1.9215524196624756,2.0289921760559082,False
D2 coreset512,29e44f2b4f980e145cc4125b,calibration_normal,1.9308345317840576,2.0289921760559082,False
D2 coreset512,f0255799928a080b703707e8,calibration_normal,1.8718341588973999,2.0289921760559082,False
D2 coreset512,fe191a0f5ae4e2fdc30865c4,calibration_normal,1.7930699586868286,2.0289921760559082,False
D2 coreset512,0f10ec6b2c6099afc1ecdf33,calibration_normal,1.9425081014633181,2.0289921760559082,False
D2 coreset512,88a81931af12ae641c3003e2,calibration_normal,1.9066355228424072,2.0289921760559082,False
D2 coreset512,79f7638434c26e85711b79ab,calibration_normal,1.924924373626709,2.0289921760559082,False
D2 coreset512,9e5bf038c530c2e6cf8f8f1e,calibration_normal,1.8669085502624512,2.0289921760559082,False
D2 coreset512,e3f0081cc53bd43ee9d33f0d,calibration_normal,1.9668924808502195,2.0289921760559082,False
D2 coreset512,7a0a7f5587546bec8f98d482,calibration_normal,1.9075837135314939,2.0289921760559082,False
D2 coreset512,6d572dc3c3542f6f662ad217,calibration_normal,1.9021859169006348,2.0289921760559082,False
D2 coreset512,b2d67f8bb481dbdac6986bd2,calibration_normal,1.8869068622589111,2.0289921760559082,False
D2 coreset512,8738d9f894d9becb89444125,calibration_normal,1.8858802318573,2.0289921760559082,False
D2 coreset512,aaff53ff93370e8c7d895c72,calibration_normal,1.7877717018127439,2.0289921760559082,False
D2 coreset512,d3fb37bb17fc2c3ad8bca0e0,calibration_normal,1.8186848163604736,2.0289921760559082,False
D2 coreset512,e622b62f32f6eb72ed6a5949,calibration_normal,1.8872854709625244,2.0289921760559082,False
D2 coreset512,861df9abcfea18b20057ec0e,calibration_normal,1.9930722713470459,2.0289921760559082,False
D2 coreset512,52397c2b4017a4a648564309,calibration_normal,1.919745922088623,2.0289921760559082,False
D2 coreset512,2dbee3a3d59a98193ef9a19f,calibration_normal,1.8618346452713013,2.0289921760559082,False
D2 coreset512,cbd5704ce48ac6be43a4557f,calibration_normal,1.8106640577316284,2.0289921760559082,False
D2 coreset512,7a6cffd6d8ec96a2e62652fe,calibration_normal,1.7968131303787231,2.0289921760559082,False
D2 coreset512,bc15f1f7e1b1d82bb4971b6a,calibration_normal,1.8521187305450439,2.0289921760559082,False
D2 coreset512,8734b8355da1d20df1bf8041,calibration_normal,1.8647207021713257,2.0289921760559082,False
D2 coreset512,cf9e8ca03ce9894cb824af69,calibration_normal,1.9121835231781008,2.0289921760559082,False
D2 coreset512,f0222587d2a43299f99a4659,calibration_normal,1.850608706474304,2.0289921760559082,False
D2 coreset512,200d9bb7b8c6d74fa49d5f5e,calibration_normal,1.8427771329879761,2.0289921760559082,False
D2 coreset512,004d895dc5990ee7d7ca573b,calibration_normal,1.8775298595428469,2.0289921760559082,False
D2 coreset512,8ec4b6bb9475504521da8b86,calibration_normal,1.879347562789917,2.0289921760559082,False
D2 coreset512,b0780facd7b3fa47dae834e2,calibration_normal,1.9748971462249756,2.0289921760559082,False
D2 coreset512,d7ff54c7b4657ca3abb8760c,calibration_normal,1.9076977968215945,2.0289921760559082,False
D2 coreset512,432dd58fa4ffb3c3fdaa4956,calibration_normal,1.8836259841918943,2.0289921760559082,False
D2 coreset512,e38956da9055feecc471f925,calibration_normal,1.7988624572753906,2.0289921760559082,False
D2 coreset512,a225a34cb357c4d82bc3ea46,calibration_normal,1.986594080924988,2.0289921760559082,False
D2 coreset512,d89eedca0380c77cb1f679c6,calibration_normal,1.8396810293197632,2.0289921760559082,False
D2 coreset512,75163185d2b9a8f78c0a3014,calibration_normal,1.829420804977417,2.0289921760559082,False
D2 coreset512,fd6f0fdcc075bbe32d98e730,calibration_normal,2.128584623336792,2.0289921760559082,True
D2 coreset512,568939b28e0d8b214b43f363,calibration_normal,1.8457517623901367,2.0289921760559082,False
D2 coreset512,97a3b1a85b5e73acb97316d1,calibration_normal,2.0338246822357178,2.0289921760559082,True
D2 coreset512,e2b572224a26b59cbb4e1548,calibration_normal,2.0021049976348877,2.0289921760559082,False
D2 coreset512,904fa395fceaa6ca57d95e57,calibration_normal,1.98397433757782,2.0289921760559082,False
D2 coreset512,b634be64baa5c6d442e0ecc1,calibration_normal,1.9383080005645752,2.0289921760559082,False
D2 coreset512,ac2c49cb91d031f3aa11169c,calibration_normal,1.9489092826843264,2.0289921760559082,False
D2 coreset512,33b5fa432e6f35fb6d7081c4,calibration_normal,1.8388862609863279,2.0289921760559082,False
D2 coreset512,a7561e96de8cce01921490d5,calibration_normal,1.991278290748596,2.0289921760559082,False
D2 coreset512,82e8cafc4b4595142de63a65,calibration_normal,1.8736274242401123,2.0289921760559082,False
D2 coreset512,8c088ade71ac879ee65fe7ba,calibration_normal,1.8879650831222536,2.0289921760559082,False
D2 coreset512,ed56d58b655aafc668aa0f72,calibration_normal,1.9764198064804075,2.0289921760559082,False
D2 coreset512,ebb9e96ecf5dd9628c1aa2bc,calibration_normal,2.0577666759490967,2.0289921760559082,True
D2 coreset512,ef956842fa9271445b15d84e,calibration_normal,2.0303113460540771,2.0289921760559082,True
D2 coreset512,9185c49f7e0d2be3258ad3d5,calibration_normal,1.9346777200698853,2.0289921760559082,False
D2 coreset512,b8b972a3535439762a8596e1,calibration_normal,1.9166995286941528,2.0289921760559082,False
D2 coreset512,9a67d094cb8b2043aff88d44,calibration_normal,1.9198629856109619,2.0289921760559082,False
D2 coreset512,03cb98bca86f2412527cc23c,calibration_normal,1.9609686136245728,2.0289921760559082,False
D2 coreset512,c9bf14416670a64f85d75c3a,calibration_normal,1.8538268804550171,2.0289921760559082,False
D2 coreset512,4e133a1f2e41111244f56807,calibration_normal,1.9110561609268188,2.0289921760559082,False
D2 coreset512,f18a1177d401be709ed8eb16,calibration_normal,1.989159107208252,2.0289921760559082,False
D2 coreset512,2211e6a475c92ee3b1e44c71,calibration_normal,1.8952585458755491,2.0289921760559082,False
D2 coreset512,1c338dfb5770538e9a4969ef,calibration_normal,1.8936837911605835,2.0289921760559082,False
D2 coreset512,bf43915a60371e0a7becb1cf,calibration_normal,1.8613237142562864,2.0289921760559082,False
D2 coreset512,42586144de6a4ea3b2272397,calibration_normal,1.8933680057525637,2.0289921760559082,False
D2 coreset512,e040511ff60c11a3a4879652,calibration_normal,1.927411675453186,2.0289921760559082,False
D2 coreset512,427759ef34c35bcd2361b74c,calibration_normal,1.8824869394302368,2.0289921760559082,False
D2 coreset512,7f0bca46a04f79da70a6cacf,calibration_normal,1.8531708717346191,2.0289921760559082,False
D2 coreset512,c4ad891f4cd45225080667c1,calibration_normal,1.872729539871216,2.0289921760559082,False
D2 coreset512,17bc2dfc77d1741d77a0c528,calibration_normal,1.8480833768844604,2.0289921760559082,False
D2 coreset512,cfc6e178ed0fd4aa2b12694a,calibration_normal,1.926303029060364,2.0289921760559082,False
D2 coreset512,716249a98a8e0b6cad7c6107,calibration_normal,1.9163097143173216,2.0289921760559082,False
D2 coreset512,5d11280abccc2b6b7c6617e3,calibration_normal,1.9278753995895384,2.0289921760559082,False
D2 coreset512,f968d8638d3d5a6e5ff6ca7c,calibration_normal,2.0289921760559082,2.0289921760559082,False
D2 coreset512,205b1a09bc4cb1b12e518a64,calibration_normal,1.9356539249420168,2.0289921760559082,False
D2 coreset512,b00883f17f7fafa1b8c8e43f,calibration_normal,1.954395532608032,2.0289921760559082,False
D2 coreset512,0510fc11628d84ecbb6ea63a,calibration_normal,1.9746483564376831,2.0289921760559082,False
D2 coreset512,9723cc38dc10c70816004fa2,calibration_normal,1.9366551637649536,2.0289921760559082,False
D2 coreset512,d3d83542e27f2321ad358195,calibration_normal,1.9893420934677124,2.0289921760559082,False
D2 coreset512,40c4c503e27ad32df0d7e9ef,calibration_normal,2.0224981307983398,2.0289921760559082,False
D2 coreset512,039d9465505e39c0aabedb0a,calibration_normal,1.9183864593505859,2.0289921760559082,False
D2 coreset512,938cbe83e9a5c3943633d6ea,calibration_normal,1.8504350185394287,2.0289921760559082,False
D2 coreset512,b0f9d3bb5de4c53136ffc3d1,calibration_normal,1.9202507734298704,2.0289921760559082,False
D2 coreset512,d8e812c9704102c6d56d59b6,calibration_normal,2.2788431644439697,2.0289921760559082,True
D2 coreset512,6ea81f0a8720889aa87a1def,calibration_normal,1.8159357309341431,2.0289921760559082,False
D2 coreset512,17869493283a0bb550c296b1,calibration_normal,1.8478226661682129,2.0289921760559082,False
D2 coreset512,a6ccd48c62f446862b7bba76,calibration_normal,2.1044220924377441,2.0289921760559082,True
D2 coreset512,b15e6be6eceb16fdb57d5be7,calibration_normal,1.7992222309112549,2.0289921760559082,False
D2 coreset512,5a73cc9910bd098797c42298,calibration_normal,1.8325183391571045,2.0289921760559082,False
D2 coreset512,b92468455ea7ed6b1272b9e6,calibration_normal,1.992021918296814,2.0289921760559082,False
D2 coreset512,e17a6dd24e62c0c3fed61642,calibration_normal,1.8551954030990601,2.0289921760559082,False
D2 coreset512,ba3ae522ee7b33da0d790372,calibration_normal,1.8240441083908081,2.0289921760559082,False
D2 coreset512,871a8e359fe7d4bd0129cbdf,calibration_normal,1.8824367523193359,2.0289921760559082,False
D2 coreset512,5ebb520fec07bb3b51e5e2e6,calibration_normal,1.8587779998779297,2.0289921760559082,False
D2 coreset512,ee67739a1a2216f9f50575d1,calibration_normal,1.8591728210449221,2.0289921760559082,False
D2 coreset512,c7816a50b4a6852d7789a442,calibration_normal,1.9379630088806152,2.0289921760559082,False
D2 coreset512,303b3869299ef3c29eef8049,calibration_normal,1.8066996335983276,2.0289921760559082,False
D2 coreset512,a9d578dde6d3b3ae83cbd1e3,calibration_normal,1.8543983697891235,2.0289921760559082,False
D2 coreset512,99e879defb574d451788acee,calibration_normal,1.9541283845901489,2.0289921760559082,False
D2 coreset512,f53d537a9d69d551c02f92b4,calibration_normal,1.8024476766586304,2.0289921760559082,False
D2 coreset512,332798b6d96d672ca2315296,calibration_normal,1.8555278778076172,2.0289921760559082,False
D2 coreset512,335d198b3c43c8df4eb14a3d,calibration_normal,1.9852504730224609,2.0289921760559082,False
D2 coreset512,0a3849c8ce59b47344c3e882,calibration_normal,1.7980872392654419,2.0289921760559082,False
D2 coreset512,36731a2f94c1ba2748129997,calibration_normal,1.9003957509994509,2.0289921760559082,False
D2 coreset512,1e96dae2ccfe031404154c33,calibration_normal,1.9678304195404053,2.0289921760559082,False
D2 coreset512,94e842f89cd2061fd4ce3fa9,calibration_normal,1.8810057640075684,2.0289921760559082,False
D2 coreset512,38ff03b08012f368d777b730,calibration_normal,1.8121553659439087,2.0289921760559082,False
D2 coreset512,2748e3edd4e5c71b1120c414,calibration_normal,1.8662416934967041,2.0289921760559082,False
D2 coreset512,e8761d0ff99dff32d2660600,calibration_normal,1.8477030992507937,2.0289921760559082,False
D2 coreset512,cefe29f3c9cc4e06cbcce772,calibration_normal,1.8288149833679199,2.0289921760559082,False
D2 coreset512,043fb91d46e147537a5c87bb,calibration_normal,1.8565013408660889,2.0289921760559082,False
D2 coreset512,556667850af971635cb30fff,development_normal,1.8529196977615356,2.0289921760559082,False
D2 coreset512,cbfed2d91c4d35a51150b3e9,development_normal,1.8993518352508545,2.0289921760559082,False
D2 coreset512,491b4556c783776b10d624da,development_normal,1.8447228670120239,2.0289921760559082,False
D2 coreset512,2a49642847cbe676f49bd4a1,development_normal,1.8097242116928101,2.0289921760559082,False
D2 coreset512,0dba220ba6fb75f467422d47,development_normal,1.9139395952224731,2.0289921760559082,False
D2 coreset512,f0459370faa43efcf8bca2c8,development_normal,1.7625734806060791,2.0289921760559082,False
D2 coreset512,1e05b0d5671299cfd7543018,development_normal,1.9037414789199829,2.0289921760559082,False
D2 coreset512,463d50ba01a9a4ad0655511c,development_normal,1.9297715425491333,2.0289921760559082,False
D2 coreset512,79fc5ec6e3c3615ea82fd202,development_normal,1.8682094812393188,2.0289921760559082,False
D2 coreset512,251d402d8f2192e1ad51e756,development_normal,1.8517717123031616,2.0289921760559082,False
D2 coreset512,4126de2e066d240b3f7186f7,development_normal,1.8795783519744873,2.0289921760559082,False
D2 coreset512,7fca7f998a90ae309e8d2601,development_normal,1.9128299951553345,2.0289921760559082,False
D2 coreset512,50d15478cc2eed94a03b73fb,development_normal,1.8560971021652224,2.0289921760559082,False
D2 coreset512,b7532bc4c5961ede826a7b14,development_normal,1.7921044826507568,2.0289921760559082,False
D2 coreset512,2808405920efb8f612858a20,development_normal,2.0310392379760742,2.0289921760559082,True
D2 coreset512,5fd73fb69558e1b061b9ef9f,development_normal,1.8443566560745239,2.0289921760559082,False
D2 coreset512,c1589f1e5cb0f45a4572c9f8,development_normal,1.9030487537384031,2.0289921760559082,False
D2 coreset512,a25aa8366e034a3772cd4eaf,development_normal,1.8916581869125368,2.0289921760559082,False
D2 coreset512,b058b076cbe1f3aa73777223,development_normal,1.9312260150909424,2.0289921760559082,False
D2 coreset512,ca2a5d83fa709ec818761d2d,development_normal,2.0400350093841553,2.0289921760559082,True
D2 coreset512,cc382503edb83f7a1d103fae,development_normal,1.880969762802124,2.0289921760559082,False
D2 coreset512,6bb3f94762876b037978efe5,development_normal,1.9445773363113403,2.0289921760559082,False
D2 coreset512,2d9785bfcf1a7dc74d0fbf98,development_normal,1.8524106740951536,2.0289921760559082,False
D2 coreset512,00b64bd580c8d09f962d7bb7,development_normal,1.9401617050170896,2.0289921760559082,False
D2 coreset512,21e6fa47368b66a47c75f924,development_normal,1.9184234142303469,2.0289921760559082,False
D2 coreset512,4076f6bfb6953866c349e268,development_normal,1.8187839984893801,2.0289921760559082,False
D2 coreset512,3f63eec4c68e447f5194cad6,development_normal,2.3192770481109619,2.0289921760559082,True
D2 coreset512,0438e965f1679055ec619e77,development_normal,1.8334709405899048,2.0289921760559082,False
D2 coreset512,890903084496d64321ddd732,development_normal,2.1094200611114502,2.0289921760559082,True
D2 coreset512,4e75be47e80286aa75c2a052,development_normal,1.8724889755249023,2.0289921760559082,False
D2 coreset512,1042f3dd45c162558c45200f,development_normal,1.8186877965927124,2.0289921760559082,False
D2 coreset512,78240ede377ebee702114fdc,development_normal,1.9024416208267212,2.0289921760559082,False
D2 coreset512,2f0c4c52a767a109c60bb6ce,development_normal,1.8622885942459104,2.0289921760559082,False
D2 coreset512,47333b633851172c9f062795,development_normal,2.1286048889160156,2.0289921760559082,True
D2 coreset512,c1fc84b66b7e7871b424b484,development_normal,1.8545682430267336,2.0289921760559082,False
D2 coreset512,9020fd5340397a9b81e2f509,development_normal,1.7867166996002195,2.0289921760559082,False
D2 coreset512,c00f11dd1e9e8759f290ab80,development_normal,1.8582788705825808,2.0289921760559082,False
D2 coreset512,770ad2a69864e439b192c236,development_normal,1.8728203773498535,2.0289921760559082,False
D2 coreset512,c01658744c534f03ed9f4e93,development_normal,1.9027742147445681,2.0289921760559082,False
D2 coreset512,37e7b42bc75d5b019ed8f890,development_normal,1.8399863243103027,2.0289921760559082,False
D2 coreset512,50b94b6bb6440330d03cf03c,development_normal,1.8975872993469241,2.0289921760559082,False
D2 coreset512,749f9feb6032b5b2e06600c6,development_normal,1.8158488273620603,2.0289921760559082,False
D2 coreset512,590f1df98441884c4fd7ad21,development_normal,1.9380987882614136,2.0289921760559082,False
D2 coreset512,26f548b22a3fb7168ac0bffc,development_normal,1.8932085037231443,2.0289921760559082,False
D2 coreset512,60e0210da58a698ef2b9d297,development_normal,1.8607951402664185,2.0289921760559082,False
D2 coreset512,b83892b2662e523e63bdd68e,development_normal,1.8272233009338379,2.0289921760559082,False
D2 coreset512,e4b8f8664a72da3d41fe0361,development_normal,1.8323204517364504,2.0289921760559082,False
D2 coreset512,5b5d277bc5ee2ffca0f3ada6,development_normal,1.8945214748382568,2.0289921760559082,False
D2 coreset512,3262a9232e141085b36a6c7e,development_normal,1.9450570344924929,2.0289921760559082,False
D2 coreset512,92e5c81770474cceb0fab794,development_normal,1.978172183036804,2.0289921760559082,False
D2 coreset512,85a25f1c3a7e0dd4cb2ec7a6,development_normal,1.8253982067108152,2.0289921760559082,False
D2 coreset512,122c351f4783e562322ae0b4,development_normal,1.9372948408126831,2.0289921760559082,False
D2 coreset512,a768ba39fe2237fb19491ff3,development_normal,2.0111863613128662,2.0289921760559082,False
D2 coreset512,cf7bde26ebeb128101689e87,development_normal,1.8620163202285769,2.0289921760559082,False
D2 coreset512,c2cb0c43c0ca98cca3fb3747,development_normal,1.900878310203552,2.0289921760559082,False
D2 coreset512,f88884345b9a3f0e3d62f4c4,development_normal,1.908825159072876,2.0289921760559082,False
D2 coreset512,ba73472d0152531aab096510,development_normal,1.8764342069625857,2.0289921760559082,False
D2 coreset512,8dc18a3f70fab36098dd0d52,development_normal,1.8875424861907959,2.0289921760559082,False
D2 coreset512,c373f1e8d89bb18df5ca4b77,development_normal,1.8916716575622561,2.0289921760559082,False
D2 coreset512,5a4cfc749e5301a5b31a22c4,development_normal,1.8369237184524536,2.0289921760559082,False
D2 coreset512,e42a8414f718895b1721abec,development_normal,1.865456700325012,2.0289921760559082,False
D2 coreset512,7895eccb31b5b2a85262e062,development_normal,1.8570653200149536,2.0289921760559082,False
D2 coreset512,0cf3e157e4c0e17cd58cc981,development_normal,1.8846783638000488,2.0289921760559082,False
D2 coreset512,da356b58499dca132a6d67b6,development_normal,1.8998233079910281,2.0289921760559082,False
D2 coreset512,f9d2b6149075e1d272a14267,development_normal,1.9046810865402224,2.0289921760559082,False
D2 coreset512,725fabcc4c44c5ee51246d78,development_normal,1.99247145652771,2.0289921760559082,False
D2 coreset512,420fdcf5c247957d9c950174,development_normal,2.3381290435791016,2.0289921760559082,True
D2 coreset512,3dda55abf4ae34b8adcb4e65,development_normal,1.9882322549819944,2.0289921760559082,False
D2 coreset512,eef86025d524ff6dfd52ad1c,development_normal,1.8167308568954468,2.0289921760559082,False
D2 coreset512,a64830cbe19e5ca56ad89629,development_normal,1.941439747810364,2.0289921760559082,False
D2 coreset512,71c67983c6d96f70049d9ac6,development_normal,1.8973205089569092,2.0289921760559082,False
D2 coreset512,46583c79db81086d05eed549,development_normal,2.0583953857421875,2.0289921760559082,True
D2 coreset512,30967b1394262f3786dbc812,development_normal,1.940467834472656,2.0289921760559082,False
D2 coreset512,c1c7961f1378e8dad399290f,development_normal,1.9009807109832764,2.0289921760559082,False
D2 coreset512,74e3591b66d5b59925b026b8,development_normal,1.7985399961471558,2.0289921760559082,False
D2 coreset512,cce23dc9ed8f89aeedb38811,development_normal,2.0006752014160156,2.0289921760559082,False
D2 coreset512,156f5d883036b4cc5f95980d,development_normal,1.9091975688934328,2.0289921760559082,False
D2 coreset512,b763db5ef601318b84ff6946,development_normal,1.9215939044952393,2.0289921760559082,False
D2 coreset512,1c6b7a93d59f386e27b64780,development_normal,1.9783347845077517,2.0289921760559082,False
D2 coreset512,6d2bad128a1ab5061fb42af5,development_normal,2.0563981533050537,2.0289921760559082,True
D2 coreset512,3a39d097d286e1453c1467fc,development_normal,2.084214448928833,2.0289921760559082,True
D2 coreset512,7aa55a1abfbcccf798285c97,development_normal,1.9688794612884519,2.0289921760559082,False
D2 coreset512,23df30821328eba2553753c3,development_normal,1.877379894256592,2.0289921760559082,False
D2 coreset512,e7094972aed37eec180929cb,development_normal,1.8453012704849243,2.0289921760559082,False
D2 coreset512,7e097e31d56b3e6629e11194,development_normal,1.9239486455917361,2.0289921760559082,False
D2 coreset512,d0a03a58633036a118803633,development_normal,1.8870407342910769,2.0289921760559082,False
D2 coreset512,9c8ffbaf9ffa7a56b654d1f1,development_normal,1.8203076124191284,2.0289921760559082,False
D2 coreset512,61aef9a6b5d0c6bcb75b1266,development_normal,2.0325214862823486,2.0289921760559082,True
D2 coreset512,2a88f74644bac5ccdedb5aeb,development_normal,2.7120571136474609,2.0289921760559082,True
D2 coreset512,19b63757ea88b3963e7004e0,development_normal,1.7954424619674685,2.0289921760559082,False
D2 coreset512,4fa1a001da9cb7eb8c7fb3ae,development_normal,1.8208857774734497,2.0289921760559082,False
D2 coreset512,eab554e08045a3856fa203bc,development_normal,1.8443260192871096,2.0289921760559082,False
D2 coreset512,30f2a82e3553a151af9f0e20,development_normal,1.8950079679489136,2.0289921760559082,False
D2 coreset512,f42f9a075db5a562ffec3770,development_normal,2.0184354782104492,2.0289921760559082,False
D2 coreset512,ed960dd36746d6c7a28d527d,development_normal,1.9049547910690308,2.0289921760559082,False
D2 coreset512,e480b5ced51ba8c3a59cf8dd,development_normal,1.8384685516357424,2.0289921760559082,False
D2 coreset512,9a6ab4df3b2ef0d2b7859652,development_normal,1.9001673460006712,2.0289921760559082,False
D2 coreset512,9ac51c113742157b45e40d79,development_normal,1.8597702980041504,2.0289921760559082,False
D2 coreset512,f50bf0a6b60c8a6ac945231b,development_normal,1.8582124710083008,2.0289921760559082,False
D2 coreset512,bfa8a3427a285784650ef7d2,development_normal,1.8809106349945068,2.0289921760559082,False
D2 coreset512,06f40448dee1a930bf10c4ea,development_anomaly,2.1444852352142334,2.0289921760559082,True
D2 coreset512,2f825d9d344c559d7d72cdec,development_anomaly,2.7235722541809082,2.0289921760559082,True
D2 coreset512,de960b7437d8b5f529bf279f,development_anomaly,3.112382173538208,2.0289921760559082,True
D2 coreset512,acb837b71ab9fc67f9faee80,development_anomaly,2.9942085742950439,2.0289921760559082,True
D2 coreset512,c6d0a9a2fa5268e44909c6fa,development_anomaly,2.8808262348175049,2.0289921760559082,True
D2 coreset512,efd3a55951e74b6f4ee6bc3e,development_anomaly,3.2626245021820068,2.0289921760559082,True
D2 coreset512,d974322eff775a646b101f0e,development_anomaly,2.5208585262298584,2.0289921760559082,True
D2 coreset512,b0700bc6b29aae01a84814ed,development_anomaly,2.7816822528839111,2.0289921760559082,True
D2 coreset512,937e457652aea2b05a14772c,development_anomaly,3.3456594944000244,2.0289921760559082,True
D2 coreset512,8c0f93633237201e215dfe01,development_anomaly,3.3521080017089844,2.0289921760559082,True
D2 coreset512,fba1a82359c4e960a7f81c43,development_anomaly,3.7695140838623047,2.0289921760559082,True
D2 coreset512,d9a35e62add18f84d5fe6ab2,development_anomaly,3.199177503585815,2.0289921760559082,True
D2 coreset512,5d14f6175a2be9fad38b82eb,development_anomaly,2.7310106754302979,2.0289921760559082,True
D2 coreset512,cc46aee3364a0a34fe29d893,development_anomaly,3.3075804710388184,2.0289921760559082,True
D2 coreset512,99eaf79ae38a0e02fd89262b,development_anomaly,3.3113429546356201,2.0289921760559082,True
D2 coreset512,cc6f2b8f5db2df27cc8f45d7,development_anomaly,2.1032159328460693,2.0289921760559082,True
D2 coreset512,0544dcfb259d8b0c921e8cf2,development_anomaly,3.32745361328125,2.0289921760559082,True
D2 coreset512,e96fc0a78e0f560962fe98b9,development_anomaly,2.0718839168548584,2.0289921760559082,True
D2 coreset512,b2665a4734aca10982f55f97,development_anomaly,2.2181453704833984,2.0289921760559082,True
D2 coreset512,19ddc36fffb2ae41a480851f,development_anomaly,2.5430307388305664,2.0289921760559082,True
D2 coreset512,37a5f7103193e235d49f1e76,development_anomaly,2.3246147632598877,2.0289921760559082,True
D2 coreset512,5461e26868dd5bd657830961,development_anomaly,2.4982109069824219,2.0289921760559082,True
D2 coreset512,b8888974f860bf6b0c0215c8,development_anomaly,2.2750566005706787,2.0289921760559082,True
D2 coreset512,d5d1387098de672909855830,development_anomaly,2.4569520950317383,2.0289921760559082,True
D2 coreset512,a1ac0b3e3bb6fa4e732f03c5,development_anomaly,2.1504554748535156,2.0289921760559082,True
D2 coreset512,401b8aaa829c62cd6e5e4b37,development_anomaly,1.9748671054840088,2.0289921760559082,False
D2 coreset512,cf0b7d2b92f0fb2e900016bc,development_anomaly,2.0302588939666748,2.0289921760559082,True
D2 coreset512,0aef9397e857664be50586e6,development_anomaly,2.3349928855895996,2.0289921760559082,True
D2 coreset512,058e7c1cfa361985e0c768c7,development_anomaly,2.3299484252929688,2.0289921760559082,True
D2 coreset512,f0259e5eda4cbee36218f2e8,development_anomaly,2.2424776554107666,2.0289921760559082,True
D2 coreset512,52249861bad3bd5cc6943c9b,development_anomaly,2.5720288753509521,2.0289921760559082,True
D2 coreset512,2f84a33fef692ee5bf520862,development_anomaly,2.3209986686706543,2.0289921760559082,True
D2 coreset512,a9b088cb5fbeb8650e53adca,development_anomaly,2.9286978244781494,2.0289921760559082,True
D2 coreset512,fc0e0c77761b585a8ee21495,development_anomaly,2.3469030857086182,2.0289921760559082,True
D2 coreset512,c3d4944f94350960e97d6e48,development_anomaly,2.261652946472168,2.0289921760559082,True
D2 coreset512,5c7634efa4149dc1c41b584a,development_anomaly,2.1988537311553955,2.0289921760559082,True
D2 coreset512,8d0cec0332c073969b2b983b,development_anomaly,2.3985552787780762,2.0289921760559082,True
D2 coreset512,868416b86aae26b7d6e9d885,development_anomaly,1.9786471128463743,2.0289921760559082,False
D2 coreset512,818f50144b35ecb779aabdf6,development_anomaly,3.0383737087249756,2.0289921760559082,True
D2 coreset512,9ed49634ee0c9fa6fe0a2752,development_anomaly,2.6520752906799316,2.0289921760559082,True
D2 coreset512,203c5e27d6a34c52a904149b,development_anomaly,3.1855547428131104,2.0289921760559082,True
D2 coreset512,7a8d7f208fe54661aac4c264,development_anomaly,3.3227529525756836,2.0289921760559082,True
D2 coreset512,f4849b27e3a9671e0d552fa1,development_anomaly,2.8946526050567627,2.0289921760559082,True
D2 coreset512,195e220a16863d9f12a1bbe2,development_anomaly,3.4301900863647461,2.0289921760559082,True
D2 coreset512,3a4bfd8639e5c413622c95d7,development_anomaly,3.1398558616638184,2.0289921760559082,True
D2 coreset512,a5ea8d7cc5f3fe4879fe2a2d,development_anomaly,2.9862737655639648,2.0289921760559082,True
D2 coreset512,2bd9079483b74cb788201bf4,development_anomaly,3.5841133594512939,2.0289921760559082,True
D2 coreset512,87158bd8ef0b4800fac96184,development_anomaly,2.0450382232666016,2.0289921760559082,True
D2 coreset512,9df2670f76428def52163447,development_anomaly,1.9237524271011353,2.0289921760559082,False
D2 coreset512,43ed28b7189e5aecf0912bd1,development_anomaly,2.2119317054748535,2.0289921760559082,True
D2 coreset512,941fc11ace7235f6a8c754a4,development_anomaly,3.4262113571166992,2.0289921760559082,True
D2 coreset512,ca6517206c7ed606f1334b73,development_anomaly,2.1907820701599121,2.0289921760559082,True
D2 coreset512,e291315ff3baf606d5b6f512,development_anomaly,2.1447362899780273,2.0289921760559082,True
D2 coreset512,f8c75b3d35149a713c6f9194,development_anomaly,2.4774236679077148,2.0289921760559082,True
D2 coreset512,de611bce473c840af8adafcd,development_anomaly,2.9354779720306396,2.0289921760559082,True
D2 coreset512,2f3b6929e46e26cbd6efaf83,development_anomaly,2.7946732044219971,2.0289921760559082,True
D2 coreset512,58c7b18bac131308bc92b375,development_anomaly,2.9930830001831055,2.0289921760559082,True
D2 coreset512,717172f0116db667e0dce7d7,development_anomaly,1.9719218015670776,2.0289921760559082,False
D2 coreset512,2f63d640d4f13c0be8d245aa,development_anomaly,2.0139498710632324,2.0289921760559082,False
D2 coreset512,59093f01f637a9d6917b2974,development_anomaly,3.4471688270568848,2.0289921760559082,True
D2 coreset512,28cfef727f84eaa01e9e5c2f,development_anomaly,2.6021444797515869,2.0289921760559082,True
D2 coreset512,ed801f703c4806f247f18f48,development_anomaly,2.5698959827423096,2.0289921760559082,True
D2 coreset512,1d91386b1f478d2daa4db014,development_anomaly,2.7673470973968506,2.0289921760559082,True
D2 coreset512,016abd4045700c4284b5e89c,development_anomaly,2.6501860618591309,2.0289921760559082,True
D2 coreset512,2dda7ca3f73238832b2ca1a1,development_anomaly,2.6386234760284424,2.0289921760559082,True
D2 coreset512,d513967cbf2cbf166191b214,development_anomaly,3.0894153118133545,2.0289921760559082,True
D2 coreset512,9663d051f8bd8b2f73b6865a,development_anomaly,2.3421392440795898,2.0289921760559082,True
D2 coreset512,f512f563bc839ae91c3233a3,development_anomaly,2.6441447734832764,2.0289921760559082,True
D2 coreset512,101fcc171c95b290221f360e,development_anomaly,2.9234275817871098,2.0289921760559082,True
D2 coreset512,dbfcb690087fc5c6e36dc581,development_anomaly,2.8224375247955318,2.0289921760559082,True
D2 coreset512,f11d875c11fa86f5bb6e1a71,development_anomaly,3.1095802783966064,2.0289921760559082,True
D2 coreset512,d350b5790f9636c1195fe4fa,development_anomaly,2.8111929893493652,2.0289921760559082,True
D2 coreset512,22de1b996a922d9d0db53c92,development_anomaly,2.8761396408081055,2.0289921760559082,True
D2 coreset512,b8931522a714116c4dd2ec42,development_anomaly,2.3923442363739018,2.0289921760559082,True
D2 coreset512,7adbebfe65a2433dc4c13658,development_anomaly,2.6164975166320801,2.0289921760559082,True
D2 coreset512,5134ff6eb4cbd37e5c32664a,development_anomaly,2.0786550045013428,2.0289921760559082,True
D2 coreset512,ae7f2a6fa10101021813040a,development_anomaly,2.0879850387573242,2.0289921760559082,True
D2 coreset512,d72dd10cae3fe674b0e231bd,development_anomaly,2.3627049922943115,2.0289921760559082,True
D2 coreset512,f354f7c22295245113ee90eb,development_anomaly,2.4727044105529785,2.0289921760559082,True
D2 coreset512,2f46384a7490aa62ee5c7f37,development_anomaly,2.4937448501586914,2.0289921760559082,True
D2 coreset512,eba73c42e7e6f64f7fd6a631,development_anomaly,2.4527027606964111,2.0289921760559082,True
D2 coreset512,331e9b6fcbed21ffd9237275,development_anomaly,2.3143391609191895,2.0289921760559082,True
D2 coreset512,e7105e4d0bbef7df12e60654,development_anomaly,2.717989444732666,2.0289921760559082,True
D2 coreset512,d6d15a18364da11d6dcc2359,development_anomaly,2.5578348636627197,2.0289921760559082,True
D2 coreset512,6bd77e18179d473652739b16,development_anomaly,2.403207540512085,2.0289921760559082,True
D2 coreset512,9b5f33859edd4f4ae5b7f3ae,development_anomaly,2.3751873970031738,2.0289921760559082,True
D2 coreset512,ef6143041222529aa5aaae7c,development_anomaly,2.7654855251312256,2.0289921760559082,True
D2 coreset512,0ef8731731cdd59ea690ee45,development_anomaly,2.5136814117431641,2.0289921760559082,True
D2 coreset512,b6a93f21715bab46a8ff2907,development_anomaly,2.3927996158599858,2.0289921760559082,True
D2 coreset512,97526c60892843bb396a370c,development_anomaly,2.212773323059082,2.0289921760559082,True
D2 coreset512,2b1b6488aa13538b6a2520e8,development_anomaly,2.6026098728179932,2.0289921760559082,True
D2 coreset512,af57cbee2341ab925ede767b,development_anomaly,2.2338376045227051,2.0289921760559082,True
D2 coreset512,ddab2ad51cf8caf1b4373f11,development_anomaly,2.7470037937164307,2.0289921760559082,True
D2 coreset512,6b08c45dcbaabb986ad7863d,development_anomaly,2.6306874752044682,2.0289921760559082,True
D2 coreset512,163bca9aa13a5cbd7f2da266,development_anomaly,2.6840615272521973,2.0289921760559082,True
D2 coreset512,8383e0e103301b901c6c13c1,development_anomaly,2.4265496730804443,2.0289921760559082,True
D2 coreset512,8803ca563ee51897e52eb53c,development_anomaly,2.2042825222015381,2.0289921760559082,True
D2 coreset512,70bac58e77ae3e0a0bd14646,development_anomaly,2.2285304069519043,2.0289921760559082,True
D2 coreset512,24f83fa05771a9d377782faf,development_anomaly,2.3488898277282715,2.0289921760559082,True
D2 coreset512,06a000c3b7f783f28804f8a4,development_anomaly,2.8421742916107178,2.0289921760559082,True
