reference_index,flat_index,source_image_id,selection_order,feature_map_x,feature_map_y,input_center_x,input_center_y,source_patch_x,source_patch_y,normalized_crop_x,normalized_crop_y,is_padding_patch_center_proxy,normalized_crop_region,content_width,content_height,pad_x,pad_y
0,2225593,b412565dd5f18a8e4ce8533b,0,57,22,460,180,1086.3828125,374.37984496124034,0.8984375,0.30490956072351422,False,row0_col2,512,387,0,62
1,1267017,571ee3662d24063a85881fe9,1,9,21,76,172,295.6171875,346.65135135135131,0.1484375,0.27297297297297296,False,row0_col0,512,370,0,71
2,2156043,abac48c206f4f9db98c1c8cf,2,11,24,92,196,323.4765625,408.73643410852713,0.1796875,0.34625322997416019,False,row1_col0,512,387,0,62
3,666167,21a65ebf59d2ba6f5a645963,3,55,40,444,324,1048.3828125,683.48979591836735,0.8671875,0.67346938775510201,False,row2_col2,512,392,0,60
4,655490,83203b6a93dc2b164a5d9ce8,4,2,2,20,20,160.3203125,19.215258855585816,0.0390625,-0.14168937329700274,True,padding_center,512,367,0,72
5,469066,7c41685bf488a58de2fe104b,5,10,33,84,268,284.6171875,567.95789473684204,0.1640625,0.53157894736842104,False,row1_col0,512,380,0,66
6,2172536,eedf98ccb5a364857973747a,6,56,25,452,204,1132.9140625,436.09651474530835,0.8828125,0.36193029490616624,False,row1_col2,512,373,0,69
7,2079418,f90b9ab0071176524a75e54f,7,58,42,468,340,1095.8125,725.15445026178008,0.9140625,0.71989528795811519,False,row2_col2,512,382,0,65
8,174505,d140f47bc847b703c1b20aec,8,41,38,332,308,875.1171875,635.62032085561498,0.6484375,0.63903743315508021,False,row1_col1,512,374,0,69
9,1926662,0493c50e4f0350b831275383,9,6,24,52,196,257.6328125,409.20698254364095,0.1015625,0.35162094763092272,False,row1_col0,512,401,0,55
10,1845575,439720347b525b459d2cd2a2,10,7,37,60,300,290.4375,652.14578005115095,0.1171875,0.61381074168797956,False,row1_col0,512,391,0,60
11,2111889,cb1ccdc8b44488333fc76f45,11,17,38,140,308,406.9609375,650.0787401574803,0.2734375,0.63779527559055116,False,row1_col0,512,381,0,65
12,444402,2c26a77005e1ed9b640e64e2,12,50,31,404,252,985.1796875,534.48010610079575,0.7890625,0.49071618037135278,False,row1_col2,512,377,0,67
13,2004314,d8aec49d4eabf940e94e99b9,13,26,21,212,172,562.984375,363.14400000000001,0.4140625,0.27733333333333332,False,row0_col1,512,375,0,68
14,2456052,588a545ebe33f98614ef2c62,14,52,39,420,316,1018.984375,672.0625,0.8203125,0.65625,False,row1_col2,512,384,0,64
15,177401,ab203b05744a96fec97462f3,15,57,19,460,156,1113.671875,335.33070866141736,0.8984375,0.23884514435695539,False,row0_col2,512,381,0,65
16,1940382,0d760570a7d92d299c04d427,16,30,46,244,372,652.8828125,787.735064935065,0.4765625,0.80259740259740264,False,row2_col1,512,385,0,63
17,1915359,246ad0c43ef94471a87d00f3,17,31,39,252,316,685.4375,670.00267379679144,0.4921875,0.66042780748663099,False,row1_col1,512,374,0,69
18,636968,ee66320bf7eb01a991a1e561,18,40,32,324,260,848.6875,543.7721179624665,0.6328125,0.51206434316353888,False,row1_col1,512,373,0,69
19,1881572,7b4398b5f7d90eaafd6f9de7,19,36,23,292,188,787.0625,394.58981233243969,0.5703125,0.31903485254691688,False,row0_col1,512,373,0,69
20,194185,70167206a708a11cfa66d657,20,9,26,76,212,303.3203125,441.00268096514742,0.1484375,0.38337801608579086,False,row1_col0,512,373,0,69
21,2188689,57d3f410b6fcba2a57bda29d,21,17,22,140,180,436.421875,381.34828496042218,0.2734375,0.30079155672823221,False,row0_col0,512,379,0,66
22,2029535,61f217f44bf2fb9b5077b9b6,22,31,31,252,252,663.4375,535.94210526315794,0.4921875,0.48947368421052634,False,row1_col1,512,380,0,66
23,504866,74dba489b837409bdc9002e2,23,34,16,276,132,733.4375,257.54046997389037,0.5390625,0.17754569190600522,False,row0_col1,512,383,0,64
24,1894199,1d12ec902c3113b35c317ef8,24,55,28,444,228,1069.703125,477.22691292875987,0.8671875,0.42744063324538256,False,row1_col2,512,379,0,66
25,2328123,45bfb62d2b8a12a9724eb563,25,59,24,476,196,1116.078125,413.45092838196285,0.9296875,0.34217506631299732,False,row1_col2,512,377,0,67
26,1542407,8f1c99d05825e89d71c9284b,26,7,36,60,292,244.3125,602.2627345844503,0.1171875,0.59785522788203749,False,row1_col0,512,373,0,69
27,1923087,7361af587e04e93382fe2d91,27,15,32,124,260,373.890625,543.61855670103091,0.2421875,0.51030927835051543,False,row1_col0,512,388,0,62
28,1989255,2b2d0a01139cb06591c16929,28,7,42,60,340,226.8515625,719.38888888888891,0.1171875,0.72222222222222221,False,row2_col0,512,378,0,67
29,2624183,2ee1148cf2bfb979a3c11be3,29,55,42,444,340,1062.3125,708.92682926829264,0.8671875,0.7289972899728997,False,row2_col2,512,369,0,71
30,2004716,d8aec49d4eabf940e94e99b9,30,44,27,356,220,870.671875,465.67199999999997,0.6953125,0.40533333333333332,False,row1_col2,512,375,0,68
31,2255583,1882c154e2fd7debcc259ddf,31,31,43,252,348,698.9296875,748.21025641025642,0.4921875,0.73589743589743595,False,row2_col1,512,390,0,61
32,534707,2f583ef3203d5ac90b59a547,32,51,34,412,276,1037.765625,575.54812834224595,0.8046875,0.553475935828877,False,row1_col2,512,374,0,69
33,2115036,7ed463394b5acb61e1574507,33,28,23,228,188,573.5078125,396.4375,0.4453125,0.32291666666666669,False,row0_col1,512,384,0,64
34,480036,630be0f098a5ec263bec1d35,34,36,12,292,100,759.3359375,192.03886010362692,0.5703125,0.09585492227979274,False,row0_col1,512,386,0,63
35,1435611,6dc9bf8ff05d6f7df0e30315,35,27,31,220,252,577.5234375,505.91511936339521,0.4296875,0.49071618037135278,False,row1_col1,512,377,0,67
36,2115298,7ed463394b5acb61e1574507,36,34,27,276,220,676.3515625,464.9375,0.5390625,0.40625,False,row1_col1,512,384,0,64
37,2357541,87a418aeb28937346e884495,37,37,36,300,292,827.8046875,624.1297709923665,0.5859375,0.59287531806615779,False,row1_col1,512,393,0,59
38,2763372,7518c6376e2146766b15e23d,38,44,41,356,332,874.1875,714.55118110236219,0.6953125,0.70078740157480313,False,row2_col2,512,381,0,65
39,2082217,faf3e3da73ae229e7fc9da66,39,41,22,332,180,829.3359375,381.72994652406419,0.6484375,0.2967914438502674,False,row0_col1,512,374,0,69
40,2032965,f5b4ddaa2084fc1c86822eb6,40,5,21,44,172,242.2734375,359.1875,0.0859375,0.28125,False,row0_col0,512,384,0,64
41,1045856,c1ff20ff899dc91318e1d07f,41,32,21,260,172,702.1640625,351.5,0.5078125,0.27777777777777779,False,row0_col1,512,378,0,67
42,576133,36eb7440912b14f82d4f0a68,42,5,42,44,340,196.703125,703.75392670157066,0.0859375,0.71989528795811519,False,row2_col0,512,382,0,65
43,2029502,61f217f44bf2fb9b5077b9b6,43,62,30,500,244,1194.3125,518.82631578947371,0.9765625,0.46842105263157896,False,row1_col2,512,380,0,66
44,2235030,27299ddb09d845cec194fcb0,44,22,42,180,340,513.609375,715.65517241379314,0.3515625,0.72413793103448276,False,row2_col1,512,377,0,67
45,1689138,adea380903a21f32cbcdb240,45,50,24,404,196,986.4375,378.6875,0.7890625,0.34375,False,row1_col2,512,384,0,64
46,387285,71724a3bf8b9be3deb5292f6,46,21,35,172,284,494.546875,596.53580901856765,0.3359375,0.5755968169761273,False,row1_col1,512,377,0,67
47,2411107,4353ce725c8d749885d3c4b7,47,35,41,284,332,673.9375,697.79999999999995,0.5546875,0.69999999999999996,False,row2_col1,512,380,0,66
48,2148058,a4df32cda65d6caec503e150,48,26,27,212,220,536.8125,460.42553191489361,0.4140625,0.40425531914893614,False,row1_col1,512,376,0,68
49,1132324,f882a0ca74adfbbded05504a,49,36,28,292,228,749.8984375,478.03225806451616,0.5703125,0.42473118279569894,False,row1_col1,512,372,0,70
50,1505945,77552d606fc63001f442e848,50,25,42,204,340,557.0625,704.91601049868768,0.3984375,0.72178477690288712,False,row2_col1,512,381,0,65
51,2176202,e3ecaf99c788239f18c8a991,51,10,19,84,156,275.9765625,322.10209424083769,0.1640625,0.23821989528795812,False,row0_col0,512,382,0,65
52,2004407,d8aec49d4eabf940e94e99b9,52,55,22,444,180,1058.703125,380.23200000000003,0.8671875,0.29866666666666669,False,row0_col2,512,375,0,68
53,2186466,e47bf05116ca1e4921049cf3,53,34,51,276,412,731.8203125,879.64837905236902,0.5390625,0.89027431421446379,False,row2_col1,512,401,0,55
54,1869720,55697275b8b27562c9eb1a4c,54,24,30,196,244,525.09375,515.79740259740265,0.3828125,0.47012987012987012,False,row1_col1,512,385,0,63
55,1169675,81f7959be88c5f860c5fc715,55,11,36,92,292,296.9140625,591.30952380952385,0.1796875,0.59523809523809523,False,row1_col0,512,378,0,67
56,1928242,0493c50e4f0350b831275383,56,50,48,404,388,1020.0703125,824.80798004987537,0.7890625,0.83042394014962595,False,row2_col2,512,401,0,55
57,2361901,a17fa7ec81831aabb30abf4e,57,45,40,364,324,971.8984375,688.76595744680844,0.7109375,0.68085106382978722,False,row2_col2,512,376,0,68
58,27094,b6eaf5e811a0be7062ed1bb3,58,22,39,180,316,471.8828125,661.94818652849744,0.3515625,0.65544041450777202,False,row1_col1,512,386,0,63
59,2331972,9fbe77467132d5c93ee01128,59,4,21,36,172,236.2734375,356.59681697612734,0.0703125,0.27851458885941643,False,row0_col0,512,377,0,67
60,2107989,5d258a6d34f1b116ab308ce4,60,21,41,172,332,478.1875,684.21276595744678,0.3359375,0.7021276595744681,False,row2_col1,512,376,0,68
61,538309,334d09cec1e33736f5ceeeae,61,5,27,44,220,207.046875,463.90439276485785,0.0859375,0.40826873385012918,False,row1_col0,512,387,0,62
62,2407224,cbbfcf781cf2e6b2a448637f,62,56,44,452,356,1076.859375,744.86458333333326,0.8828125,0.76041666666666663,False,row2_col2,512,384,0,64
63,469703,7c41685bf488a58de2fe104b,63,7,43,60,348,232.7265625,741.01052631578943,0.1171875,0.74210526315789471,False,row2_col0,512,380,0,66
64,2431912,63727db752b5ff12377d012c,64,40,46,324,372,835.7890625,790.53125,0.6328125,0.80208333333333337,False,row2_col1,512,384,0,64
65,846385,af05ccec25502117ca3f9a04,65,49,40,396,324,999.0625,694.81671159029656,0.7734375,0.6846361185983828,False,row2_col2,512,371,0,70
66,1091309,12def0a47aa043439d178972,66,45,27,364,220,932.5625,448.27659574468083,0.7109375,0.40425531914893614,False,row1_col2,512,376,0,68
67,1870330,55697275b8b27562c9eb1a4c,67,58,39,468,316,1109.46875,670.4571428571428,0.9140625,0.65714285714285714,False,row1_col2,512,385,0,63
68,1102938,605944fd8272a0a3f3c61ab4,68,26,17,212,140,579.8828125,282.82085561497331,0.4140625,0.18983957219251338,False,row0_col1,512,374,0,69
69,374577,e4622a2495fee2989741879a,69,49,28,396,228,970.1953125,467.57640750670242,0.7734375,0.42627345844504022,False,row1_col2,512,373,0,69
70,1542619,8f1c99d05825e89d71c9284b,70,27,39,220,316,591.8125,654.38069705093835,0.4296875,0.66219839142091153,False,row1_col1,512,373,0,69
71,1160582,79b469d527171ee55c5adc04,71,6,22,52,180,237.734375,366.40106951871655,0.1015625,0.2967914438502674,False,row0_col0,512,374,0,69
72,1344989,e5f9395628709ae9079eeba0,72,29,23,236,188,631.1796875,385.59673024523158,0.4609375,0.31607629427792916,False,row0_col1,512,367,0,72
73,1854012,f06dd4b0ff466537119cc2af,73,60,40,484,324,1138.0625,685.50537634408602,0.9453125,0.68279569892473113,False,row2_col2,512,372,0,70
74,1283704,c334dd8d45005b5a85e577b3,74,56,25,452,204,1085.3359375,413.24303797468355,0.8828125,0.36962025316455699,False,row1_col2,512,395,0,58
75,2746402,e05c476bdaaa88a4e12af225,75,34,32,276,260,717.8203125,539.25198938992048,0.5390625,0.51193633952254647,False,row1_col1,512,377,0,67
76,854693,f08c47f4332a0ca4a5ddd327,76,37,42,300,340,745.390625,709.92513368983953,0.5859375,0.72459893048128343,False,row2_col1,512,374,0,69
77,1385914,69ce82acc0f6112757b0f61b,77,58,22,468,180,1117.8671875,368.97027027027025,0.9140625,0.29459459459459458,False,row0_col2,512,370,0,71
78,382183,bf67a8c3d85ddf53723e2a60,78,39,19,316,156,791.1640625,304.72266666666667,0.6171875,0.23466666666666666,False,row0_col1,512,375,0,68
79,797256,1521c7bdee93d552208d03d3,79,8,41,68,332,253.0234375,708.96875,0.1328125,0.69791666666666663,False,row2_col0,512,384,0,64
80,903000,2b4b6352c349b3d52ed92754,80,24,29,196,236,547.5390625,502.73469387755102,0.3828125,0.44897959183673469,False,row1_col1,512,392,0,60
81,1001944,537b9f873acf48eb2022de16,81,24,39,196,316,539.859375,650.5,0.3828125,0.65789473684210531,False,row1_col1,512,380,0,66
82,587976,6d36a77190afe991bdd3beaf,82,8,35,68,284,256.2890625,584.66666666666674,0.1328125,0.57526881720430112,False,row1_col0,512,372,0,70
83,114177,840c73cbd5ab6bc1059f1408,83,1,56,12,452,135.828125,969.5322580645161,0.0234375,1.0268817204301075,True,padding_center,512,372,0,70
84,2906256,81558ebcaaea05566ec9d393,84,16,34,132,276,421.3984375,583.72751322751321,0.2578125,0.55291005291005291,False,row1_col0,512,378,0,67
85,2426375,07487879b83ab8bf265d8c1f,85,7,24,60,196,287.7890625,426.12853470437017,0.1171875,0.34704370179948585,False,row1_col0,512,389,0,61
86,460150,89b989a81f1da592d59cc87b,86,54,21,436,172,1077.9375,363.2439024390244,0.8515625,0.27371273712737126,False,row0_col2,512,369,0,71
87,1910988,4232070a33fbc4fa24180e8d,87,12,35,100,284,314.234375,599.77979274611403,0.1953125,0.57253886010362698,False,row1_col0,512,386,0,63
88,2094947,df913345c4c2be5eeed41459,88,35,29,284,236,746.1484375,499.68393782383419,0.5546875,0.44818652849740931,False,row1_col1,512,386,0,63
89,63019,9ce76d5db5c11961db1ca677,89,43,24,348,196,872.8125,404.57894736842104,0.6796875,0.34210526315789475,False,row1_col2,512,380,0,66
90,2300153,677cd183b987906faf2e530c,90,57,35,460,284,1133.5703125,602.11621621621623,0.8984375,0.57567567567567568,False,row1_col2,512,370,0,71
91,1558840,58941e2ed5798562410c5326,91,56,36,452,292,1110.0390625,611.1312335958005,0.8828125,0.59580052493438318,False,row1_col2,512,381,0,65
92,508860,f5fa9934c3d9553bf163df86,92,60,14,484,116,1144.4609375,226.90740740740739,0.9453125,0.12962962962962962,False,row0_col2,512,378,0,67
93,541883,ae10765eee319809f6e8d9ae,93,59,18,476,148,1157.1640625,303.79032258064518,0.9296875,0.20967741935483872,False,row0_col2,512,372,0,70
94,1907300,29967e147eb9c7a768964adf,94,36,41,292,332,733.7734375,706.36339522546416,0.5703125,0.70291777188328908,False,row2_col1,512,377,0,67
95,2124055,dc0b4ccd38f08660aa595e39,95,23,36,188,292,489.703125,628.00791556728223,0.3671875,0.59630606860158308,False,row1_col1,512,379,0,66
96,350373,e1c9abec502219412e89243a,96,37,34,300,276,751.6328125,573.83195592286506,0.5859375,0.55647382920110189,False,row1_col1,512,363,0,74
97,574985,36eb7440912b14f82d4f0a68,97,9,24,76,196,265.578125,393.89005235602093,0.1484375,0.34293193717277487,False,row1_col0,512,382,0,65
98,2234576,27299ddb09d845cec194fcb0,98,16,35,132,284,411.046875,595.93103448275861,0.2578125,0.5755968169761273,False,row1_col0,512,377,0,67
99,1901926,73937759020f473dae5c179a,99,38,21,308,172,737.5078125,355.54353562005281,0.6015625,0.27968337730870713,False,row0_col1,512,379,0,66
100,575968,36eb7440912b14f82d4f0a68,100,32,39,260,316,661.609375,652.10994764397913,0.5078125,0.65706806282722519,False,row1_col1,512,382,0,65
101,1213848,6d1104b9ed5d737c509d9e3c,101,24,22,196,180,545.4765625,371.78514588859412,0.3828125,0.29973474801061006,False,row0_col1,512,377,0,67
102,957049,a9d0ff3cc6fb5dab5212ac12,102,57,41,460,332,1113.1796875,697.94488188976379,0.8984375,0.70078740157480313,False,row2_col2,512,381,0,65
103,2450016,9eb7c57cc60b7fe25deb2951,103,32,9,260,76,645.1640625,148.67391304347825,0.5078125,0.010869565217391304,False,row0_col1,512,368,0,72
104,333906,587b74bfc019c7be94717f25,104,18,33,148,268,420.3046875,554.12903225806451,0.2890625,0.532258064516129,False,row1_col0,512,372,0,70
105,2304986,79609d9f8ec519016767e49f,105,26,47,212,380,607.8125,800.621052631579,0.4140625,0.82631578947368423,False,row2_col1,512,380,0,66
106,1718900,026bf89f372e56e84406ddb9,106,52,41,420,332,1033.0859375,682.86575342465756,0.8203125,0.70958904109589038,False,row2_col2,512,365,0,73
107,1845657,439720347b525b459d2cd2a2,107,25,38,204,308,598.6875,669.25063938618928,0.3984375,0.63427109974424556,False,row1_col1,512,391,0,60
108,2222853,442850a2087d62c7e9453fcd,108,5,44,44,356,234.1875,748.97849462365593,0.0859375,0.76881720430107525,False,row2_col0,512,372,0,70
109,2078492,f90b9ab0071176524a75e54f,109,28,28,228,228,582.0625,485.61518324607329,0.4453125,0.42670157068062825,False,row1_col1,512,382,0,65
110,2918326,8d10243544cfbd17a41b803a,110,54,30,436,244,1042.421875,509.18378378378378,0.8515625,0.46756756756756757,False,row1_col2,512,370,0,71
111,2160743,e2b45792dfc5b8bb9ef98bca,111,39,33,316,268,811.2265625,569.43650793650795,0.6171875,0.53174603174603174,False,row1_col1,512,378,0,67
112,1910210,4232070a33fbc4fa24180e8d,112,2,23,20,188,142.046875,393.1062176165803,0.0390625,0.32383419689119169,False,row0_col0,512,386,0,63
113,2209096,e1bd21e34648fdeb39895cd0,113,8,21,68,172,225.5625,358.25806451612902,0.1328125,0.27419354838709675,False,row0_col0,512,372,0,70
114,1349934,347841146c8588b3b0ef8cd2,114,46,36,372,292,886.1171875,614.91489361702133,0.7265625,0.5957446808510638,False,row1_col2,512,376,0,68
115,1459359,462b47fa3de976e72a9b5115,115,31,18,252,148,687.8359375,283.096256684492,0.4921875,0.21122994652406418,False,row0_col1,512,374,0,69
116,1546843,76906f430110ea676ee84663,116,27,41,220,332,593.5234375,699.531914893617,0.4296875,0.7021276595744681,False,row2_col1,512,376,0,68
117,2172366,eedf98ccb5a364857973747a,117,14,23,116,188,415.6328125,401.95174262734582,0.2265625,0.31903485254691688,False,row0_col0,512,373,0,69
118,1840481,220c8ee1c69449f9af0ae7f1,118,33,21,268,172,645.828125,370.59375,0.5234375,0.28125,False,row0_col1,512,384,0,64
119,562788,83ce9a3b86c3675c94925a4e,119,36,25,292,204,766.4765625,424.97311827956992,0.5703125,0.36021505376344087,False,row1_col1,512,372,0,70
120,2775664,cefaf5a44ecfd5ed51bd547c,120,48,41,388,332,969.140625,689.82978723404256,0.7578125,0.7021276595744681,False,row2_col2,512,376,0,68
121,481652,630be0f098a5ec263bec1d35,121,52,37,420,300,1036.0859375,624.68134715025906,0.8203125,0.61398963730569944,False,row1_col2,512,386,0,63
122,940580,4f2e92e1b80cd39c3cba6440,122,36,40,292,324,719.484375,677.48936170212767,0.5703125,0.68085106382978722,False,row2_col1,512,376,0,68
123,2000425,94b7f239fa8a30f58007d290,123,41,24,332,196,805.390625,420.17539267015707,0.6484375,0.34293193717277487,False,row1_col1,512,382,0,65
124,1926393,0493c50e4f0350b831275383,124,57,19,460,156,1141.3671875,322.62344139650872,0.8984375,0.25187032418952621,False,row0_col2,512,401,0,55
125,2423478,37007bcf2d5f43196d17bd6c,125,54,42,436,340,1051.71875,727.61866666666674,0.8515625,0.72533333333333339,False,row2_col2,512,375,0,68
126,193871,70167206a708a11cfa66d657,126,15,21,124,172,407.1015625,354.56836461126011,0.2421875,0.27613941018766758,False,row0_col0,512,373,0,69
127,1781182,68156206f643fb334d0eae7f,127,62,54,500,436,1169.890625,910.12162162162167,0.9765625,0.98648648648648651,False,row2_col2,512,370,0,71
128,2865604,3c6223fad65553c89976049b,128,4,39,36,316,180.8359375,670.29274611398966,0.0703125,0.65544041450777202,False,row1_col0,512,386,0,63
129,2406507,cbbfcf781cf2e6b2a448637f,129,43,33,348,268,853.015625,555.34375,0.6796875,0.53125,False,row1_col2,512,384,0,64
130,2373781,2eebabfc2544e47701bed697,130,21,34,172,276,472.5234375,587.45931758530185,0.3359375,0.5538057742782152,False,row1_col1,512,381,0,65
131,117485,8beb03d8a5bb47d4e9a2581d,131,45,43,364,348,887.296875,733.2102425876011,0.7109375,0.74932614555256061,False,row2_col2,512,371,0,70
132,2139750,e6a42e7bbe1942d90ee3b93f,132,38,25,308,204,760.1171875,437.94666666666672,0.6015625,0.36266666666666669,False,row1_col1,512,375,0,68
133,2808034,8add5feca183d695007a94e7,133,34,35,276,284,708.203125,598.56521739130437,0.5390625,0.57608695652173914,False,row1_col1,512,368,0,72
134,1226592,76697c1a28dd3ef624fb0471,134,32,29,260,236,683.1640625,492.70572207084467,0.5078125,0.44686648501362397,False,row1_col1,512,367,0,72
135,2655366,3f0b56e3daead59ea51a5d24,135,6,18,52,148,248.4296875,302.78125,0.1015625,0.21875,False,row0_col0,512,384,0,64
136,899255,06a2536925aca2673e4f022e,136,55,34,444,276,1048.3125,571.49206349206349,0.8671875,0.55291005291005291,False,row1_col2,512,378,0,67
137,2786143,9d07c1fef6d1259f6fa6a262,137,31,13,252,108,604.359375,217.86956521739131,0.4921875,0.097826086956521743,False,row0_col1,512,368,0,72
138,400467,27e6733bbab4a1b0477f8b26,138,19,49,156,396,446.2890625,840.11345646437996,0.3046875,0.87071240105540892,False,row2_col0,512,379,0,66
139,268284,795479733aefc40b934277a4,139,60,31,484,252,1157.515625,546.85106382978722,0.9453125,0.48936170212765956,False,row1_col2,512,376,0,68
140,1636373,f1b1a21a9d97d3eb8ef2a36a,140,21,32,172,260,508.234375,537.20157068062827,0.3359375,0.51047120418848169,False,row1_col1,512,382,0,65
141,51899,5335429b96f92c225a06686c,141,59,42,476,340,1145.515625,729.71351351351348,0.9296875,0.72702702702702704,False,row2_col2,512,370,0,71
142,1997445,fae0767fbbc62b038bf2e8d7,142,5,42,44,340,193.4453125,725.95978552278825,0.0859375,0.72654155495978556,False,row2_col0,512,373,0,69
143,1825194,f350543d4e926bfe063bea83,143,42,38,340,308,818.4453125,640.27320954907168,0.6640625,0.63925729442970824,False,row1_col1,512,377,0,67
144,2439858,4b2934de204003644e1cf7cc,144,50,42,404,340,1024.6015625,719.74193548387098,0.7890625,0.72580645161290325,False,row2_col2,512,372,0,70
145,789070,819331f44b9bfe36ff4bf476,145,14,41,116,332,393.2578125,705.92370572207085,0.2265625,0.70844686648501365,False,row2_col0,512,367,0,72
146,2123224,dc0b4ccd38f08660aa595e39,146,24,23,196,188,506.796875,405.73878627968338,0.3828125,0.32189973614775724,False,row0_col1,512,379,0,66
147,559709,9cc1a3ed2a8e6c5e9def5c8e,147,29,41,236,332,592.953125,701.0828877005348,0.4609375,0.70320855614973266,False,row2_col1,512,374,0,69
148,2635113,ee0789a261852bef9369707a,148,41,21,332,172,859.171875,361.22102425876011,0.6484375,0.27493261455525608,False,row0_col1,512,371,0,70
149,2414412,02b8d585b96bf351d6297716,149,12,29,100,236,331.671875,485.37984496124034,0.1953125,0.44961240310077522,False,row1_col0,512,387,0,62
150,2664713,1f71908a38f1553f04f21601,150,9,36,76,292,306.6171875,600.59946949602124,0.1484375,0.59681697612732099,False,row1_col0,512,377,0,67
151,2332039,9fbe77467132d5c93ee01128,151,7,22,60,180,287.7890625,373.78514588859412,0.1171875,0.29973474801061006,False,row0_col0,512,377,0,67
152,1247119,0d9ba0bed26dc6d0fa606188,152,15,30,124,244,363.828125,502.05722070844683,0.2421875,0.46866485013623976,False,row1_col0,512,367,0,72
153,2209100,e1bd21e34648fdeb39895cd0,153,12,21,100,172,294.0625,358.25806451612902,0.1953125,0.27419354838709675,False,row0_col0,512,372,0,70
154,1345350,e5f9395628709ae9079eeba0,154,6,29,52,236,232.6328125,489.70572207084467,0.1015625,0.44686648501362397,False,row1_col0,512,367,0,72
155,2074004,8e28fe67259d0c825fe1bd0b,155,20,22,164,180,424.6640625,383.74293059125966,0.3203125,0.3059125964010283,False,row0_col0,512,389,0,61
156,2557912,2f3e9ad50350b43cdcf05159,156,24,31,196,252,499.7734375,525.9366754617414,0.3828125,0.49076517150395776,False,row1_col1,512,379,0,66
157,2918584,8d10243544cfbd17a41b803a,157,56,34,452,276,1076.859375,578.02702702702709,0.8828125,0.55405405405405406,False,row1_col2,512,370,0,71
158,2221706,442850a2087d62c7e9453fcd,158,10,26,84,212,319.8125,440.84946236559142,0.1640625,0.38172043010752688,False,row1_col0,512,372,0,70
159,2054598,43a8d937bdc326d6174ea535,159,6,39,52,316,259.4140625,671.61702127659566,0.1015625,0.65957446808510634,False,row1_col0,512,376,0,68
160,2439773,4b2934de204003644e1cf7cc,160,29,41,236,332,664.6484375,702.6236559139785,0.4609375,0.70430107526881724,False,row2_col1,512,372,0,70
161,2192948,31f176914f7ef2559f447dab,161,52,24,420,196,1012.0625,417.47540983606558,0.8203125,0.33606557377049179,False,row1_col2,512,366,0,73
162,2355454,87a418aeb28937346e884495,162,62,3,500,28,1261.0078125,51.793893129770993,0.9765625,-0.078880407124681931,True,padding_center,512,393,0,59
163,2176348,e3ecaf99c788239f18c8a991,163,28,21,228,172,584.5078125,356.40575916230364,0.4453125,0.28010471204188481,False,row0_col1,512,382,0,65
164,394680,7193a011383f62c1ab378a8f,164,56,22,452,180,1069.0390625,372.88431876606688,0.8828125,0.3059125964010283,False,row0_col2,512,389,0,61
165,2155845,abac48c206f4f9db98c1c8cf,165,5,21,44,172,220.4453125,357.20155038759685,0.0859375,0.2842377260981912,False,row0_col0,512,387,0,62
166,1530425,1da49d03909cfa1ff4462960,166,57,40,460,324,1081.078125,669.32460732984293,0.8984375,0.67801047120418845,False,row2_col2,512,382,0,65
167,461393,89b989a81f1da592d59cc87b,167,17,41,140,332,435.0625,710.56097560975604,0.2734375,0.70731707317073167,False,row2_col0,512,369,0,71
168,1160453,79b469d527171ee55c5adc04,168,5,20,44,164,220.390625,331.74866310160428,0.0859375,0.25401069518716579,False,row0_col0,512,374,0,69
169,1132826,f882a0ca74adfbbded05504a,169,26,36,212,292,575.6796875,617.38709677419365,0.4140625,0.59677419354838712,False,row1_col1,512,372,0,70
170,772647,6a57e03e1905b5c4210bc584,170,39,40,316,324,808.2265625,670.96000000000004,0.6171875,0.68266666666666664,False,row2_col1,512,375,0,68
171,1439579,4d84e8bbae7d2af42353df02,171,27,29,220,236,542.8125,483.13793103448279,0.4296875,0.44827586206896552,False,row1_col1,512,377,0,67
172,2763150,7518c6376e2146766b15e23d,172,14,38,116,308,352.9375,662.45669291338584,0.2265625,0.63779527559055116,False,row1_col0,512,381,0,65
173,94910,2a8e2d654846ae67277a627f,173,62,10,500,84,1186.171875,158.14516129032259,0.9765625,0.037634408602150539,False,row0_col2,512,372,0,70
174,424460,0f0e951d310459324ed1146f,174,12,40,100,324,339.0390625,678.70000000000005,0.1953125,0.67894736842105263,False,row2_col0,512,380,0,66
175,1366750,7caf0646c5e1a5cc3ec3968d,175,30,43,244,348,610.171875,742.59677419354841,0.4765625,0.74731182795698925,False,row2_col1,512,372,0,70
176,1842150,220c8ee1c69449f9af0ae7f1,176,38,47,308,380,731.921875,818.55208333333326,0.6015625,0.82291666666666663,False,row2_col1,512,384,0,64
177,141096,2943c088e8878c50a249592d,177,40,28,324,228,834.6875,471.65957446808511,0.6328125,0.42553191489361702,False,row1_col1,512,376,0,68
178,1517710,ccce9e18afa29af9ea350c68,178,14,34,116,276,384.578125,583.23978201634873,0.2265625,0.55585831062670299,False,row1_col0,512,367,0,72
179,2096545,df913345c4c2be5eeed41459,179,33,54,268,436,711.4921875,932.84455958549222,0.5234375,0.96632124352331605,False,row2_col1,512,386,0,63
180,2631412,c530cb0c0e739b7c0af0415d,180,52,27,420,220,986.1640625,459.72679045092838,0.8203125,0.40583554376657827,False,row1_col2,512,377,0,67
181,18776,0d71665cc32e00cbf316979e,181,24,37,196,300,559.6875,634.51771117166209,0.3828125,0.62125340599455037,False,row1_col1,512,367,0,72
182,1971276,bc5170b2dbd4e825a4bfa3ef,182,12,17,100,140,308.6484375,290.20000000000005,0.1953125,0.20000000000000001,False,row0_col0,512,385,0,63
183,538183,334d09cec1e33736f5ceeeae,183,7,25,60,204,241.609375,429.3824289405685,0.1171875,0.36692506459948321,False,row1_col0,512,387,0,62
184,1853205,f06dd4b0ff466537119cc2af,184,21,28,172,228,470.1875,480.08602150537638,0.3359375,0.42473118279569894,False,row1_col1,512,372,0,70
185,1989465,2b2d0a01139cb06591c16929,185,25,45,204,364,533.6953125,770.5,0.3984375,0.7857142857142857,False,row2_col1,512,378,0,67
186,2013473,d6dbdc0bd6330963f936dfc9,186,33,36,268,292,677.4453125,611.31538461538457,0.5234375,0.59230769230769231,False,row1_col1,512,390,0,61
187,2389994,bdd69774207d2ddbd41a3849,187,42,31,340,252,841.484375,530.026525198939,0.6640625,0.49071618037135278,False,row1_col1,512,377,0,67
188,1489170,7d00ebc629cbbfbb3f3acc64,188,18,36,148,292,389.4375,600.16621253405992,0.2890625,0.59945504087193457,False,row1_col0,512,367,0,72
189,2697737,187703c2aaaaa1fd86865fe2,189,9,40,76,324,311.3203125,674.03664921465963,0.1484375,0.67801047120418845,False,row2_col0,512,382,0,65
190,2901734,4e68548ea0608614aa35b760,190,38,27,308,220,751.734375,452.93478260869568,0.6015625,0.40217391304347827,False,row1_col1,512,368,0,72
191,1943927,8ce9e51dbad44f0e4107d965,191,55,37,444,300,1036.3046875,635.92388451443571,0.8671875,0.61679790026246717,False,row1_col2,512,381,0,65
192,173813,d140f47bc847b703c1b20aec,192,53,27,428,220,1083.0546875,445.03208556149735,0.8359375,0.40374331550802139,False,row1_col2,512,374,0,69
193,115558,8beb03d8a5bb47d4e9a2581d,193,38,13,308,108,766.328125,215.04312668463612,0.6015625,0.10242587601078167,False,row0_col1,512,371,0,70
194,2930781,6aaaaa257e4ef2c72c304bae,194,29,33,236,268,640.5625,559.14285714285711,0.4609375,0.53246753246753242,False,row1_col1,512,385,0,63
195,227830,40471d6b4d3d450e63bc3466,195,54,39,436,316,1047.4921875,657.625,0.8515625,0.65625,False,row1_col2,512,384,0,64
196,1455450,64e11d7683e404d870ca400b,196,26,21,212,172,601.1953125,345.9737532808399,0.4140625,0.28083989501312334,False,row0_col1,512,381,0,65
197,1951910,cbe7415bc3817302e0c76f2d,197,38,34,308,276,787.109375,581.75452196382423,0.6015625,0.55297157622739013,False,row1_col1,512,387,0,62
198,504298,74dba489b837409bdc9002e2,198,42,7,340,60,872.4375,101.32114882506528,0.6640625,-0.010443864229765013,True,padding_center,512,383,0,64
199,1959471,113ae33369eea4ce7f0b6955,199,47,24,380,196,911.6640625,414.16180371352783,0.7421875,0.34217506631299732,False,row1_col2,512,377,0,67
200,2091171,84260c9ea667e4b1cdc99d6e,200,35,34,284,276,723.4921875,580.31914893617022,0.5546875,0.55319148936170215,False,row1_col1,512,376,0,68
201,469341,7c41685bf488a58de2fe104b,201,29,37,236,300,613.2578125,637.17894736842106,0.4609375,0.61578947368421055,False,row1_col1,512,380,0,66
202,469203,7c41685bf488a58de2fe104b,202,19,35,156,284,440.2890625,602.56842105263161,0.3046875,0.5736842105263158,False,row1_col0,512,380,0,66
203,534446,2f583ef3203d5ac90b59a547,203,46,30,372,244,951.671875,506.67112299465236,0.7265625,0.46791443850267378,False,row1_col2,512,374,0,69
204,2090587,84260c9ea667e4b1cdc99d6e,204,27,25,220,204,586.3671875,426.17021276595744,0.4296875,0.36170212765957449,False,row1_col1,512,376,0,68
205,191127,b87c381e4a842e0b20bf5138,205,23,42,188,340,515.4765625,710.5200000000001,0.3671875,0.72533333333333339,False,row2_col1,512,375,0,68
206,1776035,bcd30516eaad32359ff58603,206,35,38,284,308,706.484375,638.84905660377353,0.5546875,0.64150943396226412,False,row1_col1,512,371,0,70
207,2709813,4d5d55e234be8f30903864ed,207,53,36,428,292,1039.203125,613.55319148936167,0.8359375,0.5957446808510638,False,row1_col2,512,376,0,68
208,1882633,7b4398b5f7d90eaafd6f9de7,208,9,40,76,324,324.6875,685.54959785522794,0.1484375,0.6836461126005362,False,row2_col0,512,373,0,69
209,2434643,28b53dd19c8f65de13e95cab,209,19,25,156,204,454.9375,433.13101604278074,0.3046875,0.36096256684491979,False,row1_col0,512,374,0,69
210,550083,d2039782b7096a17e967307e,210,3,19,28,156,153.8125,312.61357702349869,0.0546875,0.24020887728459531,False,row0_col0,512,383,0,64
211,1169105,81f7959be88c5f860c5fc715,211,17,27,140,220,400.6953125,435.6904761904762,0.2734375,0.40476190476190477,False,row1_col0,512,378,0,67
212,304408,7362ade95f32642a9f44c44a,212,24,20,196,164,567.515625,339.7010050251256,0.3828125,0.26884422110552764,False,row0_col1,512,398,0,57
213,850758,a9be01d87459f30144024b64,213,6,45,52,364,254.328125,778.02127659574467,0.1015625,0.78723404255319152,False,row2_col0,512,376,0,68
214,1751396,c192edd74fe8165b22e50c5a,214,36,37,292,300,742.765625,616.09254498714654,0.5703125,0.61439588688946012,False,row1_col1,512,389,0,61
215,1055257,f8d5bac9c8363fd36181c874,215,25,40,204,324,596.046875,685.31967213114751,0.3984375,0.68579234972677594,False,row2_col1,512,366,0,73
216,288890,fd8fe61532624c2989845031,216,58,33,468,268,1141.953125,561,0.9140625,0.53333333333333333,False,row1_col2,512,375,0,68
217,2394536,d38497f6cb09922f8f3dcf04,217,40,38,324,308,886.1953125,650.0787401574803,0.6328125,0.63779527559055116,False,row1_col1,512,381,0,65
218,2807942,8add5feca183d695007a94e7,218,6,34,52,276,224.328125,581.26086956521749,0.1015625,0.55434782608695654,False,row1_col0,512,368,0,72
219,717903,88a7da897ac6bcbf16c8e69d,219,15,17,124,140,381.3125,282.89817232375981,0.2421875,0.19843342036553524,False,row0_col0,512,383,0,64
220,1398181,178406615aaeb3e456e1b3cc,220,37,22,300,180,746.5625,354.73015873015873,0.5859375,0.29894179894179895,False,row0_col1,512,378,0,67
221,1928436,0493c50e4f0350b831275383,221,52,51,420,412,1054.7265625,876.75810473815454,0.8203125,0.89027431421446379,False,row2_col2,512,401,0,55
222,1812617,6cdb89370c1447e2daa1d31d,222,9,34,76,276,254.171875,579.29758713136732,0.1484375,0.55495978552278824,False,row1_col0,512,373,0,69
223,2356769,87a418aeb28937346e884495,223,33,24,268,196,758.4921875,416.00763358778624,0.5234375,0.34860050890585242,False,row1_col1,512,393,0,59
224,1923100,7361af587e04e93382fe2d91,224,28,32,228,260,597.734375,543.61855670103091,0.4453125,0.51030927835051543,False,row1_col1,512,388,0,62
225,2333218,9fbe77467132d5c93ee01128,225,34,40,276,324,751.4296875,683.17506631299739,0.5390625,0.6816976127320955,False,row2_col1,512,377,0,67
226,2221274,442850a2087d62c7e9453fcd,226,26,19,212,156,593.8125,321.02150537634407,0.4140625,0.23118279569892472,False,row0_col1,512,372,0,70
227,2090299,84260c9ea667e4b1cdc99d6e,227,59,20,476,164,1134.8671875,340.531914893617,0.9296875,0.25531914893617019,False,row0_col2,512,376,0,68
228,2185490,e47bf05116ca1e4921049cf3,228,18,36,148,292,454.5703125,619.59850374064843,0.2890625,0.59102244389027436,False,row1_col0,512,401,0,55
229,817155,87fbd4752229b1af092fadbf,229,3,32,28,260,177.8125,548.7721179624665,0.0546875,0.51206434316353888,False,row1_col0,512,373,0,69
230,1980491,17686a11fc83b9f929d8d85e,230,11,33,92,268,358.9375,568.67741935483866,0.1796875,0.532258064516129,False,row1_col0,512,372,0,70
231,1407174,4f1c77f5d121ab64501fbab2,231,6,35,52,284,240.4296875,593.0913978494624,0.1015625,0.57526881720430112,False,row1_col0,512,372,0,70
232,1894426,1d12ec902c3113b35c317ef8,232,26,32,212,260,573.984375,545.61741424802108,0.4140625,0.51187335092348285,False,row1_col1,512,379,0,66
233,2025423,53e9a502e46a7b9e168d9115,233,15,31,124,252,359.4375,539.936170212766,0.2421875,0.48936170212765956,False,row1_col0,512,376,0,68
234,2004810,d8aec49d4eabf940e94e99b9,234,10,29,84,236,289.484375,499.84800000000001,0.1640625,0.44800000000000001,False,row1_col0,512,375,0,68
235,2451233,9eb7c57cc60b7fe25deb2951,235,33,28,268,228,662.4921875,478.28260869565219,0.5234375,0.42391304347826086,False,row1_col1,512,368,0,72
236,2046776,7e205d3f86dfa2c6e030bdfc,236,56,44,452,356,1088.9140625,749.71653543307082,0.8828125,0.76377952755905509,False,row2_col2,512,381,0,65
237,2205424,51a10a40effe2814ad9fdc08,237,48,27,388,220,904.8359375,459.72679045092838,0.7578125,0.40583554376657827,False,row1_col2,512,377,0,67
238,1074489,de9b5b17edfdfe734011cfa4,238,57,20,460,164,1141.078125,338.43782383419688,0.8984375,0.26165803108808289,False,row0_col2,512,386,0,63
239,1455692,64e11d7683e404d870ca400b,239,12,25,100,204,358.6015625,415.34908136482937,0.1953125,0.3648293963254593,False,row1_col0,512,381,0,65
240,1840605,220c8ee1c69449f9af0ae7f1,240,29,23,236,188,576.953125,405.05208333333337,0.4609375,0.32291666666666669,False,row0_col1,512,384,0,64
241,2796216,1003aab33f20bcdbe2120a89,241,56,42,452,340,1104.6875,734.91601049868768,0.8828125,0.72178477690288712,False,row2_col2,512,381,0,65
242,2366619,583fd37185c66e5b35d4ad0d,242,27,50,220,404,587.65625,850.66243654822335,0.4296875,0.87563451776649748,False,row2_col1,512,394,0,59
243,1849079,cdd3402e4d0aa4a5fbc61954,243,55,27,444,220,1025.0390625,459.72679045092838,0.8671875,0.40583554376657827,False,row1_col2,512,377,0,67
244,1779141,68156206f643fb334d0eae7f,244,5,23,44,188,177.734375,370.55405405405406,0.0859375,0.31621621621621621,False,row0_col0,512,370,0,71
245,2238025,61b5465c722b8b833ec48621,245,9,25,76,204,308.2421875,428.09651474530835,0.1484375,0.36193029490616624,False,row1_col0,512,373,0,69
246,2796115,1003aab33f20bcdbe2120a89,246,19,41,156,332,461.8125,717.55118110236219,0.3046875,0.70078740157480313,False,row2_col0,512,381,0,65
247,1947001,9ac9ebb9578650063235ec30,247,57,21,460,172,1081.3828125,362.79112271540475,0.8984375,0.28198433420365537,False,row0_col2,512,383,0,64
248,2951773,3b48ef0496b9e19ef057c3dd,248,29,41,236,332,620.953125,697.14516129032256,0.4609375,0.70430107526881724,False,row2_col1,512,372,0,70
249,2356533,87a418aeb28937346e884495,249,53,20,428,164,1105.0546875,346.63358778625957,0.8359375,0.26717557251908397,False,row0_col2,512,393,0,59
250,304793,7362ade95f32642a9f44c44a,250,25,26,204,212,585.046875,444.98743718592965,0.3984375,0.38944723618090454,False,row1_col1,512,398,0,57
251,2489135,7eb05126c9c43d9121df3acb,251,47,44,380,356,916.6015625,771.72340425531911,0.7421875,0.76595744680851063,False,row2_col2,512,376,0,68
252,1657306,45b11473d4f5f125115c882f,252,26,39,212,316,553.3671875,635.78947368421052,0.4140625,0.65789473684210531,False,row1_col1,512,380,0,66
253,2447942,7febf4fe97b272661ab00643,253,6,41,52,332,226.4296875,695.39999999999998,0.1015625,0.69999999999999996,False,row2_col0,512,380,0,66
254,2287373,9183cf46ec95f7416fc2cadd,254,13,28,108,228,337.765625,472.22691292875987,0.2109375,0.42744063324538256,False,row1_col0,512,379,0,66
255,747421,5c1bf30bc1a4f784d36c8062,255,29,30,236,244,624.2578125,506.15999999999997,0.4609375,0.46933333333333332,False,row1_col1,512,375,0,68
256,486204,acce3e29a49a891a750d40b5,256,60,44,484,356,1155.4609375,761.63756613756618,0.9453125,0.76455026455026454,False,row2_col2,512,378,0,67
257,1657128,45b11473d4f5f125115c882f,257,40,36,324,292,795.5234375,583.87368421052633,0.6328125,0.59473684210526312,False,row1_col1,512,380,0,66
258,2049443,91decb18deafedf261951d4d,258,35,22,284,180,690.9375,381.72994652406419,0.5546875,0.2967914438502674,False,row0_col1,512,374,0,69
259,2333288,9fbe77467132d5c93ee01128,259,40,41,324,332,854.4609375,700.36339522546416,0.6328125,0.70291777188328908,False,row2_col1,512,377,0,67
260,2911863,922064a26912754f70ed0696,260,55,57,444,460,1057.9765625,976.26086956521738,0.8671875,1.0543478260869565,True,padding_center,512,368,0,72
261,2004485,d8aec49d4eabf940e94e99b9,261,5,24,44,196,204.015625,414.40800000000002,0.0859375,0.34133333333333332,False,row1_col0,512,375,0,68
262,927144,b7e5c36b0fcc32f8da70f625,262,40,22,324,180,789.5859375,369.44324324324327,0.6328125,0.29459459459459458,False,row0_col1,512,370,0,71
263,2800052,3298125517c7a54235ced2e8,263,52,38,420,308,1029.984375,643.02127659574467,0.8203125,0.63829787234042556,False,row1_col2,512,376,0,68
264,2304805,79609d9f8ec519016767e49f,264,37,44,300,356,796.1875,749.21052631578948,0.5859375,0.76315789473684215,False,row2_col1,512,380,0,66
265,2084099,faf3e3da73ae229e7fc9da66,265,3,52,28,420,177.9921875,895.74064171122996,0.0546875,0.93850267379679142,False,row2_col0,512,374,0,69
266,2149029,a4df32cda65d6caec503e150,266,37,42,300,340,725.1875,717.34042553191489,0.5859375,0.72340425531914898,False,row2_col1,512,376,0,68
267,1431996,bacd8d5cf67fb7f5bb3c16e1,267,60,38,484,308,1165.515625,637.44504021447722,0.9453125,0.64075067024128685,False,row1_col2,512,373,0,69
268,1886873,c7f35be6760fdb85307e2d49,268,25,42,204,340,544.0859375,726.06382978723411,0.3984375,0.72340425531914898,False,row2_col1,512,376,0,68
269,2263217,cdff67add7326ebbbabf8a48,269,49,34,396,276,965.78125,587.03287671232874,0.7734375,0.55616438356164388,False,row1_col2,512,365,0,73
270,2533771,129602615670ca169c5d2adf,270,11,38,92,308,270.2734375,653.02688172043008,0.1796875,0.63978494623655913,False,row1_col0,512,372,0,70
271,1911284,4232070a33fbc4fa24180e8d,271,52,39,420,316,1002.984375,668.67098445595855,0.8203125,0.65544041450777202,False,row1_col2,512,386,0,63
272,862411,c0d503761e44e89054546681,272,11,35,92,284,333.2734375,591.26259946949608,0.1796875,0.5755968169761273,False,row1_col0,512,377,0,67
273,2270551,ce1b06db295c8aa47115048c,273,23,21,188,172,511.703125,364.8069705093834,0.3671875,0.27613941018766758,False,row0_col1,512,373,0,69
274,1496843,412b2253f0288e6f5518fc42,274,11,28,92,228,316.015625,466.65775401069516,0.1796875,0.42513368983957217,False,row1_col0,512,374,0,69
275,672794,8ddb86f33af46de74f6cb3c0,275,26,16,212,132,602.953125,269.62269129287597,0.4140625,0.17414248021108181,False,row0_col1,512,379,0,66
276,2397784,7e43c32828df193edc42ddff,276,24,25,196,204,571.7109375,432.30933333333337,0.3828125,0.36266666666666669,False,row1_col1,512,375,0,68
277,276566,25b175f8a0414b88adf3bbf2,277,22,33,180,268,508.828125,566,0.3515625,0.53333333333333333,False,row1_col1,512,375,0,68
278,747730,5c1bf30bc1a4f784d36c8062,278,18,35,148,284,433.9921875,592.55999999999995,0.2890625,0.57599999999999996,False,row1_col0,512,375,0,68
279,2353733,47ecb67f20914fe9324d2108,279,5,41,44,332,212.5625,699.68965517241372,0.0859375,0.70291777188328908,False,row2_col0,512,377,0,67
280,1566383,1fae9ba9c99bf430c1e582d7,280,47,26,380,212,924.6015625,442.39947089947088,0.7421875,0.3835978835978836,False,row1_col2,512,378,0,67
281,1013289,5f54a832376b920cdc467195,281,41,24,332,196,822.765625,419.55702917771879,0.6484375,0.34217506631299732,False,row1_col1,512,377,0,67
282,2567008,a96e8fbb128dc3f4ea56a755,282,32,45,260,364,647.609375,767.57142857142856,0.5078125,0.7857142857142857,False,row2_col1,512,378,0,67
283,2181043,17ff7079be9b18b062834cfc,283,51,30,412,244,1022.5234375,519.93599999999992,0.8046875,0.46933333333333332,False,row1_col2,512,375,0,68
284,2221491,442850a2087d62c7e9453fcd,284,51,22,412,180,1021.9375,372.3763440860215,0.8046875,0.29569892473118281,False,row0_col2,512,372,0,70
285,2300407,677cd183b987906faf2e530c,285,55,39,444,316,1098.9765625,671.39189189189187,0.8671875,0.66216216216216217,False,row1_col2,512,370,0,71
286,666243,21a65ebf59d2ba6f5a645963,286,3,42,28,340,139.1953125,718.42857142857144,0.0546875,0.7142857142857143,False,row2_col0,512,392,0,60
287,1094922,9b0c2d44438a3efb3600736a,287,10,20,84,164,264.4375,342.97127937336813,0.1640625,0.26109660574412535,False,row0_col0,512,383,0,64
288,2135645,8213a75d6bb493befa13560d,288,29,25,236,204,637.1875,430.6875,0.4609375,0.36458333333333331,False,row1_col1,512,384,0,64
289,480808,630be0f098a5ec263bec1d35,289,40,24,324,196,828.5234375,399.70725388601039,0.6328125,0.34455958549222798,False,row1_col1,512,386,0,63
290,1869286,55697275b8b27562c9eb1a4c,290,38,23,308,188,765.71875,395.50649350649348,0.6015625,0.32467532467532467,False,row0_col1,512,385,0,63
291,1920095,516089d2e2e2c9755fbd5142,291,31,49,252,396,658.9140625,844.9813333333334,0.4921875,0.8746666666666667,False,row2_col1,512,375,0,68
292,2390053,bdd69774207d2ddbd41a3849,292,37,32,300,260,756.015625,547.10875331564989,0.5859375,0.51193633952254647,False,row1_col1,512,377,0,67
293,2803700,e9bb5bb030daf0c555014200,293,52,31,420,252,1026.7265625,527.33689839572196,0.8203125,0.48930481283422461,False,row1_col2,512,374,0,69
294,2799006,3298125517c7a54235ced2e8,294,30,22,244,180,651.171875,367.27659574468083,0.4765625,0.2978723404255319,False,row0_col1,512,376,0,68
295,1983962,152a6af5fd08ee8687052c5c,295,26,23,212,188,576.5703125,403.31999999999999,0.4140625,0.32000000000000001,False,row0_col1,512,375,0,68
296,398684,27e6733bbab4a1b0477f8b26,296,28,21,228,172,601.9609375,356.06068601583115,0.4453125,0.27968337730870713,False,row0_col1,512,379,0,66
297,2402321,e23c7263422caa21794c6b96,297,17,32,140,260,436.9609375,544.57142857142856,0.2734375,0.51058201058201058,False,row1_col0,512,378,0,67
298,2004813,d8aec49d4eabf940e94e99b9,298,13,29,108,236,340.765625,499.84800000000001,0.2109375,0.44800000000000001,False,row1_col0,512,375,0,68
299,1198457,aca91e96d9d3f5996c509b6c,299,57,37,460,300,1133.078125,616.20588235294122,0.8984375,0.61764705882352944,False,row1_col2,512,374,0,69
300,2415223,02b8d585b96bf351d6297716,300,55,41,444,332,1066.703125,690.27906976744191,0.8671875,0.69767441860465118,False,row2_col2,512,387,0,62
301,2356656,87a418aeb28937346e884495,301,48,22,388,180,1018.4140625,381.32061068702291,0.7578125,0.30788804071246817,False,row0_col2,512,393,0,59
302,1383098,d966074aac618fed4e291ae3,302,58,42,468,340,1092.5546875,716.59897172236504,0.9140625,0.71722365038560409,False,row2_col2,512,389,0,61
303,1993048,df2dd66a2f9f4acffc6fdb65,303,24,37,196,300,553.4140625,632.88235294117646,0.3828125,0.61764705882352944,False,row1_col1,512,374,0,69
304,1091568,12def0a47aa043439d178972,304,48,31,388,252,984.6875,517.80851063829778,0.7578125,0.48936170212765956,False,row1_col2,512,376,0,68
305,2939554,fe6f136289ff3cf96e9fa7fa,305,34,42,276,340,695.8203125,717.92513368983953,0.5390625,0.72459893048128343,False,row2_col1,512,374,0,69
306,873849,8ac236c9482943a0fd765323,306,57,21,460,172,1100.0625,368.97872340425533,0.8984375,0.27659574468085107,False,row0_col2,512,376,0,68
307,1583728,a737d81a01b3a431788a0073,307,48,41,388,332,922.4140625,697.92370572207085,0.7578125,0.70844686648501365,False,row2_col2,512,367,0,72
308,2427532,07487879b83ab8bf265d8c1f,308,12,42,100,340,373.6484375,735.59897172236504,0.1953125,0.71722365038560409,False,row2_col0,512,389,0,61
309,1219268,fa425b55ae4649a7440cdfd7,309,4,43,36,348,184.484375,725.26737967914437,0.0703125,0.74598930481283421,False,row2_col0,512,374,0,69
310,779750,b1a39c8c93fe4d79d6ff8d44,310,38,23,308,188,766.921875,394.30000000000001,0.6015625,0.32105263157894737,False,row0_col1,512,380,0,66
311,219733,d1458cc139bf5041872709d8,311,21,41,172,332,455.5625,708.19999999999993,0.3359375,0.69999999999999996,False,row2_col1,512,380,0,66
312,95994,2a8e2d654846ae67277a627f,312,58,27,468,220,1117.296875,450.98387096774189,0.9140625,0.40322580645161288,False,row1_col2,512,372,0,70
313,210465,a11b9324536c4c87684694eb,313,33,24,268,196,708.4921875,403.60810810810813,0.5234375,0.33783783783783783,False,row1_col1,512,370,0,71
314,2119752,0227fa273d0d8c8f6714e23b,314,8,33,68,268,271.6953125,563.19148936170211,0.1328125,0.53191489361702127,False,row1_col0,512,376,0,68
315,1928052,0493c50e4f0350b831275383,315,52,45,420,364,1054.7265625,772.85785536159597,0.8203125,0.770573566084788,False,row2_col2,512,401,0,55
316,2022009,5addf17fbe747cbcb767afaf,316,57,41,460,332,1097.3828125,699.44240837696339,0.8984375,0.69895287958115182,False,row2_col2,512,382,0,65
317,1853049,f06dd4b0ff466537119cc2af,317,57,25,460,204,1086.6875,428.73118279569894,0.8984375,0.36021505376344087,False,row1_col2,512,372,0,70
318,2029050,61f217f44bf2fb9b5077b9b6,318,58,23,468,188,1125.8125,399.01578947368421,0.9140625,0.32105263157894737,False,row0_col2,512,380,0,66
319,1110749,825a1b23f7b0d75436750d93,319,29,11,236,92,662.796875,169.38219895287958,0.4609375,0.070680628272251314,False,row0_col1,512,382,0,65
320,2721242,a068182310908092bce2685c,320,26,23,212,188,597.3671875,383.85245901639348,0.4140625,0.31420765027322406,False,row0_col1,512,366,0,73
321,14583,72b360ece29c2500d5726a30,321,55,35,444,284,1071.109375,593.01851851851848,0.8671875,0.57407407407407407,False,row1_col2,512,378,0,67
322,2057605,80f88014c0d14ab592726fe3,322,5,22,44,180,196.4453125,385.36729222520103,0.0859375,0.2975871313672922,False,row0_col0,512,373,0,69
323,2376932,d8e33de8429b55ebb8877642,323,36,19,292,156,700.7734375,321.14133333333336,0.5703125,0.23466666666666666,False,row0_col1,512,375,0,68
324,804522,5d0f2dad7d48724f02a696a2,324,42,26,340,212,853.4453125,441.24594594594595,0.6640625,0.38108108108108107,False,row1_col1,512,370,0,71
325,542752,ae10765eee319809f6e8d9ae,325,32,32,260,260,690.1484375,546.1559139784946,0.5078125,0.510752688172043,False,row1_col1,512,372,0,70
326,1313196,b68be114738359817943c9b2,326,44,38,356,308,875.7109375,638.89153439153438,0.6953125,0.63756613756613756,False,row1_col2,512,378,0,67
327,2414728,02b8d585b96bf351d6297716,327,8,34,68,276,263.296875,570.75452196382423,0.1328125,0.55297157622739013,False,row1_col0,512,387,0,62
328,432239,482fefcd016bb88b2f86f80f,328,47,33,380,268,954.890625,565.81621621621616,0.7421875,0.53243243243243243,False,row1_col2,512,370,0,71
329,1894150,1d12ec902c3113b35c317ef8,329,6,28,52,228,232.109375,477.22691292875987,0.1015625,0.42744063324538256,False,row1_col0,512,379,0,66
330,640099,b7efa09397f24e9b80cb6758,330,35,17,284,140,709.8125,284.46907216494844,0.5546875,0.20103092783505155,False,row0_col1,512,388,0,62
331,2135898,8213a75d6bb493befa13560d,331,26,29,212,236,585.8125,499.1875,0.4140625,0.44791666666666669,False,row1_col1,512,384,0,64
332,1325034,37365c15acdfe8cb778d226d,332,42,31,340,252,849.796875,527.88709677419354,0.6640625,0.489247311827957,False,row1_col1,512,372,0,70
333,2602301,4b2633be99f67ebb463d227e,333,61,20,492,164,1149.953125,337.07567567567565,0.9609375,0.25135135135135134,False,row0_col2,512,370,0,71
334,2185362,e47bf05116ca1e4921049cf3,334,18,34,148,276,454.5703125,584.92518703241899,0.2890625,0.55112219451371569,False,row1_col0,512,401,0,55
335,1214172,6d1104b9ed5d737c509d9e3c,335,28,27,228,220,614.2890625,457.72679045092838,0.4453125,0.40583554376657827,False,row1_col1,512,377,0,67
336,2188745,57d3f410b6fcba2a57bda29d,336,9,23,76,188,298.171875,398.6358839050132,0.1484375,0.32189973614775724,False,row0_col0,512,379,0,66
337,1087351,7aa55770f9e1abd445c97c6d,337,55,29,444,236,1078.7109375,485.14835164835165,0.8671875,0.44505494505494503,False,row1_col2,512,364,0,74
338,477708,7f3d7c6e6a7b6f584a7abbea,338,12,40,100,324,347.234375,684.51546391752584,0.1953125,0.67525773195876293,False,row2_col0,512,388,0,62
339,2168366,736df5902e9879b38b3b9634,339,46,24,372,196,900.4921875,409.91076115485561,0.7265625,0.34383202099737531,False,row1_col2,512,381,0,65
340,174438,d140f47bc847b703c1b20aec,340,38,37,308,300,823.1328125,618.29411764705878,0.6015625,0.61764705882352944,False,row1_col1,512,374,0,69
341,1706422,d8ff8af48bd325dbbb696129,341,54,38,436,308,1081.234375,640.62032085561498,0.8515625,0.63903743315508021,False,row1_col2,512,374,0,69
342,1669618,fa058e2ffd62b94a6405ac61,342,50,39,404,316,1002.4375,641.86082474226805,0.7890625,0.65463917525773196,False,row1_col2,512,388,0,62
343,1350342,347841146c8588b3b0ef8cd2,343,6,43,52,348,189.2421875,736.89361702127655,0.1015625,0.74468085106382975,False,row2_col0,512,376,0,68
344,2923206,21db2b7a45a0e29417a469f0,344,6,43,52,348,205.9375,731.06349206349205,0.1015625,0.74338624338624337,False,row2_col0,512,378,0,67
345,2065712,8bb55828650e42ce1359edc9,345,48,20,388,164,968.3203125,336.46256684491982,0.7578125,0.25401069518716579,False,row0_col2,512,374,0,69
346,2913240,fede9202cd41f9fef004cc9a,346,24,15,196,124,506.859375,257.27419354838707,0.3828125,0.14516129032258066,False,row0_col1,512,372,0,70
347,2329173,45bfb62d2b8a12a9724eb563,347,21,41,172,332,466.515625,703.84880636604771,0.3359375,0.70291777188328908,False,row2_col1,512,377,0,67
348,633370,e5c18f32ffcf933947d02a58,348,26,40,212,324,606.265625,687.94550408719351,0.4140625,0.68664850136239786,False,row2_col1,512,367,0,72
349,120576,52572823a115b1268cfb144d,349,0,28,4,228,106.6640625,464.90625,0.0078125,0.42708333333333331,False,row1_col0,512,384,0,64
350,727861,9dc7738247217dd257b2b574,350,53,44,428,356,1011.890625,752.88188976377955,0.8359375,0.76377952755905509,False,row2_col2,512,381,0,65
351,2381860,87721955af6f57a012d16d47,351,36,32,292,260,710.6328125,531.57142857142856,0.5703125,0.51058201058201058,False,row1_col1,512,378,0,67
352,2559400,2f3e9ad50350b43cdcf05159,352,40,54,324,436,776.5234375,923.55145118733515,0.6328125,0.9762532981530343,False,row2_col1,512,379,0,66
353,2139852,e6a42e7bbe1942d90ee3b93f,353,12,27,100,220,313.6484375,472.29333333333335,0.1953125,0.40533333333333332,False,row1_col0,512,375,0,68
354,1964427,f93c3ed6d29f639d27608bfa,354,11,38,92,308,293.4765625,657.1145038167939,0.1796875,0.63358778625954193,False,row1_col0,512,393,0,59
355,2423775,37007bcf2d5f43196d17bd6c,355,31,47,252,380,656.40625,813.59199999999998,0.4921875,0.83199999999999996,False,row2_col1,512,375,0,68
356,1092345,12def0a47aa043439d178972,356,57,43,460,348,1141.0625,726.40425531914889,0.8984375,0.74468085106382975,False,row2_col2,512,376,0,68
357,281147,168615ffdb851430b5e9e799,357,59,40,476,324,1168.1640625,684.65053763440858,0.9296875,0.68279569892473113,False,row2_col2,512,372,0,70
358,2028794,61f217f44bf2fb9b5077b9b6,358,58,19,468,156,1125.8125,330.5526315789474,0.9140625,0.23684210526315788,False,row0_col2,512,380,0,66
359,2664945,1f71908a38f1553f04f21601,359,49,39,396,316,999.7421875,652.61007957559684,0.7734375,0.66047745358090182,False,row1_col2,512,377,0,67
360,1906104,29967e147eb9c7a768964adf,360,56,22,452,180,1077.2109375,379.78514588859412,0.8828125,0.29973474801061006,False,row0_col2,512,377,0,67
361,2115015,7ed463394b5acb61e1574507,361,7,23,60,188,213.5546875,396.4375,0.1171875,0.32291666666666669,False,row0_col0,512,384,0,64
362,1456688,64e11d7683e404d870ca400b,362,48,40,388,324,982.4140625,675.50656167979002,0.7578125,0.67979002624671914,False,row2_col2,512,381,0,65
363,2094997,df913345c4c2be5eeed41459,363,21,30,172,244,503.5546875,517.01036269430051,0.3359375,0.4689119170984456,False,row1_col1,512,386,0,63
364,2499909,ba9db5a3245e9a9afea5743b,364,5,21,44,172,201.703125,342.97326203208559,0.0859375,0.27540106951871657,False,row0_col0,512,374,0,69
365,43598,ca1191675acfe9ec5285967b,365,14,41,116,332,337.671875,711.89999999999998,0.2265625,0.69999999999999996,False,row2_col0,512,380,0,66
366,1976291,af3de41611057662e83c573b,366,35,31,284,252,680.828125,530.026525198939,0.5546875,0.49071618037135278,False,row1_col1,512,377,0,67
367,1001770,537b9f873acf48eb2022de16,367,42,36,340,292,849.796875,598.89999999999998,0.6640625,0.59473684210526312,False,row1_col1,512,380,0,66
368,2794868,1003aab33f20bcdbe2120a89,368,52,21,420,172,1035.1875,370.25459317585302,0.8203125,0.28083989501312334,False,row0_col2,512,381,0,65
369,1186471,e198308262ce13324faec9fd,369,39,42,316,340,802.609375,718.93800539083566,0.6171875,0.72776280323450138,False,row2_col1,512,371,0,70
370,1366556,7caf0646c5e1a5cc3ec3968d,370,28,40,228,324,575.734375,690.91935483870964,0.4453125,0.68279569892473113,False,row2_col1,512,372,0,70
371,2049970,91decb18deafedf261951d4d,371,50,30,404,244,947.8125,518.79946524064167,0.7890625,0.46791443850267378,False,row1_col2,512,374,0,69
372,2676052,69e9731cb1bb99f66cbbadef,372,20,21,164,172,501.5859375,349.29473684210524,0.3203125,0.27894736842105261,False,row0_col0,512,380,0,66
373,1972485,bc5170b2dbd4e825a4bfa3ef,373,5,36,44,292,188.4453125,616.30909090909086,0.0859375,0.59480519480519478,False,row1_col0,512,385,0,63
374,2246773,326ec13f01a3ce47feae7840,374,53,33,428,268,1062.1875,570.17368421052629,0.8359375,0.53157894736842104,False,row1_col2,512,380,0,66
375,2554549,d51f5564f4e76c5f59463abb,375,53,42,428,340,1057.5625,712.15625,0.8359375,0.71875,False,row2_col2,512,384,0,64
376,2148900,a4df32cda65d6caec503e150,376,36,40,292,324,708.0625,683.08510638297867,0.5703125,0.68085106382978722,False,row2_col1,512,376,0,68
377,2357625,87a418aeb28937346e884495,377,57,37,460,300,1174.3671875,641.47328244274809,0.8984375,0.61323155216284986,False,row1_col2,512,393,0,59
378,2476579,6130e546ed79e4d9fee7cb83,378,35,40,284,324,740.703125,693.19512195121945,0.5546875,0.68563685636856364,False,row2_col1,512,369,0,71
379,2434403,28b53dd19c8f65de13e95cab,379,35,21,284,172,728.9375,364.596256684492,0.5546875,0.27540106951871657,False,row0_col1,512,374,0,69
380,2222357,442850a2087d62c7e9453fcd,380,21,36,172,292,508.1875,612.0322580645161,0.3359375,0.59677419354838712,False,row1_col1,512,372,0,70
381,334093,587b74bfc019c7be94717f25,381,13,36,108,292,333.1953125,606.38709677419365,0.2109375,0.59677419354838712,False,row1_col0,512,372,0,70
382,2562601,9f327dfc03f3e723c3265429,382,41,40,332,324,854.578125,670.27083333333337,0.6484375,0.67708333333333337,False,row2_col1,512,384,0,64
383,2926753,8e91dc5ebf61a30260770c9c,383,33,34,268,276,667.828125,571.08510638297867,0.5234375,0.55319148936170215,False,row1_col1,512,376,0,68
384,2778294,2ee12c1915309e3c1ad2d6ae,384,54,18,436,148,1081.6796875,301.19148936170211,0.8515625,0.21276595744680851,False,row0_col2,512,376,0,68
385,2221808,442850a2087d62c7e9453fcd,385,48,27,388,220,970.5625,457.96774193548384,0.7578125,0.40322580645161288,False,row1_col2,512,372,0,70
386,2951177,3b48ef0496b9e19ef057c3dd,386,9,32,76,260,276.578125,542.11290322580646,0.1484375,0.510752688172043,False,row1_col0,512,372,0,70
387,2610438,54f228b2ef6b12f663053845,387,6,20,52,164,224.6171875,339.25392670157066,0.1015625,0.25916230366492149,False,row0_col0,512,382,0,65
388,2149342,a4df32cda65d6caec503e150,388,30,47,244,380,605.3125,802.97872340425533,0.4765625,0.82978723404255317,False,row2_col1,512,376,0,68
389,2013206,d6dbdc0bd6330963f936dfc9,389,22,32,180,260,487.1796875,542.14615384615377,0.3515625,0.51025641025641022,False,row1_col1,512,390,0,61
390,2949988,3b48ef0496b9e19ef057c3dd,390,36,13,292,108,741.484375,214.82258064516128,0.5703125,0.10215053763440861,False,row0_col1,512,372,0,70
391,2082592,faf3e3da73ae229e7fc9da66,391,32,28,260,228,675.0703125,484.5320855614973,0.5078125,0.42513368983957217,False,row1_col1,512,374,0,69
392,1029698,f8040df5a0c034645db9d18b,392,2,25,20,204,178.0078125,428.57486631016042,0.0390625,0.36096256684491979,False,row1_col0,512,374,0,69
393,2709874,4d5d55e234be8f30903864ed,393,50,37,404,300,987.546875,630.78723404255311,0.7890625,0.61702127659574468,False,row1_col2,512,376,0,68
394,125943,ebe3ff0005b73eeff00e86a2,394,55,47,444,380,1081.640625,798.79245283018872,0.8671875,0.83557951482479786,False,row2_col2,512,371,0,70
395,1291559,18b34aa0fc8c8af8138154fe,395,39,20,316,164,805.609375,339,0.6171875,0.25,False,row0_col1,512,368,0,72
396,2340709,c977bea10bf03c99460cec13,396,37,29,300,236,748.53125,494.5,0.5859375,0.44736842105263158,False,row1_col1,512,380,0,66
397,2287503,9183cf46ec95f7416fc2cadd,397,15,30,124,244,371.953125,506.4221635883905,0.2421875,0.46965699208443273,False,row1_col0,512,379,0,66
398,341093,c9fce8b47dde33b4fc8fb311,398,37,17,300,140,745.390625,296.49604221635883,0.5859375,0.19525065963060687,False,row0_col1,512,379,0,66
399,1423734,e10a5a39c537eaf14c46b2be,399,54,37,436,300,1048.421875,636.78723404255311,0.8515625,0.61702127659574468,False,row1_col2,512,376,0,68
400,2262519,cdff67add7326ebbbabf8a48,400,55,23,444,188,1068.90625,398.01369863013701,0.8671875,0.31506849315068491,False,row0_col2,512,365,0,73
401,2041429,1159f92ec9c55b3c4702769b,401,21,25,172,204,489.1875,437.73118279569894,0.3359375,0.36021505376344087,False,row1_col1,512,372,0,70
402,1258840,ef59d1cbf4b57d08ba6bcb44,402,24,21,196,172,566.5390625,358.64659685863876,0.3828125,0.28010471204188481,False,row0_col1,512,382,0,65
403,35465,24af453e607e44b054917896,403,9,42,76,340,314.578125,715.71351351351348,0.1484375,0.72702702702702704,False,row2_col0,512,370,0,71
404,727602,9dc7738247217dd257b2b574,404,50,40,404,324,959.859375,683.50656167979002,0.7890625,0.67979002624671914,False,row2_col2,512,381,0,65
405,2024736,53e9a502e46a7b9e168d9115,405,32,20,260,164,650.5625,351.531914893617,0.5078125,0.25531914893617019,False,row0_col1,512,376,0,68
406,2483936,9c158d10db0dc6399c33ba8d,406,32,27,260,220,684.6875,452.71428571428572,0.5078125,0.40476190476190477,False,row1_col1,512,378,0,67
407,2120272,0227fa273d0d8c8f6714e23b,407,16,41,132,332,408.8203125,700.21276595744678,0.2578125,0.7021276595744681,False,row2_col0,512,376,0,68
408,2021929,5addf17fbe747cbcb767afaf,408,41,40,332,324,822.6328125,682.2905759162303,0.6484375,0.67801047120418845,False,row2_col1,512,382,0,65
409,1878842,621fde1bd00dce28d45409a7,409,58,44,468,356,1130.3828125,756.82258064516122,0.9140625,0.76881720430107525,False,row2_col2,512,372,0,70
410,813502,daca2d861b6d4fd1ea336571,410,62,38,500,308,1198.0546875,656.44504021447722,0.9765625,0.64075067024128685,False,row1_col2,512,373,0,69
411,2349102,37faa40414dba1a334ec7ebb,411,46,32,372,260,931.3125,551.55913978494618,0.7265625,0.510752688172043,False,row1_col2,512,372,0,70
412,2282970,0b5210b7f75c32ce0315b40b,412,26,23,212,188,592.0546875,384.60925449871468,0.4140625,0.32647814910025708,False,row0_col1,512,389,0,61
413,1689580,adea380903a21f32cbcdb240,413,44,31,356,252,882.1875,500.3125,0.6953125,0.48958333333333331,False,row1_col2,512,384,0,64
414,2176935,e3ecaf99c788239f18c8a991,414,39,30,316,244,773.0546875,510.77225130890054,0.6171875,0.468586387434555,False,row1_col1,512,382,0,65
415,58760,8d4d5e9c6f62a7f7f0b95cb7,415,8,22,68,180,229.6875,379.24523160762942,0.1328125,0.29427792915531337,False,row0_col0,512,367,0,72
416,2013931,d6dbdc0bd6330963f936dfc9,416,43,43,348,348,850.4140625,732.36153846153854,0.6796875,0.73589743589743595,False,row2_col2,512,390,0,61
417,2426973,07487879b83ab8bf265d8c1f,417,29,33,236,268,665.5703125,580.86375321336766,0.4609375,0.53213367609254503,False,row1_col1,512,389,0,61
418,2549302,b672bab83cdd2e2fd3e3b92b,418,54,24,436,196,1067.6796875,394.26178010471205,0.8515625,0.34293193717277487,False,row1_col2,512,382,0,65
419,2234100,27299ddb09d845cec194fcb0,419,52,27,420,220,1026.421875,459.10344827586209,0.8203125,0.40583554376657827,False,row1_col2,512,377,0,67
420,2340452,c977bea10bf03c99460cec13,420,36,25,292,204,731.34375,425.69999999999999,0.5703125,0.36315789473684212,False,row1_col1,512,380,0,66
421,95834,2a8e2d654846ae67277a627f,421,26,25,212,204,566.296875,416.53225806451616,0.4140625,0.36021505376344087,False,row1_col1,512,372,0,70
422,2807700,8add5feca183d695007a94e7,422,20,30,164,244,466.265625,512.04347826086951,0.3203125,0.46739130434782611,False,row1_col0,512,368,0,72
423,1131954,f882a0ca74adfbbded05504a,423,50,22,404,180,993.8046875,373.51612903225805,0.7890625,0.29569892473118281,False,row0_col2,512,372,0,70
424,2386412,068d42fadee7759ebbad25c7,424,44,39,356,316,905.0625,665.82460732984293,0.6953125,0.65706806282722519,False,row1_col2,512,382,0,65
425,608788,009cd3639a67c3e8ac9da12b,425,20,40,164,324,480.546875,685.946949602122,0.3203125,0.6816976127320955,False,row2_col0,512,377,0,67
426,1542186,8f1c99d05825e89d71c9284b,426,42,32,340,260,852.4375,532.7721179624665,0.6640625,0.51206434316353888,False,row1_col1,512,373,0,69
427,1906986,29967e147eb9c7a768964adf,427,42,36,340,292,836.8046875,620.42175066313007,0.6640625,0.59681697612732099,False,row1_col1,512,377,0,67
428,82983,27a3e701575d464723171cfc,428,39,16,316,132,779.140625,273.60160427807489,0.6171875,0.16844919786096257,False,row0_col1,512,374,0,69
429,2677104,69e9731cb1bb99f66cbbadef,429,48,37,388,300,985.8984375,626.17894736842106,0.7578125,0.61578947368421055,False,row1_col2,512,380,0,66
430,2127709,e74d21355c7851af07172a36,430,29,29,236,236,589.5703125,496.16172506738548,0.4609375,0.44743935309973049,False,row1_col1,512,371,0,70
431,600525,f494610fdaf77ce6cbdfb0d3,431,13,39,108,316,353.9296875,660.94652406417106,0.2109375,0.66042780748663099,False,row1_col0,512,374,0,69
432,1034057,dfbe513d6531461f0ef29a6a,432,9,29,76,236,281.3203125,494.73913043478257,0.1484375,0.44565217391304346,False,row1_col0,512,368,0,72
433,461075,89b989a81f1da592d59cc87b,433,19,36,156,292,469.8125,623.73170731707319,0.3046875,0.59891598915989164,False,row1_col0,512,369,0,71
434,1026411,a5544cf8c3f4495df7d798ea,434,43,37,348,300,869.8125,634.62857142857138,0.6796875,0.61558441558441557,False,row1_col2,512,385,0,63
435,2024964,53e9a502e46a7b9e168d9115,435,4,24,36,196,171.0625,420.04255319148933,0.0703125,0.34042553191489361,False,row1_col0,512,376,0,68
436,2192646,31f176914f7ef2559f447dab,436,6,20,52,164,224.3125,348.92896174863387,0.1015625,0.24863387978142076,False,row0_col0,512,366,0,73
437,2954693,46a12f7a348173b31e79d614,437,5,23,44,188,218.046875,379.91304347826087,0.0859375,0.31521739130434784,False,row0_col0,512,368,0,72
438,588534,6d36a77190afe991bdd3beaf,438,54,43,436,348,1053.3828125,723.33333333333337,0.8515625,0.74731182795698925,False,row2_col2,512,372,0,70
439,2114890,7ed463394b5acb61e1574507,439,10,21,84,172,264.9765625,362.1875,0.1640625,0.28125,False,row0_col0,512,384,0,64
440,2157173,abac48c206f4f9db98c1c8cf,440,53,41,428,332,1044.6953125,700.76744186046517,0.8359375,0.69767441860465118,False,row2_col2,512,387,0,62
441,510306,f5fa9934c3d9553bf163df86,441,34,37,276,300,694.7421875,624.60052910052912,0.5390625,0.6164021164021164,False,row1_col1,512,378,0,67
442,2729976,35218b9430d5988bdbd5cbcd,442,56,31,452,252,1086.09375,539.90000000000009,0.8828125,0.48947368421052634,False,row1_col2,512,380,0,66
443,2320805,a3e72a337b3e2ae08d3ba9ff,443,37,38,300,308,775.4296875,649.95187165775405,0.5859375,0.63903743315508021,False,row1_col1,512,374,0,69
444,2172387,eedf98ccb5a364857973747a,444,35,23,284,188,774.2734375,401.95174262734582,0.5546875,0.31903485254691688,False,row0_col1,512,373,0,69
445,508858,f5fa9934c3d9553bf163df86,445,58,14,468,116,1109.8671875,226.90740740740739,0.9140625,0.12962962962962962,False,row0_col2,512,378,0,67
446,2114807,7ed463394b5acb61e1574507,446,55,19,444,156,1036.3046875,327.9375,0.8671875,0.23958333333333334,False,row0_col2,512,384,0,64
447,2111079,cb1ccdc8b44488333fc76f45,447,39,25,316,204,784.0546875,427.06561679790025,0.6171875,0.3648293963254593,False,row1_col1,512,381,0,65
448,1928246,0493c50e4f0350b831275383,448,54,48,436,388,1089.3828125,824.80798004987537,0.8515625,0.83042394014962595,False,row2_col2,512,401,0,55
449,1530502,1da49d03909cfa1ff4462960,449,6,42,52,340,202.921875,703.75392670157066,0.1015625,0.71989528795811519,False,row2_col0,512,382,0,65
450,596197,eb71064c90774c5dc6ff8f78,450,37,35,300,284,752.703125,604.72222222222217,0.5859375,0.57407407407407407,False,row1_col1,512,378,0,67
451,2548830,b672bab83cdd2e2fd3e3b92b,451,30,17,244,140,652.5546875,273.17277486910996,0.4765625,0.19633507853403143,False,row0_col1,512,382,0,65
452,2385939,068d42fadee7759ebbad25c7,452,19,32,156,260,476.9375,546.05497382198951,0.3046875,0.51047120418848169,False,row1_col0,512,382,0,65
453,2889583,d73bb5badea2954e76301142,453,47,29,380,236,948.3125,488.65415549597856,0.7421875,0.4477211796246649,False,row1_col2,512,373,0,69
454,2653566,792cd13f9196dd3204ade0a9,454,62,53,500,428,1181.0078125,903.32625994694956,0.9765625,0.95755968169761274,False,row2_col2,512,377,0,67
455,1902927,73937759020f473dae5c179a,455,15,37,124,300,344.7109375,629.10554089709763,0.2421875,0.61741424802110823,False,row1_col0,512,379,0,66
456,2775858,cefaf5a44ecfd5ed51bd547c,456,50,44,404,356,1003.703125,741.72340425531911,0.7890625,0.76595744680851063,False,row2_col2,512,376,0,68
457,2183233,e47bf05116ca1e4921049cf3,457,1,1,12,12,159.9921875,12.815461346633413,0.0234375,-0.10723192019950124,True,padding_center,512,401,0,55
458,480681,630be0f098a5ec263bec1d35,458,41,22,332,180,845.8203125,365.09585492227984,0.6484375,0.30310880829015546,False,row0_col1,512,386,0,63
459,1132013,f882a0ca74adfbbded05504a,459,45,23,364,188,906.6953125,390.93548387096774,0.7109375,0.31720430107526881,False,row0_col2,512,372,0,70
460,2577751,7d6050d5579cb6deb88d8cf8,460,23,21,188,172,501.3125,361.90106951871655,0.3671875,0.27540106951871657,False,row0_col1,512,374,0,69
461,2516825,a4a1ff5a510d9f0f6ff44d92,461,25,29,204,236,602.0703125,489.27248677248679,0.3984375,0.44708994708994709,False,row1_col1,512,378,0,67
462,2042632,1159f92ec9c55b3c4702769b,462,8,44,68,356,266.5625,762.97849462365593,0.1328125,0.76881720430107525,False,row2_col0,512,372,0,70
463,1563291,69c3ab131f3d9924a0893b68,463,27,42,220,340,612.953125,704.84905660377365,0.4296875,0.72776280323450138,False,row2_col1,512,371,0,70
464,2636245,ee0789a261852bef9369707a,464,21,39,172,316,513.546875,672.12129380053909,0.3359375,0.66307277628032346,False,row1_col1,512,371,0,70
465,2059109,80f88014c0d14ab592726fe3,465,37,45,300,364,745.9453125,780.49865951742629,0.5859375,0.79088471849865949,False,row2_col1,512,373,0,69
466,1656201,45b11473d4f5f125115c882f,466,9,22,76,180,259.3203125,341.60000000000002,0.1484375,0.29999999999999999,False,row0_col0,512,380,0,66
467,2360780,a17fa7ec81831aabb30abf4e,467,12,23,100,188,406.2578125,397.2340425531915,0.1953125,0.31914893617021278,False,row0_col0,512,376,0,68
468,997988,329683efc579c51b53f71da8,468,36,41,292,332,759.1875,703.19999999999993,0.5703125,0.69999999999999996,False,row2_col1,512,380,0,66
469,267432,795479733aefc40b934277a4,469,40,18,324,148,811.890625,321.97872340425533,0.6328125,0.21276595744680851,False,row0_col1,512,376,0,68
470,2845554,b4f48cd35aae2aa6542c0767,470,50,45,404,364,959.4375,772.02439024390242,0.7890625,0.79403794037940378,False,row2_col2,512,369,0,71
471,1435804,6dc9bf8ff05d6f7df0e30315,471,28,34,228,276,594.8515625,557.92572944297081,0.4453125,0.55437665782493373,False,row1_col1,512,377,0,67
472,924070,b7567bf06817bd7baf211db1,472,38,38,308,308,780.921875,646.02127659574467,0.6015625,0.63829787234042556,False,row1_col1,512,376,0,68
473,1010170,b36b70847afb10b7d1772c50,473,58,39,468,316,1128.296875,664.20634920634916,0.9140625,0.65873015873015872,False,row1_col2,512,378,0,67
474,1980135,17686a11fc83b9f929d8d85e,474,39,27,316,220,838.4375,465.96774193548384,0.6171875,0.40322580645161288,False,row1_col1,512,372,0,70
475,1906172,29967e147eb9c7a768964adf,475,60,23,484,188,1145.8984375,396.973474801061,0.9453125,0.32095490716180369,False,row0_col2,512,377,0,67
476,1012982,5f54a832376b920cdc467195,476,54,19,436,156,1048.234375,332.87267904509281,0.8515625,0.23607427055702918,False,row0_col2,512,377,0,67
477,2532017,129602615670ca169c5d2adf,477,49,10,396,84,928.7421875,168.2956989247312,0.7734375,0.037634408602150539,False,row0_col2,512,372,0,70
478,469509,7c41685bf488a58de2fe104b,478,5,40,44,324,198.1328125,689.09473684210525,0.0859375,0.67894736842105263,False,row2_col0,512,380,0,66
479,2370213,fe666fef2b8871f5528589d3,479,37,42,300,340,825.015625,734.35400516795869,0.5859375,0.71834625322997414,False,row2_col1,512,387,0,62
480,2941854,b775ec910e16d493500239f2,480,30,14,244,116,621.5078125,245.41099476439791,0.4765625,0.13350785340314136,False,row0_col1,512,382,0,65
481,444534,2c26a77005e1ed9b640e64e2,481,54,33,436,268,1053.8671875,568.85676392572941,0.8515625,0.53315649867374004,False,row1_col2,512,377,0,67
482,1636376,f1b1a21a9d97d3eb8ef2a36a,482,24,32,196,260,560.453125,537.20157068062827,0.3828125,0.51047120418848169,False,row1_col1,512,382,0,65
483,1521172,d78a35ec684695d072d6b211,483,20,24,164,196,455.265625,395.42895442359247,0.3203125,0.34048257372654156,False,row1_col0,512,373,0,69
484,235211,7381cb78aaec6db422f04d3f,484,11,27,92,220,323.4765625,453.37532808398947,0.1796875,0.40682414698162728,False,row1_col0,512,381,0,65
485,522568,7d21f597b4b4043eb6e57f0e,485,8,37,68,300,261.421875,631.29411764705878,0.1328125,0.61764705882352944,False,row1_col0,512,374,0,69
486,1939850,0d760570a7d92d299c04d427,486,10,38,84,308,311.3203125,651.09090909090912,0.1640625,0.63636363636363635,False,row1_col0,512,385,0,63
487,714799,dd4ad461de197a243a121525,487,47,32,380,260,952.1484375,531.6073298429319,0.7421875,0.51047120418848169,False,row1_col2,512,382,0,65
488,1509535,e940fcfae63e53b190a0bb8e,488,31,34,252,276,680.8515625,565.79729729729729,0.4921875,0.55405405405405406,False,row1_col1,512,370,0,71
489,2476208,6130e546ed79e4d9fee7cb83,489,48,34,388,276,966.171875,589,0.7578125,0.55555555555555558,False,row1_col2,512,369,0,71
490,1973062,bc5170b2dbd4e825a4bfa3ef,490,6,45,52,364,205.6171875,770.78181818181827,0.1015625,0.78181818181818186,False,row2_col0,512,385,0,63
491,1956508,49f213bf9b926dc2b4b2d138,491,28,42,228,340,640.3984375,727.61866666666674,0.4453125,0.72533333333333339,False,row2_col1,512,375,0,68
492,2005276,d8aec49d4eabf940e94e99b9,492,28,36,228,292,597.171875,619.46400000000006,0.4453125,0.59733333333333338,False,row1_col1,512,375,0,68
493,648775,60611d165a78aab7eb01b780,493,7,25,60,204,219.609375,439.10846560846562,0.1171875,0.36243386243386244,False,row1_col0,512,378,0,67
494,1877674,621fde1bd00dce28d45409a7,494,42,26,340,212,855.1328125,446.75806451612902,0.6640625,0.38172043010752688,False,row1_col1,512,372,0,70
495,2187137,e47bf05116ca1e4921049cf3,495,1,62,12,500,159.9921875,1070.3516209476311,0.0234375,1.1097256857855362,True,padding_center,512,401,0,55
496,2767239,26b9524860e2f239e66cf060,496,7,38,60,308,244.078125,644.4099216710182,0.1171875,0.63707571801566576,False,row1_col0,512,383,0,64
497,1091660,12def0a47aa043439d178972,497,12,33,100,268,359.1875,552.57446808510645,0.1953125,0.53191489361702127,False,row1_col0,512,376,0,68
498,2229663,d81cb231e10288659e7909e8,498,31,22,252,180,689.453125,381.85529715762277,0.4921875,0.30490956072351422,False,row0_col1,512,387,0,62
499,1840539,220c8ee1c69449f9af0ae7f1,499,27,22,220,180,542.515625,387.82291666666663,0.4296875,0.30208333333333331,False,row0_col1,512,384,0,64
500,1609126,8595161ed5c1f96662a7e12e,500,38,54,308,436,755.328125,909.76863753213365,0.6015625,0.96401028277634959,False,row2_col1,512,389,0,61
501,1603571,414d9b02f6f9676c4dd52a63,501,51,31,412,252,988.765625,510.39459459459459,0.8046875,0.48918918918918919,False,row1_col2,512,370,0,71
502,2213285,71189113f916283b21e2571b,502,37,22,300,180,790.7734375,375.9677419354839,0.5859375,0.29569892473118281,False,row0_col1,512,372,0,70
503,182855,62e720c2614a5a925bc7244b,503,7,41,60,332,275.3125,695.55118110236219,0.1171875,0.70078740157480313,False,row2_col0,512,381,0,65
504,1906541,29967e147eb9c7a768964adf,504,45,29,364,236,888.3203125,500.10344827586209,0.7109375,0.44827586206896552,False,row1_col2,512,377,0,67
505,1374618,4d5c5a4af0d0418475b08f37,505,26,38,212,308,599.296875,643.02127659574467,0.4140625,0.63829787234042556,False,row1_col1,512,376,0,68
506,2266766,163f27e0d1466030dadaebb8,506,14,26,116,212,386.8046875,452.00268096514742,0.2265625,0.38337801608579086,False,row1_col0,512,373,0,69
507,1157666,d03b423ac174ea78bf4a6637,507,34,40,276,324,712.359375,674.27461139896366,0.5390625,0.67616580310880825,False,row2_col1,512,386,0,63
508,1194577,e2d24e5a47106bd7023a7d65,508,17,41,140,332,413.8828125,705.79840848806361,0.2734375,0.70291777188328908,False,row2_col0,512,377,0,67
509,604954,6aacc3e88c7b1fee9f8c4019,509,26,44,212,356,583.4375,754.55613577023496,0.4140625,0.76240208877284599,False,row2_col1,512,383,0,64
510,2262967,cdff67add7326ebbbabf8a48,510,55,30,444,244,1068.90625,518.29863013698628,0.8671875,0.46849315068493153,False,row1_col2,512,365,0,73
511,2000565,94b7f239fa8a30f58007d290,511,53,26,428,212,1010.515625,454.39528795811515,0.8359375,0.38481675392670156,False,row1_col2,512,382,0,65
512,783674,8ea3847f318908af74ca363c,512,58,20,468,164,1136.8671875,336.06806282722516,0.9140625,0.25916230366492149,False,row0_col2,512,382,0,65
513,2094342,df913345c4c2be5eeed41459,513,6,20,52,164,243.6328125,343.74611398963725,0.1015625,0.26165803108808289,False,row0_col0,512,386,0,63
514,714405,dd4ad461de197a243a121525,514,37,26,300,212,780.1171875,428.31937172774866,0.5859375,0.38481675392670156,False,row1_col1,512,382,0,65
515,305588,7362ade95f32642a9f44c44a,515,52,38,420,308,1058.390625,655.5603015075377,0.8203125,0.6306532663316583,False,row1_col2,512,398,0,57
516,1361827,13b0152a68a53d6271f1d621,516,35,30,284,244,657.0390625,497.04210526315791,0.5546875,0.46842105263157896,False,row1_col1,512,380,0,66
517,1919131,516089d2e2e2c9755fbd5142,517,27,34,220,276,590.2265625,587.06133333333332,0.4296875,0.55466666666666664,False,row1_col1,512,375,0,68
518,2803541,e9bb5bb030daf0c555014200,518,21,29,172,236,489.5546875,492.68449197860963,0.3359375,0.446524064171123,False,row1_col1,512,374,0,69
519,66671,f4edc4be6ad1d9afc66e3637,519,47,17,380,140,930.6015625,288.07368421052632,0.7421875,0.19473684210526315,False,row0_col2,512,380,0,66
520,2267864,163f27e0d1466030dadaebb8,520,24,43,196,348,559.7734375,745.87935656836464,0.3828125,0.74798927613941024,False,row2_col1,512,373,0,69
521,2406825,cbbfcf781cf2e6b2a448637f,521,41,38,332,308,818.578125,641.48958333333326,0.6484375,0.63541666666666663,False,row1_col1,512,384,0,64
522,2288739,9183cf46ec95f7416fc2cadd,522,35,49,284,396,713.828125,831.27704485488118,0.5546875,0.87071240105540892,False,row2_col1,512,379,0,66
523,169512,cbcb40349280f379f97f72d4,523,40,24,324,196,834.359375,413.91891891891891,0.6328125,0.33783783783783783,False,row1_col1,512,370,0,71
524,2311730,78a32a3097554d80ef1bac9c,524,50,24,404,196,986.4453125,413.45092838196285,0.7890625,0.34217506631299732,False,row1_col2,512,377,0,67
525,1288715,e366b8893ee234784cfdf96a,525,11,40,92,324,325.7890625,682.65577889447229,0.1796875,0.67085427135678388,False,row2_col0,512,398,0,57
526,2361268,a17fa7ec81831aabb30abf4e,526,52,30,420,244,1091.8828125,517.27659574468089,0.8203125,0.46808510638297873,False,row1_col2,512,376,0,68
527,218601,d1458cc139bf5041872709d8,527,41,23,332,188,803.0625,395.1894736842105,0.6484375,0.32105263157894737,False,row0_col1,512,380,0,66
528,2205139,51a10a40effe2814ad9fdc08,528,19,23,156,188,406.8515625,390.973474801061,0.3046875,0.32095490716180369,False,row0_col0,512,377,0,67
529,1952664,cbe7415bc3817302e0c76f2d,529,24,46,196,372,547.796875,786.65374677002592,0.3828125,0.8010335917312662,False,row2_col1,512,387,0,62
530,2890362,d73bb5badea2954e76301142,530,58,41,468,332,1139.4375,697.12600536193031,0.9140625,0.70509383378016088,False,row2_col2,512,373,0,69
531,2377617,d8e33de8429b55ebb8877642,531,17,30,140,244,374.5078125,510.28266666666667,0.2734375,0.46933333333333332,False,row1_col0,512,375,0,68
532,705860,1f4ef5622d6a1f36e4aa5bbe,532,4,21,36,172,208.9765625,350.89373297002726,0.0703125,0.27247956403269757,False,row0_col0,512,367,0,72
533,2656867,3f0b56e3daead59ea51a5d24,533,35,41,284,332,750.0390625,700.96875,0.5546875,0.69791666666666663,False,row2_col1,512,384,0,64
534,2169571,736df5902e9879b38b3b9634,534,35,43,284,348,711.6015625,735.85301837270345,0.5546875,0.7427821522309711,False,row2_col1,512,381,0,65
535,2213793,71189113f916283b21e2571b,535,33,30,268,244,722.2109375,513.25806451612902,0.5234375,0.46774193548387094,False,row1_col1,512,372,0,70
536,1111204,825a1b23f7b0d75436750d93,536,36,18,292,148,783.765625,290.47120418848169,0.5703125,0.21727748691099477,False,row0_col1,512,382,0,65
537,2058404,80f88014c0d14ab592726fe3,537,36,34,292,276,728.7734375,591.52278820375341,0.5703125,0.55495978552278824,False,row1_col1,512,373,0,69
538,1730795,e858091360537aba1a4ec74e,538,43,35,348,284,879.453125,595.66666666666674,0.6796875,0.57526881720430112,False,row1_col2,512,372,0,70
539,1685473,819d5eb6d1fc6bee06f079d2,539,33,31,268,252,666.4453125,497.85384615384612,0.5234375,0.48974358974358972,False,row1_col1,512,390,0,61
540,2079416,f90b9ab0071176524a75e54f,540,56,42,452,340,1061.5625,725.15445026178008,0.8828125,0.71989528795811519,False,row2_col2,512,382,0,65
541,1407447,4f1c77f5d121ab64501fbab2,541,23,39,188,316,534.4765625,662.33870967741927,0.3671875,0.66129032258064513,False,row1_col1,512,372,0,70
542,1885705,c7f35be6760fdb85307e2d49,542,9,24,76,196,269.8359375,417.38297872340422,0.1484375,0.34042553191489361,False,row1_col0,512,376,0,68
543,2385692,068d42fadee7759ebbad25c7,543,28,28,228,228,631.0625,477.61518324607329,0.4453125,0.42670157068062825,False,row1_col1,512,382,0,65
544,2141337,e6a42e7bbe1942d90ee3b93f,544,25,50,204,404,536.8828125,867.27999999999997,0.3984375,0.89600000000000002,False,row2_col1,512,375,0,68
545,2849593,62d6d7251de0b9863368086e,545,57,44,460,356,1119.5703125,753.89784946236557,0.8984375,0.76881720430107525,False,row2_col2,512,372,0,70
546,84154,27a3e701575d464723171cfc,546,58,34,468,276,1106.296875,583.54812834224595,0.9140625,0.553475935828877,False,row1_col2,512,374,0,69
547,469520,7c41685bf488a58de2fe104b,547,16,40,132,324,388.3984375,689.09473684210525,0.2578125,0.67894736842105263,False,row2_col0,512,380,0,66
548,460282,89b989a81f1da592d59cc87b,548,58,23,468,188,1147.4375,397.97560975609758,0.9140625,0.31707317073170732,False,row0_col2,512,369,0,71
549,1918249,516089d2e2e2c9755fbd5142,549,41,20,332,164,830.6328125,346.33600000000001,0.6484375,0.25600000000000001,False,row0_col1,512,375,0,68
550,1836704,c3cb302619dac53bc3e9a2b8,550,32,26,260,212,654.546875,455.61538461538464,0.5078125,0.38461538461538464,False,row1_col1,512,377,0,67
551,1270935,989ae53a83cf97dc6d08dbe9,551,23,18,188,148,512.4765625,291.97872340425533,0.3671875,0.21276595744680851,False,row0_col1,512,376,0,68
552,2317789,fd91ca2d579cd9fb68161c3b,552,29,55,236,444,661.8828125,947.73684210526312,0.4609375,0.99473684210526314,False,row2_col1,512,380,0,66
553,79235,50686f2742e029d8a5849b18,553,3,22,28,180,173.265625,368.52083333333331,0.0546875,0.30208333333333331,False,row0_col0,512,384,0,64
554,821325,ef9e40f88efa54ae539304c5,554,13,33,108,268,323.296875,566.03252032520322,0.2109375,0.53387533875338755,False,row1_col0,512,369,0,71
555,34429,24af453e607e44b054917896,555,61,25,492,204,1209.953125,423.12972972972972,0.9609375,0.35945945945945945,False,row1_col2,512,370,0,71
556,882908,32f11b88ebf1c0d458dad8d3,556,28,35,228,284,607.1875,582.88571428571424,0.4453125,0.574025974025974,False,row1_col1,512,385,0,63
557,2163900,37c49f476ea9c80e5566cd34,557,60,18,484,148,1122.0078125,310.57142857142856,0.9453125,0.21428571428571427,False,row0_col2,512,378,0,67
558,1129783,802b8776e6e8022705bfa739,558,55,52,444,420,1045.9140625,883.45012787723783,0.8671875,0.92071611253196928,False,row2_col2,512,391,0,60
559,1066983,7b748b5aa4e5e5bc0cc83a80,559,39,31,316,252,801.4609375,530.34426229508199,0.6171875,0.48907103825136611,False,row1_col1,512,366,0,73
560,2337633,7413f29906bbedeb019fea89,560,33,45,268,364,713.6875,772.80927835051546,0.5234375,0.77835051546391754,False,row2_col1,512,388,0,62
561,2017908,5ab20c40b2d117b504740ca4,561,52,41,420,332,1013.984375,708.96457765667571,0.8203125,0.70844686648501365,False,row2_col2,512,367,0,72
562,1283447,c334dd8d45005b5a85e577b3,562,55,21,444,172,1067.9140625,343.4911392405063,0.8671875,0.28860759493670884,False,row0_col2,512,395,0,58
563,2958306,b612bc23f04a82e4e9573610,563,34,15,276,124,642.4375,258.82758620689651,0.5390625,0.15119363395225463,False,row0_col1,512,377,0,67
564,1586836,84f95a6d6caa9fedd81a91ce,564,20,26,164,212,471.5859375,415.04000000000002,0.3203125,0.38400000000000001,False,row1_col0,512,375,0,68
565,874515,8ac236c9482943a0fd765323,565,19,32,156,260,439.8125,560.19148936170211,0.3046875,0.51063829787234039,False,row1_col0,512,376,0,68
566,2443399,7d13fb8e53e7ca10995faafd,566,7,34,60,276,241.4375,582.79569892473114,0.1171875,0.55376344086021501,False,row1_col0,512,372,0,70
567,116848,8beb03d8a5bb47d4e9a2581d,567,48,33,388,268,939.140625,560.48787061994608,0.7578125,0.53369272237196763,False,row1_col2,512,371,0,70
568,2197645,b7cc7826ac85ae8215b61101,568,13,34,108,276,366.1875,587.28947368421063,0.2109375,0.55263157894736847,False,row1_col0,512,380,0,66
569,2356536,87a418aeb28937346e884495,569,56,20,452,164,1157.0390625,346.63358778625957,0.8828125,0.26717557251908397,False,row0_col2,512,393,0,59
570,1075431,de9b5b17edfdfe734011cfa4,570,39,35,316,284,831.140625,596.77979274611403,0.6171875,0.57253886010362698,False,row1_col1,512,386,0,63
571,2013137,d6dbdc0bd6330963f936dfc9,571,17,31,140,252,400.6953125,524.85384615384612,0.2734375,0.48974358974358972,False,row1_col0,512,390,0,61
572,382622,bf67a8c3d85ddf53723e2a60,572,30,26,244,212,634.3671875,426.72800000000001,0.4765625,0.38400000000000001,False,row1_col1,512,375,0,68
573,1096477,9b0c2d44438a3efb3600736a,573,29,44,236,356,594.5625,759.55613577023496,0.4609375,0.76240208877284599,False,row2_col1,512,383,0,64
574,1059218,85585001e772ec3cedc01ff3,574,18,38,148,308,480.546875,642.91304347826076,0.2890625,0.64130434782608692,False,row1_col0,512,368,0,72
575,2089534,84260c9ea667e4b1cdc99d6e,575,62,8,500,68,1186.2890625,135,0.9765625,0,False,row0_col2,512,376,0,68
576,1956380,49f213bf9b926dc2b4b2d138,576,28,40,228,324,640.3984375,693.22933333333333,0.4453125,0.68266666666666664,False,row2_col1,512,375,0,68
577,2323791,9a1ad63dc381c61153abcebd,577,15,21,124,172,352.953125,352.54353562005281,0.2421875,0.27968337730870713,False,row0_col0,512,379,0,66
578,1140315,02942ca02fdcb799d7cb7726,578,27,25,220,204,578.8125,406.9795918367347,0.4296875,0.36734693877551022,False,row1_col1,512,392,0,60
579,2340249,c977bea10bf03c99460cec13,579,25,22,204,180,542.28125,374.10000000000002,0.3984375,0.29999999999999999,False,row0_col1,512,380,0,66
580,1070905,7c0723e796cc05b0a21cce5f,580,57,28,460,228,1081.078125,479.76216216216216,0.8984375,0.42432432432432432,False,row1_col2,512,370,0,71
581,2010279,5749ca6a1c4e4e10cf0ec75d,581,39,50,316,404,825.0546875,859.14285714285711,0.6171875,0.89153439153439151,False,row2_col1,512,378,0,67
582,424514,0f0e951d310459324ed1146f,582,2,41,20,332,167.0078125,695.89999999999998,0.0390625,0.69999999999999996,False,row2_col0,512,380,0,66
583,1157304,d03b423ac174ea78bf4a6637,583,56,34,452,276,1093.921875,570.31606217616581,0.8828125,0.55181347150259064,False,row1_col2,512,386,0,63
584,2057863,80f88014c0d14ab592726fe3,584,7,26,60,212,230.7890625,454.08579088471851,0.1171875,0.38337801608579086,False,row1_col0,512,373,0,69
585,2120358,0227fa273d0d8c8f6714e23b,585,38,42,308,340,785.9140625,717.34042553191489,0.6015625,0.72340425531914898,False,row2_col1,512,376,0,68
586,1050280,fa0627dfc5562d2d1ffb7450,586,40,26,324,212,818.7890625,434.28494623655911,0.6328125,0.38172043010752688,False,row1_col1,512,372,0,70
587,1121029,7c82c52bae96e3de9eb55c46,587,5,44,44,356,198.1328125,748.304347826087,0.0859375,0.77173913043478259,False,row2_col0,512,368,0,72
588,2753369,932274c0ff4cbf8cb7b96e8d,588,25,13,204,108,569.0703125,218.73770491803279,0.3984375,0.095628415300546443,False,row0_col1,512,366,0,73
589,1952216,cbe7415bc3817302e0c76f2d,589,24,39,196,316,547.796875,667.12919896640824,0.3828125,0.65633074935400515,False,row1_col1,512,387,0,62
590,2775788,cefaf5a44ecfd5ed51bd547c,590,44,43,356,348,900.015625,724.42553191489355,0.6953125,0.74468085106382975,False,row2_col2,512,376,0,68
591,948424,38e660db89e34c52bdd410d7,591,8,35,68,284,275.0234375,597.09375,0.1328125,0.57291666666666663,False,row1_col0,512,384,0,64
592,1362361,13b0152a68a53d6271f1d621,592,57,38,460,308,1037.5703125,635.48421052631579,0.8984375,0.63684210526315788,False,row1_col2,512,380,0,66
593,1465075,b9fd7826307ce6bb94f27b18,593,51,43,412,348,1025.2265625,731.32258064516134,0.8046875,0.74731182795698925,False,row2_col2,512,372,0,70
594,2254138,1882c154e2fd7debcc259ddf,594,58,20,468,164,1161.7265625,353.78974358974358,0.9140625,0.26410256410256411,False,row0_col2,512,390,0,61
595,2016761,5ab20c40b2d117b504740ca4,595,57,23,460,188,1100.078125,399.3841961852861,0.8984375,0.31607629427792916,False,row0_col2,512,367,0,72
596,2013839,d6dbdc0bd6330963f936dfc9,596,15,42,124,340,366.1015625,715.06923076923078,0.2421875,0.7153846153846154,False,row2_col0,512,390,0,61
597,2144838,7e48cd1658e4af2a0a4efc9b,597,6,41,52,332,248.4140625,710.27005347593581,0.1015625,0.70320855614973266,False,row2_col0,512,374,0,69
598,2037325,df64943a259e759b69c57f25,598,13,25,108,204,349.8203125,425.35013262599472,0.2109375,0.36339522546419101,False,row1_col0,512,377,0,67
599,6293,a2da421c00740b670bd14bee,599,21,34,172,276,461.203125,586.10160427807489,0.3359375,0.553475935828877,False,row1_col1,512,374,0,69
600,653393,558c1de5d92b5f300ff8d7a4,600,17,33,140,268,417.515625,554.11171662125344,0.2734375,0.5340599455040872,False,row1_col0,512,367,0,72
601,2066733,8bb55828650e42ce1359edc9,601,45,36,364,292,916.8984375,610.60160427807489,0.7109375,0.59625668449197866,False,row1_col2,512,374,0,69
602,2399433,7e43c32828df193edc42ddff,602,9,51,76,412,314.1328125,879.37066666666669,0.1484375,0.91733333333333333,False,row2_col0,512,375,0,68
603,571120,1e5e68e0329b0ca73274b4b5,603,48,27,388,220,964.109375,457.18897637795271,0.7578125,0.40682414698162728,False,row1_col2,512,381,0,65
604,2037196,df64943a259e759b69c57f25,604,12,23,100,188,332.6484375,390.973474801061,0.1953125,0.32095490716180369,False,row0_col0,512,377,0,67
605,2922797,21db2b7a45a0e29417a469f0,605,45,36,364,292,883.5625,609.28571428571422,0.7109375,0.59523809523809523,False,row1_col2,512,378,0,67
606,2385809,068d42fadee7759ebbad25c7,606,17,30,140,244,442.6875,511.83507853403142,0.2734375,0.468586387434555,False,row1_col0,512,382,0,65
607,924126,b7567bf06817bd7baf211db1,607,30,39,244,316,643.171875,663.25531914893611,0.4765625,0.65957446808510634,False,row1_col1,512,376,0,68
608,42520,ca1191675acfe9ec5285967b,608,24,24,196,196,509.859375,419.5,0.3828125,0.34210526315789475,False,row1_col1,512,380,0,66
609,1292905,18b34aa0fc8c8af8138154fe,609,41,41,332,332,840.171875,702.39130434782612,0.6484375,0.70652173913043481,False,row2_col1,512,368,0,72
610,2005703,d8aec49d4eabf940e94e99b9,610,7,43,60,348,238.203125,739.08000000000004,0.1171875,0.7466666666666667,False,row2_col0,512,375,0,68
611,2337884,7413f29906bbedeb019fea89,611,28,49,228,396,628.0625,841.34536082474233,0.4453125,0.86082474226804129,False,row2_col1,512,388,0,62
612,2107877,5d258a6d34f1b116ab308ce4,612,37,39,300,316,752.1875,649.95744680851055,0.5859375,0.65957446808510634,False,row1_col1,512,376,0,68
613,398694,27e6733bbab4a1b0477f8b26,613,38,21,308,172,774.9296875,356.06068601583115,0.6015625,0.27968337730870713,False,row0_col1,512,379,0,66
614,272968,a5e44a049f152deb435edd40,614,8,41,68,332,259.6875,700.12600536193031,0.1328125,0.70509383378016088,False,row2_col0,512,373,0,69
615,1943726,8ce9e51dbad44f0e4107d965,615,46,34,372,276,882.0390625,584.45931758530185,0.7265625,0.5538057742782152,False,row1_col2,512,381,0,65
616,1995846,fae0767fbbc62b038bf2e8d7,616,6,17,52,140,210.6171875,296.46916890080428,0.1015625,0.19034852546916889,False,row0_col0,512,373,0,69
617,1865545,f811b6561edd9f797ff5e802,617,9,29,76,236,281.1328125,493.08800000000002,0.1484375,0.44800000000000001,False,row1_col0,512,375,0,68
618,83374,27a3e701575d464723171cfc,618,46,22,372,180,899.671875,376.91711229946526,0.7265625,0.2967914438502674,False,row0_col2,512,374,0,69
619,567865,15d9508324337b875670f947,619,57,40,460,324,1096.7578125,695.42670157068062,0.8984375,0.67801047120418845,False,row2_col2,512,382,0,65
620,2307887,eebb80b7602a9bc51384c3b3,620,47,28,380,228,931.40625,480.44961240310079,0.7421875,0.4289405684754522,False,row1_col2,512,387,0,62
621,608654,009cd3639a67c3e8ac9da12b,621,14,38,116,308,376.484375,651.27320954907168,0.2265625,0.63925729442970824,False,row1_col0,512,377,0,67
622,2753372,932274c0ff4cbf8cb7b96e8d,622,28,13,228,108,620.9609375,218.73770491803279,0.4453125,0.095628415300546443,False,row0_col1,512,366,0,73
623,386609,71724a3bf8b9be3deb5292f6,623,49,24,396,196,978.421875,406.53050397877985,0.7734375,0.34217506631299732,False,row1_col2,512,377,0,67
624,1694091,8e016ce8a91e1722991e0302,624,11,38,92,308,294.453125,625.66666666666663,0.1796875,0.63978494623655913,False,row1_col0,512,372,0,70
625,2279089,5676e48fb1caa42ecdd07480,625,49,26,396,212,925.7421875,444.80451127819549,0.7734375,0.39097744360902253,False,row1_col2,512,399,0,56
626,996485,329683efc579c51b53f71da8,626,5,18,44,148,220.5625,303.2421052631579,0.0859375,0.21578947368421053,False,row0_col0,512,380,0,66
627,2038467,df64943a259e759b69c57f25,627,3,43,28,348,178.1015625,734.74005305039793,0.0546875,0.74535809018567645,False,row2_col0,512,377,0,67
628,1800930,5dcfc0e65ab4ebc09fc86fbe,628,34,43,276,348,717.8203125,713.91758241758237,0.5390625,0.75274725274725274,False,row2_col1,512,364,0,74
629,18774,0d71665cc32e00cbf316979e,629,22,37,180,300,524.9375,634.51771117166209,0.3515625,0.62125340599455037,False,row1_col1,512,367,0,72
630,1943848,8ce9e51dbad44f0e4107d965,630,40,36,324,292,779.1953125,618.76902887139113,0.6328125,0.59580052493438318,False,row1_col1,512,381,0,65
631,2197663,b7cc7826ac85ae8215b61101,631,31,34,252,276,674.4375,587.28947368421063,0.4921875,0.55263157894736847,False,row1_col1,512,380,0,66
632,2701672,0a3535e7cb0948b575c9ea8e,632,40,37,324,300,853.6875,625.05897435897441,0.6328125,0.61282051282051286,False,row1_col1,512,390,0,61
633,1538137,ba40733dea98fd31eaa0e5fe,633,25,33,204,268,561.8671875,548.47837837837835,0.3984375,0.53243243243243243,False,row1_col1,512,370,0,71
634,2021128,5addf17fbe747cbcb767afaf,634,8,28,68,228,255.9609375,476.46858638743453,0.1328125,0.42670157068062825,False,row1_col0,512,382,0,65
635,1885835,c7f35be6760fdb85307e2d49,635,11,26,92,212,304.1171875,451.68085106382978,0.1796875,0.38297872340425532,False,row1_col0,512,376,0,68
636,2718265,f6a612467fd1531566860d2f,636,57,40,460,324,1129.7578125,673.73866666666663,0.8984375,0.68266666666666664,False,row2_col2,512,375,0,68
637,2333031,9fbe77467132d5c93ee01128,637,39,37,316,300,837.2890625,631.61007957559673,0.6171875,0.61803713527851456,False,row1_col1,512,377,0,67
638,1907227,29967e147eb9c7a768964adf,638,27,40,220,324,579.2265625,689.17506631299739,0.4296875,0.6816976127320955,False,row2_col1,512,377,0,67
639,2557953,2f3e9ad50350b43cdcf05159,639,1,32,12,260,101.9453125,543.22427440633237,0.0234375,0.51187335092348285,False,row1_col0,512,379,0,66
640,2144237,7e48cd1658e4af2a0a4efc9b,640,45,31,364,252,916.8984375,538.93315508021396,0.7109375,0.48930481283422461,False,row1_col2,512,374,0,69
641,84216,27a3e701575d464723171cfc,641,56,35,452,284,1071.859375,600.76737967914437,0.8828125,0.57486631016042777,False,row1_col2,512,374,0,69
642,2250850,feae8edd69230ba2d038a705,642,34,33,276,268,736.8125,563.16492146596863,0.5390625,0.53141361256544506,False,row1_col1,512,382,0,65
643,2176066,e3ecaf99c788239f18c8a991,643,2,17,20,140,138.8515625,287.79842931937173,0.0390625,0.19633507853403143,False,row0_col0,512,382,0,65
644,464291,7ca059b6fa1e54dd4a7dcf3f,644,35,22,284,180,735.1484375,372.03125,0.5546875,0.30208333333333331,False,row0_col1,512,384,0,64
645,1288443,e366b8893ee234784cfdf96a,645,59,35,476,284,1168.0390625,594.91708542713559,0.9296875,0.57035175879396982,False,row1_col2,512,398,0,57
646,218073,d1458cc139bf5041872709d8,646,25,15,204,124,525.0625,256.07368421052632,0.3984375,0.15263157894736842,False,row0_col1,512,380,0,66
647,2091192,84260c9ea667e4b1cdc99d6e,647,56,34,452,276,1083.4453125,580.31914893617022,0.8828125,0.55319148936170215,False,row1_col2,512,376,0,68
648,1030197,f8040df5a0c034645db9d18b,648,53,32,428,260,1055.3671875,549.10962566844921,0.8359375,0.51069518716577544,False,row1_col2,512,374,0,69
649,1333264,a252f276c55b21904fb18cca,649,16,32,132,260,386.140625,543.21563342318063,0.2578125,0.5121293800539084,False,row1_col0,512,371,0,70
650,2382517,87721955af6f57a012d16d47,650,53,42,428,340,1002.0234375,703,0.8359375,0.72222222222222221,False,row2_col2,512,378,0,67
651,2158081,abac48c206f4f9db98c1c8cf,651,1,56,12,452,151.7578125,958.44186046511629,0.0234375,1.0077519379844961,True,padding_center,512,387,0,62
652,1821328,beb1e4bf2c0ec18579f745bf,652,16,42,132,340,380.3984375,700.695652173913,0.2578125,0.72826086956521741,False,row2_col0,512,368,0,72
653,988683,cd0de5b2186c92b842b4814a,653,11,24,92,196,349.015625,396.45238095238096,0.1796875,0.34126984126984128,False,row1_col0,512,378,0,67
654,2095306,df913345c4c2be5eeed41459,654,10,35,84,284,312.9453125,603.64248704663214,0.1640625,0.57253886010362698,False,row1_col0,512,386,0,63
655,1177205,2e3c583d219c937858797cbc,655,53,25,428,204,1027.5625,415.17142857142858,0.8359375,0.36623376623376624,False,row1_col2,512,385,0,63
656,1665325,06a76bf899fbda6d8aa83969,656,45,36,364,292,898.296875,603.34042553191489,0.7109375,0.5957446808510638,False,row1_col2,512,376,0,68
657,1201376,51dbbd7c11fe090443b43b07,657,32,19,260,156,677.671875,320.61357702349869,0.5078125,0.24020887728459531,False,row0_col1,512,383,0,64
658,1902063,73937759020f473dae5c179a,658,47,23,380,188,891.2109375,389.73878627968338,0.7421875,0.32189973614775724,False,row0_col2,512,379,0,66
659,2435782,28b53dd19c8f65de13e95cab,659,6,43,52,348,232.3125,741.53743315508018,0.1015625,0.74598930481283421,False,row2_col0,512,374,0,69
660,2229686,d81cb231e10288659e7909e8,660,54,22,436,180,1082.609375,381.85529715762277,0.8515625,0.30490956072351422,False,row0_col2,512,387,0,62
661,1140594,02942ca02fdcb799d7cb7726,661,50,29,404,236,978.4375,476.53061224489795,0.7890625,0.44897959183673469,False,row1_col2,512,392,0,60
662,1007037,2fb5196803f6c730af314161,662,61,54,492,436,1195.953125,932.5,0.9609375,0.97368421052631582,False,row2_col2,512,380,0,66
663,464026,7ca059b6fa1e54dd4a7dcf3f,663,26,18,212,148,579.1953125,302.78125,0.4140625,0.21875,False,row0_col1,512,384,0,64
664,71709,48ce223cf3f0cef91d4f9d9c,664,29,32,236,260,632.796875,551.22739726027396,0.4609375,0.51232876712328768,False,row1_col1,512,365,0,73
665,2288858,9183cf46ec95f7416fc2cadd,665,26,51,212,412,559.984375,865.47229551451187,0.4140625,0.9129287598944591,False,row2_col1,512,379,0,66
666,812283,daca2d861b6d4fd1ea336571,666,59,19,476,156,1146.1640625,327.99463806970505,0.9296875,0.23324396782841822,False,row0_col2,512,373,0,69
667,624429,2d4ee384e99cbef3dd97b9df,667,45,28,364,228,888.5625,483.35422343324251,0.7109375,0.42506811989100818,False,row1_col2,512,367,0,72
668,2922934,21db2b7a45a0e29417a469f0,668,54,38,436,308,1039.9375,644.07936507936506,0.8515625,0.63756613756613756,False,row1_col2,512,378,0,67
669,2353751,47ecb67f20914fe9324d2108,669,23,41,188,332,525.3125,699.68965517241372,0.3671875,0.70291777188328908,False,row2_col1,512,377,0,67
670,169210,cbcb40349280f379f97f72d4,670,58,19,468,156,1144.296875,327.8648648648649,0.9140625,0.22972972972972974,False,row0_col2,512,370,0,71
671,218558,d1458cc139bf5041872709d8,671,62,22,500,180,1167.9375,377.79999999999995,0.9765625,0.29999999999999999,False,row0_col2,512,380,0,66
672,886393,1ecac2e7140d516b873b5746,672,57,25,460,204,1089.5703125,422.42553191489361,0.8984375,0.36170212765957449,False,row1_col2,512,376,0,68
673,1854089,f06dd4b0ff466537119cc2af,673,9,42,76,340,264.6875,719.74193548387098,0.1484375,0.72580645161290325,False,row2_col0,512,372,0,70
674,1108136,8d1384cdea9081ff9ee66728,674,40,34,324,276,819.890625,578.27999999999997,0.6328125,0.55466666666666664,False,row1_col1,512,375,0,68
675,1092279,12def0a47aa043439d178972,675,55,42,444,340,1106.3125,709.02127659574467,0.8671875,0.72340425531914898,False,row2_col2,512,376,0,68
676,2124081,dc0b4ccd38f08660aa595e39,676,49,36,396,292,934.140625,628.00791556728223,0.7734375,0.59630606860158308,False,row1_col2,512,379,0,66
677,2295665,2608d95da3b3a020babab4a4,677,49,29,396,236,999.3671875,493.38605898123325,0.7734375,0.4477211796246649,False,row1_col2,512,373,0,69
678,1133256,f882a0ca74adfbbded05504a,678,8,43,68,348,262.0859375,739.32258064516134,0.1328125,0.74731182795698925,False,row2_col0,512,372,0,70
679,752087,fb5a9755e142923997483e54,679,23,39,188,316,522.3125,655.43665768194069,0.3671875,0.66307277628032346,False,row1_col1,512,371,0,70
680,2471687,e9b79f16d364e3a2fa877ce7,680,7,28,60,228,247.140625,469.76216216216216,0.1171875,0.42432432432432432,False,row1_col0,512,370,0,71
681,1918987,516089d2e2e2c9755fbd5142,681,11,32,92,260,315.4765625,552.67200000000003,0.1796875,0.51200000000000001,False,row1_col0,512,375,0,68
682,2054290,43a8d937bdc326d6174ea535,682,18,34,148,276,465.1015625,585.872340425532,0.2890625,0.55319148936170215,False,row1_col0,512,376,0,68
683,2246703,326ec13f01a3ce47feae7840,683,47,32,380,260,959.4375,553.05789473684217,0.7421875,0.51052631578947372,False,row1_col2,512,380,0,66
684,2864997,3c6223fad65553c89976049b,684,37,29,300,236,751.6328125,497.2357512953368,0.5859375,0.44818652849740931,False,row1_col1,512,386,0,63
685,1979876,17686a11fc83b9f929d8d85e,685,36,23,292,188,787.0625,397.49462365591398,0.5703125,0.31720430107526881,False,row0_col1,512,372,0,70
686,1788605,d20cb62a0da43f7b5a35995c,686,61,42,492,340,1204.484375,721.79792746113992,0.9609375,0.71761658031088082,False,row2_col2,512,386,0,63
687,2865553,3c6223fad65553c89976049b,687,17,38,140,308,405.6953125,652.98704663212436,0.2734375,0.63471502590673579,False,row1_col0,512,386,0,63
688,694881,75e6d970a10dafc3054e0571,688,33,41,268,332,718.0625,699.56097560975604,0.5234375,0.70731707317073167,False,row2_col1,512,369,0,71
689,2876961,f92f442ca28c1794b5281ba1,689,33,24,268,196,705.0625,411.34908136482937,0.5234375,0.34383202099737531,False,row1_col1,512,381,0,65
690,464245,7ca059b6fa1e54dd4a7dcf3f,690,53,21,428,172,1047.0546875,354.71875,0.8359375,0.28125,False,row0_col2,512,384,0,64
691,2017888,5ab20c40b2d117b504740ca4,691,32,41,260,332,669.609375,708.96457765667571,0.5078125,0.70844686648501365,False,row2_col1,512,367,0,72
692,2254000,1882c154e2fd7debcc259ddf,692,48,18,388,148,990.3203125,319.49230769230769,0.7578125,0.22307692307692309,False,row0_col2,512,390,0,61
693,2369546,fe666fef2b8871f5528589d3,693,10,32,84,260,363.484375,563.60465116279079,0.1640625,0.51162790697674421,False,row1_col0,512,387,0,62
694,1250488,71b008a0a7521ff27fd58de8,694,56,18,452,148,1102.2734375,304.07142857142856,0.8828125,0.21428571428571427,False,row0_col2,512,378,0,67
695,11003,a2e7834787baf26ee424c739,695,59,43,476,348,1121.234375,744.2102425876011,0.9296875,0.74932614555256061,False,row2_col2,512,371,0,70
696,772453,6a57e03e1905b5c4210bc584,696,37,37,300,300,773.6328125,619.12,0.5859375,0.6186666666666667,False,row1_col1,512,375,0,68
697,2303303,79609d9f8ec519016767e49f,697,7,21,60,172,282.4375,355.06315789473683,0.1171875,0.27894736842105261,False,row0_col0,512,380,0,66
698,2410059,4353ce725c8d749885d3c4b7,698,11,25,92,204,262.9375,423.61052631578951,0.1796875,0.36315789473684212,False,row1_col0,512,380,0,66
699,2669206,dbf09619c576033279939c88,699,22,42,180,340,491.421875,719.75392670157066,0.3515625,0.71989528795811519,False,row2_col1,512,382,0,65
700,1250698,71b008a0a7521ff27fd58de8,700,10,22,84,180,306.6171875,373.23544973544972,0.1640625,0.29894179894179895,False,row0_col0,512,378,0,67
701,2352796,47ecb67f20914fe9324d2108,701,28,26,228,212,612.1875,439,0.4453125,0.38461538461538464,False,row1_col1,512,377,0,67
702,2730480,35218b9430d5988bdbd5cbcd,702,48,39,388,316,948.59375,677.5,0.7578125,0.65789473684210531,False,row1_col2,512,380,0,66
703,1333364,a252f276c55b21904fb18cca,703,52,33,420,268,1008.265625,560.48787061994608,0.8203125,0.53369272237196763,False,row1_col2,512,371,0,70
704,1350226,347841146c8588b3b0ef8cd2,704,18,41,148,332,398.3046875,702.04255319148933,0.2890625,0.7021276595744681,False,row2_col0,512,376,0,68
705,1996523,fae0767fbbc62b038bf2e8d7,705,43,27,348,220,845.9765625,468.26541554959783,0.6796875,0.40482573726541554,False,row1_col2,512,373,0,69
706,1873860,ef419c8f615496747f6510c0,706,4,31,36,252,205.921875,531.5120643431635,0.0703125,0.4906166219839142,False,row1_col0,512,373,0,69
707,1890255,77f12352984de874b6cd5378,707,15,31,124,252,413.6796875,530.42857142857144,0.2421875,0.48941798941798942,False,row1_col0,512,378,0,67
708,2008475,5749ca6a1c4e4e10cf0ec75d,708,27,22,220,180,619.3671875,379.14285714285711,0.4296875,0.29894179894179895,False,row0_col1,512,378,0,67
709,2341750,c977bea10bf03c99460cec13,709,54,45,436,364,1040.71875,769.70000000000005,0.8515625,0.78421052631578947,False,row2_col2,512,380,0,66
710,2742835,f1ca105fe73c64e1d617894e,710,51,40,412,324,1004.765625,669.48936170212767,0.8046875,0.68085106382978722,False,row2_col2,512,376,0,68
711,108808,6ac91469a3c514313640a2f3,711,8,36,68,292,259.2890625,611.43513513513517,0.1328125,0.5972972972972973,False,row1_col0,512,370,0,71
712,2206246,51a10a40effe2814ad9fdc08,712,38,40,308,324,733.1171875,683.17506631299739,0.6015625,0.6816976127320955,False,row2_col1,512,377,0,67
713,1660203,84a3e62ce078286ce2c7c91e,713,43,20,348,164,837.8125,336.61340206185571,0.6796875,0.26288659793814434,False,row0_col2,512,388,0,62
714,1419888,8deef7cbf795dc5034389593,714,48,41,388,332,904.8359375,703.36339522546416,0.7578125,0.70291777188328908,False,row2_col2,512,377,0,67
715,2439427,4b2934de204003644e1cf7cc,715,3,36,28,292,218.9921875,617.0322580645161,0.0546875,0.59677419354838712,False,row1_col0,512,372,0,70
716,2154940,abac48c206f4f9db98c1c8cf,716,60,6,484,52,1164.8984375,99.52713178294573,0.9453125,-0.025839793281653745,True,padding_center,512,387,0,62
717,1062927,3c063837833ad63bde2626f8,717,15,32,124,260,390.859375,533.14550264550257,0.2421875,0.51058201058201058,False,row1_col0,512,378,0,67
718,1438501,4d84e8bbae7d2af42353df02,718,37,12,300,100,716.5625,187.68965517241378,0.5859375,0.087533156498673742,False,row0_col1,512,377,0,67
719,633462,e5c18f32ffcf933947d02a58,719,54,41,436,332,1093.640625,705.34059945504089,0.8515625,0.70844686648501365,False,row2_col2,512,367,0,72
720,2090916,84260c9ea667e4b1cdc99d6e,720,36,30,292,244,740.6328125,511.80851063829789,0.5703125,0.46808510638297873,False,row1_col1,512,376,0,68
721,625012,2d4ee384e99cbef3dd97b9df,721,52,37,420,300,1010.1875,639.51771117166209,0.8203125,0.62125340599455037,False,row1_col2,512,367,0,72
722,1001882,537b9f873acf48eb2022de16,722,26,38,212,308,574.296875,633.29999999999995,0.4140625,0.63684210526315788,False,row1_col1,512,380,0,66
723,140697,2943c088e8878c50a249592d,723,25,22,204,180,574.0625,367.36170212765956,0.3984375,0.2978723404255319,False,row0_col1,512,376,0,68
724,84677,27a3e701575d464723171cfc,724,5,43,44,348,193.703125,738.52139037433153,0.0859375,0.74598930481283421,False,row2_col0,512,374,0,69
725,705884,1f4ef5622d6a1f36e4aa5bbe,725,28,21,228,172,624.8515625,350.89373297002726,0.4453125,0.27247956403269757,False,row0_col1,512,367,0,72
726,1586601,84f95a6d6caa9fedd81a91ce,726,41,22,332,180,834.8203125,345.92000000000002,0.6484375,0.29866666666666669,False,row0_col1,512,375,0,68
727,2147929,a4df32cda65d6caec503e150,727,25,25,204,204,519.6875,426.17021276595744,0.3984375,0.36170212765957449,False,row1_col1,512,376,0,68
728,957018,a9d0ff3cc6fb5dab5212ac12,728,26,41,212,332,579.8828125,697.94488188976379,0.4140625,0.70078740157480313,False,row2_col1,512,381,0,65
729,469732,7c41685bf488a58de2fe104b,729,36,43,292,348,734.3359375,741.01052631578943,0.5703125,0.74210526315789471,False,row2_col1,512,380,0,66
730,2431702,63727db752b5ff12377d012c,730,22,43,180,348,523.8828125,738.59375,0.3515625,0.73958333333333337,False,row2_col1,512,384,0,64
731,223671,6d76d8f8a00db7e46f92f530,731,55,38,444,308,1068.9765625,656.936170212766,0.8671875,0.63829787234042556,False,row1_col2,512,376,0,68
732,2422149,37007bcf2d5f43196d17bd6c,732,5,22,44,180,209.53125,383.72533333333337,0.0859375,0.29866666666666669,False,row0_col0,512,375,0,68
733,1268344,571ee3662d24063a85881fe9,733,56,41,452,332,1110.0390625,693.02972972972975,0.8828125,0.70540540540540542,False,row2_col2,512,370,0,71
734,1050744,fa0627dfc5562d2d1ffb7450,734,56,33,452,268,1096.0390625,555.4677419354839,0.8828125,0.532258064516129,False,row1_col2,512,372,0,70
735,2016727,5ab20c40b2d117b504740ca4,735,23,23,188,188,514.640625,399.3841961852861,0.3671875,0.31607629427792916,False,row0_col1,512,367,0,72
736,1869240,55697275b8b27562c9eb1a4c,736,56,22,452,180,1075.09375,378.32207792207794,0.8828125,0.30389610389610389,False,row0_col2,512,385,0,63
737,2332411,9fbe77467132d5c93ee01128,737,59,27,476,220,1180.7265625,459.72679045092838,0.9296875,0.40583554376657827,False,row1_col2,512,377,0,67
738,2262827,cdff67add7326ebbbabf8a48,738,43,28,348,228,862.65625,483.93150684931504,0.6796875,0.42465753424657532,False,row1_col2,512,365,0,73
739,2410980,4353ce725c8d749885d3c4b7,739,36,39,292,316,691.0625,663.52631578947376,0.5703125,0.65789473684210531,False,row1_col1,512,380,0,66
740,149547,a7fd04dc104dc13f285e6901,740,43,32,348,260,856.015625,543.62032085561509,0.6796875,0.51069518716577544,False,row1_col2,512,374,0,69
741,1386422,69ce82acc0f6112757b0f61b,741,54,30,436,244,1048.6796875,507.52162162162165,0.8515625,0.46756756756756757,False,row1_col2,512,370,0,71
742,2446682,7febf4fe97b272661ab00643,742,26,21,212,172,572.3671875,349.29473684210524,0.4140625,0.27894736842105261,False,row0_col1,512,380,0,66
743,135904,881f100f483a5ad2641f7dd5,743,32,11,260,92,687.1484375,180.07123287671232,0.5078125,0.052054794520547946,False,row0_col1,512,365,0,73
744,1043036,874774544d8697c2062abaed,744,28,41,228,332,613.3984375,694.13477088948787,0.4453125,0.70619946091644203,False,row2_col1,512,371,0,70
745,1685792,819d5eb6d1fc6bee06f079d2,745,32,36,260,292,649.1484375,584.31538461538457,0.5078125,0.59230769230769231,False,row1_col1,512,390,0,61
746,1121108,7c82c52bae96e3de9eb55c46,746,20,45,164,364,457.5859375,765.60869565217388,0.3203125,0.79347826086956519,False,row2_col0,512,368,0,72
747,2931211,6aaaaa257e4ef2c72c304bae,747,11,40,92,324,327.8125,680.74285714285713,0.1796875,0.67792207792207793,False,row2_col0,512,385,0,63
748,1779014,68156206f643fb334d0eae7f,748,6,21,52,172,195.140625,335.74324324324323,0.1015625,0.27297297297297296,False,row0_col0,512,370,0,71
749,2340131,c977bea10bf03c99460cec13,749,35,20,284,164,714.15625,339.70000000000005,0.5546875,0.25789473684210529,False,row0_col1,512,380,0,66
750,1029637,f8040df5a0c034645db9d18b,750,5,24,44,196,229.6171875,411.35561497326205,0.0859375,0.33957219251336901,False,row1_col0,512,374,0,69
751,2250087,feae8edd69230ba2d038a705,751,39,21,316,172,822.4375,357.84554973821992,0.6171875,0.28010471204188481,False,row0_col1,512,382,0,65
752,264329,af9f5bd76806962693118d19,752,9,34,76,276,281.578125,572.54812834224595,0.1484375,0.553475935828877,False,row1_col0,512,374,0,69
753,874955,8ac236c9482943a0fd765323,753,11,39,92,316,300.8125,681.87234042553189,0.1796875,0.65957446808510634,False,row1_col0,512,376,0,68
754,1378518,2c3f234377604e8dcb2d2a73,754,22,35,180,284,492.1796875,592.56521739130437,0.3515625,0.57608695652173914,False,row1_col1,512,368,0,72
755,2094870,df913345c4c2be5eeed41459,755,22,28,180,228,520.8828125,482.35751295336792,0.3515625,0.42746113989637308,False,row1_col1,512,386,0,63
756,2258570,0ec02acd088fff4c4bbe590f,756,10,26,84,212,326.3046875,454.08579088471851,0.1640625,0.38337801608579086,False,row1_col0,512,373,0,69
757,1362470,13b0152a68a53d6271f1d621,757,38,40,308,324,708.9296875,670.09473684210525,0.6015625,0.67894736842105263,False,row2_col1,512,380,0,66
758,1971461,bc5170b2dbd4e825a4bfa3ef,758,5,20,44,164,188.4453125,341.69090909090903,0.0859375,0.26233766233766231,False,row0_col0,512,385,0,63
759,854840,f08c47f4332a0ca4a5ddd327,759,56,44,452,356,1074.921875,744.5775401069518,0.8828125,0.76737967914438499,False,row2_col2,512,374,0,69
760,1623003,e764a382e06a2d9870d6385d,760,27,15,220,124,572.515625,245.79291553133515,0.4296875,0.14168937329700274,False,row0_col1,512,367,0,72
761,1345911,e5f9395628709ae9079eeba0,761,55,37,444,300,1081.7109375,628.51771117166209,0.8671875,0.62125340599455037,False,row1_col2,512,367,0,72
762,1968177,af227d5d2da548642af3d8e8,762,49,32,396,260,911.7421875,547.75590551181108,0.7734375,0.51181102362204722,False,row1_col2,512,381,0,65
763,1870620,55697275b8b27562c9eb1a4c,763,28,44,228,356,593.84375,756.37922077922076,0.4453125,0.76103896103896107,False,row2_col1,512,385,0,63
764,2173346,eedf98ccb5a364857973747a,764,34,38,276,308,757.1953125,658.03753351206433,0.5390625,0.64075067024128685,False,row1_col1,512,373,0,69
765,1702659,0acf69b3484e7f24b68c1255,765,3,44,28,356,191.9765625,744.70833333333326,0.0546875,0.76041666666666663,False,row2_col0,512,384,0,64
766,1091919,12def0a47aa043439d178972,766,15,37,124,300,411.3125,622.10638297872333,0.2421875,0.61702127659574468,False,row1_col0,512,376,0,68
767,2366811,583fd37185c66e5b35d4ad0d,767,27,53,220,428,587.65625,902.25634517766491,0.4296875,0.93654822335025378,False,row2_col1,512,394,0,59
768,2417975,e13e69b4c17cd750194fa4bb,768,55,20,444,164,1079.0390625,345.62140992167105,0.8671875,0.26109660574412535,False,row0_col2,512,383,0,64
769,1086435,7aa55770f9e1abd445c97c6d,769,35,15,284,124,732.1484375,242.37912087912088,0.5546875,0.13736263736263737,False,row0_col1,512,364,0,74
770,903899,2b4b6352c349b3d52ed92754,770,27,43,220,348,599.5234375,745.0204081632653,0.4296875,0.73469387755102045,False,row2_col1,512,392,0,60
771,2169886,736df5902e9879b38b3b9634,771,30,48,244,388,625.7421875,821.62729658792648,0.4765625,0.84776902887139105,False,row2_col1,512,381,0,65
772,2328821,45bfb62d2b8a12a9724eb563,772,53,35,428,284,1013.515625,601.35543766578246,0.8359375,0.5755968169761273,False,row1_col2,512,377,0,67
773,1783271,7fc04af711a80e358348051d,773,39,23,316,188,811.2265625,371.34946236559142,0.6171875,0.31720430107526881,False,row0_col1,512,372,0,70
774,2717135,f6a612467fd1531566860d2f,774,15,23,124,188,398.0390625,377.44,0.2421875,0.32000000000000001,False,row0_col0,512,375,0,68
775,1366028,7caf0646c5e1a5cc3ec3968d,775,12,32,100,260,300.234375,553.11290322580646,0.1953125,0.510752688172043,False,row1_col0,512,372,0,70
776,2188774,57d3f410b6fcba2a57bda29d,776,38,23,308,188,799.328125,398.6358839050132,0.6015625,0.32189973614775724,False,row0_col1,512,379,0,66
777,1013858,5f54a832376b920cdc467195,777,34,33,276,268,701.359375,575.58885941644553,0.5390625,0.53315649867374004,False,row1_col1,512,377,0,67
778,2761499,7518c6376e2146766b15e23d,778,27,12,220,100,578.8125,210.97112860892389,0.4296875,0.091863517060367453,False,row0_col1,512,381,0,65
779,2234199,27299ddb09d845cec194fcb0,779,23,29,188,236,530.703125,493.31034482758622,0.3671875,0.44827586206896552,False,row1_col1,512,377,0,67
780,2045493,7e205d3f86dfa2c6e030bdfc,780,53,24,428,196,1037.6796875,407.87926509186349,0.8359375,0.34383202099737531,False,row1_col2,512,381,0,65
781,2566152,a96e8fbb128dc3f4ea56a755,781,8,32,68,260,234.359375,543.61375661375655,0.1328125,0.51058201058201058,False,row1_col0,512,378,0,67
782,797240,1521c7bdee93d552208d03d3,782,56,40,452,324,1083.2734375,691.65625,0.8828125,0.67708333333333337,False,row2_col2,512,384,0,64
783,1563061,69c3ab131f3d9924a0893b68,783,53,38,428,308,1063.890625,635.41509433962267,0.8359375,0.64150943396226412,False,row1_col2,512,371,0,70
784,350345,e1c9abec502219412e89243a,784,9,34,76,276,267.3203125,573.83195592286506,0.1484375,0.55647382920110189,False,row1_col0,512,363,0,74
785,1407429,4f1c77f5d121ab64501fbab2,785,5,39,44,316,223.1328125,662.33870967741927,0.0859375,0.66129032258064513,False,row1_col0,512,372,0,70
786,2046395,7e205d3f86dfa2c6e030bdfc,786,59,38,476,308,1140.1484375,647.16535433070862,0.9296875,0.63779527559055116,False,row1_col2,512,381,0,65
787,2775349,cefaf5a44ecfd5ed51bd547c,787,53,36,428,292,1055.546875,603.34042553191489,0.8359375,0.5957446808510638,False,row1_col2,512,376,0,68
788,2775410,cefaf5a44ecfd5ed51bd547c,788,50,37,404,300,1003.703125,620.63829787234044,0.7890625,0.61702127659574468,False,row1_col2,512,376,0,68
789,391198,e8aecbbad790f36193dfc2a6,789,30,32,244,260,641.9375,538.18717948717949,0.4765625,0.51025641025641022,False,row1_col1,512,390,0,61
790,2311437,78a32a3097554d80ef1bac9c,790,13,20,108,164,354.5546875,345.12201591511939,0.2109375,0.2572944297082228,False,row0_col0,512,377,0,67
791,1801214,5dcfc0e65ab4ebc09fc86fbe,791,62,47,500,380,1203.0078125,783.2802197802198,0.9765625,0.84065934065934067,False,row2_col2,512,364,0,74
792,2642566,09b397b83ed83e6306d85ec0,792,6,10,52,84,232.6328125,160.02724795640327,0.1015625,0.032697547683923703,False,row0_col0,512,367,0,72
793,2870170,9dd6c00d22421262fb390d57,793,26,46,212,372,590.1953125,790.54347826086951,0.4140625,0.81521739130434778,False,row2_col1,512,368,0,72
794,590940,b951568d88267986c2ddff82,794,28,17,228,140,604.515625,284.08695652173913,0.4453125,0.18478260869565216,False,row0_col1,512,368,0,72
795,2209195,e1bd21e34648fdeb39895cd0,795,43,22,348,180,824.9375,375.3763440860215,0.6796875,0.29569892473118281,False,row0_col2,512,372,0,70
796,2094345,df913345c4c2be5eeed41459,796,9,20,76,164,295.6171875,343.74611398963725,0.1484375,0.26165803108808289,False,row0_col0,512,386,0,63
797,1251632,71b008a0a7521ff27fd58de8,797,48,36,388,292,963.8984375,615.30952380952385,0.7578125,0.59523809523809523,False,row1_col2,512,378,0,67
798,1067022,7b748b5aa4e5e5bc0cc83a80,798,14,32,116,260,368.2578125,547.65573770491801,0.2265625,0.51092896174863389,False,row1_col0,512,366,0,73
799,1952267,cbe7415bc3817302e0c76f2d,799,11,40,92,324,325.578125,684.20413436692513,0.1796875,0.67700258397932822,False,row2_col0,512,387,0,62
800,1849193,cdd3402e4d0aa4a5fbc61954,800,41,29,332,236,784.6328125,494.10344827586209,0.6484375,0.44827586206896552,False,row1_col1,512,377,0,67
801,1608441,8595161ed5c1f96662a7e12e,801,57,43,460,348,1083.671875,719.74293059125966,0.8984375,0.73778920308483287,False,row2_col2,512,389,0,61
802,1133303,f882a0ca74adfbbded05504a,802,55,43,444,348,1080.9140625,739.32258064516134,0.8671875,0.74731182795698925,False,row2_col2,512,372,0,70
803,558090,9cc1a3ed2a8e6c5e9def5c8e,803,10,16,84,132,265.796875,270.60160427807489,0.1640625,0.16844919786096257,False,row0_col0,512,374,0,69
804,2368980,fe666fef2b8871f5528589d3,804,20,23,164,188,534.421875,409.93023255813955,0.3203125,0.32558139534883723,False,row0_col0,512,387,0,62
805,2200902,25243d794ab291df05447bc6,805,6,21,52,172,226.71875,356.59681697612734,0.1015625,0.27851458885941643,False,row0_col0,512,377,0,67
806,1169164,81f7959be88c5f860c5fc715,806,12,28,100,228,314.2109375,452.98148148148147,0.1953125,0.42592592592592593,False,row1_col0,512,378,0,67
807,2115570,7ed463394b5acb61e1574507,807,50,31,404,252,950.6015625,533.4375,0.7890625,0.48958333333333331,False,row1_col2,512,384,0,64
808,333637,587b74bfc019c7be94717f25,808,5,29,44,236,193.8203125,484.45161290322579,0.0859375,0.44623655913978494,False,row1_col0,512,372,0,70
809,1673795,985af2bec00e007d5a2584c9,809,3,41,28,332,180.6484375,681.85039370078744,0.0546875,0.70078740157480313,False,row2_col0,512,381,0,65
810,2152145,b082c61b6f6397804ebe9514,810,17,27,140,220,433.8671875,465.67199999999997,0.2734375,0.40533333333333332,False,row1_col0,512,375,0,68
811,2307802,eebb80b7602a9bc51384c3b3,811,26,27,212,220,570.46875,463.27131782945736,0.4140625,0.40826873385012918,False,row1_col1,512,387,0,62
812,2637221,ee0789a261852bef9369707a,812,37,54,300,436,790.046875,931.20485175202157,0.5859375,0.98652291105121293,False,row2_col1,512,371,0,70
813,2205414,51a10a40effe2814ad9fdc08,813,38,27,308,220,733.1171875,459.72679045092838,0.6015625,0.40583554376657827,False,row1_col1,512,377,0,67
814,1379005,2c3f234377604e8dcb2d2a73,814,61,42,492,340,1166.7578125,713.695652173913,0.9609375,0.72826086956521741,False,row2_col2,512,368,0,72
815,583159,b4219175d4f101deb62b1e1b,815,55,23,444,188,1046.9765625,393.19999999999999,0.8671875,0.32000000000000001,False,row0_col2,512,375,0,68
816,2943105,b775ec910e16d493500239f2,816,1,34,12,276,118.9921875,591.79842931937173,0.0234375,0.55235602094240843,False,row1_col0,512,382,0,65
817,412474,813b908ddf7d0066a8a11ef6,817,58,44,468,356,1122.953125,744.05785123966939,0.9140625,0.77685950413223137,False,row2_col2,512,363,0,74
818,1910352,4232070a33fbc4fa24180e8d,818,16,25,132,204,383.109375,427.55181347150261,0.2578125,0.36528497409326427,False,row1_col0,512,386,0,63
819,1882518,7b4398b5f7d90eaafd6f9de7,819,22,38,180,308,547.3125,651.31903485254691,0.3515625,0.64075067024128685,False,row1_col1,512,373,0,69
820,84742,27a3e701575d464723171cfc,820,6,44,52,356,210.921875,755.74064171122996,0.1015625,0.76737967914438499,False,row2_col0,512,374,0,69
821,1608198,8595161ed5c1f96662a7e12e,821,6,40,52,324,202.328125,667.9177377892031,0.1015625,0.67609254498714655,False,row2_col0,512,389,0,61
822,869669,f393274be3847e33f5ac073b,822,37,20,300,164,730.046875,333.1219512195122,0.5859375,0.25203252032520324,False,row0_col1,512,369,0,71
823,88500,883516beb4b2df8a83debd55,823,52,38,420,308,1026.7265625,644.62176165803112,0.8203125,0.63471502590673579,False,row1_col2,512,386,0,63
824,534639,2f583ef3203d5ac90b59a547,824,47,33,380,268,968.890625,558.32887700534764,0.7421875,0.53208556149732622,False,row1_col2,512,374,0,69
825,1991965,df2dd66a2f9f4acffc6fdb65,825,29,20,236,164,638.8046875,342.70053475935833,0.4609375,0.25401069518716579,False,row0_col1,512,374,0,69
826,1497226,412b2253f0288e6f5518fc42,826,10,34,84,276,298.796875,570.10160427807489,0.1640625,0.553475935828877,False,row1_col0,512,374,0,69
827,1882070,7b4398b5f7d90eaafd6f9de7,827,22,31,180,252,547.3125,531.5120643431635,0.3515625,0.4906166219839142,False,row1_col1,512,373,0,69
828,1522056,d78a35ec684695d072d6b211,828,8,38,68,308,247.890625,637.44504021447722,0.1328125,0.64075067024128685,False,row1_col0,512,373,0,69
829,2738448,5f992fdd05552118b4d67202,829,16,36,132,292,411.171875,609.16621253405992,0.2578125,0.59945504087193457,False,row1_col0,512,367,0,72
830,1832612,efab8b57a05312e6e2d6ff9c,830,36,26,292,212,689.7734375,444.22047244094489,0.5703125,0.38582677165354329,False,row1_col1,512,381,0,65
831,735117,9e7c13f8064b9fc62fe964d6,831,13,30,108,244,350.5078125,512.0523560209424,0.2109375,0.468586387434555,False,row1_col0,512,382,0,65
832,439709,71091e47820a3c9f89438620,832,29,22,236,180,631.1796875,373.88328912466841,0.4609375,0.29973474801061006,False,row0_col1,512,377,0,67
833,1721827,c0a7a3a62c3795f511c0eafd,833,35,23,284,188,768.1484375,358.72727272727275,0.5546875,0.31818181818181818,False,row0_col1,512,374,0,69
834,444595,2c26a77005e1ed9b640e64e2,834,51,34,412,276,1002.3515625,586.0450928381963,0.8046875,0.55437665782493373,False,row1_col2,512,377,0,67
835,2701587,0a3535e7cb0948b575c9ea8e,835,19,36,156,292,488.8125,607.68461538461543,0.3046875,0.59230769230769231,False,row1_col0,512,390,0,61
836,141519,2943c088e8878c50a249592d,836,15,35,124,284,400.3125,593.34042553191489,0.2421875,0.57446808510638303,False,row1_col0,512,376,0,68
837,1665695,06a76bf899fbda6d8aa83969,837,31,42,252,340,656.359375,707.12765957446811,0.4921875,0.72340425531914898,False,row2_col1,512,376,0,68
838,2324423,9a1ad63dc381c61153abcebd,838,7,31,60,252,216.203125,523.51978891820579,0.1171875,0.49076517150395776,False,row1_col0,512,379,0,66
839,677414,0995d605d7742fc0e60c12be,839,38,24,308,196,758.328125,394.48000000000002,0.6015625,0.34133333333333332,False,row1_col1,512,375,0,68
840,333844,587b74bfc019c7be94717f25,840,20,32,164,260,455.1484375,536.70967741935488,0.3203125,0.510752688172043,False,row1_col0,512,372,0,70
841,2217912,edb01c151c563bb82cc5df9d,841,56,30,452,244,1086.796875,515.9442970822281,0.8828125,0.46949602122015915,False,row1_col2,512,377,0,67
842,2323917,9a1ad63dc381c61153abcebd,842,13,23,108,188,318.765625,386.73878627968338,0.2109375,0.32189973614775724,False,row0_col0,512,379,0,66
843,2332102,9fbe77467132d5c93ee01128,843,6,23,52,188,270.6171875,390.973474801061,0.1015625,0.32095490716180369,False,row0_col0,512,377,0,67
844,2378313,d8e33de8429b55ebb8877642,844,9,41,76,332,237.1328125,699.42399999999998,0.1484375,0.70399999999999996,False,row2_col0,512,375,0,68
845,2017842,5ab20c40b2d117b504740ca4,845,50,40,404,324,979.546875,691.76566757493185,0.7890625,0.68664850136239786,False,row2_col2,512,367,0,72
846,325522,99a260d84ec3760c5165b1f1,846,18,30,148,244,412.703125,509.05235602094245,0.2890625,0.468586387434555,False,row1_col0,512,382,0,65
847,550888,d2039782b7096a17e967307e,847,40,31,324,252,796.6875,520.90600522193211,0.6328125,0.49086161879895562,False,row1_col1,512,383,0,64
848,751320,fb5a9755e142923997483e54,848,24,27,196,220,539.6875,446.87601078167114,0.3828125,0.40431266846361186,False,row1_col1,512,371,0,70
849,1996652,fae0767fbbc62b038bf2e8d7,849,44,29,356,236,863.1484375,502.6246648793566,0.6953125,0.4477211796246649,False,row1_col2,512,373,0,69
850,768080,13d984a7b264eb7393bb4bbb,850,16,33,132,268,389.171875,559.98930481283423,0.2578125,0.53208556149732622,False,row1_col0,512,374,0,69
851,2255468,1882c154e2fd7debcc259ddf,851,44,41,356,332,921.7578125,713.91282051282053,0.6953125,0.69487179487179485,False,row2_col2,512,390,0,61
852,2422898,37007bcf2d5f43196d17bd6c,852,50,33,404,268,982.96875,572.86666666666667,0.7890625,0.53333333333333333,False,row1_col2,512,375,0,68
853,2687645,d692f72fe45c727cb0757d5a,853,29,10,236,84,685.5703125,150.42930591259642,0.4609375,0.059125964010282778,False,row0_col1,512,389,0,61
854,599797,f494610fdaf77ce6cbdfb0d3,854,53,27,428,220,1047.0546875,453.03208556149735,0.8359375,0.40374331550802139,False,row1_col2,512,374,0,69
855,2528697,5b1f5c81c875f06122031a4b,855,57,22,460,180,1108.3671875,370.33333333333337,0.8984375,0.29569892473118281,False,row0_col2,512,372,0,70
856,285008,9993d74e02e8a5dd35aaa9d4,856,16,37,132,300,425.6875,635.63538873994639,0.2578125,0.61930294906166217,False,row1_col0,512,373,0,69
857,2127757,e74d21355c7851af07172a36,857,13,30,108,244,314.8203125,513.32614555256066,0.2109375,0.46900269541778977,False,row1_col0,512,371,0,70
858,2131399,830ee1acd4627b4aa99fcc61,858,7,23,60,188,249.4375,394.81088082901556,0.1171875,0.32383419689119169,False,row0_col0,512,386,0,63
859,1680891,cca4df1af11b6f70d6b2fea3,859,59,23,476,188,1134.953125,365.60158311345646,0.9296875,0.32189973614775724,False,row0_col2,512,379,0,66
860,2312230,78a32a3097554d80ef1bac9c,860,38,32,308,260,781.5078125,550.10875331564989,0.6015625,0.51193633952254647,False,row1_col1,512,377,0,67
861,2336732,7413f29906bbedeb019fea89,861,28,31,228,252,628.0625,532.93298969072157,0.4453125,0.48969072164948452,False,row1_col1,512,388,0,62
862,1865464,f811b6561edd9f797ff5e802,862,56,27,452,220,1088.2109375,458.69866666666667,0.8828125,0.40533333333333332,False,row1_col2,512,375,0,68
863,1177361,2e3c583d219c937858797cbc,863,17,28,140,228,402.0625,467.28571428571428,0.2734375,0.42857142857142855,False,row1_col0,512,385,0,63
864,1444995,1219cb310706faa103ce419b,864,3,50,28,404,153.484375,835.50410958904115,0.0546875,0.9068493150684932,False,row2_col0,512,365,0,73
865,944178,450e892105e6d6a38e7e129c,865,50,32,404,260,988.8046875,548.80562659846555,0.7890625,0.51150895140664965,False,row1_col2,512,391,0,60
866,931804,5c2fb8f176203529b320c33d,866,28,31,228,252,613.8515625,529.91511936339521,0.4453125,0.49071618037135278,False,row1_col1,512,377,0,67
867,2197536,b7cc7826ac85ae8215b61101,867,32,32,260,260,691.5625,553.05789473684217,0.5078125,0.51052631578947372,False,row1_col1,512,380,0,66
868,2438578,4b2934de204003644e1cf7cc,868,50,22,404,180,1024.6015625,377.3763440860215,0.7890625,0.29569892473118281,False,row0_col2,512,372,0,70
869,1907319,29967e147eb9c7a768964adf,869,55,41,444,332,1060.0390625,706.36339522546416,0.8671875,0.70291777188328908,False,row2_col2,512,377,0,67
870,1304944,c2b2f0fd9e97490a1ce9143a,870,48,37,388,300,938.4140625,628.83333333333326,0.7578125,0.6164021164021164,False,row1_col2,512,378,0,67
871,935786,1c3b47236e79243b77075512,871,42,29,340,236,816.796875,486.451871657754,0.6640625,0.446524064171123,False,row1_col1,512,374,0,69
872,2226228,b412565dd5f18a8e4ce8533b,872,52,32,420,260,1000.5234375,546.16279069767438,0.8203125,0.51162790697674421,False,row1_col2,512,387,0,62
873,1268316,571ee3662d24063a85881fe9,873,28,41,228,332,624.8515625,693.02972972972975,0.4453125,0.70540540540540542,False,row2_col1,512,370,0,71
874,1832346,efab8b57a05312e6e2d6ff9c,874,26,22,212,180,518.0546875,375.60104986876638,0.4140625,0.30183727034120733,False,row0_col1,512,381,0,65
875,2194342,31f176914f7ef2559f447dab,875,38,46,308,372,772.3125,794.48087431693989,0.6015625,0.81693989071038253,False,row2_col1,512,366,0,73
876,2423130,37007bcf2d5f43196d17bd6c,876,26,37,212,300,570.46875,641.64533333333338,0.4140625,0.6186666666666667,False,row1_col1,512,375,0,68
877,2131207,830ee1acd4627b4aa99fcc61,877,7,20,60,164,249.4375,343.39119170984452,0.1171875,0.26165803108808289,False,row0_col0,512,386,0,63
878,1895081,1d12ec902c3113b35c317ef8,878,41,42,332,340,830.390625,716.59366754617417,0.6484375,0.72295514511873349,False,row2_col1,512,379,0,66
879,1759993,91b902f7a2f5112ece6e0093,879,57,43,460,348,1141.3671875,735.66756756756763,0.8984375,0.74864864864864866,False,row2_col2,512,370,0,71
880,2423429,37007bcf2d5f43196d17bd6c,880,5,42,44,340,209.53125,727.61866666666674,0.0859375,0.72533333333333339,False,row2_col0,512,375,0,68
881,783611,8ea3847f318908af74ca363c,881,59,19,476,156,1154.1640625,318.76963350785343,0.9296875,0.23821989528795812,False,row0_col2,512,382,0,65
882,2279095,5676e48fb1caa42ecdd07480,882,55,26,444,212,1029.7109375,444.80451127819549,0.8671875,0.39097744360902253,False,row1_col2,512,399,0,56
883,2640715,e529d504569d28a662f4d013,883,11,45,92,364,319.015625,764.95989304812838,0.1796875,0.78877005347593587,False,row2_col0,512,374,0,69
884,2619014,d76501c670a10ab364d9061e,884,6,26,52,212,205.8203125,439.99212598425197,0.1015625,0.38582677165354329,False,row1_col0,512,381,0,65
885,2430804,63727db752b5ff12377d012c,885,20,29,164,236,489.2265625,496.21875,0.3203125,0.44791666666666669,False,row1_col0,512,384,0,64
886,1440583,4d84e8bbae7d2af42353df02,886,7,45,60,364,195.3125,761.20689655172418,0.1171875,0.78779840848806371,False,row2_col0,512,377,0,67
887,2106729,5d258a6d34f1b116ab308ce4,887,41,21,332,172,820.6875,341.65957446808511,0.6484375,0.27659574468085107,False,row0_col1,512,376,0,68
888,1006169,2fb5196803f6c730af314161,888,25,41,204,332,576.078125,708.89999999999998,0.3984375,0.69999999999999996,False,row2_col1,512,380,0,66
889,2221552,442850a2087d62c7e9453fcd,889,48,23,388,188,970.5625,389.49462365591398,0.7578125,0.31720430107526881,False,row0_col2,512,372,0,70
890,1124693,0b623855dc284fbf3963690c,890,21,37,172,300,499.8828125,636.754054054054,0.3359375,0.61891891891891893,False,row1_col1,512,370,0,71
891,2607338,419d4372c4c0bfbddc5d5b65,891,42,35,340,284,852.796875,594.31914893617022,0.6640625,0.57446808510638303,False,row1_col1,512,376,0,68
892,653108,558c1de5d92b5f300ff8d7a4,892,52,28,420,228,1024.546875,467.35422343324251,0.8203125,0.42506811989100818,False,row1_col2,512,367,0,72
893,2590868,d0b31ef595869ea82b00c98a,893,20,34,164,276,495.984375,586.5,0.3203125,0.55263157894736847,False,row1_col0,512,380,0,66
894,173751,d140f47bc847b703c1b20aec,894,55,26,444,212,1117.7109375,427.70588235294116,0.8671875,0.38235294117647056,False,row1_col2,512,374,0,69
895,2348394,37faa40414dba1a334ec7ebb,895,42,21,340,172,862.8125,363.25806451612902,0.6640625,0.27419354838709675,False,row0_col1,512,372,0,70
896,1296913,e926571edbf8ab4ef6827bb2,896,17,40,140,324,411.796875,687.42118863049097,0.2734375,0.67700258397932822,False,row2_col0,512,387,0,62
897,178820,ab203b05744a96fec97462f3,897,4,42,36,340,197.765625,732.30708661417316,0.0703125,0.72178477690288712,False,row2_col0,512,381,0,65
898,2222192,442850a2087d62c7e9453fcd,898,48,33,388,268,970.5625,560.67741935483866,0.7578125,0.532258064516129,False,row1_col2,512,372,0,70
899,2218334,edb01c151c563bb82cc5df9d,899,30,37,244,300,642.359375,635.51989389920425,0.4765625,0.61803713527851456,False,row1_col1,512,377,0,67
900,2017013,5ab20c40b2d117b504740ca4,900,53,27,428,220,1031.203125,468.1798365122616,0.8359375,0.40326975476839239,False,row1_col2,512,367,0,72
901,997705,329683efc579c51b53f71da8,901,9,37,76,300,290.0625,633.64210526315787,0.1484375,0.61578947368421055,False,row1_col0,512,380,0,66
902,2229968,d81cb231e10288659e7909e8,902,16,27,132,220,433.046875,467.22997416020672,0.2578125,0.40826873385012918,False,row1_col0,512,387,0,62
903,2266876,163f27e0d1466030dadaebb8,903,60,27,484,220,1182.4609375,469.28954423592495,0.9453125,0.40482573726541554,False,row1_col2,512,373,0,69
904,2866625,3c6223fad65553c89976049b,904,1,55,12,444,128.9453125,947.18393782383419,0.0234375,0.98704663212435229,False,row2_col0,512,386,0,63
905,2026233,53e9a502e46a7b9e168d9115,905,57,43,460,348,1078.6875,745.468085106383,0.8984375,0.74468085106382975,False,row2_col2,512,376,0,68
906,2243317,c685b4a491f88fc79b166eaa,906,53,43,428,348,1073.515625,745.08000000000004,0.8359375,0.7466666666666667,False,row2_col2,512,375,0,68
907,2091000,84260c9ea667e4b1cdc99d6e,907,56,31,452,252,1083.4453125,528.936170212766,0.8828125,0.48936170212765956,False,row1_col2,512,376,0,68
908,174649,d140f47bc847b703c1b20aec,908,57,40,460,324,1152.3671875,670.27272727272725,0.8984375,0.68181818181818177,False,row2_col2,512,374,0,69
909,31091,a108220fc21cc09e9e4400ef,909,51,37,412,300,1028.2265625,619.79166666666674,0.8046875,0.61458333333333337,False,row1_col2,512,384,0,64
910,332441,587b74bfc019c7be94717f25,910,25,10,204,84,542.2578125,153.48387096774195,0.3984375,0.037634408602150539,False,row0_col1,512,372,0,70
911,2673206,6c1df3cf7ff28325175c51f9,911,54,40,436,324,1089.6796875,687.65053763440858,0.8515625,0.68279569892473113,False,row2_col2,512,372,0,70
912,1779033,68156206f643fb334d0eae7f,912,25,21,204,172,525.859375,335.74324324324323,0.3984375,0.27297297297297296,False,row0_col1,512,370,0,71
913,1959599,113ae33369eea4ce7f0b6955,913,47,26,380,212,911.6640625,448.53846153846155,0.7421875,0.38461538461538464,False,row1_col2,512,377,0,67
914,2451948,9eb7c57cc60b7fe25deb2951,914,44,39,356,316,853.1015625,669.10869565217388,0.6953125,0.66304347826086951,False,row1_col2,512,368,0,72
915,2403237,e23c7263422caa21794c6b96,915,37,46,300,372,779.7734375,784.57142857142856,0.5859375,0.80687830687830686,False,row2_col1,512,378,0,67
916,903849,2b4b6352c349b3d52ed92754,916,41,42,332,340,842.1171875,727.71428571428578,0.6484375,0.7142857142857143,False,row2_col1,512,392,0,60
917,506565,74dba489b837409bdc9002e2,917,5,43,44,348,229.5625,726.19843342036552,0.0859375,0.74151436031331597,False,row2_col0,512,383,0,64
918,2382512,87721955af6f57a012d16d47,918,48,42,388,340,916.3203125,703,0.7578125,0.72222222222222221,False,row2_col2,512,378,0,67
919,501643,229f325dcd93d8f5586d69ba,919,11,30,92,244,300.015625,514.26415094339632,0.1796875,0.46900269541778977,False,row1_col0,512,371,0,70
920,1829573,8edb3f5616a73b2e02e42c87,920,5,43,44,348,193.3046875,733.25133689839572,0.0859375,0.74598930481283421,False,row2_col0,512,374,0,69
921,2151736,b082c61b6f6397804ebe9514,921,56,20,452,164,1099.9140625,346.05600000000004,0.8828125,0.25600000000000001,False,row0_col2,512,375,0,68
922,96801,2a8e2d654846ae67277a627f,922,33,40,268,324,686.828125,674.91935483870964,0.5234375,0.68279569892473113,False,row2_col1,512,372,0,70
923,2424100,37007bcf2d5f43196d17bd6c,923,36,52,292,420,742.34375,899.56533333333334,0.5703125,0.93866666666666665,False,row2_col1,512,375,0,68
924,2004321,d8aec49d4eabf940e94e99b9,924,33,21,268,172,682.640625,363.14400000000001,0.5234375,0.27733333333333332,False,row0_col1,512,375,0,68
925,1550683,22ab2c684f502bb67ac25bda,925,27,37,220,300,567.25,626.89405684754513,0.4296875,0.61498708010335912,False,row1_col1,512,387,0,62
926,2271380,ce1b06db295c8aa47115048c,926,20,34,164,276,460.421875,586.74798927613938,0.3203125,0.55495978552278824,False,row1_col0,512,373,0,69
927,2218092,edb01c151c563bb82cc5df9d,927,44,33,356,268,881.671875,567.19098143236079,0.6953125,0.53315649867374004,False,row1_col2,512,377,0,67
928,1256058,cfe68510ca15cd1473d0ef71,928,58,41,468,332,1100.953125,693.71428571428567,0.9140625,0.69387755102040816,False,row2_col2,512,392,0,60
929,1980395,17686a11fc83b9f929d8d85e,929,43,31,348,252,906.9375,534.44086021505382,0.6796875,0.489247311827957,False,row1_col2,512,372,0,70
930,399766,27e6733bbab4a1b0477f8b26,930,22,38,180,308,498.1796875,649.94986807387863,0.3515625,0.63852242744063326,False,row1_col1,512,379,0,66
931,2611245,54f228b2ef6b12f663053845,931,45,32,364,260,894.3203125,545.07591623036649,0.7109375,0.51047120418848169,False,row1_col2,512,382,0,65
932,1918614,516089d2e2e2c9755fbd5142,932,22,26,180,212,504.3671875,449.50400000000002,0.3515625,0.38400000000000001,False,row1_col1,512,375,0,68
933,1157792,d03b423ac174ea78bf4a6637,933,32,42,260,340,677.671875,708.92746113989642,0.5078125,0.71761658031088082,False,row2_col1,512,386,0,63
934,604614,6aacc3e88c7b1fee9f8c4019,934,6,39,52,316,235.9375,667.76762402088764,0.1015625,0.65796344647519578,False,row1_col0,512,383,0,64
935,1501422,98b721a6ed7b9a91ce5e0586,935,46,35,372,284,896.578125,600.55999999999995,0.7265625,0.57599999999999996,False,row1_col2,512,375,0,68
936,382313,bf67a8c3d85ddf53723e2a60,936,41,21,332,172,826.0078125,339.5813333333333,0.6484375,0.27733333333333332,False,row0_col1,512,375,0,68
937,2180726,17ff7079be9b18b062834cfc,937,54,25,436,204,1073.7578125,434.49600000000004,0.8515625,0.36266666666666669,False,row1_col2,512,375,0,68
938,2242316,c685b4a491f88fc79b166eaa,938,12,28,100,228,372.671875,488.76000000000005,0.1953125,0.42666666666666669,False,row1_col0,512,375,0,68
939,1873273,ef419c8f615496747f6510c0,939,57,21,460,172,1111.890625,360.35924932975877,0.8984375,0.27613941018766758,False,row0_col2,512,373,0,69
940,1612022,6742c58532e99b3cdf0d09cc,940,54,35,436,284,1051.6796875,595.55999999999995,0.8515625,0.57599999999999996,False,row1_col2,512,375,0,68
941,1001082,537b9f873acf48eb2022de16,941,58,25,468,204,1125.296875,409.69999999999999,0.9140625,0.36315789473684212,False,row1_col2,512,380,0,66
942,1493141,03b92d95da6694e6f43e0193,942,21,34,172,276,474.203125,560.55699481865281,0.3359375,0.55181347150259064,False,row1_col1,512,386,0,63
943,1796162,a54c971a682d36aeda7976b7,943,2,33,20,268,136.203125,549.52054794520552,0.0390625,0.53424657534246578,False,row1_col0,512,365,0,73
944,2807672,8add5feca183d695007a94e7,944,56,29,452,236,1088.390625,494.73913043478257,0.8828125,0.44565217391304346,False,row1_col2,512,368,0,72
945,2360908,a17fa7ec81831aabb30abf4e,945,12,25,100,204,406.2578125,431.53191489361706,0.1953125,0.36170212765957449,False,row1_col0,512,376,0,68
946,2358055,87a418aeb28937346e884495,946,39,44,316,356,862.4609375,762.87786259541986,0.6171875,0.75572519083969469,False,row2_col1,512,393,0,59
947,2336091,7413f29906bbedeb019fea89,947,27,21,220,172,610.9375,361.59278350515467,0.4296875,0.28350515463917525,False,row0_col1,512,388,0,62
948,2234518,27299ddb09d845cec194fcb0,948,22,34,180,276,513.609375,578.82758620689651,0.3515625,0.55437665782493373,False,row1_col1,512,377,0,67
949,2689668,d692f72fe45c727cb0757d5a,949,4,42,36,340,256.2734375,700.59897172236504,0.0703125,0.71722365038560409,False,row2_col0,512,389,0,61
950,1349863,347841146c8588b3b0ef8cd2,950,39,35,316,284,764.1640625,597.48936170212778,0.6171875,0.57446808510638303,False,row1_col1,512,376,0,68
951,2382390,87721955af6f57a012d16d47,951,54,40,436,324,1019.1640625,668.71428571428567,0.8515625,0.67989417989417988,False,row2_col2,512,378,0,67
952,608668,009cd3639a67c3e8ac9da12b,952,28,38,228,308,619.296875,651.27320954907168,0.4453125,0.63925729442970824,False,row1_col1,512,377,0,67
953,992858,da9443ca80beecb493467926,953,26,25,212,204,557.1953125,438.3034300791557,0.4140625,0.36411609498680741,False,row1_col1,512,379,0,66
954,1706189,d8ff8af48bd325dbbb696129,954,13,35,108,284,370.140625,588.64171122994651,0.2109375,0.57486631016042777,False,row1_col0,512,374,0,69
955,1194746,e2d24e5a47106bd7023a7d65,955,58,43,468,348,1128.1796875,740.68435013262604,0.9140625,0.74535809018567645,False,row2_col2,512,377,0,67
956,2894015,603fbff3664fb22ba76787fc,956,63,34,508,276,1163.3515625,575.33333333333337,0.9921875,0.55555555555555558,False,row1_col2,512,369,0,71
957,1649096,01b9e97e851cf4e057950e28,957,8,39,68,316,226.359375,635.10994764397913,0.1328125,0.65706806282722519,False,row1_col0,512,382,0,65
958,140844,2943c088e8878c50a249592d,958,44,24,356,196,904.1875,402.12765957446805,0.6953125,0.34042553191489361,False,row1_col2,512,376,0,68
959,1763891,78b30cfbd744741692ca9e79,959,51,40,412,324,988.7890625,671.08695652173913,0.8046875,0.68478260869565222,False,row2_col2,512,368,0,72
960,1975926,af3de41611057662e83c573b,960,54,25,436,204,1005.609375,427.53315649867375,0.8515625,0.36339522546419101,False,row1_col2,512,377,0,67
961,1993350,df2dd66a2f9f4acffc6fdb65,961,6,42,52,340,246.0078125,718.22994652406419,0.1015625,0.72459893048128343,False,row2_col0,512,374,0,69
962,149675,a7fd04dc104dc13f285e6901,962,43,34,348,276,856.015625,578.10160427807489,0.6796875,0.553475935828877,False,row1_col2,512,374,0,69
963,1910347,4232070a33fbc4fa24180e8d,963,11,25,92,204,297.015625,427.55181347150261,0.1796875,0.36528497409326427,False,row1_col0,512,386,0,63
964,2476536,6130e546ed79e4d9fee7cb83,964,56,39,452,316,1104.921875,675.82926829268285,0.8828125,0.66395663956639561,False,row1_col2,512,369,0,71
965,2464023,af9d0070e54aed81fc79e4ef,965,23,36,188,292,538.2109375,603.59946949602124,0.3671875,0.59681697612732099,False,row1_col1,512,377,0,67
966,1721655,c0a7a3a62c3795f511c0eafd,966,55,20,444,164,1114.7109375,306.74866310160428,0.8671875,0.25401069518716579,False,row0_col2,512,374,0,69
967,2521790,c8ee69c5118846a9c6b2bd2e,967,62,42,500,340,1221.1953125,709.55172413793105,0.9765625,0.72413793103448276,False,row2_col2,512,377,0,67
968,976175,2d869e49280e98d4f624cdc6,968,47,20,380,164,914.25,352.85822784810125,0.7421875,0.26835443037974682,False,row0_col2,512,395,0,58
969,1784347,7fc04af711a80e358348051d,969,27,40,220,324,603.6640625,665.65053763440858,0.4296875,0.68279569892473113,False,row2_col1,512,372,0,70
970,462160,89b989a81f1da592d59cc87b,970,16,53,132,428,417.6875,918.95121951219517,0.2578125,0.96747967479674801,False,row2_col0,512,369,0,71
971,1905978,29967e147eb9c7a768964adf,971,58,20,468,164,1111.5546875,345.40848806366046,0.9140625,0.2572944297082228,False,row0_col2,512,377,0,67
972,75103,53fb6371aca16bd9381723b1,972,31,21,252,172,652.328125,357.89973614775727,0.4921875,0.27968337730870713,False,row0_col1,512,379,0,66
973,705793,1f4ef5622d6a1f36e4aa5bbe,973,1,20,12,164,156.9921875,333.5422343324251,0.0234375,0.25068119891008173,False,row0_col0,512,367,0,72
974,1076670,de9b5b17edfdfe734011cfa4,974,62,54,500,436,1227.171875,924.01295336787564,0.9765625,0.96632124352331605,False,row2_col2,512,386,0,63
975,2287542,9183cf46ec95f7416fc2cadd,975,54,30,436,244,1038.609375,506.4221635883905,0.8515625,0.46965699208443273,False,row1_col2,512,379,0,66
976,2230122,d81cb231e10288659e7909e8,976,42,29,340,236,877.484375,501.37984496124034,0.6640625,0.44961240310077522,False,row1_col1,512,387,0,62
977,2325546,9a1ad63dc381c61153abcebd,977,42,48,340,388,814.484375,814.17941952506601,0.6640625,0.84960422163588389,False,row2_col1,512,379,0,66
978,1722388,c0a7a3a62c3795f511c0eafd,978,20,32,164,260,508.2265625,514.66310160427815,0.3203125,0.51069518716577544,False,row1_col0,512,374,0,69
979,763994,9e3ff6a52f10ae8e139d3c38,979,26,33,212,268,562.609375,566.62140992167099,0.4140625,0.53263707571801566,False,row1_col1,512,383,0,64
980,936710,1c3b47236e79243b77075512,980,6,44,52,356,196.921875,744.74064171122996,0.1015625,0.76737967914438499,False,row2_col0,512,374,0,69
981,2184413,e47bf05116ca1e4921049cf3,981,29,19,236,156,645.1796875,324.87531172069828,0.4609375,0.25187032418952621,False,row0_col1,512,401,0,55
982,2422279,37007bcf2d5f43196d17bd6c,982,7,24,60,196,243.90625,418.11466666666666,0.1171875,0.34133333333333332,False,row1_col0,512,375,0,68
983,1160520,79b469d527171ee55c5adc04,983,8,21,68,172,272.421875,349.07486631016042,0.1328125,0.27540106951871657,False,row0_col0,512,374,0,69
984,2406315,cbbfcf781cf2e6b2a448637f,984,43,30,348,244,853.015625,503.65625,0.6796875,0.46875,False,row1_col2,512,384,0,64
985,1996005,fae0767fbbc62b038bf2e8d7,985,37,19,300,156,742.9453125,330.82841823056299,0.5859375,0.23324396782841822,False,row0_col1,512,373,0,69
986,1430906,bacd8d5cf67fb7f5bb3c16e1,986,58,21,468,172,1130.953125,343.56836461126011,0.9140625,0.27613941018766758,False,row0_col2,512,373,0,69
987,1415606,f2a63220b9188d0728d33d45,987,54,38,436,308,1023.421875,634.8952879581152,0.8515625,0.63612565445026181,False,row1_col2,512,382,0,65
988,538771,334d09cec1e33736f5ceeeae,988,19,34,156,276,448.984375,584.73126614987075,0.3046875,0.55297157622739013,False,row1_col0,512,387,0,62
989,382242,bf67a8c3d85ddf53723e2a60,989,34,20,276,164,704.0546875,322.15200000000004,0.5390625,0.25600000000000001,False,row0_col1,512,375,0,68
990,2028921,61f217f44bf2fb9b5077b9b6,990,57,21,460,172,1108.6875,364.78421052631575,0.8984375,0.27894736842105261,False,row0_col2,512,380,0,66
991,2622014,2ee1148cf2bfb979a3c11be3,991,62,8,500,68,1183.9375,118.48780487804878,0.9765625,-0.008130081300813009,True,padding_center,512,369,0,71
992,734346,9e7c13f8064b9fc62fe964d6,992,10,18,84,148,298.6171875,304.47120418848169,0.1640625,0.21727748691099477,False,row0_col0,512,382,0,65
993,88241,883516beb4b2df8a83debd55,993,49,34,396,276,974.7421875,575.31606217616581,0.7734375,0.55181347150259064,False,row1_col2,512,386,0,63
994,939746,4f2e92e1b80cd39c3cba6440,994,34,27,276,220,685.046875,453.44680851063828,0.5390625,0.40425531914893614,False,row1_col1,512,376,0,68
995,1906323,29967e147eb9c7a768964adf,995,19,26,156,212,441.8515625,448.53846153846155,0.3046875,0.38461538461538464,False,row1_col0,512,377,0,67
996,1652969,46e52c7cd794f51a462fb9f6,996,41,35,332,284,820.8203125,569.59016393442619,0.6484375,0.57650273224043713,False,row1_col1,512,366,0,73
997,2087643,eb0351acb0beefb86ab98462,997,27,43,220,348,578.3671875,734.468085106383,0.4296875,0.74468085106382975,False,row2_col1,512,376,0,68
998,1099894,b15ae60e68dff16aade2e419,998,54,33,436,268,1072.3828125,569,0.8515625,0.532258064516129,False,row1_col2,512,372,0,70
999,2000950,94b7f239fa8a30f58007d290,999,54,32,436,260,1027.609375,557.05497382198951,0.8515625,0.51047120418848169,False,row1_col2,512,382,0,65
1000,1071385,7c0723e796cc05b0a21cce5f,1000,25,36,204,292,530.078125,617.44864864864871,0.3984375,0.5972972972972973,False,row1_col1,512,370,0,71
1001,2426708,07487879b83ab8bf265d8c1f,1001,20,29,164,236,511.0234375,512.09254498714654,0.3203125,0.44987146529562982,False,row1_col0,512,389,0,61
1002,2074422,8e28fe67259d0c825fe1bd0b,1002,54,28,436,228,1009.5703125,486.89974293059129,0.8515625,0.42930591259640105,False,row1_col2,512,389,0,61
1003,2278789,5676e48fb1caa42ecdd07480,1003,5,22,44,180,163.3046875,375.51127819548873,0.0859375,0.31077694235588971,False,row0_col0,512,399,0,56
1004,1833447,efab8b57a05312e6e2d6ff9c,1004,39,39,316,316,741.2890625,667.23359580052488,0.6171875,0.65879265091863515,False,row1_col1,512,381,0,65
1005,2090910,84260c9ea667e4b1cdc99d6e,1005,30,30,244,244,637.7890625,511.80851063829789,0.4765625,0.46808510638297873,False,row1_col1,512,376,0,68
1006,461645,89b989a81f1da592d59cc87b,1006,13,45,108,364,365.5625,780.02439024390242,0.2109375,0.79403794037940378,False,row2_col0,512,369,0,71
1007,174683,d140f47bc847b703c1b20aec,1007,27,41,220,332,632.5234375,687.59893048128345,0.4296875,0.70320855614973266,False,row2_col1,512,374,0,69
1008,2242249,c685b4a491f88fc79b166eaa,1008,9,27,76,220,321.390625,471.67199999999997,0.1484375,0.40533333333333332,False,row1_col0,512,375,0,68
1009,399845,27e6733bbab4a1b0477f8b26,1009,37,39,300,316,757.6328125,667.2374670184696,0.5859375,0.65963060686015829,False,row1_col1,512,379,0,66
1010,2741763,f1ca105fe73c64e1d617894e,1010,3,24,28,196,178.265625,393.74468085106383,0.0546875,0.34042553191489361,False,row1_col0,512,376,0,68
1011,2742963,f1ca105fe73c64e1d617894e,1011,51,42,412,340,1004.765625,703.95744680851067,0.8046875,0.72340425531914898,False,row2_col2,512,376,0,68
1012,2017295,5ab20c40b2d117b504740ca4,1012,15,32,124,260,376.890625,554.17438692098096,0.2421875,0.5122615803814714,False,row1_col0,512,367,0,72
1013,1681053,cca4df1af11b6f70d6b2fea3,1013,29,26,236,212,614.640625,417.65435356200527,0.4609375,0.38522427440633245,False,row1_col1,512,379,0,66
1014,636509,ee66320bf7eb01a991a1e561,1014,29,25,236,204,657.5625,422.16353887399464,0.4609375,0.36193029490616624,False,row1_col1,512,373,0,69
1015,2668008,dbf09619c576033279939c88,1015,40,23,324,188,801.359375,392.67539267015707,0.6328125,0.3219895287958115,False,row0_col1,512,382,0,65
1016,2512294,51c32ff783d3d94292851b8f,1016,38,22,308,180,780.921875,372.27659574468083,0.6015625,0.2978723404255319,False,row0_col1,512,376,0,68
1017,2262515,cdff67add7326ebbbabf8a48,1017,51,23,412,188,1000.15625,398.01369863013701,0.8046875,0.31506849315068491,False,row0_col2,512,365,0,73
1018,1015253,5f54a832376b920cdc467195,1018,21,55,172,444,475.890625,957,0.3359375,1,True,padding_center,512,377,0,67
1019,2222061,442850a2087d62c7e9453fcd,1019,45,31,364,252,919.1875,526.44086021505382,0.7109375,0.489247311827957,False,row1_col2,512,372,0,70
1020,2263342,cdff67add7326ebbbabf8a48,1020,46,36,372,292,914.21875,621.39999999999998,0.7265625,0.59999999999999998,False,row1_col2,512,365,0,73
1021,2324233,9a1ad63dc381c61153abcebd,1021,9,28,76,228,250.390625,472.22691292875987,0.1484375,0.42744063324538256,False,row1_col0,512,379,0,66
1022,305928,7362ade95f32642a9f44c44a,1022,8,44,68,356,287.015625,760.8467336683417,0.1328125,0.75125628140703515,False,row2_col0,512,398,0,57
1023,2206215,51a10a40effe2814ad9fdc08,1023,7,40,60,324,200.7890625,683.17506631299739,0.1171875,0.6816976127320955,False,row2_col0,512,377,0,67
1024,2184507,e47bf05116ca1e4921049cf3,1024,59,20,476,164,1165.0234375,342.21197007481294,0.9296875,0.27182044887780549,False,row0_col2,512,401,0,55
1025,432787,482fefcd016bb88b2f86f80f,1025,19,42,156,340,472.765625,720.71351351351348,0.3046875,0.72702702702702704,False,row2_col0,512,370,0,71
1026,1845143,439720347b525b459d2cd2a2,1026,23,30,188,244,564.4375,532.41176470588232,0.3671875,0.47058823529411764,False,row1_col1,512,391,0,60
1027,2426274,07487879b83ab8bf265d8c1f,1027,34,22,276,180,751.4296875,391.74293059125966,0.5390625,0.3059125964010283,False,row0_col1,512,389,0,61
1028,1927182,0493c50e4f0350b831275383,1028,14,32,116,260,396.2578125,547.74064837905235,0.2265625,0.51122194513715713,False,row1_col0,512,401,0,55
1029,2205227,51a10a40effe2814ad9fdc08,1029,43,24,348,196,818.9765625,408.16180371352783,0.6796875,0.34217506631299732,False,row1_col2,512,377,0,67
1030,2536792,de19dbe16ab3f3ee599806c3,1030,24,21,196,172,529.0703125,356.33333333333337,0.3828125,0.27777777777777779,False,row0_col1,512,378,0,67
1031,2385310,068d42fadee7759ebbad25c7,1031,30,22,244,180,665.3125,374.95549738219893,0.4765625,0.30104712041884818,False,row0_col1,512,382,0,65
1032,1722507,c0a7a3a62c3795f511c0eafd,1032,11,34,92,276,352.2734375,549.31550802139031,0.1796875,0.553475935828877,False,row1_col0,512,374,0,69
1033,2540872,8bf8afec70e5fbe4d7956c1a,1033,8,21,68,172,294.75,349.6639344262295,0.1328125,0.27049180327868855,False,row0_col0,512,366,0,73
1034,600313,f494610fdaf77ce6cbdfb0d3,1034,57,35,460,284,1116.3671875,591.64171122994651,0.8984375,0.57486631016042777,False,row1_col2,512,374,0,69
1035,2755090,932274c0ff4cbf8cb7b96e8d,1035,18,40,148,324,447.9921875,686.14754098360652,0.2890625,0.68579234972677594,False,row2_col0,512,366,0,73
1036,2369638,fe666fef2b8871f5528589d3,1036,38,33,308,268,842.109375,580.67958656330745,0.6015625,0.53229974160206717,False,row1_col1,512,387,0,62
1037,1934659,7b57de0d35adaa2f8254baa8,1037,3,21,28,172,257.9375,356.596256684492,0.0546875,0.27540106951871657,False,row0_col0,512,374,0,69
1038,963744,a295a8c6aa450d3d4f552f13,1038,32,18,260,148,724.2109375,296.61007957559684,0.5078125,0.21485411140583555,False,row0_col1,512,377,0,67
1039,1034845,dfbe513d6531461f0ef29a6a,1039,29,41,236,332,627.2578125,702.39130434782612,0.4609375,0.70652173913043481,False,row2_col1,512,368,0,72
1040,1110883,825a1b23f7b0d75436750d93,1040,35,13,284,108,766.484375,203.97905759162302,0.5546875,0.112565445026178,False,row0_col1,512,382,0,65
1041,1969060,af227d5d2da548642af3d8e8,1041,36,46,292,372,686.4765625,790.56955380577426,0.5703125,0.80577427821522307,False,row2_col1,512,381,0,65
1042,2332760,9fbe77467132d5c93ee01128,1042,24,33,196,268,579.7109375,562.85676392572941,0.3828125,0.53315649867374004,False,row1_col1,512,377,0,67
1043,2102616,e8abeda485644b2b7acbf9f4,1043,24,21,196,172,501.4140625,356.60367454068239,0.3828125,0.28083989501312334,False,row0_col1,512,381,0,65
1044,493415,ab197e4aa67cc9e3f881cab1,1044,39,29,316,236,774.4609375,490.14835164835165,0.6171875,0.44505494505494503,False,row1_col1,512,364,0,74
1045,2950674,3b48ef0496b9e19ef057c3dd,1045,18,24,148,196,431.546875,404.30645161290323,0.2890625,0.33870967741935482,False,row1_col0,512,372,0,70
1046,2182043,17ff7079be9b18b062834cfc,1046,27,46,220,372,612.6484375,793.34399999999994,0.4296875,0.81066666666666665,False,row2_col1,512,375,0,68
1047,1723036,c0a7a3a62c3795f511c0eafd,1047,28,42,228,340,646.8515625,687.92513368983953,0.4453125,0.72459893048128343,False,row2_col1,512,374,0,69
1048,2312169,78a32a3097554d80ef1bac9c,1048,41,31,332,252,832.7421875,533.026525198939,0.6484375,0.49071618037135278,False,row1_col1,512,377,0,67
1049,2213402,71189113f916283b21e2571b,1049,26,24,212,196,602.2265625,410.29032258064512,0.4140625,0.33870967741935482,False,row1_col1,512,372,0,70
1050,97057,2a8e2d654846ae67277a627f,1050,33,44,268,356,686.828125,743.82258064516122,0.5234375,0.76881720430107525,False,row2_col1,512,372,0,70
1051,1881444,7b4398b5f7d90eaafd6f9de7,1051,36,21,292,172,787.0625,360.35924932975877,0.5703125,0.27613941018766758,False,row0_col1,512,373,0,69
1052,2078237,f90b9ab0071176524a75e54f,1052,29,24,236,196,599.1875,417.17539267015707,0.4609375,0.34293193717277487,False,row1_col1,512,382,0,65
1053,2103448,e8abeda485644b2b7acbf9f4,1053,24,34,196,276,501.4140625,578.79790026246724,0.3828125,0.5538057742782152,False,row1_col1,512,381,0,65
1054,2327798,45bfb62d2b8a12a9724eb563,1054,54,19,436,156,1030.609375,328.0397877984085,0.8515625,0.23607427055702918,False,row0_col2,512,377,0,67
1055,1041922,874774544d8697c2062abaed,1055,2,24,20,196,166.9296875,402.33962264150944,0.0390625,0.33962264150943394,False,row1_col0,512,371,0,70
1056,1111258,825a1b23f7b0d75436750d93,1056,26,19,212,156,610.953125,307.76963350785343,0.4140625,0.23821989528795812,False,row0_col1,512,382,0,65
1057,1878584,621fde1bd00dce28d45409a7,1057,56,40,452,324,1095.9765625,687.91935483870964,0.8828125,0.68279569892473113,False,row2_col2,512,372,0,70
1058,1841135,220c8ee1c69449f9af0ae7f1,1058,47,31,380,252,886.890625,542.88541666666663,0.7421875,0.48958333333333331,False,row1_col2,512,384,0,64
1059,2152723,b082c61b6f6397804ebe9514,1059,19,36,156,292,468.0234375,619.46400000000006,0.3046875,0.59733333333333338,False,row1_col0,512,375,0,68
1060,1762199,78b30cfbd744741692ca9e79,1060,23,14,188,116,504.4765625,221.17391304347825,0.3671875,0.11956521739130435,False,row0_col1,512,368,0,72
1061,1079278,d541e836f6ba68faa6688c9d,1061,46,31,372,252,913.9375,511.30158730158729,0.7265625,0.48941798941798942,False,row1_col2,512,378,0,67
1062,1928369,0493c50e4f0350b831275383,1062,49,50,396,404,1002.7421875,859.44139650872819,0.7734375,0.87032418952618451,False,row2_col2,512,401,0,55
1063,776952,aefb29f0a27380abd8a7072a,1063,56,43,452,348,1101.859375,736.96858638743458,0.8828125,0.74083769633507857,False,row2_col2,512,382,0,65
1064,2344379,feca696a5660a740402e9811,1064,59,22,476,180,1173.1484375,379.43513513513511,0.9296875,0.29459459459459458,False,row0_col2,512,370,0,71
1065,2136046,8213a75d6bb493befa13560d,1065,46,31,372,252,928.3125,533.4375,0.7265625,0.48958333333333331,False,row1_col2,512,384,0,64
1066,2410229,4353ce725c8d749885d3c4b7,1066,53,27,428,220,982.1875,457.88421052631577,0.8359375,0.40526315789473683,False,row1_col2,512,380,0,66
1067,1868684,55697275b8b27562c9eb1a4c,1067,12,14,100,116,318.84375,240.84675324675322,0.1953125,0.13766233766233765,False,row0_col0,512,385,0,63
1068,1701724,0acf69b3484e7f24b68c1255,1068,28,29,228,236,627.5234375,483.45833333333337,0.4453125,0.44791666666666669,False,row1_col1,512,384,0,64
1069,988484,cd0de5b2186c92b842b4814a,1069,4,21,36,172,228.484375,344.83333333333337,0.0703125,0.27777777777777779,False,row0_col0,512,378,0,67
1070,1414431,f2a63220b9188d0728d33d45,1070,31,20,252,164,627.390625,325.03141361256547,0.4921875,0.25916230366492149,False,row0_col1,512,382,0,65
1071,2107538,5d258a6d34f1b116ab308ce4,1071,18,34,148,276,426.8125,564.31914893617022,0.2890625,0.55319148936170215,False,row1_col0,512,376,0,68
1072,452908,df25d625c991e5e7eb0f6dc4,1072,44,36,356,292,882.1875,612.73170731707319,0.6953125,0.59891598915989164,False,row1_col2,512,369,0,71
1073,223279,6d76d8f8a00db7e46f92f530,1073,47,32,380,260,930.6015625,553.14893617021266,0.7421875,0.51063829787234039,False,row1_col2,512,376,0,68
1074,571249,1e5e68e0329b0ca73274b4b5,1074,49,29,396,236,981.328125,491.58267716535431,0.7734375,0.44881889763779526,False,row1_col2,512,381,0,65
1075,1312726,b68be114738359817943c9b2,1075,22,31,180,252,495.1796875,517.85449735449743,0.3515625,0.48941798941798942,False,row1_col1,512,378,0,67
1076,1071099,7c0723e796cc05b0a21cce5f,1076,59,31,476,252,1115.515625,531.39459459459454,0.9296875,0.48918918918918919,False,row1_col2,512,370,0,71
1077,2284580,0b5210b7f75c32ce0315b40b,1077,36,48,292,388,763.7734375,813.91516709511563,0.5703125,0.84061696658097684,False,row2_col1,512,389,0,61
1078,603641,6aacc3e88c7b1fee9f8c4019,1078,57,23,460,188,1122.0625,390.04438642297652,0.8984375,0.32375979112271541,False,row0_col2,512,383,0,64
1079,2909769,922064a26912754f70ed0696,1079,9,25,76,204,262.3203125,422.52173913043475,0.1484375,0.35869565217391303,False,row1_col0,512,368,0,72
1080,2108070,5d258a6d34f1b116ab308ce4,1080,38,42,308,340,769.3125,701.34042553191489,0.6015625,0.72340425531914898,False,row2_col1,512,376,0,68
1081,1169559,81f7959be88c5f860c5fc715,1081,23,34,188,276,504.4765625,556.72751322751321,0.3671875,0.55291005291005291,False,row1_col1,512,378,0,67
1082,838302,c7d7069e6440bce13d75f421,1082,30,42,244,340,626.5078125,718.19422572178473,0.4765625,0.72178477690288712,False,row2_col1,512,381,0,65
1083,1906093,29967e147eb9c7a768964adf,1083,45,22,364,180,888.3203125,379.78514588859412,0.7109375,0.29973474801061006,False,row0_col2,512,377,0,67
1084,377830,e8ddd34887fc884dcb436a60,1084,38,15,308,124,774.9375,249.31536388140162,0.6015625,0.14555256064690028,False,row0_col1,512,371,0,70
1085,526535,d0c5e59f51c09ba4242151ff,1085,7,35,60,284,260.609375,600.56521739130437,0.1171875,0.57608695652173914,False,row1_col0,512,368,0,72
1086,2229637,d81cb231e10288659e7909e8,1086,5,22,44,180,245.015625,381.85529715762277,0.0859375,0.30490956072351422,False,row0_col0,512,387,0,62
1087,157987,2621e0e5fef600ad180b0661,1087,35,36,284,292,733.484375,627.27345844504021,0.5546875,0.59785522788203749,False,row1_col1,512,373,0,69
1088,2940049,fe6f136289ff3cf96e9fa7fa,1088,17,50,140,404,401.2421875,856.53475935828874,0.2734375,0.89572192513368987,False,row2_col0,512,374,0,69
1089,2380698,87721955af6f57a012d16d47,1089,26,14,212,116,539.2265625,223,0.4140625,0.12962962962962962,False,row0_col1,512,378,0,67
1090,1865324,f811b6561edd9f797ff5e802,1090,44,25,356,204,882.1484375,424.30933333333337,0.6953125,0.36266666666666669,False,row1_col2,512,375,0,68
1091,2377748,d8e33de8429b55ebb8877642,1091,20,32,164,260,426.0234375,544.67200000000003,0.3203125,0.51200000000000001,False,row1_col0,512,375,0,68
1092,1012671,5f54a832376b920cdc467195,1092,63,14,508,116,1204.328125,246.18832891246683,0.9921875,0.129973474801061,False,row0_col2,512,377,0,67
1093,443991,2c26a77005e1ed9b640e64e2,1093,23,25,188,204,521.5390625,431.35013262599472,0.3671875,0.36339522546419101,False,row1_col1,512,377,0,67
1094,1550039,22ab2c684f502bb67ac25bda,1094,23,27,188,220,497.25,451.80361757105942,0.3671875,0.40826873385012918,False,row1_col1,512,387,0,62
1095,2955867,46a12f7a348173b31e79d614,1095,27,41,220,332,598.234375,691.39130434782612,0.4296875,0.70652173913043481,False,row2_col1,512,368,0,72
1096,440915,71091e47820a3c9f89438620,1096,19,41,156,332,457.8984375,703.28381962864717,0.3046875,0.70291777188328908,False,row2_col0,512,377,0,67
1097,2155782,abac48c206f4f9db98c1c8cf,1097,6,20,52,164,237.6171875,340.02325581395348,0.1015625,0.26356589147286824,False,row0_col0,512,387,0,62
1098,2221748,442850a2087d62c7e9453fcd,1098,52,26,420,212,1039.0625,440.84946236559142,0.8203125,0.38172043010752688,False,row1_col2,512,372,0,70
1099,75680,53fb6371aca16bd9381723b1,1099,32,30,260,244,669.671875,514.05804749340371,0.5078125,0.46965699208443273,False,row1_col1,512,379,0,66
1100,2185606,e47bf05116ca1e4921049cf3,1100,6,38,52,308,246.6328125,654.27182044887786,0.1015625,0.63092269326683292,False,row1_col0,512,401,0,55
1101,306271,7362ade95f32642a9f44c44a,1101,31,49,252,396,690.234375,848.5854271356784,0.4921875,0.85175879396984921,False,row2_col1,512,398,0,57
1102,2156651,abac48c206f4f9db98c1c8cf,1102,43,33,348,268,872.9765625,563.34108527131775,0.6796875,0.53229974160206717,False,row1_col2,512,387,0,62
1103,2327931,45bfb62d2b8a12a9724eb563,1103,59,21,476,172,1116.078125,362.20424403183023,0.9296875,0.27851458885941643,False,row0_col2,512,377,0,67
1104,2381623,87721955af6f57a012d16d47,1104,55,28,444,228,1036.3046875,463,0.8671875,0.42592592592592593,False,row1_col2,512,378,0,67
1105,656948,83203b6a93dc2b164a5d9ce8,1105,52,24,420,196,1026.7265625,400.9482288828338,0.8203125,0.33787465940054495,False,row1_col2,512,367,0,72
1106,2172494,eedf98ccb5a364857973747a,1106,14,25,116,204,415.6328125,436.09651474530835,0.2265625,0.36193029490616624,False,row1_col0,512,373,0,69
1107,333521,587b74bfc019c7be94717f25,1107,17,27,140,220,402.8828125,449.61290322580641,0.2734375,0.40322580645161288,False,row1_col0,512,372,0,70
1108,2156581,abac48c206f4f9db98c1c8cf,1108,37,32,300,260,769.9453125,546.16279069767438,0.5859375,0.51162790697674421,False,row1_col1,512,387,0,62
1109,1849123,cdd3402e4d0aa4a5fbc61954,1109,35,28,284,228,681.6015625,476.91511936339526,0.5546875,0.4270557029177719,False,row1_col1,512,377,0,67
1110,977438,2d869e49280e98d4f624cdc6,1110,30,40,244,324,616.75,702.83291139240509,0.4765625,0.67341772151898738,False,row2_col1,512,395,0,58
1111,1370475,1b4772939ca9ecd9e08d219a,1111,43,37,348,300,842.8125,630.64210526315787,0.6796875,0.61578947368421055,False,row1_col2,512,380,0,66
1112,2221531,442850a2087d62c7e9453fcd,1112,27,23,220,188,610.9375,389.49462365591398,0.4296875,0.31720430107526881,False,row0_col1,512,372,0,70
1113,1297039,e926571edbf8ab4ef6827bb2,1113,15,42,124,340,376.734375,722.43927648578813,0.2421875,0.71834625322997414,False,row2_col0,512,387,0,62
1114,2406191,cbbfcf781cf2e6b2a448637f,1114,47,28,380,228,921.890625,469.19791666666663,0.7421875,0.42708333333333331,False,row1_col2,512,384,0,64
1115,2316900,fd91ca2d579cd9fb68161c3b,1115,36,41,292,332,781.2109375,709,0.5703125,0.69999999999999996,False,row2_col1,512,380,0,66
1116,1111300,825a1b23f7b0d75436750d93,1116,4,20,36,164,230.765625,325.06806282722516,0.0703125,0.25916230366492149,False,row0_col0,512,382,0,65
1117,1866618,f811b6561edd9f797ff5e802,1117,58,45,468,364,1122.5546875,768.20266666666669,0.9140625,0.78933333333333333,False,row2_col2,512,375,0,68
1118,1690265,adea380903a21f32cbcdb240,1118,25,42,204,340,552.0625,691.4375,0.3984375,0.71875,False,row2_col1,512,384,0,64
1119,2406414,cbbfcf781cf2e6b2a448637f,1119,14,32,116,260,353.671875,538.11458333333326,0.2265625,0.51041666666666663,False,row1_col0,512,384,0,64
1120,291416,fe93b73ddd86f0b267f37da8,1120,24,9,196,76,554.8359375,147.62334217506631,0.3828125,0.023872679045092837,False,row0_col1,512,377,0,67
1121,460623,89b989a81f1da592d59cc87b,1121,15,29,124,236,400.3125,502.17073170731709,0.2421875,0.44715447154471544,False,row1_col0,512,369,0,71
1122,1120779,7c82c52bae96e3de9eb55c46,1122,11,40,92,324,301.9140625,679.08695652173913,0.1796875,0.68478260869565222,False,row2_col0,512,368,0,72
1123,2168696,736df5902e9879b38b3b9634,1123,56,29,452,236,1072.2109375,495.6850393700787,0.8828125,0.44881889763779526,False,row1_col2,512,381,0,65
1124,2184599,e47bf05116ca1e4921049cf3,1124,23,22,188,180,541.2109375,376.88528678304243,0.3671875,0.3117206982543641,False,row0_col1,512,401,0,55
1125,2091087,84260c9ea667e4b1cdc99d6e,1125,15,33,124,268,380.6796875,563.19148936170211,0.2421875,0.53191489361702127,False,row1_col0,512,376,0,68
1126,2356472,87a418aeb28937346e884495,1126,56,19,452,156,1157.0390625,329.29007633587787,0.8828125,0.24681933842239187,False,row0_col2,512,393,0,59
1127,2411300,4353ce725c8d749885d3c4b7,1127,36,44,292,356,691.0625,749.21052631578948,0.5703125,0.76315789473684215,False,row2_col1,512,380,0,66
1128,2193329,31f176914f7ef2559f447dab,1128,49,30,396,244,960.6875,520.29508196721315,0.7734375,0.46721311475409838,False,row1_col2,512,366,0,73
1129,2438875,4b2934de204003644e1cf7cc,1129,27,27,220,220,630.3671875,462.96774193548384,0.4296875,0.40322580645161288,False,row1_col1,512,372,0,70
1130,2394746,d38497f6cb09922f8f3dcf04,1130,58,41,468,332,1194.7265625,701.54330708661416,0.9140625,0.70078740157480313,False,row2_col2,512,381,0,65
1131,1112600,825a1b23f7b0d75436750d93,1131,24,40,196,324,576.390625,671.03664921465963,0.3828125,0.67801047120418845,False,row2_col1,512,382,0,65
1132,957352,a9d0ff3cc6fb5dab5212ac12,1132,40,46,324,372,820.7265625,783.92913385826773,0.6328125,0.80577427821522307,False,row2_col1,512,381,0,65
1133,1862324,f4ac4da33960d6b1e1780732,1133,52,42,420,340,963.421875,717.15445026178008,0.8203125,0.71989528795811519,False,row2_col2,512,382,0,65
1134,1841243,220c8ee1c69449f9af0ae7f1,1134,27,33,220,268,542.515625,577.34375,0.4296875,0.53125,False,row1_col1,512,384,0,64
1135,1930693,08e2b3b386fb9b49a55d363c,1135,5,23,44,188,220.2734375,389.33684210526314,0.0859375,0.32105263157894737,False,row0_col0,512,380,0,66
1136,1194669,e2d24e5a47106bd7023a7d65,1136,45,42,364,340,901.6953125,723.24137931034488,0.7109375,0.72413793103448276,False,row2_col2,512,377,0,67
1137,2070387,f4df64b5ff783c747eb82df3,1137,51,29,412,236,1035.3515625,504.08800000000002,0.8046875,0.44800000000000001,False,row1_col2,512,375,0,68
1138,2222858,442850a2087d62c7e9453fcd,1138,10,44,84,356,319.8125,748.97849462365593,0.1640625,0.76881720430107525,False,row2_col0,512,372,0,70
1139,1091946,12def0a47aa043439d178972,1139,42,37,340,300,880.4375,622.10638297872333,0.6640625,0.61702127659574468,False,row1_col1,512,376,0,68
1140,1959634,113ae33369eea4ce7f0b6955,1140,18,27,148,220,413.6796875,465.72679045092838,0.2890625,0.40583554376657827,False,row1_col0,512,377,0,67
1141,2058696,80f88014c0d14ab592726fe3,1141,8,39,68,316,247.9609375,677.4209115281501,0.1328125,0.66219839142091153,False,row1_col0,512,373,0,69
1142,1567184,1fae9ba9c99bf430c1e582d7,1142,16,39,132,316,388.3984375,667.18253968253964,0.2578125,0.65873015873015872,False,row1_col0,512,378,0,67
1143,2049436,91decb18deafedf261951d4d,1143,28,22,228,180,571.0625,381.72994652406419,0.4453125,0.2967914438502674,False,row0_col1,512,374,0,69
1144,2079208,f90b9ab0071176524a75e54f,1144,40,39,324,316,787.5625,673.82460732984293,0.6328125,0.65706806282722519,False,row1_col1,512,382,0,65
1145,1730550,e858091360537aba1a4ec74e,1145,54,31,436,252,1070.234375,526.33333333333326,0.8515625,0.489247311827957,False,row1_col2,512,372,0,70
1146,2410251,4353ce725c8d749885d3c4b7,1146,11,28,92,228,262.9375,475.02105263157893,0.1796875,0.4263157894736842,False,row1_col0,512,380,0,66
1147,2046197,7e205d3f86dfa2c6e030bdfc,1147,53,35,428,284,1037.6796875,595.88976377952758,0.8359375,0.57480314960629919,False,row1_col2,512,381,0,65
1148,1266528,571ee3662d24063a85881fe9,1148,32,13,260,108,694.1640625,208.10000000000002,0.5078125,0.10000000000000001,False,row0_col1,512,370,0,71
1149,2517705,a4a1ff5a510d9f0f6ff44d92,1149,9,43,76,348,325.3203125,731.34656084656081,0.1484375,0.74338624338624337,False,row2_col0,512,378,0,67
1150,2655469,3f0b56e3daead59ea51a5d24,1150,45,19,364,156,923.0078125,320.09375,0.7109375,0.23958333333333334,False,row0_col2,512,384,0,64
1151,2676691,69e9731cb1bb99f66cbbadef,1151,19,31,156,252,484.2890625,522.34736842105258,0.3046875,0.48947368421052634,False,row1_col0,512,380,0,66
1152,411014,813b908ddf7d0066a8a11ef6,1152,6,22,52,180,224.328125,363.93663911845726,0.1015625,0.29201101928374656,False,row0_col0,512,363,0,74
1153,2431828,63727db752b5ff12377d012c,1153,20,45,164,364,489.2265625,773.21875,0.3203125,0.78125,False,row2_col0,512,384,0,64
1154,1893800,1d12ec902c3113b35c317ef8,1154,40,22,324,180,813.296875,374.64116094986809,0.6328125,0.30079155672823221,False,row0_col1,512,379,0,66
1155,2882234,92aabc20a6f4499561293f2f,1155,58,42,468,340,1136.296875,701.71351351351348,0.9140625,0.72702702702702704,False,row2_col2,512,370,0,71
1156,1865030,f811b6561edd9f797ff5e802,1156,6,21,52,172,229.6171875,355.53066666666666,0.1015625,0.27733333333333332,False,row0_col0,512,375,0,68
1157,2292197,8430cec5bf6a0ee7d4c4b34e,1157,37,39,300,316,797.4296875,657.3007915567282,0.5859375,0.65963060686015829,False,row1_col1,512,379,0,66
1158,2411110,4353ce725c8d749885d3c4b7,1158,38,41,308,332,725.3125,697.79999999999995,0.6015625,0.69999999999999996,False,row2_col1,512,380,0,66
1159,1689764,adea380903a21f32cbcdb240,1159,36,34,292,276,743.1875,552.4375,0.5703125,0.55208333333333337,False,row1_col1,512,384,0,64
1160,2156306,abac48c206f4f9db98c1c8cf,1160,18,28,148,228,443.6796875,477.44961240310079,0.2890625,0.4289405684754522,False,row1_col0,512,387,0,62
1161,1894838,1d12ec902c3113b35c317ef8,1161,54,38,436,308,1052.609375,648.20316622691291,0.8515625,0.63852242744063326,False,row1_col2,512,379,0,66
1162,1894057,1d12ec902c3113b35c317ef8,1162,41,26,332,212,830.390625,443.0316622691293,0.6484375,0.38522427440633245,False,row1_col1,512,379,0,66
1163,194931,70167206a708a11cfa66d657,1163,51,37,412,300,1029.7890625,631.15817694369969,0.8046875,0.61930294906166217,False,row1_col2,512,373,0,69
1164,2042002,1159f92ec9c55b3c4702769b,1164,18,34,148,276,437.8125,591.79569892473114,0.2890625,0.55376344086021501,False,row1_col0,512,372,0,70
1165,1677007,d03761371d8aa9c1e3445f8d,1165,15,27,124,220,371.1015625,439.56486486486489,0.2421875,0.4027027027027027,False,row1_col0,512,370,0,71
1166,743643,04b10b19c991ff0f07deda16,1166,27,35,220,284,595.234375,603.55999999999995,0.4296875,0.57599999999999996,False,row1_col1,512,375,0,68
1167,2164587,37c49f476ea9c80e5566cd34,1167,43,29,348,236,830.6171875,499.14285714285717,0.6796875,0.44708994708994709,False,row1_col2,512,378,0,67
1168,1656345,45b11473d4f5f125115c882f,1168,25,24,204,196,536.0703125,376.21052631578948,0.3984375,0.34210526315789475,False,row1_col1,512,380,0,66
1169,1006301,2fb5196803f6c730af314161,1169,29,43,236,348,644.953125,743.29999999999995,0.4609375,0.74210526315789471,False,row2_col1,512,380,0,66
1170,2480434,c71b7281815add7bc72e0af6,1170,50,36,404,292,995.546875,614.89999999999998,0.7890625,0.59473684210526312,False,row1_col2,512,380,0,66
1171,2914359,fede9202cd41f9fef004cc9a,1171,55,32,444,260,1040.640625,550.11290322580646,0.8671875,0.510752688172043,False,row1_col2,512,372,0,70
1172,2213306,71189113f916283b21e2571b,1172,58,22,468,180,1150.7265625,375.9677419354839,0.9140625,0.29569892473118281,False,row0_col2,512,372,0,70
1173,2554343,d51f5564f4e76c5f59463abb,1173,39,39,316,316,814.3125,659.96875,0.6171875,0.65625,False,row1_col1,512,384,0,64
1174,2378053,d8e33de8429b55ebb8877642,1174,5,37,44,300,168.4453125,630.64533333333338,0.0859375,0.6186666666666667,False,row1_col0,512,375,0,68
1175,2201269,25243d794ab291df05447bc6,1175,53,26,428,212,1034.53125,442.53846153846155,0.8359375,0.38461538461538464,False,row1_col2,512,377,0,67
1176,1624451,e764a382e06a2d9870d6385d,1176,3,38,28,308,159.265625,641.36784741144402,0.0546875,0.64305177111716616,False,row1_col0,512,367,0,72
1177,2791496,0aefb854b741b33901ea1e52,1177,8,33,68,268,264.0234375,555,0.1328125,0.53333333333333333,False,row1_col0,512,375,0,68
1178,2053546,43a8d937bdc326d6174ea535,1178,42,22,340,180,876.4765625,380.08510638297872,0.6640625,0.2978723404255319,False,row0_col1,512,376,0,68
1179,1947054,9ac9ebb9578650063235ec30,1179,46,22,372,180,892.4921875,379.96083550913841,0.7265625,0.30287206266318539,False,row0_col2,512,383,0,64
1180,1688902,adea380903a21f32cbcdb240,1180,6,21,52,172,221.9375,326.5625,0.1015625,0.28125,False,row0_col0,512,384,0,64
1181,1660562,84a3e62ce078286ce2c7c91e,1181,18,26,148,212,403.4375,440.90206185567013,0.2890625,0.38659793814432991,False,row1_col0,512,388,0,62
1182,1423517,e10a5a39c537eaf14c46b2be,1182,29,34,236,276,617.953125,585.08510638297867,0.4609375,0.55319148936170215,False,row1_col1,512,376,0,68
1183,275741,25b175f8a0414b88adf3bbf2,1183,29,20,236,164,629.796875,341.36000000000001,0.4609375,0.25600000000000001,False,row0_col1,512,375,0,68
1184,1862470,f4ac4da33960d6b1e1780732,1184,6,45,52,364,177.109375,768.48429319371724,0.1015625,0.7827225130890052,False,row2_col0,512,382,0,65
1185,690798,7ab749d4fd062c3c49f0ba2a,1185,46,41,372,332,943.3046875,685.43902439024384,0.7265625,0.70731707317073167,False,row2_col2,512,369,0,71
1186,1283546,c334dd8d45005b5a85e577b3,1186,26,23,212,188,562.6796875,378.36708860759489,0.4140625,0.32911392405063289,False,row0_col1,512,395,0,58
1187,715115,dd4ad461de197a243a121525,1187,43,37,348,300,883.3359375,617.6806282722514,0.6796875,0.61518324607329844,False,row1_col2,512,382,0,65
1188,321897,f228eee20ee0df690a4e51b6,1188,41,37,332,300,836.1171875,642.29411764705878,0.6484375,0.61764705882352944,False,row1_col1,512,374,0,69
1189,2292323,8430cec5bf6a0ee7d4c4b34e,1189,35,41,284,332,763.2734375,691.49604221635889,0.5546875,0.70184696569920846,False,row2_col1,512,379,0,66
1190,2340410,c977bea10bf03c99460cec13,1190,58,24,468,196,1109.46875,408.5,0.9140625,0.34210526315789475,False,row1_col2,512,380,0,66
1191,1522360,d78a35ec684695d072d6b211,1191,56,42,452,340,1077.390625,706.59249329758711,0.8828125,0.72654155495978556,False,row2_col2,512,373,0,69
1192,1296845,e926571edbf8ab4ef6827bb2,1192,13,39,108,316,341.671875,669.9121447028424,0.2109375,0.65633074935400515,False,row1_col0,512,387,0,62
1193,415002,1bd5ba6fc69d7720973528ca,1193,26,20,212,164,557.1953125,343.66666666666663,0.4140625,0.25268817204301075,False,row0_col1,512,372,0,70
1194,218888,d1458cc139bf5041872709d8,1194,8,28,68,228,229.6875,482.13684210526316,0.1328125,0.4263157894736842,False,row1_col0,512,380,0,66
1195,2635817,ee0789a261852bef9369707a,1195,41,32,332,260,859.171875,551.21563342318063,0.6484375,0.5121293800539084,False,row1_col1,512,371,0,70
1196,243756,cb14ed724416e3ae9c8de0f8,1196,44,32,356,260,862.015625,548.73170731707319,0.6953125,0.51219512195121952,False,row1_col2,512,369,0,71
1197,2185045,e47bf05116ca1e4921049cf3,1197,21,29,172,236,506.5546875,498.24189526184534,0.3359375,0.45137157107231918,False,row1_col1,512,401,0,55
1198,108979,6ac91469a3c514313640a2f3,1198,51,38,412,308,1004.3984375,646.07297297297293,0.8046875,0.64054054054054055,False,row1_col2,512,370,0,71
1199,2357603,87a418aeb28937346e884495,1199,35,37,284,300,793.1484375,641.47328244274809,0.5546875,0.61323155216284986,False,row1_col1,512,393,0,59
1200,2172258,eedf98ccb5a364857973747a,1200,34,21,276,172,757.1953125,367.8069705093834,0.5390625,0.27613941018766758,False,row0_col1,512,373,0,69
1201,440262,71091e47820a3c9f89438620,1201,6,31,52,252,232.6328125,529.91511936339521,0.1015625,0.49071618037135278,False,row1_col0,512,377,0,67
1202,1337394,7b4cc3d763377e93f41b6962,1202,50,32,404,260,965.546875,557.60540540540546,0.7890625,0.51081081081081081,False,row1_col2,512,370,0,71
1203,661986,6257a4d8f1cbc9c83fba2d60,1203,34,39,276,316,694.7421875,675.78260869565213,0.5390625,0.66304347826086951,False,row1_col1,512,368,0,72
1204,2189325,57d3f410b6fcba2a57bda29d,1204,13,32,108,260,367.296875,554.22427440633237,0.2109375,0.51187335092348285,False,row1_col0,512,379,0,66
1205,1373602,4d5c5a4af0d0418475b08f37,1205,34,22,276,180,737.046875,367.27659574468083,0.5390625,0.2978723404255319,False,row0_col1,512,376,0,68
1206,2341333,c977bea10bf03c99460cec13,1206,21,39,172,316,473.53125,666.5,0.3359375,0.65789473684210531,False,row1_col1,512,380,0,66
1207,2757969,3bfdd25cbb71671f75e39ff5,1207,17,21,140,172,414.421875,353.06068601583115,0.2734375,0.27968337730870713,False,row0_col0,512,379,0,66
1208,2102409,e8abeda485644b2b7acbf9f4,1208,9,18,76,148,245.2421875,305.32808398950135,0.1484375,0.2178477690288714,False,row0_col0,512,381,0,65
1209,1800370,5dcfc0e65ab4ebc09fc86fbe,1209,50,34,404,276,995.0703125,557.85164835164835,0.7890625,0.55494505494505497,False,row1_col2,512,364,0,74
1210,2382392,87721955af6f57a012d16d47,1210,56,40,452,324,1053.4453125,668.71428571428567,0.8828125,0.67989417989417988,False,row2_col2,512,378,0,67
1211,2280612,5676e48fb1caa42ecdd07480,1211,36,50,292,404,700.4765625,860.56390977443607,0.5703125,0.8721804511278195,False,row2_col1,512,399,0,56
1212,2313223,78a32a3097554d80ef1bac9c,1212,7,48,60,388,252.0859375,823.42440318302386,0.1171875,0.85145888594164454,False,row2_col0,512,377,0,67
1213,1853851,f06dd4b0ff466537119cc2af,1213,27,38,220,308,572.9375,651.26881720430106,0.4296875,0.63978494623655913,False,row1_col1,512,372,0,70
1214,2595322,0a002938726018c2f380fd7f,1214,58,39,468,316,1100.3828125,659.08108108108104,0.9140625,0.66216216216216217,False,row1_col2,512,370,0,71
1215,1837497,c3cb302619dac53bc3e9a2b8,1215,57,38,460,308,1081.890625,660.60212201591514,0.8984375,0.63925729442970824,False,row1_col2,512,377,0,67
1216,2688359,d692f72fe45c727cb0757d5a,1216,39,21,316,172,857.2890625,339.55012853470436,0.6171875,0.28534704370179947,False,row0_col1,512,389,0,61
1217,2393459,d38497f6cb09922f8f3dcf04,1217,51,21,412,172,1074.7421875,358.4461942257218,0.8046875,0.28083989501312334,False,row0_col2,512,381,0,65
1218,816922,87fbd4752229b1af092fadbf,1218,26,28,212,228,577.4375,479.28150134048258,0.4140625,0.42627345844504022,False,row1_col1,512,373,0,69
1219,2549060,b672bab83cdd2e2fd3e3b92b,1219,4,21,36,172,202.8359375,342.36649214659684,0.0703125,0.28010471204188481,False,row0_col0,512,382,0,65
1220,2341156,c977bea10bf03c99460cec13,1220,36,36,292,292,731.34375,614.89999999999998,0.5703125,0.59473684210526312,False,row1_col1,512,380,0,66
1221,841720,1240ac28d17f51ba5c00837b,1221,56,31,452,252,1127.2734375,506.9366754617414,0.8828125,0.49076517150395776,False,row1_col2,512,379,0,66
1222,2209740,e1bd21e34648fdeb39895cd0,1222,12,31,100,252,294.0625,529.44086021505382,0.1953125,0.489247311827957,False,row1_col0,512,372,0,70
1223,1996714,fae0767fbbc62b038bf2e8d7,1223,42,30,340,244,828.8046875,519.80428954423587,0.6640625,0.46916890080428952,False,row1_col1,512,373,0,69
1224,1022522,e76382313fb64f5a0099633f,1224,58,40,468,324,1128.75,690.75,0.9140625,0.67708333333333337,False,row2_col2,512,384,0,64
1225,2915645,fede9202cd41f9fef004cc9a,1225,61,52,492,420,1143.953125,894.62903225806451,0.9609375,0.94086021505376349,False,row2_col2,512,372,0,70
1226,2471323,e9b79f16d364e3a2fa877ce7,1226,27,22,220,180,591.515625,366.49729729729728,0.4296875,0.29459459459459458,False,row0_col1,512,370,0,71
1227,1836879,c3cb302619dac53bc3e9a2b8,1227,15,29,124,236,363.953125,506.86206896551727,0.2421875,0.44827586206896552,False,row1_col0,512,377,0,67
1228,1906683,29967e147eb9c7a768964adf,1228,59,31,476,252,1128.7265625,534.48010610079575,0.9296875,0.49071618037135278,False,row1_col2,512,377,0,67
1229,26403,b6eaf5e811a0be7062ed1bb3,1229,35,28,284,228,697.1484375,471.35751295336792,0.5546875,0.42746113989637308,False,row1_col1,512,386,0,63
1230,2222317,442850a2087d62c7e9453fcd,1230,45,35,364,284,919.1875,594.91397849462373,0.7109375,0.57526881720430112,False,row1_col2,512,372,0,70
1231,997780,329683efc579c51b53f71da8,1231,20,38,164,308,481.1875,651.03157894736842,0.3203125,0.63684210526315788,False,row1_col0,512,380,0,66
1232,1840610,220c8ee1c69449f9af0ae7f1,1232,34,23,276,188,663.046875,405.05208333333337,0.5390625,0.32291666666666669,False,row0_col1,512,384,0,64
1233,2167976,736df5902e9879b38b3b9634,1233,40,18,324,148,797.4609375,306.98162729658793,0.6328125,0.2178477690288714,False,row0_col1,512,381,0,65
1234,352931,5477e1d816f3af5d3adf2b48,1234,35,10,284,84,721.703125,178.48186528497411,0.5546875,0.054404145077720206,False,row0_col1,512,386,0,63
1235,2155717,abac48c206f4f9db98c1c8cf,1235,5,19,44,156,220.4453125,322.84496124031011,0.0859375,0.24289405684754523,False,row0_col0,512,387,0,62
1236,1173845,50086bd6ca8500ae698af9ac,1236,21,37,172,300,505.546875,623.12919896640824,0.3359375,0.61498708010335912,False,row1_col1,512,387,0,62
1237,2169762,736df5902e9879b38b3b9634,1237,34,46,276,372,694.4296875,787.3175853018372,0.5390625,0.80577427821522307,False,row2_col1,512,381,0,65
1238,2750485,c06d3ceaf63e1591e4fb4494,1238,21,32,172,260,500.5546875,549.1596858638743,0.3359375,0.51047120418848169,False,row1_col1,512,382,0,65
1239,1858276,7a0f74886ddf2564aac2dcae,1239,36,43,292,348,721.6328125,741.53743315508018,0.5703125,0.74598930481283421,False,row2_col1,512,374,0,69
1240,684833,a0f12f3555715d52a9a54e99,1240,33,12,268,100,680.0625,188.10966057441254,0.5234375,0.093994778067885115,False,row0_col1,512,383,0,64
1241,468944,7c41685bf488a58de2fe104b,1241,16,31,132,252,388.3984375,533.34736842105258,0.2578125,0.48947368421052634,False,row1_col0,512,380,0,66
1242,1218442,fa425b55ae4649a7440cdfd7,1242,10,30,84,244,287.796875,501.13903743315507,0.1640625,0.46791443850267378,False,row1_col0,512,374,0,69
1243,2885255,aaa015ca6a44f303044cb7bf,1243,7,26,60,212,263.9609375,443.23076923076923,0.1171875,0.38461538461538464,False,row1_col0,512,377,0,67
1244,2107486,5d258a6d34f1b116ab308ce4,1244,30,33,244,268,632.3125,547.19148936170211,0.4765625,0.53191489361702127,False,row1_col1,512,376,0,68
1245,2882108,92aabc20a6f4499561293f2f,1245,60,40,484,324,1170.734375,667.29189189189185,0.9453125,0.68378378378378379,False,row2_col2,512,370,0,71
1246,2704291,36bbd488b40fa9d32e6c7611,1246,35,14,284,116,747.484375,241.56032171581768,0.5546875,0.12600536193029491,False,row0_col1,512,373,0,69
1247,669112,43ee58770e40e876f08e8074,1247,56,22,452,180,1093.859375,354.91711229946526,0.8828125,0.2967914438502674,False,row0_col2,512,374,0,69
1248,2349550,37faa40414dba1a334ec7ebb,1248,46,39,372,316,931.3125,671.38709677419354,0.7265625,0.66129032258064513,False,row1_col2,512,372,0,70
1249,402698,76884f70ebe18c8dbf09d6a5,1249,10,20,84,164,264.765625,338.26992287917739,0.1640625,0.2647814910025707,False,row0_col0,512,389,0,61
1250,2409509,4353ce725c8d749885d3c4b7,1250,37,16,300,132,708.1875,269.37894736842105,0.5859375,0.1736842105263158,False,row0_col1,512,380,0,66
1251,1968796,af227d5d2da548642af3d8e8,1251,28,42,228,340,547.8515625,721.19422572178473,0.4453125,0.72178477690288712,False,row2_col1,512,381,0,65
1252,1570214,2a108eb667fa6df333f44d0c,1252,38,22,308,180,760.9296875,357.23544973544972,0.6015625,0.29894179894179895,False,row0_col1,512,378,0,67
1253,2094474,df913345c4c2be5eeed41459,1253,10,22,84,180,312.9453125,378.39896373056996,0.1640625,0.30310880829015546,False,row0_col0,512,386,0,63
1254,2156744,abac48c206f4f9db98c1c8cf,1254,8,35,68,284,271.9609375,597.69767441860472,0.1328125,0.5736434108527132,False,row1_col0,512,387,0,62
1255,497816,49300051975ddaf699eca8d9,1255,24,34,196,276,528.859375,594.09433962264154,0.3828125,0.55525606469002697,False,row1_col1,512,371,0,70
1256,2340077,c977bea10bf03c99460cec13,1256,45,19,364,156,886.03125,322.5,0.7109375,0.23684210526315788,False,row0_col2,512,380,0,66
1257,2747121,e05c476bdaaa88a4e12af225,1257,49,43,396,348,977.7421875,729.9575596816976,0.7734375,0.74535809018567645,False,row2_col2,512,377,0,67
1258,2397576,7e43c32828df193edc42ddff,1258,8,22,68,180,296.9609375,380.72533333333337,0.1328125,0.29866666666666669,False,row0_col0,512,375,0,68
1259,1730542,e858091360537aba1a4ec74e,1259,46,31,372,252,931.484375,526.33333333333326,0.7265625,0.489247311827957,False,row1_col2,512,372,0,70
1260,2131865,830ee1acd4627b4aa99fcc61,1260,25,30,204,244,557.6875,514.79015544041454,0.3984375,0.4689119170984456,False,row1_col1,512,386,0,63
1261,695109,75e6d970a10dafc3054e0571,1261,5,45,44,364,231.5625,769.02439024390242,0.0859375,0.79403794037940378,False,row2_col0,512,369,0,71
1262,690161,7ab749d4fd062c3c49f0ba2a,1262,49,31,396,252,995.1953125,512.43089430894315,0.7734375,0.49051490514905149,False,row1_col2,512,369,0,71
1263,2808420,8add5feca183d695007a94e7,1263,36,41,292,332,742.765625,702.39130434782612,0.5703125,0.70652173913043481,False,row2_col1,512,368,0,72
1264,801590,3d9a63ef1fa66bf91e525440,1264,54,44,436,356,1075.3828125,769.5775401069518,0.8515625,0.76737967914438499,False,row2_col2,512,374,0,69
1265,1287087,e366b8893ee234784cfdf96a,1265,47,14,380,116,957.4765625,226.4145728643216,0.7421875,0.14824120603015076,False,row0_col2,512,398,0,57
1266,2115671,7ed463394b5acb61e1574507,1266,23,33,188,268,487.8046875,567.6875,0.3671875,0.53125,False,row1_col1,512,384,0,64
1267,846004,af05ccec25502117ca3f9a04,1267,52,34,420,276,1051.1875,590.53638814016176,0.8203125,0.55525606469002697,False,row1_col2,512,371,0,70
1268,2046122,7e205d3f86dfa2c6e030bdfc,1268,42,34,340,276,849.8203125,578.79790026246724,0.6640625,0.5538057742782152,False,row1_col1,512,381,0,65
1269,445046,2c26a77005e1ed9b640e64e2,1269,54,41,436,332,1053.8671875,706.36339522546416,0.8515625,0.70291777188328908,False,row2_col2,512,377,0,67
1270,510513,f5fa9934c3d9553bf163df86,1270,49,40,396,324,954.1953125,676.47354497354502,0.7734375,0.67989417989417988,False,row2_col2,512,378,0,67
1271,1025017,a5544cf8c3f4495df7d798ea,1271,57,15,460,124,1113.0625,252.45714285714286,0.8984375,0.15844155844155844,False,row0_col2,512,385,0,63
1272,2757973,3bfdd25cbb71671f75e39ff5,1272,21,21,172,172,483.546875,353.06068601583115,0.3359375,0.27968337730870713,False,row0_col1,512,379,0,66
1273,939496,4f2e92e1b80cd39c3cba6440,1273,40,23,324,188,788.359375,384.51063829787233,0.6328125,0.31914893617021278,False,row0_col1,512,376,0,68
1274,2909283,922064a26912754f70ed0696,1274,35,17,284,140,712.0390625,284.08695652173913,0.5546875,0.18478260869565216,False,row0_col1,512,368,0,72
1275,1665021,06a76bf899fbda6d8aa83969,1275,61,31,492,252,1174.796875,516.85106382978722,0.9609375,0.48936170212765956,False,row1_col2,512,376,0,68
1276,2351863,47ecb67f20914fe9324d2108,1276,55,11,444,92,1081.3125,178.31034482758622,0.8671875,0.066312997347480113,False,row0_col2,512,377,0,67
1277,1836422,c3cb302619dac53bc3e9a2b8,1277,6,22,52,180,210.109375,387.28647214854107,0.1015625,0.29973474801061006,False,row0_col0,512,377,0,67
1278,1263409,989a37c8050457fbad77b5fc,1278,49,28,396,228,953.515625,481.80487804878049,0.7734375,0.42547425474254741,False,row1_col2,512,369,0,71
1279,2189480,57d3f410b6fcba2a57bda29d,1279,40,34,324,276,833.890625,588.79947229551453,0.6328125,0.55408970976253302,False,row1_col1,512,379,0,66
1280,1616519,83857231f379f6809fc9639f,1280,7,42,60,340,277.078125,718.57692307692309,0.1171875,0.73076923076923073,False,row2_col0,512,364,0,74
1281,2378426,d8e33de8429b55ebb8877642,1281,58,42,468,340,1078.5546875,716.61866666666674,0.9140625,0.72533333333333339,False,row2_col2,512,375,0,68
1282,1525909,07b130ea95144215cd673c8b,1282,21,34,172,276,496.203125,572.5,0.3359375,0.55263157894736847,False,row1_col1,512,380,0,66
1283,141158,2943c088e8878c50a249592d,1283,38,29,308,236,799.9375,489.04255319148933,0.6015625,0.44680851063829785,False,row1_col1,512,376,0,68
1284,2332772,9fbe77467132d5c93ee01128,1284,36,33,292,268,785.7734375,562.85676392572941,0.5703125,0.53315649867374004,False,row1_col1,512,377,0,67
1285,321933,f228eee20ee0df690a4e51b6,1285,13,38,108,308,350.9296875,659.62032085561498,0.2109375,0.63903743315508021,False,row1_col0,512,374,0,69
1286,2152466,b082c61b6f6397804ebe9514,1286,18,32,148,260,450.9453125,551.11200000000008,0.2890625,0.51200000000000001,False,row1_col0,512,375,0,68
1287,2144412,7e48cd1658e4af2a0a4efc9b,1287,28,34,228,276,625.5078125,590.3342245989304,0.4453125,0.553475935828877,False,row1_col1,512,374,0,69
1288,260277,db58b895d25ece9db831dde2,1288,53,34,428,276,1016.0703125,588.03260869565224,0.8359375,0.55434782608695654,False,row1_col2,512,368,0,72
1289,2276029,d25a12404a5aa914a7906fd6,1289,61,42,492,340,1196.1875,720.34042553191489,0.9609375,0.72340425531914898,False,row2_col2,512,376,0,68
1290,30368,a108220fc21cc09e9e4400ef,1290,32,26,260,212,697.2109375,428.20833333333337,0.5078125,0.38541666666666669,False,row1_col1,512,384,0,64
1291,2124181,dc0b4ccd38f08660aa595e39,1291,21,38,172,308,455.515625,662.20316622691291,0.3359375,0.63852242744063326,False,row1_col1,512,379,0,66
1292,935945,1c3b47236e79243b77075512,1292,9,32,76,260,248.578125,538.10962566844921,0.1484375,0.51069518716577544,False,row1_col0,512,374,0,69
1293,1661232,84a3e62ce078286ce2c7c91e,1293,48,36,388,292,924.6875,614.71649484536078,0.7578125,0.59278350515463918,False,row1_col2,512,388,0,62
1294,203177,ec3ea75e7104e017e03f4921,1294,41,38,332,308,848.9296875,663.29999999999995,0.6484375,0.63684210526315788,False,row1_col1,512,380,0,66
1295,326101,99a260d84ec3760c5165b1f1,1295,21,39,172,316,464.546875,664.73821989528801,0.3359375,0.65706806282722519,False,row1_col1,512,382,0,65
1296,264813,af9f5bd76806962693118d19,1296,45,41,364,332,901.453125,693.0828877005348,0.7109375,0.70320855614973266,False,row2_col2,512,374,0,69
1297,2263070,cdff67add7326ebbbabf8a48,1297,30,32,244,260,639.21875,552.66575342465751,0.4765625,0.51232876712328768,False,row1_col1,512,365,0,73
1298,2049903,91decb18deafedf261951d4d,1298,47,29,380,236,896.4375,501.66577540106954,0.7421875,0.446524064171123,False,row1_col2,512,374,0,69
1299,919579,e5ea460098f78f89058a7af5,1299,27,32,220,260,606.234375,548.6521739130435,0.4296875,0.51086956521739135,False,row1_col1,512,368,0,72
1300,989944,cd0de5b2186c92b842b4814a,1300,56,43,452,348,1123.859375,723.3730158730159,0.8828125,0.74338624338624337,False,row2_col2,512,378,0,67
1301,2669008,dbf09619c576033279939c88,1301,16,39,132,316,388.109375,668.10994764397913,0.2578125,0.65706806282722519,False,row1_col0,512,382,0,65
1302,486088,acce3e29a49a891a750d40b5,1302,8,43,68,348,256.0234375,744.34656084656081,0.1328125,0.74338624338624337,False,row2_col0,512,378,0,67
1303,2808454,8add5feca183d695007a94e7,1303,6,42,52,340,224.328125,719.695652173913,0.1015625,0.72826086956521741,False,row2_col0,512,368,0,72
1304,2894500,603fbff3664fb22ba76787fc,1304,36,42,292,340,696.3359375,713.73983739837399,0.5703125,0.7289972899728997,False,row2_col1,512,369,0,71
1305,2329240,45bfb62d2b8a12a9724eb563,1305,24,42,196,340,517.796875,720.93103448275861,0.3828125,0.72413793103448276,False,row2_col1,512,377,0,67
1306,2947716,0facbe7f29d190dabe109d9e,1306,4,42,36,340,186.9765625,720.92513368983953,0.0703125,0.72459893048128343,False,row2_col0,512,374,0,69
1307,2415336,02b8d585b96bf351d6297716,1307,40,43,324,348,810.296875,724.42894056847547,0.6328125,0.73901808785529721,False,row2_col1,512,387,0,62
1308,2767440,26b9524860e2f239e66cf060,1308,16,41,132,332,400.171875,696.48302872062663,0.2578125,0.69973890339425593,False,row2_col0,512,383,0,64
1309,1981091,17686a11fc83b9f929d8d85e,1309,35,42,284,340,769.9375,722.74193548387098,0.5546875,0.72580645161290325,False,row2_col1,512,372,0,70
1310,662300,6257a4d8f1cbc9c83fba2d60,1310,28,44,228,356,590.9609375,762.304347826087,0.4453125,0.77173913043478259,False,row2_col1,512,368,0,72
1311,235632,7381cb78aaec6db422f04d3f,1311,48,33,388,268,958.8359375,556.30446194225715,0.7578125,0.53280839895013121,False,row1_col2,512,381,0,65
1312,1989925,2b2d0a01139cb06591c16929,1312,37,52,300,420,738.2578125,889.75925925925924,0.5859375,0.93386243386243384,False,row2_col1,512,378,0,67
1313,1996367,fae0767fbbc62b038bf2e8d7,1313,15,25,124,204,365.1640625,433.90616621983918,0.2421875,0.36193029490616624,False,row1_col0,512,373,0,69
1314,2386449,068d42fadee7759ebbad25c7,1314,17,40,140,324,442.6875,682.93455497382195,0.2734375,0.67801047120418845,False,row2_col0,512,382,0,65
1315,1837199,c3cb302619dac53bc3e9a2b8,1315,15,34,124,276,363.953125,592.27320954907168,0.2421875,0.55437665782493373,False,row1_col0,512,377,0,67
1316,2521352,c8ee69c5118846a9c6b2bd2e,1316,8,36,68,292,292.2265625,606.42175066313007,0.1328125,0.59681697612732099,False,row1_col0,512,377,0,67
1317,2230774,d81cb231e10288659e7909e8,1317,54,39,436,316,1082.609375,672.12919896640824,0.8515625,0.65633074935400515,False,row1_col2,512,387,0,62
1318,2357453,87a418aeb28937346e884495,1318,13,35,108,284,411.9296875,606.78625954198469,0.2109375,0.5725190839694656,False,row1_col0,512,393,0,59
1319,2591301,d0b31ef595869ea82b00c98a,1319,5,41,44,332,237.703125,706.89999999999998,0.0859375,0.69999999999999996,False,row2_col0,512,380,0,66
1320,1800290,5dcfc0e65ab4ebc09fc86fbe,1320,34,33,276,268,717.8203125,540.51098901098908,0.5390625,0.53296703296703296,False,row1_col1,512,364,0,74
1321,1058589,85585001e772ec3cedc01ff3,1321,29,28,236,228,669.953125,470.73913043478262,0.4609375,0.42391304347826086,False,row1_col1,512,368,0,72
1322,1920091,516089d2e2e2c9755fbd5142,1322,27,49,220,396,590.2265625,844.9813333333334,0.4296875,0.8746666666666667,False,row2_col1,512,375,0,68
1323,1362263,13b0152a68a53d6271f1d621,1323,23,37,188,300,449.4765625,618.17894736842106,0.3671875,0.61578947368421055,False,row1_col1,512,380,0,66
1324,2364807,583fd37185c66e5b35d4ad0d,1324,7,22,60,180,243.90625,369.11928934010149,0.1171875,0.30710659898477155,False,row0_col0,512,394,0,59
1325,2847463,62d6d7251de0b9863368086e,1325,39,11,316,92,808.2265625,182.60752688172045,0.6171875,0.059139784946236562,False,row0_col1,512,372,0,70
1326,34151,24af453e607e44b054917896,1326,39,21,316,172,831.140625,354.28648648648647,0.6171875,0.27297297297297296,False,row0_col1,512,370,0,71
1327,1391319,8406bcde35f072bc956e4b05,1327,23,43,188,348,505.2109375,727.91758241758237,0.3671875,0.75274725274725274,False,row2_col1,512,364,0,74
1328,2205006,51a10a40effe2814ad9fdc08,1328,14,21,116,172,320.9921875,356.59681697612734,0.2265625,0.27851458885941643,False,row0_col0,512,377,0,67
1329,1309173,829fa0ee35fbd7c1c841a103,1329,53,39,428,316,1012.203125,654.69354838709671,0.8359375,0.66129032258064513,False,row1_col2,512,372,0,70
1330,1558923,58941e2ed5798562410c5326,1330,11,38,92,308,330.2734375,645.8188976377952,0.1796875,0.63779527559055116,False,row1_col0,512,381,0,65
1331,329083,d04aeafeb9e728e609fa7a9e,1331,59,21,476,172,1096.0234375,356.89373297002726,0.9296875,0.27247956403269757,False,row0_col2,512,367,0,72
1332,2221606,442850a2087d62c7e9453fcd,1332,38,24,308,196,799.3125,406.61290322580641,0.6015625,0.33870967741935482,False,row1_col1,512,372,0,70
1333,371182,cee542fc544d914ecb84340b,1333,46,39,372,316,906.7578125,663.16272965879261,0.7265625,0.65879265091863515,False,row1_col2,512,381,0,65
1334,2258645,0ec02acd088fff4c4bbe590f,1334,21,27,172,220,515.1953125,471.26541554959783,0.3359375,0.40482573726541554,False,row1_col1,512,373,0,69
1335,2618874,d76501c670a10ab364d9061e,1335,58,23,468,188,1100.3828125,388.40157480314957,0.9140625,0.32283464566929132,False,row0_col2,512,381,0,65
1336,1399479,178406615aaeb3e456e1b3cc,1336,55,42,444,340,1059.3125,702.66666666666663,0.8671875,0.72222222222222221,False,row2_col2,512,378,0,67
1337,468549,7c41685bf488a58de2fe104b,1337,5,25,44,204,198.1328125,429.51578947368421,0.0859375,0.36315789473684212,False,row1_col0,512,380,0,66
1338,2115494,7ed463394b5acb61e1574507,1338,38,30,308,244,744.9140625,516.3125,0.6015625,0.46875,False,row1_col1,512,384,0,64
1339,927019,b7e5c36b0fcc32f8da70f625,1339,43,20,348,164,841.8515625,334.58918918918914,0.6796875,0.25135135135135134,False,row0_col2,512,370,0,71
1340,2426596,07487879b83ab8bf265d8c1f,1340,36,27,292,220,785.7734375,477.70694087403598,0.5703125,0.40874035989717222,False,row1_col1,512,389,0,61
1341,2062874,0e2145f7a61e9d7634649dca,1341,26,40,212,324,540.984375,693.96747967479666,0.4140625,0.68563685636856364,False,row2_col1,512,369,0,71
1342,1010104,b36b70847afb10b7d1772c50,1342,56,38,452,308,1093.859375,646.97883597883595,0.8828125,0.63756613756613756,False,row1_col2,512,378,0,67
1343,423308,0f0e951d310459324ed1146f,1343,12,22,100,180,339.0390625,369.10000000000002,0.1953125,0.29999999999999999,False,row0_col0,512,380,0,66
1344,1890064,77f12352984de874b6cd5378,1344,16,28,132,228,430.8203125,479,0.2578125,0.42592592592592593,False,row1_col0,512,378,0,67
1345,2430420,63727db752b5ff12377d012c,1345,20,23,164,188,489.2265625,392.34375,0.3203125,0.32291666666666669,False,row0_col0,512,384,0,64
1346,2292194,8430cec5bf6a0ee7d4c4b34e,1346,34,39,276,316,746.1953125,657.3007915567282,0.5390625,0.65963060686015829,False,row1_col1,512,379,0,66
1347,993463,da9443ca80beecb493467926,1347,55,34,444,276,1059.7109375,594.46174142480209,0.8671875,0.55408970976253302,False,row1_col2,512,379,0,66
1348,919757,e5ea460098f78f89058a7af5,1348,13,35,108,284,364.296875,600.56521739130437,0.2109375,0.57608695652173914,False,row1_col0,512,368,0,72
1349,1366366,7caf0646c5e1a5cc3ec3968d,1349,30,37,244,300,610.171875,639.24193548387098,0.4765625,0.61827956989247312,False,row1_col1,512,372,0,70
1350,2156772,abac48c206f4f9db98c1c8cf,1350,36,35,292,284,752.7734375,597.69767441860472,0.5703125,0.5736434108527132,False,row1_col1,512,387,0,62
1351,1895087,1d12ec902c3113b35c317ef8,1351,47,42,380,340,932.953125,716.59366754617417,0.7421875,0.72295514511873349,False,row2_col2,512,379,0,66
1352,2332397,9fbe77467132d5c93ee01128,1352,45,27,364,220,940.3203125,459.72679045092838,0.7109375,0.40583554376657827,False,row1_col2,512,377,0,67
1353,54107,290e1ce1fae9fbe3b937384c,1353,27,13,220,108,585.5234375,223.08174386920982,0.4296875,0.098092643051771122,False,row0_col1,512,367,0,72
1354,2827813,d1b696acc3c7aa007b3f1439,1354,37,24,300,196,768.5625,410.40208877284596,0.5859375,0.34464751958224543,False,row1_col1,512,383,0,64
1355,432402,482fefcd016bb88b2f86f80f,1355,18,36,148,292,455.546875,617.44864864864871,0.2890625,0.5972972972972973,False,row1_col0,512,370,0,71
1356,505936,74dba489b837409bdc9002e2,1356,16,33,132,268,420.6875,552.62140992167099,0.2578125,0.53263707571801566,False,row1_col0,512,383,0,64
1357,1930783,08e2b3b386fb9b49a55d363c,1357,31,24,252,196,665.9296875,406.4736842105263,0.4921875,0.34210526315789475,False,row1_col1,512,380,0,66
1358,1042669,874774544d8697c2062abaed,1358,45,35,364,284,905.3203125,591.14824797843664,0.7109375,0.5768194070080862,False,row1_col2,512,371,0,70
1359,1895322,1d12ec902c3113b35c317ef8,1359,26,46,212,372,573.984375,784.98416886543532,0.4140625,0.80738786279683372,False,row2_col1,512,379,0,66
1360,431508,482fefcd016bb88b2f86f80f,1360,20,22,164,180,489.984375,376.49729729729728,0.3203125,0.29459459459459458,False,row0_col0,512,370,0,71
1361,960228,21eca792f54b686012c5c7ae,1361,36,27,292,220,765.1875,449.91428571428571,0.5703125,0.40779220779220782,False,row1_col1,512,385,0,63
1362,570813,1e5e68e0329b0ca73274b4b5,1362,61,22,492,180,1187.953125,371.20472440944877,0.9609375,0.30183727034120733,False,row0_col2,512,381,0,65
1363,1337267,7b4cc3d763377e93f41b6962,1363,51,30,412,244,982.765625,523.18378378378384,0.8046875,0.46756756756756757,False,row1_col2,512,370,0,71
1364,2376730,d8e33de8429b55ebb8877642,1364,26,16,212,132,529.0546875,269.5573333333333,0.4140625,0.17066666666666666,False,row0_col1,512,375,0,68
1365,2861026,94aacc4991ca8c49186c4c97,1365,34,31,276,252,699.7421875,524.84054054054059,0.5390625,0.48918918918918919,False,row1_col1,512,370,0,71
1366,2413411,02b8d585b96bf351d6297716,1366,35,13,284,108,724.828125,212.18087855297159,0.5546875,0.11886304909560723,False,row0_col1,512,387,0,62
1367,1051181,fa0627dfc5562d2d1ffb7450,1367,45,40,364,324,905.4296875,676.65053763440858,0.7109375,0.68279569892473113,False,row2_col2,512,372,0,70
1368,2697420,187703c2aaaaa1fd86865fe2,1368,12,35,100,284,363.2109375,587.54450261780107,0.1953125,0.57329842931937169,False,row1_col0,512,382,0,65
1369,424458,0f0e951d310459324ed1146f,1369,10,40,84,324,304.6328125,678.70000000000005,0.1640625,0.67894736842105263,False,row2_col0,512,380,0,66
1370,591133,b951568d88267986c2ddff82,1370,29,20,236,164,621.796875,336,0.4609375,0.25,False,row0_col1,512,368,0,72
1371,1131997,f882a0ca74adfbbded05504a,1371,29,23,236,188,627.9453125,390.93548387096774,0.4609375,0.31720430107526881,False,row0_col1,512,372,0,70
1372,2307273,eebb80b7602a9bc51384c3b3,1372,9,19,76,156,278.28125,325.84496124031011,0.1484375,0.24289405684754523,False,row0_col0,512,387,0,62
1373,2554474,d51f5564f4e76c5f59463abb,1373,42,41,340,332,866.4375,694.76041666666663,0.6640625,0.69791666666666663,False,row2_col1,512,384,0,64
1374,1766313,15b75700160ecc173a4d52a1,1374,41,14,332,116,815.8203125,226.68000000000001,0.6484375,0.128,False,row0_col1,512,375,0,68
1375,641718,b7efa09397f24e9b80cb6758,1375,54,42,436,340,1039.9375,719.00515463917532,0.8515625,0.71649484536082475,False,row2_col2,512,388,0,62
1376,1844356,439720347b525b459d2cd2a2,1376,4,18,36,148,239.0625,327.153452685422,0.0703125,0.22506393861892582,False,row0_col0,512,391,0,60
1377,2255528,1882c154e2fd7debcc259ddf,1377,40,42,324,340,853.1953125,731.06153846153848,0.6328125,0.7153846153846154,False,row2_col1,512,390,0,61
1378,1959926,113ae33369eea4ce7f0b6955,1378,54,31,436,252,1031.8671875,534.48010610079575,0.8515625,0.49071618037135278,False,row1_col2,512,377,0,67
1379,391139,e8aecbbad790f36193dfc2a6,1379,35,31,284,252,728.8125,520.81282051282051,0.5546875,0.48974358974358972,False,row1_col1,512,390,0,61
1380,1296852,e926571edbf8ab4ef6827bb2,1380,20,39,164,316,464.390625,669.9121447028424,0.3203125,0.65633074935400515,False,row1_col0,512,387,0,62
1381,1894187,1d12ec902c3113b35c317ef8,1381,43,28,348,228,864.578125,477.22691292875987,0.6796875,0.42744063324538256,False,row1_col2,512,379,0,66
1382,1967802,af227d5d2da548642af3d8e8,1382,58,26,468,212,1067.6953125,443.69291338582673,0.9140625,0.38582677165354329,False,row1_col2,512,381,0,65
1383,2038259,df64943a259e759b69c57f25,1383,51,39,412,316,1002.3515625,665.9867374005305,0.8046875,0.66047745358090182,False,row1_col2,512,377,0,67
1384,1796302,a54c971a682d36aeda7976b7,1384,14,35,116,284,343.578125,584.10684931506853,0.2265625,0.57808219178082187,False,row1_col0,512,365,0,73
1385,1866309,f811b6561edd9f797ff5e802,1385,5,41,44,332,212.4453125,699.42399999999998,0.0859375,0.70399999999999996,False,row2_col0,512,375,0,68
1386,1780312,68156206f643fb334d0eae7f,1386,24,41,196,332,508.453125,683.85135135135135,0.3828125,0.70540540540540542,False,row2_col1,512,370,0,71
1387,505421,74dba489b837409bdc9002e2,1387,13,25,108,204,368.5625,413.7597911227154,0.2109375,0.36553524804177545,False,row1_col0,512,383,0,64
1388,538774,334d09cec1e33736f5ceeeae,1388,22,34,180,276,500.828125,584.73126614987075,0.3515625,0.55297157622739013,False,row1_col1,512,387,0,62
1389,1840548,220c8ee1c69449f9af0ae7f1,1389,36,22,292,180,697.484375,387.82291666666663,0.5703125,0.30208333333333331,False,row0_col1,512,384,0,64
1390,680962,b540e2337d1ee579831d1275,1390,2,16,20,132,157.2421875,253.04973821989529,0.0390625,0.17539267015706805,False,row0_col0,512,382,0,65
1391,1673642,985af2bec00e007d5a2584c9,1391,42,38,340,308,856.4453125,629.8188976377952,0.6640625,0.63779527559055116,False,row1_col1,512,381,0,65
1392,2303691,79609d9f8ec519016767e49f,1392,11,27,92,220,350.9375,457.88421052631577,0.1796875,0.40526315789473683,False,row1_col0,512,380,0,66
1393,2151750,b082c61b6f6397804ebe9514,1393,6,21,52,172,246.0078125,363.14400000000001,0.1015625,0.27733333333333332,False,row0_col0,512,375,0,68
1394,1910087,4232070a33fbc4fa24180e8d,1394,7,21,60,172,228.140625,358.66062176165804,0.1171875,0.28238341968911918,False,row0_col0,512,386,0,63
1395,2385504,068d42fadee7759ebbad25c7,1395,32,25,260,204,699.5625,426.28534031413614,0.5078125,0.36387434554973824,False,row1_col1,512,382,0,65
1396,2634837,ee0789a261852bef9369707a,1396,21,17,172,140,513.546875,292.13207547169816,0.3359375,0.18867924528301888,False,row0_col1,512,371,0,70
1397,2235109,27299ddb09d845cec194fcb0,1397,37,43,300,348,770.015625,732.75862068965523,0.5859375,0.74535809018567645,False,row2_col1,512,377,0,67
1398,2771308,b03b20f2cfe9c76ed5856a60,1398,44,37,356,300,908.7109375,635.60052910052912,0.6953125,0.6164021164021164,False,row1_col2,512,378,0,67
1399,2426205,07487879b83ab8bf265d8c1f,1399,29,21,236,172,665.5703125,374.55012853470436,0.4609375,0.28534704370179947,False,row0_col1,512,389,0,61
1400,2382325,87721955af6f57a012d16d47,1400,53,39,428,316,1002.0234375,651.57142857142856,0.8359375,0.65873015873015872,False,row1_col2,512,378,0,67
1401,92369,aa559f98e5ee1a0c7cc457cf,1401,17,35,140,284,438.328125,592.23783783783779,0.2734375,0.57567567567567568,False,row1_col0,512,370,0,71
1402,583243,b4219175d4f101deb62b1e1b,1402,11,25,92,204,285.9140625,427.76000000000005,0.1796875,0.36266666666666669,False,row1_col0,512,375,0,68
1403,1030155,f8040df5a0c034645db9d18b,1403,11,32,92,260,332.8359375,549.10962566844921,0.1796875,0.51069518716577544,False,row1_col0,512,374,0,69
1404,1111011,825a1b23f7b0d75436750d93,1404,35,15,284,124,766.484375,238.57591623036649,0.5546875,0.15445026178010471,False,row0_col1,512,382,0,65
1405,431372,482fefcd016bb88b2f86f80f,1405,12,20,100,164,352.234375,342.07567567567565,0.1953125,0.25135135135135134,False,row0_col0,512,370,0,71
1406,1403554,fb0fc8380eda2b3a475c35eb,1406,34,42,276,340,696.046875,703.95744680851067,0.5390625,0.72340425531914898,False,row2_col1,512,376,0,68
1407,644061,a93f8f679f4821573346dd3a,1407,29,15,236,124,658.953125,252.2741935483871,0.4609375,0.14516129032258066,False,row0_col1,512,372,0,70
1408,1021154,e76382313fb64f5a0099633f,1408,34,19,276,156,708.75,323.25,0.5390625,0.23958333333333334,False,row0_col1,512,384,0,64
1409,672856,8ddb86f33af46de74f6cb3c0,1409,24,17,196,140,568.390625,286.91029023746705,0.3828125,0.19525065963060687,False,row0_col1,512,379,0,66
1410,1730476,e858091360537aba1a4ec74e,1410,44,30,356,244,896.796875,509,0.6953125,0.46774193548387094,False,row1_col2,512,372,0,70
1411,443770,2c26a77005e1ed9b640e64e2,1411,58,21,468,172,1122.5546875,362.59681697612734,0.9140625,0.27851458885941643,False,row0_col2,512,377,0,67
1412,2155832,abac48c206f4f9db98c1c8cf,1412,56,20,452,164,1096.2109375,340.02325581395348,0.8828125,0.26356589147286824,False,row0_col2,512,387,0,62
1413,2598922,3f8c7ad9849e7d9320a48378,1413,10,32,84,260,257.9453125,537.15945945945941,0.1640625,0.51081081081081081,False,row1_col0,512,370,0,71
1414,2053481,43a8d937bdc326d6174ea535,1414,41,21,332,172,859.3359375,362.936170212766,0.6484375,0.27659574468085107,False,row0_col1,512,376,0,68
1415,1837754,c3cb302619dac53bc3e9a2b8,1415,58,42,468,340,1098.984375,728.93103448275861,0.9140625,0.72413793103448276,False,row2_col2,512,377,0,67
1416,1563059,69c3ab131f3d9924a0893b68,1416,51,38,412,308,1029.203125,635.41509433962267,0.8046875,0.64150943396226412,False,row1_col2,512,371,0,70
1417,1784416,7fc04af711a80e358348051d,1417,32,41,260,332,690.1484375,682.96236559139788,0.5078125,0.70430107526881724,False,row2_col1,512,372,0,70
1418,2180598,17ff7079be9b18b062834cfc,1418,54,23,436,188,1073.7578125,400.31999999999999,0.8515625,0.32000000000000001,False,row0_col2,512,375,0,68
1419,231081,b413a5bd5eafd552edba7fdd,1419,41,26,332,212,828.1171875,435.70588235294116,0.6484375,0.38235294117647056,False,row1_col1,512,374,0,69
1420,2287509,9183cf46ec95f7416fc2cadd,1420,21,30,172,244,474.515625,506.4221635883905,0.3359375,0.46965699208443273,False,row1_col1,512,379,0,66
1421,1964575,f93c3ed6d29f639d27608bfa,1421,31,40,252,324,636.9140625,691.43511450381675,0.4921875,0.67430025445292618,False,row2_col1,512,393,0,59
1422,559570,9cc1a3ed2a8e6c5e9def5c8e,1422,18,39,148,316,403.546875,666.64438502673795,0.2890625,0.66042780748663099,False,row1_col0,512,374,0,69
1423,633014,e5c18f32ffcf933947d02a58,1423,54,34,436,276,1093.640625,583.57493188010903,0.8515625,0.55585831062670299,False,row1_col2,512,367,0,72
1424,2352947,47ecb67f20914fe9324d2108,1424,51,28,412,228,1011.8125,473.75862068965517,0.8046875,0.4270557029177719,False,row1_col2,512,377,0,67
1425,2251458,feae8edd69230ba2d038a705,1425,2,43,20,348,188.8125,734.26439790575921,0.0390625,0.74083769633507857,False,row2_col0,512,382,0,65
1426,2254005,1882c154e2fd7debcc259ddf,1426,53,18,428,148,1076.0234375,319.49230769230769,0.8359375,0.22307692307692309,False,row0_col2,512,390,0,61
1427,116688,8beb03d8a5bb47d4e9a2581d,1427,16,31,132,252,386.140625,525.94339622641508,0.2578125,0.49056603773584906,False,row1_col0,512,371,0,70
1428,1857046,7a0f74886ddf2564aac2dcae,1428,22,24,180,196,481.6640625,415.99732620320856,0.3515625,0.33957219251336901,False,row1_col1,512,374,0,69
1429,1214338,6d1104b9ed5d737c509d9e3c,1429,2,30,20,244,167.0078125,509.29177718832892,0.0390625,0.46949602122015915,False,row1_col0,512,377,0,67
1430,829251,2d8cb21136a9201405edf1b5,1430,3,29,28,236,177.9765625,492.45161290322579,0.0546875,0.44623655913978494,False,row1_col0,512,372,0,70
1431,1391184,8406bcde35f072bc956e4b05,1431,16,41,132,332,383.9140625,693.23626373626371,0.2578125,0.70879120879120883,False,row2_col0,512,364,0,74
1432,1841161,220c8ee1c69449f9af0ae7f1,1432,9,32,76,260,232.578125,560.11458333333326,0.1484375,0.51041666666666663,False,row1_col0,512,384,0,64
1433,2054316,43a8d937bdc326d6174ea535,1433,44,34,356,276,910.7578125,585.872340425532,0.6953125,0.55319148936170215,False,row1_col2,512,376,0,68
1434,1026036,a5544cf8c3f4495df7d798ea,1434,52,31,420,252,1026.1875,530.39999999999998,0.8203125,0.49090909090909091,False,row1_col2,512,385,0,63
1435,1586613,84f95a6d6caa9fedd81a91ce,1435,53,22,428,180,1042.3828125,345.92000000000002,0.8359375,0.29866666666666669,False,row0_col2,512,375,0,68
1436,1255942,cfe68510ca15cd1473d0ef71,1436,6,40,52,324,202.328125,676.42857142857144,0.1015625,0.67346938775510201,False,row2_col0,512,392,0,60
1437,2356787,87a418aeb28937346e884495,1437,51,24,412,196,1070.3984375,416.00763358778624,0.8046875,0.34860050890585242,False,row1_col2,512,393,0,59
1438,2382385,87721955af6f57a012d16d47,1438,49,40,396,324,933.4609375,668.71428571428567,0.7734375,0.67989417989417988,False,row2_col2,512,378,0,67
1439,1014442,5f54a832376b920cdc467195,1439,42,42,340,340,840.109375,731.62068965517244,0.6640625,0.72413793103448276,False,row2_col1,512,377,0,67
1440,2119025,0227fa273d0d8c8f6714e23b,1440,49,21,396,172,974.4609375,357.65957446808511,0.7734375,0.27659574468085107,False,row0_col2,512,376,0,68
1441,2095431,df913345c4c2be5eeed41459,1441,7,37,60,300,260.9609375,638.29533678756468,0.1171875,0.61398963730569944,False,row1_col0,512,386,0,63
1442,1537677,ba40733dea98fd31eaa0e5fe,1442,13,26,108,212,353.9296875,427.24594594594595,0.2109375,0.38108108108108107,False,row1_col0,512,370,0,71
1443,470403,7c41685bf488a58de2fe104b,1443,3,54,28,436,163.5390625,931.36842105263156,0.0546875,0.97368421052631582,False,row2_col0,512,380,0,66
1444,2324425,9a1ad63dc381c61153abcebd,1444,9,31,76,252,250.390625,523.51978891820579,0.1484375,0.49076517150395776,False,row1_col0,512,379,0,66
1445,2709815,4d5d55e234be8f30903864ed,1445,55,36,444,292,1073.640625,613.55319148936167,0.8671875,0.5957446808510638,False,row1_col2,512,376,0,68
1446,1636851,f1b1a21a9d97d3eb8ef2a36a,1446,51,39,412,316,1030.421875,659.02356020942409,0.8046875,0.65706806282722519,False,row1_col2,512,382,0,65
1447,1141106,02942ca02fdcb799d7cb7726,1447,50,37,404,300,978.4375,615.63265306122446,0.7890625,0.61224489795918369,False,row1_col2,512,392,0,60
1448,2233884,27299ddb09d845cec194fcb0,1448,28,24,228,196,616.171875,407.79310344827582,0.4453125,0.34217506631299732,False,row1_col1,512,377,0,67
1449,1288845,e366b8893ee234784cfdf96a,1449,13,42,108,340,360.8828125,717.75125628140711,0.2109375,0.71105527638190957,False,row2_col0,512,398,0,57
1450,2156488,abac48c206f4f9db98c1c8cf,1450,8,31,68,252,271.9609375,528.98449612403101,0.1328125,0.49095607235142119,False,row1_col0,512,387,0,62
1451,2406367,cbbfcf781cf2e6b2a448637f,1451,31,31,252,252,646.390625,520.88541666666663,0.4921875,0.48958333333333331,False,row1_col1,512,384,0,64
1452,247303,644451a428137460b23f1c3a,1452,7,24,60,196,230.9609375,408.9482288828338,0.1171875,0.33787465940054495,False,row1_col0,512,367,0,72
1453,1226738,76697c1a28dd3ef624fb0471,1453,50,31,404,252,995.0703125,527.40871934604911,0.7890625,0.49046321525885561,False,row1_col2,512,367,0,72
1454,2578970,7d6050d5579cb6deb88d8cf8,1454,26,40,212,324,553.4375,692.31818181818176,0.4140625,0.68181818181818177,False,row2_col1,512,374,0,69
1455,1169108,81f7959be88c5f860c5fc715,1455,20,27,164,220,452.5859375,435.6904761904762,0.3203125,0.40476190476190477,False,row1_col0,512,378,0,67
1456,2186020,e47bf05116ca1e4921049cf3,1456,36,44,292,356,766.4765625,758.29177057356605,0.5703125,0.75062344139650872,False,row2_col1,512,401,0,55
1457,1735146,31e8cac167e6b2b2b11352b3,1457,42,39,340,316,846.796875,657.10994764397913,0.6640625,0.65706806282722519,False,row1_col1,512,382,0,65
1458,2103055,e8abeda485644b2b7acbf9f4,1458,15,28,124,228,347.7109375,476.24671916010499,0.2421875,0.42782152230971127,False,row1_col0,512,381,0,65
1459,2238421,61b5465c722b8b833ec48621,1459,21,31,172,252,513.1796875,530.53083109919567,0.3359375,0.4906166219839142,False,row1_col1,512,373,0,69
1460,410949,813b908ddf7d0066a8a11ef6,1460,5,21,44,172,207.046875,346.65840220385678,0.0859375,0.26997245179063362,False,row0_col0,512,363,0,74
1461,2217968,edb01c151c563bb82cc5df9d,1461,48,31,388,252,950.046875,533.026525198939,0.7578125,0.49071618037135278,False,row1_col2,512,377,0,67
1462,1070423,7c0723e796cc05b0a21cce5f,1462,23,21,188,172,495.640625,359.28648648648647,0.3671875,0.27297297297297296,False,row0_col1,512,370,0,71
1463,2329178,45bfb62d2b8a12a9724eb563,1463,26,41,212,332,551.984375,703.84880636604771,0.4140625,0.70291777188328908,False,row2_col1,512,377,0,67
1464,1435851,6dc9bf8ff05d6f7df0e30315,1464,11,35,92,284,300.2734375,575.26259946949608,0.1796875,0.5755968169761273,False,row1_col0,512,377,0,67
1465,505382,74dba489b837409bdc9002e2,1465,38,24,308,196,802.9375,396.40208877284596,0.6015625,0.34464751958224543,False,row1_col1,512,383,0,64
1466,739352,805980f7faa8c08b50072995,1466,24,32,196,260,543.390625,540.7086614173229,0.3828125,0.51181102362204722,False,row1_col1,512,381,0,65
1467,2139696,e6a42e7bbe1942d90ee3b93f,1467,48,24,388,196,931.8359375,420.77333333333331,0.7578125,0.34133333333333332,False,row1_col2,512,375,0,68
1468,570920,1e5e68e0329b0ca73274b4b5,1468,40,24,324,196,826.359375,405.59842519685037,0.6328125,0.34383202099737531,False,row1_col1,512,381,0,65
1469,2004550,d8aec49d4eabf940e94e99b9,1469,6,25,52,204,221.109375,431.49600000000004,0.1015625,0.36266666666666669,False,row1_col0,512,375,0,68
1470,2327738,45bfb62d2b8a12a9724eb563,1470,58,18,468,148,1098.984375,310.9575596816976,0.9140625,0.21485411140583555,False,row0_col2,512,377,0,67
1471,726730,9dc7738247217dd257b2b574,1471,10,27,84,220,266.109375,458.03674540682414,0.1640625,0.40682414698162728,False,row1_col0,512,381,0,65
1472,1333688,a252f276c55b21904fb18cca,1472,56,38,452,308,1077.390625,646.84905660377353,0.8828125,0.64150943396226412,False,row1_col2,512,371,0,70
1473,2095058,df913345c4c2be5eeed41459,1473,18,31,148,252,451.5703125,534.33678756476684,0.2890625,0.48963730569948188,False,row1_col0,512,386,0,63
1474,1992167,df2dd66a2f9f4acffc6fdb65,1474,39,23,316,188,809.5859375,393.90909090909088,0.6171875,0.31818181818181818,False,row0_col1,512,374,0,69
1475,1029788,f8040df5a0c034645db9d18b,1475,28,26,228,212,625.2890625,445.79411764705878,0.4453125,0.38235294117647056,False,row1_col1,512,374,0,69
1476,1611580,6742c58532e99b3cdf0d09cc,1476,60,28,484,228,1155.4609375,474.60000000000002,0.9453125,0.42666666666666669,False,row1_col2,512,375,0,68
1477,1706381,d8ff8af48bd325dbbb696129,1477,13,38,108,308,370.140625,640.62032085561498,0.2109375,0.63903743315508021,False,row1_col0,512,374,0,69
1478,2094640,df913345c4c2be5eeed41459,1478,48,24,388,196,971.4140625,413.05181347150261,0.7578125,0.34455958549222798,False,row1_col2,512,386,0,63
1479,2324045,9a1ad63dc381c61153abcebd,1479,13,25,108,204,318.765625,420.93403693931401,0.2109375,0.36411609498680741,False,row1_col0,512,379,0,66
1480,2757830,3bfdd25cbb71671f75e39ff5,1480,6,19,52,156,224.328125,318.4854881266491,0.1015625,0.23746701846965698,False,row0_col0,512,379,0,66
1481,2222664,442850a2087d62c7e9453fcd,1481,8,41,68,332,285.5625,697.6236559139785,0.1328125,0.70430107526881724,False,row2_col0,512,372,0,70
1482,747859,5c1bf30bc1a4f784d36c8062,1482,19,37,156,300,451.2890625,627.12,0.3046875,0.6186666666666667,False,row1_col0,512,375,0,68
1483,2635102,ee0789a261852bef9369707a,1483,30,21,244,172,669.078125,361.22102425876011,0.4765625,0.27493261455525608,False,row0_col1,512,371,0,70
1484,2341524,c977bea10bf03c99460cec13,1484,20,42,164,340,456.34375,718.10000000000002,0.3203125,0.72105263157894739,False,row2_col0,512,380,0,66
1485,469064,7c41685bf488a58de2fe104b,1485,8,33,68,268,250.0234375,567.95789473684204,0.1328125,0.53157894736842104,False,row1_col0,512,380,0,66
1486,1842209,220c8ee1c69449f9af0ae7f1,1486,33,48,268,388,645.828125,835.78125,0.5234375,0.84375,False,row2_col1,512,384,0,64
1487,1251765,71b008a0a7521ff27fd58de8,1487,53,38,428,308,1050.3828125,649.89153439153438,0.8359375,0.63756613756613756,False,row1_col2,512,378,0,67
1488,2427091,07487879b83ab8bf265d8c1f,1488,19,35,156,284,493.8515625,615.24935732647816,0.3046875,0.57326478149100257,False,row1_col0,512,389,0,61
1489,903391,2b4b6352c349b3d52ed92754,1489,31,35,252,284,668.8359375,606.57142857142856,0.4921875,0.5714285714285714,False,row1_col1,512,392,0,60
1490,60178,8d4d5e9c6f62a7f7f0b95cb7,1490,18,44,148,356,403.4375,760.97820163487734,0.2890625,0.77384196185286103,False,row2_col0,512,367,0,72
1491,2480814,c71b7281815add7bc72e0af6,1491,46,42,372,340,926.671875,718.10000000000002,0.7265625,0.72105263157894739,False,row2_col2,512,380,0,66
1492,1291486,18b34aa0fc8c8af8138154fe,1492,30,19,244,156,650.078125,321.695652173913,0.4765625,0.22826086956521738,False,row0_col1,512,368,0,72
1493,1833573,efab8b57a05312e6e2d6ff9c,1493,37,41,300,332,706.9453125,701.54330708661416,0.5859375,0.70078740157480313,False,row2_col1,512,381,0,65
1494,1304283,c2b2f0fd9e97490a1ce9143a,1494,27,27,220,220,574.5234375,455.5,0.4296875,0.40476190476190477,False,row1_col1,512,378,0,67
1495,1984044,152a6af5fd08ee8687052c5c,1495,44,24,356,196,883.9765625,420.40800000000002,0.6953125,0.34133333333333332,False,row1_col2,512,375,0,68
1496,2033648,f5b4ddaa2084fc1c86822eb6,1496,48,31,388,252,979.3203125,530.4375,0.7578125,0.48958333333333331,False,row1_col2,512,384,0,64
1497,1217788,fa425b55ae4649a7440cdfd7,1497,60,19,484,156,1148.734375,311.49197860962568,0.9453125,0.23262032085561499,False,row0_col2,512,374,0,69
1498,272413,a5e44a049f152deb435edd40,1498,29,32,236,260,624.5625,543.7721179624665,0.4609375,0.51206434316353888,False,row1_col1,512,373,0,69
1499,2221681,442850a2087d62c7e9453fcd,1499,49,25,396,204,987.6875,423.73118279569894,0.7734375,0.36021505376344087,False,row1_col2,512,372,0,70
1500,1709334,a8bb3126ece458be91eaa829,1500,22,20,180,164,512.3671875,326.62140992167105,0.3515625,0.26109660574412535,False,row0_col1,512,383,0,64
1501,1091389,12def0a47aa043439d178972,1501,61,28,492,228,1210.5625,465.65957446808511,0.9609375,0.42553191489361702,False,row1_col2,512,376,0,68
1502,1767630,15b75700160ecc173a4d52a1,1502,14,35,116,284,348.8046875,589.55999999999995,0.2265625,0.57599999999999996,False,row1_col0,512,375,0,68
1503,2352968,47ecb67f20914fe9324d2108,1503,8,29,68,236,264.6875,491.13793103448279,0.1328125,0.44827586206896552,False,row1_col0,512,377,0,67
1504,2651577,792cd13f9196dd3204ade0a9,1504,57,22,460,180,1094.3671875,365.88328912466841,0.8984375,0.29973474801061006,False,row0_col2,512,377,0,67
1505,2082085,faf3e3da73ae229e7fc9da66,1505,37,20,300,164,760.7734375,347.46256684491982,0.5859375,0.25401069518716579,False,row0_col1,512,374,0,69
1506,2263087,cdff67add7326ebbbabf8a48,1506,47,32,380,260,931.40625,552.66575342465751,0.7421875,0.51232876712328768,False,row1_col2,512,365,0,73
1507,468952,7c41685bf488a58de2fe104b,1507,24,31,196,252,526.7734375,533.34736842105258,0.3828125,0.48947368421052634,False,row1_col1,512,380,0,66
1508,94936,2a8e2d654846ae67277a627f,1508,24,11,196,92,531.859375,175.37096774193549,0.3828125,0.059139784946236562,False,row0_col1,512,372,0,70
1509,2172554,eedf98ccb5a364857973747a,1509,10,26,84,212,347.3203125,453.16890080428954,0.1640625,0.38337801608579086,False,row1_col0,512,373,0,69
1510,333968,587b74bfc019c7be94717f25,1510,16,34,132,276,385.4609375,571.54838709677415,0.2578125,0.55376344086021501,False,row1_col0,512,372,0,70
1511,1881544,7b4398b5f7d90eaafd6f9de7,1511,8,23,68,188,307.5625,394.58981233243969,0.1328125,0.31903485254691688,False,row0_col0,512,373,0,69
1512,1993885,df2dd66a2f9f4acffc6fdb65,1512,29,50,236,404,638.8046875,854.78609625668446,0.4609375,0.89572192513368987,False,row2_col1,512,374,0,69
1513,1845917,439720347b525b459d2cd2a2,1513,29,42,236,340,667.1875,737.6700767263427,0.4609375,0.71611253196930946,False,row2_col1,512,391,0,60
1514,2048662,91decb18deafedf261951d4d,1514,22,10,180,84,468.3125,176.12566844919786,0.3515625,0.040106951871657755,False,row0_col1,512,374,0,69
1515,2069871,f4df64b5ff783c747eb82df3,1515,47,21,380,172,966.6640625,366.53066666666666,0.7421875,0.27733333333333332,False,row0_col2,512,375,0,68
1516,2262940,cdff67add7326ebbbabf8a48,1516,28,30,228,244,604.84375,518.29863013698628,0.4453125,0.46849315068493153,False,row1_col1,512,365,0,73
1517,2336312,7413f29906bbedeb019fea89,1517,56,24,452,196,1107.5625,412.99484536082474,0.8828125,0.34536082474226804,False,row1_col2,512,388,0,62
1518,2262391,cdff67add7326ebbbabf8a48,1518,55,21,444,172,1068.90625,363.64657534246578,0.8671875,0.27123287671232876,False,row0_col2,512,365,0,73
1519,1616649,83857231f379f6809fc9639f,1519,9,44,76,356,311.765625,753.25824175824175,0.1484375,0.77472527472527475,False,row2_col0,512,364,0,74
1520,903770,2b4b6352c349b3d52ed92754,1520,26,41,212,332,582.1953125,710.40816326530614,0.4140625,0.69387755102040816,False,row2_col1,512,392,0,60
1521,296932,c51f2c5c0ba8d30ffdf961eb,1521,36,31,292,252,759.3359375,530.34426229508199,0.5703125,0.48907103825136611,False,row1_col1,512,366,0,73
1522,709940,d3087ca15c39ea0c8f15bf17,1522,52,20,420,164,1012.6484375,338.82417582417582,0.8203125,0.24725274725274726,False,row0_col2,512,364,0,74
1523,2917902,8d10243544cfbd17a41b803a,1523,14,24,116,196,353.671875,405.91891891891891,0.2265625,0.33783783783783783,False,row1_col0,512,370,0,71
1524,1743082,f5b415202f9796d16305892d,1524,42,35,340,284,861.8046875,588.53260869565224,0.6640625,0.57608695652173914,False,row1_col1,512,368,0,72
1525,670288,43ee58770e40e876f08e8074,1525,16,41,132,332,405.109375,682.0828877005348,0.2578125,0.70320855614973266,False,row2_col0,512,374,0,69
1526,1300911,f5cda31a858d786125df8e22,1526,47,38,380,308,962.734375,655.40310077519382,0.7421875,0.63565891472868219,False,row1_col2,512,387,0,62
1527,1631719,e235136cfdcae670bc7ef694,1527,39,23,316,188,809.140625,376.51063829787233,0.6171875,0.31914893617021278,False,row0_col1,512,376,0,68
1528,1918853,516089d2e2e2c9755fbd5142,1528,5,30,44,244,212.4453125,518.28266666666673,0.0859375,0.46933333333333332,False,row1_col0,512,375,0,68
1529,792759,75eaffb01baa039eb6d5f71b,1529,55,34,444,276,1100.7109375,574.31550802139031,0.8671875,0.553475935828877,False,row1_col2,512,374,0,69
1530,2839975,e9a770d135ddbd041172d1f8,1530,39,22,316,180,790.140625,360.52083333333331,0.6171875,0.30208333333333331,False,row0_col1,512,384,0,64
1531,2288353,9183cf46ec95f7416fc2cadd,1531,33,43,268,348,679.640625,728.69129287598946,0.5234375,0.74406332453825863,False,row2_col1,512,379,0,66
1532,232710,b413a5bd5eafd552edba7fdd,1532,6,52,52,420,221.6328125,886.18716577540101,0.1015625,0.93850267379679142,False,row2_col0,512,374,0,69
1533,2279266,5676e48fb1caa42ecdd07480,1533,34,29,276,236,665.8203125,496.77443609022555,0.5390625,0.45112781954887216,False,row1_col1,512,399,0,56
1534,1177147,2e3c583d219c937858797cbc,1534,59,24,476,196,1131.8125,397.80000000000001,0.9296875,0.34545454545454546,False,row1_col2,512,385,0,63
1535,959914,21eca792f54b686012c5c7ae,1535,42,22,340,180,869.4375,363.05714285714282,0.6640625,0.30389610389610389,False,row0_col1,512,385,0,63
1536,1706038,d8ff8af48bd325dbbb696129,1536,54,32,436,260,1081.234375,536.66310160427815,0.8515625,0.51069518716577544,False,row1_col2,512,374,0,69
1537,1513062,e57d11f09a8ab09cbe266496,1537,38,25,308,204,796.328125,426.74935400516796,0.6015625,0.36692506459948321,False,row1_col1,512,387,0,62
1538,2664650,1f71908a38f1553f04f21601,1538,10,35,84,284,323.9453125,583.26259946949608,0.1640625,0.5755968169761273,False,row1_col0,512,377,0,67
1539,2328350,45bfb62d2b8a12a9724eb563,1539,30,28,244,228,620.359375,481.77984084880637,0.4765625,0.4270557029177719,False,row1_col1,512,377,0,67
1540,1943599,8ce9e51dbad44f0e4107d965,1540,47,32,380,260,899.1796875,550.14960629921256,0.7421875,0.51181102362204722,False,row1_col2,512,381,0,65
1541,1718506,026bf89f372e56e84406ddb9,1541,42,35,340,284,860.1171875,579.10684931506853,0.6640625,0.57808219178082187,False,row1_col1,512,365,0,73
1542,719095,88a7da897ac6bcbf16c8e69d,1542,55,35,444,284,1076.3125,595.33681462140999,0.8671875,0.5744125326370757,False,row1_col2,512,383,0,64
1543,882612,32f11b88ebf1c0d458dad8d3,1543,52,30,420,244,1024.1875,496.02857142857141,0.8203125,0.47012987012987012,False,row1_col2,512,385,0,63
1544,1910420,4232070a33fbc4fa24180e8d,1544,20,26,164,212,451.984375,444.77461139896371,0.3203125,0.3860103626943005,False,row1_col0,512,386,0,63
1545,1152372,c743bb2801fc5b5e45261132,1545,52,21,420,172,1035.984375,355.62903225806451,0.8203125,0.27419354838709675,False,row0_col2,512,372,0,70
1546,2742506,f1ca105fe73c64e1d617894e,1546,42,35,340,284,849.796875,583.31914893617022,0.6640625,0.57446808510638303,False,row1_col1,512,376,0,68
1547,2825529,745e27be1c9edae1c661541a,1547,57,52,460,420,1157.3671875,888.9835164835165,0.8984375,0.9505494505494505,False,row2_col2,512,364,0,74
1548,1914894,246ad0c43ef94471a87d00f3,1548,14,32,116,260,394.3125,550.06684491978615,0.2265625,0.51069518716577544,False,row1_col0,512,374,0,69
1549,2311945,78a32a3097554d80ef1bac9c,1549,9,28,76,228,286.2421875,481.77984084880637,0.1484375,0.4270557029177719,False,row1_col0,512,377,0,67
1550,813163,daca2d861b6d4fd1ea336571,1550,43,33,348,268,869.4140625,570.01072386058991,0.6796875,0.53351206434316356,False,row1_col2,512,373,0,69
1551,1683651,819d5eb6d1fc6bee06f079d2,1551,3,3,28,28,147.5390625,13.669230769230765,0.0546875,-0.08461538461538462,True,padding_center,512,390,0,61
1552,543528,ae10765eee319809f6e8d9ae,1552,40,44,324,356,828.5234375,753.89784946236557,0.6328125,0.76881720430107525,False,row2_col1,512,372,0,70
1553,1934660,7b57de0d35adaa2f8254baa8,1553,4,21,36,172,275.0625,356.596256684492,0.0703125,0.27540106951871657,False,row0_col0,512,374,0,69
1554,468357,7c41685bf488a58de2fe104b,1554,5,22,44,180,198.1328125,377.60000000000002,0.0859375,0.29999999999999999,False,row0_col0,512,380,0,66
1555,2881724,92aabc20a6f4499561293f2f,1555,60,34,484,276,1170.734375,564.02702702702709,0.9453125,0.55405405405405406,False,row1_col2,512,370,0,71
1556,1297080,e926571edbf8ab4ef6827bb2,1556,56,42,452,340,1095.515625,722.43927648578813,0.8828125,0.71834625322997414,False,row2_col2,512,387,0,62
1557,2356502,87a418aeb28937346e884495,1557,22,20,180,164,567.8828125,346.63358778625957,0.3515625,0.26717557251908397,False,row0_col1,512,393,0,59
1558,2312180,78a32a3097554d80ef1bac9c,1558,52,31,420,252,1020.6015625,533.026525198939,0.8203125,0.49071618037135278,False,row1_col2,512,377,0,67
1559,2548998,b672bab83cdd2e2fd3e3b92b,1559,6,20,52,164,237.4296875,325.06806282722516,0.1015625,0.25916230366492149,False,row0_col0,512,382,0,65
1560,2500743,ba9db5a3245e9a9afea5743b,1560,7,34,60,276,236.140625,567.10160427807489,0.1171875,0.553475935828877,False,row1_col0,512,374,0,69
1561,395567,7193a011383f62c1ab378a8f,1561,47,36,380,292,913.0859375,615.59897172236504,0.7421875,0.59383033419023135,False,row1_col2,512,389,0,61
1562,1734841,31e8cac167e6b2b2b11352b3,1562,57,34,460,276,1105.078125,571.03664921465975,0.8984375,0.55235602094240843,False,row1_col2,512,382,0,65
1563,1284101,c334dd8d45005b5a85e577b3,1563,5,32,44,260,196.8203125,535.30886075949365,0.0859375,0.51139240506329109,False,row1_col0,512,395,0,58
1564,883642,32f11b88ebf1c0d458dad8d3,1564,58,46,468,372,1128.4375,773.97142857142865,0.9140625,0.80259740259740264,False,row2_col2,512,385,0,63
1565,2136490,8213a75d6bb493befa13560d,1565,42,38,340,308,859.8125,653.3125,0.6640625,0.63541666666666663,False,row1_col1,512,384,0,64
1566,460819,89b989a81f1da592d59cc87b,1566,19,32,156,260,469.8125,554.26829268292681,0.3046875,0.51219512195121952,False,row1_col0,512,369,0,71
1567,387210,71724a3bf8b9be3deb5292f6,1567,10,34,84,276,304.453125,579.26259946949608,0.1640625,0.55437665782493373,False,row1_col0,512,377,0,67
1568,2590011,d0b31ef595869ea82b00c98a,1568,59,20,476,164,1167.515625,345.70000000000005,0.9296875,0.25789473684210529,False,row0_col2,512,380,0,66
1569,2365510,583fd37185c66e5b35d4ad0d,1569,6,33,52,268,226.71875,558.29695431472078,0.1015625,0.53045685279187815,False,row1_col0,512,394,0,59
1570,1946938,9ac9ebb9578650063235ec30,1570,58,20,468,164,1098.5546875,345.62140992167105,0.9140625,0.26109660574412535,False,row0_col2,512,383,0,64
1571,2569764,ca518dedba290221845d80f3,1571,36,24,292,196,731.765625,400.21739130434781,0.5703125,0.33695652173913043,False,row1_col1,512,368,0,72
1572,1980964,17686a11fc83b9f929d8d85e,1572,36,40,292,324,787.0625,688.50537634408602,0.5703125,0.68279569892473113,False,row2_col1,512,372,0,70
1573,1661542,84a3e62ce078286ce2c7c91e,1573,38,41,308,332,750.9375,701.62371134020611,0.6015625,0.69587628865979378,False,row2_col1,512,388,0,62
1574,1827963,8edb3f5616a73b2e02e42c87,1574,59,17,476,140,1129.0234375,282.77005347593581,0.9296875,0.18983957219251338,False,row0_col2,512,374,0,69
1575,1939059,0d760570a7d92d299c04d427,1575,51,25,412,204,1011.5234375,429.04415584415585,0.8046875,0.36623376623376624,False,row1_col2,512,385,0,63
1576,2413721,02b8d585b96bf351d6297716,1576,25,18,204,148,553.890625,297.55555555555554,0.3984375,0.22222222222222221,False,row0_col1,512,387,0,62
1577,1636179,f1b1a21a9d97d3eb8ef2a36a,1577,19,29,156,236,473.421875,484.99214659685862,0.3046875,0.44764397905759162,False,row1_col0,512,382,0,65
1578,2381343,87721955af6f57a012d16d47,1578,31,24,252,196,624.9296875,394.42857142857144,0.4921875,0.34126984126984128,False,row1_col1,512,378,0,67
1579,1194460,e2d24e5a47106bd7023a7d65,1579,28,39,228,316,605.5234375,670.91246684350131,0.4453125,0.66047745358090182,False,row1_col1,512,377,0,67
1580,1533096,525e253a65f0af92629166a4,1580,40,18,324,148,822.890625,301.46753246753246,0.6328125,0.22077922077922077,False,row0_col1,512,385,0,63
1581,1140024,02942ca02fdcb799d7cb7726,1581,56,20,452,164,1082.6875,320.0408163265306,0.8828125,0.26530612244897961,False,row0_col2,512,392,0,60
1582,2193004,31f176914f7ef2559f447dab,1582,44,25,356,204,875.0625,434.61202185792348,0.6953125,0.35792349726775957,False,row1_col2,512,366,0,73
1583,2673147,6c1df3cf7ff28325175c51f9,1583,59,39,476,316,1176.1640625,670.33870967741927,0.9296875,0.66129032258064513,False,row1_col2,512,372,0,70
1584,461263,89b989a81f1da592d59cc87b,1584,15,39,124,316,400.3125,675.82926829268285,0.2421875,0.66395663956639561,False,row1_col0,512,369,0,71
1585,907042,97a12b10cd4059a0d96d7b1c,1585,34,28,276,228,730.203125,466.12668463611857,0.5390625,0.42587601078167114,False,row1_col1,512,371,0,70
1586,1571121,2a108eb667fa6df333f44d0c,1586,49,36,396,292,951.1953125,599.30952380952385,0.7734375,0.59523809523809523,False,row1_col2,512,378,0,67
1587,1750941,c192edd74fe8165b22e50c5a,1587,29,30,236,244,621.796875,495.16709511568121,0.4609375,0.4704370179948586,False,row1_col1,512,389,0,61
1588,1893769,1d12ec902c3113b35c317ef8,1588,9,22,76,180,283.390625,374.64116094986809,0.1484375,0.30079155672823221,False,row0_col0,512,379,0,66
1589,1840477,220c8ee1c69449f9af0ae7f1,1589,29,21,236,172,576.953125,370.59375,0.4609375,0.28125,False,row0_col1,512,384,0,64
1590,399820,27e6733bbab4a1b0477f8b26,1590,12,39,100,316,325.2109375,667.2374670184696,0.1953125,0.65963060686015829,False,row1_col0,512,379,0,66
1591,1522190,d78a35ec684695d072d6b211,1591,14,40,116,324,351.578125,672.01876675603216,0.2265625,0.6836461126005362,False,row2_col0,512,373,0,69
1592,1981406,17686a11fc83b9f929d8d85e,1592,30,47,244,380,684.3125,808.33333333333337,0.4765625,0.83333333333333337,False,row2_col1,512,372,0,70
1593,1669353,fa058e2ffd62b94a6405ac61,1593,41,35,332,284,846.0625,572.3350515463917,0.6484375,0.57216494845360821,False,row1_col1,512,388,0,62
1594,1333261,a252f276c55b21904fb18cca,1594,13,32,108,260,334.296875,543.21563342318063,0.2109375,0.5121293800539084,False,row1_col0,512,371,0,70
1595,1931234,08e2b3b386fb9b49a55d363c,1595,34,31,276,252,717.3515625,526.43157894736851,0.5390625,0.48947368421052634,False,row1_col1,512,380,0,66
1596,2856598,1e20d9fe7440f3007d646560,1596,22,26,180,212,516.421875,444.21276595744683,0.3515625,0.38297872340425532,False,row1_col1,512,376,0,68
1597,723732,e3e937e4c7206cd43037de93,1597,20,44,164,356,452.1484375,751.74193548387098,0.3203125,0.76881720430107525,False,row2_col0,512,372,0,70
1598,1127842,802b8776e6e8022705bfa739,1598,34,22,276,180,680.0546875,360.4833759590793,0.5390625,0.30690537084398978,False,row0_col1,512,391,0,60
1599,2262427,cdff67add7326ebbbabf8a48,1599,27,22,220,180,587.65625,380.8301369863014,0.4296875,0.29315068493150687,False,row0_col1,512,365,0,73
1600,1611955,6742c58532e99b3cdf0d09cc,1600,51,34,412,276,999.7890625,578.27999999999997,0.8046875,0.55466666666666664,False,row1_col2,512,375,0,68
1601,518890,b6168c3c6bcd1bd66bea8569,1601,42,43,340,348,841.1171875,745.87935656836464,0.6640625,0.74798927613941024,False,row2_col1,512,373,0,69
1602,539259,334d09cec1e33736f5ceeeae,1602,59,41,476,332,1140.234375,705.55813953488371,0.9296875,0.69767441860465118,False,row2_col2,512,387,0,62
1603,2029042,61f217f44bf2fb9b5077b9b6,1603,50,23,404,188,988.8125,399.01578947368421,0.7890625,0.32105263157894737,False,row0_col2,512,380,0,66
1604,1942954,8ce9e51dbad44f0e4107d965,1604,42,22,340,180,813.4765625,378.60104986876638,0.6640625,0.30183727034120733,False,row0_col1,512,381,0,65
1605,2647382,a273599ec5e8931a631b6e7b,1605,22,21,180,172,531.8828125,348.54641909814325,0.3515625,0.27851458885941643,False,row0_col1,512,377,0,67
1606,1735157,31e8cac167e6b2b2b11352b3,1606,53,39,428,316,1036.203125,657.10994764397913,0.8359375,0.65706806282722519,False,row1_col2,512,382,0,65
1607,1895334,1d12ec902c3113b35c317ef8,1607,38,46,308,372,779.109375,784.98416886543532,0.6015625,0.80738786279683372,False,row2_col1,512,379,0,66
1608,874762,8ac236c9482943a0fd765323,1608,10,36,84,292,283.4375,629.72340425531911,0.1640625,0.5957446808510638,False,row1_col0,512,376,0,68
1609,2443652,7d13fb8e53e7ca10995faafd,1609,4,38,36,308,190.0625,651.26881720430106,0.0703125,0.63978494623655913,False,row1_col0,512,372,0,70
1610,2758458,3bfdd25cbb71671f75e39ff5,1610,58,28,468,228,1122.953125,474.07387862796833,0.9140625,0.42744063324538256,False,row1_col2,512,379,0,66
1611,2221671,442850a2087d62c7e9453fcd,1611,39,25,316,204,816.4375,423.73118279569894,0.6171875,0.36021505376344087,False,row1_col1,512,372,0,70
1612,2709781,4d5d55e234be8f30903864ed,1612,21,36,172,292,488.203125,613.55319148936167,0.3359375,0.5957446808510638,False,row1_col1,512,376,0,68
1613,1406360,4f1c77f5d121ab64501fbab2,1613,24,22,196,180,551.7734375,368.03763440860217,0.3828125,0.29569892473118281,False,row0_col1,512,372,0,70
1614,935297,1c3b47236e79243b77075512,1614,1,22,12,180,110.828125,365.91711229946526,0.0234375,0.2967914438502674,False,row0_col0,512,374,0,69
1615,2209867,e1bd21e34648fdeb39895cd0,1615,11,33,92,268,276.9375,563.67741935483866,0.1796875,0.532258064516129,False,row1_col0,512,372,0,70
1616,1722977,c0a7a3a62c3795f511c0eafd,1616,33,41,268,332,733.4921875,670.59893048128345,0.5234375,0.70320855614973266,False,row2_col1,512,374,0,69
1617,1463641,b9fd7826307ce6bb94f27b18,1617,25,21,204,172,572.2578125,348.09677419354836,0.3984375,0.27419354838709675,False,row0_col1,512,372,0,70
1618,2804021,e9bb5bb030daf0c555014200,1618,53,36,428,292,1044.0546875,613.9679144385027,0.8359375,0.59625668449197866,False,row1_col2,512,374,0,69
1619,1262047,989a37c8050457fbad77b5fc,1619,31,7,252,60,641.328125,117.1219512195122,0.4921875,-0.029810298102981029,True,padding_center,512,369,0,71
1620,687664,a0f12f3555715d52a9a54e99,1620,48,56,388,452,940.6875,951.84856396866837,0.7578125,1.0130548302872062,True,padding_center,512,383,0,64
1621,1992592,df2dd66a2f9f4acffc6fdb65,1621,16,30,132,244,416.7890625,513.39572192513367,0.2578125,0.46791443850267378,False,row1_col0,512,374,0,69
1622,1721700,c0a7a3a62c3795f511c0eafd,1622,36,21,292,172,785.4765625,324.07486631016042,0.5703125,0.27540106951871657,False,row0_col1,512,374,0,69
1623,2115688,7ed463394b5acb61e1574507,1623,40,33,324,268,779.1953125,567.6875,0.6328125,0.53125,False,row1_col1,512,384,0,64
1624,2836976,7731cbaac561ffb2001abafb,1624,48,39,388,316,958.9609375,654.625,0.7578125,0.65625,False,row1_col2,512,384,0,64
1625,1841210,220c8ee1c69449f9af0ae7f1,1625,58,32,468,260,1076.296875,560.11458333333326,0.9140625,0.51041666666666663,False,row1_col2,512,384,0,64
1626,1238869,3ffaebc342f5f383bf88b1ed,1626,21,29,172,236,496.5625,496.59945504087193,0.3359375,0.44686648501362397,False,row1_col1,512,367,0,72
1627,2876902,f92f442ca28c1794b5281ba1,1627,38,23,308,188,791.9375,393.98425196850394,0.6015625,0.32283464566929132,False,row0_col1,512,381,0,65
1628,1451530,53f85fa89c59271d3ffb3641,1628,10,24,84,196,320.796875,371.74468085106383,0.1640625,0.34042553191489361,False,row1_col0,512,376,0,68
1629,2566905,a96e8fbb128dc3f4ea56a755,1629,57,43,460,348,1078.078125,733.11640211640213,0.8984375,0.74338624338624337,False,row2_col2,512,378,0,67
1630,1308745,829fa0ee35fbd7c1c841a103,1630,9,33,76,268,254.578125,551.33870967741927,0.1484375,0.532258064516129,False,row1_col0,512,372,0,70
1631,563832,83ce9a3b86c3675c94925a4e,1631,56,41,452,332,1113.0390625,701.96236559139788,0.8828125,0.70430107526881724,False,row2_col2,512,372,0,70
1632,2152658,b082c61b6f6397804ebe9514,1632,18,35,148,284,450.9453125,602.37599999999998,0.2890625,0.57599999999999996,False,row1_col0,512,375,0,68
1633,640166,b7efa09397f24e9b80cb6758,1633,38,18,308,148,761.9375,301.85051546391753,0.6015625,0.22164948453608246,False,row0_col1,512,388,0,62
1634,2403304,e23c7263422caa21794c6b96,1634,40,47,324,380,831.1953125,801.71428571428567,0.6328125,0.82804232804232802,False,row2_col1,512,378,0,67
1635,1648693,01b9e97e851cf4e057950e28,1635,53,32,428,260,1001.203125,514.6073298429319,0.8359375,0.51047120418848169,False,row1_col2,512,382,0,65
1636,2164305,37c49f476ea9c80e5566cd34,1636,17,25,140,204,384.9609375,430.57142857142856,0.2734375,0.36243386243386244,False,row1_col0,512,378,0,67
1637,2812859,16d0765a08e3d244f634276d,1637,59,46,476,372,1134.8125,807.6604278074866,0.9296875,0.81016042780748665,False,row2_col2,512,374,0,69
1638,731829,baa55f7c3696feb74db32bba,1638,53,42,428,340,1047.546875,716.10026385224273,0.8359375,0.72295514511873349,False,row2_col2,512,379,0,66
1639,19102,0d71665cc32e00cbf316979e,1639,30,42,244,340,663.9375,721.27520435967301,0.4765625,0.73024523160762944,False,row2_col1,512,367,0,72
1640,506917,74dba489b837409bdc9002e2,1640,37,48,300,388,785.5625,812.98694516971284,0.5859375,0.84595300261096606,False,row2_col1,512,383,0,64
1641,2534350,129602615670ca169c5d2adf,1641,14,47,116,380,322.2578125,808.83333333333337,0.2265625,0.83333333333333337,False,row2_col0,512,372,0,70
1642,2550030,b672bab83cdd2e2fd3e3b92b,1642,14,36,116,292,375.8046875,601.84293193717281,0.2265625,0.59424083769633507,False,row1_col0,512,382,0,65
1643,1394713,aeb6f3350dd903eec76c1d2f,1643,25,32,204,260,550.8671875,534.17032967032969,0.3984375,0.51098901098901095,False,row1_col1,512,364,0,74
1644,2550104,b672bab83cdd2e2fd3e3b92b,1644,24,37,196,300,548.7734375,619.14136125654454,0.3828125,0.61518324607329844,False,row1_col1,512,382,0,65
1645,969252,b84c63039a63bf730ebdebb1,1645,36,40,292,324,740.1875,649.12532637075719,0.5703125,0.6788511749347258,False,row2_col1,512,383,0,64
1646,2736894,5f992fdd05552118b4d67202,1646,62,11,500,92,1208.984375,175.37874659400546,0.9765625,0.054495912806539509,False,row0_col2,512,367,0,72
1647,2857605,1e20d9fe7440f3007d646560,1647,5,42,44,340,223.703125,719.95744680851067,0.0859375,0.72340425531914898,False,row2_col0,512,376,0,68
1648,2737475,5f992fdd05552118b4d67202,1648,3,21,28,172,185.703125,348.89373297002726,0.0546875,0.27247956403269757,False,row0_col0,512,367,0,72
1649,1452451,53f85fa89c59271d3ffb3641,1649,35,38,284,308,751.265625,613.02127659574467,0.5546875,0.63829787234042556,False,row1_col1,512,376,0,68
1650,1979833,17686a11fc83b9f929d8d85e,1650,57,22,460,180,1146.6875,380.3763440860215,0.8984375,0.29569892473118281,False,row0_col2,512,372,0,70
1651,2094558,df913345c4c2be5eeed41459,1651,30,23,244,188,659.5078125,395.72538860103623,0.4765625,0.32383419689119169,False,row0_col1,512,386,0,63
1652,1784488,7fc04af711a80e358348051d,1652,40,42,324,340,828.5234375,700.27419354838707,0.6328125,0.72580645161290325,False,row2_col1,512,372,0,70
1653,1943501,8ce9e51dbad44f0e4107d965,1653,13,31,108,252,316.3984375,532.99475065616798,0.2109375,0.49081364829396323,False,row1_col0,512,381,0,65
1654,2689670,d692f72fe45c727cb0757d5a,1654,6,42,52,340,290.6171875,700.59897172236504,0.1015625,0.71722365038560409,False,row2_col0,512,389,0,61
1655,439459,71091e47820a3c9f89438620,1655,35,18,284,148,735.1484375,304.53580901856765,0.5546875,0.21485411140583555,False,row0_col1,512,377,0,67
1656,2414160,02b8d585b96bf351d6297716,1656,16,25,132,204,400.046875,417.08010335917311,0.2578125,0.36692506459948321,False,row1_col0,512,387,0,62
1657,2091692,84260c9ea667e4b1cdc99d6e,1657,44,42,356,340,877.7578125,717.34042553191489,0.6953125,0.72340425531914898,False,row2_col2,512,376,0,68
1658,2808200,8add5feca183d695007a94e7,1658,8,38,68,308,258.890625,650.47826086956525,0.1328125,0.64130434782608692,False,row1_col0,512,368,0,72
1659,2418701,e13e69b4c17cd750194fa4bb,1659,13,32,108,260,357.8203125,551.65796344647515,0.2109375,0.51174934725848564,False,row1_col0,512,383,0,64
1660,2308274,eebb80b7602a9bc51384c3b3,1660,50,34,404,276,982.96875,583.51937984496112,0.7890625,0.55297157622739013,False,row1_col2,512,387,0,62
1661,2377810,d8e33de8429b55ebb8877642,1661,18,33,148,268,391.6796875,561.86666666666667,0.2890625,0.53333333333333333,False,row1_col0,512,375,0,68
1662,252502,e584dcc4ff24f5258a7a5537,1662,22,41,180,332,502.9375,702.63829787234044,0.3515625,0.7021276595744681,False,row2_col1,512,376,0,68
1663,2955930,46a12f7a348173b31e79d614,1663,26,42,212,340,580.953125,708.695652173913,0.4140625,0.72826086956521741,False,row2_col1,512,368,0,72
1664,608429,009cd3639a67c3e8ac9da12b,1664,45,34,364,276,914.140625,581.92572944297081,0.7109375,0.55437665782493373,False,row1_col2,512,377,0,67
1665,2382132,87721955af6f57a012d16d47,1665,52,36,420,292,984.8828125,600.14285714285711,0.8203125,0.59523809523809523,False,row1_col2,512,378,0,67
1666,1955373,49f213bf9b926dc2b4b2d138,1666,45,24,364,196,932.3203125,418.11466666666666,0.7109375,0.34133333333333332,False,row1_col2,512,375,0,68
1667,546330,e30051d3d8fd995844562e4d,1667,26,24,212,196,579.1953125,407.66129032258061,0.4140625,0.33870967741935482,False,row1_col1,512,372,0,70
1668,657034,83203b6a93dc2b164a5d9ce8,1668,10,26,84,212,298.9453125,435.65122615803818,0.1640625,0.38147138964577659,False,row1_col0,512,367,0,72
1669,1000892,537b9f873acf48eb2022de16,1669,60,22,484,180,1159.734375,358.10000000000002,0.9453125,0.29999999999999999,False,row0_col2,512,380,0,66
1670,166597,17ee0869be7e617b235e6587,1670,5,43,44,348,223.1328125,728.34656084656081,0.0859375,0.74338624338624337,False,row2_col0,512,378,0,67
1671,1209434,e98f1317607860c501b2cee1,1671,26,17,212,140,613.953125,283.91029023746705,0.4140625,0.19525065963060687,False,row0_col1,512,379,0,66
1672,992732,da9443ca80beecb493467926,1672,28,23,228,188,591.8515625,403.60158311345646,0.4453125,0.32189973614775724,False,row0_col1,512,379,0,66
1673,723512,e3e937e4c7206cd43037de93,1673,56,40,452,324,1079.3359375,682.0645161290322,0.8828125,0.68279569892473113,False,row2_col2,512,372,0,70
1674,2231318,d81cb231e10288659e7909e8,1674,22,48,180,388,535.609375,825.80361757105936,0.3515625,0.84237726098191212,False,row2_col1,512,387,0,62
1675,2237964,61b5465c722b8b833ec48621,1675,12,24,100,196,359.4765625,411.02412868632706,0.1953125,0.34048257372654156,False,row1_col0,512,373,0,69
1676,10826,a2e7834787baf26ee424c739,1676,10,41,84,332,274.453125,709.6657681940701,0.1640625,0.70619946091644203,False,row2_col0,512,371,0,70
1677,731088,baa55f7c3696feb74db32bba,1677,16,31,132,252,408.140625,525.9366754617414,0.2578125,0.49076517150395776,False,row1_col0,512,379,0,66
1678,2365880,583fd37185c66e5b35d4ad0d,1678,56,38,452,308,1086.09375,644.28680203045678,0.8828125,0.63197969543147203,False,row1_col2,512,394,0,59
1679,2357899,87a418aeb28937346e884495,1679,11,42,92,340,377.2734375,728.19083969465646,0.1796875,0.71501272264631044,False,row2_col0,512,393,0,59
1680,2102803,e8abeda485644b2b7acbf9f4,1680,19,24,156,196,416.0234375,407.87926509186349,0.3046875,0.34383202099737531,False,row1_col0,512,381,0,65
1681,2165268,37c49f476ea9c80e5566cd34,1681,20,40,164,324,436.3828125,687.71428571428567,0.3203125,0.67989417989417988,False,row2_col0,512,378,0,67
1682,2106985,5d258a6d34f1b116ab308ce4,1682,41,25,332,204,820.6875,410.17021276595744,0.6484375,0.36170212765957449,False,row1_col1,512,376,0,68
1683,993336,da9443ca80beecb493467926,1683,56,32,452,260,1077.0390625,559.75989445910295,0.8828125,0.51187335092348285,False,row1_col2,512,379,0,66
1684,2500881,ba9db5a3245e9a9afea5743b,1684,17,36,140,292,408.328125,601.5828877005348,0.2734375,0.59625668449197866,False,row1_col0,512,374,0,69
1685,709942,d3087ca15c39ea0c8f15bf17,1685,54,20,436,164,1047.4921875,338.82417582417582,0.8515625,0.24725274725274726,False,row0_col2,512,364,0,74
1686,2454949,588a545ebe33f98614ef2c62,1686,37,22,300,180,760.703125,379.52083333333331,0.5859375,0.30208333333333331,False,row0_col1,512,384,0,64
1687,1862434,f4ac4da33960d6b1e1780732,1687,34,44,276,356,655.734375,751.37434554973822,0.5390625,0.76178010471204194,False,row2_col1,512,382,0,65
1688,185608,08ad318603104514ade6d68b,1688,8,20,68,164,281.2890625,345.40625,0.1328125,0.26041666666666669,False,row0_col0,512,384,0,64
1689,2254282,1882c154e2fd7debcc259ddf,1689,10,23,84,188,338.9765625,405.23589743589747,0.1640625,0.32564102564102565,False,row0_col0,512,390,0,61
1690,2382549,87721955af6f57a012d16d47,1690,21,43,172,348,453.5234375,720.14285714285711,0.3359375,0.74338624338624337,False,row2_col1,512,378,0,67
1691,1492771,03b92d95da6694e6f43e0193,1691,35,28,284,228,715.265625,457.22020725388603,0.5546875,0.42746113989637308,False,row1_col1,512,386,0,63
1692,2241967,c685b4a491f88fc79b166eaa,1692,47,22,380,180,970.953125,386.23200000000003,0.7421875,0.29866666666666669,False,row0_col2,512,375,0,68
1693,2016865,5ab20c40b2d117b504740ca4,1693,33,25,268,204,686.828125,433.78201634877382,0.5234375,0.35967302452316074,False,row1_col1,512,367,0,72
1694,944552,450e892105e6d6a38e7e129c,1694,40,38,324,308,814.5859375,653.39897698209722,0.6328125,0.63427109974424556,False,row1_col1,512,391,0,60
1695,2959303,b612bc23f04a82e4e9573610,1695,7,31,60,252,173.3125,536.89655172413791,0.1171875,0.49071618037135278,False,row1_col0,512,377,0,67
1696,1137184,b8c1aa202c435cfafd7ff1ed,1696,32,40,260,324,697.1640625,682.33333333333326,0.5078125,0.68279569892473113,False,row2_col1,512,372,0,70
1697,1681588,cca4df1af11b6f70d6b2fea3,1697,52,34,420,276,1013.546875,556.46174142480209,0.8203125,0.55408970976253302,False,row1_col2,512,379,0,66
1698,563466,83ce9a3b86c3675c94925a4e,1698,10,36,84,292,315.9453125,615.4032258064517,0.1640625,0.59677419354838712,False,row1_col0,512,372,0,70
1699,1952454,cbe7415bc3817302e0c76f2d,1699,6,43,52,348,240.109375,735.42894056847547,0.1015625,0.73901808785529721,False,row2_col0,512,387,0,62
1700,2554597,d51f5564f4e76c5f59463abb,1700,37,43,300,348,779.5625,729.55208333333337,0.5859375,0.73958333333333337,False,row2_col1,512,384,0,64
1701,2213392,71189113f916283b21e2571b,1701,16,24,132,196,430.8203125,410.29032258064512,0.2578125,0.33870967741935482,False,row1_col0,512,372,0,70
1702,1701412,0acf69b3484e7f24b68c1255,1702,36,24,292,196,766.8984375,396.375,0.5703125,0.34375,False,row1_col1,512,384,0,64
1703,1156905,d03b423ac174ea78bf4a6637,1703,41,28,332,228,833.765625,466.35751295336792,0.6484375,0.42746113989637308,False,row1_col1,512,386,0,63
1704,256296,389705dbbfe69bc29265ddd8,1704,40,36,324,292,843.7890625,606.43513513513517,0.6328125,0.5972972972972973,False,row1_col1,512,370,0,71
1705,467940,7c41685bf488a58de2fe104b,1705,36,15,292,124,734.3359375,256.46315789473681,0.5703125,0.15263157894736842,False,row0_col1,512,380,0,66
1706,1919193,516089d2e2e2c9755fbd5142,1706,25,35,204,284,555.8828125,604.25599999999997,0.3984375,0.57599999999999996,False,row1_col1,512,375,0,68
1707,1685019,819d5eb6d1fc6bee06f079d2,1707,27,24,220,196,562.6640625,376.80769230769232,0.4296875,0.34615384615384615,False,row1_col1,512,390,0,61
1708,2607272,419d4372c4c0bfbddc5d5b65,1708,40,34,324,276,818.359375,577.08510638297867,0.6328125,0.55319148936170215,False,row1_col1,512,376,0,68
1709,817462,87fbd4752229b1af092fadbf,1709,54,36,436,292,1063.9375,618.2627345844503,0.8515625,0.59785522788203749,False,row1_col2,512,373,0,69
1710,309582,766454c47ae7c9d62021ae41,1710,14,37,116,300,373.4453125,631.24193548387098,0.2265625,0.61827956989247312,False,row1_col0,512,372,0,70
1711,1030063,f8040df5a0c034645db9d18b,1711,47,30,380,244,952.1484375,514.67112299465236,0.7421875,0.46791443850267378,False,row1_col2,512,374,0,69
1712,62307,9ce76d5db5c11961db1ca677,1712,35,13,284,108,733.8125,213.29473684210527,0.5546875,0.11052631578947368,False,row0_col1,512,380,0,66
1713,2639258,e529d504569d28a662f4d013,1713,26,22,212,180,577.296875,368.91711229946526,0.4140625,0.2967914438502674,False,row0_col1,512,374,0,69
1714,2123996,dc0b4ccd38f08660aa595e39,1714,28,35,228,284,575.171875,610.91029023746705,0.4453125,0.57519788918205805,False,row1_col1,512,379,0,66
1715,2028859,61f217f44bf2fb9b5077b9b6,1715,59,20,476,164,1142.9375,347.66842105263163,0.9296875,0.25789473684210529,False,row0_col2,512,380,0,66
1716,2328099,45bfb62d2b8a12a9724eb563,1716,35,24,284,196,705.828125,413.45092838196285,0.5546875,0.34217506631299732,False,row1_col1,512,377,0,67
1717,2341350,c977bea10bf03c99460cec13,1717,38,39,308,316,765.71875,666.5,0.6015625,0.65789473684210531,False,row1_col1,512,380,0,66
1718,2434183,28b53dd19c8f65de13e95cab,1718,7,18,60,148,249.4375,313.19518716577545,0.1171875,0.21122994652406418,False,row0_col0,512,374,0,69
1719,460344,89b989a81f1da592d59cc87b,1719,56,24,452,196,1112.6875,415.34146341463418,0.8828125,0.33875338753387535,False,row1_col2,512,369,0,71
1720,2398835,7e43c32828df193edc42ddff,1720,51,41,412,332,1035.3515625,707.42399999999998,0.8046875,0.70399999999999996,False,row2_col2,512,375,0,68
1721,2042127,1159f92ec9c55b3c4702769b,1721,15,36,124,292,386.4375,626.0322580645161,0.2421875,0.59677419354838712,False,row1_col0,512,372,0,70
1722,1125083,0b623855dc284fbf3963690c,1722,27,43,220,348,603.6640625,740.66756756756763,0.4296875,0.74864864864864866,False,row2_col1,512,370,0,71
1723,346724,77a85f3771060390b13f8469,1723,36,41,292,332,749.4765625,698.59893048128345,0.5703125,0.70320855614973266,False,row2_col1,512,374,0,69
1724,551207,d2039782b7096a17e967307e,1724,39,36,316,292,779.3125,607.69451697127943,0.6171875,0.59530026109660572,False,row1_col1,512,383,0,64
1725,2063524,0e2145f7a61e9d7634649dca,1725,36,50,292,404,711.921875,865.02439024390242,0.5703125,0.90243902439024393,False,row2_col1,512,369,0,71
1726,2168173,736df5902e9879b38b3b9634,1726,45,21,364,172,883.3203125,358.4461942257218,0.7109375,0.28083989501312334,False,row0_col2,512,381,0,65
1727,710974,d3087ca15c39ea0c8f15bf17,1727,62,36,500,292,1186.8671875,617.32967032967031,0.9765625,0.59890109890109888,False,row1_col2,512,364,0,74
1728,2108067,5d258a6d34f1b116ab308ce4,1728,35,42,284,340,717.9375,701.34042553191489,0.5546875,0.72340425531914898,False,row2_col1,512,376,0,68
1729,2157445,abac48c206f4f9db98c1c8cf,1729,5,46,44,372,220.4453125,786.65891472868225,0.0859375,0.8010335917312662,False,row2_col0,512,387,0,62
1730,276750,25b175f8a0414b88adf3bbf2,1730,14,36,116,292,370.578125,617.84000000000003,0.2265625,0.59733333333333338,False,row1_col0,512,375,0,68
1731,2152561,b082c61b6f6397804ebe9514,1731,49,33,396,268,980.3671875,568.20000000000005,0.7734375,0.53333333333333333,False,row1_col2,512,375,0,68
1732,2386091,068d42fadee7759ebbad25c7,1732,43,34,348,276,887.9375,580.27486910994776,0.6796875,0.55235602094240843,False,row1_col2,512,382,0,65
1733,1988185,2b2d0a01139cb06591c16929,1733,25,25,204,204,533.6953125,429.75925925925924,0.3984375,0.36243386243386244,False,row1_col1,512,378,0,67
1734,394016,7193a011383f62c1ab378a8f,1734,32,12,260,100,653.1640625,199.51670951156814,0.5078125,0.10025706940874037,False,row0_col1,512,389,0,61
1735,1947076,9ac9ebb9578650063235ec30,1735,4,23,36,188,171.2734375,397.13054830287206,0.0703125,0.32375979112271541,False,row0_col0,512,383,0,64
1736,2386611,068d42fadee7759ebbad25c7,1736,51,42,412,340,1024.9375,717.15445026178008,0.8046875,0.71989528795811519,False,row2_col2,512,382,0,65
1737,2701462,0a3535e7cb0948b575c9ea8e,1737,22,34,180,276,540.9375,572.93589743589746,0.3515625,0.55128205128205132,False,row1_col1,512,390,0,61
1738,1006067,2fb5196803f6c730af314161,1738,51,39,412,316,1023.765625,674.5,0.8046875,0.65789473684210531,False,row1_col2,512,380,0,66
1739,2426900,07487879b83ab8bf265d8c1f,1739,20,32,164,260,511.0234375,563.67095115681229,0.3203125,0.51156812339331614,False,row1_col0,512,389,0,61
1740,333838,587b74bfc019c7be94717f25,1740,14,32,116,260,350.6171875,536.70967741935488,0.2265625,0.510752688172043,False,row1_col0,512,372,0,70
1741,2037300,df64943a259e759b69c57f25,1741,52,24,420,196,1019.5234375,408.16180371352783,0.8203125,0.34217506631299732,False,row1_col2,512,377,0,67
1742,933185,5c2fb8f176203529b320c33d,1742,1,53,12,428,145.9921875,911.32625994694956,0.0234375,0.95755968169761274,False,row2_col0,512,377,0,67
1743,2422087,37007bcf2d5f43196d17bd6c,1743,7,21,60,172,243.90625,366.53066666666666,0.1171875,0.27733333333333332,False,row0_col0,512,375,0,68
1744,52024,5335429b96f92c225a06686c,1744,56,44,452,356,1093.859375,764.1351351351351,0.8828125,0.77027027027027029,False,row2_col2,512,370,0,71
1745,1720897,c0a7a3a62c3795f511c0eafd,1745,1,9,12,76,178.9921875,116.16042780748663,0.0234375,0.01871657754010695,False,row0_col0,512,374,0,69
1746,231962,b413a5bd5eafd552edba7fdd,1746,26,40,212,324,568.1953125,678.27272727272725,0.4140625,0.68181818181818177,False,row2_col1,512,374,0,69
1747,443239,2c26a77005e1ed9b640e64e2,1747,39,13,316,108,796.2890625,225.09018567639257,0.6171875,0.10875331564986737,False,row0_col1,512,377,0,67
1748,1946798,9ac9ebb9578650063235ec30,1748,46,18,372,148,892.4921875,311.28198433420368,0.7265625,0.21932114882506529,False,row0_col2,512,383,0,64
1749,1980400,17686a11fc83b9f929d8d85e,1749,48,31,388,252,992.5625,534.44086021505382,0.7578125,0.489247311827957,False,row1_col2,512,372,0,70
1750,329771,d04aeafeb9e728e609fa7a9e,1750,43,32,348,260,818.7734375,547.76021798365127,0.6796875,0.5122615803814714,False,row1_col2,512,367,0,72
1751,2280242,5676e48fb1caa42ecdd07480,1751,50,44,404,356,943.0703125,756.62406015037595,0.7890625,0.75187969924812026,False,row2_col2,512,399,0,56
1752,1375049,4d5c5a4af0d0418475b08f37,1752,9,45,76,364,306.578125,763.65957446808511,0.1484375,0.78723404255319152,False,row2_col0,512,376,0,68
1753,261212,db58b895d25ece9db831dde2,1753,28,49,228,396,580.5234375,849.22826086956525,0.4453125,0.88043478260869568,False,row2_col1,512,368,0,72
1754,1403418,fb0fc8380eda2b3a475c35eb,1754,26,40,212,324,558.296875,669.48936170212767,0.4140625,0.68085106382978722,False,row2_col1,512,376,0,68
1755,2804023,e9bb5bb030daf0c555014200,1755,55,36,444,292,1078.7109375,613.9679144385027,0.8671875,0.59625668449197866,False,row1_col2,512,374,0,69
1756,1840677,220c8ee1c69449f9af0ae7f1,1756,37,24,300,196,714.703125,422.28125,0.5859375,0.34375,False,row1_col1,512,384,0,64
1757,2566875,a96e8fbb128dc3f4ea56a755,1757,27,43,220,348,561.515625,733.11640211640213,0.4296875,0.74338624338624337,False,row2_col1,512,378,0,67
1758,2451794,9eb7c57cc60b7fe25deb2951,1758,18,37,148,300,402.5703125,634.41304347826087,0.2890625,0.61956521739130432,False,row1_col0,512,368,0,72
1759,2785957,9d07c1fef6d1259f6fa6a262,1759,37,10,300,84,708.046875,165.95652173913044,0.5859375,0.032608695652173912,False,row0_col1,512,368,0,72
1760,2836129,7731cbaac561ffb2001abafb,1760,33,26,268,212,697.6328125,428.20833333333337,0.5234375,0.38541666666666669,False,row1_col1,512,384,0,64
1761,2368786,fe666fef2b8871f5528589d3,1761,18,20,148,164,500.234375,358.70542635658916,0.2890625,0.26356589147286824,False,row0_col0,512,387,0,62
1762,1947142,9ac9ebb9578650063235ec30,1762,6,24,52,196,205.6171875,414.30026109660577,0.1015625,0.34464751958224543,False,row1_col0,512,383,0,64
1763,1198451,aca91e96d9d3f5996c509b6c,1763,51,37,412,300,1029.765625,616.20588235294122,0.8046875,0.61764705882352944,False,row1_col2,512,374,0,69
1764,2738848,5f992fdd05552118b4d67202,1764,32,42,260,340,688.671875,713.27520435967301,0.5078125,0.73024523160762944,False,row2_col1,512,367,0,72
1765,2274829,d25a12404a5aa914a7906fd6,1765,13,24,108,196,374.1875,412.04255319148933,0.2109375,0.34042553191489361,False,row1_col0,512,376,0,68
1766,2406446,cbbfcf781cf2e6b2a448637f,1766,46,32,372,260,904.671875,538.11458333333326,0.7265625,0.51041666666666663,False,row1_col2,512,384,0,64
1767,440333,71091e47820a3c9f89438620,1767,13,32,108,260,353.9296875,547.25198938992048,0.2109375,0.51193633952254647,False,row1_col0,512,377,0,67
1768,2480689,c71b7281815add7bc72e0af6,1768,49,40,396,324,978.328125,683.70000000000005,0.7734375,0.67894736842105263,False,row2_col2,512,380,0,66
1769,2075612,8e28fe67259d0c825fe1bd0b,1769,28,47,228,380,562.2890625,813.56298200514141,0.4453125,0.82005141388174807,False,row2_col1,512,389,0,61
1770,920085,e5ea460098f78f89058a7af5,1770,21,40,172,324,502.546875,687.08695652173913,0.3359375,0.68478260869565222,False,row2_col1,512,368,0,72
1771,291518,fe93b73ddd86f0b267f37da8,1771,62,10,500,84,1216.8671875,165.0663129973475,0.9765625,0.045092838196286469,False,row0_col2,512,377,0,67
1772,481636,630be0f098a5ec263bec1d35,1772,36,37,292,300,759.3359375,624.68134715025906,0.5703125,0.61398963730569944,False,row1_col1,512,386,0,63
1773,862062,c0d503761e44e89054546681,1773,46,29,372,236,939.7578125,487.24137931034483,0.7265625,0.44827586206896552,False,row1_col2,512,377,0,67
1774,828886,2d8cb21136a9201405edf1b5,1774,22,23,180,188,508.9921875,387.93548387096774,0.3515625,0.31720430107526881,False,row0_col1,512,372,0,70
1775,1684839,819d5eb6d1fc6bee06f079d2,1775,39,21,316,172,770.2265625,324.93076923076922,0.6171875,0.2846153846153846,False,row0_col1,512,390,0,61
1776,1267899,571ee3662d24063a85881fe9,1776,59,34,476,276,1162.0234375,571.79729729729729,0.9296875,0.55405405405405406,False,row1_col2,512,370,0,71
1777,719450,88a7da897ac6bcbf16c8e69d,1777,26,41,212,332,572.4375,699.48302872062663,0.4140625,0.69973890339425593,False,row2_col1,512,383,0,64
1778,1922247,7361af587e04e93382fe2d91,1778,7,19,60,156,236.140625,319.53608247422682,0.1171875,0.2422680412371134,False,row0_col0,512,388,0,62
1779,2386340,068d42fadee7759ebbad25c7,1779,36,38,292,308,768.0625,648.71465968586392,0.5703125,0.63612565445026181,False,row1_col1,512,382,0,65
1780,1349742,347841146c8588b3b0ef8cd2,1780,46,33,372,268,886.1171875,562.63829787234044,0.7265625,0.53191489361702127,False,row1_col2,512,376,0,68
1781,924283,b7567bf06817bd7baf211db1,1781,59,41,476,332,1142.515625,697.72340425531911,0.9296875,0.7021276595744681,False,row2_col2,512,376,0,68
1782,2439537,4b2934de204003644e1cf7cc,1782,49,37,396,300,1007.4609375,634.15053763440858,0.7734375,0.61827956989247312,False,row1_col2,512,372,0,70
1783,2394824,d38497f6cb09922f8f3dcf04,1783,8,43,68,348,337.6953125,735.85301837270345,0.1328125,0.7427821522309711,False,row2_col0,512,381,0,65
1784,939381,4f2e92e1b80cd39c3cba6440,1784,53,21,428,172,1012.203125,350.04255319148933,0.8359375,0.27659574468085107,False,row0_col2,512,376,0,68
1785,1952157,cbe7415bc3817302e0c76f2d,1785,29,38,236,308,633.265625,650.05426356589146,0.4609375,0.63565891472868219,False,row1_col1,512,387,0,62
1786,2577625,7d6050d5579cb6deb88d8cf8,1786,25,19,204,156,536.0625,327.12032085561498,0.3984375,0.23262032085561499,False,row0_col1,512,374,0,69
1787,1193660,e2d24e5a47106bd7023a7d65,1787,60,26,484,212,1163.0234375,444.15384615384619,0.9453125,0.38461538461538464,False,row1_col2,512,377,0,67
1788,1562730,69c3ab131f3d9924a0893b68,1788,42,33,340,268,873.109375,548.62264150943395,0.6640625,0.53369272237196763,False,row1_col1,512,371,0,70
1789,1853646,f06dd4b0ff466537119cc2af,1789,14,35,116,284,350.3125,599.91397849462373,0.2265625,0.57526881720430112,False,row1_col0,512,372,0,70
1790,2558179,2f3e9ad50350b43cdcf05159,1790,35,35,284,284,690.0390625,595.08707124010562,0.5546875,0.57519788918205805,False,row1_col1,512,379,0,66
1791,92650,aa559f98e5ee1a0c7cc457cf,1791,42,39,340,316,868.796875,661.08108108108104,0.6640625,0.66216216216216217,False,row1_col1,512,370,0,71
1792,2528569,5b1f5c81c875f06122031a4b,1792,57,20,460,164,1108.3671875,335.66666666666663,0.8984375,0.25268817204301075,False,row0_col2,512,372,0,70
1793,1808924,36a1385eef8168000ac9d2ff,1793,28,40,228,324,583.5234375,682.71317829457371,0.4453125,0.67700258397932822,False,row2_col1,512,387,0,62
1794,571640,1e5e68e0329b0ca73274b4b5,1794,56,35,452,284,1101.859375,594.76377952755911,0.8828125,0.57480314960629919,False,row1_col2,512,381,0,65
1795,2328189,45bfb62d2b8a12a9724eb563,1795,61,25,492,204,1150.265625,430.53315649867375,0.9609375,0.36339522546419101,False,row1_col2,512,377,0,67
1796,2413850,02b8d585b96bf351d6297716,1796,26,20,212,164,570.984375,331.70542635658916,0.4140625,0.26356589147286824,False,row0_col1,512,387,0,62
1797,2791754,0aefb854b741b33901ea1e52,1797,10,37,84,300,298.6171875,624.12,0.1640625,0.6186666666666667,False,row1_col0,512,375,0,68
1798,1980047,17686a11fc83b9f929d8d85e,1798,15,26,124,212,427.4375,448.84946236559142,0.2421875,0.38172043010752688,False,row1_col0,512,372,0,70
1799,2452149,9eb7c57cc60b7fe25deb2951,1799,53,42,428,340,1009.0546875,721.1521739130435,0.8359375,0.72826086956521741,False,row2_col2,512,368,0,72
1800,2659641,227969fa61ff286c2e58e4b7,1800,57,20,460,164,1111.078125,334.18867924528297,0.8984375,0.25336927223719674,False,row0_col2,512,371,0,70
1801,2823661,745e27be1c9edae1c661541a,1801,45,23,364,188,949.4296875,386.10439560439556,0.7109375,0.31318681318681318,False,row0_col2,512,364,0,74
1802,1362328,13b0152a68a53d6271f1d621,1802,24,38,196,308,466.7734375,635.48421052631579,0.3828125,0.63684210526315788,False,row1_col1,512,380,0,66
1803,542210,ae10765eee319809f6e8d9ae,1803,2,24,20,196,171.2421875,407.66129032258061,0.0390625,0.33870967741935482,False,row1_col0,512,372,0,70
1804,1079840,d541e836f6ba68faa6688c9d,1804,32,40,260,324,670.6875,667.8730158730159,0.5078125,0.67989417989417988,False,row2_col1,512,378,0,67
1805,1928029,0493c50e4f0350b831275383,1805,29,45,236,364,656.1796875,772.85785536159597,0.4609375,0.770573566084788,False,row2_col1,512,401,0,55
1806,2156429,abac48c206f4f9db98c1c8cf,1806,13,30,108,244,357.8203125,511.80620155038758,0.2109375,0.47028423772609818,False,row1_col0,512,387,0,62
1807,1694288,8e016ce8a91e1722991e0302,1807,16,41,132,332,381.171875,677.66666666666674,0.2578125,0.70430107526881724,False,row2_col0,512,372,0,70
1808,1939311,0d760570a7d92d299c04d427,1808,47,29,380,236,943.2109375,497.36623376623373,0.7421875,0.44935064935064933,False,row1_col2,512,385,0,63
1809,1733564,31e8cac167e6b2b2b11352b3,1809,60,14,484,116,1156.734375,226.7434554973822,0.9453125,0.13350785340314136,False,row0_col2,512,382,0,65
1810,1935186,7b57de0d35adaa2f8254baa8,1810,18,29,148,236,514.8125,493.66577540106954,0.2890625,0.446524064171123,False,row1_col0,512,374,0,69
1811,1452124,53f85fa89c59271d3ffb3641,1811,28,33,228,268,630.734375,526.85106382978722,0.4453125,0.53191489361702127,False,row1_col1,512,376,0,68
1812,1668663,fa058e2ffd62b94a6405ac61,1812,55,24,444,196,1089.3125,381.13917525773195,0.8671875,0.34536082474226804,False,row1_col2,512,388,0,62
1813,883516,32f11b88ebf1c0d458dad8d3,1813,60,44,484,356,1163.1875,739.2285714285714,0.9453125,0.76103896103896107,False,row2_col2,512,385,0,63
1814,1624954,e764a382e06a2d9870d6385d,1814,58,45,468,364,1106.296875,761.76021798365116,0.9140625,0.79564032697547682,False,row2_col2,512,367,0,72
1815,2209197,e1bd21e34648fdeb39895cd0,1815,45,22,364,180,859.1875,375.3763440860215,0.7109375,0.29569892473118281,False,row0_col2,512,372,0,70
1816,1271860,989ae53a83cf97dc6d08dbe9,1816,52,32,420,260,1014.0859375,534.14893617021266,0.8203125,0.51063829787234039,False,row1_col2,512,376,0,68
1817,2955045,46a12f7a348173b31e79d614,1817,37,28,300,228,771.046875,466.43478260869563,0.5859375,0.42391304347826086,False,row1_col1,512,368,0,72
1818,2230932,d81cb231e10288659e7909e8,1818,20,42,164,340,501.421875,723.35400516795869,0.3203125,0.71834625322997414,False,row2_col0,512,387,0,62
1819,2630906,c530cb0c0e739b7c0af0415d,1819,58,19,468,156,1089.3828125,322.22015915119363,0.9140625,0.23607427055702918,False,row0_col2,512,377,0,67
1820,2721648,a068182310908092bce2685c,1820,48,29,388,236,977.8984375,487.72131147540983,0.7578125,0.4453551912568306,False,row1_col2,512,366,0,73
1821,1939687,0d760570a7d92d299c04d427,1821,39,35,316,284,806.5859375,599.84935064935064,0.6171875,0.574025974025974,False,row1_col1,512,385,0,63
1822,2107143,5d258a6d34f1b116ab308ce4,1822,7,28,60,228,238.4375,461.55319148936172,0.1171875,0.42553191489361702,False,row1_col0,512,376,0,68
1823,1807859,36a1385eef8168000ac9d2ff,1823,51,23,412,188,984.2265625,386.46511627906978,0.8046875,0.32558139534883723,False,row0_col2,512,387,0,62
1824,575990,36eb7440912b14f82d4f0a68,1824,54,39,436,316,1040.421875,652.10994764397913,0.8515625,0.65706806282722519,False,row1_col2,512,382,0,65
1825,731702,baa55f7c3696feb74db32bba,1825,54,40,436,324,1064.828125,681.52506596306068,0.8515625,0.68073878627968343,False,row2_col2,512,379,0,66
1826,2460157,57c1f270dff8706bef20031f,1826,61,39,492,316,1191.640625,673,0.9609375,0.66129032258064513,False,row1_col2,512,372,0,70
1827,836968,c7d7069e6440bce13d75f421,1827,40,21,324,172,799.7890625,353.9737532808399,0.6328125,0.28083989501312334,False,row0_col1,512,381,0,65
1828,1919291,516089d2e2e2c9755fbd5142,1828,59,36,476,292,1139.7265625,621.45066666666673,0.9296875,0.59733333333333338,False,row1_col2,512,375,0,68
1829,59975,8d4d5e9c6f62a7f7f0b95cb7,1829,7,41,60,332,212.3125,708.92370572207085,0.1171875,0.70844686648501365,False,row2_col0,512,367,0,72
1830,1840735,220c8ee1c69449f9af0ae7f1,1830,31,25,252,204,611.390625,439.51041666666663,0.4921875,0.36458333333333331,False,row1_col1,512,384,0,64
1831,508926,f5fa9934c3d9553bf163df86,1831,62,15,500,124,1179.0546875,244.19841269841271,0.9765625,0.15079365079365079,False,row0_col2,512,378,0,67
1832,1767608,15b75700160ecc173a4d52a1,1832,56,34,452,276,1075.2734375,572.27999999999997,0.8828125,0.55466666666666664,False,row1_col2,512,375,0,68
1833,1930722,08e2b3b386fb9b49a55d363c,1833,34,23,276,188,717.3515625,389.33684210526314,0.5390625,0.32105263157894737,False,row0_col1,512,380,0,66
1834,2296760,2608d95da3b3a020babab4a4,1834,56,46,452,372,1118.9140625,783.61662198391423,0.8828125,0.81233243967828417,False,row2_col2,512,373,0,69
1835,596187,eb71064c90774c5dc6ff8f78,1835,27,35,220,284,580.515625,604.72222222222217,0.4296875,0.57407407407407407,False,row1_col1,512,378,0,67
1836,795837,1521c7bdee93d552208d03d3,1836,61,18,492,148,1169.7578125,310.78125,0.9609375,0.21875,False,row0_col2,512,384,0,64
1837,1153289,c743bb2801fc5b5e45261132,1837,9,36,76,292,295.578125,614.01612903225805,0.1484375,0.59677419354838712,False,row1_col0,512,372,0,70
1838,2959733,b612bc23f04a82e4e9573610,1838,53,37,428,300,972.5625,641.17241379310349,0.8359375,0.61803713527851456,False,row1_col2,512,377,0,67
1839,776207,aefb29f0a27380abd8a7072a,1839,15,32,124,260,395.890625,547.6073298429319,0.2421875,0.51047120418848169,False,row1_col0,512,382,0,65
1840,726495,9dc7738247217dd257b2b574,1840,31,23,252,188,630.328125,388.66141732283461,0.4921875,0.32283464566929132,False,row0_col1,512,381,0,65
1841,854179,f08c47f4332a0ca4a5ddd327,1841,35,34,284,276,710.703125,571.31550802139031,0.5546875,0.553475935828877,False,row1_col1,512,374,0,69
1842,1333750,a252f276c55b21904fb18cca,1842,54,39,436,316,1042.828125,664.12129380053909,0.8515625,0.66307277628032346,False,row1_col2,512,371,0,70
1843,2406641,cbbfcf781cf2e6b2a448637f,1843,49,35,396,284,956.328125,589.80208333333326,0.7734375,0.57291666666666663,False,row1_col2,512,384,0,64
1844,2017245,5ab20c40b2d117b504740ca4,1844,29,31,236,252,617.953125,536.9754768392371,0.4609375,0.49046321525885561,False,row1_col1,512,367,0,72
1845,359051,bafa334c6c43147b890e28ed,1845,11,42,92,340,301.9140625,712.70526315789471,0.1796875,0.72105263157894739,False,row2_col0,512,380,0,66
1846,2147866,a4df32cda65d6caec503e150,1846,26,24,212,196,536.8125,409.04255319148933,0.4140625,0.34042553191489361,False,row1_col1,512,376,0,68
1847,2894299,603fbff3664fb22ba76787fc,1847,27,39,220,316,540.6640625,661.83739837398366,0.4296875,0.66395663956639561,False,row1_col1,512,369,0,71
1848,2094936,df913345c4c2be5eeed41459,1848,24,29,196,236,555.5390625,499.68393782383419,0.3828125,0.44818652849740931,False,row1_col1,512,386,0,63
1849,571310,1e5e68e0329b0ca73274b4b5,1849,46,30,372,244,929.671875,508.77952755905511,0.7265625,0.46981627296587924,False,row1_col2,512,381,0,65
1850,2136226,8213a75d6bb493befa13560d,1850,34,34,276,276,722.8125,584.8125,0.5390625,0.55208333333333337,False,row1_col1,512,384,0,64
1851,631713,e5c18f32ffcf933947d02a58,1851,33,14,268,116,728.109375,235.67302452316076,0.5234375,0.11989100817438691,False,row0_col1,512,367,0,72
1852,1041860,874774544d8697c2062abaed,1852,4,23,36,188,201.2734375,385.17520215633419,0.0703125,0.31805929919137466,False,row0_col0,512,371,0,70
1853,2389839,bdd69774207d2ddbd41a3849,1853,15,29,124,236,379.953125,495.86206896551727,0.2421875,0.44827586206896552,False,row1_col0,512,377,0,67
1854,705731,1f4ef5622d6a1f36e4aa5bbe,1854,3,19,28,156,191.6484375,316.19073569482288,0.0546875,0.22888283378746593,False,row0_col0,512,367,0,72
1855,2303537,79609d9f8ec519016767e49f,1855,49,24,396,196,1001.6875,406.4736842105263,0.7734375,0.34210526315789475,False,row1_col2,512,380,0,66
1856,1132577,f882a0ca74adfbbded05504a,1856,33,32,268,260,697.6328125,547.70967741935488,0.5234375,0.510752688172043,False,row1_col1,512,372,0,70
1857,2386336,068d42fadee7759ebbad25c7,1857,32,38,260,308,699.5625,648.71465968586392,0.5078125,0.63612565445026181,False,row1_col1,512,382,0,65
1858,1145050,52ed4da2285d211f61ff5e8e,1858,26,35,212,284,568.1953125,588.64171122994651,0.4140625,0.57486631016042777,False,row1_col1,512,374,0,69
1859,2263220,cdff67add7326ebbbabf8a48,1859,52,34,420,276,1017.34375,587.03287671232874,0.8203125,0.55616438356164388,False,row1_col2,512,365,0,73
1860,218631,d1458cc139bf5041872709d8,1860,7,24,60,196,212.3125,412.57894736842104,0.1171875,0.34210526315789475,False,row1_col0,512,380,0,66
1861,599108,f494610fdaf77ce6cbdfb0d3,1861,4,17,36,140,197.9765625,279.77005347593581,0.0703125,0.18983957219251338,False,row0_col0,512,374,0,69
1862,1759224,91b902f7a2f5112ece6e0093,1862,56,31,452,252,1124.0390625,527.84054054054059,0.8828125,0.48918918918918919,False,row1_col2,512,370,0,71
1863,698277,88c4bf09a5d57231f89b045c,1863,37,30,300,244,762.6328125,495.15999999999997,0.5859375,0.46933333333333332,False,row1_col1,512,375,0,68
1864,2230645,d81cb231e10288659e7909e8,1864,53,37,428,300,1065.515625,637.97932816537468,0.8359375,0.61498708010335912,False,row1_col2,512,387,0,62
1865,2165985,37c49f476ea9c80e5566cd34,1865,33,51,268,412,659.2109375,876.28571428571422,0.5234375,0.91269841269841268,False,row2_col1,512,378,0,67
1866,1883711,7b4398b5f7d90eaafd6f9de7,1866,63,56,508,452,1249.4375,959.39410187667556,0.9921875,1.0268096514745308,True,padding_center,512,373,0,69
1867,1357636,e011d89cc836ba1aa1bc02a9,1867,4,29,36,236,181.2578125,489.96739130434781,0.0703125,0.44565217391304346,False,row1_col0,512,368,0,72
1868,2165495,37c49f476ea9c80e5566cd34,1868,55,43,444,348,1036.3046875,739.14285714285711,0.8671875,0.74338624338624337,False,row2_col2,512,378,0,67
1869,735177,9e7c13f8064b9fc62fe964d6,1869,9,31,76,252,281.3203125,529.35078534031413,0.1484375,0.48952879581151831,False,row1_col0,512,382,0,65
1870,2959820,b612bc23f04a82e4e9573610,1870,12,39,100,316,260.1875,675.93103448275861,0.1953125,0.66047745358090182,False,row1_col0,512,377,0,67
1871,2553593,d51f5564f4e76c5f59463abb,1871,57,27,460,220,1127.0625,451.21875,0.8984375,0.40625,False,row1_col2,512,384,0,64
1872,1054894,f8d5bac9c8363fd36181c874,1872,46,34,372,276,964.203125,580.27049180327867,0.7265625,0.55464480874316935,False,row1_col2,512,366,0,73
1873,1586072,84f95a6d6caa9fedd81a91ce,1873,24,14,196,116,540.7734375,207.68000000000001,0.3828125,0.128,False,row0_col1,512,375,0,68
1874,2754900,932274c0ff4cbf8cb7b96e8d,1874,20,37,164,300,482.5859375,634.21311475409834,0.3203125,0.6202185792349727,False,row1_col0,512,366,0,73
1875,1992781,df2dd66a2f9f4acffc6fdb65,1875,13,33,108,268,365.5546875,564.60427807486633,0.2109375,0.53208556149732622,False,row1_col0,512,374,0,69
1876,2438584,4b2934de204003644e1cf7cc,1876,56,22,452,180,1127.4453125,377.3763440860215,0.8828125,0.29569892473118281,False,row0_col2,512,372,0,70
1877,1869242,55697275b8b27562c9eb1a4c,1877,58,22,468,180,1109.46875,378.32207792207794,0.9140625,0.30389610389610389,False,row0_col2,512,385,0,63
1878,2262701,cdff67add7326ebbbabf8a48,1878,45,26,364,212,897.03125,449.56438356164381,0.7109375,0.38082191780821917,False,row1_col2,512,365,0,73
1879,894346,b984b329871f0e84f5fd4de2,1879,10,22,84,180,277.9296875,364.14864864864865,0.1640625,0.29459459459459458,False,row0_col0,512,370,0,71
1880,1959532,113ae33369eea4ce7f0b6955,1880,44,25,356,204,860.1484375,431.35013262599472,0.6953125,0.36339522546419101,False,row1_col2,512,377,0,67
1881,2259407,0ec02acd088fff4c4bbe590f,1881,15,39,124,316,412.1640625,677.4209115281501,0.2421875,0.66219839142091153,False,row1_col0,512,373,0,69
1882,2701395,0a3535e7cb0948b575c9ea8e,1882,19,33,156,268,488.8125,555.56153846153848,0.3046875,0.53076923076923077,False,row1_col0,512,390,0,61
1883,1939319,0d760570a7d92d299c04d427,1883,55,29,444,236,1079.8359375,497.36623376623373,0.8671875,0.44935064935064933,False,row1_col2,512,385,0,63
1884,1939399,0d760570a7d92d299c04d427,1884,7,31,60,252,260.0859375,531.5272727272727,0.1171875,0.49090909090909091,False,row1_col0,512,385,0,63
1885,726991,9dc7738247217dd257b2b574,1885,15,31,124,252,352.828125,527.41207349081355,0.2421875,0.49081364829396323,False,row1_col0,512,381,0,65
1886,2140837,e6a42e7bbe1942d90ee3b93f,1886,37,42,300,340,742.9453125,729.89333333333343,0.5859375,0.72533333333333339,False,row2_col1,512,375,0,68
1887,2114937,7ed463394b5acb61e1574507,1887,57,21,460,172,1070.5859375,362.1875,0.8984375,0.28125,False,row0_col2,512,384,0,64
1888,2415170,02b8d585b96bf351d6297716,1888,2,41,20,332,160.734375,690.27906976744191,0.0390625,0.69767441860465118,False,row2_col0,512,387,0,62
1889,2410186,4353ce725c8d749885d3c4b7,1889,10,27,84,220,245.8125,457.88421052631577,0.1640625,0.40526315789473683,False,row1_col0,512,380,0,66
1890,978391,2d869e49280e98d4f624cdc6,1890,23,55,188,444,494.25,965.31392405063286,0.3671875,0.97721518987341771,False,row2_col1,512,395,0,58
1891,837778,c7d7069e6440bce13d75f421,1891,18,34,148,276,418.5703125,579.44356955380567,0.2890625,0.5538057742782152,False,row1_col0,512,381,0,65
1892,1993478,df2dd66a2f9f4acffc6fdb65,1892,6,44,52,356,246.0078125,752.36898395721926,0.1015625,0.76737967914438499,False,row2_col0,512,374,0,69
1893,2004312,d8aec49d4eabf940e94e99b9,1893,24,21,196,172,528.796875,363.14400000000001,0.3828125,0.27733333333333332,False,row0_col1,512,375,0,68
1894,1218486,fa425b55ae4649a7440cdfd7,1894,54,30,436,244,1045.421875,501.13903743315507,0.8515625,0.46791443850267378,False,row1_col2,512,374,0,69
1895,694820,75e6d970a10dafc3054e0571,1895,36,40,292,324,770.1875,682.19512195121945,0.5703125,0.68563685636856364,False,row2_col1,512,369,0,71
1896,776760,aefb29f0a27380abd8a7072a,1896,56,40,452,324,1101.859375,685.32460732984293,0.8828125,0.67801047120418845,False,row2_col2,512,382,0,65
1897,27167,b6eaf5e811a0be7062ed1bb3,1897,31,40,252,324,627.8359375,679.27461139896366,0.4921875,0.67616580310880825,False,row2_col1,512,386,0,63
1898,571112,1e5e68e0329b0ca73274b4b5,1898,40,27,324,220,826.359375,457.18897637795271,0.6328125,0.40682414698162728,False,row1_col1,512,381,0,65
1899,2738844,5f992fdd05552118b4d67202,1899,28,42,228,340,619.296875,713.27520435967301,0.4453125,0.73024523160762944,False,row2_col1,512,367,0,72
1900,346596,77a85f3771060390b13f8469,1900,36,39,292,316,749.4765625,663.94652406417106,0.5703125,0.66042780748663099,False,row1_col1,512,374,0,69
1901,2124301,dc0b4ccd38f08660aa595e39,1901,13,40,108,324,318.765625,696.3984168865436,0.2109375,0.68073878627968343,False,row2_col0,512,379,0,66
1902,2795856,1003aab33f20bcdbe2120a89,1902,16,37,132,300,409.6875,648.09186351706035,0.2578125,0.61679790026246717,False,row1_col0,512,381,0,65
1903,2422180,37007bcf2d5f43196d17bd6c,1903,36,22,292,180,742.34375,383.72533333333337,0.5703125,0.29866666666666669,False,row0_col1,512,375,0,68
1904,2939124,fe6f136289ff3cf96e9fa7fa,1904,52,35,420,284,1007.7265625,596.64171122994651,0.8203125,0.57486631016042777,False,row1_col2,512,374,0,69
1905,1906603,29967e147eb9c7a768964adf,1905,43,30,348,244,853.9765625,517.29177718832898,0.6796875,0.46949602122015915,False,row1_col2,512,377,0,67
1906,382502,bf67a8c3d85ddf53723e2a60,1906,38,24,308,196,773.7421875,391.86933333333332,0.6015625,0.34133333333333332,False,row1_col1,512,375,0,68
1907,2278743,5676e48fb1caa42ecdd07480,1907,23,21,188,172,475.2109375,358.18796992481202,0.3671875,0.2907268170426065,False,row0_col1,512,399,0,56
1908,1014008,5f54a832376b920cdc467195,1908,56,35,452,284,1082.921875,610.26259946949608,0.8828125,0.5755968169761273,False,row1_col2,512,377,0,67
1909,2197675,b7cc7826ac85ae8215b61101,1909,43,34,348,276,879.9375,587.28947368421063,0.6796875,0.55263157894736847,False,row1_col2,512,380,0,66
1910,1841816,220c8ee1c69449f9af0ae7f1,1910,24,42,196,340,490.859375,732.40625,0.3828125,0.71875,False,row2_col1,512,384,0,64
1911,620896,dd2f8e22a40ca28b716d3418,1911,32,37,260,300,657.6875,640.14705882352951,0.5078125,0.61764705882352944,False,row1_col1,512,374,0,69
1912,2713829,29885a385c0c3cb416f20ecb,1912,37,35,300,284,793.046875,592.63414634146352,0.5859375,0.57723577235772361,False,row1_col1,512,369,0,71
1913,1866551,f811b6561edd9f797ff5e802,1913,55,44,444,356,1071.0390625,751.00800000000004,0.8671875,0.76800000000000002,False,row2_col2,512,375,0,68
1914,2098982,6393cda3292692bfb1ba6fc7,1914,38,28,308,228,809.109375,475.22691292875987,0.6015625,0.42744063324538256,False,row1_col1,512,379,0,66
1915,1603824,414d9b02f6f9676c4dd52a63,1915,48,35,388,284,937.109375,579.23783783783779,0.7578125,0.57567567567567568,False,row1_col2,512,370,0,71
1916,2865419,3c6223fad65553c89976049b,1916,11,36,92,292,301.9140625,618.37564766839375,0.1796875,0.59326424870466321,False,row1_col0,512,386,0,63
1917,1328813,4a2e77ff95f9a40d8e136e34,1917,45,26,364,212,929.5625,443.65122615803818,0.7109375,0.38147138964577659,False,row1_col2,512,367,0,72
1918,2159930,e2b45792dfc5b8bb9ef98bca,1918,58,20,468,164,1139.8671875,344.65343915343919,0.9140625,0.25661375661375663,False,row0_col2,512,378,0,67
1919,2296963,2608d95da3b3a020babab4a4,1919,3,50,28,404,213.7734375,851.90616621983918,0.0546875,0.89812332439678288,False,row2_col0,512,373,0,69
1920,579830,f7f29bc516d8bf1032c86519,1920,54,35,436,284,1053.3828125,601.06994818652856,0.8515625,0.57253886010362698,False,row1_col2,512,386,0,63
1921,2583173,05f41bd57337a78242d25d3e,1921,5,42,44,340,209.1328125,722.35340314136124,0.0859375,0.71989528795811519,False,row2_col0,512,382,0,65
1922,2824747,745e27be1c9edae1c661541a,1922,43,40,348,324,914.7734375,680.89560439560444,0.6796875,0.68681318681318682,False,row2_col2,512,364,0,74
1923,1090588,12def0a47aa043439d178972,1923,28,16,228,132,637.1875,257.063829787234,0.4453125,0.1702127659574468,False,row0_col1,512,376,0,68
1924,1546383,76906f430110ea676ee84663,1924,15,34,124,276,385.5859375,578.29787234042556,0.2421875,0.55319148936170215,False,row1_col0,512,376,0,68
1925,1317559,e7c724e78fb9d4020c4926bf,1925,55,42,444,340,1057.9765625,707.34864864864869,0.8671875,0.72702702702702704,False,row2_col2,512,370,0,71
1926,2336330,7413f29906bbedeb019fea89,1926,10,25,84,204,319.8125,430.12886597938143,0.1640625,0.36597938144329895,False,row1_col0,512,388,0,62
1927,801063,3d9a63ef1fa66bf91e525440,1927,39,36,316,292,815.4609375,630.9679144385027,0.6171875,0.59625668449197866,False,row1_col1,512,374,0,69
1928,2062789,0e2145f7a61e9d7634649dca,1928,5,39,44,316,182.015625,676.86178861788619,0.0859375,0.66395663956639561,False,row1_col0,512,369,0,71
1929,350202,e1c9abec502219412e89243a,1929,58,31,468,252,1114.8671875,521.93112947658403,0.9140625,0.4903581267217631,False,row1_col2,512,363,0,74
1930,1928114,0493c50e4f0350b831275383,1930,50,46,404,372,1020.0703125,790.17456359102243,0.7890625,0.79052369077306728,False,row2_col2,512,401,0,55
1931,461108,89b989a81f1da592d59cc87b,1931,52,36,420,292,1043.1875,623.73170731707319,0.8203125,0.59891598915989164,False,row1_col2,512,369,0,71
1932,304280,7362ade95f32642a9f44c44a,1932,24,18,196,148,567.515625,304.60552763819095,0.3828125,0.228643216080402,False,row0_col1,512,398,0,57
1933,1906701,29967e147eb9c7a768964adf,1933,13,32,108,260,338.8203125,551.66843501326264,0.2109375,0.51193633952254647,False,row1_col0,512,377,0,67
1934,2165272,37c49f476ea9c80e5566cd34,1934,24,40,196,324,504.9453125,687.71428571428567,0.3828125,0.67989417989417988,False,row2_col1,512,378,0,67
1935,275681,25b175f8a0414b88adf3bbf2,1935,33,19,268,156,698.921875,324.07999999999998,0.5234375,0.23466666666666666,False,row0_col1,512,375,0,68
1936,1238593,3ffaebc342f5f383bf88b1ed,1936,1,25,12,204,149.0625,427.01907356948226,0.0234375,0.35967302452316074,False,row1_col0,512,367,0,72
1937,846060,af05ccec25502117ca3f9a04,1937,44,35,356,284,912.1875,607.91644204851741,0.6953125,0.5768194070080862,False,row1_col2,512,371,0,70
1938,1148913,8daccd55625a20f9d7bcd504,1938,49,31,396,252,970.328125,524.88709677419354,0.7734375,0.489247311827957,False,row1_col2,512,372,0,70
1939,579251,f7f29bc516d8bf1032c86519,1939,51,26,412,212,1001.3984375,445.31865284974094,0.8046875,0.3860103626943005,False,row1_col2,512,386,0,63
1940,1321264,084113d51f52939d74d2a4fd,1940,48,36,388,292,917.140625,625.84000000000003,0.7578125,0.59733333333333338,False,row1_col2,512,375,0,68
1941,2916986,8d10243544cfbd17a41b803a,1941,58,9,468,76,1111.296875,147.75675675675677,0.9140625,0.013513513513513514,False,row0_col2,512,370,0,71
1942,2095247,df913345c4c2be5eeed41459,1942,15,34,124,276,399.5859375,586.31606217616581,0.2421875,0.55181347150259064,False,row1_col0,512,386,0,63
1943,899642,06a2536925aca2673e4f022e,1943,58,40,468,324,1100.4375,675.8730158730159,0.9140625,0.67989417989417988,False,row2_col2,512,378,0,67
1944,685028,a0f12f3555715d52a9a54e99,1944,36,15,292,124,732.1875,240.1827676240209,0.5703125,0.1566579634464752,False,row0_col1,512,383,0,64
1945,2131270,830ee1acd4627b4aa99fcc61,1945,6,21,52,172,232.3125,360.53108808290153,0.1015625,0.28238341968911918,False,row0_col0,512,386,0,63
1946,546398,e30051d3d8fd995844562e4d,1946,30,25,244,204,648.5078125,424.97311827956992,0.4765625,0.36021505376344087,False,row1_col1,512,372,0,70
1947,2287797,9183cf46ec95f7416fc2cadd,1947,53,34,428,276,1021.515625,574.81266490765177,0.8359375,0.55408970976253302,False,row1_col2,512,379,0,66
1948,2250738,feae8edd69230ba2d038a705,1948,50,31,404,252,1010.8125,528.94502617801049,0.7890625,0.48952879581151831,False,row1_col2,512,382,0,65
1949,1862446,f4ac4da33960d6b1e1780732,1949,46,44,372,356,860.859375,751.37434554973822,0.7265625,0.76178010471204194,False,row2_col2,512,382,0,65
1950,2230688,d81cb231e10288659e7909e8,1950,32,38,260,308,706.546875,655.05426356589146,0.5078125,0.63565891472868219,False,row1_col1,512,387,0,62
1951,1890161,77f12352984de874b6cd5378,1951,49,29,396,236,996.4609375,496.14285714285717,0.7734375,0.44708994708994709,False,row1_col2,512,378,0,67
1952,1247946,0d9ba0bed26dc6d0fa606188,1952,10,43,84,348,277.109375,727.62670299727517,0.1640625,0.75204359673024523,False,row2_col0,512,367,0,72
1953,1983737,152a6af5fd08ee8687052c5c,1953,57,19,460,156,1105.9921875,334.96799999999996,0.8984375,0.23466666666666666,False,row0_col2,512,375,0,68
1954,1867176,f811b6561edd9f797ff5e802,1954,40,54,324,436,813.4609375,922.95466666666664,0.6328125,0.98133333333333328,False,row2_col1,512,375,0,68
1955,1603565,414d9b02f6f9676c4dd52a63,1955,45,31,364,252,885.453125,510.39459459459459,0.7109375,0.48918918918918919,False,row1_col2,512,370,0,71
1956,1857452,7a0f74886ddf2564aac2dcae,1956,44,30,356,244,858.7578125,518.79946524064167,0.6953125,0.46791443850267378,False,row1_col2,512,374,0,69
1957,934869,1c3b47236e79243b77075512,1957,21,15,172,124,455.203125,245.38235294117646,0.3359375,0.14705882352941177,False,row0_col1,512,374,0,69
1958,2237576,61b5465c722b8b833ec48621,1958,8,18,68,148,291.1640625,308.58981233243969,0.1328125,0.21179624664879357,False,row0_col0,512,373,0,69
1959,2082117,faf3e3da73ae229e7fc9da66,1959,5,21,44,172,212.2734375,364.596256684492,0.0859375,0.27540106951871657,False,row0_col0,512,374,0,69
1960,449208,72516b14bd4f8c49162a07e5,1960,56,42,452,340,1087.859375,710.71351351351348,0.8828125,0.72702702702702704,False,row2_col2,512,370,0,71
1961,1993653,df2dd66a2f9f4acffc6fdb65,1961,53,46,428,372,1048.6796875,786.50802139037432,0.8359375,0.81016042780748665,False,row2_col2,512,374,0,69
1962,1586722,84f95a6d6caa9fedd81a91ce,1962,34,24,276,196,713.7421875,380.48000000000002,0.5390625,0.34133333333333332,False,row1_col1,512,375,0,68
1963,1690206,adea380903a21f32cbcdb240,1963,30,41,244,332,638.9375,674.0625,0.4765625,0.69791666666666663,False,row2_col1,512,384,0,64
1964,2636475,ee0789a261852bef9369707a,1964,59,42,476,340,1170.234375,723.93800539083566,0.9296875,0.72776280323450138,False,row2_col2,512,371,0,70
1965,2771190,b03b20f2cfe9c76ed5856a60,1965,54,35,436,284,1081.6796875,601.01851851851848,0.8515625,0.57407407407407407,False,row1_col2,512,378,0,67
1966,181585,62e720c2614a5a925bc7244b,1966,17,21,140,172,449.0625,348.25459317585302,0.2734375,0.28083989501312334,False,row0_col0,512,381,0,65
1967,468569,7c41685bf488a58de2fe104b,1967,25,25,204,204,544.0703125,429.51578947368421,0.3984375,0.36315789473684212,False,row1_col1,512,380,0,66
1968,2091833,84260c9ea667e4b1cdc99d6e,1968,57,44,460,356,1100.5859375,751.59574468085111,0.8984375,0.76595744680851063,False,row2_col2,512,376,0,68
1969,2839863,e9a770d135ddbd041172d1f8,1969,55,20,444,164,1065.640625,326.10416666666669,0.8671875,0.26041666666666669,False,row0_col2,512,384,0,64
1970,2049571,91decb18deafedf261951d4d,1970,35,24,284,196,690.9375,415.99732620320856,0.5546875,0.33957219251336901,False,row1_col1,512,374,0,69
1971,846512,af05ccec25502117ca3f9a04,1971,48,42,388,340,981.6875,729.57681940700809,0.7578125,0.72776280323450138,False,row2_col2,512,371,0,70
1972,2610756,54f228b2ef6b12f663053845,1972,4,25,36,204,190.2734375,425.0130890052356,0.0703125,0.36387434554973824,False,row1_col0,512,382,0,65
1973,1657415,45b11473d4f5f125115c882f,1973,7,41,60,332,224.7265625,670.39999999999998,0.1171875,0.69999999999999996,False,row2_col0,512,380,0,66
1974,2365162,583fd37185c66e5b35d4ad0d,1974,42,27,340,220,845.46875,455.10913705583755,0.6640625,0.40862944162436549,False,row1_col1,512,394,0,59
1975,2815639,3610a7a8fae8831f175ef8a6,1975,23,26,188,212,514.640625,452.21276595744683,0.3671875,0.38297872340425532,False,row1_col1,512,376,0,68
1976,682548,b540e2337d1ee579831d1275,1976,52,40,420,324,1022.0859375,668.71465968586381,0.8203125,0.67801047120418845,False,row2_col2,512,382,0,65
1977,727176,9dc7738247217dd257b2b574,1977,8,34,68,276,231.421875,579.44356955380567,0.1328125,0.5538057742782152,False,row1_col0,512,381,0,65
1978,1386289,69ce82acc0f6112757b0f61b,1978,49,28,396,228,962.1953125,472.88378378378377,0.7734375,0.42432432432432432,False,row1_col2,512,370,0,71
1979,1722899,c0a7a3a62c3795f511c0eafd,1979,19,40,156,324,490.8984375,653.27272727272725,0.3046875,0.68181818181818177,False,row2_col0,512,374,0,69
1980,2286970,9183cf46ec95f7416fc2cadd,1980,58,21,468,172,1106.984375,352.54353562005281,0.9140625,0.27968337730870713,False,row0_col2,512,379,0,66
1981,40169,4a3299ef726167046df92253,1981,41,51,332,412,790.1171875,879.86096256684493,0.6484375,0.91711229946524064,False,row2_col1,512,374,0,69
1982,1173427,50086bd6ca8500ae698af9ac,1982,51,30,412,244,1023.984375,502.15762273901805,0.8046875,0.47028423772609818,False,row1_col2,512,387,0,62
1983,133794,b2a130710318388be2620233,1983,34,42,276,340,701.046875,710.71351351351348,0.5390625,0.72702702702702704,False,row2_col1,512,370,0,71
1984,2055270,43a8d937bdc326d6174ea535,1984,38,49,308,396,807.9140625,843.10638297872345,0.6015625,0.87234042553191493,False,row2_col1,512,376,0,68
1985,1460631,462b47fa3de976e72a9b5115,1985,23,38,188,308,549.2109375,629.62032085561498,0.3671875,0.63903743315508021,False,row1_col1,512,374,0,69
1986,1894883,1d12ec902c3113b35c317ef8,1986,35,39,284,316,727.828125,665.3007915567282,0.5546875,0.65963060686015829,False,row1_col1,512,379,0,66
1987,2123730,dc0b4ccd38f08660aa595e39,1987,18,31,148,252,404.234375,542.51978891820579,0.2890625,0.49076517150395776,False,row1_col0,512,379,0,66
1988,2066449,8bb55828650e42ce1359edc9,1988,17,32,140,260,436.9609375,542.06684491978615,0.2734375,0.51069518716577544,False,row1_col0,512,374,0,69
1989,2705607,36bbd488b40fa9d32e6c7611,1989,7,35,60,284,263.609375,604.58445040214474,0.1171875,0.57640750670241292,False,row1_col0,512,373,0,69
1990,1800925,5dcfc0e65ab4ebc09fc86fbe,1990,29,43,236,348,631.1796875,713.91758241758237,0.4609375,0.75274725274725274,False,row2_col1,512,364,0,74
1991,928559,b7e5c36b0fcc32f8da70f625,1991,47,44,380,356,911.5390625,752.83783783783781,0.7421875,0.77027027027027029,False,row2_col2,512,370,0,71
1992,1846247,439720347b525b459d2cd2a2,1992,39,47,316,380,838.4375,823.19437340153456,0.6171875,0.81841432225063937,False,row2_col1,512,391,0,60
1993,2460627,57c1f270dff8706bef20031f,1993,19,47,156,380,463.203125,811.66666666666674,0.3046875,0.83333333333333337,False,row2_col0,512,372,0,70
1994,2198371,b7cc7826ac85ae8215b61101,1994,35,45,284,364,742.9375,775.56315789473683,0.5546875,0.78421052631578947,False,row2_col1,512,380,0,66
1995,350643,e1c9abec502219412e89243a,1995,51,38,412,308,993.7890625,643.03305785123962,0.8046875,0.64462809917355368,False,row1_col2,512,363,0,74
1996,2468684,55d9a5ec969dbb3e47e1a2cb,1996,12,45,100,364,341.2109375,771.60869565217388,0.1953125,0.79347826086956519,False,row2_col0,512,368,0,72
1997,2742903,f1ca105fe73c64e1d617894e,1997,55,41,444,332,1073.640625,686.72340425531911,0.8671875,0.7021276595744681,False,row2_col2,512,376,0,68
1998,1607132,8595161ed5c1f96662a7e12e,1998,28,23,228,188,582.515625,374.24164524421593,0.4453125,0.32647814910025708,False,row0_col1,512,389,0,61
1999,2643094,09b397b83ed83e6306d85ec0,1999,22,18,180,148,509.8828125,298.83923705722071,0.3515625,0.20708446866485014,False,row0_col1,512,367,0,72
2000,2131418,830ee1acd4627b4aa99fcc61,2000,26,23,212,188,574.8125,394.81088082901556,0.4140625,0.32383419689119169,False,row0_col1,512,386,0,63
2001,2122268,dc0b4ccd38f08660aa595e39,2001,28,8,228,68,575.171875,149.27440633245382,0.4453125,0.0052770448548812663,False,row0_col1,512,379,0,66
2002,1546515,76906f430110ea676ee84663,2002,19,36,156,292,454.8984375,612.936170212766,0.3046875,0.5957446808510638,False,row1_col0,512,376,0,68
2003,1756398,0aef4825947bf8ad603e523a,2003,46,51,372,412,938.9375,862.85254691688999,0.7265625,0.91957104557640745,False,row2_col2,512,373,0,69
2004,697754,88c4bf09a5d57231f89b045c,2004,26,22,212,180,572.3671875,356.92000000000002,0.4140625,0.29866666666666669,False,row0_col1,512,375,0,68
2005,1767798,15b75700160ecc173a4d52a1,2005,54,37,436,300,1040.6796875,624.12,0.8515625,0.6186666666666667,False,row1_col2,512,375,0,68
2006,1791312,558b808638166f54dfdd8633,2006,16,21,132,172,395.6875,347.32898172323758,0.2578125,0.28198433420365537,False,row0_col0,512,383,0,64
2007,2213287,71189113f916283b21e2571b,2007,39,22,316,180,825.0546875,375.9677419354839,0.6171875,0.29569892473118281,False,row0_col1,512,372,0,70
2008,2364700,583fd37185c66e5b35d4ad0d,2008,28,20,228,164,604.84375,334.7233502538071,0.4453125,0.26649746192893403,False,row0_col1,512,394,0,59
2009,940082,4f2e92e1b80cd39c3cba6440,2009,50,32,404,260,960.546875,539.61702127659578,0.7890625,0.51063829787234039,False,row1_col2,512,376,0,68
2010,1501299,98b721a6ed7b9a91ce5e0586,2010,51,33,412,268,982.984375,566,0.8046875,0.53333333333333333,False,row1_col2,512,375,0,68
2011,1567547,1fae9ba9c99bf430c1e582d7,2011,59,44,476,356,1132.1640625,753.63756613756618,0.9296875,0.76455026455026454,False,row2_col2,512,378,0,67
2012,2378268,d8e33de8429b55ebb8877642,2012,28,40,228,324,563.3984375,682.22933333333333,0.4453125,0.68266666666666664,False,row2_col1,512,375,0,68
2013,480810,630be0f098a5ec263bec1d35,2013,42,24,340,196,863.1171875,399.70725388601039,0.6640625,0.34455958549222798,False,row1_col1,512,386,0,63
2014,1862307,f4ac4da33960d6b1e1780732,2014,35,42,284,340,672.828125,717.15445026178008,0.5546875,0.71989528795811519,False,row2_col1,512,382,0,65
2015,2185888,e47bf05116ca1e4921049cf3,2015,32,42,260,340,697.1640625,723.61845386533673,0.5078125,0.71072319201995016,False,row2_col1,512,401,0,55
2016,940119,4f2e92e1b80cd39c3cba6440,2016,23,33,188,268,495.640625,556.85106382978722,0.3671875,0.53191489361702127,False,row1_col1,512,376,0,68
2017,821795,ef9e40f88efa54ae539304c5,2017,35,40,284,324,703.484375,687.13821138211381,0.5546875,0.68563685636856364,False,row2_col1,512,369,0,71
2018,2350525,37faa40414dba1a334ec7ebb,2018,61,54,492,436,1188.1875,928.16129032258061,0.9609375,0.9838709677419355,False,row2_col2,512,372,0,70
2019,2431623,63727db752b5ff12377d012c,2019,7,42,60,340,263.9609375,721.28125,0.1171875,0.71875,False,row2_col0,512,384,0,64
2020,1853616,f06dd4b0ff466537119cc2af,2020,48,34,388,276,932.5625,582.79569892473114,0.7578125,0.55376344086021501,False,row1_col2,512,372,0,70
2021,2910672,922064a26912754f70ed0696,2021,16,39,132,316,383.3984375,664.78260869565213,0.2578125,0.66304347826086951,False,row1_col0,512,368,0,72
2022,174165,d140f47bc847b703c1b20aec,2022,21,33,172,268,528.5546875,548.98930481283423,0.3359375,0.53208556149732622,False,row1_col1,512,374,0,69
2023,1198059,aca91e96d9d3f5996c509b6c,2023,43,31,348,252,892.015625,512.89037433155079,0.6796875,0.48930481283422461,False,row1_col2,512,374,0,69
2024,833845,b5272bd6ecfc66e59e34ad6f,2024,53,36,428,292,1085.890625,606.16621253405992,0.8359375,0.59945504087193457,False,row1_col2,512,367,0,72
2025,2263345,cdff67add7326ebbbabf8a48,2025,49,36,396,292,965.78125,621.39999999999998,0.7734375,0.59999999999999998,False,row1_col2,512,365,0,73
2026,2410445,4353ce725c8d749885d3c4b7,2026,13,31,108,252,297.1875,526.43157894736851,0.2109375,0.48947368421052634,False,row1_col0,512,380,0,66
2027,1907609,29967e147eb9c7a768964adf,2027,25,46,204,372,544.8828125,792.30503978779836,0.3984375,0.80901856763925728,False,row2_col1,512,377,0,67
2028,2013945,d6dbdc0bd6330963f936dfc9,2028,57,43,460,348,1092.5703125,732.36153846153854,0.8984375,0.73589743589743595,False,row2_col2,512,390,0,61
2029,2415417,02b8d585b96bf351d6297716,2029,57,44,460,356,1100.890625,741.50387596899225,0.8984375,0.75968992248062017,False,row2_col2,512,387,0,62
2030,456864,f36ce6afecf1a683931bba6d,2030,32,34,260,276,683.2109375,592.02631578947376,0.5078125,0.55263157894736847,False,row1_col1,512,380,0,66
2031,2037577,df64943a259e759b69c57f25,2031,9,29,76,236,281.1328125,494.10344827586209,0.1484375,0.44827586206896552,False,row1_col0,512,377,0,67
2032,2049445,91decb18deafedf261951d4d,2032,37,22,300,180,725.1875,381.72994652406419,0.5859375,0.2967914438502674,False,row0_col1,512,374,0,69
2033,423725,0f0e951d310459324ed1146f,2033,45,28,364,228,906.7421875,472.30000000000001,0.7109375,0.4263157894736842,False,row1_col2,512,380,0,66
2034,2172663,eedf98ccb5a364857973747a,2034,55,27,444,220,1115.8359375,470.24128686327077,0.8671875,0.40482573726541554,False,row1_col2,512,373,0,69
2035,1390665,8406bcde35f072bc956e4b05,2035,9,33,76,268,262.6171875,554.51098901098908,0.1484375,0.53296703296703296,False,row1_col0,512,364,0,74
2036,2169830,736df5902e9879b38b3b9634,2036,38,47,308,380,763.1171875,804.4724409448819,0.6015625,0.82677165354330706,False,row2_col1,512,381,0,65
2037,2406625,cbbfcf781cf2e6b2a448637f,2037,33,35,268,284,680.828125,589.80208333333326,0.5234375,0.57291666666666663,False,row1_col1,512,384,0,64
2038,1890776,77f12352984de874b6cd5378,2038,24,39,196,316,567.9453125,667.57142857142856,0.3828125,0.65873015873015872,False,row1_col1,512,378,0,67
2039,1430860,bacd8d5cf67fb7f5bb3c16e1,2039,12,21,100,172,336.015625,343.56836461126011,0.1953125,0.27613941018766758,False,row0_col0,512,373,0,69
2040,398877,27e6733bbab4a1b0477f8b26,2040,29,24,236,196,619.2578125,407.92348284960423,0.4609375,0.34300791556728233,False,row1_col1,512,379,0,66
2041,43147,ca1191675acfe9ec5285967b,2041,11,34,92,276,286.015625,591.5,0.1796875,0.55263157894736847,False,row1_col0,512,380,0,66
2042,2565588,a96e8fbb128dc3f4ea56a755,2042,20,23,164,188,440.984375,388.56613756613757,0.3203125,0.32010582010582012,False,row0_col0,512,378,0,67
2043,957111,a9d0ff3cc6fb5dab5212ac12,2043,55,42,444,340,1078.7734375,715.14173228346453,0.8671875,0.72178477690288712,False,row2_col2,512,381,0,65
2044,1214995,6d1104b9ed5d737c509d9e3c,2044,19,40,156,324,459.4609375,681.17506631299739,0.3046875,0.6816976127320955,False,row2_col0,512,377,0,67
2045,2296282,2608d95da3b3a020babab4a4,2045,26,39,212,316,606.5703125,664.10991957104557,0.4140625,0.66219839142091153,False,row1_col1,512,373,0,69
2046,714541,dd4ad461de197a243a121525,2046,45,28,364,228,917.7421875,462.74869109947645,0.7109375,0.42670157068062825,False,row1_col2,512,382,0,65
2047,2221479,442850a2087d62c7e9453fcd,2047,39,22,316,180,816.4375,372.3763440860215,0.6171875,0.29569892473118281,False,row0_col1,512,372,0,70
2048,2667834,dbf09619c576033279939c88,2048,58,20,468,164,1111.296875,341.03141361256547,0.9140625,0.25916230366492149,False,row0_col2,512,382,0,65
2049,575174,36eb7440912b14f82d4f0a68,2049,6,27,52,220,213.921875,445.53403141361258,0.1015625,0.40575916230366493,False,row1_col0,512,382,0,65
2050,2045318,7e205d3f86dfa2c6e030bdfc,2050,6,22,52,180,235.0078125,373.69553805774274,0.1015625,0.30183727034120733,False,row0_col0,512,381,0,65
2051,2812639,16d0765a08e3d244f634276d,2051,31,43,252,348,648.3125,755.48930481283423,0.4921875,0.74598930481283421,False,row2_col1,512,374,0,69
2052,2566881,a96e8fbb128dc3f4ea56a755,2052,33,43,268,348,664.828125,733.11640211640213,0.5234375,0.74338624338624337,False,row2_col1,512,378,0,67
2053,1436043,6dc9bf8ff05d6f7df0e30315,2053,11,38,92,308,300.2734375,627.27320954907168,0.1796875,0.63925729442970824,False,row1_col0,512,377,0,67
2054,894343,b984b329871f0e84f5fd4de2,2054,7,22,60,180,225.6640625,364.14864864864865,0.1171875,0.29459459459459458,False,row0_col0,512,370,0,71
2055,2636241,ee0789a261852bef9369707a,2055,17,39,140,316,444.421875,672.12129380053909,0.2734375,0.66307277628032346,False,row1_col0,512,371,0,70
2056,1914130,246ad0c43ef94471a87d00f3,2056,18,20,148,164,462.8125,344.46256684491982,0.2890625,0.25401069518716579,False,row0_col0,512,374,0,69
2057,580230,f7f29bc516d8bf1032c86519,2057,6,42,52,340,221.6328125,722.20984455958546,0.1015625,0.71761658031088082,False,row2_col0,512,386,0,63
2058,498082,49300051975ddaf699eca8d9,2058,34,38,276,308,701.046875,662.92452830188677,0.5390625,0.64150943396226412,False,row1_col1,512,371,0,70
2059,1931227,08e2b3b386fb9b49a55d363c,2059,27,31,220,252,597.3671875,526.43157894736851,0.4296875,0.48947368421052634,False,row1_col1,512,380,0,66
2060,2926832,8e91dc5ebf61a30260770c9c,2060,48,35,388,284,926.109375,588.31914893617022,0.7578125,0.57446808510638303,False,row1_col2,512,376,0,68
2061,616655,ce80ae72436d84596ffaa522,2061,15,35,124,284,371.828125,603.36585365853659,0.2421875,0.57723577235772361,False,row1_col0,512,369,0,71
2062,1894583,1d12ec902c3113b35c317ef8,2062,55,34,444,276,1069.703125,579.81266490765177,0.8671875,0.55408970976253302,False,row1_col2,512,379,0,66
2063,1886430,c7f35be6760fdb85307e2d49,2063,30,35,244,284,629.7890625,606.02127659574467,0.4765625,0.57446808510638303,False,row1_col1,512,376,0,68
2064,1983837,152a6af5fd08ee8687052c5c,2064,29,21,236,172,627.8046875,369.14400000000001,0.4609375,0.27733333333333332,False,row0_col1,512,375,0,68
2065,2386329,068d42fadee7759ebbad25c7,2065,25,38,204,308,579.6875,648.71465968586392,0.3984375,0.63612565445026181,False,row1_col1,512,382,0,65
2066,2180755,17ff7079be9b18b062834cfc,2066,19,26,156,212,476.0234375,451.584,0.3046875,0.38400000000000001,False,row1_col0,512,375,0,68
2067,1909435,4232070a33fbc4fa24180e8d,2067,59,10,476,84,1123.515625,169.20984455958549,0.9296875,0.054404145077720206,False,row0_col2,512,386,0,63
2068,10990,a2e7834787baf26ee424c739,2068,46,43,372,348,896.578125,744.2102425876011,0.7265625,0.74932614555256061,False,row2_col2,512,371,0,70
2069,2836813,7731cbaac561ffb2001abafb,2069,13,37,108,300,349.1953125,619.79166666666674,0.2109375,0.61458333333333337,False,row1_col0,512,384,0,64
2070,957013,a9d0ff3cc6fb5dab5212ac12,2070,21,41,172,332,493.8671875,697.94488188976379,0.3359375,0.70078740157480313,False,row2_col1,512,381,0,65
2071,811930,daca2d861b6d4fd1ea336571,2071,26,14,212,116,575.3671875,241.56032171581768,0.4140625,0.12600536193029491,False,row0_col1,512,373,0,69
2072,117406,8beb03d8a5bb47d4e9a2581d,2072,30,42,244,340,628.078125,715.93800539083566,0.4765625,0.72776280323450138,False,row2_col1,512,371,0,70
2073,272677,a5e44a049f152deb435edd40,2073,37,36,300,292,763.5625,613.2627345844503,0.5859375,0.59785522788203749,False,row1_col1,512,373,0,69
2074,2337764,7413f29906bbedeb019fea89,2074,36,47,292,380,765.0625,807.07731958762884,0.5703125,0.81958762886597936,False,row2_col1,512,388,0,62
2075,616469,ce80ae72436d84596ffaa522,2075,21,32,172,260,475.890625,551.26829268292681,0.3359375,0.51219512195121952,False,row1_col1,512,369,0,71
2076,1133305,f882a0ca74adfbbded05504a,2076,57,43,460,348,1115.7578125,739.32258064516134,0.8984375,0.74731182795698925,False,row2_col2,512,372,0,70
2077,2062346,0e2145f7a61e9d7634649dca,2077,10,32,84,260,267.484375,557.1219512195122,0.1640625,0.51219512195121952,False,row1_col0,512,369,0,71
2078,2222057,442850a2087d62c7e9453fcd,2078,41,31,332,252,850.6875,526.44086021505382,0.6484375,0.489247311827957,False,row1_col1,512,372,0,70
2079,788948,819331f44b9bfe36ff4bf476,2079,20,39,164,316,497.2265625,671.22070844686652,0.3203125,0.66485013623978206,False,row1_col0,512,367,0,72
2080,2181232,17ff7079be9b18b062834cfc,2080,48,33,388,268,971.2890625,571.20000000000005,0.7578125,0.53333333333333333,False,row1_col2,512,375,0,68
2081,25703,b6eaf5e811a0be7062ed1bb3,2081,39,17,316,140,766.4609375,280.76683937823833,0.6171875,0.19948186528497408,False,row0_col1,512,386,0,63
2082,1644687,4edadd04331e7debbee7dbc0,2082,15,34,124,276,360.6484375,579.0290237467018,0.2421875,0.55408970976253302,False,row1_col0,512,379,0,66
2083,2246939,326ec13f01a3ce47feae7840,2083,27,36,220,292,616.9375,621.52105263157887,0.4296875,0.59473684210526312,False,row1_col1,512,380,0,66
2084,1951253,cbe7415bc3817302e0c76f2d,2084,21,24,172,196,496.515625,411.00516795865633,0.3359375,0.34625322997416019,False,row1_col1,512,387,0,62
2085,1869044,55697275b8b27562c9eb1a4c,2085,52,19,420,156,1006.34375,326.76883116883118,0.8203125,0.24155844155844156,False,row0_col2,512,385,0,63
2086,1955483,49f213bf9b926dc2b4b2d138,2086,27,26,220,212,623.2265625,452.50400000000002,0.4296875,0.38400000000000001,False,row1_col1,512,375,0,68
2087,2771064,b03b20f2cfe9c76ed5856a60,2087,56,33,452,268,1116.2734375,566.43650793650795,0.8828125,0.53174603174603174,False,row1_col2,512,378,0,67
2088,1127968,802b8776e6e8022705bfa739,2088,32,24,260,196,645.2109375,395.3478260869565,0.5078125,0.34782608695652173,False,row1_col1,512,391,0,60
2089,2190108,57d3f410b6fcba2a57bda29d,2089,28,44,228,356,626.515625,761.67546174142478,0.4453125,0.76517150395778366,False,row2_col1,512,379,0,66
2090,268659,795479733aefc40b934277a4,2090,51,37,412,300,1001.984375,650.63829787234044,0.8046875,0.61702127659574468,False,row1_col2,512,376,0,68
2091,1948219,9ac9ebb9578650063235ec30,2091,59,40,476,324,1115.7265625,689.01566579634459,0.9296875,0.6788511749347258,False,row2_col2,512,383,0,64
2092,2028982,61f217f44bf2fb9b5077b9b6,2092,54,22,436,180,1057.3125,381.89999999999998,0.8515625,0.29999999999999999,False,row0_col2,512,380,0,66
2093,2677356,69e9731cb1bb99f66cbbadef,2093,44,41,356,332,916.7109375,695.39999999999998,0.6953125,0.69999999999999996,False,row2_col2,512,380,0,66
2094,2205485,51a10a40effe2814ad9fdc08,2094,45,28,364,228,853.3203125,476.91511936339526,0.7109375,0.4270557029177719,False,row1_col2,512,377,0,67
2095,1313162,b68be114738359817943c9b2,2095,10,38,84,308,287.6171875,638.89153439153438,0.1640625,0.63756613756613756,False,row1_col0,512,378,0,67
2096,2610373,54f228b2ef6b12f663053845,2096,5,19,44,156,207.4453125,322.10209424083769,0.0859375,0.23821989528795812,False,row0_col0,512,382,0,65
2097,2063642,0e2145f7a61e9d7634649dca,2097,26,52,212,420,540.984375,899.23577235772359,0.4140625,0.94579945799457998,False,row2_col1,512,369,0,71
2098,2151687,b082c61b6f6397804ebe9514,2098,7,20,60,164,263.0859375,346.05600000000004,0.1171875,0.25600000000000001,False,row0_col0,512,375,0,68
2099,2385968,068d42fadee7759ebbad25c7,2099,48,32,388,260,973.5625,546.05497382198951,0.7578125,0.51047120418848169,False,row1_col2,512,382,0,65
2100,2480562,c71b7281815add7bc72e0af6,2100,50,38,404,308,995.546875,649.29999999999995,0.7890625,0.63684210526315788,False,row1_col2,512,380,0,66
2101,1955295,49f213bf9b926dc2b4b2d138,2101,31,23,252,188,691.9140625,400.92000000000002,0.4921875,0.32000000000000001,False,row0_col1,512,375,0,68
2102,2341208,c977bea10bf03c99460cec13,2102,24,37,196,300,525.09375,632.10000000000002,0.3828125,0.61578947368421055,False,row1_col1,512,380,0,66
2103,2353076,47ecb67f20914fe9324d2108,2103,52,30,420,244,1029.1875,508.51724137931035,0.8203125,0.46949602122015915,False,row1_col2,512,377,0,67
2104,2274049,d25a12404a5aa914a7906fd6,2104,1,12,12,100,168.6875,206.51063829787233,0.0234375,0.085106382978723402,False,row0_col0,512,376,0,68
2105,2029175,61f217f44bf2fb9b5077b9b6,2105,55,25,444,204,1074.4375,433.24736842105267,0.8671875,0.36315789473684212,False,row1_col2,512,380,0,66
2106,2405720,cbbfcf781cf2e6b2a448637f,2106,24,21,196,172,525.859375,348.59375,0.3828125,0.28125,False,row0_col1,512,384,0,64
2107,866785,9b6ce10b25e555cba4aba46a,2107,33,39,268,316,690.921875,667.12129380053909,0.5234375,0.66307277628032346,False,row1_col1,512,371,0,70
2108,2149836,a4df32cda65d6caec503e150,2108,12,55,100,444,297.0625,940,0.1953125,1,True,padding_center,512,376,0,68
2109,485480,acce3e29a49a891a750d40b5,2109,40,33,324,268,809.5234375,571.43650793650795,0.6328125,0.53174603174603174,False,row1_col1,512,378,0,67
2110,705315,1f4ef5622d6a1f36e4aa5bbe,2110,35,12,284,100,746.1484375,194.73024523160763,0.5546875,0.076294277929155316,False,row0_col1,512,367,0,72
2111,2172683,eedf98ccb5a364857973747a,2111,11,28,92,228,364.3984375,487.31367292225201,0.1796875,0.42627345844504022,False,row1_col0,512,373,0,69
2112,1930681,08e2b3b386fb9b49a55d363c,2112,57,22,460,180,1111.5859375,372.19999999999999,0.8984375,0.29999999999999999,False,row0_col2,512,380,0,66
2113,1984498,152a6af5fd08ee8687052c5c,2113,50,31,404,252,986.4453125,540.024,0.7890625,0.49066666666666664,False,row1_col2,512,375,0,68
2114,1781054,68156206f643fb334d0eae7f,2114,62,52,500,420,1169.890625,875.31081081081084,0.9765625,0.94324324324324327,False,row2_col2,512,370,0,71
2115,2020618,5addf17fbe747cbcb767afaf,2115,10,20,84,164,290.3046875,339.25392670157066,0.1640625,0.25916230366492149,False,row0_col0,512,382,0,65
2116,403035,76884f70ebe18c8dbf09d6a5,2116,27,25,220,204,560.671875,425.36503856041134,0.4296875,0.36760925449871468,False,row1_col1,512,389,0,61
2117,399859,27e6733bbab4a1b0477f8b26,2117,51,39,412,316,999.7890625,667.2374670184696,0.8046875,0.65963060686015829,False,row1_col2,512,379,0,66
2118,1881482,7b4398b5f7d90eaafd6f9de7,2118,10,22,84,180,341.8125,377.47453083109917,0.1640625,0.2975871313672922,False,row0_col0,512,373,0,69
2119,2376968,d8e33de8429b55ebb8877642,2119,8,20,68,164,219.9609375,338.33600000000001,0.1328125,0.25600000000000001,False,row0_col0,512,375,0,68
2120,1836892,c3cb302619dac53bc3e9a2b8,2120,28,29,228,236,586.171875,506.86206896551727,0.4453125,0.44827586206896552,False,row1_col1,512,377,0,67
2121,705309,1f4ef5622d6a1f36e4aa5bbe,2121,29,12,236,100,642.1796875,194.73024523160763,0.4609375,0.076294277929155316,False,row0_col1,512,367,0,72
2122,2291482,8430cec5bf6a0ee7d4c4b34e,2122,26,28,212,228,609.5703125,469.22691292875987,0.4140625,0.42744063324538256,False,row1_col1,512,379,0,66
2123,1288381,e366b8893ee234784cfdf96a,2123,61,34,492,276,1203.1328125,577.36934673366841,0.9609375,0.55025125628140703,False,row1_col2,512,398,0,57
2124,2382685,87721955af6f57a012d16d47,2124,29,45,236,364,590.6484375,754.42857142857144,0.4609375,0.7857142857142857,False,row2_col1,512,378,0,67
2125,1710279,a8bb3126ece458be91eaa829,2125,7,35,60,284,254.7890625,584.16710182767622,0.1171875,0.5744125326370757,False,row1_col0,512,383,0,64
2126,2206376,51a10a40effe2814ad9fdc08,2126,40,42,324,340,767.4609375,717.55172413793105,0.6328125,0.72413793103448276,False,row2_col1,512,377,0,67
2127,2180850,17ff7079be9b18b062834cfc,2127,50,27,404,220,1005.4453125,468.67199999999997,0.7890625,0.40533333333333332,False,row1_col2,512,375,0,68
2128,541667,ae10765eee319809f6e8d9ae,2128,35,15,284,124,742.0390625,251.85483870967744,0.5546875,0.14516129032258066,False,row0_col1,512,372,0,70
2129,158024,2621e0e5fef600ad180b0661,2129,8,37,68,300,266.890625,644.53887399463804,0.1328125,0.61930294906166217,False,row1_col0,512,373,0,69
2130,2389863,bdd69774207d2ddbd41a3849,2130,39,29,316,236,790.203125,495.86206896551727,0.6171875,0.44827586206896552,False,row1_col1,512,377,0,67
2131,2357580,87a418aeb28937346e884495,2131,12,37,100,300,394.6015625,641.47328244274809,0.1953125,0.61323155216284986,False,row1_col0,512,393,0,59
2132,649307,60611d165a78aab7eb01b780,2132,27,33,220,268,565.234375,577.43650793650795,0.4296875,0.53174603174603174,False,row1_col1,512,378,0,67
2133,2553827,d51f5564f4e76c5f59463abb,2133,35,31,284,252,744.8125,520.80208333333326,0.5546875,0.48958333333333331,False,row1_col1,512,384,0,64
2134,599682,f494610fdaf77ce6cbdfb0d3,2134,2,26,20,212,163.3203125,435.70588235294116,0.0390625,0.38235294117647056,False,row1_col0,512,374,0,69
2135,1512836,e57d11f09a8ab09cbe266496,2135,4,22,36,180,208.765625,374.9043927648579,0.0703125,0.30490956072351422,False,row0_col0,512,387,0,62
2136,1865427,f811b6561edd9f797ff5e802,2136,19,27,156,220,452.8515625,458.69866666666667,0.3046875,0.40533333333333332,False,row1_col0,512,375,0,68
2137,2553590,d51f5564f4e76c5f59463abb,2137,54,27,436,220,1074.9375,451.21875,0.8515625,0.40625,False,row1_col2,512,384,0,64
2138,2438673,4b2934de204003644e1cf7cc,2138,17,24,140,196,458.9609375,411.61290322580641,0.2734375,0.33870967741935482,False,row1_col0,512,372,0,70
2139,2362725,a17fa7ec81831aabb30abf4e,2139,37,53,300,428,834.7734375,911.70212765957456,0.5859375,0.95744680851063835,False,row2_col1,512,376,0,68
2140,2472534,e9b79f16d364e3a2fa877ce7,2140,22,41,180,332,505.421875,693.50270270270266,0.3515625,0.70540540540540542,False,row2_col1,512,370,0,71
2141,2217307,edb01c151c563bb82cc5df9d,2141,27,21,220,172,591.078125,362.20424403183023,0.4296875,0.27851458885941643,False,row0_col1,512,377,0,67
2142,2630775,c530cb0c0e739b7c0af0415d,2142,55,17,444,140,1037.7734375,287.84350132625991,0.8671875,0.19363395225464192,False,row0_col2,512,377,0,67
2143,2553183,d51f5564f4e76c5f59463abb,2143,31,21,252,172,675.3125,346.84375,0.4921875,0.28125,False,row0_col1,512,384,0,64
2144,2180857,17ff7079be9b18b062834cfc,2144,57,27,460,220,1124.9921875,468.67199999999997,0.8984375,0.40533333333333332,False,row1_col2,512,375,0,68
2145,232200,b413a5bd5eafd552edba7fdd,2145,8,44,68,356,256.2890625,747.5775401069518,0.1328125,0.76737967914438499,False,row2_col0,512,374,0,69
2146,1005986,2fb5196803f6c730af314161,2146,34,38,276,308,731.046875,657.29999999999995,0.5390625,0.63684210526315788,False,row1_col1,512,380,0,66
2147,1436261,6dc9bf8ff05d6f7df0e30315,2147,37,41,300,332,750.8046875,679.28381962864717,0.5859375,0.70291777188328908,False,row2_col1,512,377,0,67
2148,1165415,94840b6b6d3b3942dc01dd23,2148,39,33,316,268,791.1640625,565.24274406332449,0.6171875,0.53298153034300788,False,row1_col1,512,379,0,66
2149,2050030,91decb18deafedf261951d4d,2149,46,31,372,252,879.3125,535.93315508021396,0.7265625,0.48930481283422461,False,row1_col2,512,374,0,69
2150,1308727,829fa0ee35fbd7c1c841a103,2150,55,32,444,260,1046.640625,534.11290322580646,0.8671875,0.510752688172043,False,row1_col2,512,372,0,70
2151,2803600,e9bb5bb030daf0c555014200,2151,16,30,132,244,402.9140625,510.01069518716577,0.2578125,0.46791443850267378,False,row1_col0,512,374,0,69
2152,333972,587b74bfc019c7be94717f25,2152,20,34,164,276,455.1484375,571.54838709677415,0.3203125,0.55376344086021501,False,row1_col0,512,372,0,70
2153,2376604,d8e33de8429b55ebb8877642,2153,28,14,228,116,563.3984375,235.16800000000001,0.4453125,0.128,False,row0_col1,512,375,0,68
2154,2410321,4353ce725c8d749885d3c4b7,2154,17,29,140,236,365.6875,492.15789473684208,0.2734375,0.44736842105263158,False,row1_col0,512,380,0,66
2155,1287661,e366b8893ee234784cfdf96a,2155,45,23,364,188,922.3828125,384.34422110552759,0.7109375,0.32914572864321606,False,row0_col2,512,398,0,57
2156,309771,766454c47ae7c9d62021ae41,2156,11,40,92,324,321.8359375,682.91935483870964,0.1796875,0.68279569892473113,False,row2_col0,512,372,0,70
2157,1767927,15b75700160ecc173a4d52a1,2157,55,39,444,316,1057.9765625,658.67999999999995,0.8671875,0.66133333333333333,False,row1_col2,512,375,0,68
2158,636935,ee66320bf7eb01a991a1e561,2158,7,32,60,260,275.3125,543.7721179624665,0.1171875,0.51206434316353888,False,row1_col0,512,373,0,69
2159,468947,7c41685bf488a58de2fe104b,2159,19,31,156,252,440.2890625,533.34736842105258,0.3046875,0.48947368421052634,False,row1_col0,512,380,0,66
2160,1092337,12def0a47aa043439d178972,2160,49,43,396,348,1002.0625,726.40425531914889,0.7734375,0.74468085106382975,False,row2_col2,512,376,0,68
2161,1160648,79b469d527171ee55c5adc04,2161,8,23,68,188,272.421875,383.72727272727275,0.1328125,0.31818181818181818,False,row0_col0,512,374,0,69
2162,2730038,35218b9430d5988bdbd5cbcd,2162,54,32,436,260,1051.71875,557.10000000000002,0.8515625,0.51052631578947372,False,row1_col2,512,380,0,66
2163,14644,72b360ece29c2500d5726a30,2163,52,36,420,292,1019.265625,610.30952380952385,0.8203125,0.59523809523809523,False,row1_col2,512,378,0,67
2164,250977,e584dcc4ff24f5258a7a5537,2164,33,17,268,140,694.0625,285.44680851063833,0.5234375,0.19148936170212766,False,row0_col1,512,376,0,68
2165,1075301,de9b5b17edfdfe734011cfa4,2165,37,33,300,268,796.703125,562.33419689119171,0.5859375,0.5310880829015544,False,row1_col1,512,386,0,63
2166,775955,aefb29f0a27380abd8a7072a,2166,19,28,156,228,464.765625,478.74869109947645,0.3046875,0.42670157068062825,False,row1_col0,512,382,0,65
2167,2849558,62d6d7251de0b9863368086e,2167,22,44,180,356,514.1796875,753.89784946236557,0.3515625,0.76881720430107525,False,row2_col1,512,372,0,70
2168,2049420,91decb18deafedf261951d4d,2168,12,22,100,180,297.0625,381.72994652406419,0.1953125,0.2967914438502674,False,row0_col0,512,374,0,69
2169,2161476,e2b45792dfc5b8bb9ef98bca,2169,4,45,36,364,205.8359375,776.92857142857144,0.0703125,0.7857142857142857,False,row2_col0,512,378,0,67
2170,1452696,53f85fa89c59271d3ffb3641,2170,24,42,196,340,561.859375,681.95744680851067,0.3828125,0.72340425531914898,False,row2_col1,512,376,0,68
2171,2114777,7ed463394b5acb61e1574507,2171,25,19,204,156,522.0859375,327.9375,0.3984375,0.23958333333333334,False,row0_col1,512,384,0,64
2172,2099862,6393cda3292692bfb1ba6fc7,2172,22,42,180,340,535.609375,714.59366754617417,0.3515625,0.72295514511873349,False,row2_col1,512,379,0,66
2173,6765,a2da421c00740b670bd14bee,2173,45,41,364,332,874.453125,706.78609625668457,0.7109375,0.70320855614973266,False,row2_col2,512,374,0,69
2174,2226222,b412565dd5f18a8e4ce8533b,2174,46,32,372,260,897.4921875,546.16279069767438,0.7265625,0.51162790697674421,False,row1_col2,512,387,0,62
2175,2878136,f92f442ca28c1794b5281ba1,2175,56,42,452,340,1104.6875,723.91601049868768,0.8828125,0.72178477690288712,False,row2_col2,512,381,0,65
2176,1365773,7caf0646c5e1a5cc3ec3968d,2176,13,28,108,228,317.453125,484.20967741935488,0.2109375,0.42473118279569894,False,row1_col0,512,372,0,70
2177,743513,04b10b19c991ff0f07deda16,2177,25,33,204,268,560.671875,569,0.3984375,0.53333333333333333,False,row1_col1,512,375,0,68
2178,2034379,f5b4ddaa2084fc1c86822eb6,2178,11,43,92,348,345.1171875,735.9375,0.1796875,0.73958333333333337,False,row2_col0,512,384,0,64
2179,2192963,31f176914f7ef2559f447dab,2179,3,25,28,204,172.9375,434.61202185792348,0.0546875,0.35792349726775957,False,row1_col0,512,366,0,73
2180,940410,4f2e92e1b80cd39c3cba6440,2180,58,37,468,300,1098.296875,625.78723404255311,0.9140625,0.61702127659574468,False,row1_col2,512,376,0,68
2181,1641074,05ca24cc6157d09d27f43cc5,2181,50,41,404,332,982.328125,697.29972752043602,0.7890625,0.70844686648501365,False,row2_col2,512,367,0,72
2182,652739,558c1de5d92b5f300ff8d7a4,2182,3,23,28,188,174.703125,380.59673024523158,0.0546875,0.31607629427792916,False,row0_col0,512,367,0,72
2183,677798,0995d605d7742fc0e60c12be,2183,38,30,308,244,758.328125,498.15999999999997,0.6015625,0.46933333333333332,False,row1_col1,512,375,0,68
2184,2434836,28b53dd19c8f65de13e95cab,2184,20,28,164,228,472.0625,484.5320855614973,0.3203125,0.42513368983957217,False,row1_col0,512,374,0,69
2185,1742928,f5b415202f9796d16305892d,2185,16,33,132,268,415.3359375,554.22826086956525,0.2578125,0.53260869565217395,False,row1_col0,512,368,0,72
2186,2918646,8d10243544cfbd17a41b803a,2186,54,35,436,284,1042.421875,595.23783783783779,0.8515625,0.57567567567567568,False,row1_col2,512,370,0,71
2187,1423860,e10a5a39c537eaf14c46b2be,2187,52,39,420,316,1013.984375,671.25531914893611,0.8203125,0.65957446808510634,False,row1_col2,512,376,0,68
2188,326036,99a260d84ec3760c5165b1f1,2188,20,38,164,308,447.265625,647.43979057591628,0.3203125,0.63612565445026181,False,row1_col0,512,382,0,65
2189,1972933,bc5170b2dbd4e825a4bfa3ef,2189,5,43,44,348,188.4453125,736.4545454545455,0.0859375,0.74025974025974028,False,row2_col0,512,385,0,63
2190,2811766,16d0765a08e3d244f634276d,2190,54,29,436,236,1047.9375,512.02406417112297,0.8515625,0.446524064171123,False,row1_col2,512,374,0,69
2191,1102946,605944fd8272a0a3f3c61ab4,2191,34,17,276,140,717.5078125,282.82085561497331,0.5390625,0.18983957219251338,False,row0_col1,512,374,0,69
2192,643738,a93f8f679f4821573346dd3a,2192,26,10,212,84,607.296875,166.14516129032259,0.4140625,0.037634408602150539,False,row0_col1,512,372,0,70
2193,587177,6d36a77190afe991bdd3beaf,2193,41,22,332,180,828.1171875,359.33333333333337,0.6484375,0.29569892473118281,False,row0_col1,512,372,0,70
2194,2185232,e47bf05116ca1e4921049cf3,2194,16,32,132,260,419.9140625,550.25187032418955,0.2578125,0.51122194513715713,False,row1_col0,512,401,0,55
2195,457222,f36ce6afecf1a683931bba6d,2195,6,40,52,324,230.2421875,696.48947368421057,0.1015625,0.67894736842105263,False,row2_col0,512,380,0,66
2196,2102856,e8abeda485644b2b7acbf9f4,2196,8,25,68,204,228.1640625,424.97112860892389,0.1328125,0.3648293963254593,False,row1_col0,512,381,0,65
2197,2028857,61f217f44bf2fb9b5077b9b6,2197,57,20,460,164,1108.6875,347.66842105263163,0.8984375,0.25789473684210529,False,row0_col2,512,380,0,66
2198,2238259,61b5465c722b8b833ec48621,2198,51,28,412,228,1025.5234375,479.31367292225201,0.8046875,0.42627345844504022,False,row1_col2,512,373,0,69
2199,2463699,af9d0070e54aed81fc79e4ef,2199,19,31,156,252,468.8984375,516.91511936339521,0.3046875,0.49071618037135278,False,row1_col0,512,377,0,67
2200,2370081,fe666fef2b8871f5528589d3,2200,33,40,268,324,756.640625,700.20413436692513,0.5234375,0.67700258397932822,False,row2_col1,512,387,0,62
2201,563296,83ce9a3b86c3675c94925a4e,2201,32,33,260,268,697.1640625,563.4677419354839,0.5078125,0.532258064516129,False,row1_col1,512,372,0,70
2202,1914787,246ad0c43ef94471a87d00f3,2202,35,30,284,244,753.9375,515.79946524064167,0.5546875,0.46791443850267378,False,row1_col1,512,374,0,69
2203,1911526,4232070a33fbc4fa24180e8d,2203,38,43,308,348,761.921875,737.56217616580307,0.6015625,0.73834196891191706,False,row2_col1,512,386,0,63
2204,187064,08ad318603104514ade6d68b,2204,56,42,452,340,1113.0390625,726.28125,0.8828125,0.71875,False,row2_col2,512,384,0,64
2205,2004572,d8aec49d4eabf940e94e99b9,2205,28,25,228,204,597.171875,431.49600000000004,0.4453125,0.36266666666666669,False,row1_col1,512,375,0,68
2206,2221541,442850a2087d62c7e9453fcd,2206,37,23,300,188,782.1875,389.49462365591398,0.5859375,0.31720430107526881,False,row0_col1,512,372,0,70
2207,2087781,eb0351acb0beefb86ab98462,2207,37,45,300,364,749.7734375,768.72340425531922,0.5859375,0.78723404255319152,False,row2_col1,512,376,0,68
2208,2049650,91decb18deafedf261951d4d,2208,50,25,404,204,947.8125,433.13101604278074,0.7890625,0.36096256684491979,False,row1_col2,512,374,0,69
2209,1926390,0493c50e4f0350b831275383,2209,54,19,436,156,1089.3828125,322.62344139650872,0.8515625,0.25187032418952621,False,row0_col2,512,401,0,55
2210,828769,2d8cb21136a9201405edf1b5,2210,33,21,268,172,700.6328125,353.09677419354836,0.5234375,0.27419354838709675,False,row0_col1,512,372,0,70
2211,1960629,113ae33369eea4ce7f0b6955,2211,53,42,428,340,1014.6953125,723.55172413793105,0.8359375,0.72413793103448276,False,row2_col2,512,377,0,67
2212,1333642,a252f276c55b21904fb18cca,2212,10,38,84,308,282.453125,646.84905660377353,0.1640625,0.64150943396226412,False,row1_col0,512,371,0,70
2213,726938,9dc7738247217dd257b2b574,2213,26,30,212,244,543.609375,510.06824146981626,0.4140625,0.46981627296587924,False,row1_col1,512,381,0,65
2214,1055064,f8d5bac9c8363fd36181c874,2214,24,37,196,300,578.515625,632.79508196721315,0.3828125,0.6202185792349727,False,row1_col1,512,366,0,73
2215,1492972,03b92d95da6694e6f43e0193,2215,44,31,356,252,870.234375,508.88860103626945,0.6953125,0.48963730569948188,False,row1_col2,512,386,0,63
2216,2565986,a96e8fbb128dc3f4ea56a755,2216,34,29,276,236,682.046875,491.93121693121691,0.5390625,0.44708994708994709,False,row1_col1,512,378,0,67
2217,2197526,b7cc7826ac85ae8215b61101,2217,22,32,180,260,520.3125,553.05789473684217,0.3515625,0.51052631578947372,False,row1_col1,512,380,0,66
2218,735992,9e7c13f8064b9fc62fe964d6,2218,56,43,452,348,1094.2734375,736.93193717277495,0.8828125,0.74083769633507857,False,row2_col2,512,382,0,65
2219,1500707,98b721a6ed7b9a91ce5e0586,2219,35,24,284,196,706.484375,410.48000000000002,0.5546875,0.34133333333333332,False,row1_col1,512,375,0,68
2220,1328622,4a2e77ff95f9a40d8e136e34,2220,46,23,372,188,946.9375,391.59673024523158,0.7265625,0.31607629427792916,False,row0_col2,512,367,0,72
2221,1053993,f8d5bac9c8363fd36181c874,2221,41,20,332,164,876.546875,335.15573770491801,0.6484375,0.24863387978142076,False,row0_col1,512,366,0,73
2222,2381815,87721955af6f57a012d16d47,2222,55,31,444,252,1036.3046875,514.42857142857144,0.8671875,0.48941798941798942,False,row1_col2,512,378,0,67
2223,2282873,0b5210b7f75c32ce0315b40b,2223,57,21,460,172,1124.3828125,350.26478149100257,0.8984375,0.28534704370179947,False,row0_col2,512,389,0,61
2224,174588,d140f47bc847b703c1b20aec,2224,60,39,484,316,1204.3515625,652.94652406417106,0.9453125,0.66042780748663099,False,row1_col2,512,374,0,69
2225,2391587,bdd69774207d2ddbd41a3849,2225,35,56,284,452,721.828125,957.08222811671078,0.5546875,1.0212201591511936,True,padding_center,512,377,0,67
2226,2161699,e2b45792dfc5b8bb9ef98bca,2226,35,48,284,388,742.0390625,828.80158730158723,0.5546875,0.84920634920634919,False,row2_col1,512,378,0,67
2227,985476,eec0fc6ef0bb51e01c77b789,2227,4,38,36,308,190.328125,647.8604651162791,0.0703125,0.63565891472868219,False,row1_col0,512,387,0,62
2228,632457,e5c18f32ffcf933947d02a58,2228,9,26,76,212,310.359375,444.41416893732975,0.1484375,0.38147138964577659,False,row1_col0,512,367,0,72
2229,2583540,05f41bd57337a78242d25d3e,2229,52,47,420,380,1022.0859375,808.95026178010471,0.8203125,0.82460732984293195,False,row2_col2,512,382,0,65
2230,2197207,b7cc7826ac85ae8215b61101,2230,23,27,188,220,537.4375,467.47894736842102,0.3671875,0.40526315789473683,False,row1_col1,512,380,0,66
2231,2909685,922064a26912754f70ed0696,2231,53,23,428,188,1023.3828125,387.91304347826087,0.8359375,0.31521739130434784,False,row0_col2,512,368,0,72
2232,2340540,c977bea10bf03c99460cec13,2232,60,26,484,212,1143.84375,442.89999999999998,0.9453125,0.38421052631578945,False,row1_col2,512,380,0,66
2233,2300131,677cd183b987906faf2e530c,2233,35,35,284,284,753.0390625,602.11621621621623,0.5546875,0.57567567567567568,False,row1_col1,512,370,0,71
2234,444464,2c26a77005e1ed9b640e64e2,2234,48,32,388,260,950.8359375,551.66843501326264,0.7578125,0.51193633952254647,False,row1_col2,512,377,0,67
2235,469196,7c41685bf488a58de2fe104b,2235,12,35,100,284,319.2109375,602.56842105263161,0.1953125,0.5736842105263158,False,row1_col0,512,380,0,66
2236,2348408,37faa40414dba1a334ec7ebb,2236,56,21,452,172,1102.5625,363.25806451612902,0.8828125,0.27419354838709675,False,row0_col2,512,372,0,70
2237,701691,b1e12102411c176bd5c55672,2237,59,19,476,156,1165.0234375,319.83333333333331,0.9296875,0.23544973544973544,False,row0_col2,512,378,0,67
2238,1959345,113ae33369eea4ce7f0b6955,2238,49,22,396,180,946.0078125,379.78514588859412,0.7734375,0.29973474801061006,False,row0_col2,512,377,0,67
2239,167422,17ee0869be7e617b235e6587,2239,62,55,500,444,1209.0546875,935.8386243386243,0.9765625,0.99735449735449733,False,row2_col2,512,378,0,67
2240,1477088,84660a36fd2a77d5af219fa3,2240,32,39,260,316,705.1640625,665.94652406417106,0.5078125,0.66042780748663099,False,row1_col1,512,374,0,69
2241,1747182,a037fe56d4697f5f86f87b22,2241,46,35,372,284,913.3046875,587.01851851851848,0.7265625,0.57407407407407407,False,row1_col2,512,378,0,67
2242,1042507,874774544d8697c2062abaed,2242,11,33,92,268,321.4765625,556.81940700808627,0.1796875,0.53369272237196763,False,row1_col0,512,371,0,70
2243,587131,6d36a77190afe991bdd3beaf,2243,59,21,476,172,1140.0234375,342,0.9296875,0.27419354838709675,False,row0_col2,512,372,0,70
2244,714670,dd4ad461de197a243a121525,2244,46,30,372,244,934.9453125,497.17801047120423,0.7265625,0.468586387434555,False,row1_col2,512,382,0,65
2245,1841575,220c8ee1c69449f9af0ae7f1,2245,39,38,316,308,749.140625,663.48958333333326,0.6171875,0.63541666666666663,False,row1_col1,512,384,0,64
2246,2853133,069b4f28705cc7284f44ae3b,2246,13,36,108,292,342.453125,613.55319148936167,0.2109375,0.5957446808510638,False,row1_col0,512,376,0,68
2247,776457,aefb29f0a27380abd8a7072a,2247,9,36,76,292,292.578125,616.46596858638736,0.1484375,0.59424083769633507,False,row1_col0,512,382,0,65
2248,1526093,07b130ea95144215cd673c8b,2248,13,37,108,300,358.453125,624.10000000000002,0.2109375,0.61578947368421055,False,row1_col0,512,380,0,66
2249,1976008,af3de41611057662e83c573b,2249,8,27,68,220,219.296875,461.69761273209548,0.1328125,0.40583554376657827,False,row1_col0,512,377,0,67
2250,652441,558c1de5d92b5f300ff8d7a4,2250,25,18,204,148,556.265625,293.83923705722071,0.3984375,0.20708446866485014,False,row0_col1,512,367,0,72
2251,173943,d140f47bc847b703c1b20aec,2251,55,29,444,236,1117.7109375,479.68449197860963,0.8671875,0.446524064171123,False,row1_col2,512,374,0,69
2252,2181237,17ff7079be9b18b062834cfc,2252,53,33,428,268,1056.6796875,571.20000000000005,0.8359375,0.53333333333333333,False,row1_col2,512,375,0,68
2253,2328033,45bfb62d2b8a12a9724eb563,2253,33,23,268,188,671.640625,396.36870026525196,0.5234375,0.32095490716180369,False,row0_col1,512,377,0,67
2254,2827688,d1b696acc3c7aa007b3f1439,2254,40,22,324,180,820.6875,375.68668407310707,0.6328125,0.30287206266318539,False,row0_col1,512,383,0,64
2255,2469029,55d9a5ec969dbb3e47e1a2cb,2255,37,50,300,404,773.6328125,858.13043478260875,0.5859375,0.90217391304347827,False,row2_col1,512,368,0,72
2256,2893852,603fbff3664fb22ba76787fc,2256,28,32,228,260,557.9609375,540.73170731707319,0.4453125,0.51219512195121952,False,row1_col1,512,369,0,71
2257,697960,88c4bf09a5d57231f89b045c,2257,40,25,324,204,814.5234375,408.76000000000005,0.6328125,0.36266666666666669,False,row1_col1,512,375,0,68
2258,2689102,d692f72fe45c727cb0757d5a,2258,14,33,116,268,427.9921875,545.86375321336766,0.2265625,0.53213367609254503,False,row1_col0,512,389,0,61
2259,1202198,51dbbd7c11fe090443b43b07,2259,22,32,180,260,504.234375,546.26370757180155,0.3515625,0.51174934725848564,False,row1_col1,512,383,0,64
2260,1780272,68156206f643fb334d0eae7f,2260,48,40,388,324,926.203125,666.44594594594594,0.7578125,0.68378378378378379,False,row2_col2,512,370,0,71
2261,2045190,7e205d3f86dfa2c6e030bdfc,2261,6,20,52,164,235.0078125,339.51181102362204,0.1015625,0.25984251968503935,False,row0_col0,512,381,0,65
2262,2008506,5749ca6a1c4e4e10cf0ec75d,2262,58,22,468,180,1150.7265625,379.14285714285711,0.9140625,0.29894179894179895,False,row0_col2,512,378,0,67
2263,375285,e4622a2495fee2989741879a,2263,53,39,428,316,1039.3828125,657.73190348525463,0.8359375,0.66219839142091153,False,row1_col2,512,373,0,69
2264,574834,36eb7440912b14f82d4f0a68,2264,50,21,404,172,971.546875,342.24607329842934,0.7890625,0.28010471204188481,False,row0_col2,512,382,0,65
2265,2590072,d0b31ef595869ea82b00c98a,2265,56,21,452,172,1115.859375,362.89999999999998,0.8828125,0.27894736842105261,False,row0_col2,512,380,0,66
2266,2421437,37007bcf2d5f43196d17bd6c,2266,61,10,492,84,1172.03125,177.38933333333333,0.9609375,0.042666666666666665,False,row0_col2,512,375,0,68
2267,2742893,f1ca105fe73c64e1d617894e,2267,45,41,364,332,901.453125,686.72340425531911,0.7109375,0.7021276595744681,False,row2_col2,512,376,0,68
2268,2389935,bdd69774207d2ddbd41a3849,2268,47,30,380,244,926.953125,512.9442970822281,0.7421875,0.46949602122015915,False,row1_col2,512,377,0,67
2269,226732,40471d6b4d3d450e63bc3466,2269,44,22,356,180,873.2734375,361.54166666666663,0.6953125,0.30208333333333331,False,row0_col2,512,384,0,64
2270,1410184,0e73d5b73d8a048c26edff31,2270,8,18,68,148,264.0234375,285.39130434782612,0.1328125,0.20652173913043478,False,row0_col0,512,368,0,72
2271,2853422,069b4f28705cc7284f44ae3b,2271,46,40,372,324,910.671875,682.48936170212767,0.7265625,0.68085106382978722,False,row2_col2,512,376,0,68
2272,1509673,e940fcfae63e53b190a0bb8e,2272,41,36,332,292,853.8203125,600.43513513513517,0.6484375,0.5972972972972973,False,row1_col1,512,370,0,71
2273,2558560,2f3e9ad50350b43cdcf05159,2273,32,41,260,332,638.1484375,698.81266490765177,0.5078125,0.70184696569920846,False,row2_col1,512,379,0,66
2274,2352353,47ecb67f20914fe9324d2108,2274,33,19,268,156,699.0625,317.34482758620686,0.5234375,0.23607427055702918,False,row0_col1,512,377,0,67
2275,1596152,966b649722faf3cd9026b729,2275,56,43,452,348,1107.0390625,702.83333333333337,0.8828125,0.74338624338624337,False,row2_col2,512,378,0,67
2276,1024811,a5544cf8c3f4495df7d798ea,2276,43,12,348,100,869.8125,200.34285714285716,0.6796875,0.096103896103896108,False,row0_col2,512,385,0,63
2277,1934617,7b57de0d35adaa2f8254baa8,2277,25,20,204,164,634.6875,339.46256684491982,0.3984375,0.25401069518716579,False,row0_col1,512,374,0,69
2278,1824888,f350543d4e926bfe063bea83,2278,56,33,452,268,1061.0390625,553.58885941644553,0.8828125,0.53315649867374004,False,row1_col2,512,377,0,67
2279,2222809,442850a2087d62c7e9453fcd,2279,25,43,204,348,576.6875,731.86021505376345,0.3984375,0.74731182795698925,False,row2_col1,512,372,0,70
2280,402839,76884f70ebe18c8dbf09d6a5,2280,23,22,188,180,491.046875,373.107969151671,0.3671875,0.3059125964010283,False,row0_col1,512,389,0,61
2281,1856903,7a0f74886ddf2564aac2dcae,2281,7,22,60,180,224.5546875,381.72994652406419,0.1171875,0.2967914438502674,False,row0_col0,512,374,0,69
2282,2209520,e1bd21e34648fdeb39895cd0,2282,48,27,388,220,910.5625,460.96774193548384,0.7578125,0.40322580645161288,False,row1_col2,512,372,0,70
2283,547228,e30051d3d8fd995844562e4d,2283,28,38,228,308,613.8515625,650.02688172043008,0.4453125,0.63978494623655913,False,row1_col1,512,372,0,70
2284,2537705,de19dbe16ab3f3ee599806c3,2284,41,35,332,284,824.7109375,599.88888888888891,0.6484375,0.57407407407407407,False,row1_col1,512,378,0,67
2285,415343,1bd5ba6fc69d7720973528ca,2285,47,25,380,204,921.0859375,430.33333333333337,0.7421875,0.36021505376344087,False,row1_col2,512,372,0,70
2286,2041492,1159f92ec9c55b3c4702769b,2286,20,26,164,212,472.0625,454.84946236559142,0.3203125,0.38172043010752688,False,row1_col0,512,372,0,70
2287,1521359,d78a35ec684695d072d6b211,2287,15,27,124,220,368.859375,447.28954423592495,0.2421875,0.40482573726541554,False,row1_col0,512,373,0,69
2288,2861023,94aacc4991ca8c49186c4c97,2288,31,31,252,252,647.8515625,524.84054054054059,0.4921875,0.48918918918918919,False,row1_col1,512,370,0,71
2289,313297,fbfdec218cbf0635738d2c12,2289,17,31,140,252,416.6953125,527.44077134986219,0.2734375,0.4903581267217631,False,row1_col0,512,363,0,74
2290,10666,a2e7834787baf26ee424c739,2290,42,38,340,308,827.453125,657.84905660377353,0.6640625,0.64150943396226412,False,row1_col1,512,371,0,70
2291,124320,ebe3ff0005b73eeff00e86a2,2291,32,22,260,180,685.609375,368.60377358490564,0.5078125,0.29649595687331537,False,row0_col1,512,371,0,70
2292,1952878,cbe7415bc3817302e0c76f2d,2292,46,49,372,396,923.859375,837.87855297157626,0.7265625,0.86304909560723519,False,row2_col2,512,387,0,62
2293,2055260,43a8d937bdc326d6174ea535,2293,28,49,228,396,636.5078125,843.10638297872345,0.4453125,0.87234042553191493,False,row2_col1,512,376,0,68
2294,275867,25b175f8a0414b88adf3bbf2,2294,27,22,220,180,595.234375,375.92000000000002,0.4296875,0.29866666666666669,False,row0_col1,512,375,0,68
2295,1132882,f882a0ca74adfbbded05504a,2295,18,37,148,300,436.3046875,634.80645161290317,0.2890625,0.61827956989247312,False,row1_col0,512,372,0,70
2296,1959109,113ae33369eea4ce7f0b6955,2296,5,19,44,156,190.4453125,328.22015915119363,0.0859375,0.23607427055702918,False,row0_col0,512,377,0,67
2297,2841287,e9a770d135ddbd041172d1f8,2297,7,43,60,348,239.140625,721.89583333333337,0.1171875,0.73958333333333337,False,row2_col0,512,384,0,64
2298,2816552,3610a7a8fae8831f175ef8a6,2298,40,40,324,324,807.359375,693.48936170212767,0.6328125,0.68085106382978722,False,row2_col1,512,376,0,68
2299,228053,40471d6b4d3d450e63bc3466,2299,21,43,172,348,472.5703125,727.29166666666674,0.3359375,0.73958333333333337,False,row2_col1,512,384,0,64
2300,2073952,8e28fe67259d0c825fe1bd0b,2300,32,21,260,172,631.1015625,366.55012853470436,0.5078125,0.28534704370179947,False,row0_col1,512,389,0,61
2301,1972580,bc5170b2dbd4e825a4bfa3ef,2301,36,37,292,300,720.7734375,633.4727272727273,0.5703125,0.61558441558441557,False,row1_col1,512,385,0,63
2302,1194651,e2d24e5a47106bd7023a7d65,2302,27,42,220,340,588.1015625,723.24137931034488,0.4296875,0.72413793103448276,False,row2_col1,512,377,0,67
2303,1697522,bcf903efa792910c09f1c106,2303,50,27,404,220,975.4375,426.3388429752066,0.7890625,0.40220385674931131,False,row1_col2,512,363,0,74
2304,2718331,f6a612467fd1531566860d2f,2304,59,41,476,332,1164.6015625,691.16800000000001,0.9296875,0.70399999999999996,False,row2_col2,512,375,0,68
2305,1120363,7c82c52bae96e3de9eb55c46,2305,43,33,348,268,855.4140625,557.95652173913049,0.6796875,0.53260869565217395,False,row1_col2,512,368,0,72
2306,2045994,7e205d3f86dfa2c6e030bdfc,2306,42,32,340,260,849.8203125,544.61417322834643,0.6640625,0.51181102362204722,False,row1_col1,512,381,0,65
2307,2079458,f90b9ab0071176524a75e54f,2307,34,43,276,348,684.8125,742.26439790575921,0.5390625,0.74083769633507857,False,row2_col1,512,382,0,65
2308,2108132,5d258a6d34f1b116ab308ce4,2308,36,43,292,348,735.0625,718.468085106383,0.5703125,0.74468085106382975,False,row2_col1,512,376,0,68
2309,488732,e14263e312b5e2338aece9d3,2309,28,20,228,164,609.9609375,333.36000000000001,0.4453125,0.25600000000000001,False,row0_col1,512,375,0,68
2310,2885823,aaa015ca6a44f303044cb7bf,2310,63,34,508,276,1234.3359375,581.92572944297081,0.9921875,0.55437665782493373,False,row1_col2,512,377,0,67
2311,2369334,fe666fef2b8871f5528589d3,2311,54,28,436,228,1115.609375,495.3049095607235,0.8515625,0.4289405684754522,False,row1_col2,512,387,0,62
2312,603740,6aacc3e88c7b1fee9f8c4019,2312,28,25,228,204,618.1875,424.7597911227154,0.4453125,0.36553524804177545,False,row1_col1,512,383,0,64
2313,2927139,8e91dc5ebf61a30260770c9c,2313,35,40,284,324,702.265625,674.48936170212767,0.5546875,0.68085106382978722,False,row2_col1,512,376,0,68
2314,2156110,abac48c206f4f9db98c1c8cf,2314,14,25,116,204,374.9921875,425.91472868217056,0.2265625,0.36692506459948321,False,row1_col0,512,387,0,62
2315,2114919,7ed463394b5acb61e1574507,2315,39,21,316,172,762.0546875,362.1875,0.6171875,0.28125,False,row0_col1,512,384,0,64
2316,1812588,6cdb89370c1447e2daa1d31d,2316,44,33,356,268,859.015625,562.01072386058991,0.6953125,0.53351206434316356,False,row1_col2,512,373,0,69
2317,1993495,df2dd66a2f9f4acffc6fdb65,2317,23,44,188,356,536.3359375,752.36898395721926,0.3671875,0.76737967914438499,False,row2_col1,512,374,0,69
2318,2435847,28b53dd19c8f65de13e95cab,2318,7,44,60,356,249.4375,758.67112299465236,0.1171875,0.76737967914438499,False,row2_col0,512,374,0,69
2319,407830,f7464ed5a8656ac375a0fb2d,2319,22,36,180,292,540.9375,619.16621253405992,0.3515625,0.59945504087193457,False,row1_col1,512,367,0,72
2320,1996395,fae0767fbbc62b038bf2e8d7,2320,43,25,348,204,845.9765625,433.90616621983918,0.6796875,0.36193029490616624,False,row1_col2,512,373,0,69
2321,1784245,7fc04af711a80e358348051d,2321,53,38,428,308,1053.3828125,631.02688172043008,0.8359375,0.63978494623655913,False,row1_col2,512,372,0,70
2322,272148,a5e44a049f152deb435edd40,2322,20,28,164,228,468.1875,474.28150134048258,0.3203125,0.42627345844504022,False,row1_col0,512,373,0,69
2323,1644429,4edadd04331e7debbee7dbc0,2323,13,30,108,244,326.2421875,510.30079155672826,0.2109375,0.46965699208443273,False,row1_col0,512,379,0,66
2324,1259993,ef59d1cbf4b57d08ba6bcb44,2324,25,39,204,316,583.8671875,670.3952879581152,0.3984375,0.65706806282722519,False,row1_col1,512,382,0,65
2325,2116118,7ed463394b5acb61e1574507,2325,22,40,180,324,470.6640625,687.5625,0.3515625,0.67708333333333337,False,row2_col1,512,384,0,64
2326,2070701,f4df64b5ff783c747eb82df3,2326,45,34,364,276,932.3203125,590.06133333333332,0.7109375,0.55466666666666664,False,row1_col2,512,375,0,68
2327,2607998,419d4372c4c0bfbddc5d5b65,2327,62,45,500,364,1197.171875,766.65957446808511,0.9765625,0.78723404255319152,False,row2_col2,512,376,0,68
2328,2340282,c977bea10bf03c99460cec13,2328,58,22,468,180,1109.46875,374.10000000000002,0.9140625,0.29999999999999999,False,row0_col2,512,380,0,66
2329,2348974,37faa40414dba1a334ec7ebb,2329,46,30,372,244,931.3125,517.32258064516122,0.7265625,0.46774193548387094,False,row1_col2,512,372,0,70
2330,1992916,df2dd66a2f9f4acffc6fdb65,2330,20,35,164,284,485.1015625,598.7433155080214,0.3203125,0.57486631016042777,False,row1_col0,512,374,0,69
2331,1943082,8ce9e51dbad44f0e4107d965,2331,42,24,340,196,813.4765625,412.91076115485561,0.6640625,0.34383202099737531,False,row1_col1,512,381,0,65
2332,2336905,7413f29906bbedeb019fea89,2332,9,34,76,276,302.6875,584.33505154639181,0.1484375,0.55154639175257736,False,row1_col0,512,388,0,62
2333,2124402,dc0b4ccd38f08660aa595e39,2333,50,41,404,332,951.234375,713.49604221635889,0.7890625,0.70184696569920846,False,row2_col2,512,379,0,66
2334,1390160,8406bcde35f072bc956e4b05,2334,16,25,132,204,383.9140625,415.78571428571428,0.2578125,0.35714285714285715,False,row1_col0,512,364,0,74
2335,367034,b707c1eb67ac9b8893cde411,2335,58,38,468,308,1150.609375,641.21428571428578,0.9140625,0.6428571428571429,False,row1_col2,512,364,0,74
2336,1402671,fb0fc8380eda2b3a475c35eb,2336,47,28,380,228,919.890625,462.68085106382978,0.7421875,0.42553191489361702,False,row1_col2,512,376,0,68
2337,2636175,ee0789a261852bef9369707a,2337,15,38,124,308,409.859375,654.84905660377353,0.2421875,0.64150943396226412,False,row1_col0,512,371,0,70
2338,2447389,7febf4fe97b272661ab00643,2338,29,32,236,260,624.2578125,539.65263157894742,0.4609375,0.51052631578947372,False,row1_col1,512,380,0,66
2339,2176649,e3ecaf99c788239f18c8a991,2339,9,26,76,212,258.8359375,442.16492146596858,0.1484375,0.38481675392670156,False,row1_col0,512,382,0,65
2340,1430789,bacd8d5cf67fb7f5bb3c16e1,2340,5,20,44,164,215.046875,326.28150134048258,0.0859375,0.2546916890080429,False,row0_col0,512,373,0,69
2341,1644916,4edadd04331e7debbee7dbc0,2341,52,37,420,300,997.1640625,630.57519788918216,0.8203125,0.61741424802110823,False,row1_col2,512,379,0,66
2342,358759,bafa334c6c43147b890e28ed,2342,39,37,316,300,786.2265625,626.17894736842106,0.6171875,0.61578947368421055,False,row1_col1,512,380,0,66
2343,2000303,94b7f239fa8a30f58007d290,2343,47,22,380,180,907.953125,385.95549738219893,0.7421875,0.30104712041884818,False,row0_col2,512,382,0,65
2344,2323721,9a1ad63dc381c61153abcebd,2344,9,20,76,164,250.390625,335.44591029023746,0.1484375,0.25857519788918204,False,row0_col0,512,379,0,66
2345,563898,83ce9a3b86c3675c94925a4e,2345,58,42,468,340,1147.6953125,719.27419354838707,0.9140625,0.72580645161290325,False,row2_col2,512,372,0,70
2346,342694,c9fce8b47dde33b4fc8fb311,2346,38,42,308,340,762.734375,730.26912928759896,0.6015625,0.72295514511873349,False,row2_col1,512,379,0,66
2347,146054,b87cc3cd7848f16bb59b3b5f,2347,6,42,52,340,251.6328125,716.85106382978722,0.1015625,0.72340425531914898,False,row2_col0,512,376,0,68
2348,2434862,28b53dd19c8f65de13e95cab,2348,46,28,372,228,917.3125,484.5320855614973,0.7265625,0.42513368983957217,False,row1_col2,512,374,0,69
2349,1928112,0493c50e4f0350b831275383,2349,48,46,388,372,985.4140625,790.17456359102243,0.7578125,0.79052369077306728,False,row2_col2,512,401,0,55
2350,2307701,eebb80b7602a9bc51384c3b3,2350,53,25,428,204,1034.53125,428.91472868217056,0.8359375,0.36692506459948321,False,row1_col2,512,387,0,62
2351,2280859,5676e48fb1caa42ecdd07480,2351,27,54,220,436,544.5234375,929.85714285714278,0.4296875,0.95238095238095233,False,row2_col1,512,399,0,56
2352,2455216,588a545ebe33f98614ef2c62,2352,48,26,388,212,950.109375,448.35416666666669,0.7578125,0.38541666666666669,False,row1_col2,512,384,0,64
2353,1390460,8406bcde35f072bc956e4b05,2353,60,29,484,236,1146.3515625,485.14835164835165,0.9453125,0.44505494505494503,False,row1_col2,512,364,0,74
2354,2533641,129602615670ca169c5d2adf,2354,9,36,76,292,235.6171875,618.4032258064517,0.1484375,0.59677419354838712,False,row1_col0,512,372,0,70
2355,1103950,605944fd8272a0a3f3c61ab4,2355,14,33,116,268,373.4453125,558.32887700534764,0.2265625,0.53208556149732622,False,row1_col0,512,374,0,69
2356,2242466,c685b4a491f88fc79b166eaa,2356,34,30,276,244,748.734375,522.93599999999992,0.5390625,0.46933333333333332,False,row1_col1,512,375,0,68
2357,1288713,e366b8893ee234784cfdf96a,2357,9,40,76,324,290.6953125,682.65577889447229,0.1484375,0.67085427135678388,False,row2_col0,512,398,0,57
2358,616271,ce80ae72436d84596ffaa522,2358,15,29,124,236,371.828125,499.17073170731709,0.2421875,0.44715447154471544,False,row1_col0,512,369,0,71
2359,2296516,2608d95da3b3a020babab4a4,2359,4,43,36,348,230.8515625,732.39946380697052,0.0703125,0.74798927613941024,False,row2_col0,512,373,0,69
2360,2235738,27299ddb09d845cec194fcb0,2360,26,53,212,428,581.984375,903.79310344827582,0.4140625,0.95755968169761274,False,row2_col1,512,377,0,67
2361,1308977,829fa0ee35fbd7c1c841a103,2361,49,36,396,292,943.328125,603.01612903225805,0.7734375,0.59677419354838712,False,row1_col2,512,372,0,70
2362,1952617,cbe7415bc3817302e0c76f2d,2362,41,45,332,364,838.390625,769.57881136950903,0.6484375,0.78036175710594313,False,row2_col1,512,387,0,62
2363,1894071,1d12ec902c3113b35c317ef8,2363,55,26,444,212,1069.703125,443.0316622691293,0.8671875,0.38522427440633245,False,row1_col2,512,379,0,66
2364,777268,aefb29f0a27380abd8a7072a,2364,52,48,420,388,1032.984375,823.04188481675396,0.8203125,0.84554973821989532,False,row2_col2,512,382,0,65
2365,2525957,b63e42826d3c50ac6f3ed58b,2365,5,44,44,356,198.703125,762.82258064516122,0.0859375,0.76881720430107525,False,row2_col0,512,372,0,70
2366,1115673,8bfa9eda7753f68919d5f5b2,2366,25,24,204,196,589.265625,405.84533333333331,0.3984375,0.34133333333333332,False,row1_col1,512,375,0,68
2367,2407095,cbbfcf781cf2e6b2a448637f,2367,55,42,444,340,1059.640625,710.40625,0.8671875,0.71875,False,row2_col2,512,384,0,64
2368,2677169,69e9731cb1bb99f66cbbadef,2368,49,38,396,308,1003.1953125,643.48421052631579,0.7734375,0.63684210526315788,False,row1_col2,512,380,0,66
2369,227211,40471d6b4d3d450e63bc3466,2369,11,30,92,244,298.3515625,500.875,0.1796875,0.46875,False,row1_col0,512,384,0,64
2370,2009016,5749ca6a1c4e4e10cf0ec75d,2370,56,30,452,244,1116.4453125,516.28571428571422,0.8828125,0.46825396825396826,False,row1_col2,512,378,0,67
2371,2611660,54f228b2ef6b12f663053845,2371,12,39,100,316,327.6484375,665.13874345549743,0.1953125,0.65706806282722519,False,row1_col0,512,382,0,65
2372,2197648,b7cc7826ac85ae8215b61101,2372,16,34,132,276,417.5625,587.28947368421063,0.2578125,0.55263157894736847,False,row1_col0,512,380,0,66
2373,2705493,36bbd488b40fa9d32e6c7611,2373,21,33,172,268,505.546875,570.01072386058991,0.3359375,0.53351206434316356,False,row1_col1,512,373,0,69
2374,2902526,4e68548ea0608614aa35b760,2374,62,39,500,316,1167.984375,661.10869565217388,0.9765625,0.66304347826086951,False,row1_col2,512,368,0,72
2375,2504947,6e40a5c5b295ccc3dce76395,2375,51,35,412,284,1009.984375,598.56521739130437,0.8046875,0.57608695652173914,False,row1_col2,512,368,0,72
2376,969443,b84c63039a63bf730ebdebb1,2376,35,43,284,348,722.8125,701.19843342036552,0.5546875,0.74151436031331597,False,row2_col1,512,383,0,64
2377,260267,db58b895d25ece9db831dde2,2377,43,34,348,276,841.8515625,588.03260869565224,0.6796875,0.55434782608695654,False,row1_col2,512,368,0,72
2378,1111696,825a1b23f7b0d75436750d93,2378,16,26,132,212,438.140625,428.85863874345551,0.2578125,0.38481675392670156,False,row1_col0,512,382,0,65
2379,1906930,29967e147eb9c7a768964adf,2379,50,35,404,284,974.1796875,603.23342175066318,0.7890625,0.5755968169761273,False,row1_col2,512,377,0,67
2380,2672850,6c1df3cf7ff28325175c51f9,2380,18,35,148,284,466.9921875,601.0913978494624,0.2890625,0.57526881720430112,False,row1_col0,512,372,0,70
2381,633436,e5c18f32ffcf933947d02a58,2381,28,41,228,332,641.078125,705.34059945504089,0.4453125,0.70844686648501365,False,row2_col1,512,367,0,72
2382,1627847,837b596140a1742b25c45e12,2382,7,27,60,220,232.7265625,451.76164383561644,0.1171875,0.40273972602739727,False,row1_col0,512,365,0,73
2383,574887,36eb7440912b14f82d4f0a68,2383,39,22,316,180,782.140625,359.4607329842932,0.6171875,0.30104712041884818,False,row0_col1,512,382,0,65
2384,2320360,a3e72a337b3e2ae08d3ba9ff,2384,40,31,324,252,826.6640625,530.46524064171126,0.6328125,0.48930481283422461,False,row1_col1,512,374,0,69
2385,654023,558c1de5d92b5f300ff8d7a4,2385,7,43,60,348,244.078125,727.62670299727517,0.1171875,0.75204359673024523,False,row2_col0,512,367,0,72
2386,2004122,d8aec49d4eabf940e94e99b9,2386,26,18,212,148,562.984375,311.88,0.4140625,0.21333333333333335,False,row0_col1,512,375,0,68
2387,2324367,9a1ad63dc381c61153abcebd,2387,15,30,124,244,352.953125,506.4221635883905,0.2421875,0.46965699208443273,False,row1_col0,512,379,0,66
2388,718032,88a7da897ac6bcbf16c8e69d,2388,16,19,132,156,398.6875,317.61357702349869,0.2578125,0.24020887728459531,False,row0_col0,512,383,0,64
2389,2603127,4b2633be99f67ebb463d227e,2389,55,33,444,268,1046.640625,560.81621621621616,0.8671875,0.53243243243243243,False,row1_col2,512,370,0,71
2390,2890453,d73bb5badea2954e76301142,2390,21,43,172,348,496.5625,731.87131367292227,0.3359375,0.74798927613941024,False,row2_col1,512,373,0,69
2391,2230006,d81cb231e10288659e7909e8,2391,54,27,436,220,1082.609375,467.22997416020672,0.8515625,0.40826873385012918,False,row1_col2,512,387,0,62
2392,1922372,7361af587e04e93382fe2d91,2392,4,21,36,172,184.484375,354.01030927835052,0.0703125,0.28350515463917525,False,row0_col0,512,388,0,62
2393,2455473,588a545ebe33f98614ef2c62,2393,49,30,396,244,967.328125,517.1875,0.7734375,0.46875,False,row1_col2,512,384,0,64
2394,1251575,71b008a0a7521ff27fd58de8,2394,55,35,444,284,1084.9765625,598.01851851851848,0.8671875,0.57407407407407407,False,row1_col2,512,378,0,67
2395,1443206,1219cb310706faa103ce419b,2395,6,22,52,180,205.328125,351.29589041095892,0.1015625,0.29315068493150687,False,row0_col0,512,365,0,73
2396,2189862,57d3f410b6fcba2a57bda29d,2396,38,40,308,324,799.328125,692.52506596306068,0.6015625,0.68073878627968343,False,row2_col1,512,379,0,66
2397,1615384,83857231f379f6809fc9639f,2397,24,24,196,196,571.921875,406.44505494505495,0.3828125,0.33516483516483514,False,row1_col1,512,364,0,74
2398,2451918,9eb7c57cc60b7fe25deb2951,2398,14,39,116,316,333.2578125,669.10869565217388,0.2265625,0.66304347826086951,False,row1_col0,512,368,0,72
2399,1358447,e011d89cc836ba1aa1bc02a9,2399,47,41,380,332,929.0546875,698.92391304347825,0.7421875,0.70652173913043481,False,row2_col2,512,368,0,72
2400,575790,36eb7440912b14f82d4f0a68,2400,46,36,372,292,902.671875,600.46596858638736,0.7265625,0.59424083769633507,False,row1_col2,512,382,0,65
2401,1012569,5f54a832376b920cdc467195,2401,25,13,204,108,545.265625,228.85145888594164,0.3984375,0.10875331564986737,False,row0_col1,512,377,0,67
2402,608660,009cd3639a67c3e8ac9da12b,2402,20,38,164,308,480.546875,651.27320954907168,0.3203125,0.63925729442970824,False,row1_col0,512,377,0,67
2403,2438733,4b2934de204003644e1cf7cc,2403,13,25,108,204,390.3984375,428.73118279569894,0.2109375,0.36021505376344087,False,row1_col0,512,372,0,70
2404,1841362,220c8ee1c69449f9af0ae7f1,2404,18,35,148,284,387.546875,611.80208333333326,0.2890625,0.57291666666666663,False,row1_col0,512,384,0,64
2405,1742774,f5b415202f9796d16305892d,2405,54,30,436,244,1067.8671875,502.77173913043481,0.8515625,0.46739130434782611,False,row1_col2,512,368,0,72
2406,194738,70167206a708a11cfa66d657,2406,50,34,404,276,1012.4921875,579.29758713136732,0.7890625,0.55495978552278824,False,row1_col2,512,373,0,69
2407,1210790,e98f1317607860c501b2cee1,2407,38,38,308,308,821.328125,646.94986807387863,0.6015625,0.63852242744063326,False,row1_col1,512,379,0,66
2408,2246645,326ec13f01a3ce47feae7840,2408,53,31,428,252,1062.1875,535.94210526315794,0.8359375,0.48947368421052634,False,row1_col2,512,380,0,66
2409,2402884,e23c7263422caa21794c6b96,2409,4,41,36,332,214.1328125,698.85714285714289,0.0703125,0.70105820105820105,False,row2_col0,512,378,0,67
2410,723577,e3e937e4c7206cd43037de93,2410,57,41,460,332,1096.7578125,699.48387096774195,0.8984375,0.70430107526881724,False,row2_col2,512,372,0,70
2411,1992493,df2dd66a2f9f4acffc6fdb65,2411,45,28,364,228,912.0546875,479.2566844919786,0.7109375,0.42513368983957217,False,row1_col2,512,374,0,69
2412,755992,7fa802d5b3d7b7590197ff36,2412,24,36,196,292,517.859375,623.44864864864871,0.3828125,0.5972972972972973,False,row1_col1,512,370,0,71
2413,2529553,5b1f5c81c875f06122031a4b,2413,17,36,140,292,415.2421875,613,0.2734375,0.59677419354838712,False,row1_col0,512,372,0,70
2414,2419233,e13e69b4c17cd750194fa4bb,2414,33,40,268,324,701.2578125,689.01566579634459,0.5234375,0.6788511749347258,False,row2_col1,512,383,0,64
2415,899061,06a2536925aca2673e4f022e,2415,53,31,428,252,1013.5625,519.30158730158723,0.8359375,0.48941798941798942,False,row1_col2,512,378,0,67
2416,2144423,7e48cd1658e4af2a0a4efc9b,2416,39,34,316,276,814.0546875,590.3342245989304,0.6171875,0.553475935828877,False,row1_col1,512,374,0,69
2417,1882224,7b4398b5f7d90eaafd6f9de7,2417,48,33,388,268,992.5625,565.74262734584454,0.7578125,0.53351206434316356,False,row1_col2,512,373,0,69
2418,2823525,745e27be1c9edae1c661541a,2418,37,21,300,172,810.8046875,351.42307692307691,0.5859375,0.26923076923076922,False,row0_col1,512,364,0,74
2419,2422636,37007bcf2d5f43196d17bd6c,2419,44,29,356,236,879.84375,504.08800000000002,0.6953125,0.44800000000000001,False,row1_col2,512,375,0,68
2420,2436088,28b53dd19c8f65de13e95cab,2420,56,47,452,380,1088.5625,810.07219251336903,0.8828125,0.83155080213903743,False,row2_col2,512,374,0,69
2421,1001000,537b9f873acf48eb2022de16,2421,40,24,324,196,815.359375,392.5,0.6328125,0.34210526315789475,False,row1_col1,512,380,0,66
2422,948620,38e660db89e34c52bdd410d7,2422,12,38,100,308,344.2109375,649.03125,0.1953125,0.63541666666666663,False,row1_col0,512,384,0,64
2423,1632180,e235136cfdcae670bc7ef694,2423,52,30,420,244,1032.984375,497.14893617021278,0.8203125,0.46808510638297873,False,row1_col2,512,376,0,68
2424,223313,6d76d8f8a00db7e46f92f530,2424,17,33,140,268,411.6953125,570.44680851063822,0.2734375,0.53191489361702127,False,row1_col0,512,376,0,68
2425,1709699,a8bb3126ece458be91eaa829,2425,3,26,28,212,186.1015625,429.63968668407307,0.0546875,0.38642297650130547,False,row1_col0,512,383,0,64
2426,599062,f494610fdaf77ce6cbdfb0d3,2426,22,16,180,132,509.8828125,262.44385026737967,0.3515625,0.16844919786096257,False,row0_col1,512,374,0,69
2427,58810,8d4d5e9c6f62a7f7f0b95cb7,2427,58,22,468,180,1098.4375,379.24523160762942,0.9140625,0.29427792915531337,False,row0_col2,512,367,0,72
2428,1456439,64e11d7683e404d870ca400b,2428,55,36,444,292,1103.7109375,606.1312335958005,0.8671875,0.59580052493438318,False,row1_col2,512,381,0,65
2429,337256,d97ecfbcd8824d84ea5eae90,2429,40,21,324,172,791.75,355.22099447513813,0.6328125,0.26795580110497236,False,row0_col1,512,362,0,75
2430,980947,9950038ac10495ac90e01fd8,2430,19,31,156,252,450.8125,526.30526315789473,0.3046875,0.48947368421052634,False,row1_col0,512,380,0,66
2431,2755215,932274c0ff4cbf8cb7b96e8d,2431,15,42,124,340,396.1015625,720.77049180327867,0.2421875,0.72950819672131151,False,row2_col0,512,366,0,73
2432,293305,fe93b73ddd86f0b267f37da8,2432,57,38,460,308,1129.7578125,653.46949602122015,0.8984375,0.63925729442970824,False,row1_col2,512,377,0,67
2433,1584957,a737d81a01b3a431788a0073,2433,61,60,492,484,1147.6796875,1027.6021798365123,0.9609375,1.1226158038147138,True,padding_center,512,367,0,72
2434,2385813,068d42fadee7759ebbad25c7,2434,21,30,172,244,511.1875,511.83507853403142,0.3359375,0.468586387434555,False,row1_col1,512,382,0,65
2435,1801056,5dcfc0e65ab4ebc09fc86fbe,2435,32,45,260,364,683.1640625,748.59890109890102,0.5078125,0.79670329670329665,False,row2_col1,512,364,0,74
2436,2169040,736df5902e9879b38b3b9634,2436,16,35,132,284,385.3359375,598.61417322834643,0.2578125,0.57480314960629919,False,row1_col0,512,381,0,65
2437,1177550,2e3c583d219c937858797cbc,2437,14,31,116,252,349.9375,519.39999999999998,0.2265625,0.49090909090909091,False,row1_col0,512,385,0,63
2438,2020359,5addf17fbe747cbcb767afaf,2438,7,16,60,132,238.7890625,270.64659685863876,0.1171875,0.17539267015706805,False,row0_col0,512,382,0,65
2439,2123787,dc0b4ccd38f08660aa595e39,2439,11,32,92,260,284.578125,559.61741424802108,0.1796875,0.51187335092348285,False,row1_col0,512,379,0,66
2440,567944,15d9508324337b875670f947,2440,8,42,68,340,243.0859375,730.23298429319368,0.1328125,0.71989528795811519,False,row2_col0,512,382,0,65
2441,2317463,fd91ca2d579cd9fb68161c3b,2441,23,50,188,404,559.6015625,862.47368421052636,0.3671875,0.88947368421052631,False,row2_col1,512,380,0,66
2442,1902450,73937759020f473dae5c179a,2442,50,29,404,236,942.4453125,492.32453825857522,0.7890625,0.44854881266490765,False,row1_col2,512,379,0,66
2443,669540,43ee58770e40e876f08e8074,2443,36,29,292,236,749.484375,475.451871657754,0.5703125,0.446524064171123,False,row1_col1,512,374,0,69
2444,1440519,4d84e8bbae7d2af42353df02,2444,7,44,60,356,195.3125,743.82758620689651,0.1171875,0.76657824933687002,False,row2_col0,512,377,0,67
2445,853447,f08c47f4332a0ca4a5ddd327,2445,7,23,60,188,225.078125,380.72727272727275,0.1171875,0.31818181818181818,False,row0_col0,512,374,0,69
2446,350054,e1c9abec502219412e89243a,2446,38,29,308,236,768.9296875,487.3305785123967,0.6015625,0.4462809917355372,False,row1_col1,512,363,0,74
2447,1157496,d03b423ac174ea78bf4a6637,2447,56,37,452,300,1093.921875,622.29533678756468,0.8828125,0.61398963730569944,False,row1_col2,512,386,0,63
2448,1902022,73937759020f473dae5c179a,2448,6,23,52,188,191.0078125,389.73878627968338,0.1015625,0.32189973614775724,False,row0_col0,512,379,0,66
2449,2005148,d8aec49d4eabf940e94e99b9,2449,28,34,228,276,597.171875,585.28800000000001,0.4453125,0.55466666666666664,False,row1_col1,512,375,0,68
2450,522828,7d21f597b4b4043eb6e57f0e,2450,12,41,100,332,330.796875,700.59893048128345,0.1953125,0.70320855614973266,False,row2_col0,512,374,0,69
2451,547254,e30051d3d8fd995844562e4d,2451,54,38,436,308,1064.3828125,650.02688172043008,0.8515625,0.63978494623655913,False,row1_col2,512,372,0,70
2452,2837010,7731cbaac561ffb2001abafb,2452,18,40,148,324,436.3046875,672.04166666666674,0.2890625,0.67708333333333337,False,row2_col0,512,384,0,64
2453,2008629,5749ca6a1c4e4e10cf0ec75d,2453,53,24,428,196,1065.0234375,413.42857142857144,0.8359375,0.34126984126984128,False,row1_col2,512,378,0,67
2454,1555201,296bf32bda705a8c9ebd047c,2454,1,44,12,356,149.8046875,754.21739130434787,0.0234375,0.77173913043478259,False,row2_col0,512,368,0,72
2455,2664375,1f71908a38f1553f04f21601,2455,55,30,444,244,1103.7109375,496.57824933687004,0.8671875,0.46949602122015915,False,row1_col2,512,377,0,67
2456,2188604,57d3f410b6fcba2a57bda29d,2456,60,20,484,164,1179.515625,346.77308707124007,0.9453125,0.25857519788918204,False,row0_col2,512,379,0,66
2457,2090297,84260c9ea667e4b1cdc99d6e,2457,57,20,460,164,1100.5859375,340.531914893617,0.8984375,0.25531914893617019,False,row0_col2,512,376,0,68
2458,2115679,7ed463394b5acb61e1574507,2458,31,33,252,268,624.9296875,567.6875,0.4921875,0.53125,False,row1_col1,512,384,0,64
2459,1301035,f5cda31a858d786125df8e22,2459,43,40,348,324,892.609375,690.42118863049097,0.6796875,0.67700258397932822,False,row2_col2,512,387,0,62
2460,1963398,f93c3ed6d29f639d27608bfa,2460,6,22,52,180,207.6171875,382.54961832061065,0.1015625,0.30788804071246817,False,row0_col0,512,393,0,59
2461,202081,ec3ea75e7104e017e03f4921,2461,33,21,268,172,711.3046875,370.89999999999998,0.5234375,0.27894736842105261,False,row0_col1,512,380,0,66
2462,2013198,d6dbdc0bd6330963f936dfc9,2462,14,32,116,260,348.8046875,542.14615384615377,0.2265625,0.51025641025641022,False,row1_col0,512,390,0,61
2463,194677,70167206a708a11cfa66d657,2463,53,33,428,268,1064.3828125,562.01072386058991,0.8359375,0.53351206434316356,False,row1_col2,512,373,0,69
2464,2623970,2ee1148cf2bfb979a3c11be3,2464,34,39,276,316,697.4375,656.82926829268285,0.5390625,0.66395663956639561,False,row1_col1,512,369,0,71
2465,1350340,347841146c8588b3b0ef8cd2,2465,4,43,36,348,154.3984375,736.89361702127655,0.0703125,0.74468085106382975,False,row2_col0,512,376,0,68
2466,1546938,76906f430110ea676ee84663,2466,58,42,468,340,1130.6953125,716.85106382978722,0.9140625,0.72340425531914898,False,row2_col2,512,376,0,68
2467,1333579,a252f276c55b21904fb18cca,2467,11,37,92,300,299.734375,629.57681940700809,0.1796875,0.61994609164420489,False,row1_col0,512,371,0,70
2468,399340,27e6733bbab4a1b0477f8b26,2468,44,31,356,252,878.7109375,528.9366754617414,0.6953125,0.49076517150395776,False,row1_col2,512,379,0,66
2469,2378614,d8e33de8429b55ebb8877642,2469,54,45,436,364,1009.8671875,768.20266666666669,0.8515625,0.78933333333333333,False,row2_col2,512,375,0,68
2470,711288,d3087ca15c39ea0c8f15bf17,2470,56,41,452,332,1082.3359375,704.36263736263743,0.8828125,0.70879120879120883,False,row2_col2,512,364,0,74
2471,2356408,87a418aeb28937346e884495,2471,56,18,452,148,1157.0390625,311.94656488549617,0.8828125,0.22646310432569974,False,row0_col2,512,393,0,59
2472,542890,ae10765eee319809f6e8d9ae,2472,42,34,340,276,863.1171875,580.77956989247309,0.6640625,0.55376344086021501,False,row1_col1,512,372,0,70
2473,2439730,4b2934de204003644e1cf7cc,2473,50,40,404,324,1024.6015625,685.50537634408602,0.7890625,0.68279569892473113,False,row2_col2,512,372,0,70
2474,2192622,31f176914f7ef2559f447dab,2474,46,19,372,156,909.3125,331.79234972677597,0.7265625,0.22677595628415301,False,row0_col2,512,366,0,73
2475,919893,e5ea460098f78f89058a7af5,2475,21,37,172,300,502.546875,635.17391304347825,0.3359375,0.61956521739130432,False,row1_col1,512,368,0,72
2476,616778,ce80ae72436d84596ffaa522,2476,10,37,84,300,285.109375,638.09756097560978,0.1640625,0.62059620596205967,False,row1_col0,512,369,0,71
2477,325894,99a260d84ec3760c5165b1f1,2477,6,36,52,292,205.328125,612.84293193717281,0.1015625,0.59424083769633507,False,row1_col0,512,382,0,65
2478,1111003,825a1b23f7b0d75436750d93,2478,27,15,220,124,628.234375,238.57591623036649,0.4296875,0.15445026178010471,False,row0_col1,512,382,0,65
2479,1140216,02942ca02fdcb799d7cb7726,2479,56,23,452,188,1082.6875,372.20408163265301,0.8828125,0.32653061224489793,False,row0_col2,512,392,0,60
2480,468264,7c41685bf488a58de2fe104b,2480,40,20,324,164,803.5234375,342.98947368421057,0.6328125,0.25789473684210529,False,row0_col1,512,380,0,66
2481,821535,ef9e40f88efa54ae539304c5,2481,31,36,252,292,634.359375,617.93495934959356,0.4921875,0.59891598915989164,False,row1_col1,512,369,0,71
2482,2870006,9dd6c00d22421262fb390d57,2482,54,43,436,348,1075.3828125,738.5,0.8515625,0.75,False,row2_col2,512,368,0,72
2483,2669114,dbf09619c576033279939c88,2483,58,40,468,324,1111.296875,685.32460732984293,0.9140625,0.67801047120418845,False,row2_col2,512,382,0,65
2484,531732,1aa0d91925dd72251d174919,2484,20,52,164,420,452.5859375,880.10638297872345,0.3203125,0.93617021276595747,False,row2_col0,512,376,0,68
2485,120090,52572823a115b1268cfb144d,2485,26,20,212,164,557.1953125,326.40625,0.4140625,0.26041666666666669,False,row0_col1,512,384,0,64
2486,100773,173abf95d04f926226332be8,2486,37,38,300,308,743.3203125,645.46949602122015,0.5859375,0.63925729442970824,False,row1_col1,512,377,0,67
2487,1906424,29967e147eb9c7a768964adf,2487,56,27,452,220,1077.2109375,465.72679045092838,0.8828125,0.40583554376657827,False,row1_col2,512,377,0,67
2488,2746993,e05c476bdaaa88a4e12af225,2488,49,41,396,332,977.7421875,695.28381962864717,0.7734375,0.70291777188328908,False,row2_col2,512,377,0,67
2489,2004251,d8aec49d4eabf940e94e99b9,2489,27,20,220,164,580.078125,346.05600000000004,0.4296875,0.25600000000000001,False,row0_col1,512,375,0,68
2490,2369815,fe666fef2b8871f5528589d3,2490,23,36,188,292,585.703125,631.9043927648579,0.3671875,0.59431524547803616,False,row1_col1,512,387,0,62
2491,1934486,7b57de0d35adaa2f8254baa8,2491,22,18,180,148,583.3125,305.19518716577545,0.3515625,0.21122994652406418,False,row0_col1,512,374,0,69
2492,2378423,d8e33de8429b55ebb8877642,2492,55,42,444,340,1027.0390625,716.61866666666674,0.8671875,0.72533333333333339,False,row2_col2,512,375,0,68
2493,1934808,7b57de0d35adaa2f8254baa8,2493,24,23,196,188,617.5625,390.86363636363637,0.3828125,0.31818181818181818,False,row0_col1,512,374,0,69
2494,2556901,2f3e9ad50350b43cdcf05159,2494,37,15,300,124,724.6328125,249.33509234828495,0.5859375,0.15303430079155672,False,row0_col1,512,379,0,66
2495,2451788,9eb7c57cc60b7fe25deb2951,2495,12,37,100,300,298.6015625,634.41304347826087,0.1953125,0.61956521739130432,False,row1_col0,512,368,0,72
2496,1366512,7caf0646c5e1a5cc3ec3968d,2496,48,39,388,316,920.109375,673.69354838709671,0.7578125,0.66129032258064513,False,row1_col2,512,372,0,70
2497,2078832,f90b9ab0071176524a75e54f,2497,48,33,388,268,924.5625,571.16492146596863,0.7578125,0.53141361256544506,False,row1_col2,512,382,0,65
2498,2071131,f4df64b5ff783c747eb82df3,2498,27,41,220,332,623.2265625,710.42399999999998,0.4296875,0.70399999999999996,False,row2_col1,512,375,0,68
2499,2822806,745e27be1c9edae1c661541a,2499,22,10,180,84,550.8828125,160.67582417582418,0.3515625,0.027472527472527472,False,row0_col1,512,364,0,74
2500,2078202,f90b9ab0071176524a75e54f,2500,58,23,468,188,1095.8125,400.065445026178,0.9140625,0.3219895287958115,False,row0_col2,512,382,0,65
2501,2115917,7ed463394b5acb61e1574507,2501,13,37,108,300,316.3984375,636.1875,0.2109375,0.61458333333333337,False,row1_col0,512,384,0,64
2502,2328120,45bfb62d2b8a12a9724eb563,2502,56,24,452,196,1064.796875,413.45092838196285,0.8828125,0.34217506631299732,False,row1_col2,512,377,0,67
2503,2790888,0aefb854b741b33901ea1e52,2503,40,23,324,188,817.5234375,382.19999999999999,0.6328125,0.32000000000000001,False,row0_col1,512,375,0,68
2504,2291572,8430cec5bf6a0ee7d4c4b34e,2504,52,29,420,236,1053.6015625,486.32453825857522,0.8203125,0.44854881266490765,False,row1_col2,512,379,0,66
2505,473785,b732c57615def8f4ab818c3f,2505,57,42,460,340,1135.0625,723.84905660377365,0.8984375,0.72776280323450138,False,row2_col2,512,371,0,70
2506,2013960,d6dbdc0bd6330963f936dfc9,2506,8,44,68,356,245.0234375,749.65384615384619,0.1328125,0.75641025641025639,False,row2_col0,512,390,0,61
2507,1386742,69ce82acc0f6112757b0f61b,2507,54,35,436,284,1048.6796875,594.11621621621623,0.8515625,0.57567567567567568,False,row1_col2,512,370,0,71
2508,509900,f5fa9934c3d9553bf163df86,2508,12,31,100,252,314.2109375,520.85449735449743,0.1953125,0.48941798941798942,False,row1_col0,512,378,0,67
2509,2773756,cefaf5a44ecfd5ed51bd547c,2509,60,11,484,92,1176.515625,170.89361702127658,0.9453125,0.063829787234042548,False,row0_col2,512,376,0,68
2510,2229572,d81cb231e10288659e7909e8,2510,4,21,36,172,227.921875,364.78036175710594,0.0703125,0.2842377260981912,False,row0_col0,512,387,0,62
2511,2624024,2ee1148cf2bfb979a3c11be3,2511,24,40,196,324,523.6875,674.19512195121945,0.3828125,0.68563685636856364,False,row2_col1,512,369,0,71
2512,1658236,45b11473d4f5f125115c882f,2512,60,53,484,428,1141.4609375,878.06315789473683,0.9453125,0.95263157894736838,False,row2_col2,512,380,0,66
2513,2246707,326ec13f01a3ce47feae7840,2513,51,32,412,260,1027.9375,553.05789473684217,0.8046875,0.51052631578947372,False,row1_col2,512,380,0,66
2514,407372,f7464ed5a8656ac375a0fb2d,2514,12,29,100,236,367.1875,497.70572207084467,0.1953125,0.44686648501362397,False,row1_col0,512,367,0,72
2515,1477080,84660a36fd2a77d5af219fa3,2515,24,39,196,316,566.5390625,665.94652406417106,0.3828125,0.66042780748663099,False,row1_col1,512,374,0,69
2516,1529356,1da49d03909cfa1ff4462960,2516,12,24,100,196,306.234375,393.89005235602093,0.1953125,0.34293193717277487,False,row1_col0,512,382,0,65
2517,2512219,51c32ff783d3d94292851b8f,2517,27,21,220,172,591.515625,355.04255319148933,0.4296875,0.27659574468085107,False,row0_col1,512,376,0,68
2518,1942547,8ce9e51dbad44f0e4107d965,2518,19,16,156,132,419.2421875,275.67191601049871,0.3046875,0.17585301837270342,False,row0_col0,512,381,0,65
2519,1869189,55697275b8b27562c9eb1a4c,2519,5,22,44,180,198.53125,378.32207792207794,0.0859375,0.30389610389610389,False,row0_col0,512,385,0,63
2520,1386804,69ce82acc0f6112757b0f61b,2520,52,36,420,292,1014.0859375,611.43513513513517,0.8203125,0.5972972972972973,False,row1_col2,512,370,0,71
2521,1914201,246ad0c43ef94471a87d00f3,2521,25,21,204,172,582.6875,361.596256684492,0.3984375,0.27540106951871657,False,row0_col1,512,374,0,69
2522,396748,7193a011383f62c1ab378a8f,2522,12,55,100,444,306.6015625,944.99742930591253,0.1953125,0.98457583547557836,False,row2_col0,512,389,0,61
2523,2307270,eebb80b7602a9bc51384c3b3,2523,6,19,52,156,226.71875,325.84496124031011,0.1015625,0.24289405684754523,False,row0_col0,512,387,0,62
2524,19335,0d71665cc32e00cbf316979e,2524,7,46,60,372,264.3125,790.68119891008178,0.1171875,0.81743869209809261,False,row2_col0,512,367,0,72
2525,2107548,5d258a6d34f1b116ab308ce4,2525,28,34,228,276,598.0625,564.31914893617022,0.4453125,0.55319148936170215,False,row1_col1,512,376,0,68
2526,2013009,d6dbdc0bd6330963f936dfc9,2526,17,29,140,236,400.6953125,490.26923076923077,0.2734375,0.44871794871794873,False,row1_col0,512,390,0,61
2527,1206250,e07a60e9493523db2330e39e,2527,42,31,340,252,894.4375,526.39946380697052,0.6640625,0.4906166219839142,False,row1_col1,512,373,0,69
2528,2004323,d8aec49d4eabf940e94e99b9,2528,35,21,284,172,716.828125,363.14400000000001,0.5546875,0.27733333333333332,False,row0_col1,512,375,0,68
2529,1641082,05ca24cc6157d09d27f43cc5,2529,58,41,468,332,1122.578125,697.29972752043602,0.9140625,0.70844686648501365,False,row2_col2,512,367,0,72
2530,174439,d140f47bc847b703c1b20aec,2530,39,37,316,300,840.4609375,618.29411764705878,0.6171875,0.61764705882352944,False,row1_col1,512,374,0,69
2531,522567,7d21f597b4b4043eb6e57f0e,2531,7,37,60,300,244.078125,631.29411764705878,0.1171875,0.61764705882352944,False,row1_col0,512,374,0,69
2532,387696,71724a3bf8b9be3deb5292f6,2532,48,41,388,332,961.140625,700.17506631299727,0.7578125,0.70291777188328908,False,row2_col2,512,377,0,67
2533,2815833,3610a7a8fae8831f175ef8a6,2533,25,29,204,236,549.078125,503.91489361702128,0.3984375,0.44680851063829785,False,row1_col1,512,376,0,68
2534,1624190,e764a382e06a2d9870d6385d,2534,62,33,500,268,1175.171875,555.37329700272483,0.9765625,0.5340599455040872,False,row1_col2,512,367,0,72
2535,1574439,fc56ae52e06ade318ea4d493,2535,39,24,316,196,787.140625,382.30645161290323,0.6171875,0.33870967741935482,False,row1_col1,512,372,0,70
2536,1170325,81f7959be88c5f860c5fc715,2536,21,46,172,372,469.8828125,764.21957671957671,0.3359375,0.80687830687830686,False,row2_col1,512,378,0,67
2537,2323852,9a1ad63dc381c61153abcebd,2537,12,22,100,180,301.671875,369.64116094986809,0.1953125,0.30079155672823221,False,row0_col0,512,379,0,66
2538,1992472,df2dd66a2f9f4acffc6fdb65,2538,24,28,196,228,553.4140625,479.2566844919786,0.3828125,0.42513368983957217,False,row1_col1,512,374,0,69
2539,1853161,f06dd4b0ff466537119cc2af,2539,41,27,332,220,812.6875,462.96774193548384,0.6484375,0.40322580645161288,False,row1_col1,512,372,0,70
2540,2091366,84260c9ea667e4b1cdc99d6e,2540,38,37,308,300,774.9140625,631.70212765957444,0.6015625,0.61702127659574468,False,row1_col1,512,376,0,68
2541,632179,e5c18f32ffcf933947d02a58,2541,51,21,412,172,1041.421875,357.4386920980927,0.8046875,0.27247956403269757,False,row0_col2,512,367,0,72
2542,2689888,d692f72fe45c727cb0757d5a,2542,32,45,260,364,737.0859375,752.1773778920309,0.5078125,0.77892030848329052,False,row2_col1,512,389,0,61
2543,2426146,07487879b83ab8bf265d8c1f,2543,34,20,276,164,751.4296875,357.3573264781491,0.5390625,0.2647814910025707,False,row0_col1,512,389,0,61
2544,2271896,ce1b06db295c8aa47115048c,2544,24,42,196,340,528.796875,723.32707774798928,0.3828125,0.72654155495978556,False,row2_col1,512,373,0,69
2545,2680946,9cb4460b3d110d026116cef5,2545,50,33,404,268,1014.0703125,554.47837837837835,0.7890625,0.53243243243243243,False,row1_col2,512,370,0,71
2546,2418508,e13e69b4c17cd750194fa4bb,2546,12,29,100,236,340.6484375,500.1488250652742,0.1953125,0.44908616187989558,False,row1_col0,512,383,0,64
2547,849508,a9be01d87459f30144024b64,2547,36,25,292,204,772.765625,432.06382978723406,0.5703125,0.36170212765957449,False,row1_col1,512,376,0,68
2548,2095023,df913345c4c2be5eeed41459,2548,47,30,380,244,954.0859375,517.01036269430051,0.7421875,0.4689119170984456,False,row1_col2,512,386,0,63
2549,907845,97a12b10cd4059a0d96d7b1c,2549,5,41,44,332,229.046875,690.6657681940701,0.0859375,0.70619946091644203,False,row2_col0,512,371,0,70
2550,1718843,026bf89f372e56e84406ddb9,2550,59,40,476,324,1154.1640625,665.57260273972599,0.9296875,0.68767123287671228,False,row2_col2,512,365,0,73
2551,821685,ef9e40f88efa54ae539304c5,2551,53,38,428,308,1014.546875,652.53658536585374,0.8359375,0.64227642276422769,False,row1_col2,512,369,0,71
2552,1865749,f811b6561edd9f797ff5e802,2552,21,32,172,260,487.1953125,544.67200000000003,0.3359375,0.51200000000000001,False,row1_col1,512,375,0,68
2553,2246830,326ec13f01a3ce47feae7840,2553,46,34,372,276,942.3125,587.28947368421063,0.7265625,0.55263157894736847,False,row1_col2,512,380,0,66
2554,2061548,0e2145f7a61e9d7634649dca,2554,44,19,356,156,848.671875,334.7479674796748,0.6953125,0.23035230352303523,False,row0_col2,512,369,0,71
2555,1103399,605944fd8272a0a3f3c61ab4,2555,39,24,316,196,803.5234375,403.35561497326205,0.6171875,0.33957219251336901,False,row1_col1,512,374,0,69
2556,477816,7f3d7c6e6a7b6f584a7abbea,2556,56,41,452,332,1104.859375,701.75257731958766,0.8828125,0.69587628865979378,False,row2_col2,512,388,0,62
2557,1563461,69c3ab131f3d9924a0893b68,2557,5,45,44,364,231.390625,756.92452830188688,0.0859375,0.79245283018867929,False,row2_col0,512,371,0,70
2558,1251722,71b008a0a7521ff27fd58de8,2558,10,38,84,308,306.6171875,649.89153439153438,0.1640625,0.63756613756613756,False,row1_col0,512,378,0,67
2559,2472485,e9b79f16d364e3a2fa877ce7,2559,37,40,300,324,763.703125,676.29189189189185,0.5859375,0.68378378378378379,False,row2_col1,512,370,0,71
2560,862511,c0d503761e44e89054546681,2560,47,36,380,292,957.0859375,608.59946949602124,0.7421875,0.59681697612732099,False,row1_col2,512,377,0,67
2561,2697038,187703c2aaaaa1fd86865fe2,2561,14,29,116,236,397.8046875,483.75392670157066,0.2265625,0.44764397905759162,False,row1_col0,512,382,0,65
2562,2029103,61f217f44bf2fb9b5077b9b6,2562,47,24,380,196,937.4375,416.13157894736844,0.7421875,0.34210526315789475,False,row1_col2,512,380,0,66
2563,157209,2621e0e5fef600ad180b0661,2563,25,24,204,196,560.671875,420.08847184986598,0.3984375,0.34048257372654156,False,row1_col1,512,373,0,69
2564,1407652,4f1c77f5d121ab64501fbab2,2564,36,42,292,340,759.3359375,714.27419354838707,0.5703125,0.72580645161290325,False,row2_col1,512,372,0,70
2565,1918415,516089d2e2e2c9755fbd5142,2565,15,23,124,188,384.1640625,397.92000000000002,0.2421875,0.32000000000000001,False,row0_col0,512,375,0,68
2566,837809,c7d7069e6440bce13d75f421,2566,49,34,396,276,955.7421875,579.44356955380567,0.7734375,0.5538057742782152,False,row1_col2,512,381,0,65
2567,677287,0995d605d7742fc0e60c12be,2567,39,22,316,180,775.609375,359.92000000000002,0.6171875,0.29866666666666669,False,row0_col1,512,375,0,68
2568,2192876,31f176914f7ef2559f447dab,2568,44,23,356,188,875.0625,400.33879781420762,0.6953125,0.31420765027322406,False,row0_col2,512,366,0,73
2569,18167,0d71665cc32e00cbf316979e,2569,55,27,444,220,1098.3125,461.00272479564035,0.8671875,0.40326975476839239,False,row1_col2,512,367,0,72
2570,1110756,825a1b23f7b0d75436750d93,2570,36,11,292,92,783.765625,169.38219895287958,0.5703125,0.070680628272251314,False,row0_col1,512,382,0,65
2571,594984,eb71064c90774c5dc6ff8f78,2571,40,16,324,132,804.359375,277.80158730158729,0.6328125,0.17195767195767195,False,row0_col1,512,378,0,67
2572,1861471,f4ac4da33960d6b1e1780732,2572,31,29,252,236,604.453125,494.72513089005236,0.4921875,0.44764397905759162,False,row1_col1,512,382,0,65
2573,460815,89b989a81f1da592d59cc87b,2573,15,32,124,260,400.3125,554.26829268292681,0.2421875,0.51219512195121952,False,row1_col0,512,369,0,71
2574,1955981,49f213bf9b926dc2b4b2d138,2574,13,34,108,276,382.8203125,590.06133333333332,0.2109375,0.55466666666666664,False,row1_col0,512,375,0,68
2575,1955067,49f213bf9b926dc2b4b2d138,2575,59,19,476,156,1172.7265625,332.14133333333336,0.9296875,0.23466666666666666,False,row0_col2,512,375,0,68
2576,2902441,4e68548ea0608614aa35b760,2576,41,38,332,308,803.765625,643.76086956521738,0.6484375,0.64130434782608692,False,row1_col1,512,368,0,72
2577,485496,acce3e29a49a891a750d40b5,2577,56,33,452,268,1086.2734375,571.43650793650795,0.8828125,0.53174603174603174,False,row1_col2,512,378,0,67
2578,2107861,5d258a6d34f1b116ab308ce4,2578,21,39,172,316,478.1875,649.95744680851055,0.3359375,0.65957446808510634,False,row1_col1,512,376,0,68
2579,874500,8ac236c9482943a0fd765323,2579,4,32,36,260,179.1875,560.19148936170211,0.0703125,0.51063829787234039,False,row1_col0,512,376,0,68
2580,1886970,c7f35be6760fdb85307e2d49,2580,58,43,468,348,1109.7265625,743.21276595744678,0.9140625,0.74468085106382975,False,row2_col2,512,376,0,68
2581,1882137,7b4398b5f7d90eaafd6f9de7,2581,25,32,204,260,598.6875,548.62734584450402,0.3984375,0.51206434316353888,False,row1_col1,512,373,0,69
2582,117302,8beb03d8a5bb47d4e9a2581d,2582,54,40,436,324,1042.828125,681.39353099730465,0.8515625,0.6846361185983828,False,row2_col2,512,371,0,70
2583,1749744,c192edd74fe8165b22e50c5a,2583,48,11,388,92,950.140625,166.94087403598971,0.7578125,0.079691516709511565,False,row0_col2,512,389,0,61
2584,538427,334d09cec1e33736f5ceeeae,2584,59,28,476,228,1140.234375,481.1653746770026,0.9296875,0.4289405684754522,False,row1_col2,512,387,0,62
2585,714980,dd4ad461de197a243a121525,2585,36,35,292,284,762.9140625,583.25130890052355,0.5703125,0.57329842931937169,False,row1_col1,512,382,0,65
2586,1959538,113ae33369eea4ce7f0b6955,2586,50,25,404,204,963.1796875,431.35013262599472,0.7890625,0.36339522546419101,False,row1_col2,512,377,0,67
2587,2410570,4353ce725c8d749885d3c4b7,2587,10,33,84,268,245.8125,560.70526315789471,0.1640625,0.53157894736842104,False,row1_col0,512,380,0,66
2588,2131333,830ee1acd4627b4aa99fcc61,2588,5,22,44,180,215.1875,377.67098445595855,0.0859375,0.30310880829015546,False,row0_col0,512,386,0,63
2589,1362596,13b0152a68a53d6271f1d621,2589,36,42,292,340,674.3359375,704.70526315789471,0.5703125,0.72105263157894739,False,row2_col1,512,380,0,66
2590,2885157,aaa015ca6a44f303044cb7bf,2590,37,24,300,196,783.8046875,408.55702917771879,0.5859375,0.34217506631299732,False,row1_col1,512,377,0,67
2591,1201316,51dbbd7c11fe090443b43b07,2591,36,18,292,148,747.046875,303.25587467362925,0.5703125,0.21932114882506529,False,row0_col1,512,383,0,64
2592,1746393,a037fe56d4697f5f86f87b22,2592,25,23,204,188,550.0703125,379.52645502645504,0.3984375,0.32010582010582012,False,row0_col1,512,378,0,67
2593,2213781,71189113f916283b21e2571b,2593,21,30,172,244,516.5234375,513.25806451612902,0.3359375,0.46774193548387094,False,row1_col1,512,372,0,70
2594,2152710,b082c61b6f6397804ebe9514,2594,6,36,52,292,246.0078125,619.46400000000006,0.1015625,0.59733333333333338,False,row1_col0,512,375,0,68
2595,1915750,246ad0c43ef94471a87d00f3,2595,38,45,308,364,805.3125,772.80481283422466,0.6015625,0.78877005347593587,False,row2_col1,512,374,0,69
2596,1468762,7d4e47ad65dc99387ba61cb2,2596,26,37,212,300,586.3671875,624.69315068493142,0.4140625,0.62191780821917808,False,row1_col1,512,365,0,73
2597,2325080,9a1ad63dc381c61153abcebd,2597,24,41,196,332,506.796875,694.49604221635889,0.3828125,0.70184696569920846,False,row2_col1,512,379,0,66
2598,1767438,15b75700160ecc173a4d52a1,2598,14,32,116,260,348.8046875,537.72000000000003,0.2265625,0.51200000000000001,False,row1_col0,512,375,0,68
2599,467882,7c41685bf488a58de2fe104b,2599,42,14,340,116,838.1171875,239.15789473684208,0.6640625,0.13157894736842105,False,row0_col1,512,380,0,66
2600,1836508,c3cb302619dac53bc3e9a2b8,2600,28,23,228,188,586.171875,404.36870026525196,0.4453125,0.32095490716180369,False,row0_col1,512,377,0,67
2601,2373579,2eebabfc2544e47701bed697,2601,11,31,92,252,301.1171875,535.99475065616798,0.1796875,0.49081364829396323,False,row1_col0,512,381,0,65
2602,1972938,bc5170b2dbd4e825a4bfa3ef,2602,10,43,84,348,274.3046875,736.4545454545455,0.1640625,0.74025974025974028,False,row2_col0,512,385,0,63
2603,2139914,e6a42e7bbe1942d90ee3b93f,2603,10,28,84,228,279.3046875,489.4666666666667,0.1640625,0.42666666666666669,False,row1_col0,512,375,0,68
2604,928502,b7e5c36b0fcc32f8da70f625,2604,54,43,436,348,1033.4921875,735.41081081081086,0.8515625,0.74864864864864866,False,row2_col2,512,370,0,71
2605,1702069,0acf69b3484e7f24b68c1255,2605,53,34,428,276,1063.0703125,570.54166666666674,0.8359375,0.55208333333333337,False,row1_col2,512,384,0,64
2606,2046002,7e205d3f86dfa2c6e030bdfc,2606,50,32,404,260,986.4453125,544.61417322834643,0.7890625,0.51181102362204722,False,row1_col2,512,381,0,65
2607,2913639,fede9202cd41f9fef004cc9a,2607,39,21,316,172,765.140625,360.62903225806451,0.6171875,0.27419354838709675,False,row0_col1,512,372,0,70
2608,2104640,e8abeda485644b2b7acbf9f4,2608,0,53,4,428,91.5390625,903.54330708661416,0.0078125,0.952755905511811,False,row2_col0,512,381,0,65
2609,2201937,25243d794ab291df05447bc6,2609,17,37,140,300,415.78125,631.61007957559673,0.2734375,0.61803713527851456,False,row1_col0,512,377,0,67
2610,1279953,105a0d805d335f73991581b8,2610,17,31,140,252,449.6953125,523.35078534031413,0.2734375,0.48952879581151831,False,row1_col0,512,382,0,65
2611,2053742,43a8d937bdc326d6174ea535,2611,46,25,372,204,945.0390625,431.53191489361706,0.7265625,0.36170212765957449,False,row1_col2,512,376,0,68
2612,669145,43ee58770e40e876f08e8074,2612,25,23,204,188,560.078125,372.13636363636363,0.3984375,0.31818181818181818,False,row0_col1,512,374,0,69
2613,2279333,5676e48fb1caa42ecdd07480,2613,37,30,300,244,717.8046875,514.0977443609022,0.5859375,0.47117794486215536,False,row1_col1,512,399,0,56
2614,1800341,5dcfc0e65ab4ebc09fc86fbe,2614,21,34,172,276,492.5546875,557.85164835164835,0.3359375,0.55494505494505497,False,row1_col1,512,364,0,74
2615,2107732,5d258a6d34f1b116ab308ce4,2615,20,37,164,300,461.0625,615.70212765957444,0.3203125,0.61702127659574468,False,row1_col0,512,376,0,68
2616,2230135,d81cb231e10288659e7909e8,2616,55,29,444,236,1099.703125,501.37984496124034,0.8671875,0.44961240310077522,False,row1_col2,512,387,0,62
2617,461266,89b989a81f1da592d59cc87b,2617,18,39,148,316,452.4375,675.82926829268285,0.2890625,0.66395663956639561,False,row1_col0,512,369,0,71
2618,1459687,462b47fa3de976e72a9b5115,2618,39,23,316,188,826.4609375,369.72727272727275,0.6171875,0.31818181818181818,False,row0_col1,512,374,0,69
2619,1656484,45b11473d4f5f125115c882f,2619,36,26,292,212,726.3359375,410.82105263157894,0.5703125,0.38421052631578945,False,row1_col1,512,380,0,66
2620,2615771,8a106526a24206c71ac97fc4,2620,27,39,220,316,556.0859375,666.64438502673795,0.4296875,0.66042780748663099,False,row1_col1,512,374,0,69
2621,2894371,603fbff3664fb22ba76787fc,2621,35,40,284,324,679.0390625,679.13821138211381,0.5546875,0.68563685636856364,False,row2_col1,512,369,0,71
2622,1907528,29967e147eb9c7a768964adf,2622,8,45,68,364,252.9609375,775.11671087533159,0.1328125,0.78779840848806371,False,row2_col0,512,377,0,67
2623,47225,077aa432a213e8c3b3f6523a,2623,57,33,460,268,1105.078125,571.81621621621616,0.8984375,0.53243243243243243,False,row1_col2,512,370,0,71
2624,660622,6257a4d8f1cbc9c83fba2d60,2624,14,18,116,148,348.8046875,312.39130434782612,0.2265625,0.20652173913043478,False,row0_col0,512,368,0,72
2625,510655,f5fa9934c3d9553bf163df86,2625,63,42,508,340,1196.3515625,711.05555555555554,0.9921875,0.72222222222222221,False,row2_col2,512,378,0,67
2626,1407381,4f1c77f5d121ab64501fbab2,2626,21,38,172,308,499.8828125,645.02688172043008,0.3359375,0.63978494623655913,False,row1_col1,512,372,0,70
2627,1608290,8595161ed5c1f96662a7e12e,2627,34,41,276,332,686.203125,685.19280205655525,0.5390625,0.69665809768637532,False,row2_col1,512,389,0,61
2628,2095668,df913345c4c2be5eeed41459,2628,52,40,420,324,1040.7265625,690.27461139896366,0.8203125,0.67616580310880825,False,row2_col2,512,386,0,63
2629,1951208,cbe7415bc3817302e0c76f2d,2629,40,23,324,188,821.296875,393.93023255813955,0.6328125,0.32558139534883723,False,row0_col1,512,387,0,62
2630,1109325,8d1384cdea9081ff9ee66728,2630,13,53,108,428,353.296875,906.60000000000002,0.2109375,0.95999999999999996,False,row2_col0,512,375,0,68
2631,1779080,68156206f643fb334d0eae7f,2631,8,22,68,180,229.953125,353.14864864864865,0.1328125,0.29459459459459458,False,row0_col0,512,370,0,71
2632,894215,b984b329871f0e84f5fd4de2,2632,7,20,60,164,225.6640625,329.33783783783781,0.1171875,0.25135135135135134,False,row0_col0,512,370,0,71
2633,948630,38e660db89e34c52bdd410d7,2633,22,38,180,308,517.1796875,649.03125,0.3515625,0.63541666666666663,False,row1_col1,512,384,0,64
2634,2110778,cb1ccdc8b44488333fc76f45,2634,58,20,468,164,1109.7265625,341.29133858267716,0.9140625,0.25984251968503935,False,row0_col2,512,381,0,65
2635,2868007,9dd6c00d22421262fb390d57,2635,39,12,316,100,815.4609375,200.71739130434781,0.6171875,0.076086956521739135,False,row0_col1,512,368,0,72
2636,2287246,9183cf46ec95f7416fc2cadd,2636,14,26,116,212,354.859375,438.0316622691293,0.2265625,0.38522427440633245,False,row1_col0,512,379,0,66
2637,1635958,f1b1a21a9d97d3eb8ef2a36a,2637,54,25,436,204,1082.640625,415.3795811518325,0.8515625,0.36387434554973824,False,row1_col2,512,382,0,65
2638,698804,88c4bf09a5d57231f89b045c,2638,52,38,420,308,1022.0859375,633.39999999999998,0.8203125,0.64000000000000001,False,row1_col2,512,375,0,68
2639,1264170,989a37c8050457fbad77b5fc,2639,42,40,340,324,832.109375,690.19512195121945,0.6640625,0.68563685636856364,False,row2_col1,512,369,0,71
2640,1291421,18b34aa0fc8c8af8138154fe,2640,29,18,236,148,632.796875,304.39130434782612,0.4609375,0.20652173913043478,False,row0_col1,512,368,0,72
2641,518693,b6168c3c6bcd1bd66bea8569,2641,37,40,300,324,754.6328125,694.01876675603216,0.5859375,0.6836461126005362,False,row2_col1,512,373,0,69
2642,2364688,583fd37185c66e5b35d4ad0d,2642,16,20,132,164,398.59375,334.7233502538071,0.2578125,0.26649746192893403,False,row0_col0,512,394,0,59
2643,1984177,152a6af5fd08ee8687052c5c,2643,49,26,396,212,969.3671875,454.584,0.7734375,0.38400000000000001,False,row1_col2,512,375,0,68
2644,2106647,5d258a6d34f1b116ab308ce4,2644,23,20,188,164,512.4375,324.531914893617,0.3671875,0.25531914893617019,False,row0_col1,512,376,0,68
2645,235882,7381cb78aaec6db422f04d3f,2645,42,37,340,300,855.8046875,624.92388451443571,0.6640625,0.61679790026246717,False,row1_col1,512,381,0,65
2646,2148061,a4df32cda65d6caec503e150,2646,29,27,236,220,588.1875,460.42553191489361,0.4609375,0.40425531914893614,False,row1_col1,512,376,0,68
2647,2710122,4d5d55e234be8f30903864ed,2647,42,41,340,332,849.796875,699.72340425531911,0.6640625,0.7021276595744681,False,row2_col1,512,376,0,68
2648,1386476,69ce82acc0f6112757b0f61b,2648,44,31,356,252,875.7109375,524.84054054054059,0.6953125,0.48918918918918919,False,row1_col2,512,370,0,71
2649,467806,7c41685bf488a58de2fe104b,2649,30,13,244,108,630.5546875,221.85263157894735,0.4765625,0.11052631578947368,False,row0_col1,512,380,0,66
2650,1328619,4a2e77ff95f9a40d8e136e34,2650,43,23,348,188,894.8125,391.59673024523158,0.6796875,0.31607629427792916,False,row0_col2,512,367,0,72
2651,604515,6aacc3e88c7b1fee9f8c4019,2651,35,37,284,300,739.8125,633.05221932114875,0.5546875,0.61618798955613574,False,row1_col1,512,383,0,64
2652,2123853,dc0b4ccd38f08660aa595e39,2652,13,33,108,268,318.765625,576.71503957783636,0.2109375,0.53298153034300788,False,row1_col0,512,379,0,66
2653,476519,7f3d7c6e6a7b6f584a7abbea,2653,39,21,316,172,812.140625,357.01030927835052,0.6171875,0.28350515463917525,False,row0_col1,512,388,0,62
2654,2385630,068d42fadee7759ebbad25c7,2654,30,27,244,220,665.3125,460.50523560209427,0.4765625,0.40575916230366493,False,row1_col1,512,382,0,65
2655,1928308,0493c50e4f0350b831275383,2655,52,49,420,396,1054.7265625,842.12468827930172,0.8203125,0.85037406483790523,False,row2_col2,512,401,0,55
2656,1918072,516089d2e2e2c9755fbd5142,2656,56,17,452,140,1088.2109375,294.75200000000001,0.8828125,0.192,False,row0_col2,512,375,0,68
2657,2926058,8e91dc5ebf61a30260770c9c,2657,42,23,340,188,822.796875,381.51063829787233,0.6640625,0.31914893617021278,False,row0_col1,512,376,0,68
2658,2238125,61b5465c722b8b833ec48621,2658,45,26,364,212,923.0546875,445.16890080428954,0.7109375,0.38337801608579086,False,row1_col2,512,373,0,69
2659,370665,cee542fc544d914ecb84340b,2659,41,31,332,252,820.1171875,524.41207349081355,0.6484375,0.49081364829396323,False,row1_col1,512,381,0,65
2660,1358520,e011d89cc836ba1aa1bc02a9,2660,56,42,452,340,1085.5703125,716.33695652173913,0.8828125,0.72826086956521741,False,row2_col2,512,368,0,72
2661,1259624,ef59d1cbf4b57d08ba6bcb44,2661,40,33,324,268,843.7890625,566.47905759162313,0.6328125,0.53141361256544506,False,row1_col1,512,382,0,65
2662,2275191,d25a12404a5aa914a7906fd6,2662,55,29,444,236,1093.4375,497.68085106382978,0.8671875,0.44680851063829785,False,row1_col2,512,376,0,68
2663,2198245,b7cc7826ac85ae8215b61101,2663,37,43,300,348,777.1875,741.33157894736837,0.5859375,0.74210526315789471,False,row2_col1,512,380,0,66
2664,2013011,d6dbdc0bd6330963f936dfc9,2664,19,29,156,236,435.2890625,490.26923076923077,0.3046875,0.44871794871794873,False,row1_col0,512,390,0,61
2665,2356660,87a418aeb28937346e884495,2665,52,22,420,180,1087.7265625,381.32061068702291,0.8203125,0.30788804071246817,False,row0_col2,512,393,0,59
2666,1133286,f882a0ca74adfbbded05504a,2666,38,43,308,348,784.7421875,739.32258064516134,0.6015625,0.74731182795698925,False,row2_col1,512,372,0,70
2667,1198455,aca91e96d9d3f5996c509b6c,2667,55,37,444,300,1098.640625,616.20588235294122,0.8671875,0.61764705882352944,False,row1_col2,512,374,0,69
2668,989046,cd0de5b2186c92b842b4814a,2668,54,29,436,236,1089.421875,482.48412698412699,0.8515625,0.44708994708994709,False,row1_col2,512,378,0,67
2669,2235299,27299ddb09d845cec194fcb0,2669,35,46,284,372,735.828125,784.06896551724139,0.5546875,0.80901856763925728,False,row2_col1,512,377,0,67
2670,1562945,69c3ab131f3d9924a0893b68,2670,1,37,12,300,162.015625,618.05660377358492,0.0234375,0.61994609164420489,False,row1_col0,512,371,0,70
2671,451229,df25d625c991e5e7eb0f6dc4,2671,29,10,236,84,621.5625,161.21951219512195,0.4609375,0.035230352303523033,False,row0_col1,512,369,0,71
2672,2435971,28b53dd19c8f65de13e95cab,2672,3,46,28,372,180.9375,792.93850267379685,0.0546875,0.81016042780748665,False,row2_col0,512,374,0,69
2673,1051436,fa0627dfc5562d2d1ffb7450,2673,44,44,356,356,888.1015625,745.89784946236557,0.6953125,0.76881720430107525,False,row2_col2,512,372,0,70
2674,1780202,68156206f643fb334d0eae7f,2674,42,39,340,316,821.765625,649.04054054054052,0.6640625,0.66216216216216217,False,row1_col1,512,370,0,71
2675,2045932,7e205d3f86dfa2c6e030bdfc,2675,44,31,356,252,883.9765625,527.52230971128608,0.6953125,0.49081364829396323,False,row1_col2,512,381,0,65
2676,1836936,c3cb302619dac53bc3e9a2b8,2676,8,30,68,244,244.296875,523.9442970822281,0.1328125,0.46949602122015915,False,row1_col0,512,377,0,67
2677,2221658,442850a2087d62c7e9453fcd,2677,26,25,212,204,593.8125,423.73118279569894,0.4140625,0.36021505376344087,False,row1_col1,512,372,0,70
2678,1926803,0493c50e4f0350b831275383,2678,19,26,156,212,482.8984375,443.84039900249377,0.3046875,0.39152119700748128,False,row1_col0,512,401,0,55
2679,1501483,98b721a6ed7b9a91ce5e0586,2679,43,36,348,292,844.734375,617.84000000000003,0.6796875,0.59733333333333338,False,row1_col2,512,375,0,68
2680,1665570,06a76bf899fbda6d8aa83969,2680,34,40,276,324,708.203125,672.531914893617,0.5390625,0.68085106382978722,False,row2_col1,512,376,0,68
2681,1256141,cfe68510ca15cd1473d0ef71,2681,13,43,108,348,323.296875,728.28571428571433,0.2109375,0.73469387755102045,False,row2_col0,512,392,0,60
2682,755127,7fa802d5b3d7b7590197ff36,2682,55,22,444,180,1051.640625,382.49729729729728,0.8671875,0.29459459459459458,False,row0_col2,512,370,0,71
2683,1217798,fa425b55ae4649a7440cdfd7,2683,6,20,52,164,218.921875,328.73262032085563,0.1015625,0.25401069518716579,False,row0_col0,512,374,0,69
2684,1287261,e366b8893ee234784cfdf96a,2684,29,17,236,140,641.6328125,279.0577889447236,0.4609375,0.20854271356783918,False,row0_col1,512,398,0,57
2685,2259562,0ec02acd088fff4c4bbe590f,2685,42,41,340,332,875.8046875,711.78016085790887,0.6640625,0.70509383378016088,False,row2_col1,512,373,0,69
2686,2587188,78320b73d7e5345b4fe8afe9,2686,52,40,420,324,991.7265625,693.946949602122,0.8203125,0.6816976127320955,False,row2_col2,512,377,0,67
2687,1964664,f93c3ed6d29f639d27608bfa,2687,56,41,452,332,1066.2109375,708.59541984732823,0.8828125,0.69465648854961837,False,row2_col2,512,393,0,59
2688,1198384,aca91e96d9d3f5996c509b6c,2688,48,36,388,292,978.109375,598.98663101604279,0.7578125,0.59625668449197866,False,row1_col2,512,374,0,69
2689,99832,173abf95d04f926226332be8,2689,56,23,452,188,1074.3359375,383.82493368700261,0.8828125,0.32095490716180369,False,row0_col2,512,377,0,67
2690,2213241,71189113f916283b21e2571b,2690,57,21,460,172,1133.5859375,358.80645161290317,0.8984375,0.27419354838709675,False,row0_col2,512,372,0,70
2691,1296723,e926571edbf8ab4ef6827bb2,2691,19,37,156,300,446.859375,634.89405684754513,0.3046875,0.61498708010335912,False,row1_col0,512,387,0,62
2692,1947154,9ac9ebb9578650063235ec30,2692,18,24,148,196,411.6796875,414.30026109660577,0.2890625,0.34464751958224543,False,row1_col0,512,383,0,64
2693,2103144,e8abeda485644b2b7acbf9f4,2693,40,29,324,236,774.6640625,493.33858267716533,0.6328125,0.44881889763779526,False,row1_col1,512,381,0,65
2694,2242283,c685b4a491f88fc79b166eaa,2694,43,27,348,220,902.578125,471.67199999999997,0.6796875,0.40533333333333332,False,row1_col2,512,375,0,68
2695,2262893,cdff67add7326ebbbabf8a48,2695,45,29,364,236,897.03125,501.11506849315066,0.7109375,0.44657534246575342,False,row1_col2,512,365,0,73
2696,1920285,516089d2e2e2c9755fbd5142,2696,29,52,236,420,624.5703125,896.56533333333334,0.4609375,0.93866666666666665,False,row2_col1,512,375,0,68
2697,1902670,73937759020f473dae5c179a,2697,14,33,116,268,327.6328125,560.71503957783636,0.2265625,0.53298153034300788,False,row1_col0,512,379,0,66
2698,1895578,1d12ec902c3113b35c317ef8,2698,26,50,212,404,573.984375,853.37467018469658,0.4140625,0.89182058047493407,False,row2_col1,512,379,0,66
2699,2615922,8a106526a24206c71ac97fc4,2699,50,41,404,332,951.7578125,701.0828877005348,0.7890625,0.70320855614973266,False,row2_col2,512,374,0,69
2700,2123541,dc0b4ccd38f08660aa595e39,2700,21,28,172,228,455.515625,491.22691292875987,0.3359375,0.42744063324538256,False,row1_col1,512,379,0,66
2701,2639952,e529d504569d28a662f4d013,2701,16,33,132,268,405.109375,558.32887700534764,0.2578125,0.53208556149732622,False,row1_col0,512,374,0,69
2702,1885639,c7f35be6760fdb85307e2d49,2702,7,23,60,188,235.5546875,400.2340425531915,0.1171875,0.31914893617021278,False,row0_col0,512,376,0,68
2703,2807945,8add5feca183d695007a94e7,2703,9,34,76,276,276.171875,581.26086956521749,0.1484375,0.55434782608695654,False,row1_col0,512,368,0,72
2704,235655,7381cb78aaec6db422f04d3f,2704,7,34,60,276,254.7890625,573.45931758530185,0.1171875,0.5538057742782152,False,row1_col0,512,381,0,65
2705,1009781,b36b70847afb10b7d1772c50,2705,53,33,428,268,1042.203125,560.84126984126988,0.8359375,0.53174603174603174,False,row1_col2,512,378,0,67
2706,715374,dd4ad461de197a243a121525,2706,46,41,372,332,934.9453125,686.53926701570674,0.7265625,0.69895287958115182,False,row2_col2,512,382,0,65
2707,1600013,23a5cec8b53655a008a5043b,2707,13,40,108,324,311.1953125,673.70994475138116,0.2109375,0.68784530386740328,False,row2_col0,512,362,0,75
2708,1058215,85585001e772ec3cedc01ff3,2708,39,22,316,180,842.140625,367.43478260869568,0.6171875,0.29347826086956524,False,row0_col1,512,368,0,72
2709,1287575,e366b8893ee234784cfdf96a,2709,23,22,188,180,536.3515625,366.7964824120603,0.3671875,0.30904522613065327,False,row0_col1,512,398,0,57
2710,2656836,3f0b56e3daead59ea51a5d24,2710,4,41,36,332,213.8359375,700.96875,0.0703125,0.69791666666666663,False,row2_col0,512,384,0,64
2711,2557084,2f3e9ad50350b43cdcf05159,2711,28,18,228,148,568.9609375,301.19788918205802,0.4453125,0.21635883905013192,False,row0_col1,512,379,0,66
2712,1943818,8ce9e51dbad44f0e4107d965,2712,10,36,84,292,264.9765625,618.76902887139113,0.1640625,0.59580052493438318,False,row1_col0,512,381,0,65
2713,1194801,e2d24e5a47106bd7023a7d65,2713,49,44,396,356,971.3828125,758.12732095490719,0.7734375,0.76657824933687002,False,row2_col2,512,377,0,67
2714,1616438,83857231f379f6809fc9639f,2714,54,40,436,324,1092.234375,683.89560439560444,0.8515625,0.68681318681318682,False,row2_col2,512,364,0,74
2715,554335,970a0e63436f260f3c624f80,2715,31,21,252,172,676.8359375,357.22950819672133,0.4921875,0.27049180327868855,False,row0_col1,512,366,0,73
2716,1841883,220c8ee1c69449f9af0ae7f1,2716,27,43,220,348,542.515625,749.63541666666674,0.4296875,0.73958333333333337,False,row2_col1,512,384,0,64
2717,1815737,025ca213a8b93a50670ce0b0,2717,57,18,460,148,1127.671875,301.47120418848169,0.8984375,0.21727748691099477,False,row0_col2,512,382,0,65
2718,1219207,fa425b55ae4649a7440cdfd7,2718,7,42,60,340,236.140625,708.02673796791441,0.1171875,0.72459893048128343,False,row2_col0,512,374,0,69
2719,1829593,8edb3f5616a73b2e02e42c87,2719,25,43,204,348,539.8671875,733.25133689839572,0.3984375,0.74598930481283421,False,row2_col1,512,374,0,69
2720,1001949,537b9f873acf48eb2022de16,2720,29,39,236,316,625.953125,650.5,0.4609375,0.65789473684210531,False,row1_col1,512,380,0,66
2721,2230512,d81cb231e10288659e7909e8,2721,48,35,388,284,980.046875,603.82945736434112,0.7578125,0.5736434108527132,False,row1_col2,512,387,0,62
2722,226666,40471d6b4d3d450e63bc3466,2722,42,21,340,172,838.4296875,344.125,0.6640625,0.28125,False,row0_col1,512,384,0,64
2723,641365,b7efa09397f24e9b80cb6758,2723,21,37,172,300,466.5625,632.09793814432999,0.3359375,0.61340206185567014,False,row1_col1,512,388,0,62
2724,1690336,adea380903a21f32cbcdb240,2724,32,43,260,348,673.6875,708.8125,0.5078125,0.73958333333333337,False,row2_col1,512,384,0,64
2725,2401915,e23c7263422caa21794c6b96,2725,59,25,476,204,1156.8671875,424.57142857142856,0.9296875,0.36243386243386244,False,row1_col2,512,378,0,67
2726,1962040,f93c3ed6d29f639d27608bfa,2726,56,0,452,4,1066.2109375,5.022900763358777,0.8828125,-0.13994910941475827,True,padding_center,512,393,0,59
2727,1059157,85585001e772ec3cedc01ff3,2727,21,37,172,300,532.203125,625.695652173913,0.3359375,0.61956521739130432,False,row1_col1,512,368,0,72
2728,2360930,a17fa7ec81831aabb30abf4e,2728,34,25,276,204,783.3515625,431.53191489361706,0.5390625,0.36170212765957449,False,row1_col1,512,376,0,68
2729,2328438,45bfb62d2b8a12a9724eb563,2729,54,29,436,236,1030.609375,498.86206896551727,0.8515625,0.44827586206896552,False,row1_col2,512,377,0,67
2730,2914705,fede9202cd41f9fef004cc9a,2730,17,38,140,308,386.328125,653.4677419354839,0.2734375,0.63978494623655913,False,row1_col0,512,372,0,70
2731,2218811,edb01c151c563bb82cc5df9d,2731,59,44,476,356,1138.078125,755.09549071618039,0.9296875,0.76657824933687002,False,row2_col2,512,377,0,67
2732,71077,48ce223cf3f0cef91d4f9d9c,2732,37,22,300,180,771.046875,378.29589041095892,0.5859375,0.29315068493150687,False,row0_col1,512,365,0,73
2733,2847452,62d6d7251de0b9863368086e,2733,28,11,228,92,617.9609375,182.60752688172045,0.4453125,0.059139784946236562,False,row0_col1,512,372,0,70
2734,2128175,e74d21355c7851af07172a36,2734,47,36,380,292,898.6640625,616.31266846361177,0.7421875,0.59838274932614555,False,row1_col2,512,371,0,70
2735,2139661,e6a42e7bbe1942d90ee3b93f,2735,13,24,108,196,330.8203125,420.77333333333331,0.2109375,0.34133333333333332,False,row1_col0,512,375,0,68
2736,1051248,fa0627dfc5562d2d1ffb7450,2736,48,41,388,332,957.4140625,693.96236559139788,0.7578125,0.70430107526881724,False,row2_col2,512,372,0,70
2737,2094514,df913345c4c2be5eeed41459,2737,50,22,404,180,1006.0703125,378.39896373056996,0.7890625,0.30310880829015546,False,row0_col2,512,386,0,63
2738,1832658,efab8b57a05312e6e2d6ff9c,2738,18,27,148,220,380.6796875,461.37532808398947,0.2890625,0.40682414698162728,False,row1_col0,512,381,0,65
2739,923889,b7567bf06817bd7baf211db1,2739,49,35,396,284,970.328125,594.31914893617022,0.7734375,0.57446808510638303,False,row1_col2,512,376,0,68
2740,1296947,e926571edbf8ab4ef6827bb2,2740,51,40,412,324,1007.859375,687.42118863049097,0.8046875,0.67700258397932822,False,row2_col2,512,387,0,62
2741,399730,27e6733bbab4a1b0477f8b26,2741,50,37,404,300,982.4921875,632.66226912928755,0.7890625,0.61741424802110823,False,row1_col2,512,379,0,66
2742,562810,83ce9a3b86c3675c94925a4e,2742,58,25,468,204,1147.6953125,424.97311827956992,0.9140625,0.36021505376344087,False,row1_col2,512,372,0,70
2743,1378545,2c3f234377604e8dcb2d2a73,2743,49,35,396,284,959.1953125,592.56521739130437,0.7734375,0.57608695652173914,False,row1_col2,512,368,0,72
2744,1180700,c2d577dad4e3bb69b38f6b0d,2744,28,16,228,132,582.1875,257.063829787234,0.4453125,0.1702127659574468,False,row0_col1,512,376,0,68
2745,2550329,b672bab83cdd2e2fd3e3b92b,2745,57,40,460,324,1119.5703125,671.03664921465963,0.8984375,0.67801047120418845,False,row2_col2,512,382,0,65
2746,333191,587b74bfc019c7be94717f25,2746,7,22,60,180,228.6640625,362.51612903225805,0.1171875,0.29569892473118281,False,row0_col0,512,372,0,70
2747,2107414,5d258a6d34f1b116ab308ce4,2747,22,32,180,260,495.3125,530.063829787234,0.3515625,0.51063829787234039,False,row1_col1,512,376,0,68
2748,2217616,edb01c151c563bb82cc5df9d,2748,16,26,132,212,403.046875,447.61538461538464,0.2578125,0.38461538461538464,False,row1_col0,512,377,0,67
2749,2734454,af97ad278b11dd6829adda17,2749,54,37,436,300,1018.6796875,629.69315068493142,0.8515625,0.62191780821917808,False,row1_col2,512,365,0,73
2750,75705,53fb6371aca16bd9381723b1,2750,57,30,460,244,1103.265625,514.05804749340371,0.8984375,0.46965699208443273,False,row1_col2,512,379,0,66
2751,2623499,2ee1148cf2bfb979a3c11be3,2751,11,32,92,260,297.8125,535.26829268292681,0.1796875,0.51219512195121952,False,row1_col0,512,369,0,71
2752,2075397,8e28fe67259d0c825fe1bd0b,2752,5,44,44,356,166.6171875,761.98457583547565,0.0859375,0.75835475578406175,False,row2_col0,512,389,0,61
2753,2459077,57c1f270dff8706bef20031f,2753,5,23,44,188,220.390625,395.66666666666663,0.0859375,0.31720430107526881,False,row0_col0,512,372,0,70
2754,1894279,1d12ec902c3113b35c317ef8,2754,7,30,60,244,249.203125,511.4221635883905,0.1171875,0.46965699208443273,False,row1_col0,512,379,0,66
2755,2704102,36bbd488b40fa9d32e6c7611,2755,38,11,308,92,799.328125,189.69973190348526,0.6015625,0.061662198391420911,False,row0_col1,512,373,0,69
2756,1546541,76906f430110ea676ee84663,2756,45,36,364,292,905.4296875,612.936170212766,0.7109375,0.5957446808510638,False,row1_col2,512,376,0,68
2757,161850,d60c6fc93e9eed8f0286cc7b,2757,58,32,468,260,1144.4375,550.26415094339632,0.9140625,0.5121293800539084,False,row1_col2,512,371,0,70
2758,399753,27e6733bbab4a1b0477f8b26,2758,9,38,76,308,273.3203125,649.94986807387863,0.1484375,0.63852242744063326,False,row1_col0,512,379,0,66
2759,2415221,02b8d585b96bf351d6297716,2759,53,41,428,332,1032.515625,690.27906976744191,0.8359375,0.69767441860465118,False,row2_col2,512,387,0,62
2760,1853266,f06dd4b0ff466537119cc2af,2760,18,29,148,236,418.8125,497.2043010752688,0.2890625,0.44623655913978494,False,row1_col0,512,372,0,70
2761,2070602,f4df64b5ff783c747eb82df3,2761,10,33,84,268,331.3046875,572.86666666666667,0.1640625,0.53333333333333333,False,row1_col0,512,375,0,68
2762,1885901,c7f35be6760fdb85307e2d49,2762,13,27,108,220,338.3984375,468.82978723404256,0.2109375,0.40425531914893614,False,row1_col0,512,376,0,68
2763,1893990,1d12ec902c3113b35c317ef8,2763,38,25,308,204,779.109375,425.93403693931401,0.6015625,0.36411609498680741,False,row1_col1,512,379,0,66
2764,2435252,28b53dd19c8f65de13e95cab,2764,52,34,420,276,1020.0625,587.3342245989304,0.8203125,0.553475935828877,False,row1_col2,512,374,0,69
2765,2148423,a4df32cda65d6caec503e150,2765,7,33,60,268,211.4375,563.19148936170211,0.1171875,0.53191489361702127,False,row1_col0,512,376,0,68
2766,337315,d97ecfbcd8824d84ea5eae90,2766,35,22,284,180,704.25,372.72375690607737,0.5546875,0.29005524861878451,False,row0_col1,512,362,0,75
2767,907975,97a12b10cd4059a0d96d7b1c,2767,7,43,60,348,263.609375,725.2102425876011,0.1171875,0.74932614555256061,False,row2_col0,512,371,0,70
2768,2189382,57d3f410b6fcba2a57bda29d,2768,6,33,52,268,246.328125,571.51187335092345,0.1015625,0.53298153034300788,False,row1_col0,512,379,0,66
2769,1698058,bcf903efa792910c09f1c106,2769,10,36,84,292,280.4375,582.83471074380168,0.1640625,0.60055096418732778,False,row1_col0,512,363,0,74
2770,1288839,e366b8893ee234784cfdf96a,2770,7,42,60,340,255.6015625,717.75125628140711,0.1171875,0.71105527638190957,False,row2_col0,512,398,0,57
2771,2554056,d51f5564f4e76c5f59463abb,2771,8,35,68,284,275.6875,590.38541666666663,0.1328125,0.57291666666666663,False,row1_col0,512,384,0,64
2772,460869,89b989a81f1da592d59cc87b,2772,5,33,44,268,226.5625,571.63414634146341,0.0859375,0.53387533875338755,False,row1_col0,512,369,0,71
2773,730804,baa55f7c3696feb74db32bba,2773,52,26,420,212,1030.265625,439.49868073878628,0.8203125,0.38522427440633245,False,row1_col2,512,379,0,66
2774,136830,881f100f483a5ad2641f7dd5,2774,62,25,500,204,1206.0546875,422.17534246575343,0.9765625,0.35890410958904112,False,row1_col2,512,365,0,73
2775,1055067,f8d5bac9c8363fd36181c874,2775,27,37,220,300,631.109375,632.79508196721315,0.4296875,0.6202185792349727,False,row1_col1,512,366,0,73
2776,2558320,2f3e9ad50350b43cdcf05159,2776,48,37,388,300,914.8984375,629.66226912928755,0.7578125,0.61741424802110823,False,row1_col2,512,379,0,66
2777,2131351,830ee1acd4627b4aa99fcc61,2777,23,22,188,180,523.4375,377.67098445595855,0.3671875,0.30310880829015546,False,row0_col1,512,386,0,63
2778,1194511,e2d24e5a47106bd7023a7d65,2778,15,40,124,324,379.0390625,688.35543766578246,0.2421875,0.6816976127320955,False,row2_col0,512,377,0,67
2779,2671516,6c1df3cf7ff28325175c51f9,2779,28,14,228,116,639.9609375,237.54301075268819,0.4453125,0.12365591397849462,False,row0_col1,512,372,0,70
2780,276264,25b175f8a0414b88adf3bbf2,2780,40,28,324,228,819.890625,479.60000000000002,0.6328125,0.42666666666666669,False,row1_col1,512,375,0,68
2781,2353798,47ecb67f20914fe9324d2108,2781,6,42,52,340,229.9375,717.06896551724139,0.1015625,0.72413793103448276,False,row2_col0,512,377,0,67
2782,2738524,5f992fdd05552118b4d67202,2782,28,37,228,300,619.296875,626.51771117166209,0.4453125,0.62125340599455037,False,row1_col1,512,367,0,72
2783,2165339,37c49f476ea9c80e5566cd34,2783,27,41,220,332,556.3671875,704.85714285714289,0.4296875,0.70105820105820105,False,row2_col1,512,378,0,67
2784,1128618,802b8776e6e8022705bfa739,2784,42,34,340,276,819.4296875,569.6700767263427,0.6640625,0.55242966751918154,False,row1_col1,512,391,0,60
2785,218246,d1458cc139bf5041872709d8,2785,6,18,52,148,194.9375,308.2421052631579,0.1015625,0.21578947368421053,False,row0_col0,512,380,0,66
2786,103655,2f242eafe4e64dd1538bc0df,2786,39,19,316,156,774.4609375,320.01351351351354,0.6171875,0.22972972972972974,False,row0_col1,512,370,0,71
2787,2743023,f1ca105fe73c64e1d617894e,2787,47,43,380,348,935.890625,721.19148936170211,0.7421875,0.74468085106382975,False,row2_col2,512,376,0,68
2788,2439657,4b2934de204003644e1cf7cc,2788,41,39,332,316,870.3359375,668.38709677419354,0.6484375,0.66129032258064513,False,row1_col1,512,372,0,70
2789,398697,27e6733bbab4a1b0477f8b26,2789,41,21,332,172,826.8203125,356.06068601583115,0.6484375,0.27968337730870713,False,row0_col1,512,379,0,66
2790,2549587,b672bab83cdd2e2fd3e3b92b,2790,19,29,156,236,462.2890625,480.75392670157066,0.3046875,0.44764397905759162,False,row1_col0,512,382,0,65
2791,1853519,f06dd4b0ff466537119cc2af,2791,15,33,124,268,367.4375,565.67741935483866,0.2421875,0.532258064516129,False,row1_col0,512,372,0,70
2792,2131513,830ee1acd4627b4aa99fcc61,2792,57,24,460,196,1105.6875,411.95077720207252,0.8984375,0.34455958549222798,False,row1_col2,512,386,0,63
2793,993525,da9443ca80beecb493467926,2793,53,35,428,284,1025.0546875,611.81266490765165,0.8359375,0.57519788918205805,False,row1_col2,512,379,0,66
2794,2062791,0e2145f7a61e9d7634649dca,2794,7,39,60,316,216.203125,676.86178861788619,0.1171875,0.66395663956639561,False,row1_col0,512,369,0,71
2795,1210852,e98f1317607860c501b2cee1,2795,36,39,292,316,786.765625,664.2374670184696,0.5703125,0.65963060686015829,False,row1_col1,512,379,0,66
2796,1370445,1b4772939ca9ecd9e08d219a,2796,13,37,108,300,321.5625,630.64210526315787,0.2109375,0.61578947368421055,False,row1_col0,512,380,0,66
2797,256492,389705dbbfe69bc29265ddd8,2797,44,39,356,316,913.1015625,658.39189189189187,0.6953125,0.66216216216216217,False,row1_col2,512,370,0,71
2798,2718393,f6a612467fd1531566860d2f,2798,57,42,460,340,1129.7578125,708.59733333333338,0.8984375,0.72533333333333339,False,row2_col2,512,375,0,68
2799,1980503,17686a11fc83b9f929d8d85e,2799,23,33,188,268,564.4375,568.67741935483866,0.3671875,0.532258064516129,False,row1_col1,512,372,0,70
2800,2368848,fe666fef2b8871f5528589d3,2800,16,21,132,172,466.046875,375.78036175710594,0.2578125,0.2842377260981912,False,row0_col0,512,387,0,62
2801,1317173,e7c724e78fb9d4020c4926bf,2801,53,36,428,292,1023.3828125,603.43513513513517,0.8359375,0.5972972972972973,False,row1_col2,512,370,0,71
2802,2106732,5d258a6d34f1b116ab308ce4,2802,44,21,356,172,872.0625,341.65957446808511,0.6953125,0.27659574468085107,False,row0_col2,512,376,0,68
2803,1123359,0b623855dc284fbf3963690c,2803,31,16,252,132,672.8515625,273.05675675675673,0.4921875,0.16486486486486487,False,row0_col1,512,370,0,71
2804,1440516,4d84e8bbae7d2af42353df02,2804,4,44,36,356,143.1875,743.82758620689651,0.0703125,0.76657824933687002,False,row2_col0,512,377,0,67
2805,1325134,37365c15acdfe8cb778d226d,2805,14,33,116,268,367.671875,562.33870967741927,0.2265625,0.532258064516129,False,row1_col0,512,372,0,70
2806,1070561,7c0723e796cc05b0a21cce5f,2806,33,23,268,188,667.828125,393.70810810810809,0.5234375,0.31621621621621621,False,row0_col1,512,370,0,71
2807,2409432,4353ce725c8d749885d3c4b7,2807,24,15,196,124,485.5625,252.2421052631579,0.3828125,0.15263157894736842,False,row0_col1,512,380,0,66
2808,669033,43ee58770e40e876f08e8074,2808,41,21,332,172,835.578125,337.69786096256684,0.6484375,0.27540106951871657,False,row0_col1,512,374,0,69
2809,402975,76884f70ebe18c8dbf09d6a5,2809,31,24,252,196,630.296875,407.9460154241645,0.4921875,0.34704370179948585,False,row1_col1,512,389,0,61
2810,629167,63f23e2fc4a87e66536e23d3,2810,47,38,380,308,956.3125,648.86920980926425,0.7421875,0.64305177111716616,False,row1_col2,512,367,0,72
2811,2291768,8430cec5bf6a0ee7d4c4b34e,2811,56,32,452,260,1121.9140625,537.61741424802108,0.8828125,0.51187335092348285,False,row1_col2,512,379,0,66
2812,2472414,e9b79f16d364e3a2fa877ce7,2812,30,39,244,316,643.171875,659.08108108108104,0.4765625,0.66216216216216217,False,row1_col1,512,370,0,71
2813,1223130,e18500f9d7040f601d0fb801,2813,26,39,212,316,560.296875,661.08108108108104,0.4140625,0.66216216216216217,False,row1_col1,512,370,0,71
2814,2418452,e13e69b4c17cd750194fa4bb,2814,20,28,164,228,478.0234375,482.97911227154043,0.3203125,0.42819843342036551,False,row1_col0,512,383,0,64
2815,2734090,af97ad278b11dd6829adda17,2815,10,32,84,260,257.6171875,543.22739726027396,0.1640625,0.51232876712328768,False,row1_col0,512,365,0,73
2816,2016847,5ab20c40b2d117b504740ca4,2816,15,25,124,204,376.890625,433.78201634877382,0.2421875,0.35967302452316074,False,row1_col0,512,367,0,72
2817,2366246,583fd37185c66e5b35d4ad0d,2817,38,44,308,356,776.71875,747.47461928934013,0.6015625,0.75380710659898476,False,row2_col1,512,394,0,59
2818,481721,630be0f098a5ec263bec1d35,2818,57,38,460,308,1122.5703125,641.98704663212436,0.8984375,0.63471502590673579,False,row1_col2,512,386,0,63
2819,2201512,25243d794ab291df05447bc6,2819,40,30,324,244,811.09375,511.29177718832892,0.6328125,0.46949602122015915,False,row1_col1,512,377,0,67
2820,322406,f228eee20ee0df690a4e51b6,2820,38,45,308,364,784.1328125,780.90374331550811,0.6015625,0.78877005347593587,False,row2_col1,512,374,0,69
2821,2634399,ee0789a261852bef9369707a,2821,31,10,252,84,686.359375,171.22641509433961,0.4921875,0.037735849056603772,False,row0_col1,512,371,0,70
2822,297159,c51f2c5c0ba8d30ffdf961eb,2822,7,35,60,284,257.7265625,599.59016393442619,0.1171875,0.57650273224043713,False,row1_col0,512,366,0,73
2823,30621,a108220fc21cc09e9e4400ef,2823,29,30,236,244,644.9453125,497.875,0.4609375,0.46875,False,row1_col1,512,384,0,64
2824,2177639,e3ecaf99c788239f18c8a991,2824,39,41,316,332,773.0546875,699.44240837696339,0.6171875,0.69895287958115182,False,row2_col1,512,382,0,65
2825,2088091,eb0351acb0beefb86ab98462,2825,27,50,220,404,578.3671875,854.36170212765956,0.4296875,0.8936170212765957,False,row2_col1,512,376,0,68
2826,1595593,966b649722faf3cd9026b729,2826,9,35,76,284,292.6171875,564.16666666666674,0.1484375,0.57407407407407407,False,row1_col0,512,378,0,67
2827,165744,17ee0869be7e617b235e6587,2827,48,29,388,236,966.8984375,486.27248677248679,0.7578125,0.44708994708994709,False,row1_col2,512,378,0,67
2828,2427491,07487879b83ab8bf265d8c1f,2828,35,41,284,332,768.6015625,718.40616966580978,0.5546875,0.69665809768637532,False,row2_col1,512,389,0,61
2829,2386154,068d42fadee7759ebbad25c7,2829,42,35,340,284,870.8125,597.38481675392666,0.6640625,0.57329842931937169,False,row1_col1,512,382,0,65
2830,2079335,f90b9ab0071176524a75e54f,2830,39,41,316,332,770.4375,708.04450261780107,0.6171875,0.69895287958115182,False,row2_col1,512,382,0,65
2831,2352442,47ecb67f20914fe9324d2108,2831,58,20,468,164,1133.4375,334.72413793103448,0.9140625,0.2572944297082228,False,row0_col2,512,377,0,67
2832,1284677,c334dd8d45005b5a85e577b3,2832,5,41,44,332,196.8203125,692.25063291139247,0.0859375,0.6936708860759494,False,row2_col0,512,395,0,58
2833,2426504,07487879b83ab8bf265d8c1f,2833,8,26,68,212,304.9609375,460.51413881748073,0.1328125,0.38817480719794345,False,row1_col0,512,389,0,61
2834,538841,334d09cec1e33736f5ceeeae,2834,25,35,204,284,552.671875,601.99224806201551,0.3984375,0.5736434108527132,False,row1_col1,512,387,0,62
2835,2667073,dbf09619c576033279939c88,2835,1,9,12,76,129.828125,151.67015706806282,0.0234375,0.028795811518324606,False,row0_col0,512,382,0,65
2836,856918,5a18d7e0e87db7400eaa225c,2836,22,13,180,108,498.8828125,209.23118279569894,0.3515625,0.10215053763440861,False,row0_col1,512,372,0,70
2837,2103573,e8abeda485644b2b7acbf9f4,2837,21,36,172,292,450.1796875,612.98162729658793,0.3359375,0.59580052493438318,False,row1_col1,512,381,0,65
2838,1500612,98b721a6ed7b9a91ce5e0586,2838,4,23,36,188,170.765625,393.19999999999999,0.0703125,0.32000000000000001,False,row0_col0,512,375,0,68
2839,2817474,3610a7a8fae8831f175ef8a6,2839,2,55,20,444,153.046875,952,0.0390625,1,True,padding_center,512,376,0,68
2840,2401507,e23c7263422caa21794c6b96,2840,35,19,284,156,745.4921875,321.71428571428567,0.5546875,0.23544973544973544,False,row0_col1,512,378,0,67
2841,2078433,f90b9ab0071176524a75e54f,2841,33,27,268,220,667.6875,468.50523560209427,0.5234375,0.40575916230366493,False,row1_col1,512,382,0,65
2842,2701932,0a3535e7cb0948b575c9ea8e,2842,44,41,356,332,923.1875,694.55641025641023,0.6953125,0.69487179487179485,False,row2_col2,512,390,0,61
2843,1800094,5dcfc0e65ab4ebc09fc86fbe,2843,30,30,244,244,648.5078125,488.48901098901098,0.4765625,0.46703296703296704,False,row1_col1,512,364,0,74
2844,2152965,b082c61b6f6397804ebe9514,2844,5,40,44,324,228.9296875,687.81600000000003,0.0859375,0.68266666666666664,False,row2_col0,512,375,0,68
2845,2852884,069b4f28705cc7284f44ae3b,2845,20,32,164,260,462.984375,544.61702127659578,0.3203125,0.51063829787234039,False,row1_col0,512,376,0,68
2846,350292,e1c9abec502219412e89243a,2846,20,33,164,268,457.5859375,556.53168044077131,0.3203125,0.53443526170798894,False,row1_col0,512,363,0,74
2847,408022,f7464ed5a8656ac375a0fb2d,2847,22,39,180,316,540.9375,671.22070844686652,0.3515625,0.66485013623978206,False,row1_col1,512,367,0,72
2848,2410088,4353ce725c8d749885d3c4b7,2848,40,25,324,204,759.5625,423.61052631578951,0.6328125,0.36315789473684212,False,row1_col1,512,380,0,66
2849,2214881,71189113f916283b21e2571b,2849,33,47,268,380,722.2109375,805,0.5234375,0.83333333333333337,False,row2_col1,512,372,0,70
2850,1972388,bc5170b2dbd4e825a4bfa3ef,2850,36,34,292,276,720.7734375,581.9818181818182,0.5703125,0.55324675324675321,False,row1_col1,512,385,0,63
2851,2222384,442850a2087d62c7e9453fcd,2851,48,36,388,292,970.5625,612.0322580645161,0.7578125,0.59677419354838712,False,row1_col2,512,372,0,70
2852,1227422,76697c1a28dd3ef624fb0471,2852,30,42,244,340,648.5078125,718.27520435967301,0.4765625,0.73024523160762944,False,row2_col1,512,367,0,72
2853,989816,cd0de5b2186c92b842b4814a,2853,56,41,452,332,1123.859375,688.96031746031747,0.8828125,0.70105820105820105,False,row2_col2,512,378,0,67
2854,2328110,45bfb62d2b8a12a9724eb563,2854,46,24,372,196,893.859375,413.45092838196285,0.7265625,0.34217506631299732,False,row1_col2,512,377,0,67
2855,1975856,af3de41611057662e83c573b,2855,48,24,388,196,903.046875,410.45092838196285,0.7578125,0.34217506631299732,False,row1_col2,512,377,0,67
2856,2168566,736df5902e9879b38b3b9634,2856,54,27,436,220,1037.8671875,461.37532808398947,0.8515625,0.40682414698162728,False,row1_col2,512,381,0,65
2857,993865,da9443ca80beecb493467926,2857,9,41,76,332,262.6171875,715.91820580474939,0.1484375,0.70184696569920846,False,row2_col0,512,379,0,66
2858,2324101,9a1ad63dc381c61153abcebd,2858,5,26,44,212,182.015625,438.0316622691293,0.0859375,0.38522427440633245,False,row1_col0,512,379,0,66
2859,2340215,c977bea10bf03c99460cec13,2859,55,21,444,172,1057.90625,356.89999999999998,0.8671875,0.27894736842105261,False,row0_col2,512,380,0,66
2860,2557982,2f3e9ad50350b43cdcf05159,2860,30,32,244,260,603.5546875,543.22427440633237,0.4765625,0.51187335092348285,False,row1_col1,512,379,0,66
2861,2726158,adaa8ed3d22e57fc4d08fec5,2861,14,36,116,292,387.484375,609.06521739130426,0.2265625,0.59782608695652173,False,row1_col0,512,368,0,72
2862,2262429,cdff67add7326ebbbabf8a48,2862,29,22,236,180,622.03125,380.8301369863014,0.4609375,0.29315068493150687,False,row0_col1,512,365,0,73
2863,2279505,5676e48fb1caa42ecdd07480,2863,17,33,140,268,371.2421875,566.06766917293226,0.2734375,0.53132832080200498,False,row1_col0,512,399,0,56
2864,1882119,7b4398b5f7d90eaafd6f9de7,2864,7,32,60,260,290.4375,548.62734584450402,0.1171875,0.51206434316353888,False,row1_col0,512,373,0,69
2865,2558490,2f3e9ad50350b43cdcf05159,2865,26,40,212,324,534.3671875,681.52506596306068,0.4140625,0.68073878627968343,False,row2_col1,512,379,0,66
2866,1969117,af227d5d2da548642af3d8e8,2866,29,47,236,380,565.1796875,807.91338582677167,0.4609375,0.82677165354330706,False,row2_col1,512,381,0,65
2867,874506,8ac236c9482943a0fd765323,2867,10,32,84,260,283.4375,560.19148936170211,0.1640625,0.51063829787234039,False,row1_col0,512,376,0,68
2868,1787161,d20cb62a0da43f7b5a35995c,2868,25,20,204,164,577.859375,338.79274611398966,0.3984375,0.26165803108808289,False,row0_col1,512,386,0,63
2869,2409505,4353ce725c8d749885d3c4b7,2869,33,16,268,132,639.6875,269.37894736842105,0.5234375,0.1736842105263158,False,row0_col1,512,380,0,66
2870,1979748,17686a11fc83b9f929d8d85e,2870,36,21,292,172,787.0625,363.25806451612902,0.5703125,0.27419354838709675,False,row0_col1,512,372,0,70
2871,482011,630be0f098a5ec263bec1d35,2871,27,43,220,348,603.6640625,728.51554404145077,0.4296875,0.73834196891191706,False,row2_col1,512,386,0,63
2872,1178038,2e3c583d219c937858797cbc,2872,54,38,436,308,1044.9375,641,0.8515625,0.63636363636363635,False,row1_col2,512,385,0,63
2873,592439,b951568d88267986c2ddff82,2873,55,40,444,324,1071.109375,682.08695652173913,0.8671875,0.68478260869565222,False,row2_col2,512,368,0,72
2874,96988,2a8e2d654846ae67277a627f,2874,28,43,228,348,600.734375,726.59677419354841,0.4453125,0.74731182795698925,False,row2_col1,512,372,0,70
2875,1145501,52ed4da2285d211f61ff5e8e,2875,29,42,236,340,620.1796875,709.92513368983953,0.4609375,0.72459893048128343,False,row2_col1,512,374,0,69
2876,1099082,b15ae60e68dff16aade2e419,2876,10,21,84,172,309.9453125,361,0.1640625,0.27419354838709675,False,row0_col0,512,372,0,70
2877,1968521,af227d5d2da548642af3d8e8,2877,9,38,76,308,218.6171875,651.8188976377952,0.1484375,0.63779527559055116,False,row1_col0,512,381,0,65
2878,2681458,9cb4460b3d110d026116cef5,2878,50,41,404,332,1014.0703125,693.02972972972975,0.7890625,0.70540540540540542,False,row2_col2,512,370,0,71
2879,2439439,4b2934de204003644e1cf7cc,2879,15,36,124,292,424.6796875,617.0322580645161,0.2421875,0.59677419354838712,False,row1_col0,512,372,0,70
2880,1829564,8edb3f5616a73b2e02e42c87,2880,60,42,484,340,1146.3515625,715.92513368983953,0.9453125,0.72459893048128343,False,row2_col2,512,374,0,69
2881,2247191,326ec13f01a3ce47feae7840,2881,23,40,188,324,548.4375,689.98421052631579,0.3671875,0.67894736842105263,False,row2_col1,512,380,0,66
2882,1419916,8deef7cbf795dc5034389593,2882,12,42,100,340,286.6484375,720.55172413793105,0.1953125,0.72413793103448276,False,row2_col0,512,377,0,67
2883,2819653,1259266d27a1502f5814f674,2883,5,25,44,204,179.8203125,421.78005115089513,0.0859375,0.36828644501278773,False,row1_col0,512,391,0,60
2884,2221435,442850a2087d62c7e9453fcd,2884,59,21,476,172,1158.9375,355.25806451612902,0.9296875,0.27419354838709675,False,row0_col2,512,372,0,70
2885,1877801,621fde1bd00dce28d45409a7,2885,41,28,332,228,837.9296875,481.20967741935488,0.6484375,0.42473118279569894,False,row1_col1,512,372,0,70
2886,1627603,837b596140a1742b25c45e12,2886,19,23,156,188,440.2890625,382.58904109589037,0.3046875,0.31506849315068491,False,row0_col0,512,365,0,73
2887,1992275,df2dd66a2f9f4acffc6fdb65,2887,19,25,156,204,468.0234375,428.048128342246,0.3046875,0.36096256684491979,False,row1_col0,512,374,0,69
2888,2237861,61b5465c722b8b833ec48621,2888,37,22,300,180,786.4296875,376.87935656836459,0.5859375,0.2975871313672922,False,row0_col1,512,373,0,69
2889,2017319,5ab20c40b2d117b504740ca4,2889,39,32,316,260,790.140625,554.17438692098096,0.6171875,0.5122615803814714,False,row1_col1,512,367,0,72
2890,477645,7f3d7c6e6a7b6f584a7abbea,2890,13,39,108,316,364.453125,667.2783505154639,0.2109375,0.65463917525773196,False,row1_col0,512,388,0,62
2891,1362066,13b0152a68a53d6271f1d621,2891,18,34,148,276,362.9921875,566.26315789473688,0.2890625,0.55263157894736847,False,row1_col0,512,380,0,66
2892,1907334,29967e147eb9c7a768964adf,2892,6,42,52,340,218.6171875,723.55172413793105,0.1015625,0.72413793103448276,False,row2_col0,512,377,0,67
2893,1607003,8595161ed5c1f96662a7e12e,2893,27,21,220,172,565.234375,339.69151670951157,0.4296875,0.28534704370179947,False,row0_col1,512,389,0,61
2894,18571,0d71665cc32e00cbf316979e,2894,11,34,92,276,333.8125,582.4632152588556,0.1796875,0.55585831062670299,False,row1_col0,512,367,0,72
2895,423533,0f0e951d310459324ed1146f,2895,45,25,364,204,906.7421875,420.69999999999999,0.7109375,0.36315789473684212,False,row1_col2,512,380,0,66
2896,2106839,5d258a6d34f1b116ab308ce4,2896,23,23,188,188,512.4375,375.91489361702128,0.3671875,0.31914893617021278,False,row0_col1,512,376,0,68
2897,2883006,92aabc20a6f4499561293f2f,2897,62,54,500,436,1205.171875,908.24324324324323,0.9765625,0.98648648648648651,False,row2_col2,512,370,0,71
2898,1808852,36a1385eef8168000ac9d2ff,2898,20,39,164,316,444.1484375,665.28682170542629,0.3203125,0.65633074935400515,False,row1_col0,512,387,0,62
2899,575861,36eb7440912b14f82d4f0a68,2899,53,37,428,300,1023.203125,617.6806282722514,0.8359375,0.61518324607329844,False,row1_col2,512,382,0,65
2900,2947149,0facbe7f29d190dabe109d9e,2900,13,33,108,268,342.9296875,564.98930481283423,0.2109375,0.53208556149732622,False,row1_col0,512,374,0,69
2901,1452746,53f85fa89c59271d3ffb3641,2901,10,43,84,348,320.796875,699.19148936170211,0.1640625,0.74468085106382975,False,row2_col0,512,376,0,68
2902,2636630,ee0789a261852bef9369707a,2902,22,45,180,364,530.828125,775.75471698113211,0.3515625,0.79245283018867929,False,row2_col1,512,371,0,70
2903,1475856,84660a36fd2a77d5af219fa3,2903,16,20,132,164,427.9140625,336.74866310160428,0.2578125,0.25401069518716579,False,row0_col0,512,374,0,69
2904,2188617,57d3f410b6fcba2a57bda29d,2904,9,21,76,172,298.171875,364.06068601583115,0.1484375,0.27968337730870713,False,row0_col0,512,379,0,66
2905,13990,72b360ece29c2500d5726a30,2905,38,26,308,212,777.328125,437.39947089947088,0.6015625,0.3835978835978836,False,row1_col1,512,378,0,67
2906,1734775,31e8cac167e6b2b2b11352b3,2906,55,33,444,268,1070.640625,553.82198952879583,0.8671875,0.53141361256544506,False,row1_col2,512,382,0,65
2907,2279517,5676e48fb1caa42ecdd07480,2907,29,33,236,268,579.1796875,566.06766917293226,0.4609375,0.53132832080200498,False,row1_col1,512,399,0,56
2908,2230919,d81cb231e10288659e7909e8,2908,7,42,60,340,279.203125,723.35400516795869,0.1171875,0.71834625322997414,False,row2_col0,512,387,0,62
2909,727306,9dc7738247217dd257b2b574,2909,10,36,84,292,266.109375,614.1312335958005,0.1640625,0.59580052493438318,False,row1_col0,512,381,0,65
2910,1521676,d78a35ec684695d072d6b211,2910,12,32,100,260,317.015625,533.72386058981238,0.1953125,0.51206434316353888,False,row1_col0,512,373,0,69
2911,6896,a2da421c00740b670bd14bee,2911,48,43,388,348,926.109375,741.26737967914437,0.7578125,0.74598930481283421,False,row2_col2,512,374,0,69
2912,2922776,21db2b7a45a0e29417a469f0,2912,24,36,196,292,518.6875,609.28571428571422,0.3828125,0.59523809523809523,False,row1_col1,512,378,0,67
2913,2090659,84260c9ea667e4b1cdc99d6e,2913,35,26,284,212,723.4921875,443.29787234042556,0.5546875,0.38297872340425532,False,row1_col1,512,376,0,68
2914,628026,63f23e2fc4a87e66536e23d3,2914,58,20,468,164,1147.4375,336.5422343324251,0.9140625,0.25068119891008173,False,row0_col2,512,367,0,72
2915,2127466,e74d21355c7851af07172a36,2915,42,25,340,204,812.8046875,427.50404312668468,0.6640625,0.36118598382749328,False,row1_col1,512,371,0,70
2916,2206274,51a10a40effe2814ad9fdc08,2916,2,41,20,332,114.9296875,700.36339522546416,0.0390625,0.70291777188328908,False,row2_col0,512,377,0,67
2917,1869243,55697275b8b27562c9eb1a4c,2917,59,22,476,180,1126.65625,378.32207792207794,0.9296875,0.30389610389610389,False,row0_col2,512,385,0,63
2918,1440506,4d84e8bbae7d2af42353df02,2918,58,43,468,348,1081.4375,726.44827586206895,0.9140625,0.74535809018567645,False,row2_col2,512,377,0,67
2919,2476576,6130e546ed79e4d9fee7cb83,2919,32,40,260,324,688.671875,693.19512195121945,0.5078125,0.68563685636856364,False,row2_col1,512,369,0,71
2920,2423355,37007bcf2d5f43196d17bd6c,2920,59,40,476,324,1137.65625,693.22933333333333,0.9296875,0.68266666666666664,False,row2_col2,512,375,0,68
2921,1918798,516089d2e2e2c9755fbd5142,2921,14,29,116,236,366.9921875,501.08800000000002,0.2265625,0.44800000000000001,False,row1_col0,512,375,0,68
2922,1870373,55697275b8b27562c9eb1a4c,2922,37,40,300,324,748.53125,687.64155844155846,0.5859375,0.67792207792207793,False,row2_col1,512,385,0,63
2923,2131461,830ee1acd4627b4aa99fcc61,2923,5,24,44,196,215.1875,411.95077720207252,0.0859375,0.34455958549222798,False,row1_col0,512,386,0,63
2924,2792069,0aefb854b741b33901ea1e52,2924,5,42,44,340,212.1328125,710.5200000000001,0.0859375,0.72533333333333339,False,row2_col0,512,375,0,68
2925,226596,40471d6b4d3d450e63bc3466,2925,36,20,292,164,733.8984375,326.70833333333337,0.5703125,0.26041666666666669,False,row0_col1,512,384,0,64
2926,1350159,347841146c8588b3b0ef8cd2,2926,15,40,124,324,346.0390625,684.61702127659578,0.2421875,0.68085106382978722,False,row2_col0,512,376,0,68
2927,2155767,abac48c206f4f9db98c1c8cf,2927,55,19,444,156,1079.0390625,322.84496124031011,0.8671875,0.24289405684754523,False,row0_col2,512,387,0,62
2928,1345130,e5f9395628709ae9079eeba0,2928,42,25,340,204,856.4453125,420.29972752043597,0.6640625,0.35967302452316074,False,row1_col1,512,367,0,72
2929,2394093,d38497f6cb09922f8f3dcf04,2929,45,31,364,252,971.8984375,529.99475065616798,0.7109375,0.49081364829396323,False,row1_col2,512,381,0,65
2930,2230253,d81cb231e10288659e7909e8,2930,45,31,364,252,928.765625,535.5297157622739,0.7109375,0.49095607235142119,False,row1_col2,512,387,0,62
2931,174037,d140f47bc847b703c1b20aec,2931,21,31,172,252,528.5546875,514.33689839572196,0.3359375,0.48930481283422461,False,row1_col1,512,374,0,69
2932,2581630,05f41bd57337a78242d25d3e,2932,62,17,500,140,1195.0546875,289.36910994764401,0.9765625,0.19633507853403143,False,row0_col2,512,382,0,65
2933,2295920,2608d95da3b3a020babab4a4,2933,48,33,388,268,982.2890625,561.67560321715814,0.7578125,0.53351206434316356,False,row1_col2,512,373,0,69
2934,2177660,e3ecaf99c788239f18c8a991,2934,60,41,484,332,1133.0078125,699.44240837696339,0.9453125,0.69895287958115182,False,row2_col2,512,382,0,65
2935,26343,b6eaf5e811a0be7062ed1bb3,2935,39,27,316,220,766.4609375,454.03108808290153,0.6171875,0.40673575129533679,False,row1_col1,512,386,0,63
2936,1325425,37365c15acdfe8cb778d226d,2936,49,37,396,300,970.328125,631.24193548387098,0.7734375,0.61827956989247312,False,row1_col2,512,372,0,70
2937,727094,9dc7738247217dd257b2b574,2937,54,32,436,260,1029.234375,544.75590551181108,0.8515625,0.51181102362204722,False,row1_col2,512,381,0,65
2938,1253885,cfe68510ca15cd1473d0ef71,2938,61,7,492,60,1152.796875,106,0.9609375,0,False,row0_col2,512,392,0,60
2939,2013268,d6dbdc0bd6330963f936dfc9,2939,20,33,164,268,452.5859375,559.43846153846152,0.3203125,0.53076923076923077,False,row1_col0,512,390,0,61
2940,2222326,442850a2087d62c7e9453fcd,2940,54,35,436,284,1073.3125,594.91397849462373,0.8515625,0.57526881720430112,False,row1_col2,512,372,0,70
2941,653264,558c1de5d92b5f300ff8d7a4,2941,16,31,132,252,400.171875,519.40871934604911,0.2578125,0.49046321525885561,False,row1_col0,512,367,0,72
2942,2250798,feae8edd69230ba2d038a705,2942,46,32,372,260,942.3125,546.05497382198951,0.7265625,0.51047120418848169,False,row1_col2,512,382,0,65
2943,2078137,f90b9ab0071176524a75e54f,2943,57,22,460,180,1078.6875,382.95549738219893,0.8984375,0.30104712041884818,False,row0_col2,512,382,0,65
2944,375388,e4622a2495fee2989741879a,2944,28,41,228,332,606.9609375,692.30563002680969,0.4453125,0.70509383378016088,False,row2_col1,512,373,0,69
2945,105358,2f242eafe4e64dd1538bc0df,2945,14,46,116,372,341.2578125,787.62432432432433,0.2265625,0.81351351351351353,False,row2_col0,512,370,0,71
2946,756045,7fa802d5b3d7b7590197ff36,2946,13,37,108,300,328.453125,640.65945945945941,0.2109375,0.61891891891891893,False,row1_col0,512,370,0,71
2947,1091794,12def0a47aa043439d178972,2947,18,35,148,284,463.4375,587.34042553191489,0.2890625,0.57446808510638303,False,row1_col0,512,376,0,68
2948,1865874,f811b6561edd9f797ff5e802,2948,18,34,148,276,435.6796875,579.06133333333332,0.2890625,0.55466666666666664,False,row1_col0,512,375,0,68
2949,322281,f228eee20ee0df690a4e51b6,2949,41,43,332,348,836.1171875,746.25133689839572,0.6484375,0.74598930481283421,False,row2_col1,512,374,0,69
2950,2201162,25243d794ab291df05447bc6,2950,10,25,84,204,295.46875,425.35013262599472,0.1640625,0.36339522546419101,False,row1_col0,512,377,0,67
2951,2140829,e6a42e7bbe1942d90ee3b93f,2951,29,42,236,340,605.5703125,729.89333333333343,0.4609375,0.72533333333333339,False,row2_col1,512,375,0,68
2952,333711,587b74bfc019c7be94717f25,2952,15,30,124,244,368.0390625,501.87096774193549,0.2421875,0.46774193548387094,False,row1_col0,512,372,0,70
2953,2218074,edb01c151c563bb82cc5df9d,2953,26,33,212,268,573.984375,567.19098143236079,0.4140625,0.53315649867374004,False,row1_col1,512,377,0,67
2954,2406259,cbbfcf781cf2e6b2a448637f,2954,51,29,412,236,990.765625,486.42708333333337,0.8046875,0.44791666666666669,False,row1_col2,512,384,0,64
2955,2283216,0b5210b7f75c32ce0315b40b,2955,16,27,132,220,420.3359375,453.29820051413878,0.2578125,0.40874035989717222,False,row1_col0,512,389,0,61
2956,2219291,edb01c151c563bb82cc5df9d,2956,27,52,220,420,591.078125,891.75331564986732,0.4296875,0.93633952254641906,False,row2_col1,512,377,0,67
2957,2225656,b412565dd5f18a8e4ce8533b,2957,56,23,452,188,1069.2109375,391.55813953488376,0.8828125,0.32558139534883723,False,row0_col2,512,387,0,62
2958,2479780,c71b7281815add7bc72e0af6,2958,36,26,292,212,754.484375,442.89999999999998,0.5703125,0.38421052631578945,False,row1_col1,512,380,0,66
2959,1910163,4232070a33fbc4fa24180e8d,2959,19,22,156,180,434.765625,375.88341968911919,0.3046875,0.30310880829015546,False,row0_col0,512,386,0,63
2960,59607,8d4d5e9c6f62a7f7f0b95cb7,2960,23,35,188,284,490.3125,604.81471389645776,0.3671875,0.57765667574931878,False,row1_col1,512,367,0,72
2961,1763825,78b30cfbd744741692ca9e79,2961,49,39,396,316,954.1953125,653.78260869565213,0.7734375,0.66304347826086951,False,row1_col2,512,368,0,72
2962,2673141,6c1df3cf7ff28325175c51f9,2962,53,39,428,316,1072.3828125,670.33870967741927,0.8359375,0.66129032258064513,False,row1_col2,512,372,0,70
2963,1533770,525e253a65f0af92629166a4,2963,10,29,84,236,304.453125,491.41038961038959,0.1640625,0.44935064935064933,False,row1_col0,512,385,0,63
2964,435870,35015470ada828bd02e3e08b,2964,30,26,244,212,640.5078125,431.70466321243521,0.4765625,0.3860103626943005,False,row1_col1,512,386,0,63
2965,1583730,a737d81a01b3a431788a0073,2965,50,41,404,332,957.0703125,697.92370572207085,0.7890625,0.70844686648501365,False,row2_col2,512,367,0,72
2966,2463838,af9d0070e54aed81fc79e4ef,2966,30,33,244,268,659.5078125,551.58885941644553,0.4765625,0.53315649867374004,False,row1_col1,512,377,0,67
2967,1349931,347841146c8588b3b0ef8cd2,2967,43,36,348,292,833.8515625,614.91489361702133,0.6796875,0.5957446808510638,False,row1_col2,512,376,0,68
2968,2299109,677cd183b987906faf2e530c,2968,37,19,300,156,787.6328125,325.01351351351354,0.5859375,0.22972972972972974,False,row0_col1,512,370,0,71
2969,1435658,6dc9bf8ff05d6f7df0e30315,2969,10,32,84,260,282.9453125,523.25198938992048,0.1640625,0.51193633952254647,False,row1_col0,512,377,0,67
2970,2438605,4b2934de204003644e1cf7cc,2970,13,23,108,188,390.3984375,394.49462365591398,0.2109375,0.31720430107526881,False,row0_col0,512,372,0,70
2971,2615796,8a106526a24206c71ac97fc4,2971,52,39,420,316,986.1640625,666.64438502673795,0.8203125,0.66042780748663099,False,row1_col2,512,374,0,69
2972,280225,168615ffdb851430b5e9e799,2972,33,26,268,212,718.4453125,442.28494623655911,0.5234375,0.38172043010752688,False,row1_col1,512,372,0,70
2973,322027,f228eee20ee0df690a4e51b6,2973,43,39,348,316,870.7734375,676.94652406417106,0.6796875,0.66042780748663099,False,row1_col2,512,374,0,69
2974,2242187,c685b4a491f88fc79b166eaa,2974,11,26,92,212,355.578125,454.584,0.1796875,0.38400000000000001,False,row1_col0,512,375,0,68
2975,382816,bf67a8c3d85ddf53723e2a60,2975,32,29,260,236,669.2109375,479.01600000000002,0.5078125,0.44800000000000001,False,row1_col1,512,375,0,68
2976,2090927,84260c9ea667e4b1cdc99d6e,2976,47,30,380,244,929.1796875,511.80851063829789,0.7421875,0.46808510638297873,False,row1_col2,512,376,0,68
2977,2410442,4353ce725c8d749885d3c4b7,2977,10,31,84,252,245.8125,526.43157894736851,0.1640625,0.48947368421052634,False,row1_col0,512,380,0,66
2978,1694221,8e016ce8a91e1722991e0302,2978,13,40,108,324,329.140625,660.33333333333326,0.2109375,0.68279569892473113,False,row2_col0,512,372,0,70
2979,1989209,2b2d0a01139cb06591c16929,2979,25,41,204,332,533.6953125,702.35185185185185,0.3984375,0.70105820105820105,False,row2_col1,512,378,0,67
2980,2221811,442850a2087d62c7e9453fcd,2980,51,27,412,220,1021.9375,457.96774193548384,0.8046875,0.40322580645161288,False,row1_col2,512,372,0,70
2981,2348688,37faa40414dba1a334ec7ebb,2981,16,26,132,212,417.5625,448.84946236559142,0.2578125,0.38172043010752688,False,row1_col0,512,372,0,70
2982,1858465,7a0f74886ddf2564aac2dcae,2982,33,46,268,372,670.2109375,792.93850267379685,0.5234375,0.81016042780748665,False,row2_col1,512,374,0,69
2983,1849642,cdd3402e4d0aa4a5fbc61954,2983,42,36,340,292,801.8046875,614.42175066313007,0.6640625,0.59681697612732099,False,row1_col1,512,377,0,67
2984,453352,df25d625c991e5e7eb0f6dc4,2984,40,43,324,348,812.6875,734.29268292682923,0.6328125,0.75067750677506773,False,row2_col1,512,369,0,71
2985,1050139,fa0627dfc5562d2d1ffb7450,2985,27,24,220,196,593.5234375,399.66129032258061,0.4296875,0.33870967741935482,False,row1_col1,512,372,0,70
2986,2885977,aaa015ca6a44f303044cb7bf,2986,25,37,204,300,575.8671875,633.9363395225464,0.3984375,0.61803713527851456,False,row1_col1,512,377,0,67
2987,395570,7193a011383f62c1ab378a8f,2987,50,36,404,292,965.0703125,615.59897172236504,0.7890625,0.59383033419023135,False,row1_col2,512,389,0,61
2988,2164502,37c49f476ea9c80e5566cd34,2988,22,28,180,228,470.6640625,482,0.3515625,0.42592592592592593,False,row1_col1,512,378,0,67
2989,1779591,68156206f643fb334d0eae7f,2989,7,30,60,244,212.546875,492.39189189189187,0.1171875,0.46756756756756757,False,row1_col0,512,370,0,71
2990,670416,43ee58770e40e876f08e8074,2990,16,43,132,348,405.109375,716.52139037433153,0.2578125,0.74598930481283421,False,row2_col0,512,374,0,69
2991,1606879,8595161ed5c1f96662a7e12e,2991,31,19,252,156,634.359375,305.14138817480716,0.4921875,0.2442159383033419,False,row0_col1,512,389,0,61
2992,1631729,e235136cfdcae670bc7ef694,2992,49,23,396,188,981.328125,376.51063829787233,0.7734375,0.31914893617021278,False,row0_col2,512,376,0,68
2993,2439655,4b2934de204003644e1cf7cc,2993,39,39,316,316,836.0546875,668.38709677419354,0.6171875,0.66129032258064513,False,row1_col1,512,372,0,70
2994,1399216,178406615aaeb3e456e1b3cc,2994,48,38,388,308,937.6875,633.07936507936506,0.7578125,0.63756613756613756,False,row1_col2,512,378,0,67
2995,115738,8beb03d8a5bb47d4e9a2581d,2995,26,16,212,132,558.953125,266.8598382749326,0.4140625,0.16711590296495957,False,row0_col1,512,371,0,70
2996,2176691,e3ecaf99c788239f18c8a991,2996,51,26,412,212,978.7421875,442.16492146596858,0.8046875,0.38481675392670156,False,row1_col2,512,382,0,65
2997,2736510,5f992fdd05552118b4d67202,2997,62,5,500,44,1208.984375,71.269754768392374,0.9765625,-0.076294277929155316,True,padding_center,512,367,0,72
2998,1091565,12def0a47aa043439d178972,2998,45,31,364,252,932.5625,517.80851063829778,0.7109375,0.48936170212765956,False,row1_col2,512,376,0,68
2999,705797,1f4ef5622d6a1f36e4aa5bbe,2999,5,20,44,164,226.3046875,333.5422343324251,0.0859375,0.25068119891008173,False,row0_col0,512,367,0,72
3000,490574,e14263e312b5e2338aece9d3,3000,14,49,116,396,367.8046875,834.48000000000002,0.2265625,0.8746666666666667,False,row2_col0,512,375,0,68
3001,1550765,22ab2c684f502bb67ac25bda,3001,45,38,364,308,882.25,644.40310077519382,0.7109375,0.63565891472868219,False,row1_col2,512,387,0,62
3002,2345203,feca696a5660a740402e9811,3002,51,35,412,284,1036.5234375,601.20810810810804,0.8046875,0.57567567567567568,False,row1_col2,512,370,0,71
3003,1234363,7490ef8c3e3d243f5abc226b,3003,59,22,476,180,1176.0234375,359.25065963060689,0.9296875,0.30079155672823221,False,row0_col2,512,379,0,66
3004,2008691,5749ca6a1c4e4e10cf0ec75d,3004,51,25,412,204,1030.7421875,430.57142857142856,0.8046875,0.36243386243386244,False,row1_col2,512,378,0,67
3005,1840903,220c8ee1c69449f9af0ae7f1,3005,7,28,60,228,198.140625,491.19791666666663,0.1171875,0.42708333333333331,False,row1_col0,512,384,0,64
3006,2562462,9f327dfc03f3e723c3265429,3006,30,38,244,308,665.171875,635.85416666666663,0.4765625,0.63541666666666663,False,row1_col1,512,384,0,64
3007,2152300,b082c61b6f6397804ebe9514,3007,44,29,356,236,894.9765625,499.84800000000001,0.6953125,0.44800000000000001,False,row1_col2,512,375,0,68
3008,55911,290e1ce1fae9fbe3b937384c,3008,39,41,316,332,793.4609375,708.92370572207085,0.6171875,0.70844686648501365,False,row2_col1,512,367,0,72
3009,1074550,de9b5b17edfdfe734011cfa4,3009,54,21,436,172,1089.421875,355.66062176165804,0.8515625,0.28238341968911918,False,row0_col2,512,386,0,63
3010,2332377,9fbe77467132d5c93ee01128,3010,25,27,204,220,596.8828125,459.72679045092838,0.3984375,0.40583554376657827,False,row1_col1,512,377,0,67
3011,2554073,d51f5564f4e76c5f59463abb,3011,25,35,204,284,571.0625,590.38541666666663,0.3984375,0.57291666666666663,False,row1_col1,512,384,0,64
3012,821956,ef9e40f88efa54ae539304c5,3012,4,43,36,348,167.765625,739.04065040650403,0.0703125,0.75067750677506773,False,row2_col0,512,369,0,71
3013,514140,36e8db94416d301d8eae06b8,3013,28,33,228,268,579.9609375,577,0.4453125,0.53333333333333333,False,row1_col1,512,375,0,68
3014,665506,21a65ebf59d2ba6f5a645963,3014,34,30,276,244,681.2109375,508.79591836734699,0.5390625,0.46938775510204084,False,row1_col1,512,392,0,60
3015,2853892,069b4f28705cc7284f44ae3b,3015,4,48,36,388,187.484375,820.36170212765956,0.0703125,0.85106382978723405,False,row2_col0,512,376,0,68
3016,1780361,68156206f643fb334d0eae7f,3016,9,42,76,340,247.359375,701.25675675675677,0.1484375,0.72702702702702704,False,row2_col0,512,370,0,71
3017,2488787,7eb05126c9c43d9121df3acb,3017,19,39,156,316,432.2890625,685.23404255319144,0.3046875,0.65957446808510634,False,row1_col0,512,376,0,68
3018,71711,48ce223cf3f0cef91d4f9d9c,3018,31,32,252,260,667.359375,551.22739726027396,0.4921875,0.51232876712328768,False,row1_col1,512,365,0,73
3019,1906042,29967e147eb9c7a768964adf,3019,58,21,468,172,1111.5546875,362.59681697612734,0.9140625,0.27851458885941643,False,row0_col2,512,377,0,67
3020,1243531,a20f73f6def040c457130121,3020,11,38,92,308,346.015625,648.4677419354839,0.1796875,0.63978494623655913,False,row1_col0,512,372,0,70
3021,1836809,c3cb302619dac53bc3e9a2b8,3021,9,28,76,228,261.390625,489.77984084880637,0.1484375,0.4270557029177719,False,row1_col0,512,377,0,67
3022,2623573,2ee1148cf2bfb979a3c11be3,3022,21,33,172,268,471.5625,552.63414634146341,0.3359375,0.53387533875338755,False,row1_col1,512,369,0,71
3023,772743,6a57e03e1905b5c4210bc584,3023,7,42,60,340,254.7265625,705.5200000000001,0.1171875,0.72533333333333339,False,row2_col0,512,375,0,68
3024,2434710,28b53dd19c8f65de13e95cab,3024,22,26,180,212,506.3125,450.26470588235293,0.3515625,0.38235294117647056,False,row1_col1,512,374,0,69
3025,2414308,02b8d585b96bf351d6297716,3025,36,27,292,220,741.921875,451.22997416020672,0.5703125,0.40826873385012918,False,row1_col1,512,387,0,62
3026,1030853,f8040df5a0c034645db9d18b,3026,5,43,44,348,229.6171875,738.52139037433153,0.0859375,0.74598930481283421,False,row2_col0,512,374,0,69
3027,940505,4f2e92e1b80cd39c3cba6440,3027,25,39,204,316,530.078125,660.25531914893611,0.3984375,0.65957446808510634,False,row1_col1,512,376,0,68
3028,2652495,792cd13f9196dd3204ade0a9,3028,15,37,124,300,366.5859375,625.9363395225464,0.2421875,0.61803713527851456,False,row1_col0,512,377,0,67
3029,2029680,61f217f44bf2fb9b5077b9b6,3029,48,33,388,268,954.5625,570.17368421052629,0.7578125,0.53157894736842104,False,row1_col2,512,380,0,66
3030,350717,e1c9abec502219412e89243a,3030,61,39,492,316,1166.7578125,660.33333333333326,0.9609375,0.66666666666666663,False,row2_col2,512,363,0,74
3031,2787721,9d07c1fef6d1259f6fa6a262,3031,9,38,76,308,224.171875,650.47826086956525,0.1484375,0.64130434782608692,False,row1_col0,512,368,0,72
3032,2582919,05f41bd57337a78242d25d3e,3032,7,38,60,308,243.7265625,653.07591623036649,0.1171875,0.63612565445026181,False,row1_col0,512,382,0,65
3033,2214266,71189113f916283b21e2571b,3033,58,37,468,300,1150.7265625,633.38709677419354,0.9140625,0.61827956989247312,False,row1_col2,512,372,0,70
3034,1288570,e366b8893ee234784cfdf96a,3034,58,37,468,300,1150.4921875,630.01256281407041,0.9140625,0.61055276381909551,False,row1_col2,512,398,0,57
3035,2382765,87721955af6f57a012d16d47,3035,45,46,364,372,864.8984375,771.57142857142856,0.7109375,0.80687830687830686,False,row2_col2,512,378,0,67
3036,2002371,94b7f239fa8a30f58007d290,3036,3,55,28,444,155.828125,950.58376963350781,0.0546875,0.99214659685863871,False,row2_col0,512,382,0,65
3037,333327,587b74bfc019c7be94717f25,3037,15,24,124,196,368.0390625,397.35483870967738,0.2421875,0.33870967741935482,False,row1_col0,512,372,0,70
3038,1100379,b15ae60e68dff16aade2e419,3038,27,41,220,332,604.5234375,707.66666666666674,0.4296875,0.70430107526881724,False,row2_col1,512,372,0,70
3039,202330,ec3ea75e7104e017e03f4921,3039,26,25,212,204,590.8828125,439.69999999999999,0.4140625,0.36315789473684212,False,row1_col1,512,380,0,66
3040,2807444,8add5feca183d695007a94e7,3040,20,26,164,212,466.265625,442.82608695652175,0.3203125,0.38043478260869568,False,row1_col0,512,368,0,72
3041,448745,72516b14bd4f8c49162a07e5,3041,41,35,332,284,829.578125,590.23783783783779,0.6484375,0.57567567567567568,False,row1_col1,512,370,0,71
3042,1927643,0493c50e4f0350b831275383,3042,27,39,220,316,621.5234375,668.95760598503739,0.4296875,0.6508728179551122,False,row1_col1,512,401,0,55
3043,1086873,7aa55770f9e1abd445c97c6d,3043,25,22,204,180,558.8671875,363.76373626373629,0.3984375,0.29120879120879123,False,row0_col1,512,364,0,74
3044,2722003,a068182310908092bce2685c,3044,19,35,156,284,476.2890625,591.59016393442619,0.3046875,0.57650273224043713,False,row1_col0,512,366,0,73
3045,2410449,4353ce725c8d749885d3c4b7,3045,17,31,140,252,365.6875,526.43157894736851,0.2734375,0.48947368421052634,False,row1_col0,512,380,0,66
3046,2360835,a17fa7ec81831aabb30abf4e,3046,3,24,28,196,251.9921875,414.38297872340422,0.0546875,0.34042553191489361,False,row1_col0,512,376,0,68
3047,2427253,07487879b83ab8bf265d8c1f,3047,53,37,428,300,1077.6953125,649.63496143958866,0.8359375,0.61439588688946012,False,row1_col2,512,389,0,61
3048,2471237,e9b79f16d364e3a2fa877ce7,3048,5,21,44,172,212.703125,349.28648648648647,0.0859375,0.27297297297297296,False,row0_col0,512,370,0,71
3049,2513588,51c32ff783d3d94292851b8f,3049,52,42,420,340,1021.984375,716.95744680851067,0.8203125,0.72340425531914898,False,row2_col2,512,376,0,68
3050,2820170,1259266d27a1502f5814f674,3050,10,33,84,268,266.9296875,561.23785166240418,0.1640625,0.53196930946291565,False,row1_col0,512,391,0,60
3051,464148,7ca059b6fa1e54dd4a7dcf3f,3051,20,20,164,164,475.2265625,337.40625,0.3203125,0.26041666666666669,False,row0_col0,512,384,0,64
3052,875090,8ac236c9482943a0fd765323,3052,18,41,148,332,422.4375,716.63829787234044,0.2890625,0.7021276595744681,False,row2_col0,512,376,0,68
3053,1604281,414d9b02f6f9676c4dd52a63,3053,57,42,460,340,1092.078125,699.71351351351348,0.8984375,0.72702702702702704,False,row2_col2,512,370,0,71
3054,443863,2c26a77005e1ed9b640e64e2,3054,23,23,188,188,521.5390625,396.973474801061,0.3671875,0.32095490716180369,False,row0_col1,512,377,0,67
3055,1960346,113ae33369eea4ce7f0b6955,3055,26,38,212,308,551.0546875,654.79840848806373,0.4140625,0.63925729442970824,False,row1_col1,512,377,0,67
3056,2312588,78a32a3097554d80ef1bac9c,3056,12,38,100,308,337.4765625,652.60212201591514,0.1953125,0.63925729442970824,False,row1_col0,512,377,0,67
3057,1329777,4a2e77ff95f9a40d8e136e34,3057,49,41,396,332,999.0625,703.92370572207085,0.7734375,0.70844686648501365,False,row2_col2,512,367,0,72
3058,2716983,f6a612467fd1531566860d2f,3058,55,20,444,164,1094.9140625,325.15200000000004,0.8671875,0.25600000000000001,False,row0_col2,512,375,0,68
3059,1181719,c2d577dad4e3bb69b38f6b0d,3059,23,32,188,260,495.3125,535.19148936170211,0.3671875,0.51063829787234039,False,row1_col1,512,376,0,68
3060,1522285,d78a35ec684695d072d6b211,3060,45,41,364,332,887.296875,689.30563002680969,0.7109375,0.70509383378016088,False,row2_col2,512,373,0,69
3061,1296953,e926571edbf8ab4ef6827bb2,3061,57,40,460,324,1113.046875,687.42118863049097,0.8984375,0.67700258397932822,False,row2_col2,512,387,0,62
3062,2718199,f6a612467fd1531566860d2f,3062,55,39,444,316,1094.9140625,656.30933333333337,0.8671875,0.66133333333333333,False,row1_col2,512,375,0,68
3063,79044,50686f2742e029d8a5849b18,3063,4,19,36,156,190.484375,316.89583333333337,0.0703125,0.23958333333333334,False,row0_col0,512,384,0,64
3064,2803851,e9bb5bb030daf0c555014200,3064,11,34,92,276,316.2734375,579.31550802139031,0.1796875,0.553475935828877,False,row1_col0,512,374,0,69
3065,644418,a93f8f679f4821573346dd3a,3065,2,21,20,172,194.046875,355.62903225806451,0.0390625,0.27419354838709675,False,row0_col0,512,372,0,70
3066,2512349,51c32ff783d3d94292851b8f,3066,29,23,236,188,625.953125,389.51063829787233,0.4609375,0.31914893617021278,False,row0_col1,512,376,0,68
3067,1226924,76697c1a28dd3ef624fb0471,3067,44,34,356,276,891.1015625,579.4632152588556,0.6953125,0.55585831062670299,False,row1_col2,512,367,0,72
3068,2413280,02b8d585b96bf351d6297716,3068,32,11,260,92,673.546875,178.03100775193798,0.5078125,0.077519379844961239,False,row0_col1,512,387,0,62
3069,2024836,53e9a502e46a7b9e168d9115,3069,4,22,36,180,171.0625,385.78723404255317,0.0703125,0.2978723404255319,False,row0_col0,512,376,0,68
3070,1213701,6d1104b9ed5d737c509d9e3c,3070,5,20,44,164,218.6171875,337.40848806366046,0.0859375,0.2572944297082228,False,row0_col0,512,377,0,67
3071,2476403,6130e546ed79e4d9fee7cb83,3071,51,37,412,300,1018.203125,641.09756097560978,0.8046875,0.62059620596205967,False,row1_col2,512,369,0,71
3072,79172,50686f2742e029d8a5849b18,3072,4,21,36,172,190.484375,351.3125,0.0703125,0.28125,False,row0_col0,512,384,0,64
3073,501961,229f325dcd93d8f5586d69ba,3073,9,35,76,284,265.578125,600.30188679245282,0.1484375,0.5768194070080862,False,row1_col0,512,371,0,70
3074,1893896,1d12ec902c3113b35c317ef8,3074,8,24,68,196,266.296875,408.83641160949867,0.1328125,0.34300791556728233,False,row1_col0,512,379,0,66
3075,2184957,e47bf05116ca1e4921049cf3,3075,61,27,492,220,1199.6796875,463.56857855361596,0.9609375,0.41147132169576062,False,row1_col2,512,401,0,55
3076,2676441,69e9731cb1bb99f66cbbadef,3076,25,27,204,220,588.0703125,453.12631578947367,0.3984375,0.40526315789473683,False,row1_col1,512,380,0,66
3077,1792539,558b808638166f54dfdd8633,3077,27,40,220,324,586.8125,677.12532637075719,0.4296875,0.6788511749347258,False,row2_col1,512,383,0,64
3078,2364805,583fd37185c66e5b35d4ad0d,3078,5,22,44,180,209.53125,369.11928934010149,0.0859375,0.30710659898477155,False,row0_col0,512,394,0,59
3079,2688075,d692f72fe45c727cb0757d5a,3079,11,17,92,140,376.4765625,270.77892030848329,0.1796875,0.20308483290488433,False,row0_col0,512,389,0,61
3080,2267646,163f27e0d1466030dadaebb8,3080,62,39,500,316,1217.0546875,676.73190348525463,0.9765625,0.66219839142091153,False,row1_col2,512,373,0,69
3081,2004977,d8aec49d4eabf940e94e99b9,3081,49,31,396,252,956.140625,534.024,0.7734375,0.49066666666666664,False,row1_col2,512,375,0,68
3082,1701190,0acf69b3484e7f24b68c1255,3082,6,21,52,172,244.2421875,344.125,0.1015625,0.28125,False,row0_col0,512,384,0,64
3083,1267436,571ee3662d24063a85881fe9,3083,44,27,356,220,902.1015625,450.56486486486489,0.6953125,0.4027027027027027,False,row1_col2,512,370,0,71
3084,2548891,b672bab83cdd2e2fd3e3b92b,3084,27,18,220,148,600.6640625,290.47120418848169,0.4296875,0.21727748691099477,False,row0_col1,512,382,0,65
3085,2136083,8213a75d6bb493befa13560d,3085,19,32,156,260,465.9375,550.5625,0.3046875,0.51041666666666663,False,row1_col0,512,384,0,64
3086,616584,ce80ae72436d84596ffaa522,3086,8,34,68,276,250.421875,586,0.1328125,0.55555555555555558,False,row1_col0,512,369,0,71
3087,2188910,57d3f410b6fcba2a57bda29d,3087,46,25,372,204,937.578125,433.21108179419525,0.7265625,0.36411609498680741,False,row1_col2,512,379,0,66
3088,1849327,cdd3402e4d0aa4a5fbc61954,3088,47,31,380,252,887.6640625,528.48010610079575,0.7421875,0.49071618037135278,False,row1_col2,512,377,0,67
3089,1137314,b8c1aa202c435cfafd7ff1ed,3089,34,42,276,340,731.8203125,717,0.5390625,0.72580645161290325,False,row2_col1,512,372,0,70
3090,2041749,1159f92ec9c55b3c4702769b,3090,21,30,172,244,489.1875,523.32258064516122,0.3359375,0.46774193548387094,False,row1_col1,512,372,0,70
3091,554675,970a0e63436f260f3c624f80,3091,51,26,412,212,1023.3984375,443.7868852459016,0.8046875,0.3797814207650273,False,row1_col2,512,366,0,73
3092,1959189,113ae33369eea4ce7f0b6955,3092,21,20,172,164,465.1953125,345.40848806366046,0.3359375,0.2572944297082228,False,row0_col1,512,377,0,67
3093,2029194,61f217f44bf2fb9b5077b9b6,3093,10,26,84,212,303.8125,450.36315789473684,0.1640625,0.38421052631578945,False,row1_col0,512,380,0,66
3094,399906,27e6733bbab4a1b0477f8b26,3094,34,40,276,324,705.7421875,684.52506596306068,0.5390625,0.68073878627968343,False,row2_col1,512,379,0,66
3095,161712,d60c6fc93e9eed8f0286cc7b,3095,48,30,388,244,970.6875,515.54716981132083,0.7578125,0.46900269541778977,False,row1_col2,512,371,0,70
3096,2077828,f90b9ab0071176524a75e54f,3096,4,18,36,148,171.0625,314.51570680628276,0.0703125,0.21727748691099477,False,row0_col0,512,382,0,65
3097,1971798,bc5170b2dbd4e825a4bfa3ef,3097,22,25,180,204,480.3671875,427.5090909090909,0.3515625,0.36623376623376624,False,row1_col1,512,385,0,63
3098,1632822,e235136cfdcae670bc7ef694,3098,54,40,436,324,1067.421875,669.48936170212767,0.8515625,0.68085106382978722,False,row2_col2,512,376,0,68
3099,563099,83ce9a3b86c3675c94925a4e,3099,27,30,220,244,610.5234375,511.5322580645161,0.4296875,0.46774193548387094,False,row1_col1,512,372,0,70
3100,796918,1521c7bdee93d552208d03d3,3100,54,35,436,284,1048.6796875,605.09375,0.8515625,0.57291666666666663,False,row1_col2,512,384,0,64
3101,1091753,12def0a47aa043439d178972,3101,41,34,332,276,863.0625,569.95744680851067,0.6484375,0.55319148936170215,False,row1_col1,512,376,0,68
3102,2078878,f90b9ab0071176524a75e54f,3102,30,34,244,276,616.3125,588.27486910994776,0.4765625,0.55235602094240843,False,row1_col1,512,382,0,65
3103,2370002,fe666fef2b8871f5528589d3,3103,18,39,148,316,500.234375,683.12919896640824,0.2890625,0.65633074935400515,False,row1_col0,512,387,0,62
3104,1919771,516089d2e2e2c9755fbd5142,3104,27,44,220,356,590.2265625,759.00800000000004,0.4296875,0.76800000000000002,False,row2_col1,512,375,0,68
3105,481927,630be0f098a5ec263bec1d35,3105,7,42,60,340,257.7265625,711.20984455958546,0.1171875,0.71761658031088082,False,row2_col0,512,386,0,63
3106,2169692,736df5902e9879b38b3b9634,3106,28,45,228,364,591.3984375,770.16272965879261,0.4453125,0.78477690288713908,False,row2_col1,512,381,0,65
3107,2012422,d6dbdc0bd6330963f936dfc9,3107,6,20,52,164,210.4296875,334.63846153846157,0.1015625,0.26410256410256411,False,row0_col0,512,390,0,61
3108,1751611,c192edd74fe8165b22e50c5a,3108,59,40,476,324,1140.234375,667.9177377892031,0.9296875,0.67609254498714655,False,row2_col2,512,389,0,61
3109,2909608,922064a26912754f70ed0696,3109,40,22,324,180,798.5234375,370.60869565217394,0.6328125,0.29347826086956524,False,row0_col1,512,368,0,72
3110,2442552,7d13fb8e53e7ca10995faafd,3110,56,20,452,164,1080.5625,343.13978494623655,0.8828125,0.25268817204301075,False,row0_col2,512,372,0,70
3111,2311727,78a32a3097554d80ef1bac9c,3111,47,24,380,196,935.2109375,413.45092838196285,0.7421875,0.34217506631299732,False,row1_col2,512,377,0,67
3112,1971459,bc5170b2dbd4e825a4bfa3ef,3112,3,20,28,164,154.1015625,341.69090909090903,0.0546875,0.26233766233766231,False,row0_col0,512,385,0,63
3113,2583543,05f41bd57337a78242d25d3e,3113,55,47,444,380,1073.9765625,808.95026178010471,0.8671875,0.82460732984293195,False,row2_col2,512,382,0,65
3114,996133,329683efc579c51b53f71da8,3114,37,12,300,100,776.5625,198.90526315789475,0.5859375,0.089473684210526316,False,row0_col1,512,380,0,66
3115,1919717,516089d2e2e2c9755fbd5142,3115,37,43,300,348,761.9453125,741.81333333333339,0.5859375,0.7466666666666667,False,row2_col1,512,375,0,68
3116,2553095,d51f5564f4e76c5f59463abb,3116,7,20,60,164,258.3125,329.44791666666669,0.1171875,0.26041666666666669,False,row0_col0,512,384,0,64
3117,1304696,c2b2f0fd9e97490a1ce9143a,3117,56,33,452,268,1077.0390625,559.5,0.8828125,0.53174603174603174,False,row1_col2,512,378,0,67
3118,1955227,49f213bf9b926dc2b4b2d138,3118,27,22,220,180,623.2265625,383.72533333333337,0.4296875,0.29866666666666669,False,row0_col1,512,375,0,68
3119,2586022,78320b73d7e5345b4fe8afe9,3119,38,22,308,180,749.1328125,381.88328912466841,0.6015625,0.29973474801061006,False,row0_col1,512,377,0,67
3120,2730105,35218b9430d5988bdbd5cbcd,3120,57,33,460,268,1103.28125,574.29999999999995,0.8984375,0.53157894736842104,False,row1_col2,512,380,0,66
3121,2698533,187703c2aaaaa1fd86865fe2,3121,37,52,300,420,795.6328125,881.61780104712045,0.5859375,0.9293193717277487,False,row2_col1,512,382,0,65
3122,1901860,73937759020f473dae5c179a,3122,36,20,292,164,703.3515625,338.44591029023746,0.5703125,0.25857519788918204,False,row0_col1,512,379,0,66
3123,1344801,e5f9395628709ae9079eeba0,3123,33,20,268,164,700.4921875,333.5422343324251,0.5234375,0.25068119891008173,False,row0_col1,512,367,0,72
3124,722416,e3e937e4c7206cd43037de93,3124,48,23,388,188,939.9609375,385.93548387096774,0.7578125,0.31720430107526881,False,row0_col2,512,372,0,70
3125,2185492,e47bf05116ca1e4921049cf3,3125,20,36,164,292,489.2265625,619.59850374064843,0.3203125,0.59102244389027436,False,row1_col0,512,401,0,55
3126,2955364,46a12f7a348173b31e79d614,3126,36,33,292,268,753.765625,552.95652173913049,0.5703125,0.53260869565217395,False,row1_col1,512,368,0,72
3127,579890,f7f29bc516d8bf1032c86519,3127,50,36,404,292,984.0703125,618.37564766839375,0.7890625,0.59326424870466321,False,row1_col2,512,386,0,63
3128,1890384,77f12352984de874b6cd5378,3128,16,33,132,268,430.8203125,564.71428571428578,0.2578125,0.53174603174603174,False,row1_col0,512,378,0,67
3129,513448,36e8db94416d301d8eae06b8,3129,40,22,324,180,787.5234375,386.92000000000002,0.6328125,0.29866666666666669,False,row0_col1,512,375,0,68
3130,2280804,5676e48fb1caa42ecdd07480,3130,36,53,292,428,700.4765625,912.53383458646613,0.5703125,0.93233082706766912,False,row2_col1,512,399,0,56
3131,2262771,cdff67add7326ebbbabf8a48,3131,51,27,412,220,1000.15625,466.74794520547948,0.8046875,0.40273972602739727,False,row1_col2,512,365,0,73
3132,2127763,e74d21355c7851af07172a36,3132,19,30,156,244,417.8515625,513.32614555256066,0.3046875,0.46900269541778977,False,row1_col0,512,371,0,70
3133,2210263,e1bd21e34648fdeb39895cd0,3133,23,39,188,316,482.4375,666.38709677419354,0.3671875,0.66129032258064513,False,row1_col1,512,372,0,70
3134,211571,a11b9324536c4c87684694eb,3134,51,41,412,332,1020.3984375,698.02972972972975,0.8046875,0.70540540540540542,False,row2_col2,512,370,0,71
3135,2413240,02b8d585b96bf351d6297716,3135,56,10,452,84,1083.796875,160.9560723514212,0.8828125,0.056847545219638244,False,row0_col2,512,387,0,62
3136,980689,9950038ac10495ac90e01fd8,3136,17,27,140,220,416.0625,456.74736842105261,0.2734375,0.40526315789473683,False,row1_col0,512,380,0,66
3137,2106902,5d258a6d34f1b116ab308ce4,3137,22,24,180,196,495.3125,393.04255319148933,0.3515625,0.34042553191489361,False,row1_col1,512,376,0,68
3138,2843353,b4f48cd35aae2aa6542c0767,3138,25,11,204,92,525.0625,181.58536585365854,0.3984375,0.056910569105691054,False,row0_col1,512,369,0,71
3139,2779226,2ee12c1915309e3c1ad2d6ae,3139,26,33,212,268,597.3671875,560.97872340425533,0.4140625,0.53191489361702127,False,row1_col1,512,376,0,68
3140,371310,cee542fc544d914ecb84340b,3140,46,41,372,332,906.7578125,697.85039370078744,0.7265625,0.70078740157480313,False,row2_col2,512,381,0,65
3141,2082642,faf3e3da73ae229e7fc9da66,3141,18,29,148,236,435.1015625,501.66577540106954,0.2890625,0.446524064171123,False,row1_col0,512,374,0,69
3142,2083470,faf3e3da73ae229e7fc9da66,3142,14,42,116,340,366.5390625,724.403743315508,0.2265625,0.72459893048128343,False,row2_col0,512,374,0,69
3143,1975341,af3de41611057662e83c573b,3143,45,16,364,132,851.765625,273.79310344827587,0.7109375,0.17241379310344829,False,row0_col2,512,377,0,67
3144,1792230,558b808638166f54dfdd8633,3144,38,35,308,284,777.9375,590.33681462140999,0.6015625,0.5744125326370757,False,row1_col1,512,383,0,64
3145,2222070,442850a2087d62c7e9453fcd,3145,54,31,436,252,1073.3125,526.44086021505382,0.8515625,0.489247311827957,False,row1_col2,512,372,0,70
3146,1967874,af227d5d2da548642af3d8e8,3146,2,28,20,228,97.3203125,478.38057742782149,0.0390625,0.42782152230971127,False,row1_col0,512,381,0,65
3147,1857549,7a0f74886ddf2564aac2dcae,3147,13,32,108,260,327.3984375,553.06684491978615,0.2109375,0.51069518716577544,False,row1_col0,512,374,0,69
3148,2226545,b412565dd5f18a8e4ce8533b,3148,49,37,396,300,949.0078125,632.05426356589146,0.7734375,0.61498708010335912,False,row1_col2,512,387,0,62
3149,2108075,5d258a6d34f1b116ab308ce4,3149,43,42,348,340,854.9375,701.34042553191489,0.6796875,0.72340425531914898,False,row2_col2,512,376,0,68
3150,1305072,c2b2f0fd9e97490a1ce9143a,3150,48,39,388,316,938.4140625,663.5,0.7578125,0.65873015873015872,False,row1_col2,512,378,0,67
3151,1222250,e18500f9d7040f601d0fb801,3151,42,25,340,204,835.796875,420.12972972972972,0.6640625,0.35945945945945945,False,row1_col1,512,370,0,71
3152,2131358,830ee1acd4627b4aa99fcc61,3152,30,22,244,180,643.3125,377.67098445595855,0.4765625,0.30310880829015546,False,row0_col1,512,386,0,63
3153,1520543,d78a35ec684695d072d6b211,3153,31,14,252,116,645.359375,222.56032171581768,0.4921875,0.12600536193029491,False,row0_col1,512,373,0,69
3154,2087510,eb0351acb0beefb86ab98462,3154,22,41,180,332,492.6640625,700.21276595744678,0.3515625,0.7021276595744681,False,row2_col1,512,376,0,68
3155,1951051,cbe7415bc3817302e0c76f2d,3155,11,21,92,172,325.578125,359.78036175710594,0.1796875,0.2842377260981912,False,row0_col0,512,387,0,62
3156,1886197,c7f35be6760fdb85307e2d49,3156,53,31,428,252,1024.0234375,537.42553191489355,0.8359375,0.48936170212765956,False,row1_col2,512,376,0,68
3157,2348947,37faa40414dba1a334ec7ebb,3157,19,30,156,244,468.9375,517.32258064516122,0.3046875,0.46774193548387094,False,row1_col0,512,372,0,70
3158,2909028,922064a26912754f70ed0696,3158,36,13,292,108,729.3359375,214.86956521739131,0.5703125,0.097826086956521743,False,row0_col1,512,368,0,72
3159,1468269,7d4e47ad65dc99387ba61cb2,3159,45,29,364,236,915.0078125,486.34794520547945,0.7109375,0.44657534246575342,False,row1_col2,512,365,0,73
3160,1968741,af227d5d2da548642af3d8e8,3160,37,41,300,332,703.8046875,703.85039370078744,0.5859375,0.70078740157480313,False,row2_col1,512,381,0,65
3161,726948,9dc7738247217dd257b2b574,3161,36,30,292,244,717.046875,510.06824146981626,0.5703125,0.46981627296587924,False,row1_col1,512,381,0,65
3162,1857061,7a0f74886ddf2564aac2dcae,3162,37,24,300,196,738.7734375,415.99732620320856,0.5859375,0.33957219251336901,False,row1_col1,512,374,0,69
3163,2615534,8a106526a24206c71ac97fc4,3163,46,35,372,284,882.9453125,597.76737967914437,0.7265625,0.57486631016042777,False,row1_col2,512,374,0,69
3164,1107164,8d1384cdea9081ff9ee66728,3164,28,19,228,156,612.515625,319.07999999999998,0.4453125,0.23466666666666666,False,row0_col1,512,375,0,68
3165,2484513,9c158d10db0dc6399c33ba8d,3165,33,36,268,292,702.0625,609.28571428571422,0.5234375,0.59523809523809523,False,row1_col1,512,378,0,67
3166,2332920,9fbe77467132d5c93ee01128,3166,56,35,452,284,1129.2109375,597.23342175066318,0.8828125,0.5755968169761273,False,row1_col2,512,377,0,67
3167,2262389,cdff67add7326ebbbabf8a48,3167,53,21,428,172,1034.53125,363.64657534246578,0.8359375,0.27123287671232876,False,row0_col2,512,365,0,73
3168,34491,24af453e607e44b054917896,3168,59,26,476,212,1175.515625,440.34054054054053,0.9296875,0.38108108108108107,False,row1_col2,512,370,0,71
3169,2558471,2f3e9ad50350b43cdcf05159,3169,7,40,60,324,205.7265625,681.52506596306068,0.1171875,0.68073878627968343,False,row2_col0,512,379,0,66
3170,2413540,02b8d585b96bf351d6297716,3170,36,15,292,124,741.921875,246.33074935400515,0.5703125,0.16020671834625322,False,row0_col1,512,387,0,62
3171,2234959,27299ddb09d845cec194fcb0,3171,15,41,124,332,393.953125,698.55172413793105,0.2421875,0.70291777188328908,False,row2_col0,512,377,0,67
3172,2245957,326ec13f01a3ce47feae7840,3172,5,21,44,172,240.1875,364.78421052631575,0.0859375,0.27894736842105261,False,row0_col0,512,380,0,66
3173,1996530,fae0767fbbc62b038bf2e8d7,3173,50,27,404,220,966.1796875,468.26541554959783,0.7890625,0.40482573726541554,False,row1_col2,512,373,0,69
3174,96931,2a8e2d654846ae67277a627f,3174,35,42,284,340,721.265625,709.37096774193549,0.5546875,0.72580645161290325,False,row2_col1,512,372,0,70
3175,1054113,f8d5bac9c8363fd36181c874,3175,33,22,268,180,736.296875,370.17213114754099,0.5234375,0.29234972677595628,False,row0_col1,512,366,0,73
3176,2209461,e1bd21e34648fdeb39895cd0,3176,53,26,428,212,996.1875,443.84946236559142,0.8359375,0.38172043010752688,False,row1_col2,512,372,0,70
3177,2667845,dbf09619c576033279939c88,3177,5,21,44,172,198.703125,358.24607329842934,0.0859375,0.28010471204188481,False,row0_col0,512,382,0,65
3178,1185400,e198308262ce13324faec9fd,3178,56,25,452,204,1096.390625,425.30997304582212,0.8828125,0.36118598382749328,False,row1_col2,512,371,0,70
3179,1693968,8e016ce8a91e1722991e0302,3179,16,36,132,292,381.171875,591,0.2578125,0.59677419354838712,False,row1_col0,512,372,0,70
3180,55796,290e1ce1fae9fbe3b937384c,3180,52,39,420,316,1018.7265625,674.22070844686652,0.8203125,0.66485013623978206,False,row1_col2,512,367,0,72
3181,743320,04b10b19c991ff0f07deda16,3181,24,30,196,244,543.390625,517.15999999999997,0.3828125,0.46933333333333332,False,row1_col1,512,375,0,68
3182,522355,7d21f597b4b4043eb6e57f0e,3182,51,33,412,268,1007.203125,561.98930481283423,0.8046875,0.53208556149732622,False,row1_col2,512,374,0,69
3183,2548570,b672bab83cdd2e2fd3e3b92b,3183,26,13,212,108,583.3671875,203.97905759162302,0.4140625,0.112565445026178,False,row0_col1,512,382,0,65
3184,1931615,08e2b3b386fb9b49a55d363c,3184,31,37,252,300,665.9296875,629.25263157894733,0.4921875,0.61578947368421055,False,row1_col1,512,380,0,66
3185,702564,b1e12102411c176bd5c55672,3185,36,33,292,268,766.4765625,562.5,0.5703125,0.53174603174603174,False,row1_col1,512,378,0,67
3186,1636419,f1b1a21a9d97d3eb8ef2a36a,3186,3,33,28,268,194.921875,554.6047120418848,0.0546875,0.53141361256544506,False,row1_col0,512,382,0,65
3187,2443963,7d13fb8e53e7ca10995faafd,3187,59,42,476,340,1131.9375,719.74193548387098,0.9296875,0.72580645161290325,False,row2_col2,512,372,0,70
3188,1583790,a737d81a01b3a431788a0073,3188,46,42,372,340,887.7578125,715.27520435967301,0.7265625,0.73024523160762944,False,row2_col2,512,367,0,72
3189,2008757,5749ca6a1c4e4e10cf0ec75d,3189,53,26,428,212,1065.0234375,447.71428571428572,0.8359375,0.3835978835978836,False,row1_col2,512,378,0,67
3190,874566,8ac236c9482943a0fd765323,3190,6,33,52,268,213.9375,577.57446808510645,0.1015625,0.53191489361702127,False,row1_col0,512,376,0,68
3191,355692,5477e1d816f3af5d3adf2b48,3191,44,53,356,428,877.796875,923.51813471502589,0.6953125,0.94559585492227982,False,row2_col2,512,386,0,63
3192,2844052,b4f48cd35aae2aa6542c0767,3192,20,22,164,180,438.1875,372.60975609756099,0.3203125,0.29539295392953929,False,row0_col0,512,369,0,71
3193,2000974,94b7f239fa8a30f58007d290,3193,14,33,116,268,343.859375,574.16492146596863,0.2265625,0.53141361256544506,False,row1_col0,512,382,0,65
3194,100201,173abf95d04f926226332be8,3194,41,29,332,236,813.0078125,488.48275862068965,0.6484375,0.44827586206896552,False,row1_col1,512,377,0,67
3195,1976266,af3de41611057662e83c573b,3195,10,31,84,252,253.484375,530.026525198939,0.1640625,0.49071618037135278,False,row1_col0,512,377,0,67
3196,2803499,e9bb5bb030daf0c555014200,3196,43,28,348,228,870.7734375,475.35828877005343,0.6796875,0.42513368983957217,False,row1_col2,512,374,0,69
3197,534635,2f583ef3203d5ac90b59a547,3197,43,33,348,268,900.015625,558.32887700534764,0.6796875,0.53208556149732622,False,row1_col2,512,374,0,69
3198,2168873,736df5902e9879b38b3b9634,3198,41,32,332,260,814.6328125,547.14960629921256,0.6484375,0.51181102362204722,False,row1_col1,512,381,0,65
3199,1320979,084113d51f52939d74d2a4fd,3199,19,32,156,260,415.984375,556.72000000000003,0.3046875,0.51200000000000001,False,row1_col0,512,375,0,68
3200,2102768,e8abeda485644b2b7acbf9f4,3200,48,23,388,188,911.2890625,390.78740157480314,0.7578125,0.32283464566929132,False,row0_col2,512,381,0,65
3201,2193325,31f176914f7ef2559f447dab,3201,45,30,364,244,892.1875,520.29508196721315,0.7109375,0.46721311475409838,False,row1_col2,512,366,0,73
3202,1205723,e07a60e9493523db2330e39e,3202,27,23,220,188,633.8125,387.41823056300268,0.4296875,0.31903485254691688,False,row0_col1,512,373,0,69
3203,784412,8ea3847f318908af74ca363c,3203,28,32,228,260,617.9609375,543.64921465968587,0.4453125,0.51047120418848169,False,row1_col1,512,382,0,65
3204,2841421,e9a770d135ddbd041172d1f8,3204,13,45,108,364,342.453125,756.3125,0.2109375,0.78125,False,row2_col0,512,384,0,64
3205,2135596,8213a75d6bb493befa13560d,3205,44,24,356,196,894.0625,413.5625,0.6953125,0.34375,False,row1_col2,512,384,0,64
3206,731697,baa55f7c3696feb74db32bba,3206,49,40,396,324,978.421875,681.52506596306068,0.7734375,0.68073878627968343,False,row2_col2,512,379,0,66
3207,1406297,4f1c77f5d121ab64501fbab2,3207,25,21,204,172,569.0703125,350.72580645161293,0.3984375,0.27419354838709675,False,row0_col1,512,372,0,70
3208,2234605,27299ddb09d845cec194fcb0,3208,45,35,364,284,906.765625,595.93103448275861,0.7109375,0.5755968169761273,False,row1_col2,512,377,0,67
3209,1927690,0493c50e4f0350b831275383,3209,10,40,84,324,326.9453125,686.27431421446386,0.1640625,0.67082294264339148,False,row2_col0,512,401,0,55
3210,1984028,152a6af5fd08ee8687052c5c,3210,28,24,228,196,610.7265625,420.40800000000002,0.4453125,0.34133333333333332,False,row1_col1,512,375,0,68
3211,1170035,81f7959be88c5f860c5fc715,3211,51,41,412,332,988.7890625,677.76455026455028,0.8046875,0.70105820105820105,False,row2_col2,512,378,0,67
3212,2422277,37007bcf2d5f43196d17bd6c,3212,5,24,44,196,209.53125,418.11466666666666,0.0859375,0.34133333333333332,False,row1_col0,512,375,0,68
3213,2013724,d6dbdc0bd6330963f936dfc9,3213,28,40,228,324,590.9609375,680.48461538461538,0.4453125,0.67435897435897441,False,row2_col1,512,390,0,61
3214,2186339,e47bf05116ca1e4921049cf3,3214,35,49,284,396,749.1484375,844.9750623441397,0.5546875,0.85037406483790523,False,row2_col1,512,401,0,55
3215,2943081,b775ec910e16d493500239f2,3215,41,33,332,268,812.1171875,574.47905759162313,0.6484375,0.53141361256544506,False,row1_col1,512,382,0,65
3216,46406,077aa432a213e8c3b3f6523a,3216,6,21,52,172,226.921875,365.28648648648647,0.1015625,0.27297297297297296,False,row0_col0,512,370,0,71
3217,2345445,feca696a5660a740402e9811,3217,37,39,300,316,797.4296875,669.44594594594594,0.5859375,0.66216216216216217,False,row1_col1,512,370,0,71
3218,1586015,84f95a6d6caa9fedd81a91ce,3218,31,13,252,108,661.8515625,190.40000000000001,0.4921875,0.10666666666666667,False,row0_col1,512,375,0,68
3219,1940003,0d760570a7d92d299c04d427,3219,35,40,284,324,738.2734375,685.25194805194803,0.5546875,0.67792207792207793,False,row2_col1,512,385,0,63
3220,764086,9e3ff6a52f10ae8e139d3c38,3220,54,34,436,276,1048.234375,583.97911227154054,0.8515625,0.55352480417754568,False,row1_col2,512,383,0,64
3221,1140945,02942ca02fdcb799d7cb7726,3221,17,35,140,284,405.0625,580.85714285714289,0.2734375,0.5714285714285714,False,row1_col0,512,392,0,60
3222,570982,1e5e68e0329b0ca73274b4b5,3222,38,25,308,204,791.921875,422.79527559055117,0.6015625,0.3648293963254593,False,row1_col1,512,381,0,65
3223,2205837,51a10a40effe2814ad9fdc08,3223,13,34,108,276,303.8203125,580.0450928381963,0.2109375,0.55437665782493373,False,row1_col0,512,377,0,67
3224,2532839,129602615670ca169c5d2adf,3224,39,23,316,188,755.4609375,393.34946236559142,0.6171875,0.31720430107526881,False,row0_col1,512,372,0,70
3225,2942375,b775ec910e16d493500239f2,3225,39,22,316,180,777.4609375,383.96596858638748,0.6171875,0.30104712041884818,False,row0_col1,512,382,0,65
3226,993650,da9443ca80beecb493467926,3226,50,37,404,300,973.0703125,646.51451187335101,0.7890625,0.61741424802110823,False,row1_col2,512,379,0,66
3227,1219269,fa425b55ae4649a7440cdfd7,3227,5,43,44,348,201.703125,725.26737967914437,0.0859375,0.74598930481283421,False,row2_col0,512,374,0,69
3228,653485,558c1de5d92b5f300ff8d7a4,3228,45,34,364,276,903.140625,571.4632152588556,0.7109375,0.55585831062670299,False,row1_col2,512,367,0,72
3229,1107982,8d1384cdea9081ff9ee66728,3229,14,32,116,260,370.578125,543.72000000000003,0.2265625,0.51200000000000001,False,row1_col0,512,375,0,68
3230,1451722,53f85fa89c59271d3ffb3641,3230,10,27,84,220,320.796875,423.44680851063828,0.1640625,0.40425531914893614,False,row1_col0,512,376,0,68
3231,2176715,e3ecaf99c788239f18c8a991,3231,11,27,92,220,293.1171875,459.31675392670161,0.1796875,0.40575916230366493,False,row1_col0,512,382,0,65
3232,1848815,cdd3402e4d0aa4a5fbc61954,3232,47,23,380,188,887.6640625,390.973474801061,0.7421875,0.32095490716180369,False,row0_col2,512,377,0,67
3233,1948581,9ac9ebb9578650063235ec30,3233,37,46,300,372,737.9453125,792.03394255874673,0.5859375,0.80417754569190603,False,row2_col1,512,383,0,64
3234,1047536,c1ff20ff899dc91318e1d07f,3234,48,47,388,380,979.4140625,802.16666666666663,0.7578125,0.82804232804232802,False,row2_col2,512,378,0,67
3235,2844508,b4f48cd35aae2aa6542c0767,3235,28,29,228,236,577.1875,494.17073170731709,0.4453125,0.44715447154471544,False,row1_col1,512,369,0,71
3236,321672,f228eee20ee0df690a4e51b6,3236,8,34,68,276,264.2890625,590.31550802139031,0.1328125,0.553475935828877,False,row1_col0,512,374,0,69
3237,1127650,802b8776e6e8022705bfa739,3237,34,19,276,156,680.0546875,308.18670076726346,0.5390625,0.24552429667519182,False,row0_col1,512,391,0,60
3238,960559,21eca792f54b686012c5c7ae,3238,47,32,380,260,956.3125,536.77142857142849,0.7421875,0.51168831168831164,False,row1_col2,512,385,0,63
3239,1436345,6dc9bf8ff05d6f7df0e30315,3239,57,42,460,340,1097.3671875,696.62068965517244,0.8984375,0.72413793103448276,False,row2_col2,512,377,0,67
3240,522574,7d21f597b4b4043eb6e57f0e,3240,14,37,116,300,365.484375,631.29411764705878,0.2265625,0.61764705882352944,False,row1_col0,512,374,0,69
3241,2079716,f90b9ab0071176524a75e54f,3241,36,47,292,380,719.0625,810.70418848167537,0.5703125,0.82460732984293195,False,row2_col1,512,382,0,65
3242,1906570,29967e147eb9c7a768964adf,3242,10,30,84,244,287.3046875,517.29177718832898,0.1640625,0.46949602122015915,False,row1_col0,512,377,0,67
3243,2689667,d692f72fe45c727cb0757d5a,3243,3,42,28,340,239.1015625,700.59897172236504,0.0546875,0.71722365038560409,False,row2_col0,512,389,0,61
3244,1906737,29967e147eb9c7a768964adf,3244,49,32,396,260,957.0078125,551.66843501326264,0.7734375,0.51193633952254647,False,row1_col2,512,377,0,67
3245,2229995,d81cb231e10288659e7909e8,3245,43,27,348,220,894.578125,467.22997416020672,0.6796875,0.40826873385012918,False,row1_col2,512,387,0,62
3246,108982,6ac91469a3c514313640a2f3,3246,54,38,436,308,1056.3828125,646.07297297297293,0.8515625,0.64054054054054055,False,row1_col2,512,370,0,71
3247,2914385,fede9202cd41f9fef004cc9a,3247,17,33,140,268,386.328125,567.33870967741927,0.2734375,0.532258064516129,False,row1_col0,512,372,0,70
3248,903961,2b4b6352c349b3d52ed92754,3248,25,44,204,356,564.8671875,762.32653061224482,0.3984375,0.75510204081632648,False,row2_col1,512,392,0,60
3249,1980297,17686a11fc83b9f929d8d85e,3249,9,30,76,244,324.6875,517.32258064516122,0.1484375,0.46774193548387094,False,row1_col0,512,372,0,70
3250,1628570,837b596140a1742b25c45e12,3250,26,38,212,308,561.3671875,641.98630136986299,0.4140625,0.64383561643835618,False,row1_col1,512,365,0,73
3251,2636498,ee0789a261852bef9369707a,3251,18,43,148,348,461.703125,741.2102425876011,0.2890625,0.74932614555256061,False,row2_col0,512,371,0,70
3252,1935215,7b57de0d35adaa2f8254baa8,3252,47,29,380,236,1011.4375,493.66577540106954,0.7421875,0.446524064171123,False,row1_col2,512,374,0,69
3253,1718474,026bf89f372e56e84406ddb9,3253,10,35,84,284,306.6171875,579.10684931506853,0.1640625,0.57808219178082187,False,row1_col0,512,365,0,73
3254,616747,ce80ae72436d84596ffaa522,3254,43,36,348,292,857.453125,620.73170731707319,0.6796875,0.59891598915989164,False,row1_col2,512,369,0,71
3255,1571108,2a108eb667fa6df333f44d0c,3255,36,36,292,292,726.3359375,599.30952380952385,0.5703125,0.59523809523809523,False,row1_col1,512,378,0,67
3256,1960083,113ae33369eea4ce7f0b6955,3256,19,34,156,276,430.8515625,586.0450928381963,0.3046875,0.55437665782493373,False,row1_col0,512,377,0,67
3257,1058912,85585001e772ec3cedc01ff3,3257,32,33,260,268,721.609375,556.82608695652175,0.5078125,0.53260869565217395,False,row1_col1,512,368,0,72
3258,2451236,9eb7c57cc60b7fe25deb2951,3258,36,28,292,228,714.4765625,478.28260869565219,0.5703125,0.42391304347826086,False,row1_col1,512,368,0,72
3259,1026822,a5544cf8c3f4495df7d798ea,3259,6,44,52,356,226.9375,756.2285714285714,0.1015625,0.76103896103896107,False,row2_col0,512,385,0,63
3260,1468359,7d4e47ad65dc99387ba61cb2,3260,7,31,60,252,257.7265625,520.93424657534251,0.1171875,0.49041095890410957,False,row1_col0,512,365,0,73
3261,1711215,a8bb3126ece458be91eaa829,3261,47,49,380,396,941.6640625,824.5430809399478,0.7421875,0.86684073107049608,False,row2_col2,512,383,0,64
3262,469640,7c41685bf488a58de2fe104b,3262,8,42,68,340,250.0234375,723.70526315789471,0.1328125,0.72105263157894739,False,row2_col0,512,380,0,66
3263,1760057,91b902f7a2f5112ece6e0093,3263,57,44,460,356,1141.3671875,752.98648648648646,0.8984375,0.77027027027027029,False,row2_col2,512,370,0,71
3264,2038534,df64943a259e759b69c57f25,3264,6,44,52,356,229.6171875,751.92838196286471,0.1015625,0.76657824933687002,False,row2_col0,512,377,0,67
3265,2451760,9eb7c57cc60b7fe25deb2951,3265,48,36,388,292,922.4140625,617.06521739130426,0.7578125,0.59782608695652173,False,row1_col2,512,368,0,72
3266,701752,b1e12102411c176bd5c55672,3266,56,20,452,164,1113.0390625,337.16666666666669,0.8828125,0.25661375661375663,False,row0_col2,512,378,0,67
3267,1438375,4d84e8bbae7d2af42353df02,3267,39,10,316,84,751.3125,152.93103448275861,0.6171875,0.045092838196286469,False,row0_col1,512,377,0,67
3268,2685236,9a9832c17e186ccd3563cf20,3268,52,36,420,292,1049.1640625,609.42175066313007,0.8203125,0.59681697612732099,False,row1_col2,512,377,0,67
3269,996487,329683efc579c51b53f71da8,3269,7,18,60,148,255.3125,303.2421052631579,0.1171875,0.21578947368421053,False,row0_col0,512,380,0,66
3270,559085,9cc1a3ed2a8e6c5e9def5c8e,3270,45,31,364,252,868.453125,528.89037433155079,0.7109375,0.48930481283422461,False,row1_col2,512,374,0,69
3271,2279341,5676e48fb1caa42ecdd07480,3271,45,30,364,244,856.4296875,514.0977443609022,0.7109375,0.47117794486215536,False,row1_col2,512,399,0,56
3272,1796639,a54c971a682d36aeda7976b7,3272,31,40,252,324,637.359375,670.57260273972599,0.4921875,0.68767123287671228,False,row2_col1,512,365,0,73
3273,1542548,8f1c99d05825e89d71c9284b,3273,20,38,164,308,470.1875,637.00804289544237,0.3203125,0.64075067024128685,False,row1_col0,512,373,0,69
3274,1599736,23a5cec8b53655a008a5043b,3274,56,35,452,284,1060.3359375,586.52762430939231,0.8828125,0.57734806629834257,False,row1_col2,512,362,0,75
3275,1169949,81f7959be88c5f860c5fc715,3275,29,40,236,324,608.2578125,660.47354497354502,0.4609375,0.67989417989417988,False,row2_col1,512,378,0,67
3276,1522043,d78a35ec684695d072d6b211,3276,59,37,476,300,1129.234375,620.15817694369969,0.9296875,0.61930294906166217,False,row1_col2,512,373,0,69
3277,2713610,29885a385c0c3cb416f20ecb,3277,10,32,84,260,326.453125,540.73170731707319,0.1640625,0.51219512195121952,False,row1_col0,512,369,0,71
3278,2435913,28b53dd19c8f65de13e95cab,3278,9,45,76,364,283.6875,775.80481283422466,0.1484375,0.78877005347593587,False,row2_col0,512,374,0,69
3279,1168656,81f7959be88c5f860c5fc715,3279,16,20,132,164,383.3984375,314.65343915343919,0.2578125,0.25661375661375663,False,row0_col0,512,378,0,67
3280,1631580,e235136cfdcae670bc7ef694,3280,28,21,228,172,619.734375,342.04255319148933,0.4453125,0.27659574468085107,False,row0_col1,512,376,0,68
3281,2203037,25243d794ab291df05447bc6,3281,29,54,236,436,622.03125,923.81167108753311,0.4609375,0.97877984084880632,False,row2_col1,512,377,0,67
3282,748208,5c1bf30bc1a4f784d36c8062,3282,48,42,388,340,952.8984375,713.5200000000001,0.7578125,0.72533333333333339,False,row2_col2,512,375,0,68
3283,588599,6d36a77190afe991bdd3beaf,3283,55,44,444,356,1070.7109375,740.66666666666663,0.8671875,0.76881720430107525,False,row2_col2,512,372,0,70
3284,1291302,18b34aa0fc8c8af8138154fe,3284,38,16,308,132,788.328125,269.78260869565219,0.6015625,0.16304347826086957,False,row0_col1,512,368,0,72
3285,2385707,068d42fadee7759ebbad25c7,3285,43,28,348,228,887.9375,477.61518324607329,0.6796875,0.42670157068062825,False,row1_col2,512,382,0,65
3286,2697104,187703c2aaaaa1fd86865fe2,3286,16,30,132,244,432.3984375,501.05235602094245,0.2578125,0.468586387434555,False,row1_col0,512,382,0,65
3287,2442959,7d13fb8e53e7ca10995faafd,3287,15,27,124,220,378.4375,462.96774193548384,0.2421875,0.40322580645161288,False,row1_col0,512,372,0,70
3288,173941,d140f47bc847b703c1b20aec,3288,53,29,428,236,1083.0546875,479.68449197860963,0.8359375,0.446524064171123,False,row1_col2,512,374,0,69
3289,177326,ab203b05744a96fec97462f3,3289,46,18,372,148,923.578125,318.07086614173227,0.7265625,0.2178477690288714,False,row0_col2,512,381,0,65
3290,539261,334d09cec1e33736f5ceeeae,3290,61,41,492,332,1174.796875,705.55813953488371,0.9609375,0.69767441860465118,False,row2_col2,512,387,0,62
3291,1665529,06a76bf899fbda6d8aa83969,3291,57,39,460,316,1105.671875,655.23404255319144,0.8984375,0.65957446808510634,False,row1_col2,512,376,0,68
3292,1939190,0d760570a7d92d299c04d427,3292,54,27,436,220,1062.7578125,463.20519480519482,0.8515625,0.40779220779220782,False,row1_col2,512,385,0,63
3293,809786,8d754e60af04c510870195a0,3293,58,44,468,356,1125.8671875,744.16621983914206,0.9140625,0.76943699731903481,False,row2_col2,512,373,0,69
3294,1501615,98b721a6ed7b9a91ce5e0586,3294,47,38,380,308,913.859375,652.39999999999998,0.7421875,0.64000000000000001,False,row1_col2,512,375,0,68
3295,1799675,5dcfc0e65ab4ebc09fc86fbe,3295,59,23,476,188,1151.0234375,367.10439560439556,0.9296875,0.31318681318681318,False,row0_col2,512,364,0,74
3296,407955,f7464ed5a8656ac375a0fb2d,3296,19,38,156,308,488.8125,653.86920980926425,0.3046875,0.64305177111716616,False,row1_col0,512,367,0,72
3297,292821,fe93b73ddd86f0b267f37da8,3297,21,31,172,252,502.5703125,531.36870026525207,0.3359375,0.49071618037135278,False,row1_col1,512,377,0,67
3298,772264,6a57e03e1905b5c4210bc584,3298,40,34,324,276,825.5234375,567.27999999999997,0.6328125,0.55466666666666664,False,row1_col1,512,375,0,68
3299,305514,7362ade95f32642a9f44c44a,3299,42,37,340,300,883.078125,638.01256281407041,0.6640625,0.61055276381909551,False,row1_col1,512,398,0,57
3300,2054149,43a8d937bdc326d6174ea535,3300,5,32,44,260,242.2734375,551.57446808510633,0.0859375,0.51063829787234039,False,row1_col0,512,376,0,68
3301,477049,7f3d7c6e6a7b6f584a7abbea,3301,57,29,460,236,1122.078125,494.90721649484539,0.8984375,0.4484536082474227,False,row1_col2,512,388,0,62
3302,22605,cc828a68ca0395b4acfbcc94,3302,13,33,108,268,353.453125,571.81621621621616,0.2109375,0.53243243243243243,False,row1_col0,512,370,0,71
3303,907343,97a12b10cd4059a0d96d7b1c,3303,15,33,124,268,401.859375,552.48787061994608,0.2421875,0.53369272237196763,False,row1_col0,512,371,0,70
3304,1280888,105a0d805d335f73991581b8,3304,56,45,452,364,1124.2734375,765.52879581151831,0.8828125,0.7827225130890052,False,row2_col2,512,382,0,65
3305,903707,2b4b6352c349b3d52ed92754,3305,27,40,220,324,599.5234375,693.10204081632651,0.4296875,0.67346938775510201,False,row2_col1,512,392,0,60
3306,293111,fe93b73ddd86f0b267f37da8,3306,55,35,444,284,1094.9140625,601.14058355437669,0.8671875,0.5755968169761273,False,row1_col2,512,377,0,67
3307,1492520,03b92d95da6694e6f43e0193,3307,40,24,324,196,801.359375,388.32901554404145,0.6328125,0.34455958549222798,False,row1_col1,512,386,0,63
3308,2275997,d25a12404a5aa914a7906fd6,3308,29,42,236,340,648.1875,720.34042553191489,0.4609375,0.72340425531914898,False,row2_col1,512,376,0,68
3309,2406894,cbbfcf781cf2e6b2a448637f,3309,46,39,372,316,904.671875,658.71875,0.7265625,0.65625,False,row1_col2,512,384,0,64
3310,2287447,9183cf46ec95f7416fc2cadd,3310,23,29,188,236,508.703125,489.32453825857522,0.3671875,0.44854881266490765,False,row1_col1,512,379,0,66
3311,1526227,07b130ea95144215cd673c8b,3311,19,39,156,316,461.765625,658.5,0.3046875,0.65789473684210531,False,row1_col0,512,380,0,66
3312,731960,baa55f7c3696feb74db32bba,3312,56,44,452,356,1099.390625,750.67546174142478,0.8828125,0.76517150395778366,False,row2_col2,512,379,0,66
3313,977010,2d869e49280e98d4f624cdc6,3313,50,33,404,268,966.75,580.34177215189868,0.7890625,0.53164556962025311,False,row1_col2,512,395,0,58
3314,2225595,b412565dd5f18a8e4ce8533b,3314,59,22,476,180,1120.7265625,374.37984496124034,0.9296875,0.30490956072351422,False,row0_col2,512,387,0,62
3315,1943843,8ce9e51dbad44f0e4107d965,3315,35,36,284,292,693.4921875,618.76902887139113,0.5546875,0.59580052493438318,False,row1_col1,512,381,0,65
3316,538832,334d09cec1e33736f5ceeeae,3316,16,35,132,284,397.140625,601.99224806201551,0.2578125,0.5736434108527132,False,row1_col0,512,387,0,62
3317,2341025,c977bea10bf03c99460cec13,3317,33,34,268,276,679.78125,580.5,0.5234375,0.55263157894736847,False,row1_col1,512,380,0,66
3318,378846,e8ddd34887fc884dcb436a60,3318,30,31,244,252,635.9375,527.39622641509436,0.4765625,0.49056603773584906,False,row1_col1,512,371,0,70
3319,2644636,09b397b83ed83e6306d85ec0,3319,28,42,228,340,613.8515625,715.27520435967301,0.4453125,0.73024523160762944,False,row2_col1,512,367,0,72
3320,2291632,8430cec5bf6a0ee7d4c4b34e,3320,48,30,388,244,985.2890625,503.4221635883905,0.7578125,0.46965699208443273,False,row1_col2,512,379,0,66
3321,1348617,347841146c8588b3b0ef8cd2,3321,9,16,76,132,241.5078125,266.40425531914894,0.1484375,0.1702127659574468,False,row0_col0,512,376,0,68
3322,324195,99a260d84ec3760c5165b1f1,3322,35,9,284,76,706.484375,145.78534031413614,0.5546875,0.028795811518324606,False,row0_col1,512,382,0,65
3323,1628527,837b596140a1742b25c45e12,3323,47,37,380,300,924.6015625,624.69315068493142,0.7421875,0.62191780821917808,False,row1_col2,512,365,0,73
3324,2275935,d25a12404a5aa914a7906fd6,3324,31,41,252,332,682.4375,703.21276595744678,0.4921875,0.7021276595744681,False,row2_col1,512,376,0,68
3325,161910,d60c6fc93e9eed8f0286cc7b,3325,54,33,436,268,1074.9375,567.62264150943395,0.8515625,0.53369272237196763,False,row1_col2,512,371,0,70
3326,1947345,9ac9ebb9578650063235ec30,3326,17,27,140,220,394.5078125,465.80939947780678,0.2734375,0.40731070496083549,False,row1_col0,512,383,0,64
3327,2429913,63727db752b5ff12377d012c,3327,25,15,204,124,575.8671875,253.84375,0.3984375,0.15625,False,row0_col1,512,384,0,64
3328,2940011,fe6f136289ff3cf96e9fa7fa,3328,43,49,348,396,851.7734375,839.20855614973266,0.6796875,0.87433155080213909,False,row2_col2,512,374,0,69
3329,129199,d81b3f05cb672cfc776b9aa0,3329,47,34,380,276,940.0859375,579.4632152588556,0.7421875,0.55585831062670299,False,row1_col2,512,367,0,72
3330,989882,cd0de5b2186c92b842b4814a,3330,58,42,468,340,1158.296875,706.16666666666663,0.9140625,0.72222222222222221,False,row2_col2,512,378,0,67
3331,460216,89b989a81f1da592d59cc87b,3331,56,22,452,180,1112.6875,380.60975609756099,0.8828125,0.29539295392953929,False,row0_col2,512,369,0,71
3332,2664353,1f71908a38f1553f04f21601,3332,33,30,268,244,722.4921875,496.57824933687004,0.5234375,0.46949602122015915,False,row1_col1,512,377,0,67
3333,2307877,eebb80b7602a9bc51384c3b3,3333,37,28,300,228,759.53125,480.44961240310079,0.5859375,0.4289405684754522,False,row1_col1,512,387,0,62
3334,1137317,b8c1aa202c435cfafd7ff1ed,3334,37,42,300,340,783.8046875,717,0.5859375,0.72580645161290325,False,row2_col1,512,372,0,70
3335,2291821,8430cec5bf6a0ee7d4c4b34e,3335,45,33,364,268,934.0546875,554.71503957783636,0.7109375,0.53298153034300788,False,row1_col2,512,379,0,66
3336,2341562,c977bea10bf03c99460cec13,3336,58,42,468,340,1109.46875,718.10000000000002,0.9140625,0.72105263157894739,False,row2_col2,512,380,0,66
3337,571503,1e5e68e0329b0ca73274b4b5,3337,47,33,380,268,946.890625,560.3700787401574,0.7421875,0.53280839895013121,False,row1_col2,512,381,0,65
3338,780629,b1a39c8c93fe4d79d6ff8d44,3338,21,37,172,300,474.203125,635.10000000000002,0.3359375,0.61578947368421055,False,row1_col1,512,380,0,66
3339,2709621,4d5d55e234be8f30903864ed,3339,53,33,428,268,1039.203125,561.85106382978722,0.8359375,0.53191489361702127,False,row1_col2,512,376,0,68
3340,43618,ca1191675acfe9ec5285967b,3340,34,41,276,332,682.046875,711.89999999999998,0.5390625,0.69999999999999996,False,row2_col1,512,380,0,66
3341,1837855,c3cb302619dac53bc3e9a2b8,3341,31,44,252,356,637.453125,763.09549071618039,0.4921875,0.76657824933687002,False,row2_col1,512,377,0,67
3342,1910693,4232070a33fbc4fa24180e8d,3342,37,30,300,244,744.703125,513.66580310880829,0.5859375,0.4689119170984456,False,row1_col1,512,386,0,63
3343,2553756,d51f5564f4e76c5f59463abb,3343,28,30,228,244,623.1875,503.40625,0.4453125,0.46875,False,row1_col1,512,384,0,64
3344,1194740,e2d24e5a47106bd7023a7d65,3344,52,43,420,348,1023.6484375,740.68435013262604,0.8203125,0.74535809018567645,False,row2_col2,512,377,0,67
3345,766593,13d984a7b264eb7393bb4bbb,3345,1,10,12,84,129.015625,161.48663101604279,0.0234375,0.040106951871657755,False,row0_col0,512,374,0,69
3346,1750424,c192edd74fe8165b22e50c5a,3346,24,22,196,180,535.390625,356.96658097686378,0.3828125,0.3059125964010283,False,row0_col1,512,389,0,61
3347,1856890,7a0f74886ddf2564aac2dcae,3347,58,21,468,172,1098.7265625,364.596256684492,0.9140625,0.27540106951871657,False,row0_col2,512,374,0,69
3348,2219042,edb01c151c563bb82cc5df9d,3348,34,48,276,388,710.734375,823.42440318302386,0.5390625,0.85145888594164454,False,row2_col1,512,377,0,67
3349,273064,a5e44a049f152deb435edd40,3349,40,42,324,340,815.6875,717.49865951742629,0.6328125,0.72654155495978556,False,row2_col1,512,373,0,69
3350,2222115,442850a2087d62c7e9453fcd,3350,35,32,284,260,747.9375,543.55913978494618,0.5546875,0.510752688172043,False,row1_col1,512,372,0,70
3351,1051122,fa0627dfc5562d2d1ffb7450,3351,50,39,404,316,992.0703125,659.33870967741927,0.7890625,0.66129032258064513,False,row1_col2,512,372,0,70
3352,1051645,fa0627dfc5562d2d1ffb7450,3352,61,47,492,380,1182.6796875,797.83333333333337,0.9609375,0.83333333333333337,False,row2_col2,512,372,0,70
3353,2231012,d81cb231e10288659e7909e8,3353,36,43,292,348,774.921875,740.42894056847547,0.5703125,0.73901808785529721,False,row2_col1,512,387,0,62
3354,767353,13d984a7b264eb7393bb4bbb,3354,57,21,460,172,1100.265625,352.07486631016042,0.8984375,0.27540106951871657,False,row0_col2,512,374,0,69
3355,2762576,7518c6376e2146766b15e23d,3355,16,29,132,236,387.6875,506.17322834645665,0.2578125,0.44881889763779526,False,row1_col0,512,381,0,65
3356,2169203,736df5902e9879b38b3b9634,3356,51,37,412,300,986.3515625,632.92388451443571,0.8046875,0.61679790026246717,False,row1_col2,512,381,0,65
3357,2230875,d81cb231e10288659e7909e8,3357,27,41,220,332,621.078125,706.27906976744191,0.4296875,0.69767441860465118,False,row2_col1,512,387,0,62
3358,2107944,5d258a6d34f1b116ab308ce4,3358,40,40,324,324,803.5625,667.08510638297867,0.6328125,0.68085106382978722,False,row2_col1,512,376,0,68
3359,1697840,bcf903efa792910c09f1c106,3359,48,32,388,260,940.6875,513.2809917355371,0.7578125,0.51239669421487599,False,row1_col2,512,363,0,74
3360,484870,acce3e29a49a891a750d40b5,3360,6,24,52,196,221.4296875,415.8174603174603,0.1015625,0.34126984126984128,False,row1_col0,512,378,0,67
3361,2197591,b7cc7826ac85ae8215b61101,3361,23,33,188,268,537.4375,570.17368421052629,0.3671875,0.53157894736842104,False,row1_col1,512,380,0,66
3362,2692168,5ddeb64b3381d9f94e5481f0,3362,8,17,68,140,303.2890625,281.47849462365593,0.1328125,0.18817204301075269,False,row0_col0,512,372,0,70
3363,1812776,6cdb89370c1447e2daa1d31d,3363,40,36,324,292,789.890625,613.87131367292227,0.6328125,0.59785522788203749,False,row1_col1,512,373,0,69
3364,422684,0f0e951d310459324ed1146f,3364,28,12,228,100,614.2890625,197.09999999999999,0.4453125,0.089473684210526316,False,row0_col1,512,380,0,66
3365,1259789,ef59d1cbf4b57d08ba6bcb44,3365,13,36,108,292,375.9296875,618.43717277486917,0.2109375,0.59424083769633507,False,row1_col0,512,382,0,65
3366,923673,b7567bf06817bd7baf211db1,3366,25,32,204,260,557.078125,542.61702127659578,0.3984375,0.51063829787234039,False,row1_col1,512,376,0,68
3367,424146,0f0e951d310459324ed1146f,3367,18,35,148,284,442.2578125,592.70000000000005,0.2890625,0.5736842105263158,False,row1_col0,512,380,0,66
3368,1931236,08e2b3b386fb9b49a55d363c,3368,36,31,292,252,751.6328125,526.43157894736851,0.5703125,0.48947368421052634,False,row1_col1,512,380,0,66
3369,690167,7ab749d4fd062c3c49f0ba2a,3369,55,31,444,252,1098.9765625,512.43089430894315,0.8671875,0.49051490514905149,False,row1_col2,512,369,0,71
3370,1971334,bc5170b2dbd4e825a4bfa3ef,3370,6,18,52,148,205.6171875,307.36363636363637,0.1015625,0.22077922077922077,False,row0_col0,512,385,0,63
3371,870916,f393274be3847e33f5ac073b,3371,4,40,36,324,159.765625,679.13821138211381,0.0703125,0.68563685636856364,False,row2_col0,512,369,0,71
3372,1975924,af3de41611057662e83c573b,3372,52,25,420,204,971.421875,427.53315649867375,0.8203125,0.36339522546419101,False,row1_col2,512,377,0,67
3373,1817373,025ca213a8b93a50670ce0b0,3373,29,44,236,356,643.796875,751.23036649214669,0.4609375,0.76178010471204194,False,row2_col1,512,382,0,65
3374,616438,ce80ae72436d84596ffaa522,3374,54,31,436,252,1048.234375,533.90243902439022,0.8515625,0.49051490514905149,False,row1_col2,512,369,0,71
3375,1693158,8e016ce8a91e1722991e0302,3375,38,23,308,188,762.734375,365.66666666666663,0.6015625,0.31720430107526881,False,row0_col1,512,372,0,70
3376,1865802,f811b6561edd9f797ff5e802,3376,10,33,84,268,298.3046875,561.86666666666667,0.1640625,0.53333333333333333,False,row1_col0,512,375,0,68
3377,960751,21eca792f54b686012c5c7ae,3377,47,35,380,284,956.3125,588.88571428571424,0.7421875,0.574025974025974,False,row1_col2,512,385,0,63
3378,1971302,bc5170b2dbd4e825a4bfa3ef,3378,38,17,308,140,755.1171875,290.20000000000005,0.6015625,0.20000000000000001,False,row0_col1,512,385,0,63
3379,354971,5477e1d816f3af5d3adf2b48,3379,27,42,220,340,582.953125,732.92746113989642,0.4296875,0.71761658031088082,False,row2_col1,512,386,0,63
3380,1975982,af3de41611057662e83c573b,3380,46,26,372,212,868.859375,444.61538461538464,0.7265625,0.38461538461538464,False,row1_col2,512,377,0,67
3381,1521868,d78a35ec684695d072d6b211,3381,12,35,100,284,317.015625,585.58445040214474,0.1953125,0.57640750670241292,False,row1_col0,512,373,0,69
3382,2471170,e9b79f16d364e3a2fa877ce7,3382,2,20,20,164,161.046875,332.07567567567565,0.0390625,0.25135135135135134,False,row0_col0,512,370,0,71
3383,1845380,439720347b525b459d2cd2a2,3383,4,34,36,276,239.0625,600.83120204603574,0.0703125,0.55242966751918154,False,row1_col0,512,391,0,60
3384,2501303,ba9db5a3245e9a9afea5743b,3384,55,42,444,340,1062.640625,705.02673796791441,0.8671875,0.72459893048128343,False,row2_col2,512,374,0,69
3385,899320,06a2536925aca2673e4f022e,3385,56,35,452,284,1065.6875,588.88888888888891,0.8828125,0.57407407407407407,False,row1_col2,512,378,0,67
3386,1247188,0d9ba0bed26dc6d0fa606188,3386,20,31,164,252,450.546875,519.40871934604911,0.3203125,0.49046321525885561,False,row1_col0,512,367,0,72
3387,2566982,a96e8fbb128dc3f4ea56a755,3387,6,45,52,364,199.921875,767.57142857142856,0.1015625,0.7857142857142857,False,row2_col0,512,378,0,67
3388,2635046,ee0789a261852bef9369707a,3388,38,20,308,164,807.328125,343.94878706199461,0.6015625,0.25336927223719674,False,row0_col1,512,371,0,70
3389,2303373,79609d9f8ec519016767e49f,3389,13,22,108,180,385.1875,372.19999999999999,0.2109375,0.29999999999999999,False,row0_col0,512,380,0,66
3390,305320,7362ade95f32642a9f44c44a,3390,40,34,324,276,848.015625,585.36934673366841,0.6328125,0.55025125628140703,False,row1_col1,512,398,0,57
3391,391525,e8aecbbad790f36193dfc2a6,3391,37,37,300,300,763.5625,625.05897435897441,0.5859375,0.61282051282051286,False,row1_col1,512,390,0,61
3392,1533285,525e253a65f0af92629166a4,3392,37,21,300,172,771.046875,353.27012987012984,0.5859375,0.2831168831168831,False,row0_col1,512,385,0,63
3393,358966,bafa334c6c43147b890e28ed,3393,54,40,436,324,1045.6796875,678.09473684210525,0.8515625,0.67894736842105263,False,row2_col2,512,380,0,66
3394,460829,89b989a81f1da592d59cc87b,3394,29,32,236,260,643.5625,554.26829268292681,0.4609375,0.51219512195121952,False,row1_col1,512,369,0,71
3395,2566840,a96e8fbb128dc3f4ea56a755,3395,56,42,452,340,1060.859375,715.88888888888891,0.8828125,0.72222222222222221,False,row2_col2,512,378,0,67
3396,2053936,43a8d937bdc326d6174ea535,3396,48,28,388,228,979.3203125,482.97872340425533,0.7578125,0.42553191489361702,False,row1_col2,512,376,0,68
3397,223540,6d76d8f8a00db7e46f92f530,3397,52,36,420,292,1017.0859375,622.34042553191489,0.8203125,0.5957446808510638,False,row1_col2,512,376,0,68
3398,2910047,922064a26912754f70ed0696,3398,31,29,252,236,642.8515625,491.73913043478257,0.4921875,0.44565217391304346,False,row1_col1,512,368,0,72
3399,2336224,7413f29906bbedeb019fea89,3399,32,23,260,188,696.5625,395.86082474226805,0.5078125,0.32474226804123713,False,row0_col1,512,388,0,62
3400,1709625,a8bb3126ece458be91eaa829,3400,57,24,460,196,1113.3828125,395.30026109660577,0.8984375,0.34464751958224543,False,row1_col2,512,383,0,64
3401,2098479,6393cda3292692bfb1ba6fc7,3401,47,20,380,164,962.953125,338.44591029023746,0.7421875,0.25857519788918204,False,row0_col2,512,379,0,66
3402,2025621,53e9a502e46a7b9e168d9115,3402,21,34,172,276,462.1875,591.31914893617022,0.3359375,0.55319148936170215,False,row1_col1,512,376,0,68
3403,2516740,a4a1ff5a510d9f0f6ff44d92,3403,4,28,36,228,238.8359375,471.98148148148147,0.0703125,0.42592592592592593,False,row1_col0,512,378,0,67
3404,2406476,cbbfcf781cf2e6b2a448637f,3404,12,33,100,268,319.234375,555.34375,0.1953125,0.53125,False,row1_col0,512,384,0,64
3405,2095434,df913345c4c2be5eeed41459,3405,10,37,84,300,312.9453125,638.29533678756468,0.1640625,0.61398963730569944,False,row1_col0,512,386,0,63
3406,461024,89b989a81f1da592d59cc87b,3406,32,35,260,284,695.6875,606.36585365853659,0.5078125,0.57723577235772361,False,row1_col1,512,369,0,71
3407,2405928,cbbfcf781cf2e6b2a448637f,3407,40,24,324,196,801.359375,400.28125,0.6328125,0.34375,False,row1_col1,512,384,0,64
3408,1574437,fc56ae52e06ade318ea4d493,3408,37,24,300,196,752.703125,382.30645161290323,0.5859375,0.33870967741935482,False,row1_col1,512,372,0,70
3409,1861661,f4ac4da33960d6b1e1780732,3409,29,32,236,260,570.265625,546.05497382198951,0.4609375,0.51047120418848169,False,row1_col1,512,382,0,65
3410,2057712,80f88014c0d14ab592726fe3,3410,48,23,388,188,934.8359375,402.54691689008041,0.7578125,0.31903485254691688,False,row0_col2,512,373,0,69
3411,2849497,62d6d7251de0b9863368086e,3411,25,43,204,348,566.0703125,736.58602150537638,0.3984375,0.74731182795698925,False,row2_col1,512,372,0,70
3412,940228,4f2e92e1b80cd39c3cba6440,3412,4,35,36,284,168.484375,591.31914893617022,0.0703125,0.57446808510638303,False,row1_col0,512,376,0,68
3413,2131368,830ee1acd4627b4aa99fcc61,3413,40,22,324,180,814.5625,377.67098445595855,0.6328125,0.30310880829015546,False,row0_col1,512,386,0,63
3414,2320483,a3e72a337b3e2ae08d3ba9ff,3414,35,33,284,268,741.2734375,564.60427807486633,0.5546875,0.53208556149732622,False,row1_col1,512,374,0,69
3415,2558019,2f3e9ad50350b43cdcf05159,3415,3,33,28,268,136.5390625,560.51187335092345,0.0546875,0.53298153034300788,False,row1_col0,512,379,0,66
3416,2405926,cbbfcf781cf2e6b2a448637f,3416,38,24,308,196,766.921875,400.28125,0.6015625,0.34375,False,row1_col1,512,384,0,64
3417,2300534,677cd183b987906faf2e530c,3417,54,41,436,332,1081.6796875,706.02972972972975,0.8515625,0.70540540540540542,False,row2_col2,512,370,0,71
3418,723472,e3e937e4c7206cd43037de93,3418,16,40,132,324,382.4609375,682.0645161290322,0.2578125,0.68279569892473113,False,row2_col0,512,372,0,70
3419,2346336,feca696a5660a740402e9811,3419,32,53,260,428,712.0390625,908.27837837837842,0.5078125,0.96486486486486489,False,row2_col1,512,370,0,71
3420,2558341,2f3e9ad50350b43cdcf05159,3420,5,38,44,308,171.1328125,646.94986807387863,0.0859375,0.63852242744063326,False,row1_col0,512,379,0,66
3421,469232,7c41685bf488a58de2fe104b,3421,48,35,388,284,941.8984375,602.56842105263161,0.7578125,0.5736842105263158,False,row1_col2,512,380,0,66
3422,874250,8ac236c9482943a0fd765323,3422,10,28,84,228,283.4375,490.65957446808511,0.1640625,0.42553191489361702,False,row1_col0,512,376,0,68
3423,1197462,aca91e96d9d3f5996c509b6c,3423,22,22,180,180,530.421875,357.91711229946526,0.3515625,0.2967914438502674,False,row0_col1,512,374,0,69
3424,226635,40471d6b4d3d450e63bc3466,3424,11,21,92,172,298.3515625,344.125,0.1796875,0.28125,False,row0_col0,512,384,0,64
3425,1684501,819d5eb6d1fc6bee06f079d2,3425,21,16,172,132,458.8828125,238.46923076923076,0.3359375,0.18205128205128204,False,row0_col1,512,390,0,61
3426,2389877,bdd69774207d2ddbd41a3849,3426,53,29,428,236,1029.515625,495.86206896551727,0.8359375,0.44827586206896552,False,row1_col2,512,377,0,67
3427,1963399,f93c3ed6d29f639d27608bfa,3427,7,22,60,180,224.7890625,382.54961832061065,0.1171875,0.30788804071246817,False,row0_col0,512,393,0,59
3428,2480114,c71b7281815add7bc72e0af6,3428,50,31,404,252,995.546875,528.90000000000009,0.7890625,0.48947368421052634,False,row1_col2,512,380,0,66
3429,2542301,8bf8afec70e5fbe4d7956c1a,3429,29,43,236,348,662.25,734.84426229508188,0.4609375,0.75136612021857918,False,row2_col1,512,366,0,73
3430,1927662,0493c50e4f0350b831275383,3430,46,39,372,316,950.7578125,668.95760598503739,0.7265625,0.6508728179551122,False,row1_col2,512,401,0,55
3431,2509820,25186f0fe5a6a8eb590010cb,3431,60,47,484,380,1160.4609375,818.32786885245901,0.9453125,0.83879781420765032,False,row2_col2,512,366,0,73
3432,2119176,0227fa273d0d8c8f6714e23b,3432,8,24,68,196,271.6953125,409.04255319148933,0.1328125,0.34042553191489361,False,row1_col0,512,376,0,68
3433,2360653,a17fa7ec81831aabb30abf4e,3433,13,21,108,172,423.3984375,362.936170212766,0.2109375,0.27659574468085107,False,row0_col0,512,376,0,68
3434,271269,a5e44a049f152deb435edd40,3434,37,14,300,116,763.5625,231.06434316353887,0.5859375,0.12600536193029491,False,row0_col1,512,373,0,69
3435,325080,99a260d84ec3760c5165b1f1,3435,24,23,196,188,516.390625,387.96335078534031,0.3828125,0.3219895287958115,False,row0_col1,512,382,0,65
3436,2713361,29885a385c0c3cb416f20ecb,3436,17,28,140,228,447.421875,471.52845528455282,0.2734375,0.42547425474254741,False,row1_col0,512,369,0,71
3437,1305158,c2b2f0fd9e97490a1ce9143a,3437,6,41,52,332,210.6328125,698.16666666666663,0.1015625,0.70105820105820105,False,row2_col0,512,378,0,67
3438,2008509,5749ca6a1c4e4e10cf0ec75d,3438,61,22,492,180,1202.1484375,379.14285714285711,0.9609375,0.29894179894179895,False,row0_col2,512,378,0,67
3439,1955729,49f213bf9b926dc2b4b2d138,3439,17,30,140,244,451.5078125,521.28266666666673,0.2734375,0.46933333333333332,False,row1_col0,512,375,0,68
3440,727259,9dc7738247217dd257b2b574,3440,27,35,220,284,560.953125,596.7874015748032,0.4296875,0.57480314960629919,False,row1_col1,512,381,0,65
3441,854819,f08c47f4332a0ca4a5ddd327,3441,35,44,284,356,710.703125,744.5775401069518,0.5546875,0.76737967914438499,False,row2_col1,512,374,0,69
3442,1734645,31e8cac167e6b2b2b11352b3,3442,53,31,428,252,1036.203125,519.3926701570681,0.8359375,0.48952879581151831,False,row1_col2,512,382,0,65
3443,1475900,84660a36fd2a77d5af219fa3,3443,60,20,484,164,1190.3515625,336.74866310160428,0.9453125,0.25401069518716579,False,row0_col2,512,374,0,69
3444,652844,558c1de5d92b5f300ff8d7a4,3444,44,24,356,196,885.796875,397.9482288828338,0.6953125,0.33787465940054495,False,row1_col2,512,367,0,72
3445,2951575,3b48ef0496b9e19ef057c3dd,3445,23,38,188,308,517.640625,645.4677419354839,0.3671875,0.63978494623655913,False,row1_col1,512,372,0,70
3446,1608351,8595161ed5c1f96662a7e12e,3446,31,42,252,340,634.359375,702.4678663239074,0.4921875,0.71722365038560409,False,row2_col1,512,389,0,61
3447,2123659,dc0b4ccd38f08660aa595e39,3447,11,30,92,244,284.578125,525.4221635883905,0.1796875,0.46965699208443273,False,row1_col0,512,379,0,66
3448,435445,35015470ada828bd02e3e08b,3448,53,19,428,156,1039.0546875,310.41968911917098,0.8359375,0.24093264248704663,False,row0_col2,512,386,0,63
3449,350060,e1c9abec502219412e89243a,3449,44,29,356,236,872.7109375,487.3305785123967,0.6953125,0.4462809917355372,False,row1_col2,512,363,0,74
3450,2836909,7731cbaac561ffb2001abafb,3450,45,38,364,308,906.6953125,637.20833333333326,0.7109375,0.63541666666666663,False,row1_col2,512,384,0,64
3451,2188787,57d3f410b6fcba2a57bda29d,3451,51,23,412,188,1023.984375,398.6358839050132,0.8046875,0.32189973614775724,False,row0_col2,512,379,0,66
3452,1132064,f882a0ca74adfbbded05504a,3452,32,24,260,196,680.2109375,408.35483870967738,0.5078125,0.33870967741935482,False,row1_col1,512,372,0,70
3453,2152688,b082c61b6f6397804ebe9514,3453,48,35,388,284,963.2890625,602.37599999999998,0.7578125,0.57599999999999996,False,row1_col2,512,375,0,68
3454,1706482,d8ff8af48bd325dbbb696129,3454,50,39,404,316,1011.859375,657.94652406417106,0.7890625,0.66042780748663099,False,row1_col2,512,374,0,69
3455,2721114,a068182310908092bce2685c,3455,26,21,212,172,597.3671875,349.22950819672133,0.4140625,0.27049180327868855,False,row0_col1,512,366,0,73
3456,432430,482fefcd016bb88b2f86f80f,3456,46,36,372,292,937.671875,617.44864864864871,0.7265625,0.5972972972972973,False,row1_col2,512,370,0,71
3457,1398520,178406615aaeb3e456e1b3cc,3457,56,27,452,220,1076.6875,441.71428571428572,0.8828125,0.40476190476190477,False,row1_col2,512,378,0,67
3458,2071996,f4df64b5ff783c747eb82df3,3458,60,54,484,436,1189.8984375,933.95466666666664,0.9453125,0.98133333333333328,False,row2_col2,512,375,0,68
3459,1983834,152a6af5fd08ee8687052c5c,3459,26,21,212,172,576.5703125,369.14400000000001,0.4140625,0.27733333333333332,False,row0_col1,512,375,0,68
3460,2709742,4d5d55e234be8f30903864ed,3460,46,35,372,284,918.671875,596.31914893617022,0.7265625,0.57446808510638303,False,row1_col2,512,376,0,68
3461,579566,f7f29bc516d8bf1032c86519,3461,46,31,372,252,914.7578125,531.84715025906735,0.7265625,0.48963730569948188,False,row1_col2,512,386,0,63
3462,1230137,fcd7e06c004f4422abd74900,3462,57,20,460,164,1149.078125,336.73262032085563,0.8984375,0.25401069518716579,False,row0_col2,512,374,0,69
3463,2664816,1f71908a38f1553f04f21601,3463,48,37,388,300,982.4140625,617.9363395225464,0.7578125,0.61803713527851456,False,row1_col2,512,377,0,67
3464,346031,77a85f3771060390b13f8469,3464,47,30,380,244,940.0859375,508.01069518716577,0.7421875,0.46791443850267378,False,row1_col2,512,374,0,69
3465,1141230,02942ca02fdcb799d7cb7726,3465,46,39,372,316,908.9375,650.40816326530603,0.7265625,0.65306122448979587,False,row1_col2,512,392,0,60
3466,2136140,8213a75d6bb493befa13560d,3466,12,33,100,268,346.0625,567.6875,0.1953125,0.53125,False,row1_col0,512,384,0,64
3467,2071351,f4df64b5ff783c747eb82df3,3467,55,44,444,356,1104.0390625,762.00800000000004,0.8671875,0.76800000000000002,False,row2_col2,512,375,0,68
3468,1772123,a0da085ada2e7121eea570e2,3468,27,41,220,332,582.953125,698.16666666666663,0.4296875,0.70105820105820105,False,row2_col1,512,378,0,67
3469,1127324,802b8776e6e8022705bfa739,3469,28,14,228,116,575.5234375,221.02557544757033,0.4453125,0.14322250639386189,False,row0_col1,512,391,0,60
3470,2328834,45bfb62d2b8a12a9724eb563,3470,2,36,20,292,141.734375,618.43766578249347,0.0390625,0.59681697612732099,False,row1_col0,512,377,0,67
3471,2721991,a068182310908092bce2685c,3471,7,35,60,284,268.7265625,591.59016393442619,0.1171875,0.57650273224043713,False,row1_col0,512,366,0,73
3472,1063384,3c063837833ad63bde2626f8,3472,24,39,196,316,546.390625,654.18253968253964,0.3828125,0.65873015873015872,False,row1_col1,512,378,0,67
3473,1943128,8ce9e51dbad44f0e4107d965,3473,24,25,196,204,504.9453125,430.06561679790025,0.3828125,0.3648293963254593,False,row1_col1,512,381,0,65
3474,2340053,c977bea10bf03c99460cec13,3474,21,19,172,156,473.53125,322.5,0.3359375,0.23684210526315788,False,row0_col1,512,380,0,66
3475,620092,dd2f8e22a40ca28b716d3418,3475,60,24,484,196,1144.1875,414.07219251336903,0.9453125,0.33957219251336901,False,row1_col2,512,374,0,69
3476,1857434,7a0f74886ddf2564aac2dcae,3476,26,30,212,244,550.2265625,518.79946524064167,0.4140625,0.46791443850267378,False,row1_col1,512,374,0,69
3477,411861,813b908ddf7d0066a8a11ef6,3477,21,35,172,284,483.546875,588.55371900826435,0.3359375,0.57851239669421484,False,row1_col1,512,363,0,74
3478,1914057,246ad0c43ef94471a87d00f3,3478,9,19,76,156,308.6875,327.32887700534764,0.1484375,0.23262032085561499,False,row0_col0,512,374,0,69
3479,1803793,522e7bdad7dff218da16d20c,3479,17,24,140,196,406.515625,401.89315068493153,0.2734375,0.33698630136986302,False,row1_col0,512,365,0,73
3480,1459714,462b47fa3de976e72a9b5115,3480,2,24,20,196,185.3203125,387.05347593582889,0.0390625,0.33957219251336901,False,row1_col0,512,374,0,69
3481,2857283,1e20d9fe7440f3007d646560,3481,3,37,28,300,189.265625,633.78723404255311,0.0546875,0.61702127659574468,False,row1_col0,512,376,0,68
3482,833392,b5272bd6ecfc66e59e34ad6f,3482,48,29,388,236,999.171875,484.70572207084467,0.7578125,0.44686648501362397,False,row1_col2,512,367,0,72
3483,612754,1b4035df675fd972579d4c16,3483,18,38,148,308,426.859375,648.8188976377952,0.2890625,0.63779527559055116,False,row1_col0,512,381,0,65
3484,1632756,e235136cfdcae670bc7ef694,3484,52,39,420,316,1032.984375,652.25531914893611,0.8203125,0.65957446808510634,False,row1_col2,512,376,0,68
3485,2308076,eebb80b7602a9bc51384c3b3,3485,44,31,356,252,879.84375,531.98449612403101,0.6953125,0.49095607235142119,False,row1_col2,512,387,0,62
3486,2656869,3f0b56e3daead59ea51a5d24,3486,37,41,300,332,784.6328125,700.96875,0.5859375,0.69791666666666663,False,row2_col1,512,384,0,64
3487,759754,b7e0bb24f27963017f1a9f09,3487,10,31,84,252,305.4375,523.40547945205481,0.1640625,0.49041095890410957,False,row1_col0,512,365,0,73
3488,1423644,e10a5a39c537eaf14c46b2be,3488,28,36,228,292,600.734375,619.55319148936167,0.4453125,0.5957446808510638,False,row1_col1,512,376,0,68
3489,386471,71724a3bf8b9be3deb5292f6,3489,39,22,316,180,805.609375,371.9840848806366,0.6171875,0.29973474801061006,False,row0_col1,512,377,0,67
3490,411291,813b908ddf7d0066a8a11ef6,3490,27,26,220,212,587.234375,433.04958677685948,0.4296875,0.38016528925619836,False,row1_col1,512,363,0,74
3491,1665566,06a76bf899fbda6d8aa83969,3491,30,40,244,324,639.078125,672.531914893617,0.4765625,0.68085106382978722,False,row2_col1,512,376,0,68
3492,2185991,e47bf05116ca1e4921049cf3,3492,7,44,60,356,263.9609375,758.29177057356605,0.1171875,0.75062344139650872,False,row2_col0,512,401,0,55
3493,1493143,03b92d95da6694e6f43e0193,3493,23,34,188,276,508.640625,560.55699481865281,0.3671875,0.55181347150259064,False,row1_col1,512,386,0,63
3494,2017207,5ab20c40b2d117b504740ca4,3494,55,30,444,244,1065.640625,519.77656675749313,0.8671875,0.46866485013623976,False,row1_col2,512,367,0,72
3495,2713059,29885a385c0c3cb416f20ecb,3495,35,23,284,188,758.484375,385.02439024390242,0.5546875,0.31707317073170732,False,row0_col1,512,369,0,71
3496,449301,72516b14bd4f8c49162a07e5,3496,21,44,172,356,485.203125,745.1351351351351,0.3359375,0.77027027027027029,False,row2_col1,512,370,0,71
3497,2353829,47ecb67f20914fe9324d2108,3497,37,42,300,340,768.5625,717.06896551724139,0.5859375,0.72413793103448276,False,row2_col1,512,377,0,67
3498,1067004,7b748b5aa4e5e5bc0cc83a80,3498,60,31,484,252,1165.3515625,530.34426229508199,0.9453125,0.48907103825136611,False,row1_col2,512,366,0,73
3499,2923271,21db2b7a45a0e29417a469f0,3499,7,44,60,356,223.3125,748.46031746031747,0.1171875,0.76455026455026454,False,row2_col0,512,378,0,67
3500,914788,5f82d1a18d37b5b71f0e3e13,3500,36,21,292,172,712.765625,361.27012987012984,0.5703125,0.2831168831168831,False,row0_col1,512,385,0,63
3501,476893,7f3d7c6e6a7b6f584a7abbea,3501,29,27,236,220,639.953125,460.43298969072163,0.4609375,0.40721649484536082,False,row1_col1,512,388,0,62
3502,1960491,113ae33369eea4ce7f0b6955,3502,43,40,348,324,842.9765625,689.17506631299739,0.6796875,0.6816976127320955,False,row2_col2,512,377,0,67
3503,1866982,f811b6561edd9f797ff5e802,3503,38,51,308,412,779.1171875,871.37066666666669,0.6015625,0.91733333333333333,False,row2_col1,512,375,0,68
3504,2656231,3f0b56e3daead59ea51a5d24,3504,39,31,316,252,819.2265625,527.84375,0.6171875,0.48958333333333331,False,row1_col1,512,384,0,64
3505,1415527,f2a63220b9188d0728d33d45,3505,39,37,316,300,765.140625,617.6806282722514,0.6171875,0.61518324607329844,False,row1_col1,512,382,0,65
3506,2213774,71189113f916283b21e2571b,3506,14,30,116,244,396.5390625,513.25806451612902,0.2265625,0.46774193548387094,False,row1_col0,512,372,0,70
3507,2184623,e47bf05116ca1e4921049cf3,3507,47,22,380,180,957.0859375,376.88528678304243,0.7421875,0.3117206982543641,False,row0_col2,512,401,0,55
3508,2406949,cbbfcf781cf2e6b2a448637f,3508,37,40,300,324,749.703125,675.94791666666674,0.5859375,0.67708333333333337,False,row2_col1,512,384,0,64
3509,2009530,5749ca6a1c4e4e10cf0ec75d,3509,58,38,468,308,1150.7265625,653.42857142857144,0.9140625,0.63756613756613756,False,row1_col2,512,378,0,67
3510,874696,8ac236c9482943a0fd765323,3510,8,35,68,284,248.6875,612.34042553191489,0.1328125,0.57446808510638303,False,row1_col0,512,376,0,68
3511,2049497,91decb18deafedf261951d4d,3511,25,23,204,188,519.6875,398.86363636363637,0.3984375,0.31818181818181818,False,row0_col1,512,374,0,69
3512,1856747,7a0f74886ddf2564aac2dcae,3512,43,19,348,156,841.6171875,330.32887700534764,0.6796875,0.23262032085561499,False,row0_col2,512,374,0,69
3513,2667880,dbf09619c576033279939c88,3513,40,21,324,172,801.359375,358.24607329842934,0.6328125,0.28010471204188481,False,row0_col1,512,382,0,65
3514,686256,a0f12f3555715d52a9a54e99,3514,48,34,388,276,940.6875,569.97911227154054,0.7578125,0.55352480417754568,False,row1_col2,512,383,0,64
3515,869790,f393274be3847e33f5ac073b,3515,30,22,244,180,609.078125,367.72357723577238,0.4765625,0.29539295392953929,False,row0_col1,512,369,0,71
3516,1297018,e926571edbf8ab4ef6827bb2,3516,58,41,468,332,1130.578125,704.93023255813955,0.9140625,0.69767441860465118,False,row2_col2,512,387,0,62
3517,2413338,02b8d585b96bf351d6297716,3517,26,12,212,100,570.984375,195.10594315245478,0.4140625,0.098191214470284241,False,row0_col1,512,387,0,62
3518,2663802,1f71908a38f1553f04f21601,3518,58,21,468,172,1155.6953125,340.54641909814325,0.9140625,0.27851458885941643,False,row0_col2,512,377,0,67
3519,1755080,0aef4825947bf8ad603e523a,3519,8,31,68,252,278.6875,515.39946380697052,0.1328125,0.4906166219839142,False,row1_col0,512,373,0,69
3520,346784,77a85f3771060390b13f8469,3520,32,42,260,340,680.1640625,715.92513368983953,0.5078125,0.72459893048128343,False,row2_col1,512,374,0,69
3521,633401,e5c18f32ffcf933947d02a58,3521,57,40,460,324,1145.859375,687.94550408719351,0.8984375,0.68664850136239786,False,row2_col2,512,367,0,72
3522,1915225,246ad0c43ef94471a87d00f3,3522,25,37,204,300,582.6875,635.73529411764707,0.3984375,0.61764705882352944,False,row1_col1,512,374,0,69
3523,341240,c9fce8b47dde33b4fc8fb311,3523,56,19,452,156,1074.921875,331.19788918205802,0.8828125,0.23746701846965698,False,row0_col2,512,379,0,66
3524,2442557,7d13fb8e53e7ca10995faafd,3524,61,20,492,164,1166.1875,343.13978494623655,0.9609375,0.25268817204301075,False,row0_col2,512,372,0,70
3525,768106,13d984a7b264eb7393bb4bbb,3525,42,33,340,268,840.109375,559.98930481283423,0.6640625,0.53208556149732622,False,row1_col1,512,374,0,69
3526,469235,7c41685bf488a58de2fe104b,3526,51,35,412,284,993.7890625,602.56842105263161,0.8046875,0.5736842105263158,False,row1_col2,512,380,0,66
3527,2652052,792cd13f9196dd3204ade0a9,3527,20,30,164,244,453.2265625,504.57824933687004,0.3203125,0.46949602122015915,False,row1_col0,512,377,0,67
3528,669049,43ee58770e40e876f08e8074,3528,57,21,460,172,1111.078125,337.69786096256684,0.8984375,0.27540106951871657,False,row0_col2,512,374,0,69
3529,2370135,fe666fef2b8871f5528589d3,3529,23,41,188,332,585.703125,717.27906976744191,0.3671875,0.69767441860465118,False,row2_col1,512,387,0,62
3530,2045381,7e205d3f86dfa2c6e030bdfc,3530,5,23,44,188,217.9296875,390.78740157480314,0.0859375,0.32283464566929132,False,row0_col0,512,381,0,65
3531,2340324,c977bea10bf03c99460cec13,3531,36,23,292,188,731.34375,391.30000000000001,0.5703125,0.32105263157894737,False,row0_col1,512,380,0,66
3532,370741,cee542fc544d914ecb84340b,3532,53,32,428,260,1028.0546875,541.75590551181108,0.8359375,0.51181102362204722,False,row1_col2,512,381,0,65
3533,260364,db58b895d25ece9db831dde2,3533,12,36,100,292,301.7734375,622.85869565217388,0.1953125,0.59782608695652173,False,row1_col0,512,368,0,72
3534,2422578,37007bcf2d5f43196d17bd6c,3534,50,28,404,228,982.96875,486.89333333333337,0.7890625,0.42666666666666669,False,row1_col2,512,375,0,68
3535,637451,ee66320bf7eb01a991a1e561,3535,11,40,92,324,344.8125,682.75335120643433,0.1796875,0.6836461126005362,False,row2_col0,512,373,0,69
3536,1340826,e0669a80e191364577047486,3536,26,22,212,180,568.1953125,360.97027027027025,0.4140625,0.29459459459459458,False,row0_col1,512,370,0,71
3537,1493041,03b92d95da6694e6f43e0193,3537,49,32,396,260,956.328125,526.11139896373061,0.7734375,0.51036269430051817,False,row1_col2,512,386,0,63
3538,2930710,6aaaaa257e4ef2c72c304bae,3538,22,32,180,260,518.9375,541.77142857142849,0.3515625,0.51168831168831164,False,row1_col1,512,385,0,63
3539,2385772,068d42fadee7759ebbad25c7,3539,44,29,356,236,905.0625,494.72513089005236,0.6953125,0.44764397905759162,False,row1_col2,512,382,0,65
3540,2632076,c530cb0c0e739b7c0af0415d,3540,12,38,100,308,298.0390625,648.79840848806373,0.1953125,0.63925729442970824,False,row1_col0,512,377,0,67
3541,1665268,06a76bf899fbda6d8aa83969,3541,52,35,420,284,1019.265625,586.04255319148933,0.8203125,0.57446808510638303,False,row1_col2,512,376,0,68
3542,665687,21a65ebf59d2ba6f5a645963,3542,23,33,188,268,488.8828125,561.20408163265301,0.3671875,0.53061224489795922,False,row1_col1,512,392,0,60
3543,2004379,d8aec49d4eabf940e94e99b9,3543,27,22,220,180,580.078125,380.23200000000003,0.4296875,0.29866666666666669,False,row0_col1,512,375,0,68
3544,2755946,932274c0ff4cbf8cb7b96e8d,3544,42,53,340,428,863.1171875,911.19672131147536,0.6640625,0.9699453551912568,False,row2_col1,512,366,0,73
3545,1287002,e366b8893ee234784cfdf96a,3545,26,13,212,108,588.9921875,208.86683417085428,0.4140625,0.12814070351758794,False,row0_col1,512,398,0,57
3546,1397785,178406615aaeb3e456e1b3cc,3546,25,16,204,132,538.0625,250.34920634920636,0.3984375,0.17195767195767195,False,row0_col1,512,378,0,67
3547,2439126,4b2934de204003644e1cf7cc,3547,22,31,180,252,544.6640625,531.44086021505382,0.3515625,0.489247311827957,False,row1_col1,512,372,0,70
3548,690736,7ab749d4fd062c3c49f0ba2a,3548,48,40,388,324,977.8984375,668.13821138211381,0.7578125,0.68563685636856364,False,row2_col2,512,369,0,71
3549,2065169,8bb55828650e42ce1359edc9,3549,17,12,140,100,436.9609375,199.39304812834223,0.2734375,0.082887700534759357,False,row0_col0,512,374,0,69
3550,2103316,e8abeda485644b2b7acbf9f4,3550,20,32,164,260,433.1015625,544.61417322834643,0.3203125,0.51181102362204722,False,row1_col0,512,381,0,65
3551,2673271,6c1df3cf7ff28325175c51f9,3551,55,41,444,332,1106.9765625,704.96236559139788,0.8671875,0.70430107526881724,False,row2_col2,512,372,0,70
3552,2422768,37007bcf2d5f43196d17bd6c,3552,48,31,388,252,948.59375,538.47733333333326,0.7578125,0.49066666666666664,False,row1_col2,512,375,0,68
3553,2173679,eedf98ccb5a364857973747a,3553,47,43,380,348,979.2109375,743.39946380697052,0.7421875,0.74798927613941024,False,row2_col2,512,373,0,69
3554,1566309,1fae9ba9c99bf430c1e582d7,3554,37,25,300,204,751.6328125,425.10846560846562,0.5859375,0.36243386243386244,False,row1_col1,512,378,0,67
3555,2114764,7ed463394b5acb61e1574507,3555,12,19,100,156,299.2578125,327.9375,0.1953125,0.23958333333333334,False,row0_col0,512,384,0,64
3556,1796369,a54c971a682d36aeda7976b7,3556,17,36,140,292,395.421875,601.39999999999998,0.2734375,0.59999999999999998,False,row1_col0,512,365,0,73
3557,1944530,8ce9e51dbad44f0e4107d965,3557,18,47,148,380,402.1015625,807.4724409448819,0.2890625,0.82677165354330706,False,row2_col0,512,381,0,65
3558,812232,daca2d861b6d4fd1ea336571,3558,8,19,68,156,264.0234375,327.99463806970505,0.1328125,0.23324396782841822,False,row0_col0,512,373,0,69
3559,2107419,5d258a6d34f1b116ab308ce4,3559,27,32,220,260,580.9375,530.063829787234,0.4296875,0.51063829787234039,False,row1_col1,512,376,0,68
3560,2307512,eebb80b7602a9bc51384c3b3,3560,56,22,452,180,1086.09375,377.37984496124034,0.8828125,0.30490956072351422,False,row0_col2,512,387,0,62
3561,764794,9e3ff6a52f10ae8e139d3c38,3561,58,45,468,364,1117.609375,774.91383812010451,0.9140625,0.78328981723237601,False,row2_col2,512,383,0,64
3562,2143977,7e48cd1658e4af2a0a4efc9b,3562,41,27,332,220,848.3359375,470.39839572192511,0.6484375,0.40374331550802139,False,row1_col1,512,374,0,69
3563,1177201,2e3c583d219c937858797cbc,3563,49,25,396,204,958.0625,415.17142857142858,0.7734375,0.36623376623376624,False,row1_col2,512,385,0,63
3564,252450,e584dcc4ff24f5258a7a5537,3564,34,40,276,324,711.4375,685.25531914893611,0.5390625,0.68085106382978722,False,row2_col1,512,376,0,68
3565,1767203,15b75700160ecc173a4d52a1,3565,35,28,284,228,712.0390625,468.60000000000002,0.5546875,0.42666666666666669,False,row1_col1,512,375,0,68
3566,878606,1f2456bc9a154f9512de9b64,3566,14,32,116,260,373.578125,544.72386058981238,0.2265625,0.51206434316353888,False,row1_col0,512,373,0,69
3567,691130,7ab749d4fd062c3c49f0ba2a,3567,58,46,468,372,1150.8671875,771.94308943089436,0.9140625,0.81571815718157181,False,row2_col2,512,369,0,71
3568,2305117,79609d9f8ec519016767e49f,3568,29,49,236,396,659.1875,834.89473684210532,0.4609375,0.86842105263157898,False,row2_col1,512,380,0,66
3569,997142,329683efc579c51b53f71da8,3569,22,28,180,228,515.9375,477.13684210526316,0.3515625,0.4263157894736842,False,row1_col1,512,380,0,66
3570,432889,482fefcd016bb88b2f86f80f,3570,57,43,460,348,1127.078125,737.92432432432429,0.8984375,0.74864864864864866,False,row2_col2,512,370,0,71
3571,1542771,8f1c99d05825e89d71c9284b,3571,51,41,412,332,1008.8125,689.12600536193031,0.8046875,0.70509383378016088,False,row2_col2,512,373,0,69
3572,2488613,7eb05126c9c43d9121df3acb,3572,37,36,300,292,743.6328125,633.34042553191489,0.5859375,0.5957446808510638,False,row1_col1,512,376,0,68
3573,460626,89b989a81f1da592d59cc87b,3573,18,29,148,236,452.4375,502.17073170731709,0.2890625,0.44715447154471544,False,row1_col0,512,369,0,71
3574,2158049,abac48c206f4f9db98c1c8cf,3574,33,55,268,444,701.2578125,941.26356589147292,0.5234375,0.98708010335917318,False,row2_col1,512,387,0,62
3575,2382520,87721955af6f57a012d16d47,3575,56,42,452,340,1053.4453125,703,0.8828125,0.72222222222222221,False,row2_col2,512,378,0,67
3576,230558,b413a5bd5eafd552edba7fdd,3576,30,18,244,148,637.5078125,297.096256684492,0.4765625,0.21122994652406418,False,row0_col1,512,374,0,69
3577,1895526,1d12ec902c3113b35c317ef8,3577,38,49,308,396,779.109375,836.27704485488118,0.6015625,0.87071240105540892,False,row2_col1,512,379,0,66
3578,1976801,af3de41611057662e83c573b,3578,33,39,268,316,646.640625,666.68435013262592,0.5234375,0.66047745358090182,False,row1_col1,512,377,0,67
3579,1840711,220c8ee1c69449f9af0ae7f1,3579,7,25,60,204,198.140625,439.51041666666663,0.1171875,0.36458333333333331,False,row1_col0,512,384,0,64
3580,2369245,fe666fef2b8871f5528589d3,3580,29,27,236,220,688.265625,478.22997416020672,0.4609375,0.40826873385012918,False,row1_col1,512,387,0,62
3581,669708,43ee58770e40e876f08e8074,3581,12,32,100,260,336.234375,527.10962566844921,0.1953125,0.51069518716577544,False,row1_col0,512,374,0,69
3582,424335,0f0e951d310459324ed1146f,3582,15,38,124,308,390.6484375,644.29999999999995,0.2421875,0.63684210526315788,False,row1_col0,512,380,0,66
3583,2626777,82da62713a0e4c22cbd7efd6,3583,25,19,204,156,541.671875,318.67654986522911,0.3984375,0.23180592991913745,False,row0_col1,512,371,0,70
3584,2426849,07487879b83ab8bf265d8c1f,3584,33,31,268,252,734.2578125,546.47814910025704,0.5234375,0.49100257069408743,False,row1_col1,512,389,0,61
3585,1894330,1d12ec902c3113b35c317ef8,3585,58,30,468,244,1120.984375,511.4221635883905,0.9140625,0.46965699208443273,False,row1_col2,512,379,0,66
3586,2431560,63727db752b5ff12377d012c,3586,8,41,68,332,281.2890625,703.96875,0.1328125,0.69791666666666663,False,row2_col0,512,384,0,64
3587,2116166,7ed463394b5acb61e1574507,3587,6,41,52,332,196.4140625,704.6875,0.1015625,0.69791666666666663,False,row2_col0,512,384,0,64
3588,2128060,e74d21355c7851af07172a36,3588,60,34,484,276,1121.8984375,581.98382749326151,0.9453125,0.55525606469002697,False,row1_col2,512,371,0,70
3589,2377868,d8e33de8429b55ebb8877642,3589,12,34,100,276,288.6484375,579.06133333333332,0.1953125,0.55466666666666664,False,row1_col0,512,375,0,68
3590,1971956,bc5170b2dbd4e825a4bfa3ef,3590,52,27,420,220,995.5234375,461.83636363636367,0.8203125,0.40779220779220782,False,row1_col2,512,385,0,63
3591,1877881,621fde1bd00dce28d45409a7,3591,57,29,460,236,1113.1796875,498.43548387096774,0.8984375,0.44623655913978494,False,row1_col2,512,372,0,70
3592,2152557,b082c61b6f6397804ebe9514,3592,45,33,364,268,912.0546875,568.20000000000005,0.7109375,0.53333333333333333,False,row1_col2,512,375,0,68
3593,2577632,7d6050d5579cb6deb88d8cf8,3593,32,19,260,156,657.6875,327.12032085561498,0.5078125,0.23262032085561499,False,row0_col1,512,374,0,69
3594,2357757,87a418aeb28937346e884495,3594,61,39,492,316,1243.6796875,676.16030534351148,0.9609375,0.65394402035623411,False,row1_col2,512,393,0,59
3595,2345662,feca696a5660a740402e9811,3595,62,42,500,340,1224.3828125,720.62432432432433,0.9765625,0.72702702702702704,False,row2_col2,512,370,0,71
3596,342746,c9fce8b47dde33b4fc8fb311,3596,26,43,212,348,554.609375,747.62005277044864,0.4140625,0.74406332453825863,False,row2_col1,512,379,0,66
3597,2361648,a17fa7ec81831aabb30abf4e,3597,48,36,388,292,1023.3203125,620.17021276595744,0.7578125,0.5957446808510638,False,row1_col2,512,376,0,68
3598,116593,8beb03d8a5bb47d4e9a2581d,3598,49,29,396,236,956.421875,491.39892183288413,0.7734375,0.44743935309973049,False,row1_col2,512,371,0,70
3599,698391,88c4bf09a5d57231f89b045c,3599,23,32,188,260,520.4765625,529.72000000000003,0.3671875,0.51200000000000001,False,row1_col1,512,375,0,68
3600,10163,a2e7834787baf26ee424c739,3600,51,30,412,244,982.984375,519.67115902964963,0.8046875,0.46900269541778977,False,row1_col2,512,371,0,70
3601,481790,630be0f098a5ec263bec1d35,3601,62,39,500,316,1209.0546875,659.29274611398966,0.9765625,0.65544041450777202,False,row1_col2,512,386,0,63
3602,256042,389705dbbfe69bc29265ddd8,3602,42,32,340,260,878.4453125,537.15945945945941,0.6640625,0.51081081081081081,False,row1_col1,512,370,0,71
3603,276692,25b175f8a0414b88adf3bbf2,3603,20,35,164,284,474.265625,600.55999999999995,0.3203125,0.57599999999999996,False,row1_col0,512,375,0,68
3604,1165347,94840b6b6d3b3942dc01dd23,3604,35,32,284,260,721.4765625,547.80738786279676,0.5546875,0.51187335092348285,False,row1_col1,512,379,0,66
3605,984314,eec0fc6ef0bb51e01c77b789,3605,58,19,468,156,1130.265625,316.75968992248062,0.9140625,0.24289405684754523,False,row0_col2,512,387,0,62
3606,1026479,a5544cf8c3f4495df7d798ea,3606,47,38,380,308,939.3125,652,0.7421875,0.63636363636363635,False,row1_col2,512,385,0,63
3607,940451,4f2e92e1b80cd39c3cba6440,3607,35,38,284,308,702.265625,643.02127659574467,0.5546875,0.63829787234042556,False,row1_col1,512,376,0,68
3608,514156,36e8db94416d301d8eae06b8,3608,44,33,356,268,856.7109375,577,0.6953125,0.53333333333333333,False,row1_col2,512,375,0,68
3609,2221618,442850a2087d62c7e9453fcd,3609,50,24,404,196,1004.8125,406.61290322580641,0.7890625,0.33870967741935482,False,row1_col2,512,372,0,70
3610,2104023,e8abeda485644b2b7acbf9f4,3610,23,43,188,348,484.3359375,732.62467191601047,0.3671875,0.7427821522309711,False,row2_col1,512,381,0,65
3611,2247323,326ec13f01a3ce47feae7840,3611,27,42,220,340,616.9375,724.21578947368425,0.4296875,0.72105263157894739,False,row2_col1,512,380,0,66
3612,2156373,abac48c206f4f9db98c1c8cf,3612,21,29,172,236,495.1953125,494.62790697674421,0.3359375,0.44961240310077522,False,row1_col1,512,387,0,62
3613,2333428,9fbe77467132d5c93ee01128,3613,52,43,420,348,1060.5234375,734.74005305039793,0.8203125,0.74535809018567645,False,row2_col2,512,377,0,67
3614,2476333,6130e546ed79e4d9fee7cb83,3614,45,36,364,292,914.140625,623.73170731707319,0.7109375,0.59891598915989164,False,row1_col2,512,369,0,71
3615,1980489,17686a11fc83b9f929d8d85e,3615,9,33,76,268,324.6875,568.67741935483866,0.1484375,0.532258064516129,False,row1_col0,512,372,0,70
3616,2926045,8e91dc5ebf61a30260770c9c,3616,29,23,236,188,598.953125,381.51063829787233,0.4609375,0.31914893617021278,False,row0_col1,512,376,0,68
3617,697739,88c4bf09a5d57231f89b045c,3617,11,22,92,180,312.9140625,356.92000000000002,0.1796875,0.29866666666666669,False,row0_col0,512,375,0,68
3618,2009469,5749ca6a1c4e4e10cf0ec75d,3618,61,37,492,300,1202.1484375,636.28571428571422,0.9609375,0.6164021164021164,False,row1_col2,512,378,0,67
3619,838174,c7d7069e6440bce13d75f421,3619,30,40,244,324,626.5078125,683.50656167979002,0.4765625,0.67979002624671914,False,row2_col1,512,381,0,65
3620,1513193,e57d11f09a8ab09cbe266496,3620,41,27,332,220,848.171875,461.312661498708,0.6484375,0.40826873385012918,False,row1_col1,512,387,0,62
3621,1680956,cca4df1af11b6f70d6b2fea3,3621,60,24,484,196,1152.296875,382.95250659630608,0.9453125,0.34300791556728233,False,row1_col2,512,379,0,66
3622,2714012,29885a385c0c3cb416f20ecb,3622,28,38,228,308,637.515625,644.53658536585374,0.4453125,0.64227642276422769,False,row1_col1,512,369,0,71
3623,1026283,a5544cf8c3f4495df7d798ea,3623,43,35,348,284,869.8125,599.88571428571424,0.6796875,0.574025974025974,False,row1_col2,512,385,0,63
3624,2549714,b672bab83cdd2e2fd3e3b92b,3624,18,31,148,252,444.9921875,515.35078534031413,0.2890625,0.48952879581151831,False,row1_col0,512,382,0,65
3625,114243,840c73cbd5ab6bc1059f1408,3625,3,57,28,460,170.265625,986.75806451612902,0.0546875,1.0483870967741935,True,padding_center,512,372,0,70
3626,1083164,ea6c797466588fd922c5de39,3626,28,28,228,228,589.078125,472.51063829787233,0.4453125,0.42553191489361702,False,row1_col1,512,376,0,68
3627,87730,883516beb4b2df8a83debd55,3627,50,26,404,212,992.0703125,436.70466321243521,0.7890625,0.3860103626943005,False,row1_col2,512,386,0,63
3628,2386362,068d42fadee7759ebbad25c7,3628,58,38,468,308,1144.8125,648.71465968586392,0.9140625,0.63612565445026181,False,row1_col2,512,382,0,65
3629,311917,fbfdec218cbf0635738d2c12,3629,45,9,364,76,901.0078125,147.31955922865015,0.7109375,0.0055096418732782371,False,row0_col2,512,363,0,74
3630,2332719,9fbe77467132d5c93ee01128,3630,47,32,380,260,974.6640625,545.66843501326264,0.7421875,0.51193633952254647,False,row1_col2,512,377,0,67
3631,599936,f494610fdaf77ce6cbdfb0d3,3631,0,30,4,244,128.6640625,505.01069518716577,0.0078125,0.46791443850267378,False,row1_col0,512,374,0,69
3632,2566854,a96e8fbb128dc3f4ea56a755,3632,6,43,52,348,199.921875,733.11640211640213,0.1015625,0.74338624338624337,False,row2_col0,512,378,0,67
3633,624745,2d4ee384e99cbef3dd97b9df,3633,41,33,332,268,819.0625,570.11171662125344,0.6484375,0.5340599455040872,False,row1_col1,512,367,0,72
3634,2184568,e47bf05116ca1e4921049cf3,3634,56,21,452,172,1113.0390625,359.54862842892766,0.8828125,0.29177057356608477,False,row0_col2,512,401,0,55
3635,2263095,cdff67add7326ebbbabf8a48,3635,55,32,444,260,1068.90625,552.66575342465751,0.8671875,0.51232876712328768,False,row1_col2,512,365,0,73
3636,2069602,f4df64b5ff783c747eb82df3,3636,34,17,276,140,743.4296875,297.75200000000001,0.5390625,0.192,False,row0_col1,512,375,0,68
3637,481882,630be0f098a5ec263bec1d35,3637,26,41,212,332,586.3671875,693.90414507772027,0.4140625,0.69689119170984459,False,row2_col1,512,386,0,63
3638,2290860,8430cec5bf6a0ee7d4c4b34e,3638,44,18,356,148,916.9765625,298.25065963060683,0.6953125,0.21635883905013192,False,row0_col2,512,379,0,66
3639,354678,5477e1d816f3af5d3adf2b48,3639,54,37,436,300,1051.234375,646.29533678756468,0.8515625,0.61398963730569944,False,row1_col2,512,386,0,63
3640,2411367,4353ce725c8d749885d3c4b7,3640,39,45,316,364,742.4375,766.34736842105258,0.6171875,0.78421052631578947,False,row2_col1,512,380,0,66
3641,371366,cee542fc544d914ecb84340b,3641,38,42,308,340,768.1328125,715.19422572178473,0.6015625,0.72178477690288712,False,row2_col1,512,381,0,65
3642,1502336,98b721a6ed7b9a91ce5e0586,3642,0,50,4,404,101.640625,859.75999999999999,0.0078125,0.89600000000000002,False,row2_col0,512,375,0,68
3643,2103444,e8abeda485644b2b7acbf9f4,3643,20,34,164,276,433.1015625,578.79790026246724,0.3203125,0.5538057742782152,False,row1_col0,512,381,0,65
3644,2201514,25243d794ab291df05447bc6,3644,42,30,340,244,845.46875,511.29177718832892,0.6640625,0.46949602122015915,False,row1_col1,512,377,0,67
3645,91225,aa559f98e5ee1a0c7cc457cf,3645,25,17,204,140,576.078125,282.44324324324327,0.3984375,0.1864864864864865,False,row0_col1,512,370,0,71
3646,735734,9e7c13f8064b9fc62fe964d6,3646,54,39,436,316,1059.6796875,667.73821989528801,0.8515625,0.65706806282722519,False,row1_col2,512,382,0,65
3647,2529288,5b1f5c81c875f06122031a4b,3647,8,32,68,260,259.2890625,543.66666666666674,0.1328125,0.510752688172043,False,row1_col0,512,372,0,70
3648,1997533,fae0767fbbc62b038bf2e8d7,3648,29,43,236,348,605.5703125,743.13941018766764,0.4609375,0.74798927613941024,False,row2_col1,512,373,0,69
3649,2377178,d8e33de8429b55ebb8877642,3649,26,23,212,188,529.0546875,389.92000000000002,0.4140625,0.32000000000000001,False,row0_col1,512,375,0,68
3650,2434907,28b53dd19c8f65de13e95cab,3650,27,29,220,236,591.9375,501.66577540106954,0.4296875,0.446524064171123,False,row1_col1,512,374,0,69
3651,715469,dd4ad461de197a243a121525,3651,13,43,108,348,367.2421875,720.96858638743458,0.2109375,0.74083769633507857,False,row2_col0,512,382,0,65
3652,2849077,62d6d7251de0b9863368086e,3652,53,36,428,292,1050.3828125,615.4032258064517,0.8359375,0.59677419354838712,False,row1_col2,512,372,0,70
3653,2713717,29885a385c0c3cb416f20ecb,3653,53,33,428,268,1069.546875,558.03252032520322,0.8359375,0.53387533875338755,False,row1_col2,512,369,0,71
3654,555098,970a0e63436f260f3c624f80,3654,26,33,212,268,590.1953125,564.96721311475414,0.4140625,0.53278688524590168,False,row1_col1,512,366,0,73
3655,2348459,37faa40414dba1a334ec7ebb,3655,43,22,348,180,879.9375,380.3763440860215,0.6796875,0.29569892473118281,False,row0_col2,512,372,0,70
3656,2935119,488bd0832b3372d266269e18,3656,15,37,124,300,352.1015625,633.73278236914598,0.2421875,0.62258953168044073,False,row1_col0,512,363,0,74
3657,1661324,84a3e62ce078286ce2c7c91e,3657,12,38,100,308,299.1875,649.47938144329896,0.1953125,0.634020618556701,False,row1_col0,512,388,0,62
3658,2669306,dbf09619c576033279939c88,3658,58,43,468,348,1111.296875,736.96858638743458,0.9140625,0.74083769633507857,False,row2_col2,512,382,0,65
3659,2713650,29885a385c0c3cb416f20ecb,3659,50,32,404,260,1017.703125,540.73170731707319,0.7890625,0.51219512195121952,False,row1_col2,512,369,0,71
3660,398179,27e6733bbab4a1b0477f8b26,3660,35,13,284,108,723.0390625,217.7598944591029,0.5546875,0.11081794195250659,False,row0_col1,512,379,0,66
3661,2406750,cbbfcf781cf2e6b2a448637f,3661,30,37,244,300,629.171875,624.26041666666674,0.4765625,0.61458333333333337,False,row1_col1,512,384,0,64
3662,1615625,83857231f379f6809fc9639f,3662,9,28,76,228,311.765625,475.80769230769232,0.1484375,0.42307692307692307,False,row1_col0,512,364,0,74
3663,993976,da9443ca80beecb493467926,3663,56,42,452,340,1077.0390625,733.26912928759896,0.8828125,0.72295514511873349,False,row2_col2,512,379,0,66
3664,2127265,e74d21355c7851af07172a36,3664,33,22,268,180,658.2578125,376.01078167115907,0.5234375,0.29649595687331537,False,row0_col1,512,371,0,70
3665,1358431,e011d89cc836ba1aa1bc02a9,3665,31,41,252,332,650.8046875,698.92391304347825,0.4921875,0.70652173913043481,False,row2_col1,512,368,0,72
3666,1612269,6742c58532e99b3cdf0d09cc,3666,45,39,364,316,896.0078125,664.67999999999995,0.7109375,0.66133333333333333,False,row1_col2,512,375,0,68
3667,1136555,b8c1aa202c435cfafd7ff1ed,3667,43,30,348,244,887.7734375,509,0.6796875,0.46774193548387094,False,row1_col2,512,372,0,70
3668,2611123,54f228b2ef6b12f663053845,3668,51,30,412,244,997.3515625,510.77225130890054,0.8046875,0.468586387434555,False,row1_col2,512,382,0,65
3669,747535,5c1bf30bc1a4f784d36c8062,3669,15,32,124,260,382.1015625,540.72000000000003,0.2421875,0.51200000000000001,False,row1_col0,512,375,0,68
3670,1251471,71b008a0a7521ff27fd58de8,3670,15,34,124,276,393.1015625,580.72751322751321,0.2421875,0.55291005291005291,False,row1_col0,512,378,0,67
3671,697698,88c4bf09a5d57231f89b045c,3671,34,21,276,172,710.7421875,339.63999999999999,0.5390625,0.27733333333333332,False,row0_col1,512,375,0,68
3672,2406762,cbbfcf781cf2e6b2a448637f,3672,42,37,340,300,835.796875,624.26041666666674,0.6640625,0.61458333333333337,False,row1_col1,512,384,0,64
3673,2282887,0b5210b7f75c32ce0315b40b,3673,7,22,60,180,265.7890625,367.43701799485859,0.1171875,0.3059125964010283,False,row0_col0,512,389,0,61
3674,2826854,d1b696acc3c7aa007b3f1439,3674,38,9,308,76,785.9375,150.03655352480416,0.6015625,0.031331592689295036,False,row0_col1,512,383,0,64
3675,362425,9e5249a3b4a0aeea24774e82,3675,57,30,460,244,1105.0625,513.99455040871931,0.8984375,0.46866485013623976,False,row1_col2,512,367,0,72
3676,2013294,d6dbdc0bd6330963f936dfc9,3676,46,33,372,268,902.3046875,559.43846153846152,0.7265625,0.53076923076923077,False,row1_col2,512,390,0,61
3677,477389,7f3d7c6e6a7b6f584a7abbea,3677,13,35,108,284,364.453125,598.32989690721649,0.2109375,0.57216494845360821,False,row1_col0,512,388,0,62
3678,1283872,c334dd8d45005b5a85e577b3,3678,32,28,260,228,667.2109375,465.55696202531647,0.5078125,0.43037974683544306,False,row1_col1,512,395,0,58
3679,2426861,07487879b83ab8bf265d8c1f,3679,45,31,364,252,940.3203125,546.47814910025704,0.7109375,0.49100257069408743,False,row1_col2,512,389,0,61
3680,2378210,d8e33de8429b55ebb8877642,3680,34,39,276,316,666.4296875,665.03466666666668,0.5390625,0.66133333333333333,False,row1_col1,512,375,0,68
3681,1600352,23a5cec8b53655a008a5043b,3681,32,45,260,364,642.2109375,760.89226519337012,0.5078125,0.7983425414364641,False,row2_col1,512,362,0,75
3682,1836104,c3cb302619dac53bc3e9a2b8,3682,8,17,68,140,244.296875,301.87533156498671,0.1328125,0.19363395225464192,False,row0_col0,512,377,0,67
3683,1914296,246ad0c43ef94471a87d00f3,3683,56,22,452,180,1113.5625,378.72994652406419,0.8828125,0.2967914438502674,False,row0_col2,512,374,0,69
3684,2464101,af9d0070e54aed81fc79e4ef,3684,37,37,300,300,780.8046875,620.9363395225464,0.5859375,0.61803713527851456,False,row1_col1,512,377,0,67
3685,304546,7362ade95f32642a9f44c44a,3685,34,22,276,180,742.828125,374.7964824120603,0.5390625,0.30904522613065327,False,row0_col1,512,398,0,57
3686,392072,e8aecbbad790f36193dfc2a6,3686,8,46,68,372,259.6875,781.42820512820515,0.1328125,0.79743589743589749,False,row2_col0,512,390,0,61
3687,1198580,aca91e96d9d3f5996c509b6c,3687,52,39,420,316,1046.984375,650.64438502673795,0.8203125,0.66042780748663099,False,row1_col2,512,374,0,69
3688,2360680,a17fa7ec81831aabb30abf4e,3688,40,21,324,172,886.1953125,362.936170212766,0.6328125,0.27659574468085107,False,row0_col1,512,376,0,68
3689,272774,a5e44a049f152deb435edd40,3689,6,38,52,308,224.9375,648.00804289544237,0.1015625,0.64075067024128685,False,row1_col0,512,373,0,69
3690,2246388,326ec13f01a3ce47feae7840,3690,52,27,420,220,1045.0625,467.47894736842102,0.8203125,0.40526315789473683,False,row1_col2,512,380,0,66
3691,774593,aefb29f0a27380abd8a7072a,3691,1,7,12,60,154.828125,117.24083769633508,0.0234375,-0.013089005235602094,True,padding_center,512,382,0,65
3692,2299690,677cd183b987906faf2e530c,3692,42,28,340,228,874.1171875,480.88378378378377,0.6640625,0.42432432432432432,False,row1_col1,512,370,0,71
3693,1186334,e198308262ce13324faec9fd,3693,30,40,244,324,647.078125,684.39353099730465,0.4765625,0.6846361185983828,False,row2_col1,512,371,0,70
3694,1268343,571ee3662d24063a85881fe9,3694,55,41,444,332,1092.7109375,693.02972972972975,0.8671875,0.70540540540540542,False,row2_col2,512,370,0,71
3695,2056828,80f88014c0d14ab592726fe3,3695,60,9,484,76,1140.8984375,162.03217158176943,0.9453125,0.01876675603217158,False,row0_col2,512,373,0,69
3696,1911801,4232070a33fbc4fa24180e8d,3696,57,47,460,380,1089.078125,806.4533678756477,0.8984375,0.82124352331606221,False,row2_col2,512,386,0,63
3697,1975564,af3de41611057662e83c573b,3697,12,20,100,164,287.671875,342.12201591511939,0.1953125,0.2572944297082228,False,row0_col0,512,377,0,67
3698,1861817,f4ac4da33960d6b1e1780732,3698,57,34,460,276,1048.890625,580.27486910994776,0.8984375,0.55235602094240843,False,row1_col2,512,382,0,65
3699,637389,ee66320bf7eb01a991a1e561,3699,13,39,108,316,379.5625,665.38069705093835,0.2109375,0.66219839142091153,False,row1_col0,512,373,0,69
3700,2034340,f5b4ddaa2084fc1c86822eb6,3700,36,42,292,340,773.6328125,718.8125,0.5703125,0.71875,False,row2_col1,512,384,0,64
3701,2878262,f92f442ca28c1794b5281ba1,3701,54,44,436,356,1069.9375,758.64566929133855,0.8515625,0.76377952755905509,False,row2_col2,512,381,0,65
3702,2328759,45bfb62d2b8a12a9724eb563,3702,55,34,444,276,1047.703125,584.27320954907168,0.8671875,0.55437665782493373,False,row1_col2,512,377,0,67
3703,1354152,f22091c6ec1059e3844fce4e,3703,40,38,324,308,836.5859375,635.88,0.6328125,0.64000000000000001,False,row1_col1,512,375,0,68
3704,1722453,c0a7a3a62c3795f511c0eafd,3704,21,33,172,268,525.5546875,531.98930481283423,0.3359375,0.53208556149732622,False,row1_col1,512,374,0,69
3705,1217660,fa425b55ae4649a7440cdfd7,3705,60,17,484,140,1148.734375,277.01069518716577,0.9453125,0.18983957219251338,False,row0_col2,512,374,0,69
3706,559836,9cc1a3ed2a8e6c5e9def5c8e,3706,28,43,228,348,575.734375,735.52139037433153,0.4453125,0.74598930481283421,False,row2_col1,512,374,0,69
3707,559707,9cc1a3ed2a8e6c5e9def5c8e,3707,27,41,220,332,558.515625,701.0828877005348,0.4296875,0.70320855614973266,False,row2_col1,512,374,0,69
3708,821962,ef9e40f88efa54ae539304c5,3708,10,43,84,348,271.453125,739.04065040650403,0.1640625,0.75067750677506773,False,row2_col0,512,369,0,71
3709,2205198,51a10a40effe2814ad9fdc08,3709,14,24,116,196,320.9921875,408.16180371352783,0.2265625,0.34217506631299732,False,row1_col0,512,377,0,67
3710,2149480,a4df32cda65d6caec503e150,3710,40,49,324,396,776.5625,837.23404255319156,0.6328125,0.87234042553191493,False,row2_col1,512,376,0,68
3711,534580,2f583ef3203d5ac90b59a547,3711,52,32,420,260,1054.984375,541.10962566844921,0.8203125,0.51069518716577544,False,row1_col2,512,374,0,69
3712,2534010,129602615670ca169c5d2adf,3712,58,41,468,332,1084.6953125,704.96236559139788,0.9140625,0.70430107526881724,False,row2_col2,512,372,0,70
3713,2885679,aaa015ca6a44f303044cb7bf,3713,47,32,380,260,957.0859375,547.25198938992048,0.7421875,0.51193633952254647,False,row1_col2,512,377,0,67
3714,2133212,830ee1acd4627b4aa99fcc61,3714,28,51,228,412,609.0625,874.72797927461136,0.4453125,0.90414507772020725,False,row2_col1,512,386,0,63
3715,832508,b5272bd6ecfc66e59e34ad6f,3715,60,15,484,124,1207.296875,241.78474114441417,0.9453125,0.14168937329700274,False,row0_col2,512,367,0,72
3716,2227012,b412565dd5f18a8e4ce8533b,3716,4,45,36,364,176.2734375,769.48062015503876,0.0703125,0.78036175710594313,False,row2_col0,512,387,0,62
3717,194389,70167206a708a11cfa66d657,3717,21,29,172,236,510.8828125,492.8632707774799,0.3359375,0.4477211796246649,False,row1_col1,512,373,0,69
3718,468971,7c41685bf488a58de2fe104b,3718,43,31,348,252,855.4140625,533.34736842105258,0.6796875,0.48947368421052634,False,row1_col2,512,380,0,66
3719,2209773,e1bd21e34648fdeb39895cd0,3719,45,31,364,252,859.1875,529.44086021505382,0.7109375,0.489247311827957,False,row1_col2,512,372,0,70
3720,968650,b84c63039a63bf730ebdebb1,3720,10,31,84,252,288.4375,492.90600522193211,0.1640625,0.49086161879895562,False,row1_col0,512,383,0,64
3721,563195,83ce9a3b86c3675c94925a4e,3721,59,31,476,252,1165.0234375,528.8440860215054,0.9296875,0.489247311827957,False,row1_col2,512,372,0,70
3722,469406,7c41685bf488a58de2fe104b,3722,30,38,244,308,630.5546875,654.48421052631579,0.4765625,0.63684210526315788,False,row1_col1,512,380,0,66
3723,468977,7c41685bf488a58de2fe104b,3723,49,31,396,252,959.1953125,533.34736842105258,0.7734375,0.48947368421052634,False,row1_col2,512,380,0,66
3724,1854425,f06dd4b0ff466537119cc2af,3724,25,47,204,380,538.6875,805.33333333333337,0.3984375,0.83333333333333337,False,row2_col1,512,372,0,70
3725,2221675,442850a2087d62c7e9453fcd,3725,43,25,348,204,884.9375,423.73118279569894,0.6796875,0.36021505376344087,False,row1_col2,512,372,0,70
3726,2221457,442850a2087d62c7e9453fcd,3726,17,22,140,180,439.6875,372.3763440860215,0.2734375,0.29569892473118281,False,row0_col0,512,372,0,70
3727,2209777,e1bd21e34648fdeb39895cd0,3727,49,31,396,252,927.6875,529.44086021505382,0.7734375,0.489247311827957,False,row1_col2,512,372,0,70
3728,1268533,571ee3662d24063a85881fe9,3728,53,44,428,356,1058.0546875,744.98648648648646,0.8359375,0.77027027027027029,False,row2_col2,512,370,0,71
3729,2304421,79609d9f8ec519016767e49f,3729,37,38,300,308,796.1875,646.38947368421054,0.5859375,0.63684210526315788,False,row1_col1,512,380,0,66
3730,2250891,feae8edd69230ba2d038a705,3730,11,34,92,276,342.9375,580.27486910994776,0.1796875,0.55235602094240843,False,row1_col0,512,382,0,65
3731,2181159,17ff7079be9b18b062834cfc,3731,39,32,316,260,817.5859375,554.11200000000008,0.6171875,0.51200000000000001,False,row1_col1,512,375,0,68
3732,2390096,bdd69774207d2ddbd41a3849,3732,16,33,132,268,397.046875,564.19098143236079,0.2578125,0.53315649867374004,False,row1_col0,512,377,0,67
3733,850389,a9be01d87459f30144024b64,3733,21,39,172,316,513.546875,674.23404255319144,0.3359375,0.65957446808510634,False,row1_col1,512,376,0,68
3734,1837670,c3cb302619dac53bc3e9a2b8,3734,38,41,308,332,757.109375,711.84880636604771,0.6015625,0.70291777188328908,False,row2_col1,512,377,0,67
3735,1452742,53f85fa89c59271d3ffb3641,3735,6,43,52,348,251.921875,699.19148936170211,0.1015625,0.74468085106382975,False,row2_col0,512,376,0,68
3736,287906,fd8fe61532624c2989845031,3736,34,18,276,148,727.203125,301.80000000000001,0.5390625,0.21333333333333335,False,row0_col1,512,375,0,68
3737,2946787,0facbe7f29d190dabe109d9e,3737,35,27,284,220,724.1484375,461.03208556149735,0.5546875,0.40374331550802139,False,row1_col1,512,374,0,69
3738,2377900,d8e33de8429b55ebb8877642,3738,44,34,356,276,838.1484375,579.06133333333332,0.6953125,0.55466666666666664,False,row1_col2,512,375,0,68
3739,2914702,fede9202cd41f9fef004cc9a,3739,14,38,116,308,334.671875,653.4677419354839,0.2265625,0.63978494623655913,False,row1_col0,512,372,0,70
3740,1919900,516089d2e2e2c9755fbd5142,3740,28,46,228,372,607.3984375,793.39733333333334,0.4453125,0.81066666666666665,False,row2_col1,512,375,0,68
3741,2422574,37007bcf2d5f43196d17bd6c,3741,46,28,372,228,914.21875,486.89333333333337,0.7265625,0.42666666666666669,False,row1_col2,512,375,0,68
3742,2415413,02b8d585b96bf351d6297716,3742,53,44,428,356,1032.515625,741.50387596899225,0.8359375,0.75968992248062017,False,row2_col2,512,387,0,62
3743,607802,009cd3639a67c3e8ac9da12b,3743,58,24,468,196,1139.609375,408.55702917771879,0.9140625,0.34217506631299732,False,row1_col2,512,377,0,67
3744,1845783,439720347b525b459d2cd2a2,3744,23,40,188,324,564.4375,703.46035805626593,0.3671875,0.67519181585677746,False,row2_col1,512,391,0,60
3745,2377943,d8e33de8429b55ebb8877642,3745,23,35,188,284,477.5390625,596.25599999999997,0.3671875,0.57599999999999996,False,row1_col1,512,375,0,68
3746,796840,1521c7bdee93d552208d03d3,3746,40,34,324,276,806.5234375,587.78125,0.6328125,0.55208333333333337,False,row1_col1,512,384,0,64
3747,2377490,d8e33de8429b55ebb8877642,3747,18,28,148,228,391.6796875,475.89333333333337,0.2890625,0.42666666666666669,False,row1_col0,512,375,0,68
3748,59466,8d4d5e9c6f62a7f7f0b95cb7,3748,10,33,84,268,264.4375,570.11171662125344,0.1640625,0.5340599455040872,False,row1_col0,512,367,0,72
3749,2548444,b672bab83cdd2e2fd3e3b92b,3749,28,11,228,92,617.9609375,169.38219895287958,0.4453125,0.070680628272251314,False,row0_col1,512,382,0,65
3750,2222001,442850a2087d62c7e9453fcd,3750,49,30,396,244,987.6875,509.32258064516128,0.7734375,0.46774193548387094,False,row1_col2,512,372,0,70
3751,1161098,79b469d527171ee55c5adc04,3751,10,30,84,244,307.109375,505.01069518716577,0.1640625,0.46791443850267378,False,row1_col0,512,374,0,69
3752,2299078,677cd183b987906faf2e530c,3752,6,19,52,156,251.4296875,325.01351351351354,0.1015625,0.22972972972972974,False,row0_col0,512,370,0,71
3753,1926989,0493c50e4f0350b831275383,3753,13,29,108,236,378.9296875,495.79052369077306,0.2109375,0.45137157107231918,False,row1_col0,512,401,0,55
3754,2262386,cdff67add7326ebbbabf8a48,3754,50,21,404,172,982.96875,363.64657534246578,0.7890625,0.27123287671232876,False,row0_col2,512,365,0,73
3755,1910010,4232070a33fbc4fa24180e8d,3755,58,19,468,156,1106.296875,324.21502590673572,0.9140625,0.24093264248704663,False,row0_col2,512,386,0,63
3756,1288652,e366b8893ee234784cfdf96a,3756,12,39,100,316,343.3359375,665.108040201005,0.1953125,0.65075376884422109,False,row1_col0,512,398,0,57
3757,1193548,e2d24e5a47106bd7023a7d65,3757,12,25,100,204,326.7734375,426.71087533156503,0.1953125,0.36339522546419101,False,row1_col0,512,377,0,67
3758,2427659,07487879b83ab8bf265d8c1f,3758,11,44,92,356,356.4765625,769.98457583547565,0.1796875,0.75835475578406175,False,row2_col0,512,389,0,61
3759,272902,a5e44a049f152deb435edd40,3759,6,40,52,324,224.9375,682.75335120643433,0.1015625,0.6836461126005362,False,row2_col0,512,373,0,69
3760,2947312,0facbe7f29d190dabe109d9e,3760,48,35,388,284,949.4140625,599.64171122994651,0.7578125,0.57486631016042777,False,row1_col2,512,374,0,69
3761,1102872,605944fd8272a0a3f3c61ab4,3761,24,16,196,132,545.4765625,265.60160427807489,0.3828125,0.16844919786096257,False,row0_col1,512,374,0,69
3762,1063587,3c063837833ad63bde2626f8,3762,35,42,284,340,736.484375,706.05555555555554,0.5546875,0.72222222222222221,False,row2_col1,512,378,0,67
3763,1218253,fa425b55ae4649a7440cdfd7,3763,13,27,108,220,339.453125,449.41711229946526,0.2109375,0.40374331550802139,False,row1_col0,512,374,0,69
3764,828323,2d8cb21136a9201405edf1b5,3764,35,14,284,116,735.4765625,231.16129032258064,0.5546875,0.12365591397849462,False,row0_col1,512,372,0,70
3765,2336611,7413f29906bbedeb019fea89,3765,35,29,284,236,747.9375,498.66494845360825,0.5546875,0.4484536082474227,False,row1_col1,512,388,0,62
3766,2704219,36bbd488b40fa9d32e6c7611,3766,27,13,220,108,609.234375,224.27345844504021,0.4296875,0.10455764075067024,False,row0_col1,512,373,0,69
3767,1906853,29967e147eb9c7a768964adf,3767,37,34,300,276,750.9453125,586.0450928381963,0.5859375,0.55437665782493373,False,row1_col1,512,377,0,67
3768,579471,f7f29bc516d8bf1032c86519,3768,15,30,124,244,377.5859375,514.54145077720204,0.2421875,0.4689119170984456,False,row1_col0,512,386,0,63
3769,2091705,84260c9ea667e4b1cdc99d6e,3769,57,42,460,340,1100.5859375,717.34042553191489,0.8984375,0.72340425531914898,False,row2_col2,512,376,0,68
3770,182982,62e720c2614a5a925bc7244b,3770,6,43,52,348,257.9375,730.28083989501306,0.1015625,0.7427821522309711,False,row2_col0,512,381,0,65
3771,1726923,6137c5eb29c83e0295cb116d,3771,11,39,92,316,304.9140625,654.18253968253964,0.1796875,0.65873015873015872,False,row1_col0,512,378,0,67
3772,2736828,5f992fdd05552118b4d67202,3772,60,10,484,84,1174.296875,158.02724795640327,0.9453125,0.032697547683923703,False,row0_col2,512,367,0,72
3773,538727,334d09cec1e33736f5ceeeae,3773,39,33,316,268,794.609375,567.4702842377261,0.6171875,0.53229974160206717,False,row1_col1,512,387,0,62
3774,116004,8beb03d8a5bb47d4e9a2581d,3774,36,20,292,164,731.765625,335.94878706199461,0.5703125,0.25336927223719674,False,row0_col1,512,371,0,70
3775,318213,c45bca2ff1189b57883f62b3,3775,5,44,44,356,218.6171875,748.82258064516122,0.0859375,0.76881720430107525,False,row2_col0,512,372,0,70
3776,358413,bafa334c6c43147b890e28ed,3776,13,32,108,260,336.5078125,539.65263157894742,0.2109375,0.51052631578947372,False,row1_col0,512,380,0,66
3777,28073,b6eaf5e811a0be7062ed1bb3,3777,41,54,332,436,801.1171875,921.84455958549222,0.6484375,0.96632124352331605,False,row2_col1,512,386,0,63
3778,2083046,faf3e3da73ae229e7fc9da66,3778,38,35,308,284,777.9140625,604.4679144385027,0.6015625,0.57486631016042777,False,row1_col1,512,374,0,69
3779,2328801,45bfb62d2b8a12a9724eb563,3779,33,35,268,284,671.640625,601.35543766578246,0.5234375,0.5755968169761273,False,row1_col1,512,377,0,67
3780,575111,36eb7440912b14f82d4f0a68,3780,7,26,60,212,231.140625,428.31937172774866,0.1171875,0.38481675392670156,False,row1_col0,512,382,0,65
3781,382374,bf67a8c3d85ddf53723e2a60,3781,38,22,308,180,773.7421875,357.01066666666668,0.6015625,0.29866666666666669,False,row0_col1,512,375,0,68
3782,1383035,d966074aac618fed4e291ae3,3782,59,41,476,332,1109.7265625,699.40616966580978,0.9296875,0.69665809768637532,False,row2_col2,512,389,0,61
3783,538836,334d09cec1e33736f5ceeeae,3783,20,35,164,284,466.265625,601.99224806201551,0.3203125,0.5736434108527132,False,row1_col0,512,387,0,62
3784,2194774,31f176914f7ef2559f447dab,3784,22,53,180,428,498.3125,914.4371584699453,0.3515625,0.9699453551912568,False,row2_col1,512,366,0,73
3785,2139595,e6a42e7bbe1942d90ee3b93f,3785,11,23,92,188,296.4765625,403.60000000000002,0.1796875,0.32000000000000001,False,row0_col0,512,375,0,68
3786,2902546,4e68548ea0608614aa35b760,3786,18,40,148,324,404.859375,678.45652173913049,0.2890625,0.68478260869565222,False,row2_col0,512,368,0,72
3787,2018078,5ab20c40b2d117b504740ca4,3787,30,44,244,356,635.171875,760.5613079019073,0.4765625,0.77384196185286103,False,row2_col1,512,367,0,72
3788,1014279,5f54a832376b920cdc467195,3788,7,40,60,324,233.078125,696.946949602122,0.1171875,0.6816976127320955,False,row2_col0,512,377,0,67
3789,2380965,87721955af6f57a012d16d47,3789,37,18,300,148,727.7734375,291.57142857142856,0.5859375,0.21428571428571427,False,row0_col1,512,378,0,67
3790,1800797,5dcfc0e65ab4ebc09fc86fbe,3790,29,41,236,332,631.1796875,679.23626373626371,0.4609375,0.70879120879120883,False,row2_col1,512,364,0,74
3791,1680987,cca4df1af11b6f70d6b2fea3,3791,27,25,220,204,579.953125,400.3034300791557,0.4296875,0.36411609498680741,False,row1_col1,512,379,0,66
3792,2071114,f4df64b5ff783c747eb82df3,3792,10,41,84,332,331.3046875,710.42399999999998,0.1640625,0.70399999999999996,False,row2_col0,512,375,0,68
3793,1980022,17686a11fc83b9f929d8d85e,3793,54,25,436,204,1095.3125,431.73118279569894,0.8515625,0.36021505376344087,False,row1_col2,512,372,0,70
3794,1972727,bc5170b2dbd4e825a4bfa3ef,3794,55,39,444,316,1047.0390625,667.79999999999995,0.8671875,0.65714285714285714,False,row1_col2,512,385,0,63
3795,433229,482fefcd016bb88b2f86f80f,3795,13,49,108,396,369.453125,841.18918918918916,0.2109375,0.8783783783783784,False,row2_col0,512,370,0,71
3796,2626712,82da62713a0e4c22cbd7efd6,3796,24,18,196,148,524.390625,301.4043126684636,0.3828125,0.21024258760107817,False,row0_col1,512,371,0,70
3797,2004316,d8aec49d4eabf940e94e99b9,3797,28,21,228,172,597.171875,363.14400000000001,0.4453125,0.27733333333333332,False,row0_col1,512,375,0,68
3798,79826,50686f2742e029d8a5849b18,3798,18,31,148,252,431.546875,523.39583333333326,0.2890625,0.48958333333333331,False,row1_col0,512,384,0,64
3799,1156437,d03b423ac174ea78bf4a6637,3799,21,21,172,172,486.890625,345.07253886010363,0.3359375,0.28238341968911918,False,row0_col1,512,386,0,63
3800,1985496,152a6af5fd08ee8687052c5c,3800,24,47,196,380,542.4140625,813.43200000000002,0.3828125,0.83199999999999996,False,row2_col1,512,375,0,68
3801,2267673,163f27e0d1466030dadaebb8,3801,25,40,204,324,577.0703125,694.01876675603216,0.3984375,0.6836461126005362,False,row2_col1,512,373,0,69
3802,407500,f7464ed5a8656ac375a0fb2d,3802,12,31,100,252,367.1875,532.40871934604911,0.1953125,0.49046321525885561,False,row1_col0,512,367,0,72
3803,2414542,02b8d585b96bf351d6297716,3803,14,31,116,252,365.859375,519.5297157622739,0.2265625,0.49095607235142119,False,row1_col0,512,387,0,62
3804,641615,b7efa09397f24e9b80cb6758,3804,15,41,124,332,362.3125,701.62371134020611,0.2421875,0.69587628865979378,False,row2_col0,512,388,0,62
3805,1869783,55697275b8b27562c9eb1a4c,3805,23,31,188,252,507.90625,532.9818181818182,0.3671875,0.49090909090909091,False,row1_col1,512,385,0,63
3806,2635915,ee0789a261852bef9369707a,3806,11,34,92,276,340.734375,585.76010781671152,0.1796875,0.55525606469002697,False,row1_col0,512,371,0,70
3807,2070385,f4df64b5ff783c747eb82df3,3807,49,29,396,236,1001.0078125,504.08800000000002,0.7734375,0.44800000000000001,False,row1_col2,512,375,0,68
3808,940710,4f2e92e1b80cd39c3cba6440,3808,38,42,308,340,753.921875,711.95744680851067,0.6015625,0.72340425531914898,False,row2_col1,512,376,0,68
3809,292910,fe93b73ddd86f0b267f37da8,3809,46,32,372,260,938.1171875,548.81167108753311,0.7265625,0.51193633952254647,False,row1_col2,512,377,0,67
3810,2057480,80f88014c0d14ab592726fe3,3810,8,20,68,164,247.9609375,351.00804289544237,0.1328125,0.2546916890080429,False,row0_col0,512,373,0,69
3811,444724,2c26a77005e1ed9b640e64e2,3811,52,36,420,292,1019.5234375,620.42175066313007,0.8203125,0.59681697612732099,False,row1_col2,512,377,0,67
3812,2438824,4b2934de204003644e1cf7cc,3812,40,26,324,212,853.1953125,445.84946236559142,0.6328125,0.38172043010752688,False,row1_col1,512,372,0,70
3813,2341377,c977bea10bf03c99460cec13,3813,1,40,12,324,129.78125,683.70000000000005,0.0234375,0.67894736842105263,False,row2_col0,512,380,0,66
3814,2411145,4353ce725c8d749885d3c4b7,3814,9,42,76,340,228.6875,714.93684210526317,0.1484375,0.72105263157894739,False,row2_col0,512,380,0,66
3815,2401542,e23c7263422caa21794c6b96,3815,6,20,52,164,248.4140625,338.85714285714289,0.1015625,0.25661375661375663,False,row0_col0,512,378,0,67
3816,2049505,91decb18deafedf261951d4d,3816,33,23,268,188,656.6875,398.86363636363637,0.5234375,0.31818181818181818,False,row0_col1,512,374,0,69
3817,956578,a9d0ff3cc6fb5dab5212ac12,3817,34,34,276,276,717.5078125,577.56692913385825,0.5390625,0.5538057742782152,False,row1_col1,512,381,0,65
3818,1840731,220c8ee1c69449f9af0ae7f1,3818,27,25,220,204,542.515625,439.51041666666663,0.4296875,0.36458333333333331,False,row1_col1,512,384,0,64
3819,2603034,4b2633be99f67ebb463d227e,3819,26,32,212,260,547.296875,543.60540540540546,0.4140625,0.51081081081081081,False,row1_col1,512,370,0,71
3820,2021920,5addf17fbe747cbcb767afaf,3820,32,40,260,324,668.0859375,682.2905759162303,0.5078125,0.67801047120418845,False,row2_col1,512,382,0,65
3821,2376735,d8e33de8429b55ebb8877642,3821,31,16,252,132,614.9140625,269.5573333333333,0.4921875,0.17066666666666666,False,row0_col1,512,375,0,68
3822,956956,a9d0ff3cc6fb5dab5212ac12,3822,28,40,228,324,614.2890625,680.74803149606294,0.4453125,0.67979002624671914,False,row2_col1,512,381,0,65
3823,1846052,439720347b525b459d2cd2a2,3823,36,44,292,356,787.0625,771.87979539641947,0.5703125,0.75703324808184147,False,row2_col1,512,391,0,60
3824,1268087,571ee3662d24063a85881fe9,3824,55,37,444,300,1092.7109375,623.754054054054,0.8671875,0.61891891891891893,False,row1_col2,512,370,0,71
3825,195225,70167206a708a11cfa66d657,3825,25,42,204,340,580.0703125,717.59249329758711,0.3984375,0.72654155495978556,False,row2_col1,512,373,0,69
3826,2632201,c530cb0c0e739b7c0af0415d,3826,9,40,76,324,246.4296875,683.17506631299739,0.1484375,0.6816976127320955,False,row2_col0,512,377,0,67
3827,1971529,bc5170b2dbd4e825a4bfa3ef,3827,9,21,76,172,257.1328125,358.85454545454547,0.1484375,0.2831168831168831,False,row0_col0,512,385,0,63
3828,887199,1ecac2e7140d516b873b5746,3828,31,38,252,308,639.8515625,647.57446808510645,0.4921875,0.63829787234042556,False,row1_col1,512,376,0,68
3829,256169,389705dbbfe69bc29265ddd8,3829,41,34,332,276,861.1171875,571.79729729729729,0.6484375,0.55405405405405406,False,row1_col1,512,370,0,71
3830,1558779,58941e2ed5798562410c5326,3830,59,35,476,284,1162.0234375,593.7874015748032,0.9296875,0.57480314960629919,False,row1_col2,512,381,0,65
3831,2049249,91decb18deafedf261951d4d,3831,33,19,268,156,656.6875,330.32887700534764,0.5234375,0.23262032085561499,False,row0_col1,512,374,0,69
3832,1854565,f06dd4b0ff466537119cc2af,3832,37,49,300,396,744.1875,839.56989247311833,0.5859375,0.87634408602150538,False,row2_col1,512,372,0,70
3833,1112621,825a1b23f7b0d75436750d93,3833,45,40,364,324,939.296875,671.03664921465963,0.7109375,0.67801047120418845,False,row2_col2,512,382,0,65
3834,1832634,efab8b57a05312e6e2d6ff9c,3834,58,26,468,212,1067.5546875,444.22047244094489,0.9140625,0.38582677165354329,False,row1_col2,512,381,0,65
3835,1857063,7a0f74886ddf2564aac2dcae,3835,39,24,316,196,773.0546875,415.99732620320856,0.6171875,0.33957219251336901,False,row1_col1,512,374,0,69
3836,2229509,d81cb231e10288659e7909e8,3836,5,20,44,164,245.015625,347.70542635658916,0.0859375,0.26356589147286824,False,row0_col0,512,387,0,62
3837,1165333,94840b6b6d3b3942dc01dd23,3837,21,32,172,260,477.5703125,547.80738786279676,0.3359375,0.51187335092348285,False,row1_col1,512,379,0,66
3838,1755352,0aef4825947bf8ad603e523a,3838,24,35,196,284,556.6875,584.89008042895443,0.3828125,0.57640750670241292,False,row1_col1,512,373,0,69
3839,1840936,220c8ee1c69449f9af0ae7f1,3839,40,28,324,228,766.359375,491.19791666666663,0.6328125,0.42708333333333331,False,row1_col1,512,384,0,64
3840,1749598,c192edd74fe8165b22e50c5a,3840,30,9,244,76,639.078125,132.39074550128535,0.4765625,0.038560411311053984,False,row0_col1,512,389,0,61
3841,2332892,9fbe77467132d5c93ee01128,3841,28,35,228,284,648.3984375,597.23342175066318,0.4453125,0.5755968169761273,False,row1_col1,512,377,0,67
3842,2254635,1882c154e2fd7debcc259ddf,3842,43,28,348,228,904.6171875,490.97948717948714,0.6796875,0.42820512820512818,False,row1_col2,512,390,0,61
3843,1436132,6dc9bf8ff05d6f7df0e30315,3843,36,39,292,316,733.4765625,644.61007957559684,0.5703125,0.66047745358090182,False,row1_col1,512,377,0,67
3844,2147869,a4df32cda65d6caec503e150,3844,29,24,236,196,588.1875,409.04255319148933,0.4609375,0.34042553191489361,False,row1_col1,512,376,0,68
3845,694468,75e6d970a10dafc3054e0571,3845,4,35,36,284,214.1875,595.36585365853659,0.0703125,0.57723577235772361,False,row1_col0,512,369,0,71
3846,2763459,7518c6376e2146766b15e23d,3846,3,43,28,348,161.8125,749.28083989501306,0.0546875,0.7427821522309711,False,row2_col0,512,381,0,65
3847,1411563,0e73d5b73d8a048c26edff31,3847,43,39,348,316,869.4140625,648.78260869565213,0.6796875,0.66304347826086951,False,row1_col2,512,368,0,72
3848,116621,8beb03d8a5bb47d4e9a2581d,3848,13,30,108,244,334.296875,508.67115902964963,0.2109375,0.46900269541778977,False,row1_col0,512,371,0,70
3849,2246260,326ec13f01a3ce47feae7840,3849,52,25,420,204,1045.0625,433.24736842105267,0.8203125,0.36315789473684212,False,row1_col2,512,380,0,66
3850,2835896,7731cbaac561ffb2001abafb,3850,56,22,452,180,1098.3359375,358.54166666666663,0.8828125,0.30208333333333331,False,row0_col2,512,384,0,64
3851,459556,89b989a81f1da592d59cc87b,3851,36,12,292,100,765.1875,206.95121951219511,0.5703125,0.078590785907859076,False,row0_col1,512,369,0,71
3852,2587122,78320b73d7e5345b4fe8afe9,3852,50,39,404,316,957.0703125,676.61007957559684,0.7890625,0.66047745358090182,False,row1_col2,512,377,0,67
3853,2595578,0a002938726018c2f380fd7f,3853,58,43,468,348,1100.3828125,727.92432432432429,0.9140625,0.74864864864864866,False,row2_col2,512,370,0,71
3854,2340912,c977bea10bf03c99460cec13,3854,48,32,388,260,937.59375,546.10000000000002,0.7578125,0.51052631578947372,False,row1_col2,512,380,0,66
3855,275658,25b175f8a0414b88adf3bbf2,3855,10,19,84,156,301.453125,324.07999999999998,0.1640625,0.23466666666666666,False,row0_col0,512,375,0,68
3856,1967984,af227d5d2da548642af3d8e8,3856,48,29,388,236,894.4140625,495.7244094488189,0.7578125,0.44881889763779526,False,row1_col2,512,381,0,65
3857,1403479,fb0fc8380eda2b3a475c35eb,3857,23,41,188,332,506.640625,686.72340425531911,0.3671875,0.7021276595744681,False,row2_col1,512,376,0,68
3858,2157049,abac48c206f4f9db98c1c8cf,3858,57,39,460,316,1113.3828125,666.41085271317831,0.8984375,0.65633074935400515,False,row1_col2,512,387,0,62
3859,2038070,df64943a259e759b69c57f25,3859,54,36,436,292,1053.8671875,614.42175066313007,0.8515625,0.59681697612732099,False,row1_col2,512,377,0,67
3860,1333683,a252f276c55b21904fb18cca,3860,51,38,412,308,990.984375,646.84905660377353,0.8046875,0.64150943396226412,False,row1_col2,512,371,0,70
3861,1194543,e2d24e5a47106bd7023a7d65,3861,47,40,380,324,936.5390625,688.35543766578246,0.7421875,0.6816976127320955,False,row2_col2,512,377,0,67
3862,445796,2c26a77005e1ed9b640e64e2,3862,36,53,292,428,744.7734375,912.62334217506634,0.5703125,0.95755968169761274,False,row2_col1,512,377,0,67
3863,2411023,4353ce725c8d749885d3c4b7,3863,15,40,124,324,331.4375,680.66315789473686,0.2421875,0.67894736842105263,False,row2_col0,512,380,0,66
3864,2197400,b7cc7826ac85ae8215b61101,3864,24,30,196,244,554.5625,518.82631578947371,0.3828125,0.46842105263157896,False,row1_col1,512,380,0,66
3865,1137252,b8c1aa202c435cfafd7ff1ed,3865,36,41,292,332,766.4765625,699.66666666666674,0.5703125,0.70430107526881724,False,row2_col1,512,372,0,70
3866,1857163,7a0f74886ddf2564aac2dcae,3866,11,26,92,212,293.1171875,450.26470588235293,0.1796875,0.38235294117647056,False,row1_col0,512,374,0,69
3867,1370793,1b4772939ca9ecd9e08d219a,3867,41,42,332,340,808.0625,717.58947368421059,0.6484375,0.72105263157894739,False,row2_col1,512,380,0,66
3868,25948,b6eaf5e811a0be7062ed1bb3,3868,28,21,228,172,575.8515625,350.07253886010363,0.4453125,0.28238341968911918,False,row0_col1,512,386,0,63
3869,338319,d97ecfbcd8824d84ea5eae90,3869,15,38,124,308,354.25,652.76795580110502,0.2421875,0.64364640883977897,False,row1_col0,512,362,0,75
3870,260055,db58b895d25ece9db831dde2,3870,23,31,188,252,493.4140625,535.79347826086951,0.3671875,0.4891304347826087,False,row1_col1,512,368,0,72
3871,464020,7ca059b6fa1e54dd4a7dcf3f,3871,20,18,164,148,475.2265625,302.78125,0.3203125,0.21875,False,row0_col0,512,384,0,64
3872,1959731,113ae33369eea4ce7f0b6955,3872,51,28,412,228,980.3515625,482.91511936339526,0.8046875,0.4270557029177719,False,row1_col2,512,377,0,67
3873,1402902,fb0fc8380eda2b3a475c35eb,3873,22,32,180,260,489.421875,531.61702127659578,0.3515625,0.51063829787234039,False,row1_col1,512,376,0,68
3874,1566844,1fae9ba9c99bf430c1e582d7,3874,60,33,484,268,1149.4609375,563.43650793650795,0.9453125,0.53174603174603174,False,row1_col2,512,378,0,67
3875,506063,74dba489b837409bdc9002e2,3875,15,35,124,284,403.3125,587.33681462140999,0.2421875,0.5744125326370757,False,row1_col0,512,383,0,64
3876,2423544,37007bcf2d5f43196d17bd6c,3876,56,43,452,348,1086.09375,744.81333333333339,0.8828125,0.7466666666666667,False,row2_col2,512,375,0,68
3877,308348,766454c47ae7c9d62021ae41,3877,60,17,484,140,1164.7890625,286.72580645161293,0.9453125,0.18817204301075269,False,row0_col2,512,372,0,70
3878,1660351,84a3e62ce078286ce2c7c91e,3878,63,22,508,180,1185.3125,371.37628865979377,0.9921875,0.30412371134020616,False,row0_col2,512,388,0,62
3879,387321,71724a3bf8b9be3deb5292f6,3879,57,35,460,284,1116.671875,596.53580901856765,0.8984375,0.5755968169761273,False,row1_col2,512,377,0,67
3880,2389750,bdd69774207d2ddbd41a3849,3880,54,27,436,220,1046.609375,461.69761273209548,0.8515625,0.40583554376657827,False,row1_col2,512,377,0,67
3881,885727,1ecac2e7140d516b873b5746,3881,31,15,252,124,639.8515625,249.2340425531915,0.4921875,0.14893617021276595,False,row0_col1,512,376,0,68
3882,2033399,f5b4ddaa2084fc1c86822eb6,3882,55,27,444,220,1099.3046875,461.9375,0.8671875,0.40625,False,row1_col2,512,384,0,64
3883,2123661,dc0b4ccd38f08660aa595e39,3883,13,30,108,244,318.765625,525.4221635883905,0.2109375,0.46965699208443273,False,row1_col0,512,379,0,66
3884,80517,50686f2742e029d8a5849b18,3884,5,42,44,340,207.703125,712.6875,0.0859375,0.71875,False,row2_col0,512,384,0,64
3885,1861650,f4ac4da33960d6b1e1780732,3885,18,32,148,260,382.234375,546.05497382198951,0.2890625,0.51047120418848169,False,row1_col0,512,382,0,65
3886,795831,1521c7bdee93d552208d03d3,3886,55,18,444,148,1065.9765625,310.78125,0.8671875,0.21875,False,row0_col2,512,384,0,64
3887,1832422,efab8b57a05312e6e2d6ff9c,3887,38,23,308,188,724.1171875,392.75590551181102,0.6015625,0.32283464566929132,False,row0_col1,512,381,0,65
3888,697862,88c4bf09a5d57231f89b045c,3888,6,24,52,196,226.4296875,391.48000000000002,0.1015625,0.34133333333333332,False,row1_col0,512,375,0,68
3889,1029903,f8040df5a0c034645db9d18b,3889,15,28,124,228,401.6484375,480.23262032085557,0.2421875,0.42513368983957217,False,row1_col0,512,374,0,69
3890,1005082,2fb5196803f6c730af314161,3890,26,24,212,196,593.296875,416.5,0.4140625,0.34210526315789475,False,row1_col1,512,380,0,66
3891,1550538,22ab2c684f502bb67ac25bda,3891,10,35,84,284,269.75,591.87596899224809,0.1640625,0.5736434108527132,False,row1_col0,512,387,0,62
3892,353992,5477e1d816f3af5d3adf2b48,3892,8,27,68,220,253.421875,473.03108808290153,0.1328125,0.40673575129533679,False,row1_col0,512,386,0,63
3893,2000567,94b7f239fa8a30f58007d290,3893,55,26,444,212,1044.703125,454.39528795811515,0.8671875,0.38481675392670156,False,row1_col2,512,382,0,65
3894,1860222,f4ac4da33960d6b1e1780732,3894,62,9,500,76,1134.359375,152.5261780104712,0.9765625,0.028795811518324606,False,row0_col2,512,382,0,65
3895,1321356,084113d51f52939d74d2a4fd,3895,12,38,100,308,295.015625,660.39999999999998,0.1953125,0.64000000000000001,False,row1_col0,512,375,0,68
3896,506616,74dba489b837409bdc9002e2,3896,56,43,452,348,1115.6875,726.19843342036552,0.8828125,0.74151436031331597,False,row2_col2,512,383,0,64
3897,2238110,61b5465c722b8b833ec48621,3897,30,26,244,212,666.8828125,445.16890080428954,0.4765625,0.38337801608579086,False,row1_col1,512,373,0,69
3898,1468459,7d4e47ad65dc99387ba61cb2,3898,43,32,348,260,880.4140625,538.22739726027396,0.6796875,0.51232876712328768,False,row1_col2,512,365,0,73
3899,903862,2b4b6352c349b3d52ed92754,3899,54,42,436,340,1067.3828125,727.71428571428578,0.8515625,0.7142857142857143,False,row2_col2,512,392,0,60
3900,1084247,ea6c797466588fd922c5de39,3900,23,45,188,364,502.046875,768.74468085106389,0.3671875,0.78723404255319152,False,row2_col1,512,376,0,68
3901,2307672,eebb80b7602a9bc51384c3b3,3901,24,25,196,204,536.09375,428.91472868217056,0.3828125,0.36692506459948321,False,row1_col1,512,387,0,62
3902,1779039,68156206f643fb334d0eae7f,3902,31,21,252,172,630.296875,335.74324324324323,0.4921875,0.27297297297297296,False,row0_col1,512,370,0,71
3903,1484644,dbf24df1fbf05890f62cb775,3903,36,29,292,236,765.1875,500.6509695290859,0.5703125,0.44598337950138506,False,row1_col1,512,361,0,75
3904,2030052,61f217f44bf2fb9b5077b9b6,3904,36,39,292,316,749.0625,672.86842105263156,0.5703125,0.65789473684210531,False,row1_col1,512,380,0,66
3905,1206512,e07a60e9493523db2330e39e,3905,48,35,388,284,998.6875,595.89008042895443,0.7578125,0.57640750670241292,False,row1_col2,512,373,0,69
3906,116977,8beb03d8a5bb47d4e9a2581d,3906,49,35,396,284,956.421875,595.03234501347697,0.7734375,0.5768194070080862,False,row1_col2,512,371,0,70
3907,1254885,cfe68510ca15cd1473d0ef71,3907,37,23,300,188,738.046875,382.57142857142856,0.5859375,0.32653061224489793,False,row0_col1,512,392,0,60
3908,2170302,736df5902e9879b38b3b9634,3908,62,54,500,436,1175.2421875,924.55643044619421,0.9765625,0.97375328083989499,False,row2_col2,512,381,0,65
3909,2393507,d38497f6cb09922f8f3dcf04,3909,35,22,284,180,800.4921875,375.60104986876638,0.5546875,0.30183727034120733,False,row0_col1,512,381,0,65
3910,1877814,621fde1bd00dce28d45409a7,3910,54,28,436,228,1061.5703125,481.20967741935488,0.8515625,0.42473118279569894,False,row1_col2,512,372,0,70
3911,2436330,28b53dd19c8f65de13e95cab,3911,42,51,340,412,848.8125,878.60695187165777,0.6640625,0.91711229946524064,False,row2_col1,512,374,0,69
3912,804912,5d0f2dad7d48724f02a696a2,3912,48,32,388,260,957.4140625,545.15945945945941,0.7578125,0.51081081081081081,False,row1_col2,512,370,0,71
3913,341242,c9fce8b47dde33b4fc8fb311,3913,58,19,468,156,1109.609375,331.19788918205802,0.9140625,0.23746701846965698,False,row0_col2,512,379,0,66
3914,551018,d2039782b7096a17e967307e,3914,42,33,340,268,831.4375,555.62140992167099,0.6640625,0.53263707571801566,False,row1_col1,512,383,0,64
3915,628936,63f23e2fc4a87e66536e23d3,3915,8,35,68,284,278.6875,596.81471389645776,0.1328125,0.57765667574931878,False,row1_col0,512,367,0,72
3916,2426834,07487879b83ab8bf265d8c1f,3916,18,31,148,252,476.6796875,546.47814910025704,0.2890625,0.49100257069408743,False,row1_col0,512,389,0,61
3917,628697,63f23e2fc4a87e66536e23d3,3917,25,31,204,252,574.0625,527.40871934604911,0.3984375,0.49046321525885561,False,row1_col1,512,367,0,72
3918,1107854,8d1384cdea9081ff9ee66728,3918,14,30,116,244,370.578125,509.15999999999997,0.2265625,0.46933333333333332,False,row1_col0,512,375,0,68
3919,2356748,87a418aeb28937346e884495,3919,12,24,100,196,394.6015625,416.00763358778624,0.1953125,0.34860050890585242,False,row1_col0,512,393,0,59
3920,2566970,a96e8fbb128dc3f4ea56a755,3920,58,44,468,356,1095.296875,750.34391534391534,0.9140625,0.76455026455026454,False,row2_col2,512,378,0,67
3921,2119098,0227fa273d0d8c8f6714e23b,3921,58,22,468,180,1128.7265625,374.78723404255317,0.9140625,0.2978723404255319,False,row0_col2,512,376,0,68
3922,1071126,7c0723e796cc05b0a21cce5f,3922,22,32,180,260,478.421875,548.60540540540546,0.3515625,0.51081081081081081,False,row1_col1,512,370,0,71
3923,1493540,03b92d95da6694e6f43e0193,3923,36,40,292,324,732.484375,663.89378238341965,0.5703125,0.67616580310880825,False,row2_col1,512,386,0,63
3924,277239,25b175f8a0414b88adf3bbf2,3924,55,43,444,348,1079.109375,738.80000000000007,0.8671875,0.7466666666666667,False,row2_col2,512,375,0,68
3925,2369974,fe666fef2b8871f5528589d3,3925,54,38,436,308,1115.609375,666.05426356589146,0.8515625,0.63565891472868219,False,row1_col2,512,387,0,62
3926,2058029,80f88014c0d14ab592726fe3,3926,45,28,364,228,883.3203125,488.44504021447722,0.7109375,0.42627345844504022,False,row1_col2,512,373,0,69
3927,2025781,53e9a502e46a7b9e168d9115,3927,53,36,428,292,1010.1875,625.57446808510633,0.8359375,0.5957446808510638,False,row1_col2,512,376,0,68
3928,1013729,5f54a832376b920cdc467195,3928,33,31,268,252,684.015625,540.91511936339521,0.5234375,0.49071618037135278,False,row1_col1,512,377,0,67
3929,2279132,5676e48fb1caa42ecdd07480,3929,28,27,228,220,561.8515625,462.12781954887214,0.4453125,0.41102756892230574,False,row1_col1,512,399,0,56
3930,551495,d2039782b7096a17e967307e,3930,7,41,60,332,223.3125,694.48302872062663,0.1171875,0.69973890339425593,False,row2_col0,512,383,0,64
3931,2140551,e6a42e7bbe1942d90ee3b93f,3931,7,38,60,308,227.7890625,661.20000000000005,0.1171875,0.64000000000000001,False,row1_col0,512,375,0,68
3932,690389,7ab749d4fd062c3c49f0ba2a,3932,21,35,172,284,510.8828125,581.63414634146352,0.3359375,0.57723577235772361,False,row1_col1,512,369,0,71
3933,448811,72516b14bd4f8c49162a07e5,3933,43,36,348,292,864.015625,607.44864864864871,0.6796875,0.5972972972972973,False,row1_col2,512,370,0,71
3934,2848219,62d6d7251de0b9863368086e,3934,27,23,220,188,600.6640625,390.34946236559142,0.4296875,0.31720430107526881,False,row0_col1,512,372,0,70
3935,1927986,0493c50e4f0350b831275383,3935,50,44,404,356,1020.0703125,755.54114713216961,0.7890625,0.75062344139650872,False,row2_col2,512,401,0,55
3936,240961,4fc95a77b6b1e2f554f692f3,3936,1,53,12,428,131.9453125,904.04878048780495,0.0234375,0.96747967479674801,False,row2_col0,512,369,0,71
3937,2390320,bdd69774207d2ddbd41a3849,3937,48,36,388,292,944.046875,615.43766578249347,0.7578125,0.59681697612732099,False,row1_col2,512,377,0,67
3938,603743,6aacc3e88c7b1fee9f8c4019,3938,31,25,252,204,670.3125,424.7597911227154,0.4921875,0.36553524804177545,False,row1_col1,512,383,0,64
3939,735926,9e7c13f8064b9fc62fe964d6,3939,54,42,436,340,1059.6796875,719.6335078534031,0.8515625,0.71989528795811519,False,row2_col2,512,382,0,65
3940,1014134,5f54a832376b920cdc467195,3940,54,37,436,300,1048.234375,644.9363395225464,0.8515625,0.61803713527851456,False,row1_col2,512,377,0,67
3941,2296902,2608d95da3b3a020babab4a4,3941,6,49,52,396,265.0078125,834.83378016085794,0.1015625,0.87667560321715821,False,row2_col0,512,373,0,69
3942,2549135,b672bab83cdd2e2fd3e3b92b,3942,15,22,124,180,393.1015625,359.66492146596863,0.2421875,0.30104712041884818,False,row0_col0,512,382,0,65
3943,1906018,29967e147eb9c7a768964adf,3943,34,21,276,172,699.4296875,362.59681697612734,0.5390625,0.27851458885941643,False,row0_col1,512,377,0,67
3944,2406557,cbbfcf781cf2e6b2a448637f,3944,29,34,236,276,611.953125,572.57291666666674,0.4609375,0.55208333333333337,False,row1_col1,512,384,0,64
3945,2297162,2608d95da3b3a020babab4a4,3945,10,53,84,428,333.3203125,903.12332439678278,0.1640625,0.96246648793565681,False,row2_col0,512,373,0,69
3946,1534034,525e253a65f0af92629166a4,3946,18,33,148,268,442.703125,560.48051948051943,0.2890625,0.53246753246753242,False,row1_col0,512,385,0,63
3947,1923478,7361af587e04e93382fe2d91,3947,22,38,180,308,494.421875,647.04123711340208,0.3515625,0.634020618556701,False,row1_col1,512,388,0,62
3948,215800,7d6e953eea6aeb102463c263,3948,56,43,452,348,1093.921875,731.62005277044864,0.8828125,0.74406332453825863,False,row2_col2,512,379,0,66
3949,2423496,37007bcf2d5f43196d17bd6c,3949,8,43,68,348,261.09375,744.81333333333339,0.1328125,0.7466666666666667,False,row2_col0,512,375,0,68
3950,2303352,79609d9f8ec519016767e49f,3950,56,21,452,172,1121.5625,355.06315789473683,0.8828125,0.27894736842105261,False,row0_col2,512,380,0,66
3951,2430246,63727db752b5ff12377d012c,3951,38,20,308,164,801.1328125,340.40625,0.6015625,0.26041666666666669,False,row0_col1,512,384,0,64
3952,1557401,58941e2ed5798562410c5326,3952,25,14,204,116,572.8671875,229.56692913385828,0.3984375,0.13385826771653545,False,row0_col1,512,381,0,65
3953,1878059,621fde1bd00dce28d45409a7,3953,43,32,348,260,872.3359375,550.11290322580646,0.6796875,0.510752688172043,False,row1_col2,512,372,0,70
3954,2091300,84260c9ea667e4b1cdc99d6e,3954,36,36,292,292,740.6328125,614.57446808510633,0.5703125,0.5957446808510638,False,row1_col1,512,376,0,68
3955,2406838,cbbfcf781cf2e6b2a448637f,3955,54,38,436,308,1042.421875,641.48958333333326,0.8515625,0.63541666666666663,False,row1_col2,512,384,0,64
3956,2864228,3c6223fad65553c89976049b,3956,36,17,292,140,734.3359375,289.56735751295332,0.5703125,0.19948186528497408,False,row0_col1,512,386,0,63
3957,968912,b84c63039a63bf730ebdebb1,3957,16,35,132,284,392.6875,562.33681462140999,0.2578125,0.5744125326370757,False,row1_col0,512,383,0,64
3958,2221742,442850a2087d62c7e9453fcd,3958,46,26,372,212,936.3125,440.84946236559142,0.7265625,0.38172043010752688,False,row1_col2,512,372,0,70
3959,729870,baa55f7c3696feb74db32bba,3959,14,12,116,100,373.578125,197.47229551451187,0.2265625,0.089709762532981532,False,row0_col0,512,379,0,66
3960,2169575,736df5902e9879b38b3b9634,3960,39,43,316,348,780.2890625,735.85301837270345,0.6171875,0.7427821522309711,False,row2_col1,512,381,0,65
3961,956691,a9d0ff3cc6fb5dab5212ac12,3961,19,36,156,292,459.4609375,611.96062992125985,0.3046875,0.59580052493438318,False,row1_col0,512,381,0,65
3962,2026009,53e9a502e46a7b9e168d9115,3962,25,40,204,324,530.6875,694.08510638297867,0.3984375,0.68085106382978722,False,row2_col1,512,376,0,68
3963,218677,d1458cc139bf5041872709d8,3963,53,24,428,196,1011.5625,412.57894736842104,0.8359375,0.34210526315789475,False,row1_col2,512,380,0,66
3964,1710536,a8bb3126ece458be91eaa829,3964,8,39,68,316,271.9609375,652.84595300261094,0.1328125,0.65796344647519578,False,row1_col0,512,383,0,64
3965,2411399,4353ce725c8d749885d3c4b7,3965,7,46,60,372,194.4375,783.48421052631579,0.1171875,0.80526315789473679,False,row2_col0,512,380,0,66
3966,1107399,8d1384cdea9081ff9ee66728,3966,7,23,60,188,249.609375,388.19999999999999,0.1171875,0.32000000000000001,False,row0_col0,512,375,0,68
3967,2164745,37c49f476ea9c80e5566cd34,3967,9,32,76,260,247.8359375,550.57142857142856,0.1484375,0.51058201058201058,False,row1_col0,512,378,0,67
3968,2775220,cefaf5a44ecfd5ed51bd547c,3968,52,34,420,276,1038.265625,568.74468085106378,0.8203125,0.55319148936170215,False,row1_col2,512,376,0,68
3969,2338018,7413f29906bbedeb019fea89,3969,34,51,276,412,730.8125,875.61340206185571,0.5390625,0.90206185567010311,False,row2_col1,512,388,0,62
3970,2242377,c685b4a491f88fc79b166eaa,3970,9,29,76,236,321.390625,505.84800000000001,0.1484375,0.44800000000000001,False,row1_col0,512,375,0,68
3971,1882351,7b4398b5f7d90eaafd6f9de7,3971,47,35,380,284,975.4375,599.97319034852558,0.7421875,0.57640750670241292,False,row1_col2,512,373,0,69
3972,2070059,f4df64b5ff783c747eb82df3,3972,43,24,348,196,897.9765625,418.11466666666666,0.6796875,0.34133333333333332,False,row1_col2,512,375,0,68
3973,2599318,3f8c7ad9849e7d9320a48378,3973,22,38,180,308,465.8828125,641.07297297297293,0.3515625,0.64054054054054055,False,row1_col1,512,370,0,71
3974,2189135,57d3f410b6fcba2a57bda29d,3974,15,29,124,236,401.859375,502.36147757255935,0.2421875,0.44854881266490765,False,row1_col0,512,379,0,66
3975,1865167,f811b6561edd9f797ff5e802,3975,15,23,124,188,384.1640625,389.92000000000002,0.2421875,0.32000000000000001,False,row0_col0,512,375,0,68
3976,2631029,c530cb0c0e739b7c0af0415d,3976,53,21,428,172,1003.3671875,356.59681697612734,0.8359375,0.27851458885941643,False,row0_col2,512,377,0,67
3977,1116130,8bfa9eda7753f68919d5f5b2,3977,34,31,276,252,745.359375,527.40266666666662,0.5390625,0.49066666666666664,False,row1_col1,512,375,0,68
3978,271956,a5e44a049f152deb435edd40,3978,20,25,164,204,468.1875,422.16353887399464,0.3203125,0.36193029490616624,False,row1_col0,512,373,0,69
3979,1857109,7a0f74886ddf2564aac2dcae,3979,21,25,172,204,464.5234375,433.13101604278074,0.3359375,0.36096256684491979,False,row1_col1,512,374,0,69
3980,1121043,7c82c52bae96e3de9eb55c46,3980,19,44,156,356,440.2890625,748.304347826087,0.3046875,0.77173913043478259,False,row2_col0,512,368,0,72
3981,1092180,12def0a47aa043439d178972,3981,20,41,164,332,498.1875,691.63829787234044,0.3203125,0.7021276595744681,False,row2_col0,512,376,0,68
3982,1874599,ef419c8f615496747f6510c0,3982,39,42,316,340,804.203125,719.78016085790887,0.6171875,0.72654155495978556,False,row2_col1,512,373,0,69
3983,1865680,f811b6561edd9f797ff5e802,3983,16,31,132,252,401.3359375,527.47733333333326,0.2578125,0.49066666666666664,False,row1_col0,512,375,0,68
3984,588248,6d36a77190afe991bdd3beaf,3984,24,39,196,316,533.5390625,654,0.3828125,0.66129032258064513,False,row1_col1,512,372,0,70
3985,1037965,f7078c0d837ef2e368882049,3985,13,26,108,212,373.5625,442.07317073170736,0.2109375,0.38211382113821141,False,row1_col0,512,369,0,71
3986,903656,2b4b6352c349b3d52ed92754,3986,40,39,324,316,824.7890625,675.79591836734687,0.6328125,0.65306122448979587,False,row1_col1,512,392,0,60
3987,2221577,442850a2087d62c7e9453fcd,3987,9,24,76,196,302.6875,406.61290322580641,0.1484375,0.33870967741935482,False,row1_col0,512,372,0,70
3988,1710692,a8bb3126ece458be91eaa829,3988,36,41,292,332,752.7734375,687.18537859007836,0.5703125,0.69973890339425593,False,row2_col1,512,383,0,64
3989,399764,27e6733bbab4a1b0477f8b26,3989,20,38,164,308,463.5859375,649.94986807387863,0.3203125,0.63852242744063326,False,row1_col0,512,379,0,66
3990,1492522,03b92d95da6694e6f43e0193,3990,42,24,340,196,835.796875,388.32901554404145,0.6640625,0.34455958549222798,False,row1_col1,512,386,0,63
3991,1534108,525e253a65f0af92629166a4,3991,28,34,228,276,615.515625,577.74805194805185,0.4453125,0.55324675324675321,False,row1_col1,512,385,0,63
3992,1361815,13b0152a68a53d6271f1d621,3992,23,30,188,244,449.4765625,497.04210526315791,0.3671875,0.46842105263157896,False,row1_col1,512,380,0,66
3993,129564,d81b3f05cb672cfc776b9aa0,3993,28,40,228,324,610.8515625,683.57220708446869,0.4453125,0.68664850136239786,False,row2_col1,512,367,0,72
3994,1787238,d20cb62a0da43f7b5a35995c,3994,38,21,308,172,804.140625,356.20207253886008,0.6015625,0.28238341968911918,False,row0_col1,512,386,0,63
3995,731736,baa55f7c3696feb74db32bba,3995,24,41,196,332,546.390625,698.81266490765177,0.3828125,0.70184696569920846,False,row2_col1,512,379,0,66
3996,304900,7362ade95f32642a9f44c44a,3996,4,28,36,228,216.890625,480.0829145728643,0.0703125,0.42964824120603012,False,row1_col0,512,398,0,57
3997,956374,a9d0ff3cc6fb5dab5212ac12,3997,22,31,180,252,511.0703125,525.97637795275591,0.3515625,0.49081364829396323,False,row1_col1,512,381,0,65
3998,1305337,c2b2f0fd9e97490a1ce9143a,3998,57,43,460,348,1094.3671875,732.83333333333337,0.8984375,0.74338624338624337,False,row2_col2,512,378,0,67
3999,534450,2f583ef3203d5ac90b59a547,3999,50,30,404,244,1020.546875,506.67112299465236,0.7890625,0.46791443850267378,False,row1_col2,512,374,0,69
4000,2701652,0a3535e7cb0948b575c9ea8e,4000,20,37,164,300,506.1875,625.05897435897441,0.3203125,0.61282051282051286,False,row1_col0,512,390,0,61
4001,1669610,fa058e2ffd62b94a6405ac61,4001,42,39,340,316,863.4375,641.86082474226805,0.6640625,0.65463917525773196,False,row1_col1,512,388,0,62
4002,1067377,7b748b5aa4e5e5bc0cc83a80,4002,49,37,396,300,974.7421875,634.21311475409834,0.7734375,0.6202185792349727,False,row1_col2,512,366,0,73
4003,1669429,fa058e2ffd62b94a6405ac61,4003,53,36,428,292,1054.5625,589.71649484536078,0.8359375,0.59278350515463918,False,row1_col2,512,388,0,62
4004,2381426,87721955af6f57a012d16d47,4004,50,25,404,204,950.6015625,411.57142857142856,0.7890625,0.36243386243386244,False,row1_col2,512,378,0,67
4005,1783332,7fc04af711a80e358348051d,4005,36,24,292,196,759.3359375,388.66129032258061,0.5703125,0.33870967741935482,False,row1_col1,512,372,0,70
4006,2569896,ca518dedba290221845d80f3,4006,40,26,324,212,800.890625,434.82608695652175,0.6328125,0.38043478260869568,False,row1_col1,512,368,0,72
4007,1910213,4232070a33fbc4fa24180e8d,4007,5,23,44,188,193.703125,393.1062176165803,0.0859375,0.32383419689119169,False,row0_col0,512,386,0,63
4008,1398055,178406615aaeb3e456e1b3cc,4008,39,20,316,164,781.3125,319.93650793650795,0.6171875,0.25661375661375663,False,row0_col1,512,378,0,67
4009,1350280,347841146c8588b3b0ef8cd2,4009,8,42,68,340,224.0859375,719.468085106383,0.1328125,0.72340425531914898,False,row2_col0,512,376,0,68
4010,631835,e5c18f32ffcf933947d02a58,4010,27,16,220,132,623.671875,270.4632152588556,0.4296875,0.16348773841961853,False,row0_col1,512,367,0,72
4011,1918311,516089d2e2e2c9755fbd5142,4011,39,21,316,172,796.2890625,363.53066666666666,0.6171875,0.27733333333333332,False,row0_col1,512,375,0,68
4012,2382455,87721955af6f57a012d16d47,4012,55,41,444,332,1036.3046875,685.85714285714289,0.8671875,0.70105820105820105,False,row2_col2,512,378,0,67
4013,2635042,ee0789a261852bef9369707a,4013,34,20,276,164,738.203125,343.94878706199461,0.5390625,0.25336927223719674,False,row0_col1,512,371,0,70
4014,2382347,87721955af6f57a012d16d47,4014,11,40,92,324,282.1171875,668.71428571428567,0.1796875,0.67989417989417988,False,row2_col0,512,378,0,67
4015,1059345,85585001e772ec3cedc01ff3,4015,17,40,140,324,463.328125,677.3478260869565,0.2734375,0.68478260869565222,False,row2_col0,512,368,0,72
4016,517383,b6168c3c6bcd1bd66bea8569,4016,7,20,60,164,235.7265625,348.28150134048258,0.1171875,0.2546916890080429,False,row0_col0,512,373,0,69
4017,1912187,4232070a33fbc4fa24180e8d,4017,59,53,476,428,1123.515625,909.79015544041454,0.9296875,0.94559585492227982,False,row2_col2,512,386,0,63
4018,1759742,91b902f7a2f5112ece6e0093,4018,62,39,500,316,1228.0078125,666.39189189189187,0.9765625,0.66216216216216217,False,row1_col2,512,370,0,71
4019,1923900,7361af587e04e93382fe2d91,4019,60,44,484,356,1148.734375,750.46391752577313,0.9453125,0.75773195876288657,False,row2_col2,512,388,0,62
4020,1975694,af3de41611057662e83c573b,4020,14,22,116,180,321.859375,376.28647214854107,0.2265625,0.29973474801061006,False,row0_col0,512,377,0,67
4021,1926638,0493c50e4f0350b831275383,4021,46,23,372,188,950.7578125,391.89027431421448,0.7265625,0.33167082294264338,False,row0_col2,512,401,0,55
4022,1992236,df2dd66a2f9f4acffc6fdb65,4022,44,24,356,196,894.9765625,410.97860962566847,0.6953125,0.33957219251336901,False,row1_col2,512,374,0,69
4023,2934438,488bd0832b3372d266269e18,4023,38,26,308,212,749.9296875,443.42975206611573,0.6015625,0.38016528925619836,False,row1_col1,512,363,0,74
4024,1950743,cbe7415bc3817302e0c76f2d,4024,23,16,188,132,530.703125,274.40568475452199,0.3671875,0.18087855297157623,False,row0_col1,512,387,0,62
4025,47458,077aa432a213e8c3b3f6523a,4025,34,37,276,300,709.046875,640.65945945945941,0.5390625,0.61891891891891893,False,row1_col1,512,370,0,71
4026,883211,32f11b88ebf1c0d458dad8d3,4026,11,40,92,324,311.8125,669.74285714285713,0.1796875,0.67792207792207793,False,row2_col0,512,385,0,63
4027,2332424,9fbe77467132d5c93ee01128,4027,8,28,68,228,304.9609375,476.91511936339526,0.1328125,0.4270557029177719,False,row1_col0,512,377,0,67
4028,1127901,802b8776e6e8022705bfa739,4028,29,23,236,188,592.9453125,377.91560102301793,0.4609375,0.32736572890025578,False,row0_col1,512,391,0,60
4029,211503,a11b9324536c4c87684694eb,4029,47,40,380,324,951.0859375,680.71081081081081,0.7421875,0.68378378378378379,False,row2_col2,512,370,0,71
4030,2028730,61f217f44bf2fb9b5077b9b6,4030,58,18,468,148,1125.8125,313.43684210526317,0.9140625,0.21578947368421053,False,row0_col2,512,380,0,66
4031,2037621,df64943a259e759b69c57f25,4031,53,29,428,236,1036.6953125,494.10344827586209,0.8359375,0.44827586206896552,False,row1_col2,512,377,0,67
4032,2221685,442850a2087d62c7e9453fcd,4032,53,25,428,204,1056.1875,423.73118279569894,0.8359375,0.36021505376344087,False,row1_col2,512,372,0,70
4033,2288292,9183cf46ec95f7416fc2cadd,4033,36,42,292,340,730.921875,711.59366754617417,0.5703125,0.72295514511873349,False,row2_col1,512,379,0,66
4034,121207,52572823a115b1268cfb144d,4034,55,37,444,300,1059.7109375,620.71875,0.8671875,0.61458333333333337,False,row1_col2,512,384,0,64
4035,1652298,46e52c7cd794f51a462fb9f6,4035,10,25,84,204,284.6171875,396.47540983606558,0.1640625,0.35792349726775957,False,row1_col0,512,366,0,73
4036,1177936,2e3c583d219c937858797cbc,4036,16,37,132,300,384.6875,623.62857142857138,0.2578125,0.61558441558441557,False,row1_col0,512,385,0,63
4037,2169465,736df5902e9879b38b3b9634,4037,57,41,460,332,1089.3828125,701.54330708661416,0.8984375,0.70078740157480313,False,row2_col2,512,381,0,65
4038,1554646,296bf32bda705a8c9ebd047c,4038,22,35,180,284,511.0703125,599.26086956521738,0.3515625,0.57608695652173914,False,row1_col1,512,368,0,72
4039,2659580,227969fa61ff286c2e58e4b7,4039,60,19,484,156,1162.734375,316.98113207547169,0.9453125,0.23180592991913745,False,row0_col2,512,371,0,70
4040,2282936,0b5210b7f75c32ce0315b40b,4040,56,22,452,180,1107.2109375,367.43701799485859,0.8828125,0.3059125964010283,False,row0_col2,512,389,0,61
4041,2304677,79609d9f8ec519016767e49f,4041,37,42,300,340,796.1875,714.93684210526317,0.5859375,0.72105263157894739,False,row2_col1,512,380,0,66
4042,1254840,cfe68510ca15cd1473d0ef71,4042,56,22,452,180,1066.390625,365.28571428571428,0.8828125,0.30612244897959184,False,row0_col2,512,392,0,60
4043,2042505,1159f92ec9c55b3c4702769b,4043,9,42,76,340,283.6875,728.74193548387098,0.1484375,0.72580645161290325,False,row2_col0,512,372,0,70
4044,2037048,df64943a259e759b69c57f25,4044,56,20,452,164,1088.2109375,339.40848806366046,0.8828125,0.2572944297082228,False,row0_col2,512,377,0,67
4045,2321064,a3e72a337b3e2ae08d3ba9ff,4045,40,42,324,340,826.6640625,718.22994652406419,0.6328125,0.72459893048128343,False,row2_col1,512,374,0,69
4046,1714259,ee23df9242f129c4a8e65a88,4046,19,33,156,268,455.8125,544.62140992167099,0.3046875,0.53263707571801566,False,row1_col0,512,383,0,64
4047,1218318,fa425b55ae4649a7440cdfd7,4047,14,28,116,228,356.671875,466.65775401069516,0.2265625,0.42513368983957217,False,row1_col0,512,374,0,69
4048,1111989,825a1b23f7b0d75436750d93,4048,53,30,428,244,1077.546875,498.05235602094245,0.8359375,0.468586387434555,False,row1_col2,512,382,0,65
4049,2090247,84260c9ea667e4b1cdc99d6e,4049,7,20,60,164,243.5546875,340.531914893617,0.1171875,0.25531914893617019,False,row0_col0,512,376,0,68
4050,1141173,02942ca02fdcb799d7cb7726,4050,53,38,428,308,1030.5625,633.0204081632653,0.8359375,0.63265306122448983,False,row1_col2,512,392,0,60
4051,2558585,2f3e9ad50350b43cdcf05159,4051,57,41,460,332,1070.5703125,698.81266490765177,0.8984375,0.70184696569920846,False,row2_col2,512,379,0,66
4052,1734773,31e8cac167e6b2b2b11352b3,4052,53,33,428,268,1036.203125,553.82198952879583,0.8359375,0.53141361256544506,False,row1_col2,512,382,0,65
4053,498103,49300051975ddaf699eca8d9,4053,55,38,444,308,1062.640625,662.92452830188677,0.8671875,0.64150943396226412,False,row1_col2,512,371,0,70
4054,1862108,f4ac4da33960d6b1e1780732,4054,28,39,228,316,553.171875,665.82460732984293,0.4453125,0.65706806282722519,False,row1_col1,512,382,0,65
4055,2811141,16d0765a08e3d244f634276d,4055,5,20,44,164,196.5625,355.51069518716577,0.0859375,0.25401069518716579,False,row0_col0,512,374,0,69
4056,410948,813b908ddf7d0066a8a11ef6,4056,4,21,36,172,189.765625,346.65840220385678,0.0703125,0.26997245179063362,False,row0_col0,512,363,0,74
4057,96734,2a8e2d654846ae67277a627f,4057,30,39,244,316,635.171875,657.69354838709671,0.4765625,0.66129032258064513,False,row1_col1,512,372,0,70
4058,2381771,87721955af6f57a012d16d47,4058,11,31,92,252,282.1171875,514.42857142857144,0.1796875,0.48941798941798942,False,row1_col0,512,378,0,67
4059,1075679,de9b5b17edfdfe734011cfa4,4059,31,39,252,316,693.390625,665.67098445595855,0.4921875,0.65544041450777202,False,row1_col1,512,386,0,63
4060,1702189,0acf69b3484e7f24b68c1255,4060,45,36,364,292,923.6953125,605.375,0.7109375,0.59375,False,row1_col2,512,384,0,64
4061,948687,38e660db89e34c52bdd410d7,4061,15,39,124,316,396.1015625,666.34375,0.2421875,0.65625,False,row1_col0,512,384,0,64
4062,574614,36eb7440912b14f82d4f0a68,4062,22,18,180,148,489.421875,290.60209424083769,0.3515625,0.21727748691099477,False,row0_col1,512,382,0,65
4063,88565,883516beb4b2df8a83debd55,4063,53,39,428,316,1044.0546875,661.94818652849744,0.8359375,0.65544041450777202,False,row1_col2,512,386,0,63
4064,2132504,830ee1acd4627b4aa99fcc61,4064,24,40,196,324,540.5625,686.18911917098444,0.3828125,0.67616580310880825,False,row2_col1,512,386,0,63
4065,2283472,0b5210b7f75c32ce0315b40b,4065,16,31,132,252,420.3359375,521.98714652956301,0.2578125,0.49100257069408743,False,row1_col0,512,389,0,61
4066,2825658,745e27be1c9edae1c661541a,4066,58,54,468,436,1174.6953125,923.66483516483515,0.9140625,0.99450549450549453,False,row2_col2,512,364,0,74
4067,2829036,d1b696acc3c7aa007b3f1439,4067,44,43,356,348,890.1875,740.19843342036552,0.6953125,0.74151436031331597,False,row2_col2,512,383,0,64
4068,1710129,a8bb3126ece458be91eaa829,4068,49,32,396,260,976.0078125,532.65796344647515,0.7734375,0.51174934725848564,False,row1_col2,512,383,0,64
4069,2382258,87721955af6f57a012d16d47,4069,50,38,404,308,950.6015625,634.42857142857144,0.7890625,0.63756613756613756,False,row1_col2,512,378,0,67
4070,1641014,05ca24cc6157d09d27f43cc5,4070,54,40,436,324,1052.453125,679.75204359673023,0.8515625,0.68664850136239786,False,row2_col2,512,367,0,72
4071,1102921,605944fd8272a0a3f3c61ab4,4071,9,17,76,140,287.4296875,282.82085561497331,0.1484375,0.18983957219251338,False,row0_col0,512,374,0,69
4072,1268305,571ee3662d24063a85881fe9,4072,17,41,140,332,434.2421875,693.02972972972975,0.2734375,0.70540540540540542,False,row2_col0,512,370,0,71
4073,2340203,c977bea10bf03c99460cec13,4073,43,21,348,172,851.65625,356.89999999999998,0.6796875,0.27894736842105261,False,row0_col2,512,380,0,66
4074,2155714,abac48c206f4f9db98c1c8cf,4074,2,19,20,156,168.9296875,322.84496124031011,0.0390625,0.24289405684754523,False,row0_col0,512,387,0,62
4075,1403556,fb0fc8380eda2b3a475c35eb,4075,36,42,292,340,730.484375,703.95744680851067,0.5703125,0.72340425531914898,False,row2_col1,512,376,0,68
4076,431318,482fefcd016bb88b2f86f80f,4076,22,19,180,156,524.421875,324.8648648648649,0.3515625,0.22972972972972974,False,row0_col1,512,370,0,71
4077,2079430,f90b9ab0071176524a75e54f,4077,6,43,52,348,205.3125,742.26439790575921,0.1015625,0.74083769633507857,False,row2_col0,512,382,0,65
4078,1911757,4232070a33fbc4fa24180e8d,4078,13,47,108,380,331.453125,806.4533678756477,0.2109375,0.82124352331606221,False,row2_col0,512,386,0,63
4079,2258769,0ec02acd088fff4c4bbe590f,4079,17,29,140,236,446.5078125,505.6246648793566,0.2734375,0.4477211796246649,False,row1_col0,512,373,0,69
4080,1586582,84f95a6d6caa9fedd81a91ce,4080,22,22,180,180,506.1796875,345.92000000000002,0.3515625,0.29866666666666669,False,row0_col1,512,375,0,68
4081,2377706,d8e33de8429b55ebb8877642,4081,42,31,340,252,803.8046875,527.47733333333326,0.6640625,0.49066666666666664,False,row1_col1,512,375,0,68
4082,272277,a5e44a049f152deb435edd40,4082,21,30,172,244,485.5625,509.02680965147454,0.3359375,0.46916890080428952,False,row1_col1,512,373,0,69
4083,2816801,3610a7a8fae8831f175ef8a6,4083,33,44,268,356,686.828125,762.42553191489367,0.5234375,0.76595744680851063,False,row2_col1,512,376,0,68
4084,2324595,9a1ad63dc381c61153abcebd,4084,51,33,412,268,968.328125,557.71503957783636,0.8046875,0.53298153034300788,False,row1_col2,512,379,0,66
4085,1950967,cbe7415bc3817302e0c76f2d,4085,55,19,444,156,1077.703125,325.63049095607232,0.8671875,0.24289405684754523,False,row0_col2,512,387,0,62
4086,2016935,5ab20c40b2d117b504740ca4,4086,39,26,316,212,790.140625,450.98092643051774,0.6171875,0.38147138964577659,False,row1_col1,512,367,0,72
4087,1915878,246ad0c43ef94471a87d00f3,4087,38,47,308,380,805.3125,807.07219251336903,0.6015625,0.83155080213903743,False,row2_col1,512,374,0,69
4088,607930,009cd3639a67c3e8ac9da12b,4088,58,26,468,212,1139.609375,443.23076923076923,0.9140625,0.38461538461538464,False,row1_col2,512,377,0,67
4089,1308858,829fa0ee35fbd7c1c841a103,4089,58,34,468,276,1098.296875,568.5645161290322,0.9140625,0.55376344086021501,False,row1_col2,512,372,0,70
4090,1178002,2e3c583d219c937858797cbc,4090,18,38,148,308,419.4375,641,0.2890625,0.63636363636363635,False,row1_col0,512,385,0,63
4091,936475,1c3b47236e79243b77075512,4091,27,40,220,324,558.515625,675.86363636363637,0.4296875,0.68181818181818177,False,row2_col1,512,374,0,69
4092,2189451,57d3f410b6fcba2a57bda29d,4092,11,34,92,276,332.734375,588.79947229551453,0.1796875,0.55408970976253302,False,row1_col0,512,379,0,66
4093,385966,71724a3bf8b9be3deb5292f6,4093,46,14,372,116,926.578125,233.79840848806367,0.7265625,0.129973474801061,False,row0_col2,512,377,0,67
4094,2595130,0a002938726018c2f380fd7f,4094,58,36,468,292,1100.3828125,607.44864864864871,0.9140625,0.5972972972972973,False,row1_col2,512,370,0,71
4095,1923683,7361af587e04e93382fe2d91,4095,35,41,284,332,718.265625,698.75257731958766,0.5546875,0.69587628865979378,False,row2_col1,512,388,0,62
