reference_index,flat_index,source_image_id,selection_order,feature_map_x,feature_map_y,input_center_x,input_center_y,source_patch_x,source_patch_y,normalized_crop_x,normalized_crop_y,is_padding_patch_center_proxy,normalized_crop_region,content_width,content_height,pad_x,pad_y
0,1535,1398a14ef7fc9ad146f80638,0,63,23,508,188,1208.390625,383.3841961852861,0.9921875,0.31607629427792916,False,row0_col2,512,367,0,72
1,1682,1398a14ef7fc9ad146f80638,1,18,26,148,212,433.546875,434.98092643051774,0.2890625,0.38147138964577659,False,row1_col0,512,367,0,72
2,3159,1398a14ef7fc9ad146f80638,2,23,49,188,396,519.640625,830.55585831062672,0.3671875,0.8828337874659401,False,row2_col1,512,367,0,72
3,3648,1398a14ef7fc9ad146f80638,3,0,57,4,460,123.609375,968.14713896457772,0.0078125,1.0572207084468666,True,padding_center,512,367,0,72
4,3691,1398a14ef7fc9ad146f80638,4,43,57,348,460,864.015625,968.14713896457772,0.6796875,1.0572207084468666,True,padding_center,512,367,0,72
5,4541,a2da421c00740b670bd14bee,5,61,6,492,52,1149.953125,103.36363636363636,0.9609375,-0.045454545454545456,True,padding_center,512,374,0,69
6,4913,a2da421c00740b670bd14bee,6,49,12,396,100,943.328125,206.80748663101605,0.7734375,0.082887700534759357,False,row0_col2,512,374,0,69
7,4917,a2da421c00740b670bd14bee,7,53,12,428,100,1012.203125,206.80748663101605,0.8359375,0.082887700534759357,False,row0_col2,512,374,0,69
8,6832,a2da421c00740b670bd14bee,8,48,42,388,340,926.109375,724.02673796791441,0.7578125,0.72459893048128343,False,row2_col2,512,374,0,69
9,9108,a2e7834787baf26ee424c739,9,20,14,164,116,447.265625,243.31536388140159,0.3203125,0.12398921832884097,False,row0_col0,512,371,0,70
10,9321,a2e7834787baf26ee424c739,10,41,17,332,140,810.171875,295.13207547169816,0.6484375,0.18867924528301888,False,row0_col1,512,371,0,70
11,9604,a2e7834787baf26ee424c739,11,4,22,36,180,170.765625,381.49326145552561,0.0703125,0.29649595687331537,False,row0_col0,512,371,0,70
12,11858,a2e7834787baf26ee424c739,12,18,57,148,460,412.703125,986.02156334231802,0.2890625,1.0512129380053907,True,padding_center,512,371,0,70
13,12747,72b360ece29c2500d5726a30,13,11,7,92,60,310.734375,108.87037037037037,0.1796875,-0.018518518518518517,True,padding_center,512,378,0,67
14,12954,72b360ece29c2500d5726a30,14,26,10,212,84,569.953125,160.74338624338623,0.4140625,0.044973544973544971,False,row0_col1,512,378,0,67
15,13314,72b360ece29c2500d5726a30,15,2,16,20,132,155.203125,264.48941798941797,0.0390625,0.17195767195767195,False,row0_col0,512,378,0,67
16,13671,72b360ece29c2500d5726a30,16,39,21,316,172,794.609375,350.94444444444446,0.6171875,0.27777777777777779,False,row0_col1,512,378,0,67
17,13942,72b360ece29c2500d5726a30,17,54,25,436,204,1053.828125,420.10846560846562,0.8515625,0.36243386243386244,False,row1_col2,512,378,0,67
18,14017,72b360ece29c2500d5726a30,18,1,27,12,220,137.921875,454.6904761904762,0.0234375,0.40476190476190477,False,row1_col0,512,378,0,67
19,14029,72b360ece29c2500d5726a30,19,13,27,108,220,345.296875,454.6904761904762,0.2109375,0.40476190476190477,False,row1_col0,512,378,0,67
20,14466,72b360ece29c2500d5726a30,20,2,34,20,276,155.203125,575.72751322751321,0.0390625,0.55291005291005291,False,row1_col0,512,378,0,67
21,15696,72b360ece29c2500d5726a30,21,16,53,132,428,397.140625,904.25661375661377,0.2578125,0.955026455026455,False,row2_col0,512,378,0,67
22,15825,72b360ece29c2500d5726a30,22,17,55,140,444,414.421875,938.8386243386243,0.2734375,0.99735449735449733,False,row2_col0,512,378,0,67
23,16062,72b360ece29c2500d5726a30,23,62,58,500,468,1192.078125,990.71164021164032,0.9765625,1.0608465608465609,True,padding_center,512,378,0,67
24,16191,72b360ece29c2500d5726a30,24,63,60,508,484,1209.359375,1025.2936507936508,0.9921875,1.1031746031746033,True,padding_center,512,378,0,67
25,16200,72b360ece29c2500d5726a30,25,8,61,68,492,258.890625,1042.5846560846562,0.1328125,1.1243386243386244,True,padding_center,512,378,0,67
26,17363,0d71665cc32e00cbf316979e,26,19,15,156,124,472.8125,252.78474114441417,0.3046875,0.14168937329700274,False,row0_col0,512,367,0,72
27,19119,0d71665cc32e00cbf316979e,27,47,42,380,340,959.3125,721.27520435967301,0.7421875,0.73024523160762944,False,row2_col2,512,367,0,72
28,19258,0d71665cc32e00cbf316979e,28,58,44,468,356,1150.4375,755.97820163487734,0.9140625,0.77384196185286103,False,row2_col2,512,367,0,72
29,20929,cc828a68ca0395b4acfbcc94,29,1,7,12,60,146.828125,124.33513513513513,0.0234375,-0.029729729729729731,True,padding_center,512,370,0,71
30,21639,cc828a68ca0395b4acfbcc94,30,7,18,60,148,250.140625,313.65405405405409,0.1171875,0.20810810810810812,False,row0_col0,512,370,0,71
31,21773,cc828a68ca0395b4acfbcc94,31,13,20,108,164,353.453125,348.07567567567565,0.2109375,0.25135135135135134,False,row0_col0,512,370,0,71
32,22217,cc828a68ca0395b4acfbcc94,32,9,27,76,220,284.578125,468.55135135135134,0.1484375,0.4027027027027027,False,row1_col0,512,370,0,71
33,23231,cc828a68ca0395b4acfbcc94,33,63,42,508,340,1214.390625,726.71351351351348,0.9921875,0.72702702702702704,False,row2_col2,512,370,0,71
34,23568,cc828a68ca0395b4acfbcc94,34,16,48,132,388,405.109375,829.97837837837835,0.2578125,0.85675675675675678,False,row2_col0,512,370,0,71
35,24037,cc828a68ca0395b4acfbcc94,35,37,55,300,444,766.703125,950.45405405405404,0.5859375,1.008108108108108,True,padding_center,512,370,0,71
36,25285,b6eaf5e811a0be7062ed1bb3,36,5,11,44,92,177.3046875,176.80829015544043,0.0859375,0.07512953367875648,False,row0_col0,512,386,0,63
37,25394,b6eaf5e811a0be7062ed1bb3,37,50,12,404,100,957.0703125,194.13471502590673,0.7890625,0.09585492227979274,False,row0_col2,512,386,0,63
38,26117,b6eaf5e811a0be7062ed1bb3,38,5,24,44,196,177.3046875,402.05181347150261,0.0859375,0.34455958549222798,False,row1_col0,512,386,0,63
39,27398,b6eaf5e811a0be7062ed1bb3,39,6,44,52,356,194.6328125,748.58031088082907,0.1015625,0.7590673575129534,False,row2_col0,512,386,0,63
40,27947,b6eaf5e811a0be7062ed1bb3,40,43,52,348,420,835.7734375,887.19170984455957,0.6796875,0.92487046632124348,False,row2_col2,512,386,0,63
41,29328,a108220fc21cc09e9e4400ef,41,16,10,132,84,418.4609375,149.54166666666669,0.2578125,0.052083333333333336,False,row0_col0,512,384,0,64
42,29916,a108220fc21cc09e9e4400ef,42,28,19,228,156,627.5234375,306.29166666666669,0.4453125,0.23958333333333334,False,row0_col1,512,384,0,64
43,30159,a108220fc21cc09e9e4400ef,43,15,23,124,188,401.0390625,375.95833333333337,0.2421875,0.32291666666666669,False,row0_col0,512,384,0,64
44,31736,a108220fc21cc09e9e4400ef,44,56,47,452,380,1115.3359375,793.95833333333326,0.8828125,0.82291666666666663,False,row2_col2,512,384,0,64
45,32621,a108220fc21cc09e9e4400ef,45,45,61,364,492,923.6953125,1037.7916666666665,0.7109375,1.1145833333333333,True,padding_center,512,384,0,64
46,35688,24af453e607e44b054917896,46,40,45,324,364,848.359375,767.34594594594591,0.6328125,0.79189189189189191,False,row2_col1,512,370,0,71
47,35768,24af453e607e44b054917896,47,56,46,452,372,1123.859375,784.55675675675673,0.8828125,0.81351351351351353,False,row2_col2,512,370,0,71
48,36392,24af453e607e44b054917896,48,40,56,324,452,848.359375,956.66486486486485,0.6328125,1.0297297297297296,True,padding_center,512,370,0,71
49,36898,4a3299ef726167046df92253,49,34,0,276,4,668.8203125,-3.7754010695187219,0.5390625,-0.17379679144385027,True,padding_center,512,374,0,69
50,40799,4a3299ef726167046df92253,50,31,61,252,492,616.8359375,1053.1229946524065,0.4921875,1.1310160427807487,True,padding_center,512,374,0,69
51,41143,ca1191675acfe9ec5285967b,51,55,2,444,20,1043.640625,41.099999999999994,0.8671875,-0.12105263157894737,True,padding_center,512,380,0,66
52,41219,ca1191675acfe9ec5285967b,52,3,4,28,36,148.265625,75.5,0.0546875,-0.078947368421052627,True,padding_center,512,380,0,66
53,42731,ca1191675acfe9ec5285967b,53,43,27,348,220,837.015625,471.09999999999997,0.6796875,0.40526315789473683,False,row1_col2,512,380,0,66
54,43107,ca1191675acfe9ec5285967b,54,35,33,284,268,699.265625,574.29999999999995,0.5546875,0.53157894736842104,False,row1_col1,512,380,0,66
55,43436,ca1191675acfe9ec5285967b,55,44,38,356,308,854.234375,660.29999999999995,0.6953125,0.63684210526315788,False,row1_col2,512,380,0,66
56,46590,077aa432a213e8c3b3f6523a,56,62,23,500,188,1191.171875,399.70810810810809,0.9765625,0.31621621621621621,False,row0_col2,512,370,0,71
57,46791,077aa432a213e8c3b3f6523a,57,7,27,60,220,244.140625,468.55135135135134,0.1171875,0.4027027027027027,False,row1_col0,512,370,0,71
58,49058,077aa432a213e8c3b3f6523a,58,34,62,276,500,709.046875,1070.9297297297296,0.5390625,1.1594594594594594,True,padding_center,512,370,0,71
59,51232,5335429b96f92c225a06686c,59,32,32,260,260,680.609375,557.60540540540546,0.5078125,0.51081081081081081,False,row1_col1,512,370,0,71
60,51281,5335429b96f92c225a06686c,60,17,33,140,268,422.328125,574.81621621621616,0.2734375,0.53243243243243243,False,row1_col0,512,370,0,71
61,52276,5335429b96f92c225a06686c,61,52,48,420,388,1024.984375,832.97837837837835,0.8203125,0.85675675675675678,False,row2_col2,512,370,0,71
62,52757,5335429b96f92c225a06686c,62,21,56,172,452,491.203125,970.66486486486485,0.3359375,1.0297297297297296,True,padding_center,512,370,0,71
63,52890,5335429b96f92c225a06686c,63,26,58,212,468,577.296875,1005.0864864864865,0.4140625,1.0729729729729729,True,padding_center,512,370,0,71
64,53124,5335429b96f92c225a06686c,64,4,62,36,500,198.484375,1073.9297297297296,0.0703125,1.1594594594594594,True,padding_center,512,370,0,71
65,53736,290e1ce1fae9fbe3b937384c,65,40,7,324,60,810.7890625,118.97275204359673,0.6328125,-0.032697547683923703,True,padding_center,512,367,0,72
66,54597,290e1ce1fae9fbe3b937384c,66,5,21,44,172,204.3046875,361.89373297002726,0.0859375,0.27247956403269757,False,row0_col0,512,367,0,72
67,56320,290e1ce1fae9fbe3b937384c,67,0,48,4,388,117.6640625,830.3841961852861,0.0078125,0.8610354223433242,False,row2_col0,512,367,0,72
68,57743,8d4d5e9c6f62a7f7f0b95cb7,68,15,6,124,52,351.3125,101.62125340599455,0.2421875,-0.054495912806539509,True,padding_center,512,367,0,72
69,58496,8d4d5e9c6f62a7f7f0b95cb7,69,0,18,4,148,90.6875,309.83923705722071,0.0078125,0.20708446866485014,False,row0_col0,512,367,0,72
70,60839,8d4d5e9c6f62a7f7f0b95cb7,70,39,54,316,436,768.3125,934.49318801089919,0.6171875,0.99182561307901906,False,row2_col1,512,367,0,72
71,61863,9ce76d5db5c11961db1ca677,71,39,6,316,52,803.3125,91.568421052631578,0.6171875,-0.036842105263157891,True,padding_center,512,380,0,66
72,62552,9ce76d5db5c11961db1ca677,72,24,17,196,140,542.6875,282.85263157894735,0.3828125,0.19473684210526315,False,row0_col1,512,380,0,66
73,62645,9ce76d5db5c11961db1ca677,73,53,18,428,148,1046.5625,300.2421052631579,0.8359375,0.21578947368421053,False,row0_col2,512,380,0,66
74,63920,9ce76d5db5c11961db1ca677,74,48,38,388,308,959.6875,648.03157894736842,0.7578125,0.63684210526315788,False,row1_col2,512,380,0,66
75,64325,9ce76d5db5c11961db1ca677,75,5,45,44,364,212.5625,769.7578947368421,0.0859375,0.78421052631578947,False,row2_col0,512,380,0,66
76,64650,9ce76d5db5c11961db1ca677,76,10,50,84,404,299.4375,856.70526315789471,0.1640625,0.88947368421052631,False,row2_col0,512,380,0,66
77,64903,9ce76d5db5c11961db1ca677,77,7,54,60,436,247.3125,926.26315789473688,0.1171875,0.97368421052631582,False,row2_col0,512,380,0,66
78,65406,9ce76d5db5c11961db1ca677,78,62,61,500,492,1202.9375,1047.9894736842105,0.9765625,1.1210526315789473,True,padding_center,512,380,0,66
79,65835,f4edc4be6ad1d9afc66e3637,79,43,4,348,36,861.4140625,63.10526315789474,0.6796875,-0.078947368421052627,True,padding_center,512,380,0,66
80,65946,f4edc4be6ad1d9afc66e3637,80,26,6,212,52,567.3671875,97.715789473684211,0.4140625,-0.036842105263157891,True,padding_center,512,380,0,66
81,67170,f4edc4be6ad1d9afc66e3637,81,34,25,276,204,705.7421875,426.51578947368421,0.5390625,0.36315789473684212,False,row1_col1,512,380,0,66
82,67444,f4edc4be6ad1d9afc66e3637,82,52,29,420,236,1017.0859375,495.73684210526318,0.8203125,0.44736842105263158,False,row1_col2,512,380,0,66
83,68472,f4edc4be6ad1d9afc66e3637,83,56,45,452,364,1086.2734375,772.62105263157889,0.8828125,0.78421052631578947,False,row2_col2,512,380,0,66
84,68740,f4edc4be6ad1d9afc66e3637,84,4,50,36,404,186.8359375,859.14736842105265,0.0703125,0.88947368421052631,False,row2_col0,512,380,0,66
85,69099,f4edc4be6ad1d9afc66e3637,85,43,55,348,444,861.4140625,945.67368421052629,0.6796875,0.99473684210526314,False,row2_col2,512,380,0,66
86,69898,48ce223cf3f0cef91d4f9d9c,86,10,4,84,36,304.453125,67.019178082191786,0.1640625,-0.10136986301369863,True,padding_center,512,365,0,73
87,70069,48ce223cf3f0cef91d4f9d9c,87,53,6,428,52,1047.546875,101.60547945205479,0.8359375,-0.057534246575342465,True,padding_center,512,365,0,73
88,70090,48ce223cf3f0cef91d4f9d9c,88,10,7,84,60,304.453125,118.8986301369863,0.1640625,-0.035616438356164383,True,padding_center,512,365,0,73
89,70341,48ce223cf3f0cef91d4f9d9c,89,5,11,44,92,218.046875,188.07123287671232,0.0859375,0.052054794520547946,False,row0_col0,512,365,0,73
90,70896,48ce223cf3f0cef91d4f9d9c,90,48,19,388,156,961.140625,326.41643835616435,0.7578125,0.22739726027397261,False,row0_col2,512,365,0,73
91,70952,48ce223cf3f0cef91d4f9d9c,91,40,20,324,164,822.890625,343.70958904109591,0.6328125,0.24931506849315069,False,row0_col1,512,365,0,73
92,72392,48ce223cf3f0cef91d4f9d9c,92,8,43,68,348,269.890625,741.45205479452056,0.1328125,0.75342465753424659,False,row2_col0,512,365,0,73
93,73439,48ce223cf3f0cef91d4f9d9c,93,31,59,252,476,667.359375,1018.1424657534246,0.4921875,1.1041095890410959,True,padding_center,512,365,0,73
94,73528,48ce223cf3f0cef91d4f9d9c,94,56,60,452,484,1099.390625,1035.4356164383562,0.8828125,1.1260273972602739,True,padding_center,512,365,0,73
95,73998,53fb6371aca16bd9381723b1,95,14,4,116,36,357.484375,62.934036939313984,0.2265625,-0.079155672823219003,True,padding_center,512,379,0,66
96,74243,53fb6371aca16bd9381723b1,96,3,8,28,68,166.703125,132.33773087071239,0.0546875,0.0052770448548812663,False,row0_col0,512,379,0,66
97,75652,53fb6371aca16bd9381723b1,97,4,30,36,244,184.046875,514.05804749340371,0.0703125,0.46965699208443273,False,row1_col0,512,379,0,66
98,77980,50686f2742e029d8a5849b18,98,28,2,228,20,603.734375,24.354166666666671,0.4453125,-0.11458333333333333,True,padding_center,512,384,0,64
99,78139,50686f2742e029d8a5849b18,99,59,4,476,36,1137.515625,58.770833333333329,0.9296875,-0.072916666666666671,True,padding_center,512,384,0,64
100,78534,50686f2742e029d8a5849b18,100,6,11,52,92,224.921875,179.22916666666669,0.1015625,0.072916666666666671,False,row0_col0,512,384,0,64
101,78662,50686f2742e029d8a5849b18,101,6,13,52,108,224.921875,213.64583333333331,0.1015625,0.11458333333333333,False,row0_col0,512,384,0,64
102,79863,50686f2742e029d8a5849b18,102,55,31,444,252,1068.640625,523.39583333333326,0.8671875,0.48958333333333331,False,row1_col2,512,384,0,64
103,80480,50686f2742e029d8a5849b18,103,32,41,260,332,672.609375,695.47916666666663,0.5078125,0.69791666666666663,False,row2_col1,512,384,0,64
104,85784,27a3e701575d464723171cfc,104,24,60,196,484,520.859375,1031.2486631016043,0.3828125,1.1096256684491979,True,padding_center,512,374,0,69
105,86538,883516beb4b2df8a83debd55,105,10,8,84,68,298.9453125,124.82901554404145,0.1640625,0.012953367875647668,False,row0_col0,512,386,0,63
106,87596,883516beb4b2df8a83debd55,106,44,24,356,196,888.1015625,402.05181347150261,0.6953125,0.34455958549222798,False,row1_col2,512,386,0,63
107,88278,883516beb4b2df8a83debd55,107,22,35,180,284,506.8828125,592.64248704663214,0.3515625,0.57253886010362698,False,row1_col1,512,386,0,63
108,88939,883516beb4b2df8a83debd55,108,43,45,348,364,870.7734375,765.90673575129529,0.6796875,0.77979274611398963,False,row2_col2,512,386,0,63
109,89139,883516beb4b2df8a83debd55,109,51,48,412,388,1009.3984375,817.88601036269426,0.8046875,0.84196891191709844,False,row2_col2,512,386,0,63
110,89252,883516beb4b2df8a83debd55,110,36,50,292,404,749.4765625,852.53886010362692,0.5703125,0.88341968911917101,False,row2_col1,512,386,0,63
111,91142,aa559f98e5ee1a0c7cc457cf,111,6,16,52,132,248.921875,265.23243243243246,0.1015625,0.16486486486486487,False,row0_col0,512,370,0,71
112,91466,aa559f98e5ee1a0c7cc457cf,112,10,21,84,172,317.796875,351.28648648648647,0.1640625,0.27297297297297296,False,row0_col0,512,370,0,71
113,91912,aa559f98e5ee1a0c7cc457cf,113,8,28,68,228,283.359375,471.76216216216216,0.1328125,0.42432432432432432,False,row1_col0,512,370,0,71
114,92563,aa559f98e5ee1a0c7cc457cf,114,19,38,156,308,472.765625,643.87027027027034,0.3046875,0.64054054054054055,False,row1_col0,512,370,0,71
115,93179,aa559f98e5ee1a0c7cc457cf,115,59,47,476,380,1161.515625,798.76756756756754,0.9296875,0.83513513513513515,False,row2_col2,512,370,0,71
116,94038,aa559f98e5ee1a0c7cc457cf,116,22,61,180,492,524.421875,1039.7189189189189,0.3515625,1.1378378378378378,True,padding_center,512,370,0,71
117,94383,2a8e2d654846ae67277a627f,117,47,2,380,20,927.890625,20.338709677419359,0.7421875,-0.13440860215053763,True,padding_center,512,372,0,70
118,94892,2a8e2d654846ae67277a627f,118,44,10,356,84,876.234375,158.14516129032259,0.6953125,0.037634408602150539,False,row0_col2,512,372,0,70
119,95193,2a8e2d654846ae67277a627f,119,25,15,204,124,549.078125,244.2741935483871,0.3984375,0.14516129032258066,False,row0_col1,512,372,0,70
120,95657,2a8e2d654846ae67277a627f,120,41,22,332,180,824.578125,364.85483870967744,0.6484375,0.29569892473118281,False,row0_col1,512,372,0,70
121,95779,2a8e2d654846ae67277a627f,121,35,24,284,196,721.265625,399.30645161290323,0.5546875,0.33870967741935482,False,row1_col1,512,372,0,70
122,102603,2f242eafe4e64dd1538bc0df,122,11,3,92,28,289.2734375,42.910810810810801,0.1796875,-0.11621621621621622,True,padding_center,512,370,0,71
123,103108,2f242eafe4e64dd1538bc0df,123,4,11,36,92,167.9765625,181.46216216216217,0.0703125,0.05675675675675676,False,row0_col0,512,370,0,71
124,103964,2f242eafe4e64dd1538bc0df,124,28,24,228,196,583.8515625,406.60810810810813,0.4453125,0.33783783783783783,False,row1_col1,512,370,0,71
125,103967,2f242eafe4e64dd1538bc0df,125,31,24,252,196,635.8359375,406.60810810810813,0.4921875,0.33783783783783783,False,row1_col1,512,370,0,71
126,104067,2f242eafe4e64dd1538bc0df,126,3,26,28,212,150.6484375,441.24594594594595,0.0546875,0.38108108108108107,False,row1_col0,512,370,0,71
127,104127,2f242eafe4e64dd1538bc0df,127,63,26,508,212,1190.3359375,441.24594594594595,0.9921875,0.38108108108108107,False,row1_col2,512,370,0,71
128,104478,2f242eafe4e64dd1538bc0df,128,30,32,244,260,618.5078125,545.15945945945941,0.4765625,0.51081081081081081,False,row1_col1,512,370,0,71
129,106050,2f242eafe4e64dd1538bc0df,129,2,57,20,460,133.3203125,978.13243243243232,0.0390625,1.0513513513513513,True,padding_center,512,370,0,71
130,106263,2f242eafe4e64dd1538bc0df,130,23,60,188,484,497.2109375,1030.0891891891893,0.3671875,1.1162162162162161,True,padding_center,512,370,0,71
131,106675,6ac91469a3c514313640a2f3,131,51,2,412,20,1004.3984375,22.591891891891891,0.8046875,-0.13783783783783785,True,padding_center,512,370,0,71
132,106974,6ac91469a3c514313640a2f3,132,30,7,244,60,640.5078125,109.18648648648649,0.4765625,-0.029729729729729731,True,padding_center,512,370,0,71
133,108149,6ac91469a3c514313640a2f3,133,53,25,428,204,1039.0546875,420.92702702702701,0.8359375,0.35945945945945945,False,row1_col2,512,370,0,71
134,109380,6ac91469a3c514313640a2f3,134,4,45,36,364,189.9765625,767.30540540540539,0.0703125,0.79189189189189191,False,row2_col0,512,370,0,71
135,109969,6ac91469a3c514313640a2f3,135,17,54,140,436,415.2421875,923.17567567567573,0.2734375,0.98648648648648651,False,row2_col0,512,370,0,71
136,110200,6ac91469a3c514313640a2f3,136,56,57,452,460,1091.0390625,975.13243243243232,0.8828125,1.0513513513513513,True,padding_center,512,370,0,71
137,110295,6ac91469a3c514313640a2f3,137,23,59,188,476,519.2109375,1009.7702702702702,0.3671875,1.0945945945945945,True,padding_center,512,370,0,71
138,110652,840c73cbd5ab6bc1059f1408,138,60,0,484,4,1151.734375,4.8870967741935374,0.9453125,-0.17741935483870969,True,padding_center,512,372,0,70
139,111774,840c73cbd5ab6bc1059f1408,139,30,18,244,148,635.171875,314.95161290322585,0.4765625,0.20967741935483872,False,row0_col1,512,372,0,70
140,114082,840c73cbd5ab6bc1059f1408,140,34,54,276,436,704.046875,935.08064516129036,0.5390625,0.9838709677419355,False,row2_col1,512,372,0,70
141,114408,840c73cbd5ab6bc1059f1408,141,40,59,324,476,807.359375,1021.2096774193548,0.6328125,1.0913978494623655,True,padding_center,512,372,0,70
142,115922,8beb03d8a5bb47d4e9a2581d,142,18,19,148,156,420.703125,318.67654986522911,0.2890625,0.23180592991913745,False,row0_col0,512,371,0,70
143,118682,8beb03d8a5bb47d4e9a2581d,143,26,62,212,500,558.953125,1061.3827493261456,0.4140625,1.1590296495956873,True,padding_center,512,371,0,70
144,118774,8beb03d8a5bb47d4e9a2581d,144,54,63,436,508,1042.828125,1078.654986522911,0.8515625,1.1805929919137466,True,padding_center,512,371,0,70
145,119124,52572823a115b1268cfb144d,145,20,5,164,44,453.2265625,66.71875,0.3203125,-0.052083333333333336,True,padding_center,512,384,0,64
146,119585,52572823a115b1268cfb144d,146,33,12,268,100,678.4921875,187.90625,0.5234375,0.09375,False,row0_col1,512,384,0,64
147,120318,52572823a115b1268cfb144d,147,62,23,500,188,1181.0078125,378.34375,0.9765625,0.32291666666666669,False,row0_col2,512,384,0,64
148,121143,52572823a115b1268cfb144d,148,55,36,444,292,1059.7109375,603.40625,0.8671875,0.59375,False,row1_col2,512,384,0,64
149,121543,52572823a115b1268cfb144d,149,7,43,60,348,227.9609375,724.59375,0.1171875,0.73958333333333337,False,row2_col0,512,384,0,64
150,121968,52572823a115b1268cfb144d,150,48,49,388,396,938.4140625,828.46875,0.7578125,0.86458333333333337,False,row2_col2,512,384,0,64
151,123076,ebe3ff0005b73eeff00e86a2,151,4,3,36,28,203.484375,41.660377358490564,0.0703125,-0.11320754716981132,True,padding_center,512,371,0,70
152,123259,ebe3ff0005b73eeff00e86a2,152,59,5,476,44,1150.515625,76.075471698113205,0.9296875,-0.070080862533692723,True,padding_center,512,371,0,70
153,125281,ebe3ff0005b73eeff00e86a2,153,33,37,268,300,702.828125,626.71698113207549,0.5234375,0.61994609164420489,False,row1_col1,512,371,0,70
154,125403,ebe3ff0005b73eeff00e86a2,154,27,39,220,316,599.515625,661.13207547169816,0.4296875,0.66307277628032346,False,row1_col1,512,371,0,70
155,126004,ebe3ff0005b73eeff00e86a2,155,52,48,420,388,1029.984375,816,0.8203125,0.8571428571428571,False,row2_col2,512,371,0,70
156,127726,d81b3f05cb672cfc776b9aa0,156,46,11,372,92,922.7578125,180.37874659400546,0.7265625,0.054495912806539509,False,row0_col2,512,367,0,72
157,127847,d81b3f05cb672cfc776b9aa0,157,39,13,316,108,801.4609375,215.08174386920982,0.6171875,0.098092643051771122,False,row0_col1,512,367,0,72
158,128593,d81b3f05cb672cfc776b9aa0,158,17,25,140,204,420.2421875,423.29972752043597,0.2734375,0.35967302452316074,False,row1_col0,512,367,0,72
159,128594,d81b3f05cb672cfc776b9aa0,159,18,25,148,204,437.5703125,423.29972752043597,0.2890625,0.35967302452316074,False,row1_col0,512,367,0,72
160,129543,d81b3f05cb672cfc776b9aa0,160,7,40,60,324,246.9609375,683.57220708446869,0.1171875,0.68664850136239786,False,row2_col0,512,367,0,72
161,130043,d81b3f05cb672cfc776b9aa0,161,59,47,476,380,1148.0234375,805.03269754768394,0.9296875,0.8392370572207084,False,row2_col2,512,367,0,72
162,130663,d81b3f05cb672cfc776b9aa0,162,39,57,316,460,801.4609375,978.54768392370579,0.6171875,1.0572207084468666,True,padding_center,512,367,0,72
163,130750,d81b3f05cb672cfc776b9aa0,163,62,58,500,468,1200.0078125,995.89918256130784,0.9765625,1.0790190735694822,True,padding_center,512,367,0,72
164,132090,b2a130710318388be2620233,164,58,15,468,124,1114.296875,246.02162162162165,0.9140625,0.14324324324324325,False,row0_col2,512,370,0,71
165,132460,b2a130710318388be2620233,165,44,21,356,172,873.234375,349.28648648648647,0.6953125,0.27297297297297296,False,row0_col2,512,370,0,71
166,132830,b2a130710318388be2620233,166,30,27,244,220,632.171875,452.55135135135134,0.4765625,0.4027027027027027,False,row1_col1,512,370,0,71
167,133543,b2a130710318388be2620233,167,39,38,316,308,787.140625,641.87027027027034,0.6171875,0.64054054054054055,False,row1_col1,512,370,0,71
168,133672,b2a130710318388be2620233,168,40,40,324,324,804.359375,676.29189189189185,0.6328125,0.68378378378378379,False,row2_col1,512,370,0,71
169,135098,b2a130710318388be2620233,169,58,62,468,500,1114.296875,1054.9297297297296,0.9140625,1.1594594594594594,True,padding_center,512,370,0,71
170,135753,881f100f483a5ad2641f7dd5,170,9,9,76,76,289.3203125,145.48493150684931,0.1484375,0.00821917808219178,False,row0_col0,512,365,0,73
171,136104,881f100f483a5ad2641f7dd5,171,40,14,324,116,825.5234375,231.95068493150686,0.6328125,0.11780821917808219,False,row0_col1,512,365,0,73
172,137128,881f100f483a5ad2641f7dd5,172,40,30,324,244,825.5234375,508.64109589041095,0.6328125,0.46849315068493153,False,row1_col1,512,365,0,73
173,138378,881f100f483a5ad2641f7dd5,173,10,50,84,404,306.6171875,854.50410958904115,0.1640625,0.9068493150684932,False,row2_col0,512,365,0,73
174,140172,2943c088e8878c50a249592d,174,12,14,100,116,348.1875,228.29787234042553,0.1953125,0.1276595744680851,False,row0_col0,512,376,0,68
175,140285,2943c088e8878c50a249592d,175,61,15,492,124,1199.5625,245.68085106382978,0.9609375,0.14893617021276595,False,row0_col2,512,376,0,68
176,140582,2943c088e8878c50a249592d,176,38,20,308,164,799.9375,332.59574468085106,0.6015625,0.25531914893617019,False,row0_col1,512,376,0,68
177,143708,b87cc3cd7848f16bb59b3b5f,177,28,5,228,44,632.8515625,76.042553191489361,0.4453125,-0.063829787234042548,True,padding_center,512,376,0,68
178,144078,b87cc3cd7848f16bb59b3b5f,178,14,11,116,92,390.2578125,179.95744680851064,0.2265625,0.063829787234042548,False,row0_col0,512,376,0,68
179,144863,b87cc3cd7848f16bb59b3b5f,179,31,23,252,188,684.8359375,387.78723404255322,0.4921875,0.31914893617021278,False,row0_col1,512,376,0,68
180,145397,b87cc3cd7848f16bb59b3b5f,180,53,31,428,252,1066.0546875,526.34042553191489,0.8359375,0.48936170212765956,False,row1_col2,512,376,0,68
181,145688,b87cc3cd7848f16bb59b3b5f,181,24,36,196,292,563.5390625,612.936170212766,0.3828125,0.5957446808510638,False,row1_col1,512,376,0,68
182,146385,b87cc3cd7848f16bb59b3b5f,182,17,47,140,380,442.2421875,803.44680851063833,0.2734375,0.82978723404255317,False,row2_col0,512,376,0,68
183,148280,a7fd04dc104dc13f285e6901,183,56,12,452,100,1079.859375,198.80748663101605,0.8828125,0.082887700534759357,False,row0_col2,512,374,0,69
184,148332,a7fd04dc104dc13f285e6901,184,44,13,356,108,873.234375,216.048128342246,0.6953125,0.10427807486631016,False,row0_col2,512,374,0,69
185,149485,a7fd04dc104dc13f285e6901,185,45,31,364,252,890.453125,526.37967914438502,0.7109375,0.48930481283422461,False,row1_col2,512,374,0,69
186,149619,a7fd04dc104dc13f285e6901,186,51,33,412,268,993.765625,560.86096256684493,0.8046875,0.53208556149732622,False,row1_col2,512,374,0,69
187,150481,a7fd04dc104dc13f285e6901,187,17,47,140,380,408.328125,802.22994652406419,0.2734375,0.83155080213903743,False,row2_col0,512,374,0,69
188,150541,a7fd04dc104dc13f285e6901,188,13,48,108,388,339.453125,819.47058823529414,0.2109375,0.8529411764705882,False,row2_col0,512,374,0,69
189,150646,a7fd04dc104dc13f285e6901,189,54,49,436,396,1045.421875,836.7112299465241,0.8515625,0.87433155080213909,False,row2_col2,512,374,0,69
190,150780,a7fd04dc104dc13f285e6901,190,60,51,484,412,1148.734375,871.19251336898401,0.9453125,0.91711229946524064,False,row2_col2,512,374,0,69
191,151632,cd5f1e1ce722bde05617cea3,191,16,1,132,12,397.109375,18.900000000000006,0.2578125,-0.14210526315789473,True,padding_center,512,380,0,66
192,152179,cd5f1e1ce722bde05617cea3,192,51,9,412,76,999.765625,156.5,0.8046875,0.026315789473684209,False,row0_col2,512,380,0,66
193,152342,cd5f1e1ce722bde05617cea3,193,22,12,180,100,500.421875,208.09999999999999,0.3515625,0.089473684210526316,False,row0_col1,512,380,0,66
194,152812,cd5f1e1ce722bde05617cea3,194,44,19,356,156,879.234375,328.5,0.6953125,0.23684210526315788,False,row0_col2,512,380,0,66
195,153606,cd5f1e1ce722bde05617cea3,195,6,32,52,260,224.921875,552.10000000000002,0.1015625,0.51052631578947372,False,row1_col0,512,380,0,66
196,153697,cd5f1e1ce722bde05617cea3,196,33,33,268,268,689.828125,569.29999999999995,0.5234375,0.53157894736842104,False,row1_col1,512,380,0,66
197,155621,cd5f1e1ce722bde05617cea3,197,37,63,300,508,758.703125,1085.3000000000002,0.5859375,1.1631578947368422,True,padding_center,512,380,0,66
198,156289,2621e0e5fef600ad180b0661,198,1,10,12,84,145.921875,178.37265415549598,0.0234375,0.040214477211796246,False,row0_col0,512,373,0,69
199,156861,2621e0e5fef600ad180b0661,199,61,18,492,148,1182.796875,316.49597855227881,0.9609375,0.21179624664879357,False,row0_col2,512,373,0,69
200,157896,2621e0e5fef600ad180b0661,200,8,35,68,284,266.890625,610.00804289544237,0.1328125,0.57640750670241292,False,row1_col0,512,373,0,69
201,160088,d60c6fc93e9eed8f0286cc7b,201,24,5,196,44,553.6875,81.584905660377359,0.3828125,-0.070080862533692723,True,padding_center,512,371,0,70
202,161223,d60c6fc93e9eed8f0286cc7b,202,7,23,60,188,258.3125,394.03773584905662,0.1171875,0.31805929919137466,False,row0_col0,512,371,0,70
203,162668,d60c6fc93e9eed8f0286cc7b,203,44,45,356,364,901.1875,775.92452830188688,0.6953125,0.79245283018867929,False,row2_col2,512,371,0,70
204,162880,d60c6fc93e9eed8f0286cc7b,204,0,49,4,396,136.6875,845.35849056603774,0.0078125,0.87870619946091644,False,row2_col0,512,371,0,70
205,163463,d60c6fc93e9eed8f0286cc7b,205,7,58,60,468,258.3125,1001.5849056603774,0.1171875,1.0727762803234502,True,padding_center,512,371,0,70
206,163589,d60c6fc93e9eed8f0286cc7b,206,5,60,44,484,223.5625,1036.3018867924527,0.0859375,1.1159029649595686,True,padding_center,512,371,0,70
207,163851,17ee0869be7e617b235e6587,207,11,0,92,4,326.9140625,-15.166666666666657,0.1796875,-0.16666666666666666,True,padding_center,512,378,0,67
208,164388,17ee0869be7e617b235e6587,208,36,8,292,68,759.3359375,123.16137566137566,0.5703125,0.0026455026455026454,False,row0_col1,512,378,0,67
209,165510,17ee0869be7e617b235e6587,209,6,26,52,212,240.4296875,434.39947089947088,0.1015625,0.3835978835978836,False,row1_col0,512,378,0,67
210,166798,17ee0869be7e617b235e6587,210,14,46,116,372,378.8046875,780.21957671957671,0.2265625,0.80687830687830686,False,row2_col0,512,378,0,67
211,167911,17ee0869be7e617b235e6587,211,39,63,316,508,811.2265625,1074.1666666666667,0.6171875,1.1666666666666667,True,padding_center,512,378,0,67
212,168806,cbcb40349280f379f97f72d4,212,38,13,308,108,799.921875,224.60000000000002,0.6015625,0.10000000000000001,False,row0_col1,512,370,0,71
213,168970,cbcb40349280f379f97f72d4,213,10,16,84,132,317.796875,276.23243243243246,0.1640625,0.16486486486486487,False,row0_col0,512,370,0,71
214,169301,cbcb40349280f379f97f72d4,214,21,21,172,172,507.203125,362.28648648648647,0.3359375,0.27297297297297296,False,row0_col1,512,370,0,71
215,171546,cbcb40349280f379f97f72d4,215,26,56,212,452,593.296875,964.66486486486485,0.4140625,1.0297297297297296,True,padding_center,512,370,0,71
216,171910,cbcb40349280f379f97f72d4,216,6,62,52,500,248.921875,1067.9297297297296,0.1015625,1.1594594594594594,True,padding_center,512,370,0,71
217,172132,d140f47bc847b703c1b20aec,217,36,1,292,12,788.4765625,-5.4491978609625704,0.5703125,-0.15240641711229946,True,padding_center,512,374,0,69
218,172428,d140f47bc847b703c1b20aec,218,12,6,100,52,372.6015625,81.181818181818187,0.1953125,-0.045454545454545456,True,padding_center,512,374,0,69
219,172479,d140f47bc847b703c1b20aec,219,63,6,508,52,1256.3359375,81.181818181818187,0.9921875,-0.045454545454545456,True,padding_center,512,374,0,69
220,174781,d140f47bc847b703c1b20aec,220,61,42,492,340,1221.6796875,704.92513368983953,0.9609375,0.72459893048128343,False,row2_col2,512,374,0,69
221,175861,d140f47bc847b703c1b20aec,221,53,59,428,476,1083.0546875,999.47058823529403,0.8359375,1.088235294117647,True,padding_center,512,374,0,69
222,176067,d140f47bc847b703c1b20aec,222,3,63,28,508,216.6484375,1068.7754010695187,0.0546875,1.1737967914438503,True,padding_center,512,374,0,69
223,177086,ab203b05744a96fec97462f3,223,62,14,500,116,1200.078125,249.03149606299212,0.9765625,0.13385826771653545,False,row0_col2,512,381,0,65
224,178210,ab203b05744a96fec97462f3,224,34,32,276,260,716.203125,559.7086614173229,0.5390625,0.51181102362204722,False,row1_col1,512,381,0,65
225,178379,ab203b05744a96fec97462f3,225,11,35,92,284,318.734375,611.48818897637796,0.1796875,0.57480314960629919,False,row1_col0,512,381,0,65
226,178596,ab203b05744a96fec97462f3,226,36,38,292,308,750.765625,663.26771653543301,0.5703125,0.63779527559055116,False,row1_col1,512,381,0,65
227,178937,ab203b05744a96fec97462f3,227,57,43,460,348,1113.671875,749.56692913385825,0.8984375,0.7427821522309711,False,row2_col2,512,381,0,65
228,179090,ab203b05744a96fec97462f3,228,18,46,148,372,439.703125,801.34645669291342,0.2890625,0.80577427821522307,False,row2_col0,512,381,0,65
229,179378,ab203b05744a96fec97462f3,229,50,50,404,404,992.703125,870.38582677165357,0.7890625,0.88976377952755903,False,row2_col2,512,381,0,65
230,180827,62e720c2614a5a925bc7244b,230,27,9,220,76,622.8125,139.87664041994751,0.4296875,0.028871391076115485,False,row0_col1,512,381,0,65
231,180921,62e720c2614a5a925bc7244b,231,57,10,460,84,1144.0625,157.24146981627297,0.8984375,0.049868766404199474,False,row0_col2,512,381,0,65
232,181044,62e720c2614a5a925bc7244b,232,52,12,420,100,1057.1875,191.97112860892389,0.8203125,0.091863517060367453,False,row0_col2,512,381,0,65
233,181430,62e720c2614a5a925bc7244b,233,54,18,436,148,1091.9375,296.16010498687666,0.8515625,0.2178477690288714,False,row0_col2,512,381,0,65
234,181921,62e720c2614a5a925bc7244b,234,33,26,268,212,727.0625,435.0787401574803,0.5234375,0.38582677165354329,False,row1_col1,512,381,0,65
235,183664,62e720c2614a5a925bc7244b,235,48,53,388,428,987.6875,903.92913385826773,0.7578125,0.952755905511811,False,row2_col2,512,381,0,65
236,184477,08ad318603104514ade6d68b,236,29,2,236,20,645.1796875,33.78125,0.4609375,-0.11458333333333333,True,padding_center,512,384,0,64
237,186834,08ad318603104514ade6d68b,237,18,39,148,316,454.5703125,674.34375,0.2890625,0.65625,False,row1_col0,512,384,0,64
238,187464,08ad318603104514ade6d68b,238,8,49,68,396,281.2890625,847.46875,0.1328125,0.86458333333333337,False,row2_col0,512,384,0,64
239,188729,b87c381e4a842e0b20bf5138,239,57,4,460,36,1103.5703125,53.879999999999995,0.8984375,-0.08533333333333333,True,padding_center,512,375,0,68
240,189783,b87c381e4a842e0b20bf5138,240,23,21,188,172,515.4765625,347.63999999999999,0.3671875,0.27733333333333332,False,row0_col1,512,375,0,68
241,192114,b87c381e4a842e0b20bf5138,241,50,57,404,460,982.4921875,969.71999999999991,0.7890625,1.0453333333333332,True,padding_center,512,375,0,68
242,192314,b87c381e4a842e0b20bf5138,242,58,60,468,484,1120.8671875,1021.5599999999999,0.9140625,1.1093333333333333,True,padding_center,512,375,0,68
243,192855,70167206a708a11cfa66d657,243,23,5,188,44,545.4765625,77.978552278820374,0.3671875,-0.067024128686327081,True,padding_center,512,373,0,69
244,193889,70167206a708a11cfa66d657,244,33,21,268,172,718.4453125,354.56836461126011,0.5234375,0.27613941018766758,False,row0_col1,512,373,0,69
245,195544,70167206a708a11cfa66d657,245,24,47,196,380,562.7734375,804.02680965147454,0.3828125,0.83378016085790885,False,row2_col1,512,373,0,69
246,195578,70167206a708a11cfa66d657,246,58,47,468,380,1150.8671875,804.02680965147454,0.9140625,0.83378016085790885,False,row2_col2,512,373,0,69
247,196850,f25970dc2c335751b35e4cfc,247,50,3,404,28,1012.546875,44.464566929133866,0.7890625,-0.09711286089238845,True,padding_center,512,381,0,65
248,196869,f25970dc2c335751b35e4cfc,248,5,4,44,36,237.703125,61.661417322834644,0.0859375,-0.076115485564304461,True,padding_center,512,381,0,65
249,197529,f25970dc2c335751b35e4cfc,249,25,14,204,116,582.078125,233.62992125984255,0.3984375,0.13385826771653545,False,row0_col1,512,381,0,65
250,197822,f25970dc2c335751b35e4cfc,250,62,18,500,148,1219.171875,302.41732283464569,0.9765625,0.2178477690288714,False,row0_col2,512,381,0,65
251,198724,f25970dc2c335751b35e4cfc,251,4,33,36,268,220.484375,560.3700787401574,0.0703125,0.53280839895013121,False,row1_col0,512,381,0,65
252,199829,f25970dc2c335751b35e4cfc,252,21,50,172,404,513.203125,852.71653543307082,0.3359375,0.88976377952755903,False,row2_col1,512,381,0,65
253,200067,f25970dc2c335751b35e4cfc,253,3,54,28,436,203.265625,921.50393700787401,0.0546875,0.97375328083989499,False,row2_col0,512,381,0,65
254,200277,f25970dc2c335751b35e4cfc,254,21,57,172,460,513.203125,973.09448818897647,0.3359375,1.0367454068241471,True,padding_center,512,381,0,65
255,200863,ec3ea75e7104e017e03f4921,255,31,2,252,20,676.8984375,44.099999999999994,0.4921875,-0.12105263157894737,True,padding_center,512,380,0,66
256,202005,ec3ea75e7104e017e03f4921,256,21,20,172,164,504.8671875,353.70000000000005,0.3359375,0.25789473684210529,False,row0_col1,512,380,0,66
257,203358,ec3ea75e7104e017e03f4921,257,30,41,244,332,659.6953125,714.89999999999998,0.4765625,0.69999999999999996,False,row2_col1,512,380,0,66
258,203951,ec3ea75e7104e017e03f4921,258,47,50,380,404,952.1484375,869.70000000000005,0.7421875,0.88947368421052631,False,row2_col2,512,380,0,66
259,204914,c8bcbc95e371b76bfc0ccf6a,259,50,1,404,12,962.703125,-3.2237196765498624,0.7890625,-0.15633423180592992,True,padding_center,512,371,0,70
260,206104,c8bcbc95e371b76bfc0ccf6a,260,24,20,196,164,513.390625,324.94878706199461,0.3828125,0.25336927223719674,False,row0_col1,512,371,0,70
261,207024,c8bcbc95e371b76bfc0ccf6a,261,48,34,388,276,928.140625,566.76010781671152,0.7578125,0.55525606469002697,False,row1_col2,512,371,0,70
262,207670,c8bcbc95e371b76bfc0ccf6a,262,54,44,436,356,1031.828125,739.48247978436655,0.8515625,0.77088948787061995,False,row2_col2,512,371,0,70
263,208733,c8bcbc95e371b76bfc0ccf6a,263,29,61,236,492,599.796875,1033.1105121293801,0.4609375,1.1374663072776281,True,padding_center,512,371,0,70
264,210318,a11b9324536c4c87684694eb,264,14,22,116,180,379.2578125,368.97027027027025,0.2265625,0.29459459459459458,False,row0_col0,512,370,0,71
265,210976,a11b9324536c4c87684694eb,265,32,32,260,260,691.1640625,542.15945945945941,0.5078125,0.51081081081081081,False,row1_col1,512,370,0,71
266,211121,a11b9324536c4c87684694eb,266,49,34,396,276,985.7421875,576.79729729729729,0.7734375,0.55405405405405406,False,row1_col2,512,370,0,71
267,211770,a11b9324536c4c87684694eb,267,58,44,468,356,1141.6953125,749.98648648648646,0.9140625,0.77027027027027029,False,row2_col2,512,370,0,71
268,212342,a11b9324536c4c87684694eb,268,54,53,436,428,1072.3828125,905.85675675675679,0.8515625,0.96486486486486489,False,row2_col2,512,370,0,71
269,212532,a11b9324536c4c87684694eb,269,52,56,420,452,1037.7265625,957.8135135135135,0.8203125,1.0297297297297296,True,padding_center,512,370,0,71
270,212600,a11b9324536c4c87684694eb,270,56,57,452,460,1107.0390625,975.13243243243232,0.8828125,1.0513513513513513,True,padding_center,512,370,0,71
271,212746,a11b9324536c4c87684694eb,271,10,60,84,484,309.9453125,1027.0891891891893,0.1640625,1.1162162162162161,True,padding_center,512,370,0,71
272,213175,7d6e953eea6aeb102463c263,272,55,2,444,20,1076.578125,20.232189973614766,0.8671875,-0.12137203166226913,True,padding_center,512,379,0,66
273,214355,7d6e953eea6aeb102463c263,273,19,21,156,172,452.203125,349.89973614775727,0.3046875,0.27968337730870713,False,row0_col0,512,379,0,66
274,214587,7d6e953eea6aeb102463c263,274,59,24,476,196,1145.953125,401.95250659630608,0.9296875,0.34300791556728233,False,row1_col2,512,379,0,66
275,215594,7d6e953eea6aeb102463c263,275,42,40,340,324,851.109375,679.56728232189982,0.6640625,0.68073878627968343,False,row2_col1,512,379,0,66
276,219024,d1458cc139bf5041872709d8,276,16,30,132,244,368.6875,516.9157894736843,0.2578125,0.46842105263157896,False,row1_col0,512,380,0,66
277,219273,d1458cc139bf5041872709d8,277,9,34,76,276,247.0625,586.47368421052636,0.1484375,0.55263157894736847,False,row1_col0,512,380,0,66
278,219317,d1458cc139bf5041872709d8,278,53,34,428,276,1011.5625,586.47368421052636,0.8359375,0.55263157894736847,False,row1_col2,512,380,0,66
279,219457,d1458cc139bf5041872709d8,279,1,37,12,300,108.0625,638.64210526315787,0.0234375,0.61578947368421055,False,row1_col0,512,380,0,66
280,219915,d1458cc139bf5041872709d8,280,11,44,92,356,281.8125,760.36842105263156,0.1796875,0.76315789473684215,False,row2_col0,512,380,0,66
281,222144,6d76d8f8a00db7e46f92f530,281,0,15,4,124,117.6484375,259.08510638297872,0.0078125,0.14893617021276595,False,row0_col0,512,376,0,68
282,225775,40471d6b4d3d450e63bc3466,282,47,7,380,60,925.5390625,100.29166666666667,0.7421875,-0.010416666666666666,True,padding_center,512,384,0,64
283,226641,40471d6b4d3d450e63bc3466,283,17,21,140,172,402.8828125,344.125,0.2734375,0.28125,False,row0_col0,512,384,0,64
284,227033,40471d6b4d3d450e63bc3466,284,25,27,204,220,542.2578125,448.625,0.3984375,0.40625,False,row1_col1,512,384,0,64
285,229223,40471d6b4d3d450e63bc3466,285,39,61,316,492,786.1640625,1040.7916666666665,0.6171875,1.1145833333333333,True,padding_center,512,384,0,64
286,229699,b413a5bd5eafd552edba7fdd,286,3,5,28,44,169.6484375,71.855614973262021,0.0546875,-0.06684491978609626,True,padding_center,512,374,0,69
287,230193,b413a5bd5eafd552edba7fdd,287,49,12,396,100,966.7421875,193.13903743315507,0.7734375,0.082887700534759357,False,row0_col2,512,374,0,69
288,230254,b413a5bd5eafd552edba7fdd,288,46,13,372,108,914.7578125,210.46524064171123,0.7265625,0.10427807486631016,False,row0_col2,512,374,0,69
289,231114,b413a5bd5eafd552edba7fdd,289,10,27,84,220,290.9453125,453.03208556149735,0.1640625,0.40374331550802139,False,row1_col0,512,374,0,69
290,231438,b413a5bd5eafd552edba7fdd,290,14,32,116,260,360.2578125,539.66310160427815,0.2265625,0.51069518716577544,False,row1_col0,512,374,0,69
291,234221,7381cb78aaec6db422f04d3f,291,45,11,364,92,907.3203125,178.89763779527559,0.7109375,0.070866141732283464,False,row0_col2,512,381,0,65
292,234394,7381cb78aaec6db422f04d3f,292,26,14,212,116,581.0546875,230.36220472440945,0.4140625,0.13385826771653545,False,row0_col1,512,381,0,65
293,235070,7381cb78aaec6db422f04d3f,293,62,24,500,196,1199.2421875,401.91076115485561,0.9765625,0.34383202099737531,False,row1_col2,512,381,0,65
294,236818,7381cb78aaec6db422f04d3f,294,18,52,148,420,443.6796875,882.24671916010493,0.2890625,0.93175853018372701,False,row2_col0,512,381,0,65
295,238616,4fc95a77b6b1e2f554f692f3,295,24,16,196,132,529.7734375,263.91869918699189,0.3828125,0.16531165311653118,False,row0_col1,512,369,0,71
296,238981,4fc95a77b6b1e2f554f692f3,296,5,22,44,180,201.1328125,367.72357723577238,0.0859375,0.29539295392953929,False,row0_col0,512,369,0,71
297,239191,4fc95a77b6b1e2f554f692f3,297,23,25,188,204,512.4765625,419.6260162601626,0.3671875,0.36043360433604338,False,row1_col1,512,369,0,71
298,240252,4fc95a77b6b1e2f554f692f3,298,60,41,484,332,1152.4609375,696.43902439024384,0.9453125,0.70731707317073167,False,row2_col2,512,369,0,71
299,242098,cb14ed724416e3ae9c8de0f8,299,50,6,404,52,965.703125,98.910569105691053,0.7890625,-0.051490514905149054,True,padding_center,512,369,0,71
300,243857,cb14ed724416e3ae9c8de0f8,300,17,34,140,276,395.421875,583.33333333333337,0.2734375,0.55555555555555558,False,row1_col0,512,369,0,71
301,244681,cb14ed724416e3ae9c8de0f8,301,9,47,76,380,257.171875,808.2439024390244,0.1484375,0.83739837398373984,False,row2_col0,512,369,0,71
302,244707,cb14ed724416e3ae9c8de0f8,302,35,47,284,380,706.484375,808.2439024390244,0.5546875,0.83739837398373984,False,row2_col1,512,369,0,71
303,246377,644451a428137460b23f1c3a,303,41,9,332,76,820.1171875,148.67574931880108,0.6484375,0.010899182561307902,False,row0_col1,512,367,0,72
304,246454,644451a428137460b23f1c3a,304,54,10,436,84,1045.3828125,166.02724795640327,0.8515625,0.032697547683923703,False,row0_col2,512,367,0,72
305,248849,644451a428137460b23f1c3a,305,17,48,140,388,404.2421875,825.3841961852861,0.2734375,0.8610354223433242,False,row2_col0,512,367,0,72
306,249598,644451a428137460b23f1c3a,306,62,59,500,476,1184.0078125,1016.2506811989101,0.9765625,1.1008174386920981,True,padding_center,512,367,0,72
307,249748,644451a428137460b23f1c3a,307,20,62,164,500,456.2265625,1068.3051771117166,0.3203125,1.1662125340599454,True,padding_center,512,367,0,72
308,249930,e584dcc4ff24f5258a7a5537,308,10,1,84,12,294.4375,7.3191489361702224,0.1640625,-0.14893617021276595,True,padding_center,512,376,0,68
309,250926,e584dcc4ff24f5258a7a5537,309,46,16,372,132,919.9375,268.063829787234,0.7265625,0.1702127659574468,False,row0_col2,512,376,0,68
310,250943,e584dcc4ff24f5258a7a5537,310,63,16,508,132,1215.3125,268.063829787234,0.9921875,0.1702127659574468,False,row0_col2,512,376,0,68
311,251745,e584dcc4ff24f5258a7a5537,311,33,29,268,236,694.0625,494.04255319148933,0.5234375,0.44680851063829785,False,row1_col1,512,376,0,68
312,251809,e584dcc4ff24f5258a7a5537,312,33,30,268,244,694.0625,511.42553191489361,0.5234375,0.46808510638297873,False,row1_col1,512,376,0,68
313,254168,389705dbbfe69bc29265ddd8,313,24,3,196,28,566.5390625,34.910810810810801,0.3828125,-0.11621621621621622,True,padding_center,512,370,0,71
314,254477,389705dbbfe69bc29265ddd8,314,13,8,108,68,375.9296875,121.50540540540541,0.2109375,-0.0081081081081081086,True,padding_center,512,370,0,71
315,254480,389705dbbfe69bc29265ddd8,315,16,8,132,68,427.9140625,121.50540540540541,0.2578125,-0.0081081081081081086,True,padding_center,512,370,0,71
316,255159,389705dbbfe69bc29265ddd8,316,55,18,444,148,1103.7109375,294.69459459459461,0.8671875,0.20810810810810812,False,row0_col2,512,370,0,71
317,255656,389705dbbfe69bc29265ddd8,317,40,26,324,212,843.7890625,433.24594594594595,0.6328125,0.38108108108108107,False,row1_col1,512,370,0,71
318,256746,389705dbbfe69bc29265ddd8,318,42,43,340,348,878.4453125,727.66756756756763,0.6640625,0.74864864864864866,False,row2_col1,512,370,0,71
319,256829,389705dbbfe69bc29265ddd8,319,61,44,492,356,1207.6796875,744.98648648648646,0.9609375,0.77027027027027029,False,row2_col2,512,370,0,71
320,256959,389705dbbfe69bc29265ddd8,320,63,46,508,372,1242.3359375,779.62432432432433,0.9921875,0.81351351351351353,False,row2_col2,512,370,0,71
321,257501,389705dbbfe69bc29265ddd8,321,29,55,236,444,653.1796875,935.49459459459456,0.4609375,1.008108108108108,True,padding_center,512,370,0,71
322,259225,db58b895d25ece9db831dde2,322,25,18,204,148,528.2578125,309.42391304347825,0.3984375,0.20652173913043478,False,row0_col1,512,368,0,72
323,259446,db58b895d25ece9db831dde2,323,54,21,436,172,1033.4921875,361.66304347826087,0.8515625,0.27173913043478259,False,row0_col2,512,368,0,72
324,259649,db58b895d25ece9db831dde2,324,1,25,12,204,110.1328125,431.31521739130432,0.0234375,0.35869565217391303,False,row1_col0,512,368,0,72
325,261785,db58b895d25ece9db831dde2,325,25,58,204,468,528.2578125,1005.945652173913,0.3984375,1.076086956521739,True,padding_center,512,368,0,72
326,262679,af9f5bd76806962693118d19,326,23,8,188,68,522.640625,124.8475935828877,0.3671875,-0.0026737967914438501,True,padding_center,512,374,0,69
327,262923,af9f5bd76806962693118d19,327,11,12,92,100,316.015625,193.72459893048128,0.1796875,0.082887700534759357,False,row0_col0,512,374,0,69
328,263614,af9f5bd76806962693118d19,328,62,22,500,180,1194.171875,365.91711229946526,0.9765625,0.2967914438502674,False,row0_col2,512,374,0,69
329,263943,af9f5bd76806962693118d19,329,7,28,60,228,247.140625,469.23262032085557,0.1171875,0.42513368983957217,False,row1_col0,512,374,0,69
330,264599,af9f5bd76806962693118d19,330,23,38,188,308,522.640625,641.42513368983953,0.3671875,0.63903743315508021,False,row1_col1,512,374,0,69
331,265684,af9f5bd76806962693118d19,331,20,55,164,444,470.984375,934.15240641711227,0.3203125,1.0026737967914439,True,padding_center,512,374,0,69
332,265765,af9f5bd76806962693118d19,332,37,56,300,452,763.703125,951.37165775401081,0.5859375,1.0240641711229947,True,padding_center,512,374,0,69
333,265850,af9f5bd76806962693118d19,333,58,57,468,460,1125.296875,968.59090909090901,0.9140625,1.0454545454545454,True,padding_center,512,374,0,69
334,266315,795479733aefc40b934277a4,334,11,1,92,12,310.734375,27.914893617021278,0.1796875,-0.14893617021276595,True,padding_center,512,376,0,68
335,266479,795479733aefc40b934277a4,335,47,3,380,28,932.859375,62.510638297872333,0.7421875,-0.10638297872340426,True,padding_center,512,376,0,68
336,266532,795479733aefc40b934277a4,336,36,4,292,36,742.765625,79.808510638297875,0.5703125,-0.085106382978723402,True,padding_center,512,376,0,68
337,267536,795479733aefc40b934277a4,337,16,20,132,164,397.140625,356.57446808510633,0.2578125,0.25531914893617019,False,row0_col0,512,376,0,68
338,267845,795479733aefc40b934277a4,338,5,25,44,204,207.046875,443.06382978723406,0.0859375,0.36170212765957449,False,row1_col0,512,376,0,68
339,268134,795479733aefc40b934277a4,339,38,29,308,236,777.328125,512.25531914893622,0.6015625,0.44680851063829785,False,row1_col1,512,376,0,68
340,268399,795479733aefc40b934277a4,340,47,33,380,268,932.859375,581.44680851063822,0.7421875,0.53191489361702127,False,row1_col2,512,376,0,68
341,268937,795479733aefc40b934277a4,341,9,42,76,340,276.171875,737.12765957446811,0.1484375,0.72340425531914898,False,row2_col0,512,376,0,68
342,269568,795479733aefc40b934277a4,342,0,52,4,420,120.640625,910.10638297872345,0.0078125,0.93617021276595747,False,row2_col0,512,376,0,68
343,271331,a5e44a049f152deb435edd40,343,35,15,284,124,728.8125,248.43699731903484,0.5546875,0.14745308310991956,False,row0_col1,512,373,0,69
344,271446,a5e44a049f152deb435edd40,344,22,17,180,140,502.9375,283.1823056300268,0.3515625,0.19034852546916889,False,row0_col1,512,373,0,69
345,272477,a5e44a049f152deb435edd40,345,29,33,236,268,624.5625,561.14477211796248,0.4609375,0.53351206434316356,False,row1_col1,512,373,0,69
346,274525,25b175f8a0414b88adf3bbf2,346,29,1,236,12,629.796875,13.039999999999992,0.4609375,-0.14933333333333335,True,padding_center,512,375,0,68
347,276033,25b175f8a0414b88adf3bbf2,347,1,25,12,204,145.921875,427.76000000000005,0.0234375,0.36266666666666669,False,row1_col0,512,375,0,68
348,276329,25b175f8a0414b88adf3bbf2,348,41,29,332,236,837.171875,496.88,0.6484375,0.44800000000000001,False,row1_col1,512,375,0,68
349,277739,25b175f8a0414b88adf3bbf2,349,43,51,348,412,871.734375,877.03999999999996,0.6796875,0.91733333333333333,False,row2_col2,512,375,0,68
350,278359,25b175f8a0414b88adf3bbf2,350,23,61,188,492,526.109375,1049.8400000000001,0.3671875,1.1306666666666667,True,padding_center,512,375,0,68
351,278512,25b175f8a0414b88adf3bbf2,351,48,63,388,508,958.140625,1084.4000000000001,0.7578125,1.1733333333333333,True,padding_center,512,375,0,68
352,279098,168615ffdb851430b5e9e799,352,58,8,468,68,1150.8671875,130.6720430107527,0.9140625,-0.0053763440860215058,True,padding_center,512,372,0,70
353,279402,168615ffdb851430b5e9e799,353,42,13,340,108,874.1171875,217.23118279569894,0.6640625,0.10215053763440861,False,row0_col1,512,372,0,70
354,280064,168615ffdb851430b5e9e799,354,0,24,4,196,147.6484375,407.66129032258061,0.0078125,0.33870967741935482,False,row1_col0,512,372,0,70
355,280124,168615ffdb851430b5e9e799,355,60,24,484,196,1185.4609375,407.66129032258061,0.9453125,0.33870967741935482,False,row1_col2,512,372,0,70
356,281156,168615ffdb851430b5e9e799,356,4,41,36,332,216.8359375,701.96236559139788,0.0703125,0.70430107526881724,False,row2_col0,512,372,0,70
357,281291,168615ffdb851430b5e9e799,357,11,43,92,348,337.9140625,736.58602150537638,0.1796875,0.74731182795698925,False,row2_col0,512,372,0,70
358,281338,168615ffdb851430b5e9e799,358,58,43,468,348,1150.8671875,736.58602150537638,0.9140625,0.74731182795698925,False,row2_col2,512,372,0,70
359,281407,168615ffdb851430b5e9e799,359,63,44,508,356,1237.3515625,753.89784946236557,0.9921875,0.76881720430107525,False,row2_col2,512,372,0,70
360,281749,168615ffdb851430b5e9e799,360,21,50,172,404,510.8828125,857.76881720430106,0.3359375,0.89784946236559138,False,row2_col1,512,372,0,70
361,281753,168615ffdb851430b5e9e799,361,25,50,204,404,580.0703125,857.76881720430106,0.3984375,0.89784946236559138,False,row2_col1,512,372,0,70
362,281848,168615ffdb851430b5e9e799,362,56,51,452,412,1116.2734375,875.08064516129025,0.8828125,0.91935483870967738,False,row2_col2,512,372,0,70
363,283024,9993d74e02e8a5dd35aaa9d4,363,16,6,132,52,425.6875,97.083109919571044,0.2578125,-0.045576407506702415,True,padding_center,512,373,0,69
364,284405,9993d74e02e8a5dd35aaa9d4,364,53,27,428,220,1068.5625,461.9088471849866,0.8359375,0.40482573726541554,False,row1_col2,512,373,0,69
365,285079,9993d74e02e8a5dd35aaa9d4,365,23,38,188,308,547.3125,653.00804289544237,0.3671875,0.64075067024128685,False,row1_col1,512,373,0,69
366,286563,9993d74e02e8a5dd35aaa9d4,366,35,61,284,492,755.8125,1052.5790884718499,0.5546875,1.1340482573726542,True,padding_center,512,373,0,69
367,286972,fd8fe61532624c2989845031,367,60,3,484,28,1176.515625,42.599999999999994,0.9453125,-0.10666666666666667,True,padding_center,512,375,0,68
368,287537,fd8fe61532624c2989845031,368,49,12,396,100,986.421875,198.12,0.7734375,0.08533333333333333,False,row0_col2,512,375,0,68
369,287705,fd8fe61532624c2989845031,369,25,15,204,124,571.671875,249.96000000000001,0.3984375,0.14933333333333335,False,row0_col1,512,375,0,68
370,288152,fd8fe61532624c2989845031,370,24,22,196,180,554.390625,370.92000000000002,0.3828125,0.29866666666666669,False,row0_col1,512,375,0,68
371,289510,fd8fe61532624c2989845031,371,38,43,308,348,796.328125,733.80000000000007,0.6015625,0.7466666666666667,False,row2_col1,512,375,0,68
372,289932,fd8fe61532624c2989845031,372,12,50,100,404,347.015625,854.75999999999999,0.1953125,0.89600000000000002,False,row2_col0,512,375,0,68
373,292502,fe93b73ddd86f0b267f37da8,373,22,26,180,212,519.9921875,444.15384615384619,0.3515625,0.38461538461538464,False,row1_col1,512,377,0,67
374,292727,fe93b73ddd86f0b267f37da8,374,55,29,444,236,1094.9140625,496.48275862068965,0.8671875,0.44827586206896552,False,row1_col2,512,377,0,67
375,292998,fe93b73ddd86f0b267f37da8,375,6,34,52,276,241.2421875,583.69761273209554,0.1015625,0.55437665782493373,False,row1_col0,512,377,0,67
376,293044,fe93b73ddd86f0b267f37da8,376,52,34,420,276,1042.6484375,583.69761273209554,0.8203125,0.55437665782493373,False,row1_col2,512,377,0,67
377,293166,fe93b73ddd86f0b267f37da8,377,46,36,372,292,938.1171875,618.58355437665784,0.7265625,0.59681697612732099,False,row1_col2,512,377,0,67
378,293483,fe93b73ddd86f0b267f37da8,378,43,41,348,332,885.8515625,705.79840848806361,0.6796875,0.70291777188328908,False,row2_col2,512,377,0,67
379,295262,c51f2c5c0ba8d30ffdf961eb,379,30,5,244,44,655.5546875,80.245901639344254,0.4765625,-0.079234972677595633,True,padding_center,512,366,0,73
380,295481,c51f2c5c0ba8d30ffdf961eb,380,57,8,460,68,1122.5703125,132.18032786885246,0.8984375,-0.013661202185792349,True,padding_center,512,366,0,73
381,295498,c51f2c5c0ba8d30ffdf961eb,381,10,9,84,76,309.6171875,149.49180327868854,0.1640625,0.0081967213114754103,False,row0_col0,512,366,0,73
382,295762,c51f2c5c0ba8d30ffdf961eb,382,18,13,148,108,447.9921875,218.73770491803279,0.2890625,0.095628415300546443,False,row0_col0,512,366,0,73
383,296989,c51f2c5c0ba8d30ffdf961eb,383,29,32,236,260,638.2578125,547.65573770491801,0.4609375,0.51092896174863389,False,row1_col1,512,366,0,73
384,297089,c51f2c5c0ba8d30ffdf961eb,384,1,34,12,276,153.9453125,582.27868852459005,0.0234375,0.55464480874316935,False,row1_col0,512,366,0,73
385,299273,21bf7996c01f5174b83a7bf0,385,9,4,76,36,251.578125,56.702702702702695,0.1484375,-0.0945945945945946,True,padding_center,512,370,0,71
386,300734,21bf7996c01f5174b83a7bf0,386,62,26,500,212,1164.171875,435.34054054054053,0.9765625,0.38108108108108107,False,row1_col2,512,370,0,71
387,301479,21bf7996c01f5174b83a7bf0,387,39,38,316,308,768.140625,641.87027027027034,0.6171875,0.64054054054054055,False,row1_col1,512,370,0,71
388,301481,21bf7996c01f5174b83a7bf0,388,41,38,332,308,802.578125,641.87027027027034,0.6484375,0.64054054054054055,False,row1_col1,512,370,0,71
389,303842,7362ade95f32642a9f44c44a,389,34,11,276,92,742.828125,181.7713567839196,0.5390625,0.087939698492462318,False,row0_col1,512,398,0,57
390,304402,7362ade95f32642a9f44c44a,390,18,20,148,164,462.328125,339.7010050251256,0.2890625,0.26884422110552764,False,row0_col0,512,398,0,57
391,304453,7362ade95f32642a9f44c44a,391,5,21,44,172,234.421875,357.24874371859295,0.0859375,0.28894472361809043,False,row0_col0,512,398,0,57
392,304760,7362ade95f32642a9f44c44a,392,56,25,452,204,1128.515625,427.4396984924623,0.8828125,0.3693467336683417,False,row1_col2,512,398,0,57
393,304796,7362ade95f32642a9f44c44a,393,28,26,228,212,637.640625,444.98743718592965,0.4453125,0.38944723618090454,False,row1_col1,512,398,0,57
394,305705,7362ade95f32642a9f44c44a,394,41,40,332,324,865.546875,690.65577889447229,0.6484375,0.67085427135678388,False,row2_col1,512,398,0,57
395,305821,7362ade95f32642a9f44c44a,395,29,42,236,340,655.171875,725.75125628140711,0.4609375,0.71105527638190957,False,row2_col1,512,398,0,57
396,306087,7362ade95f32642a9f44c44a,396,39,46,316,372,830.484375,795.9422110552764,0.6171875,0.79145728643216084,False,row2_col1,512,398,0,57
397,307266,766454c47ae7c9d62021ae41,397,2,1,20,12,167.0078125,11.112903225806448,0.0390625,-0.15591397849462366,True,padding_center,512,372,0,70
398,307602,766454c47ae7c9d62021ae41,398,18,6,148,52,442.2578125,97.241935483870975,0.2890625,-0.048387096774193547,True,padding_center,512,372,0,70
399,309560,766454c47ae7c9d62021ae41,399,56,36,452,292,1095.9765625,614.01612903225805,0.8828125,0.59677419354838712,False,row1_col2,512,372,0,70
400,309593,766454c47ae7c9d62021ae41,400,25,37,204,300,562.6796875,631.24193548387098,0.3984375,0.61827956989247312,False,row1_col1,512,372,0,70
401,309744,766454c47ae7c9d62021ae41,401,48,39,388,316,958.3515625,665.69354838709671,0.7578125,0.66129032258064513,False,row1_col2,512,372,0,70
402,310378,766454c47ae7c9d62021ae41,402,42,49,340,396,855.1328125,837.95161290322585,0.6640625,0.87634408602150538,False,row2_col1,512,372,0,70
403,310385,766454c47ae7c9d62021ae41,403,49,49,396,396,975.5546875,837.95161290322585,0.7734375,0.87634408602150538,False,row2_col2,512,372,0,70
404,310580,766454c47ae7c9d62021ae41,404,52,52,420,420,1027.1640625,889.62903225806451,0.8203125,0.94086021505376349,False,row2_col2,512,372,0,70
405,311374,fbfdec218cbf0635738d2c12,405,14,1,116,12,364.8046875,9.0936639118457379,0.2265625,-0.17079889807162535,True,padding_center,512,363,0,74
406,311394,fbfdec218cbf0635738d2c12,406,34,1,276,12,710.7421875,9.0936639118457379,0.5390625,-0.17079889807162535,True,padding_center,512,363,0,74
407,311469,fbfdec218cbf0635738d2c12,407,45,2,364,20,901.0078125,26.371900826446279,0.7109375,-0.1487603305785124,True,padding_center,512,363,0,74
408,312557,fbfdec218cbf0635738d2c12,408,45,19,364,156,901.0078125,320.10192837465564,0.7109375,0.22589531680440772,False,row0_col2,512,363,0,74
409,313220,fbfdec218cbf0635738d2c12,409,4,30,36,244,191.8359375,510.1625344352617,0.0703125,0.46831955922865015,False,row1_col0,512,363,0,74
410,313629,fbfdec218cbf0635738d2c12,410,29,36,236,292,624.2578125,613.83195592286506,0.4609375,0.60055096418732778,False,row1_col1,512,363,0,74
411,313674,fbfdec218cbf0635738d2c12,411,10,37,84,300,295.6171875,631.11019283746555,0.1640625,0.62258953168044073,False,row1_col0,512,363,0,74
412,313914,fbfdec218cbf0635738d2c12,412,58,40,468,324,1125.8671875,682.94490358126723,0.9140625,0.68870523415977958,False,row2_col2,512,363,0,74
413,314802,fbfdec218cbf0635738d2c12,413,50,54,404,436,987.4921875,924.84022038567491,0.7890625,0.99724517906336085,False,row2_col2,512,363,0,74
414,315647,c45bca2ff1189b57883f62b3,414,63,3,508,28,1216.3984375,42.564516129032256,0.9921875,-0.11290322580645161,True,padding_center,512,372,0,70
415,315731,c45bca2ff1189b57883f62b3,415,19,5,156,44,459.4609375,77.016129032258078,0.3046875,-0.069892473118279563,True,padding_center,512,372,0,70
416,317312,c45bca2ff1189b57883f62b3,416,0,30,4,244,132.6015625,507.66129032258061,0.0078125,0.46774193548387094,False,row1_col0,512,372,0,70
417,317672,c45bca2ff1189b57883f62b3,417,40,35,324,284,820.7265625,593.79032258064512,0.6328125,0.57526881720430112,False,row1_col1,512,372,0,70
418,317892,c45bca2ff1189b57883f62b3,418,4,39,36,316,201.4140625,662.69354838709671,0.0703125,0.66129032258064513,False,row1_col0,512,372,0,70
419,318658,c45bca2ff1189b57883f62b3,419,2,51,20,412,167.0078125,869.40322580645159,0.0390625,0.91935483870967738,False,row2_col0,512,372,0,70
420,319549,f228eee20ee0df690a4e51b6,420,61,0,492,4,1182.6796875,1.2245989304812781,0.9609375,-0.17379679144385027,True,padding_center,512,374,0,69
421,321126,f228eee20ee0df690a4e51b6,421,38,25,308,204,784.1328125,434.37967914438502,0.6015625,0.36096256684491979,False,row1_col1,512,374,0,69
422,321675,f228eee20ee0df690a4e51b6,422,11,34,92,276,316.2734375,590.31550802139031,0.1796875,0.553475935828877,False,row1_col0,512,374,0,69
423,321801,f228eee20ee0df690a4e51b6,423,9,36,76,292,281.6171875,624.9679144385027,0.1484375,0.59625668449197866,False,row1_col0,512,374,0,69
424,322713,f228eee20ee0df690a4e51b6,424,25,50,204,404,558.8671875,867.53475935828874,0.3984375,0.89572192513368987,False,row2_col1,512,374,0,69
425,322825,f228eee20ee0df690a4e51b6,425,9,52,76,420,281.6171875,902.18716577540101,0.1484375,0.93850267379679142,False,row2_col0,512,374,0,69
426,323320,f228eee20ee0df690a4e51b6,426,56,59,452,476,1096.0390625,1023.470588235294,0.8828125,1.088235294117647,True,padding_center,512,374,0,69
427,323799,99a260d84ec3760c5165b1f1,427,23,3,188,28,499.109375,41.994764397905755,0.3671875,-0.096858638743455502,True,padding_center,512,382,0,65
428,327133,99a260d84ec3760c5165b1f1,428,29,55,236,444,602.796875,941.51308900523554,0.4609375,0.99214659685863871,False,row2_col1,512,382,0,65
429,327335,99a260d84ec3760c5165b1f1,429,39,58,316,468,775.609375,993.40837696335086,0.6171875,1.0549738219895288,True,padding_center,512,382,0,65
430,327552,99a260d84ec3760c5165b1f1,430,0,62,4,500,101.640625,1062.6020942408377,0.0078125,1.1387434554973821,True,padding_center,512,382,0,65
431,327782,d04aeafeb9e728e609fa7a9e,431,38,1,308,12,732.1328125,9.8637602179836392,0.6015625,-0.16348773841961853,True,padding_center,512,367,0,72
432,328451,d04aeafeb9e728e609fa7a9e,432,3,12,28,100,125.6484375,200.73024523160763,0.0546875,0.076294277929155316,False,row0_col0,512,367,0,72
433,328705,d04aeafeb9e728e609fa7a9e,433,1,16,12,132,90.9921875,270.13623978201633,0.0234375,0.16348773841961853,False,row0_col0,512,367,0,72
434,330200,d04aeafeb9e728e609fa7a9e,434,24,39,196,316,489.5390625,669.22070844686652,0.3828125,0.66485013623978206,False,row1_col1,512,367,0,72
435,330250,d04aeafeb9e728e609fa7a9e,435,10,40,84,324,246.9453125,686.57220708446869,0.1640625,0.68664850136239786,False,row2_col0,512,367,0,72
436,331010,d04aeafeb9e728e609fa7a9e,436,2,52,20,420,108.3203125,894.79019073569486,0.0390625,0.94822888283378748,False,row2_col0,512,367,0,72
437,331593,d04aeafeb9e728e609fa7a9e,437,9,61,76,492,229.6171875,1050.9536784741144,0.1484375,1.1444141689373297,True,padding_center,512,367,0,72
438,331675,d04aeafeb9e728e609fa7a9e,438,27,62,220,500,541.5234375,1068.3051771117166,0.4296875,1.1662125340599454,True,padding_center,512,367,0,72
439,332084,587b74bfc019c7be94717f25,439,52,4,420,36,1012.6484375,48.967741935483872,0.8203125,-0.091397849462365593,True,padding_center,512,372,0,70
440,334257,587b74bfc019c7be94717f25,440,49,38,396,308,960.3828125,641.22580645161293,0.7734375,0.63978494623655913,False,row1_col2,512,372,0,70
441,335686,587b74bfc019c7be94717f25,441,6,61,52,492,211.2421875,1041.8709677419356,0.1015625,1.1344086021505377,True,padding_center,512,372,0,70
442,336262,d97ecfbcd8824d84ea5eae90,442,6,6,52,52,196.75,92.679558011049721,0.1015625,-0.063535911602209949,True,padding_center,512,362,0,75
443,336388,d97ecfbcd8824d84ea5eae90,443,4,8,36,68,161.75,127.68508287292818,0.0703125,-0.019337016574585635,True,padding_center,512,362,0,75
444,336432,d97ecfbcd8824d84ea5eae90,444,48,8,388,68,931.75,127.68508287292818,0.7578125,-0.019337016574585635,True,padding_center,512,362,0,75
445,337580,d97ecfbcd8824d84ea5eae90,445,44,26,356,212,861.75,442.73480662983422,0.6953125,0.37845303867403313,False,row1_col2,512,362,0,75
446,337691,d97ecfbcd8824d84ea5eae90,446,27,28,220,228,564.25,477.74033149171271,0.4296875,0.42265193370165743,False,row1_col1,512,362,0,75
447,338714,d97ecfbcd8824d84ea5eae90,447,26,44,212,356,546.75,757.78453038674024,0.4140625,0.77624309392265189,False,row2_col1,512,362,0,75
448,338921,d97ecfbcd8824d84ea5eae90,448,41,47,332,380,809.25,810.29281767955797,0.6484375,0.84254143646408841,False,row2_col1,512,362,0,75
449,341345,c9fce8b47dde33b4fc8fb311,449,33,21,268,172,676.015625,365.89973614775727,0.5234375,0.27968337730870713,False,row0_col1,512,379,0,66
450,341365,c9fce8b47dde33b4fc8fb311,450,53,21,428,172,1022.890625,365.89973614775727,0.8359375,0.27968337730870713,False,row0_col2,512,379,0,66
451,341602,c9fce8b47dde33b4fc8fb311,451,34,25,276,204,693.359375,435.3034300791557,0.5390625,0.36411609498680741,False,row1_col1,512,379,0,66
452,342429,c9fce8b47dde33b4fc8fb311,452,29,38,236,308,606.640625,660.86543535620058,0.4609375,0.63852242744063326,False,row1_col1,512,379,0,66
453,342742,c9fce8b47dde33b4fc8fb311,453,22,43,180,348,485.234375,747.62005277044864,0.3515625,0.74406332453825863,False,row2_col1,512,379,0,66
454,343034,c9fce8b47dde33b4fc8fb311,454,58,47,468,380,1109.609375,817.02374670184702,0.9140625,0.82849604221635886,False,row2_col2,512,379,0,66
455,343213,c9fce8b47dde33b4fc8fb311,455,45,50,364,404,884.140625,869.07651715039583,0.7109375,0.89182058047493407,False,row2_col2,512,379,0,66
456,346396,77a85f3771060390b13f8469,456,28,36,228,292,610.8515625,611.9679144385027,0.4453125,0.59625668449197866,False,row1_col1,512,374,0,69
457,347169,77a85f3771060390b13f8469,457,33,48,268,388,697.4921875,819.88235294117646,0.5234375,0.8529411764705882,False,row2_col1,512,374,0,69
458,347824,77a85f3771060390b13f8469,458,48,58,388,468,957.4140625,993.14438502673795,0.7578125,1.0668449197860963,True,padding_center,512,374,0,69
459,348898,e1c9abec502219412e89243a,459,34,11,276,92,699.7421875,175.92561983471074,0.5390625,0.049586776859504134,False,row0_col1,512,363,0,74
460,349003,e1c9abec502219412e89243a,460,11,13,92,108,301.9140625,210.52617079889808,0.1796875,0.09366391184573003,False,row0_col0,512,363,0,74
461,349931,e1c9abec502219412e89243a,461,43,27,348,220,855.4140625,452.73002754820936,0.6796875,0.40220385674931131,False,row1_col2,512,363,0,74
462,350462,e1c9abec502219412e89243a,462,62,35,500,284,1184.0546875,591.1322314049587,0.9765625,0.57851239669421484,False,row1_col2,512,363,0,74
463,350470,e1c9abec502219412e89243a,463,6,36,52,292,215.4296875,608.43250688705234,0.1015625,0.60055096418732778,False,row1_col0,512,363,0,74
464,350919,e1c9abec502219412e89243a,464,7,43,60,348,232.7265625,729.53443526170793,0.1171875,0.75482093663911842,False,row2_col0,512,363,0,74
465,351012,e1c9abec502219412e89243a,465,36,44,292,356,734.3359375,746.83471074380168,0.5703125,0.77685950413223137,False,row2_col1,512,363,0,74
466,351585,e1c9abec502219412e89243a,466,33,53,268,428,682.4453125,902.53719008264466,0.5234375,0.97520661157024791,False,row2_col1,512,363,0,74
467,351666,e1c9abec502219412e89243a,467,50,54,404,436,976.4921875,919.8374655647383,0.7890625,0.99724517906336085,False,row2_col2,512,363,0,74
468,351936,e1c9abec502219412e89243a,468,0,59,4,476,111.6484375,1006.3388429752067,0.0078125,1.1074380165289257,True,padding_center,512,363,0,74
469,352013,e1c9abec502219412e89243a,469,13,60,108,484,336.5078125,1023.6391184573004,0.2109375,1.1294765840220387,True,padding_center,512,363,0,74
470,352676,5477e1d816f3af5d3adf2b48,470,36,6,292,52,739.046875,109.1761658031088,0.5703125,-0.028497409326424871,True,padding_center,512,386,0,63
471,353095,5477e1d816f3af5d3adf2b48,471,7,13,60,108,236.078125,230.46113989637306,0.1171875,0.11658031088082901,False,row0_col0,512,386,0,63
472,354034,5477e1d816f3af5d3adf2b48,472,50,27,404,220,981.859375,473.03108808290153,0.7890625,0.40673575129533679,False,row1_col2,512,386,0,63
473,354176,5477e1d816f3af5d3adf2b48,473,0,30,4,244,114.671875,525.01036269430051,0.0078125,0.4689119170984456,False,row1_col0,512,386,0,63
474,355329,5477e1d816f3af5d3adf2b48,474,1,48,12,388,132.015625,836.88601036269426,0.0234375,0.84196891191709844,False,row2_col0,512,386,0,63
475,355507,5477e1d816f3af5d3adf2b48,475,51,50,412,404,999.203125,871.53886010362692,0.8046875,0.88341968911917101,False,row2_col2,512,386,0,63
476,355628,5477e1d816f3af5d3adf2b48,476,44,52,356,420,877.796875,906.19170984455957,0.6953125,0.92487046632124348,False,row2_col2,512,386,0,63
477,355663,5477e1d816f3af5d3adf2b48,477,15,53,124,428,374.828125,923.51813471502589,0.2421875,0.94559585492227982,False,row2_col0,512,386,0,63
478,357041,bafa334c6c43147b890e28ed,478,49,10,396,84,959.1953125,158.93684210526317,0.7734375,0.04736842105263158,False,row0_col2,512,380,0,66
479,359071,bafa334c6c43147b890e28ed,479,31,42,252,340,647.8515625,712.70526315789471,0.4921875,0.72105263157894739,False,row2_col1,512,380,0,66
480,360347,bafa334c6c43147b890e28ed,480,27,62,220,500,578.6640625,1058.8105263157895,0.4296875,1.1421052631578947,True,padding_center,512,380,0,66
481,360504,9e5249a3b4a0aeea24774e82,481,56,0,452,4,1087.6875,-7.8583106267030018,0.8828125,-0.18528610354223432,True,padding_center,512,367,0,72
482,360656,9e5249a3b4a0aeea24774e82,482,16,3,132,28,392.6875,44.326975476839237,0.2578125,-0.11989100817438691,True,padding_center,512,367,0,72
483,361006,9e5249a3b4a0aeea24774e82,483,46,8,372,68,913.9375,131.30245231607628,0.7265625,-0.010899182561307902,True,padding_center,512,367,0,72
484,363078,9e5249a3b4a0aeea24774e82,484,6,41,52,332,218.9375,705.34059945504089,0.1015625,0.70844686648501365,False,row2_col0,512,367,0,72
485,363080,9e5249a3b4a0aeea24774e82,485,8,41,68,332,253.6875,705.34059945504089,0.1328125,0.70844686648501365,False,row2_col0,512,367,0,72
486,364501,9e5249a3b4a0aeea24774e82,486,21,63,172,508,479.5625,1088.0326975476839,0.3359375,1.1880108991825613,True,padding_center,512,367,0,72
487,366032,b707c1eb67ac9b8893cde411,487,16,23,132,188,422.171875,381.10439560439556,0.2578125,0.31318681318681318,False,row0_col0,512,364,0,74
488,366039,b707c1eb67ac9b8893cde411,488,23,23,188,188,543.578125,381.10439560439556,0.3671875,0.31318681318681318,False,row0_col1,512,364,0,74
489,366474,b707c1eb67ac9b8893cde411,489,10,30,84,244,318.109375,502.48901098901098,0.1640625,0.46703296703296704,False,row1_col0,512,364,0,74
490,367429,b707c1eb67ac9b8893cde411,490,5,45,44,364,231.390625,762.59890109890102,0.0859375,0.79670329670329665,False,row2_col0,512,364,0,74
491,367497,b707c1eb67ac9b8893cde411,491,9,46,76,372,300.765625,779.93956043956041,0.1484375,0.81868131868131866,False,row2_col0,512,364,0,74
492,369547,cee542fc544d914ecb84340b,492,11,14,92,116,300.2734375,229.56692913385828,0.1796875,0.13385826771653545,False,row0_col0,512,381,0,65
493,371869,cee542fc544d914ecb84340b,493,29,50,236,404,612.1796875,853.94488188976379,0.4609375,0.88976377952755903,False,row2_col1,512,381,0,65
494,372312,cee542fc544d914ecb84340b,494,24,57,196,460,525.5390625,975.35170603674544,0.3828125,1.0367454068241471,True,padding_center,512,381,0,65
495,372902,e4622a2495fee2989741879a,495,38,2,308,20,779.9296875,18.117962466487938,0.6015625,-0.13136729222520108,True,padding_center,512,373,0,69
496,373471,e4622a2495fee2989741879a,496,31,11,252,92,658.8515625,173.69973190348526,0.4921875,0.061662198391420911,False,row0_col1,512,373,0,69
497,373610,e4622a2495fee2989741879a,497,42,13,340,108,849.1171875,208.27345844504021,0.6640625,0.10455764075067024,False,row0_col1,512,373,0,69
498,375519,e4622a2495fee2989741879a,498,31,43,252,348,658.8515625,726.87935656836464,0.4921875,0.74798927613941024,False,row2_col1,512,373,0,69
499,375746,e4622a2495fee2989741879a,499,2,47,20,380,157.2421875,796.02680965147454,0.0390625,0.83378016085790885,False,row2_col0,512,373,0,69
500,375802,e4622a2495fee2989741879a,500,58,47,468,380,1125.8671875,796.02680965147454,0.9140625,0.83378016085790885,False,row2_col2,512,373,0,69
501,376727,e4622a2495fee2989741879a,501,23,62,188,500,520.4765625,1055.3297587131369,0.3671875,1.1554959785522789,True,padding_center,512,373,0,69
502,376785,e4622a2495fee2989741879a,502,17,63,140,508,416.6953125,1072.6166219839142,0.2734375,1.1769436997319034,True,padding_center,512,373,0,69
503,377312,e8ddd34887fc884dcb436a60,503,32,7,260,60,670.6875,110.27493261455525,0.5078125,-0.026954177897574125,True,padding_center,512,371,0,70
504,377404,e8ddd34887fc884dcb436a60,504,60,8,484,68,1157.1875,127.65498652291105,0.9453125,-0.0053908355795148251,True,padding_center,512,371,0,70
505,377705,e8ddd34887fc884dcb436a60,505,41,13,332,108,827.0625,214.55525606469001,0.6484375,0.10242587601078167,False,row0_col1,512,371,0,70
506,378227,e8ddd34887fc884dcb436a60,506,51,21,412,172,1000.8125,353.5956873315364,0.8046875,0.27493261455525608,False,row0_col2,512,371,0,70
507,378401,e8ddd34887fc884dcb436a60,507,33,24,268,196,688.0625,405.73584905660374,0.5234375,0.33962264150943394,False,row1_col1,512,371,0,70
508,378673,e8ddd34887fc884dcb436a60,508,49,28,396,228,966.0625,475.25606469002696,0.7734375,0.42587601078167114,False,row1_col2,512,371,0,70
509,378874,e8ddd34887fc884dcb436a60,509,58,31,468,252,1122.4375,527.39622641509436,0.9140625,0.49056603773584906,False,row1_col2,512,371,0,70
510,379018,e8ddd34887fc884dcb436a60,510,10,34,84,276,288.4375,579.53638814016176,0.1640625,0.55525606469002697,False,row1_col0,512,371,0,70
511,379457,e8ddd34887fc884dcb436a60,511,1,41,12,332,132.0625,701.19676549865233,0.0234375,0.70619946091644203,False,row2_col0,512,371,0,70
512,379513,e8ddd34887fc884dcb436a60,512,57,41,460,332,1105.0625,701.19676549865233,0.8984375,0.70619946091644203,False,row2_col2,512,371,0,70
513,379832,e8ddd34887fc884dcb436a60,513,56,46,452,372,1087.6875,788.09703504043125,0.8828125,0.81401617250673852,False,row2_col2,512,371,0,70
514,380452,e8ddd34887fc884dcb436a60,514,36,56,292,452,740.1875,961.89757412398922,0.5703125,1.0296495956873315,True,padding_center,512,371,0,70
515,381149,bf67a8c3d85ddf53723e2a60,515,29,3,236,28,616.9453125,25.853333333333325,0.4609375,-0.10666666666666667,True,padding_center,512,375,0,68
516,381840,bf67a8c3d85ddf53723e2a60,516,16,14,132,116,390.4609375,217.57600000000002,0.2578125,0.128,False,row0_col0,512,375,0,68
517,382590,bf67a8c3d85ddf53723e2a60,517,62,25,500,204,1191.8671875,409.29866666666669,0.9765625,0.36266666666666669,False,row1_col2,512,375,0,68
518,382610,bf67a8c3d85ddf53723e2a60,518,18,26,148,212,425.3046875,426.72800000000001,0.2890625,0.38400000000000001,False,row1_col0,512,375,0,68
519,382838,bf67a8c3d85ddf53723e2a60,519,54,29,436,236,1052.4921875,479.01600000000002,0.8515625,0.44800000000000001,False,row1_col2,512,375,0,68
520,384228,bf67a8c3d85ddf53723e2a60,520,36,51,292,412,738.8984375,862.4613333333333,0.5703125,0.91733333333333333,False,row2_col1,512,375,0,68
521,386240,71724a3bf8b9be3deb5292f6,521,0,19,4,156,131.640625,320.16445623342179,0.0078125,0.23607427055702918,False,row0_col0,512,377,0,67
522,387489,71724a3bf8b9be3deb5292f6,522,33,38,268,308,701.921875,648.35543766578246,0.5234375,0.63925729442970824,False,row1_col1,512,377,0,67
523,387635,71724a3bf8b9be3deb5292f6,523,51,40,412,324,1012.984375,682.90185676392571,0.8046875,0.6816976127320955,False,row2_col2,512,377,0,67
524,387875,71724a3bf8b9be3deb5292f6,524,35,44,284,356,736.484375,751.9946949602122,0.5546875,0.76657824933687002,False,row2_col1,512,377,0,67
525,387962,71724a3bf8b9be3deb5292f6,525,58,45,468,364,1133.953125,769.26790450928388,0.9140625,0.78779840848806371,False,row2_col2,512,377,0,67
526,388263,71724a3bf8b9be3deb5292f6,526,39,50,316,404,805.609375,855.63395225464183,0.6171875,0.8938992042440318,False,row2_col1,512,377,0,67
527,388553,71724a3bf8b9be3deb5292f6,527,9,55,76,444,287.171875,942,0.1484375,1,True,padding_center,512,377,0,67
528,389893,e8aecbbad790f36193dfc2a6,528,5,12,44,100,207.5625,190.69999999999999,0.0859375,0.10000000000000001,False,row0_col0,512,390,0,61
529,389894,e8aecbbad790f36193dfc2a6,529,6,12,52,100,224.9375,190.69999999999999,0.1015625,0.10000000000000001,False,row0_col0,512,390,0,61
530,390666,e8aecbbad790f36193dfc2a6,530,10,24,84,196,294.4375,399.19230769230768,0.1640625,0.34615384615384615,False,row1_col0,512,390,0,61
531,390757,e8aecbbad790f36193dfc2a6,531,37,25,300,204,763.5625,416.56666666666666,0.5859375,0.36666666666666664,False,row1_col1,512,390,0,61
532,391064,e8aecbbad790f36193dfc2a6,532,24,30,196,244,537.6875,503.43846153846152,0.3828125,0.46923076923076923,False,row1_col1,512,390,0,61
533,391502,e8aecbbad790f36193dfc2a6,533,14,37,116,300,363.9375,625.05897435897441,0.2265625,0.61282051282051286,False,row1_col0,512,390,0,61
534,392437,e8aecbbad790f36193dfc2a6,534,53,51,428,412,1041.5625,868.30000000000007,0.8359375,0.90000000000000002,False,row2_col2,512,390,0,61
535,392964,e8aecbbad790f36193dfc2a6,535,4,60,36,484,190.1875,1024.6692307692306,0.0703125,1.0846153846153845,True,padding_center,512,390,0,61
536,394290,7193a011383f62c1ab378a8f,536,50,16,404,132,965.0703125,268.8637532133676,0.7890625,0.18251928020565553,False,row0_col2,512,389,0,61
537,395894,7193a011383f62c1ab378a8f,537,54,41,436,332,1034.3828125,702.28277634961444,0.8515625,0.69665809768637532,False,row2_col2,512,389,0,61
538,396686,7193a011383f62c1ab378a8f,538,14,54,116,436,341.2578125,927.66066838046265,0.2265625,0.96401028277634959,False,row2_col0,512,389,0,61
539,396804,7193a011383f62c1ab378a8f,539,4,56,36,452,167.9765625,962.33419023136253,0.0703125,1.0051413881748072,True,padding_center,512,389,0,61
540,397470,27e6733bbab4a1b0477f8b26,540,30,2,244,20,636.5546875,27.596306068601578,0.4765625,-0.12137203166226913,True,padding_center,512,379,0,66
541,397495,27e6733bbab4a1b0477f8b26,541,55,2,444,20,1068.9765625,27.596306068601578,0.8671875,-0.12137203166226913,True,padding_center,512,379,0,66
542,397547,27e6733bbab4a1b0477f8b26,542,43,3,348,28,861.4140625,44.883905013192617,0.6796875,-0.10026385224274406,True,padding_center,512,379,0,66
543,397994,27e6733bbab4a1b0477f8b26,543,42,10,340,84,844.1171875,165.89709762532982,0.6640625,0.047493403693931395,False,row0_col1,512,379,0,66
544,398660,27e6733bbab4a1b0477f8b26,544,4,21,36,172,186.8359375,356.06068601583115,0.0703125,0.27968337730870713,False,row0_col0,512,379,0,66
545,399796,27e6733bbab4a1b0477f8b26,545,52,38,420,308,1017.0859375,649.94986807387863,0.8203125,0.63852242744063326,False,row1_col2,512,379,0,66
546,399960,27e6733bbab4a1b0477f8b26,546,24,41,196,332,532.7734375,701.81266490765177,0.3828125,0.70184696569920846,False,row2_col1,512,379,0,66
547,400709,27e6733bbab4a1b0477f8b26,547,5,53,44,428,204.1328125,909.26385224274406,0.0859375,0.95514511873350927,False,row2_col0,512,379,0,66
548,403660,76884f70ebe18c8dbf09d6a5,548,12,35,100,284,299.578125,599.55526992287923,0.1953125,0.57326478149100257,False,row1_col0,512,389,0,61
549,403858,76884f70ebe18c8dbf09d6a5,549,18,38,148,308,404.015625,651.81233933161946,0.2890625,0.63496143958868889,False,row1_col0,512,389,0,61
550,404806,76884f70ebe18c8dbf09d6a5,550,6,53,52,428,195.140625,913.09768637532136,0.1015625,0.94344473007712082,False,row2_col0,512,389,0,61
551,406102,f7464ed5a8656ac375a0fb2d,551,22,9,180,76,540.9375,150.67574931880108,0.3515625,0.010899182561307902,False,row0_col1,512,367,0,72
552,406451,f7464ed5a8656ac375a0fb2d,552,51,14,412,116,1044.8125,237.43324250681198,0.8046875,0.11989100817438691,False,row0_col2,512,367,0,72
553,407751,f7464ed5a8656ac375a0fb2d,553,7,35,60,284,280.3125,601.81471389645776,0.1171875,0.57765667574931878,False,row1_col0,512,367,0,72
554,408409,f7464ed5a8656ac375a0fb2d,554,25,45,204,364,593.0625,775.3297002724795,0.3984375,0.79564032697547682,False,row2_col1,512,367,0,72
555,408927,f7464ed5a8656ac375a0fb2d,555,31,53,252,428,697.3125,914.14168937329703,0.4921875,0.97002724795640327,False,row2_col1,512,367,0,72
556,409387,f7464ed5a8656ac375a0fb2d,556,43,60,348,484,905.8125,1035.6021798365123,0.6796875,1.1226158038147138,True,padding_center,512,367,0,72
557,410336,813b908ddf7d0066a8a11ef6,557,32,11,260,92,673.640625,173.87603305785123,0.5078125,0.049586776859504134,False,row0_col1,512,363,0,74
558,411567,813b908ddf7d0066a8a11ef6,558,47,30,380,244,932.859375,502.1625344352617,0.7421875,0.46831955922865015,False,row1_col2,512,363,0,74
559,413245,813b908ddf7d0066a8a11ef6,559,61,56,492,452,1174.796875,951.39669421487611,0.9609375,1.0413223140495869,True,padding_center,512,363,0,74
560,413292,813b908ddf7d0066a8a11ef6,560,44,57,356,460,881.015625,968.6749311294767,0.6953125,1.0633608815426998,True,padding_center,512,363,0,74
561,413305,813b908ddf7d0066a8a11ef6,561,57,57,460,460,1105.671875,968.6749311294767,0.8984375,1.0633608815426998,True,padding_center,512,363,0,74
562,413425,813b908ddf7d0066a8a11ef6,562,49,59,396,476,967.421875,1003.2314049586778,0.7734375,1.1074380165289257,True,padding_center,512,363,0,74
563,413439,813b908ddf7d0066a8a11ef6,563,63,59,508,476,1209.359375,1003.2314049586778,0.9921875,1.1074380165289257,True,padding_center,512,363,0,74
564,413661,813b908ddf7d0066a8a11ef6,564,29,63,236,508,621.796875,1072.3443526170799,0.4609375,1.1955922865013775,True,padding_center,512,363,0,74
565,413918,1bd5ba6fc69d7720973528ca,565,30,3,244,28,626.5078125,49,0.4765625,-0.11290322580645161,True,padding_center,512,372,0,70
566,413958,1bd5ba6fc69d7720973528ca,566,6,4,52,36,210.6328125,66.333333333333329,0.1015625,-0.091397849462365593,True,padding_center,512,372,0,70
567,414636,1bd5ba6fc69d7720973528ca,567,44,14,356,116,869.1015625,239.66666666666669,0.6953125,0.12365591397849462,False,row0_col2,512,372,0,70
568,414720,1bd5ba6fc69d7720973528ca,568,0,16,4,132,106.6640625,274.33333333333331,0.0078125,0.16666666666666666,False,row0_col0,512,372,0,70
569,414803,1bd5ba6fc69d7720973528ca,569,19,17,156,140,435.8984375,291.66666666666663,0.3046875,0.18817204301075269,False,row0_col0,512,372,0,70
570,415092,1bd5ba6fc69d7720973528ca,570,52,21,420,172,1007.7265625,361,0.8203125,0.27419354838709675,False,row0_col2,512,372,0,70
571,415330,1bd5ba6fc69d7720973528ca,571,34,25,276,204,695.8203125,430.33333333333337,0.5390625,0.36021505376344087,False,row1_col1,512,372,0,70
572,415470,1bd5ba6fc69d7720973528ca,572,46,27,372,220,903.7578125,465,0.7265625,0.40322580645161288,False,row1_col2,512,372,0,70
573,417418,1bd5ba6fc69d7720973528ca,573,10,58,84,468,279.9453125,1002.3333333333333,0.1640625,1.0698924731182795,True,padding_center,512,372,0,70
574,417557,1bd5ba6fc69d7720973528ca,574,21,60,172,484,470.5546875,1037,0.3359375,1.1129032258064515,True,padding_center,512,372,0,70
575,417802,5016a1680615b7fc52e8b7da,575,10,0,84,4,293.9453125,-12.82258064516131,0.1640625,-0.17741935483870969,True,padding_center,512,372,0,70
576,418897,5016a1680615b7fc52e8b7da,576,17,17,140,140,415.2421875,281.47849462365593,0.2734375,0.18817204301075269,False,row0_col0,512,372,0,70
577,419439,5016a1680615b7fc52e8b7da,577,47,25,380,204,935.0859375,419.97311827956992,0.7421875,0.36021505376344087,False,row1_col2,512,372,0,70
578,421308,5016a1680615b7fc52e8b7da,578,60,54,484,436,1160.3515625,922.01612903225805,0.9453125,0.9838709677419355,False,row2_col2,512,372,0,70
579,421854,5016a1680615b7fc52e8b7da,579,30,63,244,508,640.5078125,1077.8225806451615,0.4765625,1.1774193548387097,True,padding_center,512,372,0,70
580,423079,0f0e951d310459324ed1146f,580,39,18,316,148,803.5234375,300.30000000000001,0.6171875,0.21578947368421053,False,row0_col1,512,380,0,66
581,423961,0f0e951d310459324ed1146f,581,25,32,204,260,562.6796875,541.10000000000002,0.3984375,0.51052631578947372,False,row1_col1,512,380,0,66
582,425252,0f0e951d310459324ed1146f,582,36,52,292,420,751.9140625,885.10000000000002,0.5703125,0.93157894736842106,False,row2_col1,512,380,0,66
583,425550,0f0e951d310459324ed1146f,583,14,57,116,460,373.4453125,971.09999999999991,0.2265625,1.0368421052631578,True,padding_center,512,380,0,66
584,425608,0f0e951d310459324ed1146f,584,8,58,68,468,270.2265625,988.29999999999995,0.1328125,1.0578947368421052,True,padding_center,512,380,0,66
585,425914,0f0e951d310459324ed1146f,585,58,62,468,500,1130.3828125,1057.0999999999999,0.9140625,1.1421052631578947,True,padding_center,512,380,0,66
586,426177,64082b571f8f93ab5240a042,586,1,3,12,28,142.9453125,39.00813008130082,0.0234375,-0.11653116531165311,True,padding_center,512,369,0,71
587,426530,64082b571f8f93ab5240a042,587,34,8,276,68,713.7421875,125.51219512195122,0.5390625,-0.008130081300813009,True,padding_center,512,369,0,71
588,427440,64082b571f8f93ab5240a042,588,48,22,388,180,955.8984375,367.72357723577238,0.7578125,0.29539295392953929,False,row0_col2,512,369,0,71
589,429188,64082b571f8f93ab5240a042,589,4,50,36,404,194.8359375,852.14634146341461,0.0703125,0.90243902439024393,False,row2_col0,512,369,0,71
590,429329,64082b571f8f93ab5240a042,590,17,52,140,420,419.6953125,886.7479674796748,0.2734375,0.94579945799457998,False,row2_col0,512,369,0,71
591,432356,482fefcd016bb88b2f86f80f,591,36,35,292,284,765.484375,600.23783783783779,0.5703125,0.57567567567567568,False,row1_col1,512,370,0,71
592,434162,482fefcd016bb88b2f86f80f,592,50,63,404,508,1006.546875,1082.1405405405403,0.7890625,1.181081081081081,True,padding_center,512,370,0,71
593,434664,35015470ada828bd02e3e08b,593,40,7,324,60,813.7890625,102.50259067357513,0.6328125,-0.0077720207253886009,True,padding_center,512,386,0,63
594,436435,35015470ada828bd02e3e08b,594,19,35,156,284,449.8984375,587.64248704663214,0.3046875,0.57253886010362698,False,row1_col0,512,386,0,63
595,437152,35015470ada828bd02e3e08b,595,32,46,260,372,675.1640625,778.23316062176161,0.5078125,0.80051813471502586,False,row2_col1,512,386,0,63
596,437602,35015470ada828bd02e3e08b,596,34,53,276,428,709.8203125,899.51813471502589,0.5390625,0.94559585492227982,False,row2_col1,512,386,0,63
597,437742,35015470ada828bd02e3e08b,597,46,55,372,444,917.7578125,934.17098445595855,0.7265625,0.98704663212435229,False,row2_col2,512,386,0,63
598,438366,71091e47820a3c9f89438620,598,30,1,244,12,648.5078125,9.8090185676392565,0.4765625,-0.14588859416445624,True,padding_center,512,377,0,67
599,439119,71091e47820a3c9f89438620,599,15,13,124,108,388.5859375,217.85145888594164,0.2421875,0.10875331564986737,False,row0_col0,512,377,0,67
600,439306,71091e47820a3c9f89438620,600,10,16,84,132,301.9453125,269.86206896551721,0.1640625,0.17241379310344829,False,row0_col0,512,377,0,67
601,439350,71091e47820a3c9f89438620,601,54,16,436,132,1064.3828125,269.86206896551721,0.8515625,0.17241379310344829,False,row0_col2,512,377,0,67
602,439868,71091e47820a3c9f89438620,602,60,24,484,196,1168.3515625,408.55702917771879,0.9453125,0.34217506631299732,False,row1_col2,512,377,0,67
603,441225,71091e47820a3c9f89438620,603,9,46,76,372,284.6171875,789.9681697612732,0.1484375,0.80901856763925728,False,row2_col0,512,377,0,67
604,441999,71091e47820a3c9f89438620,604,15,58,124,468,388.5859375,998.0106100795756,0.2421875,1.0636604774535809,True,padding_center,512,377,0,67
605,442472,2c26a77005e1ed9b640e64e2,605,40,1,324,12,813.4609375,18.830238726790455,0.6328125,-0.14588859416445624,True,padding_center,512,377,0,67
606,443210,2c26a77005e1ed9b640e64e2,606,10,13,84,108,298.3046875,225.09018567639257,0.1640625,0.10875331564986737,False,row0_col0,512,377,0,67
607,443284,2c26a77005e1ed9b640e64e2,607,20,14,164,116,470.0234375,242.27851458885942,0.3203125,0.129973474801061,False,row0_col0,512,377,0,67
608,444288,2c26a77005e1ed9b640e64e2,608,0,30,4,244,126.5859375,517.29177718832898,0.0078125,0.46949602122015915,False,row1_col0,512,377,0,67
609,445168,2c26a77005e1ed9b640e64e2,609,48,43,388,348,950.8359375,740.74005305039793,0.7578125,0.74535809018567645,False,row2_col2,512,377,0,67
610,445753,2c26a77005e1ed9b640e64e2,610,57,52,460,420,1105.3828125,895.43501326259945,0.8984375,0.93633952254641906,False,row2_col2,512,377,0,67
611,445965,2c26a77005e1ed9b640e64e2,611,13,56,108,452,349.8203125,964.18832891246677,0.2109375,1.0212201591511936,True,padding_center,512,377,0,67
612,447048,72516b14bd4f8c49162a07e5,612,8,9,68,76,261.359375,142.75675675675677,0.1328125,0.013513513513513514,False,row0_col0,512,370,0,71
613,448069,72516b14bd4f8c49162a07e5,613,5,25,44,204,209.703125,418.12972972972972,0.0859375,0.35945945945945945,False,row1_col0,512,370,0,71
614,448204,72516b14bd4f8c49162a07e5,614,12,27,100,220,330.234375,452.55135135135134,0.1953125,0.4027027027027027,False,row1_col0,512,370,0,71
615,448211,72516b14bd4f8c49162a07e5,615,19,27,156,220,450.765625,452.55135135135134,0.3046875,0.4027027027027027,False,row1_col0,512,370,0,71
616,450462,72516b14bd4f8c49162a07e5,616,30,62,244,500,640.171875,1054.9297297297296,0.4765625,1.1594594594594594,True,padding_center,512,370,0,71
617,450783,df25d625c991e5e7eb0f6dc4,617,31,3,252,28,656.3125,39.658536585365852,0.4921875,-0.11653116531165311,True,padding_center,512,369,0,71
618,452165,df25d625c991e5e7eb0f6dc4,618,5,25,44,204,204.5625,421.70731707317077,0.0859375,0.36043360433604338,False,row1_col0,512,369,0,71
619,452406,df25d625c991e5e7eb0f6dc4,619,54,28,436,228,1055.9375,473.80487804878049,0.8515625,0.42547425474254741,False,row1_col2,512,369,0,71
620,453138,df25d625c991e5e7eb0f6dc4,620,18,40,148,324,430.4375,682.19512195121945,0.2890625,0.68563685636856364,False,row2_col0,512,369,0,71
621,453292,df25d625c991e5e7eb0f6dc4,621,44,42,356,340,882.1875,716.92682926829264,0.6953125,0.7289972899728997,False,row2_col2,512,369,0,71
622,453369,df25d625c991e5e7eb0f6dc4,622,57,43,460,348,1108.0625,734.29268292682923,0.8984375,0.75067750677506773,False,row2_col2,512,369,0,71
623,453928,df25d625c991e5e7eb0f6dc4,623,40,52,324,420,812.6875,890.58536585365857,0.6328125,0.94579945799457998,False,row2_col1,512,369,0,71
624,454349,df25d625c991e5e7eb0f6dc4,624,13,59,108,476,343.5625,1012.1463414634147,0.2109375,1.0975609756097562,True,padding_center,512,369,0,71
625,454365,df25d625c991e5e7eb0f6dc4,625,29,59,236,476,621.5625,1012.1463414634147,0.4609375,1.0975609756097562,True,padding_center,512,369,0,71
626,454377,df25d625c991e5e7eb0f6dc4,626,41,59,332,476,830.0625,1012.1463414634147,0.6484375,1.0975609756097562,True,padding_center,512,369,0,71
627,454441,df25d625c991e5e7eb0f6dc4,627,41,60,332,484,830.0625,1029.5121951219512,0.6484375,1.1192411924119241,True,padding_center,512,369,0,71
628,454588,df25d625c991e5e7eb0f6dc4,628,60,62,484,500,1160.1875,1064.2439024390244,0.9453125,1.1626016260162602,True,padding_center,512,369,0,71
629,454691,f36ce6afecf1a683931bba6d,629,35,0,284,4,735.4765625,0.06842105263157805,0.5546875,-0.16315789473684211,True,padding_center,512,380,0,66
630,454786,f36ce6afecf1a683931bba6d,630,2,2,20,20,160.5546875,34.889473684210529,0.0390625,-0.12105263157894737,True,padding_center,512,380,0,66
631,455653,f36ce6afecf1a683931bba6d,631,37,15,300,124,770.3203125,261.22631578947369,0.5859375,0.15263157894736842,False,row0_col1,512,380,0,66
632,455660,f36ce6afecf1a683931bba6d,632,44,15,356,124,892.2734375,261.22631578947369,0.6953125,0.15263157894736842,False,row0_col2,512,380,0,66
633,456291,f36ce6afecf1a683931bba6d,633,35,25,284,204,735.4765625,435.33157894736843,0.5546875,0.36315789473684212,False,row1_col1,512,380,0,66
634,456832,f36ce6afecf1a683931bba6d,634,0,34,4,276,125.7109375,592.02631578947376,0.0078125,0.55263157894736847,False,row1_col0,512,380,0,66
635,457146,f36ce6afecf1a683931bba6d,635,58,38,468,308,1136.1796875,661.66842105263152,0.9140625,0.63684210526315788,False,row1_col2,512,380,0,66
636,459150,89b989a81f1da592d59cc87b,636,14,6,116,52,382.9375,102.7560975609756,0.2265625,-0.051490514905149054,True,padding_center,512,369,0,71
637,459300,89b989a81f1da592d59cc87b,637,36,8,292,68,765.1875,137.48780487804879,0.5703125,-0.008130081300813009,True,padding_center,512,369,0,71
638,459907,89b989a81f1da592d59cc87b,638,3,18,28,148,191.8125,311.14634146341461,0.0546875,0.20867208672086721,False,row0_col0,512,369,0,71
639,460149,89b989a81f1da592d59cc87b,639,53,21,428,172,1060.5625,363.2439024390244,0.8359375,0.27371273712737126,False,row0_col2,512,369,0,71
640,460879,89b989a81f1da592d59cc87b,640,15,33,124,268,400.3125,571.63414634146341,0.2421875,0.53387533875338755,False,row1_col0,512,369,0,71
641,461012,89b989a81f1da592d59cc87b,641,20,35,164,284,487.1875,606.36585365853659,0.3203125,0.57723577235772361,False,row1_col0,512,369,0,71
642,461058,89b989a81f1da592d59cc87b,642,2,36,20,292,174.4375,623.73170731707319,0.0390625,0.59891598915989164,False,row1_col0,512,369,0,71
643,462369,89b989a81f1da592d59cc87b,643,33,56,268,452,713.0625,971.04878048780483,0.5234375,1.032520325203252,True,padding_center,512,369,0,71
644,462436,89b989a81f1da592d59cc87b,644,36,57,292,460,765.1875,988.41463414634154,0.5703125,1.0542005420054201,True,padding_center,512,369,0,71
645,462545,89b989a81f1da592d59cc87b,645,17,59,140,476,435.0625,1023.1463414634147,0.2734375,1.0975609756097562,True,padding_center,512,369,0,71
646,463104,7ca059b6fa1e54dd4a7dcf3f,646,0,4,4,36,128.6640625,60.406249999999993,0.0078125,-0.072916666666666671,True,padding_center,512,384,0,64
647,464104,7ca059b6fa1e54dd4a7dcf3f,647,40,19,324,156,821.7890625,320.09375,0.6328125,0.23958333333333334,False,row0_col1,512,384,0,64
648,464819,7ca059b6fa1e54dd4a7dcf3f,648,51,30,412,244,1012.3984375,510.53125,0.8046875,0.46875,False,row1_col2,512,384,0,64
649,466225,7ca059b6fa1e54dd4a7dcf3f,649,49,52,396,420,977.7421875,891.40625,0.7734375,0.92708333333333337,False,row2_col2,512,384,0,64
650,466297,7ca059b6fa1e54dd4a7dcf3f,650,57,53,460,428,1116.3671875,908.71875,0.8984375,0.94791666666666663,False,row2_col2,512,384,0,64
651,466915,7ca059b6fa1e54dd4a7dcf3f,651,35,63,284,508,735.1484375,1081.84375,0.5546875,1.15625,True,padding_center,512,384,0,64
652,467174,7c41685bf488a58de2fe104b,652,38,3,308,28,768.9296875,48.799999999999997,0.6015625,-0.10000000000000001,True,padding_center,512,380,0,66
653,470816,7c41685bf488a58de2fe104b,653,32,60,260,484,665.1484375,1035.2,0.5078125,1.1000000000000001,True,padding_center,512,380,0,66
654,473481,b732c57615def8f4ab818c3f,654,9,38,76,308,301.0625,654.41509433962267,0.1484375,0.64150943396226412,False,row1_col0,512,371,0,70
655,474389,b732c57615def8f4ab818c3f,655,21,52,172,420,509.5625,897.43396226415098,0.3359375,0.94339622641509435,False,row2_col1,512,371,0,70
656,474640,b732c57615def8f4ab818c3f,656,16,56,132,452,422.6875,966.86792452830184,0.2578125,1.0296495956873315,True,padding_center,512,371,0,70
657,475218,7f3d7c6e6a7b6f584a7abbea,657,18,1,148,12,450.546875,12.268041237113408,0.2890625,-0.12886597938144329,True,padding_center,512,388,0,62
658,475336,7f3d7c6e6a7b6f584a7abbea,658,8,3,68,28,278.359375,46.742268041237125,0.1328125,-0.087628865979381437,True,padding_center,512,388,0,62
659,476015,7f3d7c6e6a7b6f584a7abbea,659,47,13,380,108,949.890625,219.11340206185565,0.7421875,0.11855670103092783,False,row0_col2,512,388,0,62
660,476229,7f3d7c6e6a7b6f584a7abbea,660,5,17,44,140,226.703125,288.06185567010311,0.0859375,0.20103092783505155,False,row0_col0,512,388,0,62
661,476959,7f3d7c6e6a7b6f584a7abbea,661,31,28,252,228,674.390625,477.67010309278351,0.4921875,0.42783505154639173,False,row1_col1,512,388,0,62
662,477186,7f3d7c6e6a7b6f584a7abbea,662,2,32,20,260,175.046875,546.61855670103091,0.0390625,0.51030927835051543,False,row1_col0,512,388,0,62
663,477385,7f3d7c6e6a7b6f584a7abbea,663,9,35,76,284,295.578125,598.32989690721649,0.1484375,0.57216494845360821,False,row1_col0,512,388,0,62
664,479449,630be0f098a5ec263bec1d35,664,25,3,204,28,569.0703125,36.287564766839381,0.3984375,-0.090673575129533682,True,padding_center,512,386,0,63
665,479837,630be0f098a5ec263bec1d35,665,29,9,236,76,638.2578125,140.12176165803109,0.4609375,0.03367875647668394,False,row0_col1,512,386,0,63
666,480309,630be0f098a5ec263bec1d35,666,53,16,428,132,1053.3828125,261.26165803108807,0.8359375,0.17875647668393782,False,row0_col2,512,386,0,63
667,480638,630be0f098a5ec263bec1d35,667,62,21,500,172,1209.0546875,347.79015544041454,0.9765625,0.28238341968911918,False,row0_col2,512,386,0,63
668,480770,630be0f098a5ec263bec1d35,668,2,24,20,196,171.2421875,399.70725388601039,0.0390625,0.34455958549222798,False,row1_col0,512,386,0,63
669,480931,630be0f098a5ec263bec1d35,669,35,26,284,212,742.0390625,434.31865284974094,0.5546875,0.3860103626943005,False,row1_col1,512,386,0,63
670,481009,630be0f098a5ec263bec1d35,670,49,27,396,220,984.1953125,451.62435233160625,0.7734375,0.40673575129533679,False,row1_col2,512,386,0,63
671,481536,630be0f098a5ec263bec1d35,671,0,36,4,292,136.6484375,607.37564766839375,0.0078125,0.59326424870466321,False,row1_col0,512,386,0,63
672,481951,630be0f098a5ec263bec1d35,672,31,42,252,340,672.8515625,711.20984455958546,0.4921875,0.71761658031088082,False,row2_col1,512,386,0,63
673,483644,acce3e29a49a891a750d40b5,673,60,4,484,36,1155.4609375,69.997354497354507,0.9453125,-0.082010582010582006,True,padding_center,512,378,0,67
674,484064,acce3e29a49a891a750d40b5,674,32,11,260,92,671.1484375,191.03439153439155,0.5078125,0.066137566137566134,False,row0_col1,512,378,0,67
675,484439,acce3e29a49a891a750d40b5,675,23,17,188,140,515.4765625,294.78042328042329,0.3671875,0.19312169312169311,False,row0_col1,512,378,0,67
676,486486,acce3e29a49a891a750d40b5,676,22,49,180,396,498.1796875,848.09259259259261,0.3515625,0.87037037037037035,False,row2_col1,512,378,0,67
677,486854,acce3e29a49a891a750d40b5,677,6,55,52,444,221.4296875,951.8386243386243,0.1015625,0.99735449735449733,False,row2_col0,512,378,0,67
678,487936,e14263e312b5e2338aece9d3,678,0,8,4,68,125.6484375,126,0.0078125,0,False,row0_col0,512,375,0,68
679,488416,e14263e312b5e2338aece9d3,679,32,15,260,124,679.1484375,246.96000000000001,0.5078125,0.14933333333333335,False,row0_col1,512,375,0,68
680,488640,e14263e312b5e2338aece9d3,680,0,19,4,156,125.6484375,316.07999999999998,0.0078125,0.23466666666666666,False,row0_col0,512,375,0,68
681,489182,e14263e312b5e2338aece9d3,681,30,27,244,220,644.5546875,454.31999999999999,0.4765625,0.40533333333333332,False,row1_col1,512,375,0,68
682,489424,e14263e312b5e2338aece9d3,682,16,31,132,252,402.3984375,523.44000000000005,0.2578125,0.49066666666666664,False,row1_col0,512,375,0,68
683,489617,e14263e312b5e2338aece9d3,683,17,34,140,276,419.6953125,575.27999999999997,0.2734375,0.55466666666666664,False,row1_col0,512,375,0,68
684,489663,e14263e312b5e2338aece9d3,684,63,34,508,276,1215.3515625,575.27999999999997,0.9921875,0.55466666666666664,False,row1_col2,512,375,0,68
685,490817,e14263e312b5e2338aece9d3,685,1,53,12,428,142.9453125,903.60000000000002,0.0234375,0.95999999999999996,False,row2_col0,512,375,0,68
686,490903,e14263e312b5e2338aece9d3,686,23,54,188,436,523.4765625,920.88,0.3671875,0.98133333333333328,False,row2_col1,512,375,0,68
687,491530,ab197e4aa67cc9e3f881cab1,687,10,0,84,4,271.9453125,-12.730769230769226,0.1640625,-0.19230769230769232,True,padding_center,512,364,0,74
688,491578,ab197e4aa67cc9e3f881cab1,688,58,0,468,4,1103.6953125,-12.730769230769226,0.9140625,-0.19230769230769232,True,padding_center,512,364,0,74
689,493819,ab197e4aa67cc9e3f881cab1,689,59,35,476,284,1121.0234375,594.19230769230762,0.9296875,0.57692307692307687,False,row1_col2,512,364,0,74
690,495411,ab197e4aa67cc9e3f881cab1,690,51,60,412,484,982.3984375,1027.7087912087914,0.8046875,1.1263736263736264,True,padding_center,512,364,0,74
691,495568,ab197e4aa67cc9e3f881cab1,691,16,63,132,508,375.9140625,1079.7307692307691,0.2578125,1.1923076923076923,True,padding_center,512,364,0,74
692,496116,49300051975ddaf699eca8d9,692,52,7,420,60,1010.984375,129.49056603773585,0.8203125,-0.026954177897574125,True,padding_center,512,371,0,70
693,496308,49300051975ddaf699eca8d9,693,52,10,420,84,1010.984375,181.11320754716982,0.8203125,0.037735849056603772,False,row0_col2,512,371,0,70
694,497005,49300051975ddaf699eca8d9,694,45,21,364,172,890.453125,370.39622641509436,0.7109375,0.27493261455525608,False,row0_col2,512,371,0,70
695,497222,49300051975ddaf699eca8d9,695,6,25,52,204,218.921875,439.22641509433964,0.1015625,0.36118598382749328,False,row1_col0,512,371,0,70
696,499906,229f325dcd93d8f5586d69ba,696,2,3,20,28,145.046875,49.660377358490564,0.0390625,-0.11320754716981132,True,padding_center,512,371,0,70
697,500780,229f325dcd93d8f5586d69ba,697,44,16,356,132,868.234375,273.35849056603774,0.6953125,0.16711590296495957,False,row0_col2,512,371,0,70
698,501071,229f325dcd93d8f5586d69ba,698,15,21,124,172,368.890625,359.39622641509436,0.2421875,0.27493261455525608,False,row0_col0,512,371,0,70
699,501713,229f325dcd93d8f5586d69ba,699,17,31,140,252,403.328125,531.47169811320759,0.2734375,0.49056603773584906,False,row1_col0,512,371,0,70
700,502191,229f325dcd93d8f5586d69ba,700,47,38,380,308,919.890625,651.92452830188677,0.7421875,0.64150943396226412,False,row1_col2,512,371,0,70
701,502502,229f325dcd93d8f5586d69ba,701,38,43,308,348,764.921875,737.96226415094338,0.6015625,0.74932614555256061,False,row2_col1,512,371,0,70
702,502691,229f325dcd93d8f5586d69ba,702,35,46,284,372,713.265625,789.58490566037733,0.5546875,0.81401617250673852,False,row2_col1,512,371,0,70
703,503779,229f325dcd93d8f5586d69ba,703,35,63,284,508,713.265625,1082.1132075471696,0.5546875,1.1805929919137466,True,padding_center,512,371,0,70
704,504183,74dba489b837409bdc9002e2,704,55,5,444,44,1098.3125,66.605744125326368,0.8671875,-0.052219321148825062,True,padding_center,512,383,0,64
705,504541,74dba489b837409bdc9002e2,705,29,11,236,92,646.5625,170.75195822454307,0.4609375,0.073107049608355096,False,row0_col1,512,383,0,64
706,506527,74dba489b837409bdc9002e2,706,31,42,252,340,681.3125,708.84073107049608,0.4921875,0.72062663185378595,False,row2_col1,512,383,0,64
707,506682,74dba489b837409bdc9002e2,707,58,44,468,356,1150.4375,743.55613577023496,0.9140625,0.76240208877284599,False,row2_col2,512,383,0,64
708,508961,f5fa9934c3d9553bf163df86,708,33,16,268,132,677.4453125,261.48941798941797,0.5234375,0.17195767195767195,False,row0_col1,512,378,0,67
709,509506,f5fa9934c3d9553bf163df86,709,2,25,20,204,141.2421875,417.10846560846562,0.0390625,0.36243386243386244,False,row1_col0,512,378,0,67
710,509582,f5fa9934c3d9553bf163df86,710,14,26,116,212,348.8046875,434.39947089947088,0.2265625,0.3835978835978836,False,row1_col0,512,378,0,67
711,509859,f5fa9934c3d9553bf163df86,711,35,30,284,244,712.0390625,503.56349206349205,0.5546875,0.46825396825396826,False,row1_col1,512,378,0,67
712,511597,f5fa9934c3d9553bf163df86,712,45,57,364,460,885.0078125,970.42063492063494,0.7109375,1.0396825396825398,True,padding_center,512,378,0,67
713,511728,f5fa9934c3d9553bf163df86,713,48,59,388,476,936.8984375,1005.0026455026456,0.7578125,1.0820105820105821,True,padding_center,512,378,0,67
714,511777,f5fa9934c3d9553bf163df86,714,33,60,268,484,677.4453125,1022.2936507936508,0.5234375,1.1031746031746033,True,padding_center,512,378,0,67
715,512150,36e8db94416d301d8eae06b8,715,22,2,180,20,476.1796875,41.319999999999993,0.3515625,-0.128,True,padding_center,512,375,0,68
716,514417,36e8db94416d301d8eae06b8,716,49,37,396,300,943.1953125,646.12,0.7734375,0.6186666666666667,False,row1_col2,512,375,0,68
717,515467,36e8db94416d301d8eae06b8,717,11,54,92,436,285.9140625,939.88,0.1796875,0.98133333333333328,False,row2_col0,512,375,0,68
718,515668,36e8db94416d301d8eae06b8,718,20,57,164,460,441.5859375,991.71999999999991,0.3203125,1.0453333333333332,True,padding_center,512,375,0,68
719,516406,b6168c3c6bcd1bd66bea8569,719,54,4,436,36,1048.6796875,71.691689008042886,0.8515625,-0.088471849865951746,True,padding_center,512,373,0,69
720,516564,b6168c3c6bcd1bd66bea8569,720,20,7,164,60,460.5859375,123.55227882037534,0.3203125,-0.024128686327077747,True,padding_center,512,373,0,69
721,517145,b6168c3c6bcd1bd66bea8569,721,25,16,204,132,547.0703125,279.13404825737268,0.3984375,0.16890080428954424,False,row0_col1,512,373,0,69
722,517650,b6168c3c6bcd1bd66bea8569,722,18,24,148,196,425.9921875,417.42895442359247,0.2890625,0.34048257372654156,False,row1_col0,512,373,0,69
723,518122,b6168c3c6bcd1bd66bea8569,723,42,31,340,252,841.1171875,538.43699731903484,0.6640625,0.4906166219839142,False,row1_col1,512,373,0,69
724,518598,b6168c3c6bcd1bd66bea8569,724,6,39,52,316,218.4296875,676.73190348525463,0.1015625,0.66219839142091153,False,row1_col0,512,373,0,69
725,518969,b6168c3c6bcd1bd66bea8569,725,57,44,460,356,1100.5703125,763.16621983914206,0.8984375,0.76943699731903481,False,row2_col2,512,373,0,69
726,519457,b6168c3c6bcd1bd66bea8569,726,33,52,268,420,685.4453125,901.46112600536185,0.5234375,0.94101876675603213,False,row2_col1,512,373,0,69
727,520619,7d21f597b4b4043eb6e57f0e,727,43,6,348,52,868.453125,94.181818181818187,0.6796875,-0.045454545454545456,True,padding_center,512,374,0,69
728,521332,7d21f597b4b4043eb6e57f0e,728,52,17,420,140,1024.546875,284.77005347593581,0.8203125,0.18983957219251338,False,row0_col2,512,374,0,69
729,521766,7d21f597b4b4043eb6e57f0e,729,38,24,308,196,781.734375,406.05347593582889,0.6015625,0.33957219251336901,False,row1_col1,512,374,0,69
730,521937,7d21f597b4b4043eb6e57f0e,730,17,27,140,220,417.515625,458.03208556149735,0.2734375,0.40374331550802139,False,row1_col0,512,374,0,69
731,522083,7d21f597b4b4043eb6e57f0e,731,35,29,284,236,729.703125,492.68449197860963,0.5546875,0.446524064171123,False,row1_col1,512,374,0,69
732,522230,7d21f597b4b4043eb6e57f0e,732,54,31,436,252,1059.234375,527.33689839572196,0.8515625,0.48930481283422461,False,row1_col2,512,374,0,69
733,522729,7d21f597b4b4043eb6e57f0e,733,41,39,332,316,833.765625,665.94652406417106,0.6484375,0.66042780748663099,False,row1_col1,512,374,0,69
734,522812,7d21f597b4b4043eb6e57f0e,734,60,40,484,324,1163.296875,683.27272727272725,0.9453125,0.68181818181818177,False,row2_col2,512,374,0,69
735,523146,7d21f597b4b4043eb6e57f0e,735,10,46,84,372,296.109375,787.22994652406419,0.1640625,0.81016042780748665,False,row2_col0,512,374,0,69
736,523665,7d21f597b4b4043eb6e57f0e,736,17,54,140,436,417.515625,925.8395721925134,0.2734375,0.98128342245989308,False,row2_col0,512,374,0,69
737,524119,7d21f597b4b4043eb6e57f0e,737,23,61,188,492,521.578125,1047.1229946524065,0.3671875,1.1310160427807487,True,padding_center,512,374,0,69
738,524500,d0c5e59f51c09ba4242151ff,738,20,3,164,28,485.265625,46.826086956521735,0.3203125,-0.11956521739130435,True,padding_center,512,368,0,72
739,524840,d0c5e59f51c09ba4242151ff,739,40,8,324,68,830.890625,133.34782608695653,0.6328125,-0.010869565217391304,True,padding_center,512,368,0,72
740,525150,d0c5e59f51c09ba4242151ff,740,30,13,244,108,658.078125,219.86956521739131,0.4765625,0.097826086956521743,False,row0_col1,512,368,0,72
741,526239,d0c5e59f51c09ba4242151ff,741,31,30,252,244,675.359375,514.04347826086951,0.4921875,0.46739130434782611,False,row1_col1,512,368,0,72
742,526315,d0c5e59f51c09ba4242151ff,742,43,31,348,252,882.734375,531.3478260869565,0.6796875,0.4891304347826087,False,row1_col2,512,368,0,72
743,527864,d0c5e59f51c09ba4242151ff,743,56,55,452,444,1107.390625,946.6521739130435,0.8828125,1.0108695652173914,True,padding_center,512,368,0,72
744,528011,d0c5e59f51c09ba4242151ff,744,11,58,92,468,329.734375,998.56521739130426,0.1796875,1.076086956521739,True,padding_center,512,368,0,72
745,528871,1aa0d91925dd72251d174919,745,39,7,316,60,781.2265625,101.70212765957447,0.6171875,-0.021276595744680851,True,padding_center,512,376,0,68
746,530222,1aa0d91925dd72251d174919,746,46,28,372,228,902.3046875,464.95744680851067,0.7265625,0.42553191489361702,False,row1_col2,512,376,0,68
747,530753,1aa0d91925dd72251d174919,747,1,37,12,300,123.9453125,620.63829787234044,0.0234375,0.61702127659574468,False,row1_col0,512,376,0,68
748,531152,1aa0d91925dd72251d174919,748,16,43,132,348,383.3984375,724.42553191489355,0.2578125,0.74468085106382975,False,row2_col0,512,376,0,68
749,531466,1aa0d91925dd72251d174919,749,10,48,84,388,279.6171875,810.91489361702133,0.1640625,0.85106382978723405,False,row2_col0,512,376,0,68
750,533624,2f583ef3203d5ac90b59a547,750,56,17,452,140,1123.859375,282.82085561497331,0.8828125,0.18983957219251338,False,row0_col2,512,374,0,69
751,534455,2f583ef3203d5ac90b59a547,751,55,30,444,244,1106.640625,506.67112299465236,0.8671875,0.46791443850267378,False,row1_col2,512,374,0,69
752,535256,2f583ef3203d5ac90b59a547,752,24,43,196,348,572.859375,730.52139037433153,0.3828125,0.74598930481283421,False,row2_col1,512,374,0,69
753,535595,2f583ef3203d5ac90b59a547,753,43,48,348,388,900.015625,816.61764705882354,0.6796875,0.8529411764705882,False,row2_col2,512,374,0,69
754,536743,334d09cec1e33736f5ceeeae,754,39,2,316,20,794.609375,32.379844961240309,0.6171875,-0.10852713178294573,True,padding_center,512,387,0,62
755,536849,334d09cec1e33736f5ceeeae,755,17,4,140,36,414.421875,66.90180878552971,0.2734375,-0.067183462532299745,True,padding_center,512,387,0,62
756,537128,334d09cec1e33736f5ceeeae,756,40,8,324,68,811.890625,135.94573643410854,0.6328125,0.015503875968992248,False,row0_col1,512,387,0,62
757,537861,334d09cec1e33736f5ceeeae,757,5,20,44,164,207.046875,343.07751937984494,0.0859375,0.26356589147286824,False,row0_col0,512,387,0,62
758,539573,334d09cec1e33736f5ceeeae,758,53,46,428,372,1036.546875,791.86304909560727,0.8359375,0.8010335917312662,False,row2_col2,512,387,0,62
759,539860,334d09cec1e33736f5ceeeae,759,20,51,164,412,466.265625,878.16795865633071,0.3203125,0.90439276485788112,False,row2_col0,512,387,0,62
760,540069,334d09cec1e33736f5ceeeae,760,37,54,300,436,760.046875,929.95090439276487,0.5859375,0.96640826873385011,False,row2_col1,512,387,0,62
761,541055,ae10765eee319809f6e8d9ae,761,63,5,508,44,1226.3515625,78.736559139784958,0.9921875,-0.069892473118279563,True,padding_center,512,372,0,70
762,541157,ae10765eee319809f6e8d9ae,762,37,7,300,60,776.6328125,113.36021505376344,0.5859375,-0.026881720430107527,True,padding_center,512,372,0,70
763,542932,ae10765eee319809f6e8d9ae,763,20,35,164,284,482.5859375,598.0913978494624,0.3203125,0.57526881720430112,False,row1_col0,512,372,0,70
764,543136,ae10765eee319809f6e8d9ae,764,32,38,260,308,690.1484375,650.02688172043008,0.5078125,0.63978494623655913,False,row1_col1,512,372,0,70
765,543387,ae10765eee319809f6e8d9ae,765,27,42,220,340,603.6640625,719.27419354838707,0.4296875,0.72580645161290325,False,row2_col1,512,372,0,70
766,543512,ae10765eee319809f6e8d9ae,766,24,44,196,356,551.7734375,753.89784946236557,0.3828125,0.76881720430107525,False,row2_col1,512,372,0,70
767,547898,e30051d3d8fd995844562e4d,767,58,48,468,388,1133.6953125,823.14516129032256,0.9140625,0.85483870967741937,False,row2_col2,512,372,0,70
768,548138,e30051d3d8fd995844562e4d,768,42,52,340,420,856.4453125,892.39247311827967,0.6640625,0.94086021505376349,False,row2_col1,512,372,0,70
769,548142,e30051d3d8fd995844562e4d,769,46,52,372,420,925.7578125,892.39247311827967,0.7265625,0.94086021505376349,False,row2_col2,512,372,0,70
770,548822,e30051d3d8fd995844562e4d,770,22,63,180,508,509.8828125,1082.8225806451615,0.3515625,1.1774193548387097,True,padding_center,512,372,0,70
771,549416,d2039782b7096a17e967307e,771,40,8,324,68,796.6875,121.67885117493472,0.6328125,0.010443864229765013,False,row0_col1,512,383,0,64
772,549702,d2039782b7096a17e967307e,772,6,13,52,108,205.9375,208.46736292428199,0.1015625,0.11488250652741515,False,row0_col0,512,383,0,64
773,549769,d2039782b7096a17e967307e,773,9,14,76,116,258.0625,225.82506527415143,0.1484375,0.13577023498694518,False,row0_col0,512,383,0,64
774,552354,d2039782b7096a17e967307e,774,34,54,276,436,692.4375,920.13315926892949,0.5390625,0.97127937336814618,False,row2_col1,512,383,0,64
775,554022,970a0e63436f260f3c624f80,775,38,16,308,132,798.1328125,270.67213114754099,0.6015625,0.16120218579234974,False,row0_col1,512,366,0,73
776,554090,970a0e63436f260f3c624f80,776,42,17,340,140,867.4453125,287.98360655737702,0.6640625,0.1830601092896175,False,row0_col1,512,366,0,73
777,554554,970a0e63436f260f3c624f80,777,58,24,468,196,1144.6953125,409.1639344262295,0.9140625,0.33606557377049179,False,row1_col2,512,366,0,73
778,554859,970a0e63436f260f3c624f80,778,43,29,348,236,884.7734375,495.72131147540983,0.6796875,0.4453551912568306,False,row1_col2,512,366,0,73
779,555021,970a0e63436f260f3c624f80,779,13,32,108,260,364.9296875,547.65573770491801,0.2109375,0.51092896174863389,False,row1_col0,512,366,0,73
780,555320,970a0e63436f260f3c624f80,780,56,36,452,292,1110.0390625,616.90163934426232,0.8828125,0.59836065573770492,False,row1_col2,512,366,0,73
781,556242,970a0e63436f260f3c624f80,781,18,51,148,412,451.5703125,876.57377049180332,0.2890625,0.92622950819672134,False,row2_col0,512,366,0,73
782,556688,970a0e63436f260f3c624f80,782,16,58,132,468,416.9140625,997.75409836065569,0.2578125,1.0792349726775956,True,padding_center,512,366,0,73
783,557215,9cc1a3ed2a8e6c5e9def5c8e,783,31,2,252,20,627.390625,29.532085561497325,0.4921875,-0.13101604278074866,True,padding_center,512,374,0,69
784,557893,9cc1a3ed2a8e6c5e9def5c8e,784,5,13,44,108,179.703125,218.94385026737967,0.0859375,0.10427807486631016,False,row0_col0,512,374,0,69
785,558182,9cc1a3ed2a8e6c5e9def5c8e,785,38,17,308,140,747.921875,287.82085561497331,0.6015625,0.18983957219251338,False,row0_col1,512,374,0,69
786,558793,9cc1a3ed2a8e6c5e9def5c8e,786,9,27,76,220,248.578125,460.01336898395721,0.1484375,0.40374331550802139,False,row1_col0,512,374,0,69
787,559063,9cc1a3ed2a8e6c5e9def5c8e,787,23,31,188,252,489.640625,528.89037433155079,0.3671875,0.48930481283422461,False,row1_col1,512,374,0,69
788,559666,9cc1a3ed2a8e6c5e9def5c8e,788,50,40,404,324,954.546875,683.86363636363637,0.7890625,0.68181818181818177,False,row2_col2,512,374,0,69
789,560339,9cc1a3ed2a8e6c5e9def5c8e,789,19,51,156,412,420.765625,873.27540106951869,0.3046875,0.91711229946524064,False,row2_col0,512,374,0,69
790,560539,9cc1a3ed2a8e6c5e9def5c8e,790,27,54,220,436,558.515625,924.93315508021396,0.4296875,0.98128342245989308,False,row2_col1,512,374,0,69
791,560788,9cc1a3ed2a8e6c5e9def5c8e,791,20,58,164,468,437.984375,993.81016042780755,0.3203125,1.0668449197860963,True,padding_center,512,374,0,69
792,561509,83ce9a3b86c3675c94925a4e,792,37,5,300,44,783.8046875,78.736559139784958,0.5859375,-0.069892473118279563,True,padding_center,512,372,0,70
793,561718,83ce9a3b86c3675c94925a4e,793,54,8,436,68,1078.3828125,130.6720430107527,0.8515625,-0.0053763440860215058,True,padding_center,512,372,0,70
794,566194,15d9508324337b875670f947,794,50,14,404,116,974.8046875,242.94502617801049,0.7890625,0.13350785340314136,False,row0_col2,512,382,0,65
795,566855,15d9508324337b875670f947,795,7,25,60,204,225.6640625,434.3795811518325,0.1171875,0.36387434554973824,False,row1_col0,512,382,0,65
796,566870,15d9508324337b875670f947,796,22,25,180,204,486.9921875,434.3795811518325,0.3515625,0.36387434554973824,False,row1_col1,512,382,0,65
797,568183,15d9508324337b875670f947,797,55,45,444,364,1061.9140625,782.44240837696327,0.8671875,0.7827225130890052,False,row2_col2,512,382,0,65
798,568795,15d9508324337b875670f947,798,27,55,220,444,574.1015625,956.4738219895288,0.4296875,0.99214659685863871,False,row2_col1,512,382,0,65
799,569137,15d9508324337b875670f947,799,49,60,396,484,957.3828125,1043.4895287958116,0.7734375,1.0968586387434556,True,padding_center,512,382,0,65
800,569153,15d9508324337b875670f947,800,1,61,12,492,121.1328125,1060.8926701570681,0.0234375,1.1178010471204189,True,padding_center,512,382,0,65
801,569677,1e5e68e0329b0ca73274b4b5,801,13,5,108,44,361.453125,78.858267716535437,0.2109375,-0.055118110236220472,True,padding_center,512,381,0,65
802,569978,1e5e68e0329b0ca73274b4b5,802,58,9,468,76,1136.296875,147.64566929133858,0.9140625,0.028871391076115485,False,row0_col2,512,381,0,65
803,571055,1e5e68e0329b0ca73274b4b5,803,47,26,380,212,946.890625,439.99212598425197,0.7421875,0.38582677165354329,False,row1_col2,512,381,0,65
804,571603,1e5e68e0329b0ca73274b4b5,804,19,35,156,284,464.765625,594.76377952755911,0.3046875,0.57480314960629919,False,row1_col0,512,381,0,65
805,571870,1e5e68e0329b0ca73274b4b5,805,30,39,244,316,654.171875,663.55118110236219,0.4765625,0.65879265091863515,False,row1_col1,512,381,0,65
806,573184,1e5e68e0329b0ca73274b4b5,806,0,60,4,484,137.609375,1024.6850393700788,0.0078125,1.0997375328083989,True,padding_center,512,381,0,65
807,575079,36eb7440912b14f82d4f0a68,807,39,25,316,204,782.140625,411.10471204188485,0.6171875,0.36387434554973824,False,row1_col1,512,382,0,65
808,575617,36eb7440912b14f82d4f0a68,808,1,34,12,276,127.828125,566.03664921465975,0.0234375,0.55235602094240843,False,row1_col0,512,382,0,65
809,576254,36eb7440912b14f82d4f0a68,809,62,43,500,348,1178.171875,720.96858638743458,0.9765625,0.74083769633507857,False,row2_col2,512,382,0,65
810,576884,36eb7440912b14f82d4f0a68,810,52,53,420,428,1005.984375,893.11518324607334,0.8203125,0.95026178010471207,False,row2_col2,512,382,0,65
811,577607,f7f29bc516d8bf1032c86519,811,7,1,60,12,238.9609375,12.676165803108816,0.1171875,-0.13212435233160622,True,padding_center,512,386,0,63
812,577845,f7f29bc516d8bf1032c86519,812,53,4,428,36,1036.0546875,64.593264248704656,0.8359375,-0.069948186528497408,True,padding_center,512,386,0,63
813,578070,f7f29bc516d8bf1032c86519,813,22,8,180,68,498.8828125,133.81606217616581,0.3515625,0.012953367875647668,False,row0_col1,512,386,0,63
814,578596,f7f29bc516d8bf1032c86519,814,36,16,292,132,741.4765625,272.26165803108807,0.5703125,0.17875647668393782,False,row0_col1,512,386,0,63
815,578779,f7f29bc516d8bf1032c86519,815,27,19,220,156,585.5234375,324.17875647668393,0.4296875,0.24093264248704663,False,row0_col1,512,386,0,63
816,580974,f7f29bc516d8bf1032c86519,816,46,53,372,428,914.7578125,912.57253886010369,0.7265625,0.94559585492227982,False,row2_col2,512,386,0,63
817,580996,f7f29bc516d8bf1032c86519,817,4,54,36,436,186.9765625,929.87823834196888,0.0703125,0.96632124352331605,False,row2_col0,512,386,0,63
818,581789,b4219175d4f101deb62b1e1b,818,29,2,236,20,597.2578125,30.319999999999993,0.4609375,-0.128,True,padding_center,512,375,0,68
819,582176,b4219175d4f101deb62b1e1b,819,32,8,260,68,649.1484375,134,0.5078125,0,False,row0_col1,512,375,0,68
820,582563,b4219175d4f101deb62b1e1b,820,35,14,284,116,701.0390625,237.68000000000001,0.5546875,0.128,False,row0_col1,512,375,0,68
821,582706,b4219175d4f101deb62b1e1b,821,50,16,404,132,960.4921875,272.24000000000001,0.7890625,0.17066666666666666,False,row0_col2,512,375,0,68
822,585163,b4219175d4f101deb62b1e1b,822,11,55,92,444,285.9140625,946.15999999999997,0.1796875,1.0026666666666666,True,padding_center,512,375,0,68
823,585399,b4219175d4f101deb62b1e1b,823,55,58,444,468,1046.9765625,998,0.8671875,1.0666666666666667,True,padding_center,512,375,0,68
824,585915,6d36a77190afe991bdd3beaf,824,59,2,476,20,1140.0234375,12.666666666666671,0.9296875,-0.13440860215053763,True,padding_center,512,372,0,70
825,586317,6d36a77190afe991bdd3beaf,825,13,9,108,76,342.9296875,134,0.2109375,0.016129032258064516,False,row0_col0,512,372,0,70
826,586485,6d36a77190afe991bdd3beaf,826,53,11,428,92,1036.0546875,168.66666666666669,0.8359375,0.059139784946236562,False,row0_col2,512,372,0,70
827,587874,6d36a77190afe991bdd3beaf,827,34,33,276,268,706.8203125,550,0.5390625,0.532258064516129,False,row1_col1,512,372,0,70
828,588306,6d36a77190afe991bdd3beaf,828,18,40,148,324,429.5703125,671.33333333333326,0.2890625,0.68279569892473113,False,row2_col0,512,372,0,70
829,589503,6d36a77190afe991bdd3beaf,829,63,58,508,468,1209.3359375,983.33333333333326,0.9921875,1.0698924731182795,True,padding_center,512,372,0,70
830,590447,b951568d88267986c2ddff82,830,47,9,380,76,932.859375,145.65217391304347,0.7421875,0.010869565217391304,False,row0_col2,512,368,0,72
831,590884,b951568d88267986c2ddff82,831,36,16,292,132,742.765625,266.78260869565219,0.5703125,0.16304347826086957,False,row0_col1,512,368,0,72
832,591211,b951568d88267986c2ddff82,832,43,21,348,172,863.734375,353.30434782608694,0.6796875,0.27173913043478259,False,row0_col2,512,368,0,72
833,591672,b951568d88267986c2ddff82,833,56,28,452,228,1088.390625,474.43478260869563,0.8828125,0.42391304347826086,False,row1_col2,512,368,0,72
834,591720,b951568d88267986c2ddff82,834,40,29,324,236,811.890625,491.73913043478257,0.6328125,0.44565217391304346,False,row1_col1,512,368,0,72
835,593101,b951568d88267986c2ddff82,835,13,51,108,412,345.296875,872.43478260869563,0.2109375,0.92391304347826086,False,row2_col0,512,368,0,72
836,593785,b951568d88267986c2ddff82,836,57,61,460,492,1105.671875,1045.478260869565,0.8984375,1.1413043478260869,True,padding_center,512,368,0,72
837,595810,eb71064c90774c5dc6ff8f78,837,34,29,276,236,701.046875,501.48412698412699,0.5390625,0.44708994708994709,False,row1_col1,512,378,0,67
838,596233,eb71064c90774c5dc6ff8f78,838,9,36,76,292,270.578125,621.92857142857144,0.1484375,0.59523809523809523,False,row1_col0,512,378,0,67
839,596276,eb71064c90774c5dc6ff8f78,839,52,36,420,292,1010.984375,621.92857142857144,0.8203125,0.59523809523809523,False,row1_col2,512,378,0,67
840,596707,eb71064c90774c5dc6ff8f78,840,35,43,284,348,718.265625,742.3730158730159,0.5546875,0.74338624338624337,False,row2_col1,512,378,0,67
841,596908,eb71064c90774c5dc6ff8f78,841,44,46,356,372,873.234375,793.99206349206349,0.6953125,0.80687830687830686,False,row2_col2,512,378,0,67
842,597569,eb71064c90774c5dc6ff8f78,842,1,57,12,460,132.828125,983.26190476190482,0.0234375,1.0396825396825398,True,padding_center,512,378,0,67
843,597590,eb71064c90774c5dc6ff8f78,843,22,57,180,460,494.421875,983.26190476190482,0.3515625,1.0396825396825398,True,padding_center,512,378,0,67
844,598000,eb71064c90774c5dc6ff8f78,844,48,63,388,508,942.109375,1086.5,0.7578125,1.1666666666666667,True,padding_center,512,378,0,67
845,598496,f494610fdaf77ce6cbdfb0d3,845,32,7,260,60,683.1640625,106.50802139037432,0.5078125,-0.024064171122994651,True,padding_center,512,374,0,69
846,598563,f494610fdaf77ce6cbdfb0d3,846,35,8,284,68,735.1484375,123.83422459893048,0.5546875,-0.0026737967914438501,True,padding_center,512,374,0,69
847,598707,f494610fdaf77ce6cbdfb0d3,847,51,10,412,84,1012.3984375,158.48663101604279,0.8046875,0.040106951871657755,False,row0_col2,512,374,0,69
848,599350,f494610fdaf77ce6cbdfb0d3,848,54,20,436,164,1064.3828125,331.74866310160428,0.8515625,0.25401069518716579,False,row0_col2,512,374,0,69
849,599629,f494610fdaf77ce6cbdfb0d3,849,13,25,108,204,353.9296875,418.37967914438502,0.2109375,0.36096256684491979,False,row1_col0,512,374,0,69
850,600491,f494610fdaf77ce6cbdfb0d3,850,43,38,348,308,873.7734375,643.62032085561498,0.6796875,0.63903743315508021,False,row1_col2,512,374,0,69
851,601110,f494610fdaf77ce6cbdfb0d3,851,22,48,180,388,509.8828125,816.88235294117646,0.3515625,0.8529411764705882,False,row2_col1,512,374,0,69
852,602214,6aacc3e88c7b1fee9f8c4019,852,38,1,308,12,791.9375,8.1749347258485585,0.6015625,-0.13577023498694518,True,padding_center,512,383,0,64
853,603641,6aacc3e88c7b1fee9f8c4019,853,57,23,460,188,1122.0625,390.04438642297652,0.8984375,0.32375979112271541,False,row0_col2,512,383,0,64
854,604822,6aacc3e88c7b1fee9f8c4019,854,22,42,180,340,513.9375,719.84073107049608,0.3515625,0.72062663185378595,False,row2_col1,512,383,0,64
855,605240,6aacc3e88c7b1fee9f8c4019,855,56,48,452,388,1104.6875,823.98694516971284,0.8828125,0.84595300261096606,False,row2_col2,512,383,0,64
856,607911,009cd3639a67c3e8ac9da12b,856,39,26,316,212,810.078125,443.23076923076923,0.6171875,0.38461538461538464,False,row1_col1,512,377,0,67
857,607915,009cd3639a67c3e8ac9da12b,857,43,26,348,212,879.453125,443.23076923076923,0.6796875,0.38461538461538464,False,row1_col2,512,377,0,67
858,609264,009cd3639a67c3e8ac9da12b,858,48,47,388,380,966.171875,807.30503978779848,0.7578125,0.83023872679045096,False,row2_col2,512,377,0,67
859,610108,009cd3639a67c3e8ac9da12b,859,60,60,484,484,1174.296875,1032.6843501326259,0.9453125,1.1061007957559681,True,padding_center,512,377,0,67
860,611489,1b4035df675fd972579d4c16,860,33,18,268,148,687.015625,301.94225721784778,0.5234375,0.2178477690288714,False,row0_col1,512,381,0,65
861,611999,1b4035df675fd972579d4c16,861,31,26,252,212,652.328125,440.69291338582673,0.4921875,0.38582677165354329,False,row1_col1,512,381,0,65
862,612529,1b4035df675fd972579d4c16,862,49,34,396,276,964.515625,579.44356955380567,0.7734375,0.5538057742782152,False,row1_col2,512,381,0,65
863,612631,1b4035df675fd972579d4c16,863,23,36,188,292,513.578125,614.1312335958005,0.3671875,0.59580052493438318,False,row1_col1,512,381,0,65
864,614294,1b4035df675fd972579d4c16,864,22,62,180,500,496.234375,1065.0708661417323,0.3515625,1.1417322834645669,True,padding_center,512,381,0,65
865,614687,ce80ae72436d84596ffaa522,865,31,4,252,36,649.328125,65.024390243902431,0.4921875,-0.094850948509485097,True,padding_center,512,369,0,71
866,615789,ce80ae72436d84596ffaa522,866,45,21,364,172,892.140625,360.2439024390244,0.7109375,0.27371273712737126,False,row0_col2,512,369,0,71
867,616056,ce80ae72436d84596ffaa522,867,56,25,452,204,1082.921875,429.70731707317077,0.8828125,0.36043360433604338,False,row1_col2,512,369,0,71
868,616734,ce80ae72436d84596ffaa522,868,30,36,244,292,631.984375,620.73170731707319,0.4765625,0.59891598915989164,False,row1_col1,512,369,0,71
869,618268,ce80ae72436d84596ffaa522,869,28,60,228,484,597.296875,1037.5121951219512,0.4453125,1.1192411924119241,True,padding_center,512,369,0,71
870,618472,ce80ae72436d84596ffaa522,870,40,63,324,508,805.421875,1089.6097560975609,0.6328125,1.1842818428184281,True,padding_center,512,369,0,71
871,621458,dd2f8e22a40ca28b716d3418,871,18,46,148,372,414.4375,796.6604278074866,0.2890625,0.81016042780748665,False,row2_col0,512,374,0,69
872,621472,dd2f8e22a40ca28b716d3418,872,32,46,260,372,657.6875,796.6604278074866,0.5078125,0.81016042780748665,False,row2_col1,512,374,0,69
873,621815,dd2f8e22a40ca28b716d3418,873,55,51,444,412,1057.3125,883.61229946524065,0.8671875,0.91711229946524064,False,row2_col2,512,374,0,69
874,622424,dd2f8e22a40ca28b716d3418,874,24,61,196,492,518.6875,1057.5160427807486,0.3828125,1.1310160427807487,True,padding_center,512,374,0,69
875,623346,2d4ee384e99cbef3dd97b9df,875,50,11,404,92,975.4375,188.37874659400546,0.7890625,0.054495912806539509,False,row0_col2,512,367,0,72
876,624500,2d4ee384e99cbef3dd97b9df,876,52,29,420,236,1010.1875,500.70572207084467,0.8203125,0.44686648501362397,False,row1_col2,512,367,0,72
877,626921,63f23e2fc4a87e66536e23d3,877,41,3,332,28,852.0625,41.566757493188021,0.6484375,-0.11989100817438691,True,padding_center,512,367,0,72
878,627023,63f23e2fc4a87e66536e23d3,878,15,5,124,44,400.3125,76.269754768392374,0.2421875,-0.076294277929155316,True,padding_center,512,367,0,72
879,627237,63f23e2fc4a87e66536e23d3,879,37,8,300,68,782.5625,128.32425068119892,0.5859375,-0.010899182561307902,True,padding_center,512,367,0,72
880,627748,63f23e2fc4a87e66536e23d3,880,36,16,292,132,765.1875,267.13623978201633,0.5703125,0.16348773841961853,False,row0_col1,512,367,0,72
881,628288,63f23e2fc4a87e66536e23d3,881,0,25,4,204,139.6875,423.29972752043597,0.0078125,0.35967302452316074,False,row1_col0,512,367,0,72
882,630817,e5c18f32ffcf933947d02a58,882,33,0,268,4,728.109375,-7.8583106267030018,0.5234375,-0.18528610354223432,True,padding_center,512,367,0,72
883,633666,e5c18f32ffcf933947d02a58,883,2,45,20,364,188.515625,774.9209809264305,0.0390625,0.79564032697547682,False,row2_col0,512,367,0,72
884,634416,e5c18f32ffcf933947d02a58,884,48,56,388,452,989.203125,966.26702997275197,0.7578125,1.0354223433242506,True,padding_center,512,367,0,72
885,634624,e5c18f32ffcf933947d02a58,885,0,60,4,484,153.703125,1035.8474114441415,0.0078125,1.1226158038147138,True,padding_center,512,367,0,72
886,635016,ee66320bf7eb01a991a1e561,886,8,2,68,20,292.6875,22.592493297587126,0.1328125,-0.13136729222520108,True,padding_center,512,373,0,69
887,635976,ee66320bf7eb01a991a1e561,887,8,17,68,140,292.6875,283.1823056300268,0.1328125,0.19034852546916889,False,row0_col0,512,373,0,69
888,636879,ee66320bf7eb01a991a1e561,888,15,31,124,252,414.3125,526.39946380697052,0.2421875,0.4906166219839142,False,row1_col0,512,373,0,69
889,637395,ee66320bf7eb01a991a1e561,889,19,39,156,316,483.8125,665.38069705093835,0.3046875,0.66219839142091153,False,row1_col0,512,373,0,69
890,637798,ee66320bf7eb01a991a1e561,890,38,45,308,364,813.9375,769.61662198391423,0.6015625,0.79088471849865949,False,row2_col1,512,373,0,69
891,637936,ee66320bf7eb01a991a1e561,891,48,47,388,380,987.6875,804.36193029490619,0.7578125,0.83378016085790885,False,row2_col2,512,373,0,69
892,637978,ee66320bf7eb01a991a1e561,892,26,48,212,388,605.4375,821.73458445040217,0.4140625,0.85522788203753353,False,row2_col1,512,373,0,69
893,638031,ee66320bf7eb01a991a1e561,893,15,49,124,396,414.3125,839.10723860589815,0.2421875,0.87667560321715821,False,row2_col0,512,373,0,69
894,638071,ee66320bf7eb01a991a1e561,894,55,49,444,396,1109.3125,839.10723860589815,0.8671875,0.87667560321715821,False,row2_col2,512,373,0,69
895,639307,b7efa09397f24e9b80cb6758,895,11,5,92,44,292.8125,75.891752577319579,0.1796875,-0.046391752577319589,True,padding_center,512,388,0,62
896,640173,b7efa09397f24e9b80cb6758,896,45,18,364,148,883.5625,301.85051546391753,0.7109375,0.22164948453608246,False,row0_col2,512,388,0,62
897,641396,b7efa09397f24e9b80cb6758,897,52,37,420,300,1005.1875,632.09793814432999,0.8203125,0.61340206185567014,False,row1_col2,512,388,0,62
898,641872,b7efa09397f24e9b80cb6758,898,16,45,132,364,379.6875,771.14948453608247,0.2578125,0.77835051546391754,False,row2_col0,512,388,0,62
899,642284,b7efa09397f24e9b80cb6758,899,44,51,356,412,866.1875,875.43814432989689,0.6953125,0.90206185567010311,False,row2_col2,512,388,0,62
900,643805,a93f8f679f4821573346dd3a,900,29,11,236,92,658.953125,183.37096774193549,0.4609375,0.059139784946236562,False,row0_col1,512,372,0,70
901,647405,60611d165a78aab7eb01b780,901,45,3,364,28,876.296875,58.706349206349216,0.7109375,-0.10317460317460317,True,padding_center,512,378,0,67
902,647707,60611d165a78aab7eb01b780,902,27,8,220,68,565.234375,145.16137566137567,0.4296875,0.0026455026455026454,False,row0_col1,512,378,0,67
903,648250,60611d165a78aab7eb01b780,903,58,16,468,132,1100.953125,283.48941798941797,0.9140625,0.17195767195767195,False,row0_col2,512,378,0,67
904,648727,60611d165a78aab7eb01b780,904,23,24,188,196,496.109375,421.8174603174603,0.3671875,0.34126984126984128,False,row1_col1,512,378,0,67
905,649401,60611d165a78aab7eb01b780,905,57,34,460,276,1083.671875,594.72751322751321,0.8984375,0.55291005291005291,False,row1_col2,512,378,0,67
906,650233,60611d165a78aab7eb01b780,906,57,47,460,380,1083.671875,819.51058201058197,0.8984375,0.82804232804232802,False,row2_col2,512,378,0,67
907,651833,558c1de5d92b5f300ff8d7a4,907,57,8,460,68,1111.265625,120.3242506811989,0.8984375,-0.010899182561307902,True,padding_center,512,367,0,72
908,653496,558c1de5d92b5f300ff8d7a4,908,56,34,452,276,1093.921875,571.4632152588556,0.8828125,0.55585831062670299,False,row1_col2,512,367,0,72
909,654790,558c1de5d92b5f300ff8d7a4,909,6,55,52,444,226.734375,935.84468664850147,0.1015625,1.013623978201635,True,padding_center,512,367,0,72
910,656208,83203b6a93dc2b164a5d9ce8,910,16,13,132,108,402.9140625,210.08174386920982,0.2578125,0.098092643051771122,False,row0_col0,512,367,0,72
911,656589,83203b6a93dc2b164a5d9ce8,911,13,19,108,156,350.9296875,314.19073569482288,0.2109375,0.22888283378746593,False,row0_col0,512,367,0,72
912,656912,83203b6a93dc2b164a5d9ce8,912,16,24,132,196,402.9140625,400.9482288828338,0.2578125,0.33787465940054495,False,row1_col0,512,367,0,72
913,657584,83203b6a93dc2b164a5d9ce8,913,48,34,388,276,957.4140625,574.4632152588556,0.7578125,0.55585831062670299,False,row1_col2,512,367,0,72
914,658000,83203b6a93dc2b164a5d9ce8,914,16,41,132,332,402.9140625,695.92370572207085,0.2578125,0.70844686648501365,False,row2_col0,512,367,0,72
915,658416,83203b6a93dc2b164a5d9ce8,915,48,47,388,380,957.4140625,800.03269754768394,0.7578125,0.8392370572207084,False,row2_col2,512,367,0,72
916,660797,6257a4d8f1cbc9c83fba2d60,916,61,20,492,164,1161.7578125,347,0.9609375,0.25,False,row0_col2,512,368,0,72
917,661111,6257a4d8f1cbc9c83fba2d60,917,55,25,444,204,1057.9765625,433.52173913043475,0.8671875,0.35869565217391303,False,row1_col2,512,368,0,72
918,661765,6257a4d8f1cbc9c83fba2d60,918,5,36,44,292,193.1328125,623.86956521739125,0.0859375,0.59782608695652173,False,row1_col0,512,368,0,72
919,661844,6257a4d8f1cbc9c83fba2d60,919,20,37,164,300,452.5859375,641.17391304347825,0.3203125,0.61956521739130432,False,row1_col0,512,368,0,72
920,662094,6257a4d8f1cbc9c83fba2d60,920,14,41,116,332,348.8046875,710.39130434782612,0.2265625,0.70652173913043481,False,row2_col0,512,368,0,72
921,663108,6257a4d8f1cbc9c83fba2d60,921,4,57,36,460,175.8359375,987.26086956521738,0.0703125,1.0543478260869565,True,padding_center,512,368,0,72
922,664531,21a65ebf59d2ba6f5a645963,922,19,15,156,124,418.9453125,246.75510204081633,0.3046875,0.16326530612244897,False,row0_col0,512,392,0,60
923,664848,21a65ebf59d2ba6f5a645963,923,16,20,132,164,366.4921875,334.10204081632651,0.2578125,0.26530612244897961,False,row0_col0,512,392,0,60
924,664932,21a65ebf59d2ba6f5a645963,924,36,21,292,172,716.1796875,351.57142857142856,0.5703125,0.2857142857142857,False,row0_col1,512,392,0,60
925,665221,21a65ebf59d2ba6f5a645963,925,5,26,44,212,174.1640625,438.91836734693874,0.0859375,0.38775510204081631,False,row1_col0,512,392,0,60
926,665813,21a65ebf59d2ba6f5a645963,926,21,35,172,284,453.9140625,596.14285714285711,0.3359375,0.5714285714285714,False,row1_col1,512,392,0,60
927,666630,21a65ebf59d2ba6f5a645963,927,6,48,52,388,191.6484375,823.24489795918373,0.1015625,0.83673469387755106,False,row2_col0,512,392,0,60
928,667368,21a65ebf59d2ba6f5a645963,928,40,59,324,476,786.1171875,1015.4081632653061,0.6328125,1.0612244897959184,True,padding_center,512,392,0,60
929,668032,43ee58770e40e876f08e8074,929,0,6,4,52,129.609375,79.409090909090907,0.0078125,-0.045454545454545456,True,padding_center,512,374,0,69
930,668800,43ee58770e40e876f08e8074,930,0,18,4,148,129.609375,286.04010695187168,0.0078125,0.21122994652406418,False,row0_col0,512,374,0,69
931,670935,43ee58770e40e876f08e8074,931,23,51,188,412,525.640625,854.27540106951869,0.3671875,0.91711229946524064,False,row2_col1,512,374,0,69
932,671059,43ee58770e40e876f08e8074,932,19,53,156,428,456.765625,888.71390374331543,0.3046875,0.9598930481283422,False,row2_col0,512,374,0,69
933,672023,8ddb86f33af46de74f6cb3c0,933,23,4,188,36,551.109375,62.171503957783642,0.3671875,-0.079155672823219003,True,padding_center,512,379,0,66
934,674024,8ddb86f33af46de74f6cb3c0,934,40,35,324,284,844.890625,598.08707124010562,0.6328125,0.57519788918205805,False,row1_col1,512,379,0,66
935,674602,8ddb86f33af46de74f6cb3c0,935,42,44,340,356,879.453125,753.67546174142478,0.6640625,0.76517150395778366,False,row2_col1,512,379,0,66
936,674737,8ddb86f33af46de74f6cb3c0,936,49,46,396,372,1000.421875,788.25065963060683,0.7734375,0.80738786279683372,False,row2_col2,512,379,0,66
937,674848,8ddb86f33af46de74f6cb3c0,937,32,48,260,388,706.640625,822.82585751978888,0.5078125,0.84960422163588389,False,row2_col1,512,379,0,66
938,675360,8ddb86f33af46de74f6cb3c0,938,32,56,260,452,706.640625,961.12664907651708,0.5078125,1.0184696569920844,True,padding_center,512,379,0,66
939,676847,0995d605d7742fc0e60c12be,939,47,15,380,124,913.859375,238.96000000000001,0.7421875,0.14933333333333335,False,row0_col2,512,375,0,68
940,677622,0995d605d7742fc0e60c12be,940,54,27,436,220,1034.828125,446.31999999999999,0.8515625,0.40533333333333332,False,row1_col2,512,375,0,68
941,677756,0995d605d7742fc0e60c12be,941,60,29,484,236,1138.515625,480.88,0.9453125,0.44800000000000001,False,row1_col2,512,375,0,68
942,679259,0995d605d7742fc0e60c12be,942,27,53,220,428,568.234375,895.60000000000002,0.4296875,0.95999999999999996,False,row2_col1,512,375,0,68
943,680889,b540e2337d1ee579831d1275,943,57,14,460,116,1108.5703125,218.41099476439791,0.8984375,0.13350785340314136,False,row0_col2,512,382,0,65
944,682150,b540e2337d1ee579831d1275,944,38,34,308,276,779.9296875,564.79842931937173,0.6015625,0.55235602094240843,False,row1_col1,512,382,0,65
945,682650,b540e2337d1ee579831d1275,945,26,42,212,340,572.3671875,703.35340314136124,0.4140625,0.71989528795811519,False,row2_col1,512,382,0,65
946,683044,b540e2337d1ee579831d1275,946,36,48,292,388,745.3359375,807.26963350785343,0.5703125,0.84554973821989532,False,row2_col1,512,382,0,65
947,683192,b540e2337d1ee579831d1275,947,56,50,452,404,1091.2734375,841.90837696335075,0.8828125,0.88743455497382195,False,row2_col2,512,382,0,65
948,684351,a0f12f3555715d52a9a54e99,948,63,4,508,36,1201.3125,49.248041775456919,0.9921875,-0.073107049608355096,True,padding_center,512,383,0,64
949,684854,a0f12f3555715d52a9a54e99,949,54,12,436,100,1044.9375,188.10966057441254,0.8515625,0.093994778067885115,False,row0_col2,512,383,0,64
950,687927,a0f12f3555715d52a9a54e99,950,55,60,444,484,1062.3125,1021.2793733681461,0.8671875,1.0966057441253263,True,padding_center,512,383,0,64
951,688104,a0f12f3555715d52a9a54e99,951,40,63,324,508,801.6875,1073.3524804177546,0.6328125,1.1592689295039165,True,padding_center,512,383,0,64
952,688850,7ab749d4fd062c3c49f0ba2a,952,18,11,148,92,458.9921875,166.41463414634146,0.2890625,0.056910569105691054,False,row0_col0,512,369,0,71
953,688875,7ab749d4fd062c3c49f0ba2a,953,43,11,348,92,891.4140625,166.41463414634146,0.6796875,0.056910569105691054,False,row0_col2,512,369,0,71
954,689221,7ab749d4fd062c3c49f0ba2a,954,5,17,44,140,234.1328125,270.21951219512198,0.0859375,0.18699186991869918,False,row0_col0,512,369,0,71
955,690076,7ab749d4fd062c3c49f0ba2a,955,28,30,228,244,631.9609375,495.130081300813,0.4453125,0.46883468834688347,False,row1_col1,512,369,0,71
956,691287,7ab749d4fd062c3c49f0ba2a,956,23,49,188,396,545.4765625,823.84552845528458,0.3671875,0.8807588075880759,False,row2_col1,512,369,0,71
957,691866,7ab749d4fd062c3c49f0ba2a,957,26,58,212,468,597.3671875,979.55284552845524,0.4140625,1.075880758807588,True,padding_center,512,369,0,71
958,692529,75e6d970a10dafc3054e0571,958,49,4,396,36,996.0625,57.024390243902431,0.7734375,-0.094850948509485097,True,padding_center,512,369,0,71
959,693895,75e6d970a10dafc3054e0571,959,7,26,60,212,266.3125,439.07317073170736,0.1171875,0.38211382113821141,False,row1_col0,512,369,0,71
960,694075,75e6d970a10dafc3054e0571,960,59,28,476,228,1169.8125,473.80487804878049,0.9296875,0.42547425474254741,False,row1_col2,512,369,0,71
961,695581,75e6d970a10dafc3054e0571,961,29,52,236,420,648.5625,890.58536585365857,0.4609375,0.94579945799457998,False,row2_col1,512,369,0,71
962,696166,75e6d970a10dafc3054e0571,962,38,61,308,492,804.9375,1046.8780487804879,0.6015625,1.1409214092140922,True,padding_center,512,369,0,71
963,696437,88c4bf09a5d57231f89b045c,963,53,1,428,12,1039.3828125,-5.960000000000008,0.8359375,-0.14933333333333335,True,padding_center,512,375,0,68
964,696481,88c4bf09a5d57231f89b045c,964,33,2,268,20,693.4453125,11.319999999999993,0.5234375,-0.128,True,padding_center,512,375,0,68
965,696950,88c4bf09a5d57231f89b045c,965,54,9,436,76,1056.6796875,132.28,0.8515625,0.021333333333333333,False,row0_col2,512,375,0,68
966,697233,88c4bf09a5d57231f89b045c,966,17,14,140,116,416.6953125,218.68000000000001,0.2734375,0.128,False,row0_col0,512,375,0,68
967,698651,88c4bf09a5d57231f89b045c,967,27,36,220,292,589.6640625,598.84000000000003,0.4296875,0.59733333333333338,False,row1_col1,512,375,0,68
968,699135,88c4bf09a5d57231f89b045c,968,63,43,508,348,1212.3515625,719.80000000000007,0.9921875,0.7466666666666667,False,row2_col2,512,375,0,68
969,699349,88c4bf09a5d57231f89b045c,969,21,47,172,380,485.8828125,788.91999999999996,0.3359375,0.83199999999999996,False,row2_col1,512,375,0,68
970,699672,88c4bf09a5d57231f89b045c,970,24,52,196,420,537.7734375,875.31999999999994,0.3828125,0.93866666666666665,False,row2_col1,512,375,0,68
971,700005,88c4bf09a5d57231f89b045c,971,37,57,300,460,762.6328125,961.71999999999991,0.5859375,1.0453333333333332,True,padding_center,512,375,0,68
972,700262,88c4bf09a5d57231f89b045c,972,38,61,308,492,779.9296875,1030.8400000000001,0.6015625,1.1306666666666667,True,padding_center,512,375,0,68
973,700394,88c4bf09a5d57231f89b045c,973,42,63,340,508,849.1171875,1065.4000000000001,0.6640625,1.1733333333333333,True,padding_center,512,375,0,68
974,701926,b1e12102411c176bd5c55672,974,38,23,308,188,801.1328125,389.16666666666669,0.6015625,0.32010582010582012,False,row0_col1,512,378,0,67
975,703140,b1e12102411c176bd5c55672,975,36,42,292,340,766.4765625,718.5,0.5703125,0.72222222222222221,False,row2_col1,512,378,0,67
976,704578,1f4ef5622d6a1f36e4aa5bbe,976,2,1,20,12,174.3203125,3.8637602179836392,0.0390625,-0.16348773841961853,True,padding_center,512,367,0,72
977,705268,1f4ef5622d6a1f36e4aa5bbe,977,52,11,420,92,1040.7265625,177.37874659400546,0.8203125,0.054495912806539509,False,row0_col2,512,367,0,72
978,705645,1f4ef5622d6a1f36e4aa5bbe,978,45,17,364,140,919.4296875,281.48773841961849,0.7109375,0.18528610354223432,False,row0_col2,512,367,0,72
979,705678,1f4ef5622d6a1f36e4aa5bbe,979,14,18,116,148,382.2578125,298.83923705722071,0.2265625,0.20708446866485014,False,row0_col0,512,367,0,72
980,706151,1f4ef5622d6a1f36e4aa5bbe,980,39,25,316,204,815.4609375,420.29972752043597,0.6171875,0.35967302452316074,False,row1_col1,512,367,0,72
981,708294,1f4ef5622d6a1f36e4aa5bbe,981,6,59,52,476,243.6328125,1010.2506811989101,0.1015625,1.1008174386920981,True,padding_center,512,367,0,72
982,708470,1f4ef5622d6a1f36e4aa5bbe,982,54,61,436,492,1075.3828125,1044.9536784741144,0.8515625,1.1444141689373297,True,padding_center,512,367,0,72
983,708859,d3087ca15c39ea0c8f15bf17,983,59,3,476,28,1134.6015625,42.912087912087912,0.9296875,-0.12637362637362637,True,padding_center,512,364,0,74
984,709536,d3087ca15c39ea0c8f15bf17,984,32,14,260,116,664.2109375,234.38461538461539,0.5078125,0.11538461538461539,False,row0_col1,512,364,0,74
985,710948,d3087ca15c39ea0c8f15bf17,985,36,36,292,292,733.8984375,617.32967032967031,0.5703125,0.59890109890109888,False,row1_col1,512,364,0,74
986,711231,d3087ca15c39ea0c8f15bf17,986,63,40,508,324,1204.2890625,686.95604395604391,0.9921875,0.68681318681318682,False,row2_col2,512,364,0,74
987,712082,d3087ca15c39ea0c8f15bf17,987,18,54,148,436,420.3046875,930.64835164835165,0.2890625,0.99450549450549453,False,row2_col0,512,364,0,74
988,712404,d3087ca15c39ea0c8f15bf17,988,20,59,164,476,455.1484375,1017.6813186813188,0.3203125,1.1043956043956045,True,padding_center,512,364,0,74
989,712500,d3087ca15c39ea0c8f15bf17,989,52,60,420,484,1012.6484375,1035.0879120879122,0.8203125,1.1263736263736264,True,padding_center,512,364,0,74
990,712717,dd4ad461de197a243a121525,990,13,0,108,4,367.2421875,-19.261780104712045,0.2109375,-0.15968586387434555,True,padding_center,512,382,0,65
991,712724,dd4ad461de197a243a121525,991,20,0,164,4,487.6640625,-19.261780104712045,0.3203125,-0.15968586387434555,True,padding_center,512,382,0,65
992,713242,dd4ad461de197a243a121525,992,26,8,212,68,590.8828125,118.45549738219896,0.4140625,0.0078534031413612562,False,row0_col1,512,382,0,65
993,714150,dd4ad461de197a243a121525,993,38,22,308,180,797.3203125,359.4607329842932,0.6015625,0.30104712041884818,False,row0_col1,512,382,0,65
994,714974,dd4ad461de197a243a121525,994,30,35,244,284,659.6953125,583.25130890052355,0.4765625,0.57329842931937169,False,row1_col1,512,382,0,65
995,715305,dd4ad461de197a243a121525,995,41,40,332,324,848.9296875,669.32460732984293,0.6484375,0.67801047120418845,False,row2_col1,512,382,0,65
996,715710,dd4ad461de197a243a121525,996,62,46,500,372,1210.1953125,772.61256544502612,0.9765625,0.80366492146596857,False,row2_col2,512,382,0,65
997,715740,dd4ad461de197a243a121525,997,28,47,228,380,625.2890625,789.82722513089004,0.4453125,0.82460732984293195,False,row2_col1,512,382,0,65
998,717462,88a7da897ac6bcbf16c8e69d,998,22,10,180,84,502.9375,161.39425587467363,0.3515625,0.052219321148825062,False,row0_col1,512,383,0,64
999,719810,88a7da897ac6bcbf16c8e69d,999,2,47,20,380,155.4375,803.6292428198434,0.0390625,0.82506527415143605,False,row2_col0,512,383,0,64
1000,720826,88a7da897ac6bcbf16c8e69d,1000,58,62,468,500,1128.4375,1063.9947780678849,0.9140625,1.1383812010443863,True,padding_center,512,383,0,64
1001,720874,88a7da897ac6bcbf16c8e69d,1001,42,63,340,508,850.4375,1081.3524804177546,0.6640625,1.1592689295039165,True,padding_center,512,383,0,64
1002,721115,e3e937e4c7206cd43037de93,1002,27,3,220,28,574.1015625,37.548387096774192,0.4296875,-0.11290322580645161,True,padding_center,512,372,0,70
1003,721286,e3e937e4c7206cd43037de93,1003,6,6,52,52,208.2421875,89.806451612903231,0.1015625,-0.048387096774193547,True,padding_center,512,372,0,70
1004,721303,e3e937e4c7206cd43037de93,1004,23,6,188,52,504.4140625,89.806451612903231,0.3671875,-0.048387096774193547,True,padding_center,512,372,0,70
1005,722104,e3e937e4c7206cd43037de93,1005,56,18,452,148,1079.3359375,298.83870967741939,0.8828125,0.20967741935483872,False,row0_col2,512,372,0,70
1006,722718,e3e937e4c7206cd43037de93,1006,30,28,244,228,626.3671875,473.03225806451616,0.4765625,0.42473118279569894,False,row1_col1,512,372,0,70
1007,723080,e3e937e4c7206cd43037de93,1007,8,34,68,276,243.0859375,577.54838709677415,0.1328125,0.55376344086021501,False,row1_col0,512,372,0,70
1008,723582,e3e937e4c7206cd43037de93,1008,62,41,500,332,1183.8671875,699.48387096774195,0.9765625,0.70430107526881724,False,row2_col2,512,372,0,70
1009,724236,e3e937e4c7206cd43037de93,1009,12,52,100,420,312.7734375,891.09677419354841,0.1953125,0.94086021505376349,False,row2_col0,512,372,0,70
1010,724404,e3e937e4c7206cd43037de93,1010,52,54,420,436,1009.6484375,925.9354838709678,0.8203125,0.9838709677419355,False,row2_col2,512,372,0,70
1011,724406,e3e937e4c7206cd43037de93,1011,54,54,436,436,1044.4921875,925.9354838709678,0.8515625,0.9838709677419355,False,row2_col2,512,372,0,70
1012,725711,9dc7738247217dd257b2b574,1012,15,11,124,92,352.828125,180.53543307086613,0.2421875,0.070866141732283464,False,row0_col0,512,381,0,65
1013,725771,9dc7738247217dd257b2b574,1013,11,12,92,100,283.453125,197.87926509186352,0.1796875,0.091863517060367453,False,row0_col0,512,381,0,65
1014,725993,9dc7738247217dd257b2b574,1014,41,15,332,124,803.765625,249.91076115485566,0.6484375,0.15485564304461943,False,row0_col1,512,381,0,65
1015,727167,9dc7738247217dd257b2b574,1015,63,33,508,268,1185.328125,562.09973753280838,0.9921875,0.53280839895013121,False,row1_col2,512,381,0,65
1016,727456,9dc7738247217dd257b2b574,1016,32,38,260,308,647.671875,648.8188976377952,0.5078125,0.63779527559055116,False,row1_col1,512,381,0,65
1017,727466,9dc7738247217dd257b2b574,1017,42,38,340,308,821.109375,648.8188976377952,0.6640625,0.63779527559055116,False,row1_col1,512,381,0,65
1018,727516,9dc7738247217dd257b2b574,1018,28,39,228,316,578.296875,666.16272965879261,0.4453125,0.65879265091863515,False,row1_col1,512,381,0,65
1019,727936,9dc7738247217dd257b2b574,1019,0,46,4,372,92.671875,787.56955380577426,0.0078125,0.80577427821522307,False,row2_col0,512,381,0,65
1020,728053,9dc7738247217dd257b2b574,1020,53,47,428,380,1011.890625,804.91338582677167,0.8359375,0.82677165354330706,False,row2_col2,512,381,0,65
1021,728583,9dc7738247217dd257b2b574,1021,7,56,60,452,214.078125,961.00787401574803,0.1171875,1.015748031496063,True,padding_center,512,381,0,65
1022,729419,baa55f7c3696feb74db32bba,1022,11,5,92,44,321.734375,76.459102902374667,0.1796875,-0.058047493403693931,True,padding_center,512,379,0,66
1023,730028,baa55f7c3696feb74db32bba,1023,44,14,356,116,892.015625,232.04749340369392,0.6953125,0.13192612137203166,False,row0_col2,512,379,0,66
1024,730438,baa55f7c3696feb74db32bba,1024,6,21,52,172,235.328125,353.06068601583115,0.1015625,0.27968337730870713,False,row0_col0,512,379,0,66
1025,730478,baa55f7c3696feb74db32bba,1025,46,21,372,172,926.578125,353.06068601583115,0.7265625,0.27968337730870713,False,row0_col2,512,379,0,66
1026,731823,baa55f7c3696feb74db32bba,1026,47,42,380,340,943.859375,716.10026385224273,0.7421875,0.72295514511873349,False,row2_col2,512,379,0,66
1027,733064,baa55f7c3696feb74db32bba,1027,8,62,68,500,269.890625,1061.8522427440632,0.1328125,1.1451187335092348,True,padding_center,512,379,0,66
1028,733373,9e7c13f8064b9fc62fe964d6,1028,61,2,492,20,1180.7578125,27.696335078534034,0.9609375,-0.11780104712041885,True,padding_center,512,382,0,65
1029,734499,9e7c13f8064b9fc62fe964d6,1029,35,20,284,164,731.0390625,339.06806282722516,0.5546875,0.25916230366492149,False,row0_col1,512,382,0,65
1030,734719,9e7c13f8064b9fc62fe964d6,1030,63,23,508,188,1215.3515625,390.96335078534031,0.9921875,0.3219895287958115,False,row0_col2,512,382,0,65
1031,735088,9e7c13f8064b9fc62fe964d6,1031,48,29,388,236,955.8984375,494.75392670157066,0.7578125,0.44764397905759162,False,row1_col2,512,382,0,65
1032,735204,9e7c13f8064b9fc62fe964d6,1032,36,31,292,252,748.3359375,529.35078534031413,0.5703125,0.48952879581151831,False,row1_col1,512,382,0,65
1033,735250,9e7c13f8064b9fc62fe964d6,1033,18,32,148,260,436.9921875,546.64921465968587,0.2890625,0.51047120418848169,False,row1_col0,512,382,0,65
1034,735288,9e7c13f8064b9fc62fe964d6,1034,56,32,452,260,1094.2734375,546.64921465968587,0.8828125,0.51047120418848169,False,row1_col2,512,382,0,65
1035,736398,9e7c13f8064b9fc62fe964d6,1035,14,50,116,404,367.8046875,858.02094240837698,0.2265625,0.88743455497382195,False,row2_col0,512,382,0,65
1036,737658,805980f7faa8c08b50072995,1036,58,5,468,44,1130.953125,74.69291338582677,0.9140625,-0.055118110236220472,True,padding_center,512,381,0,65
1037,738224,805980f7faa8c08b50072995,1037,48,14,388,116,958.140625,230.03149606299212,0.7578125,0.13385826771653545,False,row0_col2,512,381,0,65
1038,738714,805980f7faa8c08b50072995,1038,26,22,212,180,577.953125,368.11023622047242,0.4140625,0.30183727034120733,False,row0_col1,512,381,0,65
1039,738886,805980f7faa8c08b50072995,1039,6,25,52,204,232.328125,419.88976377952753,0.1015625,0.3648293963254593,False,row1_col0,512,381,0,65
1040,740222,805980f7faa8c08b50072995,1040,62,45,500,364,1200.078125,765.08661417322833,0.9765625,0.78477690288713908,False,row2_col2,512,381,0,65
1041,740966,805980f7faa8c08b50072995,1041,38,57,308,460,785.328125,972.20472440944889,0.6015625,1.0367454068241471,True,padding_center,512,381,0,65
1042,741461,04b10b19c991ff0f07deda16,1042,21,1,172,12,491.546875,16.039999999999992,0.3359375,-0.14933333333333335,True,padding_center,512,375,0,68
1043,741539,04b10b19c991ff0f07deda16,1043,35,2,284,20,733.484375,33.319999999999993,0.5546875,-0.128,True,padding_center,512,375,0,68
1044,744527,04b10b19c991ff0f07deda16,1044,15,49,124,396,387.859375,845.48000000000002,0.2421875,0.8746666666666667,False,row2_col0,512,375,0,68
1045,745592,5c1bf30bc1a4f784d36c8062,1045,56,1,452,12,1091.2734375,5.039999999999992,0.8828125,-0.14933333333333335,True,padding_center,512,375,0,68
1046,746991,5c1bf30bc1a4f784d36c8062,1046,47,23,380,188,935.6015625,385.19999999999999,0.7421875,0.32000000000000001,False,row0_col2,512,375,0,68
1047,748967,5c1bf30bc1a4f784d36c8062,1047,39,54,316,436,797.2265625,920.88,0.6171875,0.98133333333333328,False,row2_col1,512,375,0,68
1048,749117,5c1bf30bc1a4f784d36c8062,1048,61,56,492,452,1177.7578125,955.44000000000005,0.9609375,1.024,True,padding_center,512,375,0,68
1049,749237,5c1bf30bc1a4f784d36c8062,1049,53,58,428,468,1039.3828125,990,0.8359375,1.0666666666666667,True,padding_center,512,375,0,68
1050,749424,5c1bf30bc1a4f784d36c8062,1050,48,61,388,492,952.8984375,1041.8400000000001,0.7578125,1.1306666666666667,True,padding_center,512,375,0,68
1051,749509,5c1bf30bc1a4f784d36c8062,1051,5,63,44,508,209.1328125,1076.4000000000001,0.0859375,1.1733333333333333,True,padding_center,512,375,0,68
1052,750586,fb5a9755e142923997483e54,1052,58,15,468,124,1130.4375,238.31536388140162,0.9140625,0.14555256064690028,False,row0_col2,512,371,0,70
1053,752333,fb5a9755e142923997483e54,1053,13,43,108,348,348.5625,724.95687331536385,0.2109375,0.74932614555256061,False,row2_col0,512,371,0,70
1054,752815,fb5a9755e142923997483e54,1054,47,50,380,404,939.3125,846.61725067385453,0.7421875,0.90026954177897578,False,row2_col2,512,371,0,70
1055,753412,fb5a9755e142923997483e54,1055,4,60,36,484,192.1875,1020.4177897574124,0.0703125,1.1159029649595686,True,padding_center,512,371,0,70
1056,754153,7fa802d5b3d7b7590197ff36,1056,41,7,332,60,810.578125,124.33513513513513,0.6484375,-0.029729729729729731,True,padding_center,512,370,0,71
1057,754973,7fa802d5b3d7b7590197ff36,1057,29,20,236,164,603.953125,348.07567567567565,0.4609375,0.25135135135135134,False,row0_col1,512,370,0,71
1058,755836,7fa802d5b3d7b7590197ff36,1058,60,33,484,268,1137.734375,571.81621621621616,0.9453125,0.53243243243243243,False,row1_col2,512,370,0,71
1059,756438,7fa802d5b3d7b7590197ff36,1059,22,43,180,348,483.421875,743.92432432432429,0.3515625,0.74864864864864866,False,row2_col1,512,370,0,71
1060,757057,7fa802d5b3d7b7590197ff36,1060,1,53,12,428,121.828125,916.03243243243242,0.0234375,0.96486486486486489,False,row2_col0,512,370,0,71
1061,757411,7fa802d5b3d7b7590197ff36,1061,35,58,284,468,707.265625,1002.0864864864865,0.5546875,1.0729729729729729,True,padding_center,512,370,0,71
1062,761726,b7e0bb24f27963017f1a9f09,1062,62,61,500,492,1208.9375,1044.172602739726,0.9765625,1.1479452054794521,True,padding_center,512,365,0,73
1063,761949,9e3ff6a52f10ae8e139d3c38,1063,29,1,236,12,614.640625,11.174934725848559,0.4609375,-0.13577023498694518,True,padding_center,512,383,0,64
1064,761969,9e3ff6a52f10ae8e139d3c38,1064,49,1,396,12,961.515625,11.174934725848559,0.7734375,-0.13577023498694518,True,padding_center,512,383,0,64
1065,762734,9e3ff6a52f10ae8e139d3c38,1065,46,13,372,108,909.484375,219.46736292428199,0.7265625,0.11488250652741515,False,row0_col2,512,383,0,64
1066,762983,9e3ff6a52f10ae8e139d3c38,1066,39,17,316,140,788.078125,288.89817232375981,0.6171875,0.19843342036553524,False,row0_col1,512,383,0,64
1067,763697,9e3ff6a52f10ae8e139d3c38,1067,49,28,396,228,961.515625,479.83289817232372,0.7734375,0.42819843342036551,False,row1_col2,512,383,0,64
1068,765115,9e3ff6a52f10ae8e139d3c38,1068,59,50,476,404,1134.953125,861.70234986945172,0.9296875,0.8877284595300261,False,row2_col2,512,383,0,64
1069,765304,9e3ff6a52f10ae8e139d3c38,1069,56,53,452,428,1082.921875,913.77545691906005,0.8828125,0.95039164490861616,False,row2_col2,512,383,0,64
1070,766743,13d984a7b264eb7393bb4bbb,1070,23,12,188,100,510.578125,196.13903743315507,0.3671875,0.082887700534759357,False,row0_col1,512,374,0,69
1071,767712,13d984a7b264eb7393bb4bbb,1071,32,27,260,220,666.671875,456.03208556149735,0.5078125,0.40374331550802139,False,row1_col1,512,374,0,69
1072,770076,6a57e03e1905b5c4210bc584,1072,28,0,228,4,617.9609375,-20.240000000000009,0.4453125,-0.17066666666666666,True,padding_center,512,375,0,68
1073,770322,6a57e03e1905b5c4210bc584,1073,18,4,148,36,444.9921875,48.879999999999995,0.2890625,-0.08533333333333333,True,padding_center,512,375,0,68
1074,771912,6a57e03e1905b5c4210bc584,1074,8,29,68,236,272.0234375,480.88,0.1328125,0.44800000000000001,False,row1_col0,512,375,0,68
1075,772075,6a57e03e1905b5c4210bc584,1075,43,31,348,252,877.4140625,515.44000000000005,0.6796875,0.49066666666666664,False,row1_col2,512,375,0,68
1076,772327,6a57e03e1905b5c4210bc584,1076,39,35,316,284,808.2265625,584.55999999999995,0.6171875,0.57599999999999996,False,row1_col1,512,375,0,68
1077,776277,aefb29f0a27380abd8a7072a,1077,21,33,172,268,499.203125,564.82198952879583,0.3359375,0.53141361256544506,False,row1_col1,512,382,0,65
1078,778047,aefb29f0a27380abd8a7072a,1078,63,60,508,484,1222.390625,1029.6178010471203,0.9921875,1.0968586387434556,True,padding_center,512,382,0,65
1079,778370,b1a39c8c93fe4d79d6ff8d44,1079,2,2,20,20,147.046875,33.099999999999994,0.0390625,-0.12105263157894737,True,padding_center,512,380,0,66
1080,779027,b1a39c8c93fe4d79d6ff8d44,1080,19,12,156,100,439.765625,205.09999999999999,0.3046875,0.089473684210526316,False,row0_col0,512,380,0,66
1081,779380,b1a39c8c93fe4d79d6ff8d44,1081,52,17,420,140,1007.984375,291.10000000000002,0.8203125,0.19473684210526315,False,row0_col2,512,380,0,66
1082,780658,b1a39c8c93fe4d79d6ff8d44,1082,50,37,404,300,973.546875,635.10000000000002,0.7890625,0.61578947368421055,False,row1_col2,512,380,0,66
1083,782824,8ea3847f318908af74ca363c,1083,40,7,324,60,825.5234375,111.18848167539267,0.6328125,-0.013089005235602094,True,padding_center,512,382,0,65
1084,783348,8ea3847f318908af74ca363c,1084,52,15,420,124,1033.0859375,249.57591623036649,0.8203125,0.15445026178010471,False,row0_col2,512,382,0,65
1085,783682,8ea3847f318908af74ca363c,1085,2,21,20,172,168.2421875,353.36649214659684,0.0390625,0.28010471204188481,False,row0_col0,512,382,0,65
1086,783777,8ea3847f318908af74ca363c,1086,33,22,268,180,704.4453125,370.66492146596863,0.5234375,0.30104712041884818,False,row0_col1,512,382,0,65
1087,784082,8ea3847f318908af74ca363c,1087,18,27,148,220,444.9921875,457.15706806282725,0.2890625,0.40575916230366493,False,row1_col0,512,382,0,65
1088,785279,8ea3847f318908af74ca363c,1088,63,45,508,364,1223.3515625,768.52879581151831,0.9921875,0.7827225130890052,False,row2_col2,512,382,0,65
1089,786315,8ea3847f318908af74ca363c,1089,11,62,92,500,323.9140625,1062.6020942408377,0.1796875,1.1387434554973821,True,padding_center,512,382,0,65
1090,787268,819331f44b9bfe36ff4bf476,1090,4,13,36,108,219.9765625,220.08174386920982,0.0703125,0.098092643051771122,False,row0_col0,512,367,0,72
1091,787614,819331f44b9bfe36ff4bf476,1091,30,18,244,148,670.5078125,306.83923705722071,0.4765625,0.20708446866485014,False,row0_col1,512,367,0,72
1092,788179,819331f44b9bfe36ff4bf476,1092,19,27,156,220,479.8984375,463.00272479564035,0.3046875,0.40326975476839239,False,row1_col0,512,367,0,72
1093,789608,819331f44b9bfe36ff4bf476,1093,40,49,324,396,843.7890625,844.73569482288838,0.6328125,0.8828337874659401,False,row2_col1,512,367,0,72
1094,790008,819331f44b9bfe36ff4bf476,1094,56,55,452,444,1121.0390625,948.84468664850147,0.8828125,1.013623978201635,True,padding_center,512,367,0,72
1095,791433,75eaffb01baa039eb6d5f71b,1095,9,14,76,116,303.6171875,227.7914438502674,0.1484375,0.12566844919786097,False,row0_col0,512,374,0,69
1096,792043,75eaffb01baa039eb6d5f71b,1096,43,23,348,188,892.7734375,383.72727272727275,0.6796875,0.31818181818181818,False,row0_col2,512,374,0,69
1097,793660,75eaffb01baa039eb6d5f71b,1097,60,48,484,388,1187.3515625,816.88235294117646,0.9453125,0.8529411764705882,False,row2_col2,512,374,0,69
1098,794408,75eaffb01baa039eb6d5f71b,1098,40,60,324,484,840.7890625,1024.7967914438502,0.6328125,1.1096256684491979,True,padding_center,512,374,0,69
1099,794742,1521c7bdee93d552208d03d3,1099,54,1,436,12,1048.6796875,16.468750000000014,0.8515625,-0.13541666666666666,True,padding_center,512,384,0,64
1100,795092,1521c7bdee93d552208d03d3,1100,20,7,164,60,460.5859375,120.34375,0.3203125,-0.010416666666666666,True,padding_center,512,384,0,64
1101,795442,1521c7bdee93d552208d03d3,1101,50,12,404,100,979.4921875,206.90625,0.7890625,0.09375,False,row0_col2,512,384,0,64
1102,796188,1521c7bdee93d552208d03d3,1102,28,24,228,196,598.9609375,414.65625,0.4453125,0.34375,False,row1_col1,512,384,0,64
1103,796913,1521c7bdee93d552208d03d3,1103,49,35,396,284,962.1953125,605.09375,0.7734375,0.57291666666666663,False,row1_col2,512,384,0,64
1104,798155,1521c7bdee93d552208d03d3,1104,11,55,92,444,304.9140625,951.34375,0.1796875,0.98958333333333337,False,row2_col0,512,384,0,64
1105,800203,3d9a63ef1fa66bf91e525440,1105,11,23,92,188,330.2734375,405.72727272727275,0.1796875,0.31818181818181818,False,row0_col0,512,374,0,69
1106,800257,3d9a63ef1fa66bf91e525440,1106,1,24,12,196,156.9921875,423.05347593582889,0.0234375,0.33957219251336901,False,row1_col0,512,374,0,69
1107,800949,3d9a63ef1fa66bf91e525440,1107,53,34,428,276,1058.0546875,596.31550802139031,0.8359375,0.553475935828877,False,row1_col2,512,374,0,69
1108,800959,3d9a63ef1fa66bf91e525440,1108,63,34,508,276,1231.3359375,596.31550802139031,0.9921875,0.553475935828877,False,row1_col2,512,374,0,69
1109,801192,3d9a63ef1fa66bf91e525440,1109,40,38,324,308,832.7890625,665.62032085561498,0.6328125,0.63903743315508021,False,row1_col1,512,374,0,69
1110,801545,3d9a63ef1fa66bf91e525440,1110,9,44,76,356,295.6171875,769.5775401069518,0.1484375,0.76737967914438499,False,row2_col0,512,374,0,69
1111,801823,3d9a63ef1fa66bf91e525440,1111,31,48,252,388,676.8359375,838.88235294117646,0.4921875,0.8529411764705882,False,row2_col1,512,374,0,69
1112,801919,3d9a63ef1fa66bf91e525440,1112,63,49,508,396,1231.3359375,856.20855614973266,0.9921875,0.87433155080213909,False,row2_col2,512,374,0,69
1113,805162,5d0f2dad7d48724f02a696a2,1113,42,36,340,292,853.4453125,614.43513513513517,0.6640625,0.5972972972972973,False,row1_col1,512,370,0,71
1114,806949,8d754e60af04c510870195a0,1114,37,0,300,4,762.6328125,-16.455764075067037,0.5859375,-0.17426273458445041,True,padding_center,512,373,0,69
1115,807613,8d754e60af04c510870195a0,1115,61,10,492,84,1177.7578125,156.41286863270778,0.9609375,0.040214477211796246,False,row0_col2,512,373,0,69
1116,808347,8d754e60af04c510870195a0,1116,27,22,220,180,589.6640625,363.85522788203752,0.4296875,0.2975871313672922,False,row0_col1,512,373,0,69
1117,809453,8d754e60af04c510870195a0,1117,45,39,364,316,901.0078125,657.73190348525463,0.7109375,0.66219839142091153,False,row1_col2,512,373,0,69
1118,810667,8d754e60af04c510870195a0,1118,43,58,348,468,866.4140625,986.1823056300268,0.6796875,1.0697050938337802,True,padding_center,512,373,0,69
1119,811606,daca2d861b6d4fd1ea336571,1119,22,9,180,76,506.1796875,155.12600536193028,0.3515625,0.01876675603217158,False,row0_col1,512,373,0,69
1120,813106,daca2d861b6d4fd1ea336571,1120,50,32,404,260,990.4921875,552.72386058981238,0.7890625,0.51206434316353888,False,row1_col2,512,373,0,69
1121,813192,daca2d861b6d4fd1ea336571,1121,8,34,68,276,264.0234375,587.29758713136732,0.1328125,0.55495978552278824,False,row1_col0,512,373,0,69
1122,814291,daca2d861b6d4fd1ea336571,1122,19,51,156,412,454.2890625,881.17426273458443,0.3046875,0.91957104557640745,False,row2_col0,512,373,0,69
1123,814396,daca2d861b6d4fd1ea336571,1123,60,52,484,420,1163.4609375,898.46112600536185,0.9453125,0.94101876675603213,False,row2_col2,512,373,0,69
1124,815843,87fbd4752229b1af092fadbf,1124,35,11,284,92,733.8125,183.94638069705093,0.5546875,0.061662198391420911,False,row0_col1,512,373,0,69
1125,816066,87fbd4752229b1af092fadbf,1125,2,15,20,124,160.4375,253.43699731903484,0.0390625,0.14745308310991956,False,row0_col0,512,373,0,69
1126,817718,87fbd4752229b1af092fadbf,1126,54,40,436,324,1063.9375,687.75335120643433,0.8515625,0.6836461126005362,False,row2_col2,512,373,0,69
1127,817879,87fbd4752229b1af092fadbf,1127,23,43,188,348,525.3125,739.87131367292227,0.3671875,0.74798927613941024,False,row2_col1,512,373,0,69
1128,818475,87fbd4752229b1af092fadbf,1128,43,52,348,420,872.8125,896.22520107238597,0.6796875,0.94101876675603213,False,row2_col2,512,373,0,69
1129,819565,ef9e40f88efa54ae539304c5,1129,45,5,364,44,876.296875,81.609756097560989,0.7109375,-0.073170731707317069,True,padding_center,512,369,0,71
1130,819575,ef9e40f88efa54ae539304c5,1130,55,5,444,44,1049.109375,81.609756097560989,0.8671875,-0.073170731707317069,True,padding_center,512,369,0,71
1131,819736,ef9e40f88efa54ae539304c5,1131,24,8,196,68,513.390625,133.51219512195121,0.3828125,-0.008130081300813009,True,padding_center,512,369,0,71
1132,821970,ef9e40f88efa54ae539304c5,1132,18,43,148,348,409.703125,739.04065040650403,0.2890625,0.75067750677506773,False,row2_col0,512,369,0,71
1133,822529,ef9e40f88efa54ae539304c5,1133,1,52,12,420,115.921875,894.7479674796748,0.0234375,0.94579945799457998,False,row2_col0,512,369,0,71
1134,822620,ef9e40f88efa54ae539304c5,1134,28,53,228,428,582.515625,912.04878048780495,0.4453125,0.96747967479674801,False,row2_col1,512,369,0,71
1135,822966,ef9e40f88efa54ae539304c5,1135,54,58,436,468,1031.828125,998.55284552845524,0.8515625,1.075880758807588,True,padding_center,512,369,0,71
1136,826085,7c3fa4f3ec7844bba589fc1b,1136,37,43,300,348,763.703125,729.19148936170211,0.5859375,0.74468085106382975,False,row2_col1,512,376,0,68
1137,828099,2d8cb21136a9201405edf1b5,1137,3,11,28,92,177.9765625,178.90322580645162,0.0546875,0.059139784946236562,False,row0_col0,512,372,0,70
1138,828617,2d8cb21136a9201405edf1b5,1138,9,19,76,156,282.5078125,318.25806451612902,0.1484375,0.23118279569892472,False,row0_col0,512,372,0,70
1139,829663,2d8cb21136a9201405edf1b5,1139,31,35,252,284,665.7890625,596.9677419354839,0.4921875,0.57526881720430112,False,row1_col1,512,372,0,70
1140,830144,2d8cb21136a9201405edf1b5,1140,0,43,4,348,125.7109375,736.32258064516134,0.0078125,0.74731182795698925,False,row2_col0,512,372,0,70
1141,830232,2d8cb21136a9201405edf1b5,1141,24,44,196,356,543.8359375,753.74193548387098,0.3828125,0.76881720430107525,False,row2_col1,512,372,0,70
1142,830386,2d8cb21136a9201405edf1b5,1142,50,46,404,372,996.8046875,788.58064516129025,0.7890625,0.81182795698924726,False,row2_col2,512,372,0,70
1143,830454,2d8cb21136a9201405edf1b5,1143,54,47,436,380,1066.4921875,806,0.8515625,0.83333333333333337,False,row2_col2,512,372,0,70
1144,830501,2d8cb21136a9201405edf1b5,1144,37,48,300,388,770.3203125,823.41935483870964,0.5859375,0.85483870967741937,False,row2_col1,512,372,0,70
1145,831260,2d8cb21136a9201405edf1b5,1145,28,60,228,484,613.5234375,1032.4516129032259,0.4453125,1.1129032258064515,True,padding_center,512,372,0,70
1146,831784,b5272bd6ecfc66e59e34ad6f,1146,40,4,324,36,860.421875,50.918256130790184,0.6328125,-0.098092643051771122,True,padding_center,512,367,0,72
1147,831906,b5272bd6ecfc66e59e34ad6f,1147,34,6,276,52,756.359375,85.621253405994551,0.5390625,-0.054495912806539509,True,padding_center,512,367,0,72
1148,832182,b5272bd6ecfc66e59e34ad6f,1148,54,10,436,84,1103.234375,155.02724795640327,0.8515625,0.032697547683923703,False,row0_col2,512,367,0,72
1149,834946,b5272bd6ecfc66e59e34ad6f,1149,2,54,20,436,201.359375,918.49318801089919,0.0390625,0.99182561307901906,False,row2_col0,512,367,0,72
1150,835156,b5272bd6ecfc66e59e34ad6f,1150,20,57,164,460,513.546875,970.54768392370579,0.3203125,1.0572207084468666,True,padding_center,512,367,0,72
1151,836698,c7d7069e6440bce13d75f421,1151,26,17,212,140,557.1953125,284.59842519685037,0.4140625,0.19685039370078741,False,row0_col1,512,381,0,65
1152,836739,c7d7069e6440bce13d75f421,1152,3,18,28,148,158.6484375,301.94225721784778,0.0546875,0.2178477690288714,False,row0_col0,512,381,0,65
1153,836859,c7d7069e6440bce13d75f421,1153,59,19,476,156,1129.0234375,319.28608923884519,0.9296875,0.23884514435695539,False,row0_col2,512,381,0,65
1154,837306,c7d7069e6440bce13d75f421,1154,58,26,468,212,1111.6953125,440.69291338582673,0.9140625,0.38582677165354329,False,row1_col2,512,381,0,65
1155,837517,c7d7069e6440bce13d75f421,1155,13,30,108,244,331.9296875,510.06824146981626,0.2109375,0.46981627296587924,False,row1_col0,512,381,0,65
1156,838048,c7d7069e6440bce13d75f421,1156,32,38,260,308,661.1640625,648.8188976377952,0.5078125,0.63779527559055116,False,row1_col1,512,381,0,65
1157,839057,c7d7069e6440bce13d75f421,1157,17,54,140,436,401.2421875,926.32020997375321,0.2734375,0.97375328083989499,False,row2_col0,512,381,0,65
1158,839836,1240ac28d17f51ba5c00837b,1158,28,2,228,20,642.9609375,5.596306068601578,0.4453125,-0.12137203166226913,True,padding_center,512,379,0,66
1159,840999,1240ac28d17f51ba5c00837b,1159,39,20,316,164,833.2265625,316.77308707124007,0.6171875,0.25857519788918204,False,row0_col1,512,379,0,66
1160,841614,1240ac28d17f51ba5c00837b,1160,14,30,116,244,400.8046875,489.64907651715043,0.2265625,0.46965699208443273,False,row1_col0,512,379,0,66
1161,841820,1240ac28d17f51ba5c00837b,1161,28,33,228,268,642.9609375,541.51187335092345,0.4453125,0.53298153034300788,False,row1_col1,512,379,0,66
1162,841869,1240ac28d17f51ba5c00837b,1162,13,34,108,276,383.5078125,558.79947229551453,0.2109375,0.55408970976253302,False,row1_col0,512,379,0,66
1163,842158,1240ac28d17f51ba5c00837b,1163,46,38,372,308,954.3046875,627.94986807387863,0.7265625,0.63852242744063326,False,row1_col2,512,379,0,66
1164,842382,1240ac28d17f51ba5c00837b,1164,14,42,116,340,400.8046875,697.10026385224273,0.2265625,0.72295514511873349,False,row2_col0,512,379,0,66
1165,842504,1240ac28d17f51ba5c00837b,1165,8,44,68,356,297.0234375,731.67546174142478,0.1328125,0.76517150395778366,False,row2_col0,512,379,0,66
1166,843427,1240ac28d17f51ba5c00837b,1166,35,58,284,468,764.0390625,973.70184696569925,0.5546875,1.0606860158311346,True,padding_center,512,379,0,66
1167,844334,af05ccec25502117ca3f9a04,1167,46,8,372,68,946.9375,138.65498652291106,0.7265625,-0.0053908355795148251,True,padding_center,512,371,0,70
1168,846735,af05ccec25502117ca3f9a04,1168,15,46,124,372,408.3125,799.09703504043125,0.2421875,0.81401617250673852,False,row2_col0,512,371,0,70
1169,847239,af05ccec25502117ca3f9a04,1169,7,54,60,436,269.3125,938.13746630727758,0.1171875,0.98652291105121293,False,row2_col0,512,371,0,70
1170,847636,af05ccec25502117ca3f9a04,1170,20,60,164,484,495.1875,1042.4177897574123,0.3203125,1.1159029649595686,True,padding_center,512,371,0,70
1171,847831,af05ccec25502117ca3f9a04,1171,23,63,188,508,547.3125,1094.5579514824799,0.3671875,1.1805929919137466,True,padding_center,512,371,0,70
1172,848700,a9be01d87459f30144024b64,1172,60,12,484,100,1187.515625,207.19148936170211,0.9453125,0.085106382978723402,False,row0_col2,512,376,0,68
1173,849496,a9be01d87459f30144024b64,1173,24,25,196,204,565.390625,432.06382978723406,0.3828125,0.36170212765957449,False,row1_col1,512,376,0,68
1174,849917,a9be01d87459f30144024b64,1174,61,31,492,252,1204.796875,535.85106382978722,0.9609375,0.48936170212765956,False,row1_col2,512,376,0,68
1175,851359,a9be01d87459f30144024b64,1175,31,54,252,436,686.359375,933.70212765957444,0.4921875,0.97872340425531912,False,row2_col1,512,376,0,68
1176,851642,a9be01d87459f30144024b64,1176,58,58,468,468,1152.953125,1002.8936170212766,0.9140625,1.0638297872340425,True,padding_center,512,376,0,68
1177,852246,f08c47f4332a0ca4a5ddd327,1177,22,4,180,36,485.234375,51.529411764705884,0.3515625,-0.088235294117647065,True,padding_center,512,374,0,69
1178,852356,f08c47f4332a0ca4a5ddd327,1178,4,6,36,52,173.046875,86.181818181818187,0.0703125,-0.045454545454545456,True,padding_center,512,374,0,69
1179,852703,f08c47f4332a0ca4a5ddd327,1179,31,11,252,92,641.328125,172.81283422459893,0.4921875,0.061497326203208559,False,row0_col1,512,374,0,69
1180,852735,f08c47f4332a0ca4a5ddd327,1180,63,11,508,92,1196.328125,172.81283422459893,0.9921875,0.061497326203208559,False,row0_col2,512,374,0,69
1181,853568,f08c47f4332a0ca4a5ddd327,1181,0,25,4,204,103.671875,415.37967914438502,0.0078125,0.36096256684491979,False,row1_col0,512,374,0,69
1182,854635,f08c47f4332a0ca4a5ddd327,1182,43,41,348,332,849.453125,692.59893048128345,0.6796875,0.70320855614973266,False,row2_col2,512,374,0,69
1183,854828,f08c47f4332a0ca4a5ddd327,1183,44,44,356,356,866.796875,744.5775401069518,0.6953125,0.76737967914438499,False,row2_col2,512,374,0,69
1184,855603,f08c47f4332a0ca4a5ddd327,1184,51,56,412,452,988.203125,952.49197860962579,0.8046875,1.0240641711229947,True,padding_center,512,374,0,69
1185,856242,5a18d7e0e87db7400eaa225c,1185,50,2,404,20,984.0703125,18.801075268817215,0.7890625,-0.13440860215053763,True,padding_center,512,372,0,70
1186,856887,5a18d7e0e87db7400eaa225c,1186,55,12,444,100,1070.7109375,191.91935483870969,0.8671875,0.080645161290322578,False,row0_col2,512,372,0,70
1187,857127,5a18d7e0e87db7400eaa225c,1187,39,16,316,132,793.4609375,261.16666666666663,0.6171875,0.16666666666666666,False,row0_col1,512,372,0,70
1188,857198,5a18d7e0e87db7400eaa225c,1188,46,17,372,140,914.7578125,278.47849462365593,0.7265625,0.18817204301075269,False,row0_col2,512,372,0,70
1189,857215,5a18d7e0e87db7400eaa225c,1189,63,17,508,140,1209.3359375,278.47849462365593,0.9921875,0.18817204301075269,False,row0_col2,512,372,0,70
1190,857337,5a18d7e0e87db7400eaa225c,1190,57,19,460,156,1105.3671875,313.10215053763443,0.8984375,0.23118279569892472,False,row0_col2,512,372,0,70
1191,857458,5a18d7e0e87db7400eaa225c,1191,50,21,404,172,984.0703125,347.72580645161293,0.7890625,0.27419354838709675,False,row0_col2,512,372,0,70
1192,857711,5a18d7e0e87db7400eaa225c,1192,47,25,380,204,932.0859375,416.97311827956992,0.7421875,0.36021505376344087,False,row1_col2,512,372,0,70
1193,858029,5a18d7e0e87db7400eaa225c,1193,45,30,364,244,897.4296875,503.5322580645161,0.7109375,0.46774193548387094,False,row1_col2,512,372,0,70
1194,858172,5a18d7e0e87db7400eaa225c,1194,60,32,484,260,1157.3515625,538.1559139784946,0.9453125,0.510752688172043,False,row1_col2,512,372,0,70
1195,860342,c0d503761e44e89054546681,1195,54,2,436,20,1078.3828125,19.145888594164461,0.8515625,-0.12466843501326259,True,padding_center,512,377,0,67
1196,860434,c0d503761e44e89054546681,1196,18,4,148,36,454.5703125,53.819628647214856,0.2890625,-0.082228116710875335,True,padding_center,512,377,0,67
1197,861426,c0d503761e44e89054546681,1197,50,19,404,156,1009.0703125,313.87267904509281,0.7890625,0.23607427055702918,False,row0_col2,512,377,0,67
1198,861512,c0d503761e44e89054546681,1198,8,21,68,172,281.2890625,348.54641909814325,0.1328125,0.27851458885941643,False,row0_col0,512,377,0,67
1199,861969,c0d503761e44e89054546681,1199,17,28,140,228,437.2421875,469.90450928381966,0.2734375,0.4270557029177719,False,row1_col0,512,377,0,67
1200,862438,c0d503761e44e89054546681,1200,38,35,308,284,801.1328125,591.26259946949608,0.6015625,0.5755968169761273,False,row1_col1,512,377,0,67
1201,864035,c0d503761e44e89054546681,1201,35,60,284,484,749.1484375,1024.6843501326259,0.5546875,1.1061007957559681,True,padding_center,512,377,0,67
1202,868293,9b6ce10b25e555cba4aba46a,1202,5,63,44,508,207.046875,1081.654986522911,0.0859375,1.1805929919137466,True,padding_center,512,371,0,70
1203,868842,f393274be3847e33f5ac073b,1203,42,7,340,60,816.453125,108.21138211382114,0.6640625,-0.029810298102981029,True,padding_center,512,369,0,71
1204,870874,f393274be3847e33f5ac073b,1204,26,39,212,316,539.953125,661.83739837398366,0.4140625,0.66395663956639561,False,row1_col1,512,369,0,71
1205,871756,f393274be3847e33f5ac073b,1205,12,53,100,428,298.015625,904.04878048780495,0.1953125,0.96747967479674801,False,row2_col0,512,369,0,71
1206,872168,f393274be3847e33f5ac073b,1206,40,59,324,476,781.890625,1007.8536585365854,0.6328125,1.0975609756097562,True,padding_center,512,369,0,71
1207,872275,f393274be3847e33f5ac073b,1207,19,61,156,492,418.984375,1042.4552845528456,0.3046875,1.1409214092140922,True,padding_center,512,369,0,71
1208,873306,8ac236c9482943a0fd765323,1208,26,13,212,108,561.4375,229.91489361702128,0.4140625,0.10638297872340426,False,row0_col1,512,376,0,68
1209,873523,8ac236c9482943a0fd765323,1209,51,16,412,132,995.8125,282.063829787234,0.8046875,0.1702127659574468,False,row0_col2,512,376,0,68
1210,873703,8ac236c9482943a0fd765323,1210,39,19,316,156,787.3125,334.21276595744678,0.6171875,0.23404255319148937,False,row0_col1,512,376,0,68
1211,876012,8ac236c9482943a0fd765323,1211,44,55,356,444,874.1875,960,0.6953125,1,True,padding_center,512,376,0,68
1212,876351,8ac236c9482943a0fd765323,1212,63,60,508,484,1204.3125,1046.9148936170213,0.9921875,1.1063829787234043,True,padding_center,512,376,0,68
1213,876831,1f2456bc9a154f9512de9b64,1213,31,4,252,36,667.359375,60.691689008042886,0.4921875,-0.088471849865951746,True,padding_center,512,373,0,69
1214,877071,1f2456bc9a154f9512de9b64,1214,15,8,124,68,390.859375,129.83914209115281,0.2421875,-0.0026809651474530832,True,padding_center,512,373,0,69
1215,877142,1f2456bc9a154f9512de9b64,1215,22,9,180,76,511.828125,147.12600536193028,0.3515625,0.01876675603217158,False,row0_col1,512,373,0,69
1216,877192,1f2456bc9a154f9512de9b64,1216,8,10,68,84,269.890625,164.41286863270778,0.1328125,0.040214477211796246,False,row0_col0,512,373,0,69
1217,878145,1f2456bc9a154f9512de9b64,1217,1,25,12,204,148.921875,423.71581769437,0.0234375,0.36193029490616624,False,row1_col0,512,373,0,69
1218,878929,1f2456bc9a154f9512de9b64,1218,17,37,140,300,425.421875,631.15817694369969,0.2734375,0.61930294906166217,False,row1_col0,512,373,0,69
1219,880989,32f11b88ebf1c0d458dad8d3,1219,29,5,236,44,624.5625,61.74285714285714,0.4609375,-0.049350649350649353,True,padding_center,512,385,0,63
1220,882141,32f11b88ebf1c0d458dad8d3,1220,29,23,236,188,624.5625,374.42857142857144,0.4609375,0.32467532467532467,False,row0_col1,512,385,0,63
1221,883554,32f11b88ebf1c0d458dad8d3,1221,34,45,276,364,711.4375,756.60000000000002,0.5390625,0.78181818181818186,False,row2_col1,512,385,0,63
1222,883744,32f11b88ebf1c0d458dad8d3,1222,32,48,260,388,676.6875,808.71428571428567,0.5078125,0.8441558441558441,False,row2_col1,512,385,0,63
1223,884463,32f11b88ebf1c0d458dad8d3,1223,47,59,380,476,937.3125,999.80000000000007,0.7421875,1.0727272727272728,True,padding_center,512,385,0,63
1224,885788,1ecac2e7140d516b873b5746,1224,28,16,228,132,587.9609375,266.55319148936167,0.4453125,0.1702127659574468,False,row0_col1,512,376,0,68
1225,886437,1ecac2e7140d516b873b5746,1225,37,26,300,212,743.6328125,439.74468085106383,0.5859375,0.38297872340425532,False,row1_col1,512,376,0,68
1226,886713,1ecac2e7140d516b873b5746,1226,57,30,460,244,1089.5703125,509.02127659574467,0.8984375,0.46808510638297873,False,row1_col2,512,376,0,68
1227,887251,1ecac2e7140d516b873b5746,1227,19,39,156,316,432.2890625,664.89361702127655,0.3046875,0.65957446808510634,False,row1_col0,512,376,0,68
1228,888639,1ecac2e7140d516b873b5746,1228,63,60,508,484,1193.3515625,1028.5957446808511,0.9921875,1.1063829787234043,True,padding_center,512,376,0,68
1229,889151,327de82fac55468d2d3a7dd7,1229,63,4,508,36,1228.3359375,51.631868131868131,0.9921875,-0.1043956043956044,True,padding_center,512,364,0,74
1230,890132,327de82fac55468d2d3a7dd7,1230,20,20,164,164,483.2265625,329.08241758241758,0.3203125,0.24725274725274726,False,row0_col0,512,364,0,74
1231,891381,327de82fac55468d2d3a7dd7,1231,53,39,428,316,1055.0546875,658.55494505494505,0.8359375,0.6648351648351648,False,row1_col2,512,364,0,74
1232,891443,327de82fac55468d2d3a7dd7,1232,51,40,412,324,1020.3984375,675.89560439560444,0.8046875,0.68681318681318682,False,row2_col2,512,364,0,74
1233,891722,327de82fac55468d2d3a7dd7,1233,10,45,84,364,309.9453125,762.59890109890102,0.1640625,0.79670329670329665,False,row2_col0,512,364,0,74
1234,892112,327de82fac55468d2d3a7dd7,1234,16,51,132,412,413.9140625,866.64285714285722,0.2578125,0.9285714285714286,False,row2_col0,512,364,0,74
1235,892131,327de82fac55468d2d3a7dd7,1235,35,51,284,412,743.1484375,866.64285714285722,0.5546875,0.9285714285714286,False,row2_col1,512,364,0,74
1236,892553,327de82fac55468d2d3a7dd7,1236,9,58,76,468,292.6171875,988.02747252747247,0.1484375,1.0824175824175823,True,padding_center,512,364,0,74
1237,892966,b984b329871f0e84f5fd4de2,1237,38,0,308,4,765.7421875,-18.770270270270288,0.6015625,-0.18108108108108109,True,padding_center,512,370,0,71
1238,892981,b984b329871f0e84f5fd4de2,1238,53,0,428,4,1027.0703125,-18.770270270270288,0.8359375,-0.18108108108108109,True,padding_center,512,370,0,71
1239,893135,b984b329871f0e84f5fd4de2,1239,15,3,124,28,365.0390625,33.445945945945937,0.2421875,-0.11621621621621622,True,padding_center,512,370,0,71
1240,893250,b984b329871f0e84f5fd4de2,1240,2,5,20,44,138.5546875,68.256756756756744,0.0390625,-0.072972972972972977,True,padding_center,512,370,0,71
1241,893731,b984b329871f0e84f5fd4de2,1241,35,12,284,100,713.4765625,190.09459459459458,0.5546875,0.078378378378378383,False,row0_col1,512,370,0,71
1242,893765,b984b329871f0e84f5fd4de2,1242,5,13,44,108,190.8203125,207.5,0.0859375,0.10000000000000001,False,row0_col0,512,370,0,71
1243,895149,b984b329871f0e84f5fd4de2,1243,45,34,364,276,887.6953125,573.01351351351354,0.7109375,0.55405405405405406,False,row1_col2,512,370,0,71
1244,896383,b984b329871f0e84f5fd4de2,1244,63,53,508,428,1201.2890625,903.71621621621625,0.9921875,0.96486486486486489,False,row2_col2,512,370,0,71
1245,896901,b984b329871f0e84f5fd4de2,1245,5,62,44,500,190.8203125,1060.3648648648648,0.0859375,1.1594594594594594,True,padding_center,512,370,0,71
1246,897797,06a2536925aca2673e4f022e,1246,5,12,44,100,179.5625,188.76190476190476,0.0859375,0.087301587301587297,False,row0_col0,512,378,0,67
1247,898916,06a2536925aca2673e4f022e,1247,36,29,292,236,718.1875,484.50793650793651,0.5703125,0.44708994708994709,False,row1_col1,512,378,0,67
1248,899093,06a2536925aca2673e4f022e,1248,21,32,172,260,457.5625,536.69841269841277,0.3359375,0.51058201058201058,False,row1_col1,512,378,0,67
1249,899244,06a2536925aca2673e4f022e,1249,44,34,356,276,857.1875,571.49206349206349,0.6953125,0.55291005291005291,False,row1_col2,512,378,0,67
1250,900962,06a2536925aca2673e4f022e,1250,34,61,276,492,683.4375,1041.2063492063494,0.5390625,1.1243386243386244,True,padding_center,512,378,0,67
1251,901396,2b4b6352c349b3d52ed92754,1251,20,4,164,36,478.2265625,70.081632653061234,0.3203125,-0.061224489795918366,True,padding_center,512,392,0,60
1252,902275,2b4b6352c349b3d52ed92754,1252,3,18,28,148,183.6484375,312.36734693877554,0.0546875,0.22448979591836735,False,row0_col0,512,392,0,60
1253,902713,2b4b6352c349b3d52ed92754,1253,57,24,460,196,1119.3671875,416.20408163265307,0.8984375,0.34693877551020408,False,row1_col2,512,392,0,60
1254,903776,2b4b6352c349b3d52ed92754,1254,32,41,260,332,686.1640625,710.40816326530614,0.5078125,0.69387755102040816,False,row2_col1,512,392,0,60
1255,904797,2b4b6352c349b3d52ed92754,1255,29,57,236,460,634.1796875,987.30612244897964,0.4609375,1.0204081632653061,True,padding_center,512,392,0,60
1256,904878,2b4b6352c349b3d52ed92754,1256,46,58,372,468,928.7578125,1004.6122448979593,0.7265625,1.0408163265306123,True,padding_center,512,392,0,60
1257,905368,97a12b10cd4059a0d96d7b1c,1257,24,2,196,20,557.390625,17.04851752021564,0.3828125,-0.13477088948787061,True,padding_center,512,371,0,70
1258,905393,97a12b10cd4059a0d96d7b1c,1258,49,2,396,20,989.421875,17.04851752021564,0.7734375,-0.13477088948787061,True,padding_center,512,371,0,70
1259,906294,97a12b10cd4059a0d96d7b1c,1259,54,16,436,132,1075.828125,258.8598382749326,0.8515625,0.16711590296495957,False,row0_col2,512,371,0,70
1260,906567,97a12b10cd4059a0d96d7b1c,1260,7,21,60,172,263.609375,345.22102425876011,0.1171875,0.27493261455525608,False,row0_col0,512,371,0,70
1261,909841,0336057f9171642b8e58ca9b,1261,17,8,140,68,446.0625,141.6875,0.2734375,0.010416666666666666,False,row0_col0,512,384,0,64
1262,910562,0336057f9171642b8e58ca9b,1262,34,19,276,156,741.4375,332.8125,0.5390625,0.23958333333333334,False,row0_col1,512,384,0,64
1263,910657,0336057f9171642b8e58ca9b,1263,1,21,12,172,168.0625,367.5625,0.0234375,0.28125,False,row0_col0,512,384,0,64
1264,910794,0336057f9171642b8e58ca9b,1264,10,23,84,188,324.4375,402.3125,0.1640625,0.32291666666666669,False,row0_col0,512,384,0,64
1265,910965,0336057f9171642b8e58ca9b,1265,53,25,428,204,1071.5625,437.0625,0.8359375,0.36458333333333331,False,row1_col2,512,384,0,64
1266,911165,0336057f9171642b8e58ca9b,1266,61,28,492,228,1210.5625,489.1875,0.9609375,0.42708333333333331,False,row1_col2,512,384,0,64
1267,912181,0336057f9171642b8e58ca9b,1267,53,44,428,356,1071.5625,767.1875,0.8359375,0.76041666666666663,False,row2_col2,512,384,0,64
1268,912781,0336057f9171642b8e58ca9b,1268,13,54,108,436,376.5625,940.9375,0.2109375,0.96875,False,row2_col0,512,384,0,64
1269,912898,0336057f9171642b8e58ca9b,1269,2,56,20,452,185.4375,975.68750000000011,0.0390625,1.0104166666666667,True,padding_center,512,384,0,64
1270,913899,5f82d1a18d37b5b71f0e3e13,1270,43,7,348,60,833.734375,119.52467532467533,0.6796875,-0.0077922077922077922,True,padding_center,512,385,0,63
1271,915024,5f82d1a18d37b5b71f0e3e13,1271,16,25,132,204,367.140625,430.34025974025974,0.2578125,0.36623376623376624,False,row1_col0,512,385,0,63
1272,916738,5f82d1a18d37b5b71f0e3e13,1272,2,52,20,420,125.203125,896.56363636363631,0.0390625,0.92727272727272725,False,row2_col0,512,385,0,63
1273,917848,e5ea460098f78f89058a7af5,1273,24,5,196,44,554.390625,81.434782608695656,0.3828125,-0.076086956521739135,True,padding_center,512,368,0,72
1274,917919,e5ea460098f78f89058a7af5,1274,31,6,252,52,675.359375,98.739130434782609,0.4921875,-0.05434782608695652,True,padding_center,512,368,0,72
1275,918362,e5ea460098f78f89058a7af5,1275,26,13,212,108,588.953125,219.86956521739131,0.4140625,0.097826086956521743,False,row0_col1,512,368,0,72
1276,919186,e5ea460098f78f89058a7af5,1276,18,26,148,212,450.703125,444.82608695652175,0.2890625,0.38043478260869568,False,row1_col0,512,368,0,72
1277,919573,e5ea460098f78f89058a7af5,1277,21,32,172,260,502.546875,548.6521739130435,0.3359375,0.51086956521739135,False,row1_col1,512,368,0,72
1278,919939,e5ea460098f78f89058a7af5,1278,3,38,28,308,191.484375,652.47826086956525,0.0546875,0.64130434782608692,False,row1_col0,512,368,0,72
1279,920468,e5ea460098f78f89058a7af5,1279,20,46,164,372,485.265625,790.91304347826087,0.3203125,0.81521739130434778,False,row2_col0,512,368,0,72
1280,923793,b7567bf06817bd7baf211db1,1280,17,34,140,276,419.328125,577.08510638297867,0.2734375,0.55319148936170215,False,row1_col0,512,376,0,68
1281,924545,b7567bf06817bd7baf211db1,1281,1,46,12,372,143.828125,783.89361702127655,0.0234375,0.80851063829787229,False,row2_col0,512,376,0,68
1282,924823,b7567bf06817bd7baf211db1,1282,23,50,188,404,522.640625,852.82978723404256,0.3671875,0.8936170212765957,False,row2_col1,512,376,0,68
1283,925283,b7567bf06817bd7baf211db1,1283,35,57,284,460,729.265625,973.468085106383,0.5546875,1.0425531914893618,True,padding_center,512,376,0,68
1284,925923,b7e5c36b0fcc32f8da70f625,1284,35,3,284,28,702.4765625,38.329729729729721,0.5546875,-0.11621621621621622,True,padding_center,512,370,0,71
1285,927960,b7e5c36b0fcc32f8da70f625,1285,24,35,196,284,510.8359375,595.99459459459467,0.3828125,0.57567567567567568,False,row1_col1,512,370,0,71
1286,928605,b7e5c36b0fcc32f8da70f625,1286,29,45,236,364,597.9453125,770.26486486486488,0.4609375,0.79189189189189191,False,row2_col1,512,370,0,71
1287,929115,b7e5c36b0fcc32f8da70f625,1287,27,53,220,428,563.1015625,909.68108108108106,0.4296875,0.96486486486486489,False,row2_col1,512,370,0,71
1288,930132,5c2fb8f176203529b320c33d,1288,20,5,164,44,475.2265625,79.15649867374006,0.3203125,-0.061007957559681698,True,padding_center,512,377,0,67
1289,930247,5c2fb8f176203529b320c33d,1289,7,7,60,60,249.9609375,113.83023872679045,0.1171875,-0.018567639257294429,True,padding_center,512,377,0,67
1290,930619,5c2fb8f176203529b320c33d,1290,59,12,476,100,1151.0234375,200.51458885941645,0.9296875,0.087533156498673742,False,row0_col2,512,377,0,67
1291,931578,5c2fb8f176203529b320c33d,1291,58,27,468,220,1133.6953125,460.56763925729445,0.9140625,0.40583554376657827,False,row1_col2,512,377,0,67
1292,932957,5c2fb8f176203529b320c33d,1292,29,49,236,396,631.1796875,841.9787798408488,0.4609375,0.87267904509283822,False,row2_col1,512,377,0,67
1293,933107,5c2fb8f176203529b320c33d,1293,51,51,412,412,1012.3984375,876.65251989389924,0.8046875,0.91511936339522548,False,row2_col2,512,377,0,67
1294,933697,5c2fb8f176203529b320c33d,1294,1,61,12,492,145.9921875,1050.0212201591512,0.0234375,1.1273209549071619,True,padding_center,512,377,0,67
1295,934417,1c3b47236e79243b77075512,1295,17,8,140,68,386.328125,124.8475935828877,0.2734375,-0.0026737967914438501,True,padding_center,512,374,0,69
1296,935325,1c3b47236e79243b77075512,1296,29,22,236,180,592.953125,365.91711229946526,0.4609375,0.2967914438502674,False,row0_col1,512,374,0,69
1297,935456,1c3b47236e79243b77075512,1297,32,24,260,196,644.609375,400.35561497326205,0.5078125,0.33957219251336901,False,row1_col1,512,374,0,69
1298,936267,1c3b47236e79243b77075512,1298,11,37,92,300,283.015625,624.20588235294122,0.1796875,0.61764705882352944,False,row1_col0,512,374,0,69
1299,936778,1c3b47236e79243b77075512,1299,10,45,84,364,265.796875,761.95989304812838,0.1640625,0.78877005347593587,False,row2_col0,512,374,0,69
1300,937895,1c3b47236e79243b77075512,1300,39,62,316,500,765.140625,1054.6871657754009,0.6171875,1.1524064171122994,True,padding_center,512,374,0,69
1301,937985,4f2e92e1b80cd39c3cba6440,1301,1,0,12,4,116.828125,-11.872340425531917,0.0234375,-0.1702127659574468,True,padding_center,512,376,0,68
1302,938429,4f2e92e1b80cd39c3cba6440,1302,61,6,492,52,1149.953125,91.531914893617028,0.9609375,-0.042553191489361701,True,padding_center,512,376,0,68
1303,939851,4f2e92e1b80cd39c3cba6440,1303,11,29,92,236,289.015625,487.91489361702128,0.1796875,0.44680851063829785,False,row1_col0,512,376,0,68
1304,940187,4f2e92e1b80cd39c3cba6440,1304,27,34,220,276,564.515625,574.08510638297867,0.4296875,0.55319148936170215,False,row1_col1,512,376,0,68
1305,940575,4f2e92e1b80cd39c3cba6440,1305,31,40,252,324,633.390625,677.48936170212767,0.4921875,0.68085106382978722,False,row2_col1,512,376,0,68
1306,942107,450e892105e6d6a38e7e129c,1306,27,0,220,4,588.1015625,-9.0255754475703327,0.4296875,-0.14322250639386189,True,padding_center,512,391,0,60
1307,942113,450e892105e6d6a38e7e129c,1307,33,0,268,4,692.6328125,-9.0255754475703327,0.5234375,-0.14322250639386189,True,padding_center,512,391,0,60
1308,942733,450e892105e6d6a38e7e129c,1308,13,10,108,84,344.1953125,165.29667519181586,0.2109375,0.061381074168797956,False,row0_col0,512,391,0,60
1309,943691,450e892105e6d6a38e7e129c,1309,11,25,92,204,309.3515625,426.78005115089513,0.1796875,0.36828644501278773,False,row1_col0,512,391,0,60
1310,943916,450e892105e6d6a38e7e129c,1310,44,28,356,228,884.2734375,479.07672634271103,0.6953125,0.42966751918158569,False,row1_col2,512,391,0,60
1311,944334,450e892105e6d6a38e7e129c,1311,14,35,116,284,361.6171875,601.10230179028133,0.2265625,0.57289002557544755,False,row1_col0,512,391,0,60
1312,944488,450e892105e6d6a38e7e129c,1312,40,37,324,300,814.5859375,635.96675191815859,0.6328125,0.61381074168797956,False,row1_col1,512,391,0,60
1313,945170,450e892105e6d6a38e7e129c,1313,18,48,148,388,431.3046875,827.72122762148342,0.2890625,0.83887468030690537,False,row2_col0,512,391,0,60
1314,947702,38e660db89e34c52bdd410d7,1314,54,23,436,188,1070.6796875,389.34375,0.8515625,0.32291666666666669,False,row0_col2,512,384,0,64
1315,948097,38e660db89e34c52bdd410d7,1315,1,30,12,244,153.9453125,510.53125,0.0234375,0.46875,False,row1_col0,512,384,0,64
1316,948310,38e660db89e34c52bdd410d7,1316,22,33,180,268,517.1796875,562.46875,0.3515625,0.53125,False,row1_col1,512,384,0,64
1317,948432,38e660db89e34c52bdd410d7,1317,16,35,132,284,413.3984375,597.09375,0.2578125,0.57291666666666663,False,row1_col0,512,384,0,64
1318,948452,38e660db89e34c52bdd410d7,1318,36,35,292,284,759.3359375,597.09375,0.5703125,0.57291666666666663,False,row1_col1,512,384,0,64
1319,948475,38e660db89e34c52bdd410d7,1319,59,35,476,284,1157.1640625,597.09375,0.9296875,0.57291666666666663,False,row1_col2,512,384,0,64
1320,948589,38e660db89e34c52bdd410d7,1320,45,37,364,300,915.0078125,631.71875,0.7109375,0.61458333333333337,False,row1_col2,512,384,0,64
1321,949285,38e660db89e34c52bdd410d7,1321,37,48,300,388,776.6328125,822.15625,0.5859375,0.84375,False,row2_col1,512,384,0,64
1322,949449,38e660db89e34c52bdd410d7,1322,9,51,76,412,292.3203125,874.09375,0.1484375,0.90625,False,row2_col0,512,384,0,64
1323,949988,38e660db89e34c52bdd410d7,1323,36,59,292,476,759.3359375,1012.5937500000001,0.5703125,1.0729166666666667,True,padding_center,512,384,0,64
1324,950058,38e660db89e34c52bdd410d7,1324,42,60,340,484,863.1171875,1029.90625,0.6640625,1.09375,True,padding_center,512,384,0,64
1325,950369,6e2433682189e3d2ce556573,1325,33,1,268,12,737.4453125,13.039999999999992,0.5234375,-0.14933333333333335,True,padding_center,512,375,0,68
1326,951500,6e2433682189e3d2ce556573,1326,12,19,100,156,374.2109375,324.07999999999998,0.1953125,0.23466666666666666,False,row0_col0,512,375,0,68
1327,951647,6e2433682189e3d2ce556573,1327,31,21,252,172,702.8515625,358.63999999999999,0.4921875,0.27733333333333332,False,row0_col1,512,375,0,68
1328,953585,6e2433682189e3d2ce556573,1328,49,51,396,412,1014.1953125,877.03999999999996,0.7734375,0.91733333333333333,False,row2_col2,512,375,0,68
1329,954163,6e2433682189e3d2ce556573,1329,51,60,412,484,1048.7890625,1032.5599999999999,0.8046875,1.1093333333333333,True,padding_center,512,375,0,68
1330,954189,6e2433682189e3d2ce556573,1330,13,61,108,492,391.5078125,1049.8400000000001,0.2109375,1.1306666666666667,True,padding_center,512,375,0,68
1331,954746,a9d0ff3cc6fb5dab5212ac12,1331,58,5,468,44,1130.3828125,78.858267716535437,0.9140625,-0.055118110236220472,True,padding_center,512,381,0,65
1332,955654,a9d0ff3cc6fb5dab5212ac12,1332,6,20,52,164,235.8203125,336.81102362204723,0.1015625,0.25984251968503935,False,row0_col0,512,381,0,65
1333,958157,a9d0ff3cc6fb5dab5212ac12,1333,13,59,108,476,356.2421875,1007.4881889763781,0.2109375,1.078740157480315,True,padding_center,512,381,0,65
1334,958663,21eca792f54b686012c5c7ae,1334,7,3,60,28,261.3125,33,0.1171875,-0.090909090909090912,True,padding_center,512,385,0,63
1335,958800,21eca792f54b686012c5c7ae,1335,16,5,132,44,417.6875,67.742857142857133,0.2578125,-0.049350649350649353,True,padding_center,512,385,0,63
1336,961332,21eca792f54b686012c5c7ae,1336,52,44,420,356,1043.1875,745.2285714285714,0.8203125,0.76103896103896107,False,row2_col2,512,385,0,63
1337,961444,21eca792f54b686012c5c7ae,1337,36,46,292,372,765.1875,779.97142857142865,0.5703125,0.80259740259740264,False,row2_col1,512,385,0,63
1338,962302,21eca792f54b686012c5c7ae,1338,62,59,500,476,1216.9375,1005.8000000000001,0.9765625,1.0727272727272728,True,padding_center,512,385,0,63
1339,962591,a295a8c6aa450d3d4f552f13,1339,31,0,252,4,706.7890625,-17.363395225464188,0.4921875,-0.16710875331564987,True,padding_center,512,377,0,67
1340,963546,a295a8c6aa450d3d4f552f13,1340,26,15,212,124,619.6796875,244.28116710875332,0.4140625,0.15119363395225463,False,row0_col1,512,377,0,67
1341,963588,a295a8c6aa450d3d4f552f13,1341,4,16,36,132,236.3984375,261.72413793103453,0.0703125,0.17241379310344829,False,row0_col0,512,377,0,67
1342,963807,a295a8c6aa450d3d4f552f13,1342,31,19,252,156,706.7890625,314.053050397878,0.4921875,0.23607427055702918,False,row0_col1,512,377,0,67
1343,964520,a295a8c6aa450d3d4f552f13,1343,40,30,324,244,863.5859375,505.92572944297081,0.6328125,0.46949602122015915,False,row1_col1,512,377,0,67
1344,965007,a295a8c6aa450d3d4f552f13,1344,15,38,124,308,428.0390625,645.46949602122015,0.2421875,0.63925729442970824,False,row1_col0,512,377,0,67
1345,965993,a295a8c6aa450d3d4f552f13,1345,41,53,332,428,881.0078125,907.11405835543769,0.6484375,0.95755968169761274,False,row2_col1,512,377,0,67
1346,966384,a295a8c6aa450d3d4f552f13,1346,48,59,388,476,1002.9609375,1011.7718832891246,0.7578125,1.0848806366047745,True,padding_center,512,377,0,67
1347,968671,b84c63039a63bf730ebdebb1,1347,31,31,252,252,653.3125,492.90600522193211,0.4921875,0.49086161879895562,False,row1_col1,512,383,0,64
1348,968713,b84c63039a63bf730ebdebb1,1348,9,32,76,260,271.0625,510.26370757180155,0.1484375,0.51174934725848564,False,row1_col0,512,383,0,64
1349,969532,b84c63039a63bf730ebdebb1,1349,60,44,484,356,1157.1875,718.55613577023496,0.9453125,0.76240208877284599,False,row2_col2,512,383,0,64
1350,971069,12ba5a50e7241c96aa552c05,1350,61,4,492,36,1199.6796875,38.229729729729726,0.9609375,-0.0945945945945946,True,padding_center,512,370,0,71
1351,971182,12ba5a50e7241c96aa552c05,1351,46,6,372,52,939.7578125,72.867567567567562,0.7265625,-0.051351351351351354,True,padding_center,512,370,0,71
1352,971278,12ba5a50e7241c96aa552c05,1352,14,8,116,68,385.2578125,107.50540540540541,0.2265625,-0.0081081081081081086,True,padding_center,512,370,0,71
1353,971822,12ba5a50e7241c96aa552c05,1353,46,16,372,132,939.7578125,246.05675675675676,0.7265625,0.16486486486486487,False,row0_col2,512,370,0,71
1354,972110,12ba5a50e7241c96aa552c05,1354,14,21,116,172,385.2578125,332.65135135135131,0.2265625,0.27297297297297296,False,row0_col0,512,370,0,71
1355,973399,12ba5a50e7241c96aa552c05,1355,23,41,188,332,541.2109375,679.02972972972975,0.3671875,0.70540540540540542,False,row2_col1,512,370,0,71
1356,974580,12ba5a50e7241c96aa552c05,1356,52,59,420,476,1043.7265625,990.7702702702702,0.8203125,1.0945945945945945,True,padding_center,512,370,0,71
1357,975586,2d869e49280e98d4f624cdc6,1357,34,11,276,92,686.75,195.36962025316456,0.5390625,0.086075949367088608,False,row0_col1,512,395,0,58
1358,976519,2d869e49280e98d4f624cdc6,1358,7,26,60,212,214.25,457.85063291139244,0.1171875,0.38987341772151901,False,row1_col0,512,395,0,58
1359,977688,2d869e49280e98d4f624cdc6,1359,24,44,196,356,511.75,772.82784810126589,0.3828125,0.75443037974683547,False,row2_col1,512,395,0,58
1360,977886,2d869e49280e98d4f624cdc6,1360,30,47,244,380,616.75,825.32405063291139,0.4765625,0.81518987341772153,False,row2_col1,512,395,0,58
1361,978589,2d869e49280e98d4f624cdc6,1361,29,58,236,468,599.25,1017.8101265822785,0.4609375,1.0379746835443038,True,padding_center,512,395,0,58
1362,978906,2d869e49280e98d4f624cdc6,1362,26,63,212,508,546.75,1105.3037974683543,0.4140625,1.139240506329114,True,padding_center,512,395,0,58
1363,979056,9950038ac10495ac90e01fd8,1363,48,1,388,12,954.6875,4.621052631578948,0.7578125,-0.14210526315789473,True,padding_center,512,380,0,66
1364,979162,9950038ac10495ac90e01fd8,1364,26,3,212,28,572.4375,39.399999999999991,0.4140625,-0.10000000000000001,True,padding_center,512,380,0,66
1365,979565,9950038ac10495ac90e01fd8,1365,45,9,364,76,902.5625,143.73684210526315,0.7109375,0.026315789473684209,False,row0_col2,512,380,0,66
1366,980650,9950038ac10495ac90e01fd8,1366,42,26,340,212,850.4375,439.35789473684207,0.6640625,0.38421052631578945,False,row1_col1,512,380,0,66
1367,983185,eec0fc6ef0bb51e01c77b789,1367,17,2,140,20,416.609375,20.511627906976742,0.2734375,-0.10852713178294573,True,padding_center,512,387,0,62
1368,983479,eec0fc6ef0bb51e01c77b789,1368,55,6,444,52,1078.046875,90.217054263565899,0.8671875,-0.025839793281653745,True,padding_center,512,387,0,62
1369,985561,eec0fc6ef0bb51e01c77b789,1369,25,39,204,316,555.859375,665.28682170542629,0.3984375,0.65633074935400515,False,row1_col1,512,387,0,62
1370,985680,eec0fc6ef0bb51e01c77b789,1370,16,41,132,332,399.203125,700.1395348837209,0.2578125,0.69767441860465118,False,row2_col0,512,387,0,62
1371,986330,eec0fc6ef0bb51e01c77b789,1371,26,51,212,412,573.265625,874.40310077519382,0.4140625,0.90439276485788112,False,row2_col1,512,387,0,62
1372,986917,eec0fc6ef0bb51e01c77b789,1372,37,60,300,484,764.734375,1031.2403100775196,0.5859375,1.0904392764857882,True,padding_center,512,387,0,62
1373,986999,eec0fc6ef0bb51e01c77b789,1373,55,61,444,492,1078.046875,1048.6666666666667,0.8671875,1.1111111111111112,True,padding_center,512,387,0,62
1374,987668,cd0de5b2186c92b842b4814a,1374,20,8,164,68,503.984375,121.15079365079364,0.3203125,0.0026455026455026454,False,row0_col0,512,378,0,67
1375,988470,cd0de5b2186c92b842b4814a,1375,54,20,436,164,1089.421875,327.6269841269841,0.8515625,0.25661375661375663,False,row0_col2,512,378,0,67
1376,988627,cd0de5b2186c92b842b4814a,1376,19,23,156,188,486.765625,379.24603174603175,0.3046875,0.32010582010582012,False,row0_col0,512,378,0,67
1377,988660,cd0de5b2186c92b842b4814a,1377,52,23,420,188,1054.984375,379.24603174603175,0.8203125,0.32010582010582012,False,row0_col2,512,378,0,67
1378,988792,cd0de5b2186c92b842b4814a,1378,56,25,452,204,1123.859375,413.65873015873018,0.8828125,0.36243386243386244,False,row1_col2,512,378,0,67
1379,991566,da9443ca80beecb493467926,1379,14,5,116,44,349.2578125,91.284960422163579,0.2265625,-0.058047493403693931,True,padding_center,512,379,0,66
1380,992176,da9443ca80beecb493467926,1380,48,14,388,116,938.4140625,247.44327176781002,0.7578125,0.13192612137203166,False,row0_col2,512,379,0,66
1381,992550,da9443ca80beecb493467926,1381,38,20,308,164,765.1328125,351.54881266490764,0.6015625,0.25857519788918204,False,row0_col1,512,379,0,66
1382,993280,da9443ca80beecb493467926,1382,0,32,4,260,106.6640625,559.75989445910295,0.0078125,0.51187335092348285,False,row1_col0,512,379,0,66
1383,994435,da9443ca80beecb493467926,1383,3,50,28,404,158.6484375,872.07651715039583,0.0546875,0.89182058047493407,False,row2_col0,512,379,0,66
1384,994782,da9443ca80beecb493467926,1384,30,55,244,444,626.5078125,958.83113456464378,0.4765625,0.99736147757255933,False,row2_col1,512,379,0,66
1385,997346,329683efc579c51b53f71da8,1385,34,31,276,252,724.4375,529.30526315789473,0.5390625,0.48947368421052634,False,row1_col1,512,380,0,66
1386,997618,329683efc579c51b53f71da8,1386,50,35,404,284,1002.4375,598.86315789473679,0.7890625,0.5736842105263158,False,row1_col2,512,380,0,66
1387,998144,329683efc579c51b53f71da8,1387,0,44,4,356,133.6875,755.36842105263156,0.0078125,0.76315789473684215,False,row2_col0,512,380,0,66
1388,998310,329683efc579c51b53f71da8,1388,38,46,308,372,793.9375,790.14736842105253,0.6015625,0.80526315789473679,False,row2_col1,512,380,0,66
1389,1000281,537b9f873acf48eb2022de16,1389,25,13,204,108,557.078125,203.30000000000001,0.3984375,0.11052631578947368,False,row0_col1,512,380,0,66
1390,1000484,537b9f873acf48eb2022de16,1390,36,16,292,132,746.484375,254.90000000000001,0.5703125,0.1736842105263158,False,row0_col1,512,380,0,66
1391,1000614,537b9f873acf48eb2022de16,1391,38,18,308,148,780.921875,289.30000000000001,0.6015625,0.21578947368421053,False,row0_col1,512,380,0,66
1392,1001307,537b9f873acf48eb2022de16,1392,27,29,220,236,591.515625,478.5,0.4296875,0.44736842105263158,False,row1_col1,512,380,0,66
1393,1001789,537b9f873acf48eb2022de16,1393,61,36,492,292,1176.953125,598.89999999999998,0.9609375,0.59473684210526312,False,row1_col2,512,380,0,66
1394,1002430,537b9f873acf48eb2022de16,1394,62,46,500,372,1194.171875,770.89999999999998,0.9765625,0.80526315789473679,False,row2_col2,512,380,0,66
1395,1002500,537b9f873acf48eb2022de16,1395,4,48,36,388,195.484375,805.29999999999995,0.0703125,0.84736842105263155,False,row2_col0,512,380,0,66
1396,1004126,2fb5196803f6c730af314161,1396,30,9,244,76,662.171875,158.5,0.4765625,0.026315789473684209,False,row0_col1,512,380,0,66
1397,1004377,2fb5196803f6c730af314161,1397,25,13,204,108,576.078125,227.30000000000001,0.3984375,0.11052631578947368,False,row0_col1,512,380,0,66
1398,1004546,2fb5196803f6c730af314161,1398,2,16,20,132,180.046875,278.89999999999998,0.0390625,0.1736842105263158,False,row0_col0,512,380,0,66
1399,1005434,2fb5196803f6c730af314161,1399,58,29,468,236,1144.296875,502.5,0.9140625,0.44736842105263158,False,row1_col2,512,380,0,66
1400,1006059,2fb5196803f6c730af314161,1400,43,39,348,316,886.015625,674.5,0.6796875,0.65789473684210531,False,row1_col2,512,380,0,66
1401,1006478,2fb5196803f6c730af314161,1401,14,46,116,372,386.671875,794.89999999999998,0.2265625,0.80526315789473679,False,row2_col0,512,380,0,66
1402,1007628,b36b70847afb10b7d1772c50,1402,12,0,100,4,336.234375,-7.6666666666666572,0.1953125,-0.16666666666666666,True,padding_center,512,378,0,67
1403,1007838,b36b70847afb10b7d1772c50,1403,30,3,244,28,646.171875,44.015873015873026,0.4765625,-0.10317460317460317,True,padding_center,512,378,0,67
1404,1009388,b36b70847afb10b7d1772c50,1404,44,27,356,220,887.234375,457.47619047619048,0.6953125,0.40476190476190477,False,row1_col2,512,378,0,67
1405,1010261,b36b70847afb10b7d1772c50,1405,21,41,172,332,491.203125,698.6613756613757,0.3359375,0.70105820105820105,False,row2_col1,512,378,0,67
1406,1011639,b36b70847afb10b7d1772c50,1406,55,62,444,500,1076.640625,1060.4391534391534,0.8671875,1.1455026455026456,True,padding_center,512,378,0,67
1407,1012802,5f54a832376b920cdc467195,1407,2,17,20,140,146.359375,298.19893899204249,0.0390625,0.19363395225464192,False,row0_col0,512,377,0,67
1408,1013015,5f54a832376b920cdc467195,1408,23,20,188,164,510.578125,350.20954907161803,0.3671875,0.2572944297082228,False,row0_col1,512,377,0,67
1409,1013148,5f54a832376b920cdc467195,1409,28,22,228,180,597.296875,384.88328912466841,0.4453125,0.29973474801061006,False,row0_col1,512,377,0,67
1410,1013182,5f54a832376b920cdc467195,1410,62,22,500,180,1186.984375,384.88328912466841,0.9765625,0.29973474801061006,False,row0_col2,512,377,0,67
1411,1013215,5f54a832376b920cdc467195,1411,31,23,252,188,649.328125,402.22015915119363,0.4921875,0.32095490716180369,False,row0_col1,512,377,0,67
1412,1013271,5f54a832376b920cdc467195,1412,23,24,188,196,510.578125,419.55702917771879,0.3671875,0.34217506631299732,False,row1_col1,512,377,0,67
1413,1013816,5f54a832376b920cdc467195,1413,56,32,452,260,1082.921875,558.25198938992048,0.8828125,0.51193633952254647,False,row1_col2,512,377,0,67
1414,1013877,5f54a832376b920cdc467195,1414,53,33,428,268,1030.890625,575.58885941644553,0.8359375,0.53315649867374004,False,row1_col2,512,377,0,67
1415,1014206,5f54a832376b920cdc467195,1415,62,38,500,308,1186.984375,662.27320954907168,0.9765625,0.63925729442970824,False,row1_col2,512,377,0,67
1416,1015693,5f54a832376b920cdc467195,1416,13,62,108,500,337.140625,1078.3580901856762,0.2109375,1.1485411140583555,True,padding_center,512,377,0,67
1417,1016407,802a5413ddda0015be13fdaa,1417,23,9,188,76,553.3125,154.93401015228426,0.3671875,0.043147208121827409,False,row0_col1,512,394,0,59
1418,1016471,802a5413ddda0015be13fdaa,1418,23,10,188,84,553.3125,172.31472081218274,0.3671875,0.063451776649746189,False,row0_col1,512,394,0,59
1419,1017392,802a5413ddda0015be13fdaa,1419,48,24,388,196,987.6875,415.64467005076142,0.7578125,0.34771573604060912,False,row1_col2,512,394,0,59
1420,1017624,802a5413ddda0015be13fdaa,1420,24,28,196,228,570.6875,485.16751269035535,0.3828125,0.42893401015228427,False,row1_col1,512,394,0,59
1421,1017978,802a5413ddda0015be13fdaa,1421,58,33,468,268,1161.4375,572.07106598984774,0.9140625,0.53045685279187815,False,row1_col2,512,394,0,59
1422,1018675,802a5413ddda0015be13fdaa,1422,51,44,412,356,1039.8125,763.25888324873097,0.8046875,0.75380710659898476,False,row2_col2,512,394,0,59
1423,1020304,e76382313fb64f5a0099633f,1423,16,6,132,52,393.75,95.75,0.2578125,-0.03125,True,padding_center,512,384,0,64
1424,1021175,e76382313fb64f5a0099633f,1424,55,19,444,156,1076.25,323.25,0.8671875,0.23958333333333334,False,row0_col2,512,384,0,64
1425,1023329,e76382313fb64f5a0099633f,1425,33,53,268,428,691.25,918.25,0.5234375,0.94791666666666663,False,row2_col1,512,384,0,64
1426,1024649,a5544cf8c3f4495df7d798ea,1426,9,10,76,84,279.0625,165.59999999999999,0.1484375,0.054545454545454543,False,row0_col0,512,385,0,63
1427,1025115,a5544cf8c3f4495df7d798ea,1427,27,17,220,140,591.8125,287.20000000000005,0.4296875,0.20000000000000001,False,row0_col1,512,385,0,63
1428,1025197,a5544cf8c3f4495df7d798ea,1428,45,18,364,148,904.5625,304.57142857142856,0.7109375,0.22077922077922077,False,row0_col2,512,385,0,63
1429,1025801,a5544cf8c3f4495df7d798ea,1429,9,28,76,228,279.0625,478.28571428571428,0.1484375,0.42857142857142855,False,row1_col0,512,385,0,63
1430,1025895,a5544cf8c3f4495df7d798ea,1430,39,29,316,236,800.3125,495.65714285714284,0.6171875,0.44935064935064933,False,row1_col1,512,385,0,63
1431,1026721,a5544cf8c3f4495df7d798ea,1431,33,42,268,340,696.0625,721.48571428571427,0.5234375,0.7194805194805195,False,row2_col1,512,385,0,63
1432,1027711,a5544cf8c3f4495df7d798ea,1432,63,57,508,460,1217.3125,982.05714285714282,0.9921875,1.0311688311688312,True,padding_center,512,385,0,63
1433,1029221,f8040df5a0c034645db9d18b,1433,37,17,300,140,780.1171875,290.82085561497331,0.5859375,0.18983957219251338,False,row0_col1,512,374,0,69
1434,1029694,f8040df5a0c034645db9d18b,1434,62,24,500,196,1210.1953125,411.35561497326205,0.9765625,0.33957219251336901,False,row1_col2,512,374,0,69
1435,1029863,f8040df5a0c034645db9d18b,1435,39,27,316,220,814.5234375,463.01336898395721,0.6171875,0.40374331550802139,False,row1_col1,512,374,0,69
1436,1030024,f8040df5a0c034645db9d18b,1436,8,30,68,244,281.2265625,514.67112299465236,0.1328125,0.46791443850267378,False,row1_col0,512,374,0,69
1437,1031163,f8040df5a0c034645db9d18b,1437,59,47,476,380,1158.5859375,807.39839572192511,0.9296875,0.83155080213903743,False,row2_col2,512,374,0,69
1438,1031549,f8040df5a0c034645db9d18b,1438,61,53,492,428,1192.9921875,910.71390374331543,0.9609375,0.9598930481283422,False,row2_col2,512,374,0,69
1439,1034995,dfbe513d6531461f0ef29a6a,1439,51,43,412,348,1007.7890625,737,0.8046875,0.75,False,row2_col2,512,368,0,72
1440,1035157,dfbe513d6531461f0ef29a6a,1440,21,46,172,372,488.8828125,788.91304347826087,0.3359375,0.81521739130434778,False,row2_col1,512,368,0,72
1441,1035744,dfbe513d6531461f0ef29a6a,1441,32,55,260,444,679.1484375,944.6521739130435,0.5078125,1.0108695652173914,True,padding_center,512,368,0,72
1442,1037221,f7078c0d837ef2e368882049,1442,37,14,300,116,790.5625,233.6829268292683,0.5859375,0.12195121951219512,False,row0_col1,512,369,0,71
1443,1037971,f7078c0d837ef2e368882049,1443,19,26,156,212,477.8125,442.07317073170736,0.3046875,0.38211382113821141,False,row1_col0,512,369,0,71
1444,1038105,f7078c0d837ef2e368882049,1444,25,28,204,228,582.0625,476.80487804878049,0.3984375,0.42547425474254741,False,row1_col1,512,369,0,71
1445,1042322,874774544d8697c2062abaed,1445,18,30,148,244,441.6796875,505.32614555256066,0.2890625,0.46900269541778977,False,row1_col0,512,371,0,70
1446,1042959,874774544d8697c2062abaed,1446,15,40,124,324,390.1640625,676.97035040431274,0.2421875,0.6846361185983828,False,row2_col0,512,371,0,70
1447,1045413,c1ff20ff899dc91318e1d07f,1447,37,14,300,116,788.8046875,230.16666666666666,0.5859375,0.12962962962962962,False,row0_col1,512,378,0,67
1448,1045736,c1ff20ff899dc91318e1d07f,1448,40,19,324,156,840.7890625,316.83333333333331,0.6328125,0.23544973544973544,False,row0_col1,512,378,0,67
1449,1048459,c1ff20ff899dc91318e1d07f,1449,11,62,92,500,338.2734375,1062.1666666666667,0.1796875,1.1455026455026456,True,padding_center,512,378,0,67
1450,1050029,fa0627dfc5562d2d1ffb7450,1450,45,22,364,180,905.4296875,365.03763440860217,0.7109375,0.29569892473118281,False,row0_col2,512,372,0,70
1451,1051880,fa0627dfc5562d2d1ffb7450,1451,40,51,324,412,818.7890625,867.08064516129025,0.6328125,0.91935483870967738,False,row2_col1,512,372,0,70
1452,1052660,fa0627dfc5562d2d1ffb7450,1452,52,63,420,508,1026.7265625,1074.8225806451615,0.8203125,1.1774193548387097,True,padding_center,512,372,0,70
1453,1057743,85585001e772ec3cedc01ff3,1453,15,15,124,124,428.890625,246.91304347826087,0.2421875,0.14130434782608695,False,row0_col0,512,368,0,72
1454,1058493,85585001e772ec3cedc01ff3,1454,61,26,492,212,1220.953125,436.304347826087,0.9609375,0.38043478260869568,False,row1_col2,512,368,0,72
1455,1058871,85585001e772ec3cedc01ff3,1455,55,32,444,260,1117.640625,539.60869565217399,0.8671875,0.51086956521739135,False,row1_col2,512,368,0,72
1456,1060596,85585001e772ec3cedc01ff3,1456,52,59,420,476,1065.984375,1004.4782608695652,0.8203125,1.0978260869565217,True,padding_center,512,368,0,72
1457,1061626,3c063837833ad63bde2626f8,1457,58,11,468,92,1133.953125,170.03439153439155,0.9140625,0.066137566137566134,False,row0_col2,512,378,0,67
1458,1062191,3c063837833ad63bde2626f8,1458,47,20,380,164,943.859375,325.65343915343919,0.7421875,0.25661375661375663,False,row0_col2,512,378,0,67
1459,1063214,3c063837833ad63bde2626f8,1459,46,36,372,292,926.578125,602.30952380952385,0.7265625,0.59523809523809523,False,row1_col2,512,378,0,67
1460,1064209,3c063837833ad63bde2626f8,1460,17,52,140,420,425.421875,878.9656084656084,0.2734375,0.93386243386243384,False,row2_col0,512,378,0,67
1461,1064491,3c063837833ad63bde2626f8,1461,43,56,348,452,874.734375,948.12962962962968,0.6796875,1.0185185185185186,True,padding_center,512,378,0,67
1462,1065029,7b748b5aa4e5e5bc0cc83a80,1462,5,1,44,12,212.3046875,11,0.0859375,-0.16666666666666666,True,padding_center,512,366,0,73
1463,1065077,7b748b5aa4e5e5bc0cc83a80,1463,53,1,428,12,1044.0546875,11,0.8359375,-0.16666666666666666,True,padding_center,512,366,0,73
1464,1065384,7b748b5aa4e5e5bc0cc83a80,1464,40,6,324,52,818.7890625,97.557377049180332,0.6328125,-0.05737704918032787,True,padding_center,512,366,0,73
1465,1065952,7b748b5aa4e5e5bc0cc83a80,1465,32,15,260,124,680.1640625,253.36065573770492,0.5078125,0.13934426229508196,False,row0_col1,512,366,0,73
1466,1066936,7b748b5aa4e5e5bc0cc83a80,1466,56,30,452,244,1096.0390625,513.03278688524597,0.8828125,0.46721311475409838,False,row1_col2,512,366,0,73
1467,1067223,7b748b5aa4e5e5bc0cc83a80,1467,23,35,188,284,524.2109375,599.59016393442619,0.3671875,0.57650273224043713,False,row1_col1,512,366,0,73
1468,1067772,7b748b5aa4e5e5bc0cc83a80,1468,60,43,484,348,1165.3515625,738.08196721311469,0.9453125,0.75136612021857918,False,row2_col2,512,366,0,73
1469,1068142,7b748b5aa4e5e5bc0cc83a80,1469,46,49,372,396,922.7578125,841.95081967213116,0.7265625,0.88251366120218577,False,row2_col2,512,366,0,73
1470,1068880,7b748b5aa4e5e5bc0cc83a80,1470,16,61,132,492,402.9140625,1049.688524590164,0.2578125,1.144808743169399,True,padding_center,512,366,0,73
1471,1069394,7c0723e796cc05b0a21cce5f,1471,18,5,148,44,409.546875,83.913513513513507,0.2890625,-0.072972972972972977,True,padding_center,512,370,0,71
1472,1069743,7c0723e796cc05b0a21cce5f,1472,47,10,380,84,908.890625,169.96756756756758,0.7421875,0.035135135135135137,False,row0_col2,512,370,0,71
1473,1070062,7c0723e796cc05b0a21cce5f,1473,46,15,372,124,891.671875,256.02162162162165,0.7265625,0.14324324324324325,False,row0_col2,512,370,0,71
1474,1070391,7c0723e796cc05b0a21cce5f,1474,55,20,444,164,1046.640625,342.07567567567565,0.8671875,0.25135135135135134,False,row0_col2,512,370,0,71
1475,1071458,7c0723e796cc05b0a21cce5f,1475,34,37,276,300,685.046875,634.65945945945941,0.5390625,0.61891891891891893,False,row1_col1,512,370,0,71
1476,1072388,7c0723e796cc05b0a21cce5f,1476,4,52,36,420,168.484375,892.8216216216216,0.0703125,0.94324324324324327,False,row2_col0,512,370,0,71
1477,1072926,7c0723e796cc05b0a21cce5f,1477,30,60,244,484,616.171875,1030.508108108108,0.4765625,1.1162162162162161,True,padding_center,512,370,0,71
1478,1072987,7c0723e796cc05b0a21cce5f,1478,27,61,220,492,564.515625,1047.7189189189189,0.4296875,1.1378378378378378,True,padding_center,512,370,0,71
1479,1073218,de9b5b17edfdfe734011cfa4,1479,2,1,20,12,194.046875,11.204663212435236,0.0390625,-0.13212435233160622,True,padding_center,512,386,0,63
1480,1075619,de9b5b17edfdfe734011cfa4,1480,35,38,284,308,762.265625,648.44818652849744,0.5546875,0.63471502590673579,False,row1_col1,512,386,0,63
1481,1076146,de9b5b17edfdfe734011cfa4,1481,50,46,404,372,1020.546875,786.23056994818648,0.7890625,0.80051813471502586,False,row2_col2,512,386,0,63
1482,1076202,de9b5b17edfdfe734011cfa4,1482,42,47,340,380,882.796875,803.4533678756477,0.6640625,0.82124352331606221,False,row2_col1,512,386,0,63
1483,1077301,d541e836f6ba68faa6688c9d,1483,53,0,428,4,1035.5625,-28,0.8359375,-0.16666666666666666,True,padding_center,512,378,0,67
1484,1078543,d541e836f6ba68faa6688c9d,1484,15,20,124,164,375.3125,319.93650793650795,0.2421875,0.25661375661375663,False,row0_col0,512,378,0,67
1485,1078765,d541e836f6ba68faa6688c9d,1485,45,23,364,188,896.5625,372.12698412698415,0.7109375,0.32010582010582012,False,row0_col2,512,378,0,67
1486,1079564,d541e836f6ba68faa6688c9d,1486,12,36,100,292,323.1875,598.28571428571422,0.1953125,0.59523809523809523,False,row1_col0,512,378,0,67
1487,1080434,d541e836f6ba68faa6688c9d,1487,50,49,404,396,983.4375,824.44444444444446,0.7890625,0.87037037037037035,False,row2_col2,512,378,0,67
1488,1081035,d541e836f6ba68faa6688c9d,1488,11,59,92,476,305.8125,998.41269841269843,0.1796875,1.0820105820105821,True,padding_center,512,378,0,67
1489,1082020,ea6c797466588fd922c5de39,1489,36,10,292,84,728.328125,158.85106382978722,0.5703125,0.042553191489361701,False,row0_col1,512,376,0,68
1490,1083178,ea6c797466588fd922c5de39,1490,42,28,340,228,832.765625,472.51063829787233,0.6640625,0.42553191489361702,False,row1_col1,512,376,0,68
1491,1083229,ea6c797466588fd922c5de39,1491,29,29,236,236,606.484375,489.93617021276594,0.4609375,0.44680851063829785,False,row1_col1,512,376,0,68
1492,1083767,ea6c797466588fd922c5de39,1492,55,37,444,300,1059.046875,629.34042553191489,0.8671875,0.61702127659574468,False,row1_col2,512,376,0,68
1493,1084121,ea6c797466588fd922c5de39,1493,25,43,204,348,536.859375,733.89361702127655,0.3984375,0.74468085106382975,False,row2_col1,512,376,0,68
1494,1084299,ea6c797466588fd922c5de39,1494,11,46,92,372,293.171875,786.17021276595744,0.1796875,0.80851063829787229,False,row2_col0,512,376,0,68
1495,1084592,ea6c797466588fd922c5de39,1495,48,50,388,404,937.203125,855.87234042553189,0.7578125,0.8936170212765957,False,row2_col2,512,376,0,68
1496,1085151,ea6c797466588fd922c5de39,1496,31,59,252,476,641.296875,1012.7021276595743,0.4921875,1.0851063829787233,True,padding_center,512,376,0,68
1497,1085222,ea6c797466588fd922c5de39,1497,38,60,308,484,763.140625,1030.127659574468,0.6015625,1.1063829787234043,True,padding_center,512,376,0,68
1498,1086095,7aa55770f9e1abd445c97c6d,1498,15,10,124,84,385.5859375,155.67582417582418,0.2421875,0.027472527472527472,False,row0_col0,512,364,0,74
1499,1087077,7aa55770f9e1abd445c97c6d,1499,37,25,300,204,766.8046875,415.78571428571428,0.5859375,0.35714285714285715,False,row1_col1,512,364,0,74
1500,1088874,7aa55770f9e1abd445c97c6d,1500,42,53,340,428,853.4453125,901.32417582417577,0.6640625,0.97252747252747251,False,row2_col1,512,364,0,74
1501,1091310,12def0a47aa043439d178972,1501,46,27,372,220,949.9375,448.27659574468083,0.7265625,0.40425531914893614,False,row1_col2,512,376,0,68
1502,1091652,12def0a47aa043439d178972,1502,4,33,36,268,220.1875,552.57446808510645,0.0703125,0.53191489361702127,False,row1_col0,512,376,0,68
1503,1092671,12def0a47aa043439d178972,1503,63,48,508,388,1245.3125,813.31914893617022,0.9921875,0.85106382978723405,False,row2_col2,512,376,0,68
1504,1093202,12def0a47aa043439d178972,1504,18,57,148,460,463.4375,969.76595744680856,0.2890625,1.0425531914893618,True,padding_center,512,376,0,68
1505,1093284,12def0a47aa043439d178972,1505,36,58,292,468,776.1875,987.14893617021278,0.5703125,1.0638297872340425,True,padding_center,512,376,0,68
1506,1093343,12def0a47aa043439d178972,1506,31,59,252,476,689.3125,1004.5319148936169,0.4921875,1.0851063829787233,True,padding_center,512,376,0,68
1507,1094240,9b0c2d44438a3efb3600736a,1507,32,9,260,76,646.6875,152.03655352480416,0.5078125,0.031331592689295036,False,row0_col1,512,383,0,64
1508,1094624,9b0c2d44438a3efb3600736a,1508,32,15,260,124,646.6875,256.18276762402093,0.5078125,0.1566579634464752,False,row0_col1,512,383,0,64
1509,1095156,9b0c2d44438a3efb3600736a,1509,52,23,420,188,994.1875,395.04438642297652,0.8203125,0.32375979112271541,False,row0_col2,512,383,0,64
1510,1095590,9b0c2d44438a3efb3600736a,1510,38,30,308,244,750.9375,516.54830287206266,0.6015625,0.4699738903394256,False,row1_col1,512,383,0,64
1511,1096573,9b0c2d44438a3efb3600736a,1511,61,45,492,364,1150.5625,776.91383812010451,0.9609375,0.78328981723237601,False,row2_col2,512,383,0,64
1512,1097056,9b0c2d44438a3efb3600736a,1512,32,53,260,428,646.6875,915.77545691906005,0.5078125,0.95039164490861616,False,row2_col1,512,383,0,64
1513,1097527,9b0c2d44438a3efb3600736a,1513,55,60,444,484,1046.3125,1037.279373368146,0.8671875,1.0966057441253263,True,padding_center,512,383,0,64
1514,1097963,b15ae60e68dff16aade2e419,1514,43,3,348,28,881.7734375,49,0.6796875,-0.11290322580645161,True,padding_center,512,372,0,70
1515,1098018,b15ae60e68dff16aade2e419,1515,34,4,276,36,725.8203125,66.333333333333329,0.5390625,-0.091397849462365593,True,padding_center,512,372,0,70
1516,1098158,b15ae60e68dff16aade2e419,1516,46,6,372,52,933.7578125,101,0.7265625,-0.048387096774193547,True,padding_center,512,372,0,70
1517,1098601,b15ae60e68dff16aade2e419,1517,41,13,332,108,847.1171875,222.33333333333334,0.6484375,0.10215053763440861,False,row0_col1,512,372,0,70
1518,1099978,b15ae60e68dff16aade2e419,1518,10,35,84,284,309.9453125,603.66666666666674,0.1640625,0.57526881720430112,False,row1_col0,512,372,0,70
1519,1100161,b15ae60e68dff16aade2e419,1519,1,38,12,308,153.9921875,655.66666666666663,0.0234375,0.63978494623655913,False,row1_col0,512,372,0,70
1520,1101113,b15ae60e68dff16aade2e419,1520,57,52,460,420,1124.3671875,898.33333333333337,0.8984375,0.94086021505376349,False,row2_col2,512,372,0,70
1521,1101282,b15ae60e68dff16aade2e419,1521,34,55,276,444,725.8203125,950.33333333333337,0.5390625,1.0053763440860215,True,padding_center,512,372,0,70
1522,1102606,605944fd8272a0a3f3c61ab4,1522,14,12,116,100,373.4453125,196.72459893048128,0.2265625,0.082887700534759357,False,row0_col0,512,374,0,69
1523,1102669,605944fd8272a0a3f3c61ab4,1523,13,13,108,108,356.2421875,213.94385026737967,0.2109375,0.10427807486631016,False,row0_col0,512,374,0,69
1524,1104246,605944fd8272a0a3f3c61ab4,1524,54,37,436,300,1061.5703125,627.20588235294122,0.8515625,0.61764705882352944,False,row1_col2,512,374,0,69
1525,1105108,605944fd8272a0a3f3c61ab4,1525,20,51,164,412,476.6640625,868.27540106951869,0.3203125,0.91711229946524064,False,row2_col0,512,374,0,69
1526,1105162,605944fd8272a0a3f3c61ab4,1526,10,52,84,420,304.6328125,885.49465240641712,0.1640625,0.93850267379679142,False,row2_col0,512,374,0,69
1527,1106710,8d1384cdea9081ff9ee66728,1527,22,12,180,100,508.828125,198.12,0.3515625,0.08533333333333333,False,row0_col1,512,375,0,68
1528,1106765,8d1384cdea9081ff9ee66728,1528,13,13,108,108,353.296875,215.40000000000001,0.2109375,0.10666666666666667,False,row0_col0,512,375,0,68
1529,1106986,8d1384cdea9081ff9ee66728,1529,42,16,340,132,854.453125,267.24000000000001,0.6640625,0.17066666666666666,False,row0_col1,512,375,0,68
1530,1108410,8d1384cdea9081ff9ee66728,1530,58,38,468,308,1130.953125,647.39999999999998,0.9140625,0.64000000000000001,False,row1_col2,512,375,0,68
1531,1109678,8d1384cdea9081ff9ee66728,1531,46,58,372,468,923.578125,993,0.7265625,1.0666666666666667,True,padding_center,512,375,0,68
1532,1113302,825a1b23f7b0d75436750d93,1532,22,51,180,412,541.828125,861.31937172774872,0.3515625,0.90837696335078533,False,row2_col1,512,382,0,65
1533,1113407,825a1b23f7b0d75436750d93,1533,63,52,508,420,1250.359375,878.61780104712045,0.9921875,0.9293193717277487,False,row2_col2,512,382,0,65
1534,1115146,8bfa9eda7753f68919d5f5b2,1534,10,16,84,132,329.109375,266.92266666666666,0.1640625,0.17066666666666666,False,row0_col0,512,375,0,68
1535,1115993,8bfa9eda7753f68919d5f5b2,1535,25,29,204,236,589.265625,492.67200000000003,0.3984375,0.44800000000000001,False,row1_col1,512,375,0,68
1536,1116184,8bfa9eda7753f68919d5f5b2,1536,24,32,196,260,571.921875,544.76800000000003,0.3828125,0.51200000000000001,False,row1_col1,512,375,0,68
1537,1116393,8bfa9eda7753f68919d5f5b2,1537,41,35,332,284,866.765625,596.86400000000003,0.6484375,0.57599999999999996,False,row1_col1,512,375,0,68
1538,1118916,7c82c52bae96e3de9eb55c46,1538,4,11,36,92,180.8359375,177.26086956521738,0.0703125,0.05434782608695652,False,row0_col0,512,368,0,72
1539,1119884,7c82c52bae96e3de9eb55c46,1539,12,26,100,212,319.2109375,436.82608695652175,0.1953125,0.38043478260869568,False,row1_col0,512,368,0,72
1540,1119956,7c82c52bae96e3de9eb55c46,1540,20,27,164,220,457.5859375,454.13043478260869,0.3203125,0.40217391304347827,False,row1_col0,512,368,0,72
1541,1120025,7c82c52bae96e3de9eb55c46,1541,25,28,204,228,544.0703125,471.43478260869563,0.3984375,0.42391304347826086,False,row1_col1,512,368,0,72
1542,1120598,7c82c52bae96e3de9eb55c46,1542,22,37,180,300,492.1796875,627.17391304347825,0.3515625,0.61956521739130432,False,row1_col1,512,368,0,72
1543,1121628,7c82c52bae96e3de9eb55c46,1543,28,53,228,428,595.9609375,904.04347826086951,0.4453125,0.96739130434782605,False,row2_col1,512,368,0,72
1544,1121933,7c82c52bae96e3de9eb55c46,1544,13,58,108,468,336.5078125,990.56521739130426,0.2109375,1.076086956521739,True,padding_center,512,368,0,72
1545,1122434,0b623855dc284fbf3963690c,1545,2,2,20,20,171.2421875,30.591891891891891,0.0390625,-0.13783783783783785,True,padding_center,512,370,0,71
1546,1122628,0b623855dc284fbf3963690c,1546,4,5,36,44,205.8359375,82.548648648648651,0.0703125,-0.072972972972972977,True,padding_center,512,370,0,71
1547,1123897,0b623855dc284fbf3963690c,1547,57,24,460,196,1122.5703125,411.60810810810813,0.8984375,0.33783783783783783,False,row1_col2,512,370,0,71
1548,1124912,0b623855dc284fbf3963690c,1548,48,40,388,324,966.8984375,688.71081081081081,0.7578125,0.68378378378378379,False,row2_col2,512,370,0,71
1549,1126378,0b623855dc284fbf3963690c,1549,42,63,340,508,863.1171875,1087.0459459459457,0.6640625,1.181081081081081,True,padding_center,512,370,0,71
1550,1126870,802b8776e6e8022705bfa739,1550,22,7,180,60,470.9921875,99,0.3515625,0,False,row0_col1,512,391,0,60
1551,1126912,802b8776e6e8022705bfa739,1551,0,8,4,68,87.7109375,116.43222506393862,0.0078125,0.020460358056265986,False,row0_col0,512,391,0,60
1552,1129646,802b8776e6e8022705bfa739,1552,46,50,372,404,889.1171875,848.58567774936068,0.7265625,0.87979539641943738,False,row2_col2,512,391,0,60
1553,1132147,f882a0ca74adfbbded05504a,1553,51,25,412,204,1011.2265625,425.77419354838713,0.8046875,0.36021505376344087,False,row1_col2,512,372,0,70
1554,1133084,f882a0ca74adfbbded05504a,1554,28,40,228,324,610.5234375,687.0645161290322,0.4453125,0.68279569892473113,False,row2_col1,512,372,0,70
1555,1133319,f882a0ca74adfbbded05504a,1555,7,44,60,356,244.6640625,756.74193548387098,0.1171875,0.76881720430107525,False,row2_col0,512,372,0,70
1556,1133886,f882a0ca74adfbbded05504a,1556,62,52,500,420,1202.8671875,896.09677419354841,0.9765625,0.94086021505376349,False,row2_col2,512,372,0,70
1557,1134251,f882a0ca74adfbbded05504a,1557,43,58,348,468,871.8515625,1000.6129032258063,0.6796875,1.0698924731182795,True,padding_center,512,372,0,70
1558,1135359,b8c1aa202c435cfafd7ff1ed,1558,63,11,508,92,1234.3359375,179.66666666666669,0.9921875,0.059139784946236562,False,row0_col2,512,372,0,70
1559,1135690,b8c1aa202c435cfafd7ff1ed,1559,10,17,84,140,315.9453125,283.66666666666663,0.1640625,0.18817204301075269,False,row0_col0,512,372,0,70
1560,1135779,b8c1aa202c435cfafd7ff1ed,1560,35,18,284,148,749.1484375,301,0.5546875,0.20967741935483872,False,row0_col1,512,372,0,70
1561,1136398,b8c1aa202c435cfafd7ff1ed,1561,14,28,116,228,385.2578125,474.33333333333331,0.2265625,0.42473118279569894,False,row1_col0,512,372,0,70
1562,1136697,b8c1aa202c435cfafd7ff1ed,1562,57,32,460,260,1130.3671875,543.66666666666674,0.8984375,0.510752688172043,False,row1_col2,512,372,0,70
1563,1137663,b8c1aa202c435cfafd7ff1ed,1563,63,47,508,380,1234.3359375,803.66666666666674,0.9921875,0.83333333333333337,False,row2_col2,512,372,0,70
1564,1138283,b8c1aa202c435cfafd7ff1ed,1564,43,57,348,460,887.7734375,977,0.6796875,1.0483870967741935,True,padding_center,512,372,0,70
1565,1138985,02942ca02fdcb799d7cb7726,1565,41,4,332,36,822.0625,41.836734693877553,0.6484375,-0.061224489795918366,True,padding_center,512,392,0,60
1566,1139066,02942ca02fdcb799d7cb7726,1566,58,5,468,44,1117.4375,59.224489795918373,0.9140625,-0.040816326530612242,True,padding_center,512,392,0,60
1567,1140593,02942ca02fdcb799d7cb7726,1567,49,29,396,236,961.0625,476.53061224489795,0.7734375,0.44897959183673469,False,row1_col2,512,392,0,60
1568,1143010,52ed4da2285d211f61ff5e8e,1568,34,3,276,28,706.8203125,34.203208556149733,0.5390625,-0.10962566844919786,True,padding_center,512,374,0,69
1569,1143632,52ed4da2285d211f61ff5e8e,1569,16,13,132,108,394.9140625,207.46524064171123,0.2578125,0.10427807486631016,False,row0_col0,512,374,0,69
1570,1145164,52ed4da2285d211f61ff5e8e,1570,12,37,100,300,325.6015625,623.29411764705878,0.1953125,0.61764705882352944,False,row1_col0,512,374,0,69
1571,1145930,52ed4da2285d211f61ff5e8e,1571,10,49,84,396,290.9453125,831.20855614973266,0.1640625,0.87433155080213909,False,row2_col0,512,374,0,69
1572,1147382,8daccd55625a20f9d7bcd504,1572,54,7,436,60,1056.421875,111.46774193548387,0.8515625,-0.026881720430107527,True,padding_center,512,372,0,70
1573,1148586,8daccd55625a20f9d7bcd504,1573,42,26,340,212,849.796875,438.75806451612902,0.6640625,0.38172043010752688,False,row1_col1,512,372,0,70
1574,1148715,8daccd55625a20f9d7bcd504,1574,43,28,348,228,867.015625,473.20967741935488,0.6796875,0.42473118279569894,False,row1_col2,512,372,0,70
1575,1150611,8daccd55625a20f9d7bcd504,1575,19,58,156,468,453.765625,989.98387096774184,0.3046875,1.0698924731182795,True,padding_center,512,372,0,70
1576,1151692,c743bb2801fc5b5e45261132,1576,12,11,100,92,347.234375,183.37096774193549,0.1953125,0.059139784946236562,False,row0_col0,512,372,0,70
1577,1151821,c743bb2801fc5b5e45261132,1577,13,13,108,108,364.453125,217.82258064516128,0.2109375,0.10215053763440861,False,row0_col0,512,372,0,70
1578,1153538,c743bb2801fc5b5e45261132,1578,2,40,20,324,175.046875,682.91935483870964,0.0390625,0.68279569892473113,False,row2_col0,512,372,0,70
1579,1154401,c743bb2801fc5b5e45261132,1579,33,53,268,428,708.828125,906.85483870967744,0.5234375,0.9623655913978495,False,row2_col1,512,372,0,70
1580,1156407,d03b423ac174ea78bf4a6637,1580,55,20,444,164,1076.578125,327.74611398963725,0.8671875,0.26165803108808289,False,row0_col2,512,386,0,63
1581,1158257,d03b423ac174ea78bf4a6637,1581,49,49,396,396,972.515625,830.21243523316059,0.7734375,0.86269430051813467,False,row2_col2,512,386,0,63
1582,1158771,d03b423ac174ea78bf4a6637,1582,51,57,412,460,1007.203125,968.82383419689131,0.8046875,1.028497409326425,True,padding_center,512,386,0,63
1583,1158924,d03b423ac174ea78bf4a6637,1583,12,60,100,484,330.796875,1020.8031088082903,0.1953125,1.0906735751295338,True,padding_center,512,386,0,63
1584,1160656,79b469d527171ee55c5adc04,1584,16,23,132,188,411.171875,383.72727272727275,0.2578125,0.31818181818181818,False,row0_col0,512,374,0,69
1585,1160888,79b469d527171ee55c5adc04,1585,56,26,452,212,1104.921875,435.70588235294116,0.8828125,0.38235294117647056,False,row1_col2,512,374,0,69
1586,1161389,79b469d527171ee55c5adc04,1586,45,34,364,276,914.140625,574.31550802139031,0.7109375,0.553475935828877,False,row1_col2,512,374,0,69
1587,1161424,79b469d527171ee55c5adc04,1587,16,35,132,284,411.171875,591.64171122994651,0.2578125,0.57486631016042777,False,row1_col0,512,374,0,69
1588,1161728,79b469d527171ee55c5adc04,1588,0,40,4,324,133.671875,678.27272727272725,0.0078125,0.68181818181818177,False,row2_col0,512,374,0,69
1589,1162730,79b469d527171ee55c5adc04,1589,42,55,340,444,862.109375,938.16577540106948,0.6640625,1.0026737967914439,True,padding_center,512,374,0,69
1590,1162799,79b469d527171ee55c5adc04,1590,47,56,380,452,948.828125,955.49197860962579,0.7421875,1.0240641711229947,True,padding_center,512,374,0,69
1591,1162918,79b469d527171ee55c5adc04,1591,38,58,308,468,792.734375,990.14438502673795,0.6015625,1.0668449197860963,True,padding_center,512,374,0,69
1592,1163815,94840b6b6d3b3942dc01dd23,1592,39,8,316,68,791.1640625,129.35883905013193,0.6171875,0.0052770448548812663,False,row0_col1,512,379,0,66
1593,1164019,94840b6b6d3b3942dc01dd23,1593,51,11,412,92,1000.2265625,181.66490765171503,0.8046875,0.06860158311345646,False,row0_col2,512,379,0,66
1594,1164305,94840b6b6d3b3942dc01dd23,1594,17,16,140,132,407.8828125,268.84168865435356,0.2734375,0.17414248021108181,False,row0_col0,512,379,0,66
1595,1166135,94840b6b6d3b3942dc01dd23,1595,55,44,444,356,1069.9140625,757.03166226912936,0.8671875,0.76517150395778366,False,row2_col2,512,379,0,66
1596,1166196,94840b6b6d3b3942dc01dd23,1596,52,45,420,364,1017.6484375,774.46701846965698,0.8203125,0.78627968337730869,False,row2_col2,512,379,0,66
1597,1166647,94840b6b6d3b3942dc01dd23,1597,55,52,444,420,1069.9140625,896.5145118733509,0.8671875,0.93403693931398413,False,row2_col2,512,379,0,66
1598,1166990,94840b6b6d3b3942dc01dd23,1598,14,58,116,468,355.6171875,1001.1266490765172,0.2265625,1.0606860158311346,True,padding_center,512,379,0,66
1599,1167528,81f7959be88c5f860c5fc715,1599,40,2,324,20,798.5234375,3.4153439153439251,0.6328125,-0.12433862433862433,True,padding_center,512,378,0,67
1600,1167735,81f7959be88c5f860c5fc715,1600,55,5,444,44,1057.9765625,55.288359788359791,0.8671875,-0.060846560846560843,True,padding_center,512,378,0,67
1601,1168071,81f7959be88c5f860c5fc715,1601,7,11,60,92,227.7265625,159.03439153439155,0.1171875,0.066137566137566134,False,row0_col0,512,378,0,67
1602,1168828,81f7959be88c5f860c5fc715,1602,60,22,484,180,1144.4609375,349.23544973544972,0.9453125,0.29894179894179895,False,row0_col2,512,378,0,67
1603,1169774,81f7959be88c5f860c5fc715,1603,46,37,372,300,902.3046875,608.60052910052912,0.7265625,0.6164021164021164,False,row1_col2,512,378,0,67
1604,1169816,81f7959be88c5f860c5fc715,1604,24,38,196,308,521.7734375,625.89153439153438,0.3828125,0.63756613756613756,False,row1_col1,512,378,0,67
1605,1170116,81f7959be88c5f860c5fc715,1605,4,43,36,348,175.8359375,712.34656084656081,0.0703125,0.74338624338624337,False,row2_col0,512,378,0,67
1606,1170452,81f7959be88c5f860c5fc715,1606,20,48,164,388,452.5859375,798.80158730158723,0.3203125,0.84920634920634919,False,row2_col0,512,378,0,67
1607,1172247,50086bd6ca8500ae698af9ac,1607,23,12,188,100,540.109375,191.08785529715763,0.3671875,0.098191214470284241,False,row0_col1,512,387,0,62
1608,1173757,50086bd6ca8500ae698af9ac,1608,61,35,492,284,1196.796875,588.56589147286832,0.9609375,0.5736434108527132,False,row1_col2,512,387,0,62
1609,1174399,50086bd6ca8500ae698af9ac,1609,63,45,508,364,1231.359375,761.3824289405685,0.9921875,0.78036175710594313,False,row2_col2,512,387,0,62
1610,1175855,2e3c583d219c937858797cbc,1610,47,4,380,36,923.3125,50.371428571428574,0.7421875,-0.070129870129870125,True,padding_center,512,385,0,63
1611,1175937,2e3c583d219c937858797cbc,1611,1,6,12,52,124.0625,85.114285714285714,0.0234375,-0.028571428571428571,True,padding_center,512,385,0,63
1612,1176390,2e3c583d219c937858797cbc,1612,6,13,52,108,210.9375,206.71428571428572,0.1015625,0.11688311688311688,False,row0_col0,512,385,0,63
1613,1176617,2e3c583d219c937858797cbc,1613,41,16,332,132,819.0625,258.82857142857142,0.6484375,0.17922077922077922,False,row0_col1,512,385,0,63
1614,1179109,2e3c583d219c937858797cbc,1614,37,55,300,444,749.5625,936.31428571428569,0.5859375,0.98961038961038961,False,row2_col1,512,385,0,63
1615,1179454,2e3c583d219c937858797cbc,1615,62,60,500,484,1183.9375,1023.1714285714286,0.9765625,1.0935064935064935,True,padding_center,512,385,0,63
1616,1181869,c2d577dad4e3bb69b38f6b0d,1616,45,34,364,276,877.5625,569.95744680851067,0.7109375,0.55319148936170215,False,row1_col2,512,376,0,68
1617,1182819,c2d577dad4e3bb69b38f6b0d,1617,35,49,284,396,703.8125,830.70212765957444,0.5546875,0.87234042553191493,False,row2_col1,512,376,0,68
1618,1183962,e198308262ce13324faec9fd,1618,26,3,212,28,577.953125,45.320754716981128,0.4140625,-0.11320754716981132,True,padding_center,512,371,0,70
1619,1185042,e198308262ce13324faec9fd,1619,18,20,148,164,439.703125,338.94878706199461,0.2890625,0.25336927223719674,False,row0_col0,512,371,0,70
1620,1185626,e198308262ce13324faec9fd,1620,26,29,212,236,577.953125,494.39892183288413,0.4140625,0.44743935309973049,False,row1_col1,512,371,0,70
1621,1187016,e198308262ce13324faec9fd,1621,8,51,68,412,266.890625,874.388140161725,0.1328125,0.92183288409703501,False,row2_col0,512,371,0,70
1622,1187456,e198308262ce13324faec9fd,1622,0,58,4,468,128.640625,995.29380053908358,0.0078125,1.0727762803234502,True,padding_center,512,371,0,70
1623,1187678,e198308262ce13324faec9fd,1623,30,61,244,492,647.078125,1047.1105121293801,0.4765625,1.1374663072776281,True,padding_center,512,371,0,70
1624,1189110,5f34a712a16e40dddf28b3ba,1624,54,19,436,156,1061.828125,321.36243386243382,0.8515625,0.23544973544973544,False,row0_col2,512,378,0,67
1625,1189458,5f34a712a16e40dddf28b3ba,1625,18,25,148,204,439.703125,425.10846560846562,0.2890625,0.36243386243386244,False,row1_col0,512,378,0,67
1626,1190075,5f34a712a16e40dddf28b3ba,1626,59,34,476,276,1148.234375,580.72751322751321,0.9296875,0.55291005291005291,False,row1_col2,512,378,0,67
1627,1190279,5f34a712a16e40dddf28b3ba,1627,7,38,60,308,249.609375,649.89153439153438,0.1171875,0.63756613756613756,False,row1_col0,512,378,0,67
1628,1190312,5f34a712a16e40dddf28b3ba,1628,40,38,324,308,819.890625,649.89153439153438,0.6328125,0.63756613756613756,False,row1_col1,512,378,0,67
1629,1191232,5f34a712a16e40dddf28b3ba,1629,0,53,4,428,128.640625,909.25661375661377,0.0078125,0.955026455026455,False,row2_col0,512,378,0,67
1630,1191785,5f34a712a16e40dddf28b3ba,1630,41,61,332,492,837.171875,1047.5846560846562,0.6484375,1.1243386243386244,True,padding_center,512,378,0,67
1631,1192158,e2d24e5a47106bd7023a7d65,1631,30,3,244,28,640.3671875,42.965517241379317,0.4765625,-0.10344827586206896,True,padding_center,512,377,0,67
1632,1192725,e2d24e5a47106bd7023a7d65,1632,21,12,172,100,483.5703125,199.9522546419098,0.3359375,0.087533156498673742,False,row0_col1,512,377,0,67
1633,1192749,e2d24e5a47106bd7023a7d65,1633,45,12,364,100,901.6953125,199.9522546419098,0.7109375,0.087533156498673742,False,row0_col2,512,377,0,67
1634,1193041,e2d24e5a47106bd7023a7d65,1634,17,17,140,140,413.8828125,287.16710875331569,0.2734375,0.19363395225464192,False,row0_col0,512,377,0,67
1635,1194165,e2d24e5a47106bd7023a7d65,1635,53,34,428,276,1041.0703125,583.69761273209554,0.8359375,0.55437665782493373,False,row1_col2,512,377,0,67
1636,1194688,e2d24e5a47106bd7023a7d65,1636,0,43,4,348,117.7109375,740.68435013262604,0.0078125,0.74535809018567645,False,row2_col0,512,377,0,67
1637,1195236,e2d24e5a47106bd7023a7d65,1637,36,51,292,412,744.8984375,880.22811671087538,0.5703125,0.91511936339522548,False,row2_col1,512,377,0,67
1638,1195264,e2d24e5a47106bd7023a7d65,1638,0,52,4,420,117.7109375,897.67108753315642,0.0078125,0.93633952254641906,False,row2_col0,512,377,0,67
1639,1198037,aca91e96d9d3f5996c509b6c,1639,21,31,172,252,513.203125,512.89037433155079,0.3359375,0.48930481283422461,False,row1_col1,512,374,0,69
1640,1198805,aca91e96d9d3f5996c509b6c,1640,21,43,172,348,513.203125,719.52139037433153,0.3359375,0.74598930481283421,False,row2_col1,512,374,0,69
1641,1201879,51dbbd7c11fe090443b43b07,1641,23,27,188,220,521.578125,459.47519582245428,0.3671875,0.40731070496083549,False,row1_col1,512,383,0,64
1642,1203068,51dbbd7c11fe090443b43b07,1642,60,45,484,364,1163.296875,771.91383812010451,0.9453125,0.78328981723237601,False,row2_col2,512,383,0,64
1643,1203514,51dbbd7c11fe090443b43b07,1643,58,52,468,420,1128.609375,893.41775456919061,0.9140625,0.92950391644908614,False,row2_col2,512,383,0,64
1644,1205277,e07a60e9493523db2330e39e,1644,29,16,236,132,668.5625,265.80965147453082,0.4609375,0.16890080428954424,False,row0_col1,512,373,0,69
1645,1205608,e07a60e9493523db2330e39e,1645,40,21,324,172,859.6875,352.67292225201072,0.6328125,0.27613941018766758,False,row0_col1,512,373,0,69
1646,1205977,e07a60e9493523db2330e39e,1646,25,27,204,220,599.0625,456.9088471849866,0.3984375,0.40482573726541554,False,row1_col1,512,373,0,69
1647,1206920,e07a60e9493523db2330e39e,1647,8,42,68,340,303.6875,717.49865951742629,0.1328125,0.72654155495978556,False,row2_col0,512,373,0,69
1648,1206958,e07a60e9493523db2330e39e,1648,46,42,372,340,963.9375,717.49865951742629,0.7265625,0.72654155495978556,False,row2_col2,512,373,0,69
1649,1207157,e07a60e9493523db2330e39e,1649,53,45,428,364,1085.5625,769.61662198391423,0.8359375,0.79088471849865949,False,row2_col2,512,373,0,69
1650,1207893,e07a60e9493523db2330e39e,1650,21,57,172,460,529.5625,978.08847184986598,0.3359375,1.0482573726541555,True,padding_center,512,373,0,69
1651,1208205,e07a60e9493523db2330e39e,1651,13,62,108,500,390.5625,1064.951742627346,0.2109375,1.1554959785522789,True,padding_center,512,373,0,69
1652,1208761,e98f1317607860c501b2cee1,1652,57,6,460,52,1149.671875,93.746701846965692,0.8984375,-0.036939313984168866,True,padding_center,512,379,0,66
1653,1209076,e98f1317607860c501b2cee1,1653,52,11,420,92,1063.265625,180.18469656992085,0.8203125,0.06860158311345646,False,row0_col2,512,379,0,66
1654,1209292,e98f1317607860c501b2cee1,1654,12,15,100,124,372.015625,249.33509234828495,0.1953125,0.15303430079155672,False,row0_col0,512,379,0,66
1655,1209610,e98f1317607860c501b2cee1,1655,10,20,84,164,337.453125,335.77308707124007,0.1640625,0.25857519788918204,False,row0_col0,512,379,0,66
1656,1210158,e98f1317607860c501b2cee1,1656,46,28,372,228,959.578125,474.07387862796833,0.7265625,0.42744063324538256,False,row1_col2,512,379,0,66
1657,1210675,e98f1317607860c501b2cee1,1657,51,36,412,292,1045.984375,612.37467018469647,0.8046875,0.59630606860158308,False,row1_col2,512,379,0,66
1658,1211124,e98f1317607860c501b2cee1,1658,52,43,420,348,1063.265625,733.38786279683382,0.8203125,0.74406332453825863,False,row2_col2,512,379,0,66
1659,1211974,e98f1317607860c501b2cee1,1659,6,57,52,460,268.328125,975.41424802110816,0.1015625,1.0395778364116095,True,padding_center,512,379,0,66
1660,1212547,6d1104b9ed5d737c509d9e3c,1660,3,2,28,20,184.2109375,28.018567639257299,0.0546875,-0.12466843501326259,True,padding_center,512,377,0,67
1661,1213301,6d1104b9ed5d737c509d9e3c,1661,53,13,428,108,1044.3671875,217.09018567639257,0.8359375,0.10875331564986737,False,row0_col2,512,377,0,67
1662,1213344,6d1104b9ed5d737c509d9e3c,1662,32,14,260,116,683.1015625,234.27851458885942,0.5078125,0.129973474801061,False,row0_col1,512,377,0,67
1663,1213509,6d1104b9ed5d737c509d9e3c,1663,5,17,44,140,218.6171875,285.84350132625991,0.0859375,0.19363395225464192,False,row0_col0,512,377,0,67
1664,1213618,6d1104b9ed5d737c509d9e3c,1664,50,18,404,148,992.7578125,303.0318302387268,0.7890625,0.21485411140583555,False,row0_col2,512,377,0,67
1665,1213642,6d1104b9ed5d737c509d9e3c,1665,10,19,84,156,304.6328125,320.22015915119363,0.1640625,0.23607427055702918,False,row0_col0,512,377,0,67
1666,1213978,6d1104b9ed5d737c509d9e3c,1666,26,24,212,196,579.8828125,406.16180371352783,0.4140625,0.34217506631299732,False,row1_col1,512,377,0,67
1667,1215039,6d1104b9ed5d737c509d9e3c,1667,63,40,508,324,1216.3984375,681.17506631299739,0.9921875,0.6816976127320955,False,row2_col2,512,377,0,67
1668,1217491,fa425b55ae4649a7440cdfd7,1668,19,15,156,124,442.765625,242.52941176470588,0.3046875,0.14705882352941177,False,row0_col0,512,374,0,69
1669,1217673,fa425b55ae4649a7440cdfd7,1669,9,18,76,148,270.578125,294.25133689839572,0.1484375,0.21122994652406418,False,row0_col0,512,374,0,69
1670,1218170,fa425b55ae4649a7440cdfd7,1670,58,25,468,204,1114.296875,414.93582887700535,0.9140625,0.36096256684491979,False,row1_col2,512,374,0,69
1671,1218248,fa425b55ae4649a7440cdfd7,1671,8,27,68,220,253.359375,449.41711229946526,0.1328125,0.40374331550802139,False,row1_col0,512,374,0,69
1672,1219297,fa425b55ae4649a7440cdfd7,1672,33,43,268,348,683.828125,725.26737967914437,0.5234375,0.74598930481283421,False,row2_col1,512,374,0,69
1673,1220307,fa425b55ae4649a7440cdfd7,1673,19,59,156,476,442.765625,1001.1176470588234,0.3046875,1.088235294117647,True,padding_center,512,374,0,69
1674,1220701,e18500f9d7040f601d0fb801,1674,29,1,236,12,611.953125,7.0702702702702567,0.4609375,-0.15945945945945947,True,padding_center,512,370,0,71
1675,1220929,e18500f9d7040f601d0fb801,1675,1,5,12,44,129.828125,75.913513513513507,0.0234375,-0.072972972972972977,True,padding_center,512,370,0,71
1676,1221606,e18500f9d7040f601d0fb801,1676,38,15,308,124,766.921875,248.02162162162165,0.6015625,0.14324324324324325,False,row0_col1,512,370,0,71
1677,1222082,e18500f9d7040f601d0fb801,1677,2,23,20,188,147.046875,385.70810810810809,0.0390625,0.31621621621621621,False,row0_col0,512,370,0,71
1678,1223830,e18500f9d7040f601d0fb801,1678,22,50,180,404,491.421875,850.39999999999998,0.3515625,0.90000000000000002,False,row2_col1,512,370,0,71
1679,1223984,e18500f9d7040f601d0fb801,1679,48,52,388,420,939.109375,884.8216216216216,0.7578125,0.94324324324324327,False,row2_col2,512,370,0,71
1680,1224975,76697c1a28dd3ef624fb0471,1680,15,4,124,36,388.5859375,58.918256130790184,0.2421875,-0.098092643051771122,True,padding_center,512,367,0,72
1681,1225060,76697c1a28dd3ef624fb0471,1681,36,5,292,44,752.4765625,76.269754768392374,0.5703125,-0.076294277929155316,True,padding_center,512,367,0,72
1682,1225729,76697c1a28dd3ef624fb0471,1682,1,16,12,132,145.9921875,267.13623978201633,0.0234375,0.16348773841961853,False,row0_col0,512,367,0,72
1683,1225840,76697c1a28dd3ef624fb0471,1683,48,17,388,140,960.4140625,284.48773841961849,0.7578125,0.18528610354223432,False,row0_col2,512,367,0,72
1684,1227043,76697c1a28dd3ef624fb0471,1684,35,36,284,292,735.1484375,614.16621253405992,0.5546875,0.59945504087193457,False,row1_col1,512,367,0,72
1685,1227246,76697c1a28dd3ef624fb0471,1685,46,39,372,316,925.7578125,666.22070844686652,0.7265625,0.66485013623978206,False,row1_col2,512,367,0,72
1686,1227445,76697c1a28dd3ef624fb0471,1686,53,42,428,340,1047.0546875,718.27520435967301,0.8359375,0.73024523160762944,False,row2_col2,512,367,0,72
1687,1227558,76697c1a28dd3ef624fb0471,1687,38,44,308,356,787.1328125,752.97820163487734,0.6015625,0.77384196185286103,False,row2_col1,512,367,0,72
1688,1227832,76697c1a28dd3ef624fb0471,1688,56,48,452,388,1099.0390625,822.3841961852861,0.8828125,0.8610354223433242,False,row2_col2,512,367,0,72
1689,1228100,76697c1a28dd3ef624fb0471,1689,4,53,36,428,197.9765625,909.14168937329703,0.0703125,0.97002724795640327,False,row2_col0,512,367,0,72
1690,1228136,76697c1a28dd3ef624fb0471,1690,40,53,324,428,821.7890625,909.14168937329703,0.6328125,0.97002724795640327,False,row2_col1,512,367,0,72
1691,1228338,76697c1a28dd3ef624fb0471,1691,50,56,404,452,995.0703125,961.19618528610351,0.7890625,1.0354223433242506,True,padding_center,512,367,0,72
1692,1229321,fcd7e06c004f4422abd74900,1692,9,8,76,68,322.578125,129.84491978609626,0.1484375,-0.0026737967914438501,True,padding_center,512,374,0,69
1693,1229392,fcd7e06c004f4422abd74900,1693,16,9,132,76,443.109375,147.08556149732621,0.2578125,0.01871657754010695,False,row0_col0,512,374,0,69
1694,1229775,fcd7e06c004f4422abd74900,1694,15,15,124,124,425.890625,250.52941176470588,0.2421875,0.14705882352941177,False,row0_col0,512,374,0,69
1695,1231255,fcd7e06c004f4422abd74900,1695,23,38,188,308,563.640625,647.06417112299471,0.3671875,0.63903743315508021,False,row1_col1,512,374,0,69
1696,1232661,fcd7e06c004f4422abd74900,1696,21,60,172,484,529.203125,1026.3582887700536,0.3359375,1.1096256684491979,True,padding_center,512,374,0,69
1697,1232773,fcd7e06c004f4422abd74900,1697,5,62,44,500,253.703125,1060.8395721925133,0.0859375,1.1524064171122994,True,padding_center,512,374,0,69
1698,1233132,7490ef8c3e3d243f5abc226b,1698,44,3,356,28,916.1015625,29.583113456464375,0.6953125,-0.10026385224274406,True,padding_center,512,379,0,66
1699,1233165,7490ef8c3e3d243f5abc226b,1699,13,4,108,36,378.9296875,46.934036939313984,0.2109375,-0.079155672823219003,True,padding_center,512,379,0,66
1700,1233248,7490ef8c3e3d243f5abc226b,1700,32,5,260,44,708.1640625,64.284960422163579,0.5078125,-0.058047493403693931,True,padding_center,512,379,0,66
1701,1233482,7490ef8c3e3d243f5abc226b,1701,10,9,84,76,326.9453125,133.68865435356201,0.1640625,0.026385224274406333,False,row0_col0,512,379,0,66
1702,1235586,7490ef8c3e3d243f5abc226b,1702,2,42,20,340,188.3203125,706.26912928759896,0.0390625,0.72295514511873349,False,row2_col0,512,379,0,66
1703,1235878,7490ef8c3e3d243f5abc226b,1703,38,46,308,372,812.1328125,775.67282321899734,0.6015625,0.80738786279683372,False,row2_col1,512,379,0,66
1704,1236103,7490ef8c3e3d243f5abc226b,1704,7,50,60,404,274.9609375,845.07651715039583,0.1171875,0.89182058047493407,False,row2_col0,512,379,0,66
1705,1236157,7490ef8c3e3d243f5abc226b,1705,61,50,492,404,1210.6796875,845.07651715039583,0.9609375,0.89182058047493407,False,row2_col2,512,379,0,66
1706,1236729,7490ef8c3e3d243f5abc226b,1706,57,59,460,476,1141.3671875,1001.2348284960422,0.8984375,1.0817941952506596,True,padding_center,512,379,0,66
1707,1237634,3ffaebc342f5f383bf88b1ed,1707,2,10,20,84,166.4375,166.09264305177112,0.0390625,0.032697547683923703,False,row0_col0,512,367,0,72
1708,1237746,3ffaebc342f5f383bf88b1ed,1708,50,11,404,92,1000.4375,183.48773841961852,0.7890625,0.054495912806539509,False,row0_col2,512,367,0,72
1709,1238261,3ffaebc342f5f383bf88b1ed,1709,53,19,428,156,1052.5625,322.64850136239784,0.8359375,0.22888283378746593,False,row0_col2,512,367,0,72
1710,1239109,3ffaebc342f5f383bf88b1ed,1710,5,33,44,268,218.5625,566.17983651226155,0.0859375,0.5340599455040872,False,row1_col0,512,367,0,72
1711,1239246,3ffaebc342f5f383bf88b1ed,1711,14,35,116,284,374.9375,600.97002724795641,0.2265625,0.57765667574931878,False,row1_col0,512,367,0,72
1712,1239646,3ffaebc342f5f383bf88b1ed,1712,30,41,244,332,652.9375,705.34059945504089,0.4765625,0.70844686648501365,False,row2_col1,512,367,0,72
1713,1240622,3ffaebc342f5f383bf88b1ed,1713,46,56,372,452,930.9375,966.26702997275197,0.7265625,1.0354223433242506,True,padding_center,512,367,0,72
1714,1240871,3ffaebc342f5f383bf88b1ed,1714,39,60,316,484,809.3125,1035.8474114441415,0.6171875,1.1226158038147138,True,padding_center,512,367,0,72
1715,1243362,a20f73f6def040c457130121,1715,34,35,276,284,742.046875,596.79032258064512,0.5390625,0.57526881720430112,False,row1_col1,512,372,0,70
1716,1243777,a20f73f6def040c457130121,1716,1,42,12,340,173.828125,717.37096774193549,0.0234375,0.72580645161290325,False,row2_col0,512,372,0,70
1717,1244214,a20f73f6def040c457130121,1717,54,48,436,388,1086.421875,820.72580645161293,0.8515625,0.85483870967741937,False,row2_col2,512,372,0,70
1718,1245665,0d9ba0bed26dc6d0fa606188,1718,33,7,268,60,676.015625,102.97275204359673,0.5234375,-0.032697547683923703,True,padding_center,512,367,0,72
1719,1247570,0d9ba0bed26dc6d0fa606188,1719,18,37,148,300,415.859375,623.51771117166209,0.2890625,0.62125340599455037,False,row1_col0,512,367,0,72
1720,1248543,0d9ba0bed26dc6d0fa606188,1720,31,52,252,420,641.328125,883.79019073569486,0.4921875,0.94822888283378748,False,row2_col1,512,367,0,72
1721,1249277,0d9ba0bed26dc6d0fa606188,1721,61,63,492,508,1161.640625,1074.6566757493188,0.9609375,1.1880108991825613,True,padding_center,512,367,0,72
1722,1251203,71b008a0a7521ff27fd58de8,1722,3,30,28,244,185.5390625,511.56349206349205,0.0546875,0.46825396825396826,False,row1_col0,512,378,0,67
1723,1251292,71b008a0a7521ff27fd58de8,1723,28,31,228,252,617.9609375,528.85449735449743,0.4453125,0.48941798941798942,False,row1_col1,512,378,0,67
1724,1251675,71b008a0a7521ff27fd58de8,1724,27,37,220,300,600.6640625,632.60052910052912,0.4296875,0.6164021164021164,False,row1_col1,512,378,0,67
1725,1252228,71b008a0a7521ff27fd58de8,1725,4,46,36,372,202.8359375,788.21957671957671,0.0703125,0.80687830687830686,False,row2_col0,512,378,0,67
1726,1253081,71b008a0a7521ff27fd58de8,1726,25,59,204,476,566.0703125,1013.0026455026456,0.3984375,1.0820105820105821,True,padding_center,512,378,0,67
1727,1253360,71b008a0a7521ff27fd58de8,1727,48,63,388,508,963.8984375,1082.1666666666667,0.7578125,1.1666666666666667,True,padding_center,512,378,0,67
1728,1253649,cfe68510ca15cd1473d0ef71,1728,17,4,140,36,392.421875,54.142857142857146,0.2734375,-0.061224489795918366,True,padding_center,512,392,0,60
1729,1254172,cfe68510ca15cd1473d0ef71,1729,28,12,228,100,582.515625,192.42857142857144,0.4453125,0.10204081632653061,False,row0_col1,512,392,0,60
1730,1255725,cfe68510ca15cd1473d0ef71,1730,45,36,364,292,876.296875,607.28571428571422,0.7109375,0.59183673469387754,False,row1_col2,512,392,0,60
1731,1255741,cfe68510ca15cd1473d0ef71,1731,61,36,492,292,1152.796875,607.28571428571422,0.9609375,0.59183673469387754,False,row1_col2,512,392,0,60
1732,1257093,cfe68510ca15cd1473d0ef71,1732,5,58,44,468,185.046875,987.57142857142856,0.0859375,1.0408163265306123,True,padding_center,512,392,0,60
1733,1257164,cfe68510ca15cd1473d0ef71,1733,12,59,100,476,306.015625,1004.8571428571429,0.1953125,1.0612244897959184,True,padding_center,512,392,0,60
1734,1257941,ef59d1cbf4b57d08ba6bcb44,1734,21,7,172,60,514.5546875,116.17539267015707,0.3359375,-0.013089005235602094,True,padding_center,512,382,0,65
1735,1258117,ef59d1cbf4b57d08ba6bcb44,1735,5,10,44,84,237.3046875,168.13350785340313,0.0859375,0.049738219895287955,False,row0_col0,512,382,0,65
1736,1258378,ef59d1cbf4b57d08ba6bcb44,1736,10,14,84,116,323.9453125,237.41099476439791,0.1640625,0.13350785340314136,False,row0_col0,512,382,0,65
1737,1259679,ef59d1cbf4b57d08ba6bcb44,1737,31,34,252,276,687.8359375,583.79842931937173,0.4921875,0.55235602094240843,False,row1_col1,512,382,0,65
1738,1260716,ef59d1cbf4b57d08ba6bcb44,1738,44,50,356,404,913.1015625,860.90837696335075,0.6953125,0.88743455497382195,False,row2_col2,512,382,0,65
1739,1261321,ef59d1cbf4b57d08ba6bcb44,1739,9,60,76,484,306.6171875,1034.1020942408377,0.1484375,1.0968586387434556,True,padding_center,512,382,0,65
1740,1263818,989a37c8050457fbad77b5fc,1740,10,35,84,284,277.109375,603.36585365853659,0.1640625,0.57723577235772361,False,row1_col0,512,369,0,71
1741,1265851,571ee3662d24063a85881fe9,1741,59,2,476,20,1162.0234375,17.591891891891891,0.9296875,-0.13783783783783785,True,padding_center,512,370,0,71
1742,1266479,571ee3662d24063a85881fe9,1742,47,12,380,100,954.0859375,190.78108108108108,0.7421875,0.078378378378378383,False,row0_col2,512,370,0,71
1743,1267512,571ee3662d24063a85881fe9,1743,56,28,452,228,1110.0390625,467.88378378378377,0.8828125,0.42432432432432432,False,row1_col2,512,370,0,71
1744,1269689,571ee3662d24063a85881fe9,1744,57,62,460,500,1127.3671875,1056.7270270270269,0.8984375,1.1594594594594594,True,padding_center,512,370,0,71
1745,1269948,989ae53a83cf97dc6d08dbe9,1745,60,2,484,20,1152.4609375,15.21276595744682,0.9453125,-0.1276595744680851,True,padding_center,512,376,0,68
1746,1272900,989ae53a83cf97dc6d08dbe9,1746,4,49,36,396,183.8359375,828.21276595744689,0.0703125,0.87234042553191493,False,row2_col0,512,376,0,68
1747,1273538,989ae53a83cf97dc6d08dbe9,1747,2,59,20,476,149.2421875,1001.191489361702,0.0390625,1.0851063829787233,True,padding_center,512,376,0,68
1748,1274698,2ac609b41ab210f3c4173256,1748,10,13,84,108,305.4375,218.08174386920982,0.1640625,0.098092643051771122,False,row0_col0,512,367,0,72
1749,1275424,2ac609b41ab210f3c4173256,1749,32,24,260,196,687.6875,408.9482288828338,0.5078125,0.33787465940054495,False,row1_col1,512,367,0,72
1750,1275836,2ac609b41ab210f3c4173256,1750,60,30,484,244,1174.1875,513.05722070844683,0.9453125,0.46866485013623976,False,row1_col2,512,367,0,72
1751,1276017,2ac609b41ab210f3c4173256,1751,49,33,396,268,983.0625,565.11171662125344,0.7734375,0.5340599455040872,False,row1_col2,512,367,0,72
1752,1276213,2ac609b41ab210f3c4173256,1752,53,36,428,292,1052.5625,617.16621253405992,0.8359375,0.59945504087193457,False,row1_col2,512,367,0,72
1753,1276267,2ac609b41ab210f3c4173256,1753,43,37,348,300,878.8125,634.51771117166209,0.6796875,0.62125340599455037,False,row1_col2,512,367,0,72
1754,1277243,2ac609b41ab210f3c4173256,1754,59,52,476,420,1156.8125,894.79019073569486,0.9296875,0.94822888283378748,False,row2_col2,512,367,0,72
1755,1277936,2ac609b41ab210f3c4173256,1755,48,63,388,508,965.6875,1085.6566757493188,0.7578125,1.1880108991825613,True,padding_center,512,367,0,72
1756,1277999,105a0d805d335f73991581b8,1756,47,0,380,4,968.6015625,-12.900523560209422,0.7421875,-0.15968586387434555,True,padding_center,512,382,0,65
1757,1278472,105a0d805d335f73991581b8,1757,8,8,68,68,294.0234375,125.4869109947644,0.1328125,0.0078534031413612562,False,row0_col0,512,382,0,65
1758,1278985,105a0d805d335f73991581b8,1758,9,16,76,132,311.3203125,263.87434554973822,0.1484375,0.17539267015706805,False,row0_col0,512,382,0,65
1759,1280476,105a0d805d335f73991581b8,1759,28,39,228,316,639.9609375,661.73821989528801,0.4453125,0.65706806282722519,False,row1_col1,512,382,0,65
1760,1280563,105a0d805d335f73991581b8,1760,51,40,412,324,1037.7890625,679.03664921465963,0.8046875,0.67801047120418845,False,row2_col2,512,382,0,65
1761,1281059,105a0d805d335f73991581b8,1761,35,48,284,388,761.0390625,817.42408376963351,0.5546875,0.84554973821989532,False,row2_col1,512,382,0,65
1762,1282614,c334dd8d45005b5a85e577b3,1762,54,8,436,68,1050.4921875,116.79746835443038,0.8515625,0.025316455696202531,False,row0_col2,512,395,0,58
1763,1282759,c334dd8d45005b5a85e577b3,1763,7,11,60,92,231.6640625,169.1113924050633,0.1171875,0.086075949367088608,False,row0_col0,512,395,0,58
1764,1283176,c334dd8d45005b5a85e577b3,1764,40,17,324,140,806.5859375,273.73924050632911,0.6328125,0.20759493670886076,False,row0_col1,512,395,0,58
1765,1283297,c334dd8d45005b5a85e577b3,1765,33,19,268,156,684.6328125,308.61518987341771,0.5234375,0.2481012658227848,False,row0_col1,512,395,0,58
1766,1283341,c334dd8d45005b5a85e577b3,1766,13,20,108,164,336.1953125,326.05316455696197,0.2109375,0.26835443037974682,False,row0_col0,512,395,0,58
1767,1283442,c334dd8d45005b5a85e577b3,1767,50,21,404,172,980.8046875,343.4911392405063,0.7890625,0.28860759493670884,False,row0_col2,512,395,0,58
1768,1283505,c334dd8d45005b5a85e577b3,1768,49,22,396,180,963.3828125,360.92911392405063,0.7734375,0.30886075949367087,False,row0_col2,512,395,0,58
1769,1284477,c334dd8d45005b5a85e577b3,1769,61,37,492,300,1172.4453125,622.49873417721528,0.9609375,0.61265822784810131,False,row1_col2,512,395,0,58
1770,1284518,c334dd8d45005b5a85e577b3,1770,38,38,308,308,771.7421875,639.9367088607595,0.6015625,0.63291139240506333,False,row1_col1,512,395,0,58
1771,1285974,c334dd8d45005b5a85e577b3,1771,22,61,180,492,492.9921875,1041.0101265822786,0.3515625,1.09873417721519,True,padding_center,512,395,0,58
1772,1286794,e366b8893ee234784cfdf96a,1772,10,10,84,84,308.2421875,156.22361809045225,0.1640625,0.0678391959798995,False,row0_col0,512,398,0,57
1773,1286871,e366b8893ee234784cfdf96a,1773,23,11,188,92,536.3515625,173.7713567839196,0.3671875,0.087939698492462318,False,row0_col1,512,398,0,57
1774,1286995,e366b8893ee234784cfdf96a,1774,19,13,156,108,466.1640625,208.86683417085428,0.3046875,0.12814070351758794,False,row0_col0,512,398,0,57
1775,1287111,e366b8893ee234784cfdf96a,1775,7,15,60,124,255.6015625,243.96231155778895,0.1171875,0.16834170854271358,False,row0_col0,512,398,0,57
1776,1287660,e366b8893ee234784cfdf96a,1776,44,23,356,188,904.8359375,384.34422110552759,0.6953125,0.32914572864321606,False,row0_col2,512,398,0,57
1777,1288537,e366b8893ee234784cfdf96a,1777,25,37,204,300,571.4453125,630.01256281407041,0.3984375,0.61055276381909551,False,row1_col1,512,398,0,57
1778,1288702,e366b8893ee234784cfdf96a,1778,62,39,500,316,1220.6796875,665.108040201005,0.9765625,0.65075376884422109,False,row1_col2,512,398,0,57
1779,1291042,18b34aa0fc8c8af8138154fe,1779,34,12,276,100,719.203125,200.56521739130434,0.5390625,0.076086956521739135,False,row0_col1,512,368,0,72
1780,1291335,18b34aa0fc8c8af8138154fe,1780,7,17,60,140,252.609375,287.08695652173913,0.1171875,0.18478260869565216,False,row0_col0,512,368,0,72
1781,1291570,18b34aa0fc8c8af8138154fe,1781,50,20,404,164,995.703125,339,0.7890625,0.25,False,row0_col2,512,368,0,72
1782,1291832,18b34aa0fc8c8af8138154fe,1782,56,24,452,196,1099.390625,408.21739130434781,0.8828125,0.33695652173913043,False,row1_col2,512,368,0,72
1783,1292651,18b34aa0fc8c8af8138154fe,1783,43,37,348,300,874.734375,633.17391304347825,0.6796875,0.61956521739130432,False,row1_col2,512,368,0,72
1784,1292830,18b34aa0fc8c8af8138154fe,1784,30,40,244,324,650.078125,685.08695652173913,0.4765625,0.68478260869565222,False,row2_col1,512,368,0,72
1785,1295349,e926571edbf8ab4ef6827bb2,1785,53,15,428,124,1042.921875,249.69509043927647,0.8359375,0.16020671834625322,False,row0_col2,512,387,0,62
1786,1296110,e926571edbf8ab4ef6827bb2,1786,46,27,372,220,920.203125,459.80361757105942,0.7265625,0.40826873385012918,False,row1_col2,512,387,0,62
1787,1296144,e926571edbf8ab4ef6827bb2,1787,16,28,132,228,394.265625,477.312661498708,0.2578125,0.4289405684754522,False,row1_col0,512,387,0,62
1788,1296385,e926571edbf8ab4ef6827bb2,1788,1,32,12,260,131.296875,547.34883720930236,0.0234375,0.51162790697674421,False,row1_col0,512,387,0,62
1789,1297066,e926571edbf8ab4ef6827bb2,1789,42,42,340,340,850.078125,722.43927648578813,0.6640625,0.71834625322997414,False,row2_col1,512,387,0,62
1790,1297902,e926571edbf8ab4ef6827bb2,1790,46,55,372,444,920.203125,950.05684754521963,0.7265625,0.98708010335917318,False,row2_col2,512,387,0,62
1791,1298128,e926571edbf8ab4ef6827bb2,1791,16,59,132,476,394.265625,1020.0930232558138,0.2578125,1.069767441860465,True,padding_center,512,387,0,62
1792,1299094,f5cda31a858d786125df8e22,1792,22,10,180,84,524.453125,165.14987080103359,0.3515625,0.056847545219638244,False,row0_col1,512,387,0,62
1793,1300127,f5cda31a858d786125df8e22,1793,31,26,252,212,682.234375,445.2945736434109,0.4921875,0.38759689922480622,False,row1_col1,512,387,0,62
1794,1300483,f5cda31a858d786125df8e22,1794,3,32,28,260,191.359375,550.34883720930236,0.0546875,0.51162790697674421,False,row1_col0,512,387,0,62
1795,1300712,f5cda31a858d786125df8e22,1795,40,35,324,284,840.015625,602.87596899224809,0.6328125,0.5736434108527132,False,row1_col1,512,387,0,62
1796,1301433,f5cda31a858d786125df8e22,1796,57,46,460,372,1138.046875,795.47545219638243,0.8984375,0.8010335917312662,False,row2_col2,512,387,0,62
1797,1302016,f5cda31a858d786125df8e22,1797,0,56,4,452,138.765625,970.5658914728682,0.0078125,1.0077519379844961,True,padding_center,512,387,0,62
1798,1302279,f5cda31a858d786125df8e22,1798,7,60,60,484,261.484375,1040.6020671834626,0.1171875,1.0904392764857882,True,padding_center,512,387,0,62
1799,1302299,f5cda31a858d786125df8e22,1799,27,60,220,484,612.109375,1040.6020671834626,0.4296875,1.0904392764857882,True,padding_center,512,387,0,62
1800,1302764,c2b2f0fd9e97490a1ce9143a,1800,44,3,356,28,869.1015625,39.5,0.6953125,-0.10317460317460317,True,padding_center,512,378,0,67
1801,1303270,c2b2f0fd9e97490a1ce9143a,1801,38,11,308,92,765.1328125,178.16666666666666,0.6015625,0.066137566137566134,False,row0_col1,512,378,0,67
1802,1304797,c2b2f0fd9e97490a1ce9143a,1802,29,35,236,284,609.1796875,594.16666666666674,0.4609375,0.57407407407407407,False,row1_col1,512,378,0,67
1803,1305662,c2b2f0fd9e97490a1ce9143a,1803,62,48,500,388,1181.0078125,819.5,0.9765625,0.84920634920634919,False,row2_col2,512,378,0,67
1804,1305738,c2b2f0fd9e97490a1ce9143a,1804,10,50,84,404,279.9453125,854.16666666666663,0.1640625,0.89153439153439151,False,row2_col0,512,378,0,67
1805,1306180,c2b2f0fd9e97490a1ce9143a,1805,4,57,36,460,175.9765625,975.50000000000011,0.0703125,1.0396825396825398,True,padding_center,512,378,0,67
1806,1306314,c2b2f0fd9e97490a1ce9143a,1806,10,59,84,476,279.9453125,1010.1666666666667,0.1640625,1.0820105820105821,True,padding_center,512,378,0,67
1807,1308414,829fa0ee35fbd7c1c841a103,1807,62,27,500,220,1167.171875,447.98387096774189,0.9765625,0.40322580645161288,False,row1_col2,512,372,0,70
1808,1309548,829fa0ee35fbd7c1c841a103,1808,44,45,356,364,857.234375,758.04838709677415,0.6953125,0.79032258064516125,False,row2_col2,512,372,0,70
1809,1310041,829fa0ee35fbd7c1c841a103,1809,25,53,204,428,530.078125,895.85483870967744,0.3984375,0.9623655913978495,False,row2_col1,512,372,0,70
1810,1310339,829fa0ee35fbd7c1c841a103,1810,3,58,28,468,151.265625,981.98387096774184,0.0546875,1.0698924731182795,True,padding_center,512,372,0,70
1811,1310364,829fa0ee35fbd7c1c841a103,1811,28,58,228,468,581.734375,981.98387096774184,0.4453125,1.0698924731182795,True,padding_center,512,372,0,70
1812,1311327,b68be114738359817943c9b2,1812,31,9,252,76,650.8515625,137.45238095238096,0.4921875,0.023809523809523808,False,row0_col1,512,378,0,67
1813,1311339,b68be114738359817943c9b2,1813,43,9,348,76,858.4140625,137.45238095238096,0.6796875,0.023809523809523808,False,row0_col2,512,378,0,67
1814,1312881,b68be114738359817943c9b2,1814,49,33,396,268,962.1953125,552.43650793650795,0.7734375,0.53174603174603174,False,row1_col2,512,378,0,67
1815,1313830,b68be114738359817943c9b2,1815,38,48,308,388,771.9296875,811.80158730158723,0.6015625,0.84920634920634919,False,row2_col1,512,378,0,67
1816,1314949,e7c724e78fb9d4020c4926bf,1816,5,2,44,20,193.1328125,14.591891891891891,0.0859375,-0.13783783783783785,True,padding_center,512,370,0,71
1817,1315008,e7c724e78fb9d4020c4926bf,1817,0,3,4,28,106.6484375,31.910810810810801,0.0078125,-0.11621621621621622,True,padding_center,512,370,0,71
1818,1316776,e7c724e78fb9d4020c4926bf,1818,40,30,324,244,798.5234375,499.52162162162165,0.6328125,0.46756756756756757,False,row1_col1,512,370,0,71
1819,1316861,e7c724e78fb9d4020c4926bf,1819,61,31,492,252,1161.7578125,516.84054054054059,0.9609375,0.48918918918918919,False,row1_col2,512,370,0,71
1820,1317298,e7c724e78fb9d4020c4926bf,1820,50,38,404,308,971.4921875,638.07297297297293,0.7890625,0.64054054054054055,False,row1_col2,512,370,0,71
1821,1317641,e7c724e78fb9d4020c4926bf,1821,9,44,76,356,262.3203125,741.98648648648646,0.1484375,0.77027027027027029,False,row2_col0,512,370,0,71
1822,1318057,e7c724e78fb9d4020c4926bf,1822,41,50,332,404,815.8203125,845.89999999999998,0.6484375,0.90000000000000002,False,row2_col1,512,370,0,71
1823,1318397,e7c724e78fb9d4020c4926bf,1823,61,55,492,444,1161.7578125,932.49459459459456,0.9609375,1.008108108108108,True,padding_center,512,370,0,71
1824,1319506,084113d51f52939d74d2a4fd,1824,18,9,148,76,398.703125,159.28,0.2890625,0.021333333333333333,False,row0_col0,512,375,0,68
1825,1320452,084113d51f52939d74d2a4fd,1825,4,24,36,196,156.765625,418.48000000000002,0.0703125,0.34133333333333332,False,row1_col0,512,375,0,68
1826,1320970,084113d51f52939d74d2a4fd,1826,10,32,84,260,260.453125,556.72000000000003,0.1640625,0.51200000000000001,False,row1_col0,512,375,0,68
1827,1320976,084113d51f52939d74d2a4fd,1827,16,32,132,260,364.140625,556.72000000000003,0.2578125,0.51200000000000001,False,row1_col0,512,375,0,68
1828,1321483,084113d51f52939d74d2a4fd,1828,11,40,92,324,277.734375,694.96000000000004,0.1796875,0.68266666666666664,False,row2_col0,512,375,0,68
1829,1321900,084113d51f52939d74d2a4fd,1829,44,46,356,372,848.015625,798.63999999999999,0.6953125,0.81066666666666665,False,row2_col2,512,375,0,68
1830,1322086,084113d51f52939d74d2a4fd,1830,38,49,308,396,744.328125,850.48000000000002,0.6015625,0.8746666666666667,False,row2_col1,512,375,0,68
1831,1322150,084113d51f52939d74d2a4fd,1831,38,50,308,404,744.328125,867.75999999999999,0.6015625,0.89600000000000002,False,row2_col1,512,375,0,68
1832,1323057,37365c15acdfe8cb778d226d,1832,49,0,396,4,970.328125,-6.1129032258064626,0.7734375,-0.17741935483870969,True,padding_center,512,372,0,70
1833,1323190,37365c15acdfe8cb778d226d,1833,54,2,436,20,1056.421875,28.338709677419359,0.8515625,-0.13440860215053763,True,padding_center,512,372,0,70
1834,1324140,37365c15acdfe8cb778d226d,1834,44,17,356,140,884.234375,286.72580645161293,0.6953125,0.18817204301075269,False,row0_col2,512,372,0,70
1835,1324670,37365c15acdfe8cb778d226d,1835,62,25,500,204,1194.171875,424.53225806451616,0.9765625,0.36021505376344087,False,row1_col2,512,372,0,70
1836,1326019,37365c15acdfe8cb778d226d,1836,3,47,28,380,178.265625,803.5,0.0546875,0.83333333333333337,False,row2_col0,512,372,0,70
1837,1326091,37365c15acdfe8cb778d226d,1837,11,48,92,388,316.015625,820.72580645161293,0.1796875,0.85483870967741937,False,row2_col0,512,372,0,70
1838,1326967,37365c15acdfe8cb778d226d,1838,55,61,444,492,1073.640625,1044.6612903225807,0.8671875,1.1344086021505377,True,padding_center,512,372,0,70
1839,1327581,4a2e77ff95f9a40d8e136e34,1839,29,7,236,60,651.5625,113.97275204359673,0.4609375,-0.032697547683923703,True,padding_center,512,367,0,72
1840,1328102,4a2e77ff95f9a40d8e136e34,1840,38,15,308,124,807.9375,252.78474114441417,0.6015625,0.14168937329700274,False,row0_col1,512,367,0,72
1841,1328342,4a2e77ff95f9a40d8e136e34,1841,22,19,180,156,529.9375,322.19073569482288,0.3515625,0.22888283378746593,False,row0_col1,512,367,0,72
1842,1328998,4a2e77ff95f9a40d8e136e34,1842,38,29,308,236,807.9375,495.70572207084467,0.6015625,0.44686648501362397,False,row1_col1,512,367,0,72
1843,1329316,4a2e77ff95f9a40d8e136e34,1843,36,34,292,276,773.1875,582.4632152588556,0.5703125,0.55585831062670299,False,row1_col1,512,367,0,72
1844,1329430,4a2e77ff95f9a40d8e136e34,1844,22,36,180,292,529.9375,617.16621253405992,0.3515625,0.59945504087193457,False,row1_col1,512,367,0,72
1845,1330019,4a2e77ff95f9a40d8e136e34,1845,35,45,284,364,755.8125,773.3297002724795,0.5546875,0.79564032697547682,False,row2_col1,512,367,0,72
1846,1330550,4a2e77ff95f9a40d8e136e34,1846,54,53,436,428,1085.9375,912.14168937329703,0.8515625,0.97002724795640327,False,row2_col2,512,367,0,72
1847,1330621,4a2e77ff95f9a40d8e136e34,1847,61,54,492,436,1207.5625,929.49318801089919,0.9609375,0.99182561307901906,False,row2_col2,512,367,0,72
1848,1330940,4a2e77ff95f9a40d8e136e34,1848,60,59,484,476,1190.1875,1016.2506811989101,0.9453125,1.1008174386920981,True,padding_center,512,367,0,72
1849,1330980,4a2e77ff95f9a40d8e136e34,1849,36,60,292,484,773.1875,1033.6021798365123,0.5703125,1.1226158038147138,True,padding_center,512,367,0,72
1850,1331224,a252f276c55b21904fb18cca,1850,24,0,196,4,524.390625,-9.4959568733153503,0.3828125,-0.17789757412398921,True,padding_center,512,371,0,70
1851,1331940,a252f276c55b21904fb18cca,1851,36,11,292,92,731.765625,180.49865229110512,0.5703125,0.059299191374663072,False,row0_col1,512,371,0,70
1852,1332163,a252f276c55b21904fb18cca,1852,3,15,28,124,161.484375,249.58760107816713,0.0546875,0.14555256064690028,False,row0_col0,512,371,0,70
1853,1333250,a252f276c55b21904fb18cca,1853,2,32,20,260,144.203125,543.21563342318063,0.0390625,0.5121293800539084,False,row1_col0,512,371,0,70
1854,1333564,a252f276c55b21904fb18cca,1854,60,36,484,292,1146.515625,612.30458221024264,0.9453125,0.59838274932614555,False,row1_col2,512,371,0,70
1855,1334146,a252f276c55b21904fb18cca,1855,2,46,20,372,144.203125,785.02695417789755,0.0390625,0.81401617250673852,False,row2_col0,512,371,0,70
1856,1335048,a252f276c55b21904fb18cca,1856,8,60,68,484,247.890625,1026.8382749326145,0.1328125,1.1159029649595686,True,padding_center,512,371,0,70
1857,1335192,a252f276c55b21904fb18cca,1857,24,62,196,500,524.390625,1061.3827493261456,0.3828125,1.1590296495956873,True,padding_center,512,371,0,70
1858,1336213,7b4cc3d763377e93f41b6962,1858,21,14,172,116,466.203125,247.81081081081084,0.3359375,0.12162162162162163,False,row0_col1,512,370,0,71
1859,1336276,7b4cc3d763377e93f41b6962,1859,20,15,164,124,448.984375,265.02162162162165,0.3203125,0.14324324324324325,False,row0_col0,512,370,0,71
1860,1338060,7b4cc3d763377e93f41b6962,1860,12,43,100,348,311.234375,746.92432432432429,0.1953125,0.74864864864864866,False,row2_col0,512,370,0,71
1861,1338415,7b4cc3d763377e93f41b6962,1861,47,48,380,388,913.890625,832.97837837837835,0.7421875,0.85675675675675678,False,row2_col2,512,370,0,71
1862,1339274,7b4cc3d763377e93f41b6962,1862,10,62,84,500,276.796875,1073.9297297297296,0.1640625,1.1594594594594594,True,padding_center,512,370,0,71
1863,1339469,e0669a80e191364577047486,1863,13,1,108,12,342.9296875,-2.7270270270270345,0.2109375,-0.15945945945945947,True,padding_center,512,370,0,71
1864,1339554,e0669a80e191364577047486,1864,34,2,276,20,706.8203125,14.591891891891891,0.5390625,-0.13783783783783785,True,padding_center,512,370,0,71
1865,1339633,e0669a80e191364577047486,1865,49,3,396,28,966.7421875,31.910810810810801,0.7734375,-0.11621621621621622,True,padding_center,512,370,0,71
1866,1340197,e0669a80e191364577047486,1866,37,12,300,100,758.8046875,187.78108108108108,0.5859375,0.078378378378378383,False,row0_col1,512,370,0,71
1867,1340904,e0669a80e191364577047486,1867,40,23,324,188,810.7890625,378.28918918918919,0.6328125,0.31621621621621621,False,row0_col1,512,370,0,71
1868,1341110,e0669a80e191364577047486,1868,54,26,436,212,1053.3828125,430.24594594594595,0.8515625,0.38108108108108107,False,row1_col2,512,370,0,71
1869,1342544,e0669a80e191364577047486,1869,16,49,132,396,394.9140625,828.58108108108115,0.2578125,0.8783783783783784,False,row2_col0,512,370,0,71
1870,1343544,e5f9395628709ae9079eeba0,1870,56,0,452,4,1099.0390625,-13.487738419618523,0.8828125,-0.18528610354223432,True,padding_center,512,367,0,72
1871,1343919,e5f9395628709ae9079eeba0,1871,47,6,380,52,943.0859375,90.621253405994551,0.7421875,-0.054495912806539509,True,padding_center,512,367,0,72
1872,1344447,e5f9395628709ae9079eeba0,1872,63,14,508,116,1220.3359375,229.43324250681198,0.9921875,0.11989100817438691,False,row0_col2,512,367,0,72
1873,1344684,e5f9395628709ae9079eeba0,1873,44,18,356,148,891.1015625,298.83923705722071,0.6953125,0.20708446866485014,False,row0_col2,512,367,0,72
1874,1344989,e5f9395628709ae9079eeba0,1874,29,23,236,188,631.1796875,385.59673024523158,0.4609375,0.31607629427792916,False,row0_col1,512,367,0,72
1875,1345153,e5f9395628709ae9079eeba0,1875,1,26,12,212,145.9921875,437.65122615803818,0.0234375,0.38147138964577659,False,row1_col0,512,367,0,72
1876,1345516,e5f9395628709ae9079eeba0,1876,44,31,356,252,891.1015625,524.40871934604911,0.6953125,0.49046321525885561,False,row1_col2,512,367,0,72
1877,1346028,e5f9395628709ae9079eeba0,1877,44,39,356,316,891.1015625,663.22070844686652,0.6953125,0.66485013623978206,False,row1_col2,512,367,0,72
1878,1346589,e5f9395628709ae9079eeba0,1878,29,48,236,388,631.1796875,819.3841961852861,0.4609375,0.8610354223433242,False,row2_col1,512,367,0,72
1879,1346594,e5f9395628709ae9079eeba0,1879,34,48,276,388,717.8203125,819.3841961852861,0.5390625,0.8610354223433242,False,row2_col1,512,367,0,72
1880,1347031,e5f9395628709ae9079eeba0,1880,23,55,188,444,527.2109375,940.84468664850147,0.3671875,1.013623978201635,True,padding_center,512,367,0,72
1881,1347767,347841146c8588b3b0ef8cd2,1881,55,2,444,20,1042.9140625,22.446808510638306,0.8671875,-0.1276595744680851,True,padding_center,512,376,0,68
1882,1347973,347841146c8588b3b0ef8cd2,1882,5,6,44,52,171.8203125,92.148936170212764,0.0859375,-0.042553191489361701,True,padding_center,512,376,0,68
1883,1348491,347841146c8588b3b0ef8cd2,1883,11,14,92,116,276.3515625,231.55319148936169,0.1796875,0.1276595744680851,False,row0_col0,512,376,0,68
1884,1348758,347841146c8588b3b0ef8cd2,1884,22,18,180,148,467.9921875,301.25531914893617,0.3515625,0.21276595744680851,False,row0_col1,512,376,0,68
1885,1349506,347841146c8588b3b0ef8cd2,1885,2,30,20,244,119.5546875,510.36170212765956,0.0390625,0.46808510638297873,False,row1_col0,512,376,0,68
1886,1350064,347841146c8588b3b0ef8cd2,1886,48,38,388,308,920.9609375,649.76595744680856,0.7578125,0.63829787234042556,False,row1_col2,512,376,0,68
1887,1350866,347841146c8588b3b0ef8cd2,1887,18,51,148,412,398.3046875,876.29787234042556,0.2890625,0.91489361702127658,False,row2_col0,512,376,0,68
1888,1351027,347841146c8588b3b0ef8cd2,1888,51,53,412,428,973.2265625,911.14893617021278,0.8046875,0.95744680851063835,False,row2_col2,512,376,0,68
1889,1351777,f22091c6ec1059e3844fce4e,1889,33,1,268,12,714.6328125,-9.0053333333333399,0.5234375,-0.14933333333333335,True,padding_center,512,375,0,68
1890,1352001,f22091c6ec1059e3844fce4e,1890,1,5,12,44,157.1328125,60.711999999999996,0.0234375,-0.064000000000000001,True,padding_center,512,375,0,68
1891,1352819,f22091c6ec1059e3844fce4e,1891,51,17,412,140,1028.2265625,269.86400000000003,0.8046875,0.192,False,row0_col2,512,375,0,68
1892,1354638,f22091c6ec1059e3844fce4e,1892,14,46,116,372,383.6171875,775.31466666666665,0.2265625,0.81066666666666665,False,row2_col0,512,375,0,68
1893,1356142,e011d89cc836ba1aa1bc02a9,1893,46,5,372,44,911.6640625,72.054347826086953,0.7265625,-0.076086956521739135,True,padding_center,512,368,0,72
1894,1356435,e011d89cc836ba1aa1bc02a9,1894,19,10,156,84,442.1171875,159.11956521739131,0.3046875,0.032608695652173912,False,row0_col0,512,368,0,72
1895,1356526,e011d89cc836ba1aa1bc02a9,1895,46,11,372,92,911.6640625,176.53260869565219,0.7265625,0.05434782608695652,False,row0_col2,512,368,0,72
1896,1357209,e011d89cc836ba1aa1bc02a9,1896,25,22,204,180,546.4609375,368.07608695652175,0.3984375,0.29347826086956524,False,row0_col1,512,368,0,72
1897,1357614,e011d89cc836ba1aa1bc02a9,1897,46,28,372,228,911.6640625,472.55434782608694,0.7265625,0.42391304347826086,False,row1_col2,512,368,0,72
1898,1360617,13b0152a68a53d6271f1d621,1898,41,11,332,92,760.8203125,168.2421052631579,0.6484375,0.068421052631578952,False,row0_col1,512,380,0,66
1899,1360890,13b0152a68a53d6271f1d621,1899,58,15,468,124,1054.8671875,237.46315789473684,0.9140625,0.15263157894736842,False,row0_col2,512,380,0,66
1900,1361019,13b0152a68a53d6271f1d621,1900,59,17,476,140,1072.1640625,272.07368421052632,0.9296875,0.19473684210526315,False,row0_col2,512,380,0,66
1901,1362131,13b0152a68a53d6271f1d621,1901,19,35,156,284,380.2890625,583.56842105263161,0.3046875,0.5736842105263158,False,row1_col0,512,380,0,66
1902,1363103,13b0152a68a53d6271f1d621,1902,31,50,252,404,587.8515625,843.14736842105265,0.4921875,0.88947368421052631,False,row2_col1,512,380,0,66
1903,1363339,13b0152a68a53d6271f1d621,1903,11,54,92,436,241.9140625,912.36842105263156,0.1796875,0.97368421052631582,False,row2_col0,512,380,0,66
1904,1364546,7caf0646c5e1a5cc3ec3968d,1904,2,9,20,76,128.046875,156.91935483870967,0.0390625,0.016129032258064516,False,row0_col0,512,372,0,70
1905,1364561,7caf0646c5e1a5cc3ec3968d,1905,17,9,140,76,386.328125,156.91935483870967,0.2734375,0.016129032258064516,False,row0_col0,512,372,0,70
1906,1364987,7caf0646c5e1a5cc3ec3968d,1906,59,15,476,124,1109.515625,260.27419354838707,0.9296875,0.14516129032258066,False,row0_col2,512,372,0,70
1907,1365701,7caf0646c5e1a5cc3ec3968d,1907,5,27,44,220,179.703125,466.98387096774189,0.0859375,0.40322580645161288,False,row1_col0,512,372,0,70
1908,1365996,7caf0646c5e1a5cc3ec3968d,1908,44,31,356,252,851.234375,535.88709677419354,0.6953125,0.489247311827957,False,row1_col2,512,372,0,70
1909,1366629,7caf0646c5e1a5cc3ec3968d,1909,37,41,300,332,730.703125,708.14516129032256,0.5859375,0.70430107526881724,False,row2_col1,512,372,0,70
1910,1366731,7caf0646c5e1a5cc3ec3968d,1910,11,43,92,348,283.015625,742.59677419354841,0.1796875,0.74731182795698925,False,row2_col0,512,372,0,70
1911,1366932,7caf0646c5e1a5cc3ec3968d,1911,20,46,164,372,437.984375,794.27419354838707,0.3203125,0.81182795698924726,False,row2_col0,512,372,0,70
1912,1368925,1b4772939ca9ecd9e08d219a,1912,29,13,236,108,599.5625,213.29473684210527,0.4609375,0.11052631578947368,False,row0_col1,512,380,0,66
1913,1369093,1b4772939ca9ecd9e08d219a,1913,5,16,44,132,182.5625,265.46315789473687,0.0859375,0.1736842105263158,False,row0_col0,512,380,0,66
1914,1369483,1b4772939ca9ecd9e08d219a,1914,11,22,92,180,286.8125,369.79999999999995,0.1796875,0.29999999999999999,False,row0_col0,512,380,0,66
1915,1369951,1b4772939ca9ecd9e08d219a,1915,31,29,252,236,634.3125,491.5263157894737,0.4921875,0.44736842105263158,False,row1_col1,512,380,0,66
1916,1372493,4d5c5a4af0d0418475b08f37,1916,13,5,108,44,375.453125,74.297872340425528,0.2109375,-0.063829787234042548,True,padding_center,512,376,0,68
1917,1373035,4d5c5a4af0d0418475b08f37,1917,43,13,348,108,892.015625,212.17021276595744,0.6796875,0.10638297872340426,False,row0_col2,512,376,0,68
1918,1373211,4d5c5a4af0d0418475b08f37,1918,27,16,220,132,616.515625,263.87234042553189,0.4296875,0.1702127659574468,False,row0_col1,512,376,0,68
1919,1373460,4d5c5a4af0d0418475b08f37,1919,20,20,164,164,495.984375,332.80851063829789,0.3203125,0.25531914893617019,False,row0_col0,512,376,0,68
1920,1373729,4d5c5a4af0d0418475b08f37,1920,33,24,268,196,719.828125,401.74468085106383,0.5234375,0.34042553191489361,False,row1_col1,512,376,0,68
1921,1373797,4d5c5a4af0d0418475b08f37,1921,37,25,300,204,788.703125,418.97872340425533,0.5859375,0.36170212765957449,False,row1_col1,512,376,0,68
1922,1374245,4d5c5a4af0d0418475b08f37,1922,37,32,300,260,788.703125,539.61702127659578,0.5859375,0.51063829787234039,False,row1_col1,512,376,0,68
1923,1375296,4d5c5a4af0d0418475b08f37,1923,0,49,4,396,151.609375,832.59574468085111,0.0078125,0.87234042553191493,False,row2_col0,512,376,0,68
1924,1375651,4d5c5a4af0d0418475b08f37,1924,35,54,284,436,754.265625,918.76595744680844,0.5546875,0.97872340425531912,False,row2_col1,512,376,0,68
1925,1376100,4d5c5a4af0d0418475b08f37,1925,36,61,292,492,771.484375,1039.4042553191489,0.5703125,1.1276595744680851,True,padding_center,512,376,0,68
1926,1378394,2c3f234377604e8dcb2d2a73,1926,26,33,212,268,561.3671875,557.95652173913049,0.4140625,0.53260869565217395,False,row1_col1,512,368,0,72
1927,1378621,2c3f234377604e8dcb2d2a73,1927,61,36,492,292,1166.7578125,609.86956521739125,0.9609375,0.59782608695652173,False,row1_col2,512,368,0,72
1928,1380264,2c3f234377604e8dcb2d2a73,1928,40,62,324,500,803.5234375,1059.7826086956522,0.6328125,1.1630434782608696,True,padding_center,512,368,0,72
1929,1380757,d966074aac618fed4e291ae3,1929,21,6,172,52,457.1953125,97.658097686375328,0.3359375,-0.02313624678663239,True,padding_center,512,389,0,61
1930,1381512,d966074aac618fed4e291ae3,1930,8,18,68,148,233.9609375,303.97172236503854,0.1328125,0.2236503856041131,False,row0_col0,512,389,0,61
1931,1382414,d966074aac618fed4e291ae3,1931,14,32,116,260,336.9921875,544.67095115681229,0.2265625,0.51156812339331614,False,row1_col0,512,389,0,61
1932,1382445,d966074aac618fed4e291ae3,1932,45,32,364,260,869.3203125,544.67095115681229,0.7109375,0.51156812339331614,False,row1_col2,512,389,0,61
1933,1383784,d966074aac618fed4e291ae3,1933,40,53,324,428,783.4609375,905.71979434447303,0.6328125,0.94344473007712082,False,row2_col1,512,389,0,61
1934,1383942,d966074aac618fed4e291ae3,1934,6,56,52,452,199.6171875,957.2982005141389,0.1015625,1.0051413881748072,True,padding_center,512,389,0,61
1935,1384659,69ce82acc0f6112757b0f61b,1935,19,3,156,28,443.2890625,39.910810810810801,0.3046875,-0.11621621621621622,True,padding_center,512,370,0,71
1936,1386098,69ce82acc0f6112757b0f61b,1936,50,25,404,204,979.4921875,420.92702702702701,0.7890625,0.35945945945945945,False,row1_col2,512,370,0,71
1937,1386244,69ce82acc0f6112757b0f61b,1937,4,28,36,228,183.8359375,472.88378378378377,0.0703125,0.42432432432432432,False,row1_col0,512,370,0,71
1938,1386399,69ce82acc0f6112757b0f61b,1938,31,30,252,244,650.8515625,507.52162162162165,0.4921875,0.46756756756756757,False,row1_col1,512,370,0,71
1939,1386684,69ce82acc0f6112757b0f61b,1939,60,34,484,276,1152.4609375,576.79729729729729,0.9453125,0.55405405405405406,False,row1_col2,512,370,0,71
1940,1387176,69ce82acc0f6112757b0f61b,1940,40,42,324,340,806.5234375,715.34864864864869,0.6328125,0.72702702702702704,False,row2_col1,512,370,0,71
1941,1387190,69ce82acc0f6112757b0f61b,1941,54,42,436,340,1048.6796875,715.34864864864869,0.8515625,0.72702702702702704,False,row2_col2,512,370,0,71
1942,1387500,69ce82acc0f6112757b0f61b,1942,44,47,356,380,875.7109375,801.94324324324327,0.6953125,0.83513513513513515,False,row2_col2,512,370,0,71
1943,1388390,69ce82acc0f6112757b0f61b,1943,38,61,308,492,771.9296875,1044.4081081081081,0.6015625,1.1378378378378378,True,padding_center,512,370,0,71
1944,1388463,69ce82acc0f6112757b0f61b,1944,47,62,380,500,927.6015625,1061.7270270270269,0.7421875,1.1594594594594594,True,padding_center,512,370,0,71
1945,1388655,8406bcde35f072bc956e4b05,1945,47,1,380,12,921.0859375,-0.39010989010989761,0.7421875,-0.17032967032967034,True,padding_center,512,364,0,74
1946,1388764,8406bcde35f072bc956e4b05,1946,28,3,228,28,591.8515625,34.291208791208788,0.4453125,-0.12637362637362637,True,padding_center,512,364,0,74
1947,1390152,8406bcde35f072bc956e4b05,1947,8,25,68,204,245.2890625,415.78571428571428,0.1328125,0.35714285714285715,False,row1_col0,512,364,0,74
1948,1390959,8406bcde35f072bc956e4b05,1948,47,37,380,300,921.0859375,623.87362637362639,0.7421875,0.62087912087912089,False,row1_col2,512,364,0,74
1949,1391425,8406bcde35f072bc956e4b05,1949,1,45,12,364,123.9921875,762.59890109890102,0.0234375,0.79670329670329665,False,row2_col0,512,364,0,74
1950,1391636,8406bcde35f072bc956e4b05,1950,20,48,164,388,453.2265625,814.62087912087918,0.3203125,0.86263736263736268,False,row2_col0,512,364,0,74
1951,1393236,aeb6f3350dd903eec76c1d2f,1951,20,9,164,76,464.2265625,135.33516483516485,0.3203125,0.0054945054945054949,False,row0_col0,512,364,0,74
1952,1394622,aeb6f3350dd903eec76c1d2f,1952,62,30,500,244,1192.0078125,499.48901098901098,0.9765625,0.46703296703296704,False,row1_col2,512,364,0,74
1953,1395882,aeb6f3350dd903eec76c1d2f,1953,42,50,340,404,845.4453125,846.30219780219784,0.6640625,0.90659340659340659,False,row2_col1,512,364,0,74
1954,1397052,178406615aaeb3e456e1b3cc,1954,60,4,484,36,1146.1875,41.587301587301596,0.9453125,-0.082010582010582006,True,padding_center,512,378,0,67
1955,1399097,178406615aaeb3e456e1b3cc,1955,57,36,460,292,1094.0625,598.28571428571422,0.8984375,0.59523809523809523,False,row1_col2,512,378,0,67
1956,1399127,178406615aaeb3e456e1b3cc,1956,23,37,188,300,503.3125,615.68253968253975,0.3671875,0.6164021164021164,False,row1_col1,512,378,0,67
1957,1399213,178406615aaeb3e456e1b3cc,1957,45,38,364,308,885.5625,633.07936507936506,0.7109375,0.63756613756613756,False,row1_col2,512,378,0,67
1958,1399299,178406615aaeb3e456e1b3cc,1958,3,40,28,324,155.8125,667.8730158730159,0.0546875,0.67989417989417988,False,row2_col0,512,378,0,67
1959,1400393,178406615aaeb3e456e1b3cc,1959,9,57,76,460,260.0625,963.61904761904771,0.1484375,1.0396825396825398,True,padding_center,512,378,0,67
1960,1400401,178406615aaeb3e456e1b3cc,1960,17,57,140,460,399.0625,963.61904761904771,0.2734375,1.0396825396825398,True,padding_center,512,378,0,67
1961,1402620,fb0fc8380eda2b3a475c35eb,1961,60,27,484,220,1143.734375,445.44680851063828,0.9453125,0.40425531914893614,False,row1_col2,512,376,0,68
1962,1402712,fb0fc8380eda2b3a475c35eb,1962,24,29,196,236,523.859375,479.91489361702128,0.3828125,0.44680851063829785,False,row1_col1,512,376,0,68
1963,1403183,fb0fc8380eda2b3a475c35eb,1963,47,36,380,292,919.890625,600.55319148936167,0.7421875,0.5957446808510638,False,row1_col2,512,376,0,68
1964,1403273,fb0fc8380eda2b3a475c35eb,1964,9,38,76,308,265.578125,635.02127659574467,0.1484375,0.63829787234042556,False,row1_col0,512,376,0,68
1965,1404444,fb0fc8380eda2b3a475c35eb,1965,28,56,228,452,592.734375,945.23404255319144,0.4453125,1.0212765957446808,True,padding_center,512,376,0,68
1966,1404897,fb0fc8380eda2b3a475c35eb,1966,33,63,268,508,678.828125,1065.872340425532,0.5234375,1.1702127659574468,True,padding_center,512,376,0,68
1967,1406215,4f1c77f5d121ab64501fbab2,1967,7,20,60,164,257.7265625,333.41397849462362,0.1171875,0.25268817204301075,False,row0_col0,512,372,0,70
1968,1406629,4f1c77f5d121ab64501fbab2,1968,37,26,300,212,776.6328125,437.28494623655911,0.5859375,0.38172043010752688,False,row1_col1,512,372,0,70
1969,1406844,4f1c77f5d121ab64501fbab2,1969,60,29,484,236,1174.4609375,489.22043010752685,0.9453125,0.44623655913978494,False,row1_col2,512,372,0,70
1970,1406940,4f1c77f5d121ab64501fbab2,1970,28,31,228,252,620.9609375,523.8440860215054,0.4453125,0.489247311827957,False,row1_col1,512,372,0,70
1971,1407523,4f1c77f5d121ab64501fbab2,1971,35,40,284,324,742.0390625,679.65053763440858,0.5546875,0.68279569892473113,False,row2_col1,512,372,0,70
1972,1407799,4f1c77f5d121ab64501fbab2,1972,55,44,444,356,1087.9765625,748.89784946236557,0.8671875,0.76881720430107525,False,row2_col2,512,372,0,70
1973,1407806,4f1c77f5d121ab64501fbab2,1973,62,44,500,356,1209.0546875,748.89784946236557,0.9765625,0.76881720430107525,False,row2_col2,512,372,0,70
1974,1409117,0e73d5b73d8a048c26edff31,1974,29,1,236,12,627.2578125,-8.7826086956521863,0.4609375,-0.16304347826086957,True,padding_center,512,368,0,72
1975,1409121,0e73d5b73d8a048c26edff31,1975,33,1,268,12,696.4453125,-8.7826086956521863,0.5234375,-0.16304347826086957,True,padding_center,512,368,0,72
1976,1409270,0e73d5b73d8a048c26edff31,1976,54,3,436,28,1059.6796875,25.826086956521735,0.8515625,-0.11956521739130435,True,padding_center,512,368,0,72
1977,1409741,0e73d5b73d8a048c26edff31,1977,13,11,108,92,350.5078125,164.26086956521738,0.2109375,0.05434782608695652,False,row0_col0,512,368,0,72
1978,1411916,0e73d5b73d8a048c26edff31,1978,12,45,100,364,333.2109375,752.60869565217388,0.1953125,0.79347826086956519,False,row2_col0,512,368,0,72
1979,1412707,0e73d5b73d8a048c26edff31,1979,35,57,284,460,731.0390625,960.26086956521738,0.5546875,1.0543478260869565,True,padding_center,512,368,0,72
1980,1412728,0e73d5b73d8a048c26edff31,1980,56,57,452,460,1094.2734375,960.26086956521738,0.8828125,1.0543478260869565,True,padding_center,512,368,0,72
1981,1413162,f2a63220b9188d0728d33d45,1981,42,0,340,4,816.796875,-19.261780104712045,0.6640625,-0.15968586387434555,True,padding_center,512,382,0,65
1982,1413529,f2a63220b9188d0728d33d45,1982,25,6,204,52,524.078125,84.026178010471199,0.3984375,-0.034031413612565446,True,padding_center,512,382,0,65
1983,1413905,f2a63220b9188d0728d33d45,1983,17,12,140,100,386.328125,187.31413612565444,0.2734375,0.091623036649214659,False,row0_col0,512,382,0,65
1984,1414479,f2a63220b9188d0728d33d45,1984,15,21,124,172,351.890625,342.24607329842934,0.2421875,0.28010471204188481,False,row0_col0,512,382,0,65
1985,1414606,f2a63220b9188d0728d33d45,1985,14,23,116,188,334.671875,376.67539267015707,0.2265625,0.3219895287958115,False,row0_col0,512,382,0,65
1986,1414851,f2a63220b9188d0728d33d45,1986,3,27,28,220,145.265625,445.53403141361258,0.0546875,0.40575916230366493,False,row1_col0,512,382,0,65
1987,1416254,f2a63220b9188d0728d33d45,1987,62,48,500,388,1161.171875,807.04188481675396,0.9765625,0.84554973821989532,False,row2_col2,512,382,0,65
1988,1416480,f2a63220b9188d0728d33d45,1988,32,52,260,420,644.609375,875.90052356020942,0.5078125,0.9293193717277487,False,row2_col1,512,382,0,65
1989,1417019,f2a63220b9188d0728d33d45,1989,59,60,476,484,1109.515625,1013.6178010471205,0.9296875,1.0968586387434556,True,padding_center,512,382,0,65
1990,1418013,8deef7cbf795dc5034389593,1990,29,12,236,100,578.5703125,204.90185676392574,0.4609375,0.087533156498673742,False,row0_col1,512,377,0,67
1991,1419204,8deef7cbf795dc5034389593,1991,4,31,36,252,149.2734375,531.48010610079575,0.0703125,0.49071618037135278,False,row1_col0,512,377,0,67
1992,1419349,8deef7cbf795dc5034389593,1992,21,33,172,268,441.1953125,565.85676392572941,0.3359375,0.53315649867374004,False,row1_col1,512,377,0,67
1993,1419829,8deef7cbf795dc5034389593,1993,53,40,428,324,990.6953125,686.17506631299739,0.8359375,0.6816976127320955,False,row2_col2,512,377,0,67
1994,1421313,e10a5a39c537eaf14c46b2be,1994,1,0,12,4,135.828125,-0.87234042553191671,0.0234375,-0.1702127659574468,True,padding_center,512,376,0,68
1995,1422353,e10a5a39c537eaf14c46b2be,1995,17,16,140,132,411.328125,274.87234042553189,0.2734375,0.1702127659574468,False,row0_col0,512,376,0,68
1996,1422511,e10a5a39c537eaf14c46b2be,1996,47,18,380,148,927.890625,309.34042553191489,0.7421875,0.21276595744680851,False,row0_col2,512,376,0,68
1997,1424309,e10a5a39c537eaf14c46b2be,1997,53,46,428,372,1031.203125,791.89361702127655,0.8359375,0.80851063829787229,False,row2_col2,512,376,0,68
1998,1424355,e10a5a39c537eaf14c46b2be,1998,35,47,284,380,721.265625,809.12765957446811,0.5546875,0.82978723404255317,False,row2_col1,512,376,0,68
1999,1424790,e10a5a39c537eaf14c46b2be,1999,22,54,180,436,497.421875,929.76595744680844,0.3515625,0.97872340425531912,False,row2_col1,512,376,0,68
2000,1425977,896ecacb2e63e157dc4e35d7,2000,57,8,460,68,1143.7578125,130.5261780104712,0.8984375,0.0078534031413612562,False,row0_col2,512,382,0,65
2001,1426019,896ecacb2e63e157dc4e35d7,2001,35,9,284,76,760.4765625,147.92931937172776,0.5546875,0.028795811518324606,False,row0_col1,512,382,0,65
2002,1426446,896ecacb2e63e157dc4e35d7,2002,14,16,116,132,394.6171875,269.75130890052355,0.2265625,0.17539267015706805,False,row0_col0,512,382,0,65
2003,1426454,896ecacb2e63e157dc4e35d7,2003,22,16,180,132,533.9921875,269.75130890052355,0.3515625,0.17539267015706805,False,row0_col1,512,382,0,65
2004,1427388,896ecacb2e63e157dc4e35d7,2004,60,30,484,244,1196.0234375,513.3952879581152,0.9453125,0.468586387434555,False,row1_col2,512,382,0,65
2005,1427670,896ecacb2e63e157dc4e35d7,2005,22,35,180,284,533.9921875,600.41099476439786,0.3515625,0.57329842931937169,False,row1_col1,512,382,0,65
2006,1428019,896ecacb2e63e157dc4e35d7,2006,51,40,412,324,1039.2265625,687.42670157068062,0.8046875,0.67801047120418845,False,row2_col2,512,382,0,65
2007,1429572,bacd8d5cf67fb7f5bb3c16e1,2007,4,1,36,12,197.765625,-2.1689008042895352,0.0703125,-0.15281501340482573,True,padding_center,512,373,0,69
2008,1438996,4d84e8bbae7d2af42353df02,2008,20,20,164,164,421.1875,326.72413793103448,0.3203125,0.2572944297082228,False,row0_col0,512,377,0,67
2009,1439337,4d84e8bbae7d2af42353df02,2009,41,25,332,204,786.0625,413.62068965517244,0.6484375,0.36339522546419101,False,row1_col1,512,377,0,67
2010,1439521,4d84e8bbae7d2af42353df02,2010,33,28,268,228,647.0625,465.75862068965517,0.5234375,0.4270557029177719,False,row1_col1,512,377,0,67
2011,1442370,1219cb310706faa103ce419b,2011,2,9,20,76,136.203125,126.48493150684931,0.0390625,0.00821917808219178,False,row0_col0,512,365,0,73
2012,1444096,1219cb310706faa103ce419b,2012,0,36,4,292,101.640625,593.39999999999998,0.0078125,0.59999999999999998,False,row1_col0,512,365,0,73
2013,1445112,1219cb310706faa103ce419b,2013,56,51,452,412,1069.390625,852.7972602739726,0.8828125,0.92876712328767119,False,row2_col2,512,365,0,73
2014,1447192,d80aa3f118aa9582d473ba58,2014,24,20,196,164,544.5390625,306.74866310160428,0.3828125,0.25401069518716579,False,row0_col1,512,374,0,69
2015,1448340,d80aa3f118aa9582d473ba58,2015,20,38,164,308,475.2265625,618.62032085561498,0.3203125,0.63903743315508021,False,row1_col0,512,374,0,69
2016,1448804,d80aa3f118aa9582d473ba58,2016,36,45,292,364,752.4765625,739.90374331550811,0.5703125,0.78877005347593587,False,row2_col1,512,374,0,69
2017,1448873,d80aa3f118aa9582d473ba58,2017,41,46,332,372,839.1171875,757.22994652406419,0.6484375,0.81016042780748665,False,row2_col1,512,374,0,69
2018,1449619,d80aa3f118aa9582d473ba58,2018,19,58,156,468,457.8984375,965.14438502673795,0.3046875,1.0668449197860963,True,padding_center,512,374,0,69
2019,1450124,53f85fa89c59271d3ffb3641,2019,12,2,100,20,355.234375,-7.4042553191489304,0.1953125,-0.1276595744680851,True,padding_center,512,376,0,68
2020,1450214,53f85fa89c59271d3ffb3641,2020,38,3,308,28,802.921875,9.8297872340425556,0.6015625,-0.10638297872340426,True,padding_center,512,376,0,68
2021,1451313,53f85fa89c59271d3ffb3641,2021,49,20,396,164,992.328125,302.80851063829789,0.7734375,0.25531914893617019,False,row0_col2,512,376,0,68
2022,1451321,53f85fa89c59271d3ffb3641,2022,57,20,460,164,1130.078125,302.80851063829789,0.8984375,0.25531914893617019,False,row0_col2,512,376,0,68
2023,1451821,53f85fa89c59271d3ffb3641,2023,45,28,364,228,923.453125,440.68085106382978,0.7109375,0.42553191489361702,False,row1_col2,512,376,0,68
2024,1453930,53f85fa89c59271d3ffb3641,2024,42,61,340,492,871.796875,1009.4042553191489,0.6640625,1.1276595744680851,True,padding_center,512,376,0,68
2025,1455803,64e11d7683e404d870ca400b,2025,59,26,476,212,1173.0234375,432.69291338582673,0.9296875,0.38582677165354329,False,row1_col2,512,381,0,65
2026,1456235,64e11d7683e404d870ca400b,2026,43,33,348,268,895.7734375,554.09973753280838,0.6796875,0.53280839895013121,False,row1_col2,512,381,0,65
2027,1456346,64e11d7683e404d870ca400b,2027,26,35,212,284,601.1953125,588.7874015748032,0.4140625,0.57480314960629919,False,row1_col1,512,381,0,65
2028,1457090,64e11d7683e404d870ca400b,2028,2,47,20,380,185.3203125,796.91338582677167,0.0390625,0.82677165354330706,False,row2_col0,512,381,0,65
2029,1457123,64e11d7683e404d870ca400b,2029,35,47,284,380,757.1484375,796.91338582677167,0.5546875,0.82677165354330706,False,row2_col1,512,381,0,65
2030,1457367,64e11d7683e404d870ca400b,2030,23,51,188,412,549.2109375,866.28871391076109,0.3671875,0.91076115485564302,False,row2_col1,512,381,0,65
2031,1458479,462b47fa3de976e72a9b5115,2031,47,4,380,36,965.0859375,40.529411764705884,0.7421875,-0.088235294117647065,True,padding_center,512,374,0,69
2032,1459364,462b47fa3de976e72a9b5115,2032,36,18,292,148,774.4765625,283.096256684492,0.5703125,0.21122994652406418,False,row0_col1,512,374,0,69
2033,1461009,462b47fa3de976e72a9b5115,2033,17,44,140,356,445.2421875,733.5775401069518,0.2734375,0.76737967914438499,False,row2_col0,512,374,0,69
2034,1461196,462b47fa3de976e72a9b5115,2034,12,47,100,380,358.6015625,785.55614973262027,0.1953125,0.83155080213903743,False,row2_col0,512,374,0,69
2035,1461259,462b47fa3de976e72a9b5115,2035,11,48,92,388,341.2734375,802.88235294117646,0.1796875,0.8529411764705882,False,row2_col0,512,374,0,69
2036,1461632,462b47fa3de976e72a9b5115,2036,0,54,4,436,150.6640625,906.8395721925134,0.0078125,0.98128342245989308,False,row2_col0,512,374,0,69
2037,1461834,462b47fa3de976e72a9b5115,2037,10,57,84,460,323.9453125,958.81818181818176,0.1640625,1.0454545454545454,True,padding_center,512,374,0,69
2038,1462998,b9fd7826307ce6bb94f27b18,2038,22,11,180,92,519.9921875,173.90322580645162,0.3515625,0.059139784946236562,False,row0_col1,512,372,0,70
2039,1463394,b9fd7826307ce6bb94f27b18,2039,34,17,276,140,729.0546875,278.41935483870964,0.5390625,0.18817204301075269,False,row0_col1,512,372,0,70
2040,1463500,b9fd7826307ce6bb94f27b18,2040,12,19,100,156,345.7734375,313.25806451612902,0.1953125,0.23118279569892472,False,row0_col0,512,372,0,70
2041,1463933,b9fd7826307ce6bb94f27b18,2041,61,25,492,204,1199.4453125,417.77419354838713,0.9609375,0.36021505376344087,False,row1_col2,512,372,0,70
2042,1464164,b9fd7826307ce6bb94f27b18,2042,36,29,292,236,763.8984375,487.45161290322579,0.5703125,0.44623655913978494,False,row1_col1,512,372,0,70
2043,1465812,b9fd7826307ce6bb94f27b18,2043,20,55,164,444,485.1484375,940.35483870967744,0.3203125,1.0053763440860215,True,padding_center,512,372,0,70
2044,1466266,b9fd7826307ce6bb94f27b18,2044,26,62,212,500,589.6796875,1062.2903225806454,0.4140625,1.1559139784946237,True,padding_center,512,372,0,70
2045,1466910,7d4e47ad65dc99387ba61cb2,2045,30,8,244,68,655.5546875,123.1917808219178,0.4765625,-0.013698630136986301,True,padding_center,512,365,0,73
2046,1467368,7d4e47ad65dc99387ba61cb2,2046,40,15,324,124,828.5234375,244.24383561643836,0.6328125,0.13972602739726028,False,row0_col1,512,365,0,73
2047,1469372,7d4e47ad65dc99387ba61cb2,2047,60,46,484,372,1174.4609375,780.33150684931502,0.9453125,0.81917808219178079,False,row2_col2,512,365,0,73
2048,1469895,7d4e47ad65dc99387ba61cb2,2048,7,55,60,444,257.7265625,935.96986301369861,0.1171875,1.0164383561643835,True,padding_center,512,365,0,73
2049,1470008,7d4e47ad65dc99387ba61cb2,2049,56,56,452,452,1105.2734375,953.26301369863017,0.8828125,1.0383561643835617,True,padding_center,512,365,0,73
2050,1470211,7d4e47ad65dc99387ba61cb2,2050,3,60,28,484,188.5390625,1022.4356164383561,0.0546875,1.1260273972602739,True,padding_center,512,365,0,73
2051,1470851,0f6e303814c6beca4197c87d,2051,3,6,28,52,150.6484375,88.630434782608688,0.0546875,-0.05434782608695652,True,padding_center,512,368,0,72
2052,1472152,0f6e303814c6beca4197c87d,2052,24,26,196,212,514.5390625,435.58695652173913,0.3828125,0.38043478260869568,False,row1_col1,512,368,0,72
2053,1473166,0f6e303814c6beca4197c87d,2053,14,42,116,340,341.2578125,713.1521739130435,0.2265625,0.72826086956521741,False,row2_col0,512,368,0,72
2054,1474091,0f6e303814c6beca4197c87d,2054,43,56,348,452,843.7734375,956.02173913043475,0.6796875,1.0326086956521738,True,padding_center,512,368,0,72
2055,1475737,84660a36fd2a77d5af219fa3,2055,25,18,204,148,583.8671875,302.096256684492,0.3984375,0.21122994652406418,False,row0_col1,512,374,0,69
2056,1475898,84660a36fd2a77d5af219fa3,2056,58,20,468,164,1155.6953125,336.74866310160428,0.9140625,0.25401069518716579,False,row0_col2,512,374,0,69
2057,1476412,84660a36fd2a77d5af219fa3,2057,60,28,484,228,1190.3515625,475.35828877005343,0.9453125,0.42513368983957217,False,row1_col2,512,374,0,69
2058,1476808,84660a36fd2a77d5af219fa3,2058,8,35,68,284,289.2890625,596.64171122994651,0.1328125,0.57486631016042777,False,row1_col0,512,374,0,69
2059,1478089,84660a36fd2a77d5af219fa3,2059,9,55,76,444,306.6171875,943.16577540106948,0.1484375,1.0026737967914439,True,padding_center,512,374,0,69
2060,1479707,cb497568001f41f6f930efc3,2060,27,16,220,132,609.234375,258.78260869565219,0.4296875,0.16304347826086957,False,row0_col1,512,368,0,72
2061,1481051,cb497568001f41f6f930efc3,2061,27,37,220,300,609.234375,622.17391304347825,0.4296875,0.61956521739130432,False,row1_col1,512,368,0,72
2062,1481129,cb497568001f41f6f930efc3,2062,41,38,332,308,851.171875,639.47826086956525,0.6484375,0.64130434782608692,False,row1_col1,512,368,0,72
2063,1481835,cb497568001f41f6f930efc3,2063,43,49,348,396,885.734375,829.82608695652175,0.6796875,0.88043478260869568,False,row2_col2,512,368,0,72
2064,1481873,cb497568001f41f6f930efc3,2064,17,50,140,404,436.421875,847.13043478260875,0.2734375,0.90217391304347827,False,row2_col0,512,368,0,72
2065,1482050,cb497568001f41f6f930efc3,2065,2,53,20,428,177.203125,899.04347826086951,0.0390625,0.96739130434782605,False,row2_col0,512,368,0,72
2066,1484343,dbf24df1fbf05890f62cb775,2066,55,24,444,196,1095.3125,413.78116343490308,0.8671875,0.33518005540166207,False,row1_col2,512,361,0,75
2067,1485685,dbf24df1fbf05890f62cb775,2067,53,45,428,364,1060.5625,778.63434903047096,0.8359375,0.80055401662049863,False,row2_col2,512,361,0,75
2068,1485852,dbf24df1fbf05890f62cb775,2068,28,48,228,388,626.1875,830.75623268698064,0.4453125,0.86703601108033246,False,row2_col1,512,361,0,75
2069,1487787,7d00ebc629cbbfbb3f3acc64,2069,43,14,348,116,823.8125,218.43324250681198,0.6796875,0.11989100817438691,False,row0_col2,512,367,0,72
2070,1488048,7d00ebc629cbbfbb3f3acc64,2070,48,18,388,148,910.6875,287.83923705722071,0.7578125,0.20708446866485014,False,row0_col2,512,367,0,72
2071,1488550,7d00ebc629cbbfbb3f3acc64,2071,38,26,308,212,736.9375,426.65122615803818,0.6015625,0.38147138964577659,False,row1_col1,512,367,0,72
2072,1488765,7d00ebc629cbbfbb3f3acc64,2072,61,29,492,236,1136.5625,478.70572207084467,0.9609375,0.44686648501362397,False,row1_col2,512,367,0,72
2073,1488854,7d00ebc629cbbfbb3f3acc64,2073,22,31,180,252,458.9375,513.40871934604911,0.3515625,0.49046321525885561,False,row1_col1,512,367,0,72
2074,1489907,7d00ebc629cbbfbb3f3acc64,2074,51,47,412,380,962.8125,791.03269754768394,0.8046875,0.8392370572207084,False,row2_col2,512,367,0,72
2075,1492198,03b92d95da6694e6f43e0193,2075,38,19,308,156,766.921875,302.21502590673572,0.6015625,0.24093264248704663,False,row0_col1,512,386,0,63
2076,1492203,03b92d95da6694e6f43e0193,2076,43,19,348,156,853.015625,302.21502590673572,0.6796875,0.24093264248704663,False,row0_col2,512,386,0,63
2077,1492322,03b92d95da6694e6f43e0193,2077,34,21,276,172,698.046875,336.66062176165804,0.5390625,0.28238341968911918,False,row0_col1,512,386,0,63
2078,1492497,03b92d95da6694e6f43e0193,2078,17,24,140,196,405.328125,388.32901554404145,0.2734375,0.34455958549222798,False,row1_col0,512,386,0,63
2079,1492893,03b92d95da6694e6f43e0193,2079,29,30,236,244,611.953125,491.66580310880829,0.4609375,0.4689119170984456,False,row1_col1,512,386,0,63
2080,1493407,03b92d95da6694e6f43e0193,2080,31,38,252,308,646.390625,629.44818652849744,0.4921875,0.63471502590673579,False,row1_col1,512,386,0,63
2081,1493568,03b92d95da6694e6f43e0193,2081,0,41,4,332,112.609375,681.11658031088086,0.0078125,0.69689119170984459,False,row2_col0,512,386,0,63
2082,1493919,03b92d95da6694e6f43e0193,2082,31,46,252,372,646.390625,767.23056994818648,0.4921875,0.80051813471502586,False,row2_col1,512,386,0,63
2083,1495293,412b2253f0288e6f5518fc42,2083,61,3,492,28,1176.953125,35.641711229946523,0.9609375,-0.10962566844919786,True,padding_center,512,374,0,69
2084,1495559,412b2253f0288e6f5518fc42,2084,7,8,60,68,247.140625,121.84491978609626,0.1171875,-0.0026737967914438501,True,padding_center,512,374,0,69
2085,1495816,412b2253f0288e6f5518fc42,2085,8,12,68,100,264.359375,190.80748663101605,0.1328125,0.082887700534759357,False,row0_col0,512,374,0,69
2086,1495967,412b2253f0288e6f5518fc42,2086,31,14,252,116,660.390625,225.28877005347596,0.4921875,0.12566844919786097,False,row0_col1,512,374,0,69
2087,1496831,412b2253f0288e6f5518fc42,2087,63,27,508,220,1211.390625,449.41711229946526,0.9921875,0.40374331550802139,False,row1_col2,512,374,0,69
2088,1497220,412b2253f0288e6f5518fc42,2088,4,34,36,276,195.484375,570.10160427807489,0.0703125,0.553475935828877,False,row1_col0,512,374,0,69
2089,1497588,412b2253f0288e6f5518fc42,2089,52,39,420,316,1021.984375,656.30481283422455,0.8203125,0.66042780748663099,False,row1_col2,512,374,0,69
2090,1498778,412b2253f0288e6f5518fc42,2090,26,58,212,468,574.296875,983.87700534759358,0.4140625,1.0668449197860963,True,padding_center,512,374,0,69
2091,1499177,98b721a6ed7b9a91ce5e0586,2091,41,0,332,4,810.171875,-4.2400000000000091,0.6484375,-0.17066666666666666,True,padding_center,512,375,0,68
2092,1500318,98b721a6ed7b9a91ce5e0586,2092,30,18,244,148,620.078125,306.80000000000001,0.4765625,0.21333333333333335,False,row0_col1,512,375,0,68
2093,1501043,98b721a6ed7b9a91ce5e0586,2093,51,29,412,236,982.984375,496.88,0.8046875,0.44800000000000001,False,row1_col2,512,375,0,68
2094,1502178,98b721a6ed7b9a91ce5e0586,2094,34,47,276,380,689.203125,807.91999999999996,0.5390625,0.83199999999999996,False,row2_col1,512,375,0,68
2095,1503476,77552d606fc63001f442e848,2095,52,3,420,28,1026.1875,27.687664041994751,0.8203125,-0.09711286089238845,True,padding_center,512,381,0,65
2096,1503566,77552d606fc63001f442e848,2096,14,5,116,44,365.9375,62.417322834645667,0.2265625,-0.055118110236220472,True,padding_center,512,381,0,65
2097,1503642,77552d606fc63001f442e848,2097,26,6,212,52,574.4375,79.782152230971121,0.4140625,-0.034120734908136482,True,padding_center,512,381,0,65
2098,1503766,77552d606fc63001f442e848,2098,22,8,180,68,504.9375,114.51181102362204,0.3515625,0.007874015748031496,False,row0_col1,512,381,0,65
2099,1503835,77552d606fc63001f442e848,2099,27,9,220,76,591.8125,131.87664041994751,0.4296875,0.028871391076115485,False,row0_col1,512,381,0,65
2100,1504385,77552d606fc63001f442e848,2100,1,18,12,148,140.0625,288.16010498687666,0.0234375,0.2178477690288714,False,row0_col0,512,381,0,65
2101,1506128,77552d606fc63001f442e848,2101,16,45,132,364,400.6875,757.01049868766404,0.2578125,0.78477690288713908,False,row2_col0,512,381,0,65
2102,1506655,77552d606fc63001f442e848,2102,31,53,252,428,661.3125,895.92913385826773,0.4921875,0.952755905511811,False,row2_col1,512,381,0,65
2103,1508060,e940fcfae63e53b190a0bb8e,2103,28,11,228,92,628.9609375,167.46216216216217,0.4453125,0.05675675675675676,False,row0_col1,512,370,0,71
2104,1509496,e940fcfae63e53b190a0bb8e,2104,56,33,452,268,1113.2734375,548.47837837837835,0.8828125,0.53243243243243243,False,row1_col2,512,370,0,71
2105,1509736,e940fcfae63e53b190a0bb8e,2105,40,37,324,300,836.5234375,617.754054054054,0.6328125,0.61891891891891893,False,row1_col1,512,370,0,71
2106,1514625,e57d11f09a8ab09cbe266496,2106,1,50,12,404,156.921875,858.79069767441865,0.0234375,0.88372093023255816,False,row2_col0,512,387,0,62
2107,1515701,ccce9e18afa29af9ea350c68,2107,53,2,428,20,1058.546875,30.782016348773837,0.8359375,-0.14168937329700274,True,padding_center,512,367,0,72
2108,1516842,ccce9e18afa29af9ea350c68,2108,42,20,340,164,868.453125,341.53950953678475,0.6640625,0.25068119891008173,False,row0_col1,512,367,0,72
2109,1517048,ccce9e18afa29af9ea350c68,2109,56,23,452,188,1110.390625,393.3324250681199,0.8828125,0.31607629427792916,False,row0_col2,512,367,0,72
2110,1517428,ccce9e18afa29af9ea350c68,2110,52,29,420,236,1041.265625,496.91825613079021,0.8203125,0.44686648501362397,False,row1_col2,512,367,0,72
2111,1517779,ccce9e18afa29af9ea350c68,2111,19,35,156,284,470.984375,600.50408719346046,0.3046875,0.57765667574931878,False,row1_col0,512,367,0,72
2112,1519339,ccce9e18afa29af9ea350c68,2112,43,59,348,476,885.734375,1014.8474114441417,0.6796875,1.1008174386920981,True,padding_center,512,367,0,72
2113,1520049,d78a35ec684695d072d6b211,2113,49,6,396,52,956.421875,84.265415549597861,0.7734375,-0.045576407506702415,True,padding_center,512,373,0,69
2114,1520137,d78a35ec684695d072d6b211,2114,9,8,76,68,265.171875,118.83914209115281,0.1484375,-0.0026809651474530832,True,padding_center,512,373,0,69
2115,1521030,d78a35ec684695d072d6b211,2115,6,22,52,180,213.328125,360.85522788203752,0.1015625,0.2975871313672922,False,row0_col0,512,373,0,69
2116,1522586,d78a35ec684695d072d6b211,2116,26,46,212,372,558.953125,775.73994638069701,0.4140625,0.81233243967828417,False,row2_col1,512,373,0,69
2117,1522647,d78a35ec684695d072d6b211,2117,23,47,188,380,507.109375,793.02680965147454,0.3671875,0.83378016085790885,False,row2_col1,512,373,0,69
2118,1523361,d78a35ec684695d072d6b211,2118,33,58,268,468,679.921875,983.1823056300268,0.5234375,1.0697050938337802,True,padding_center,512,373,0,69
2119,1523835,07b130ea95144215cd673c8b,2119,59,1,476,12,1150.515625,4.9000000000000057,0.9296875,-0.14210526315789473,True,padding_center,512,380,0,66
2120,1523870,07b130ea95144215cd673c8b,2120,30,2,244,20,651.171875,22.099999999999994,0.4765625,-0.12105263157894737,True,padding_center,512,380,0,66
2121,1525011,07b130ea95144215cd673c8b,2121,19,20,156,164,461.765625,331.70000000000005,0.3046875,0.25789473684210529,False,row0_col0,512,380,0,66
2122,1525069,07b130ea95144215cd673c8b,2122,13,21,108,172,358.453125,348.89999999999998,0.2109375,0.27894736842105261,False,row0_col0,512,380,0,66
2123,1525503,07b130ea95144215cd673c8b,2123,63,27,508,220,1219.390625,452.09999999999997,0.9921875,0.40526315789473683,False,row1_col2,512,380,0,66
2124,1526243,07b130ea95144215cd673c8b,2124,35,39,284,316,737.265625,658.5,0.5546875,0.65789473684210531,False,row1_col1,512,380,0,66
2125,1526733,07b130ea95144215cd673c8b,2125,13,47,108,380,358.453125,796.10000000000002,0.2109375,0.82631578947368423,False,row2_col0,512,380,0,66
2126,1526932,07b130ea95144215cd673c8b,2126,20,50,164,404,478.984375,847.70000000000005,0.3203125,0.88947368421052631,False,row2_col0,512,380,0,66
2127,1526986,07b130ea95144215cd673c8b,2127,10,51,84,412,306.796875,864.90000000000009,0.1640625,0.91052631578947374,False,row2_col0,512,380,0,66
2128,1528500,1da49d03909cfa1ff4462960,2128,52,10,420,84,994.984375,152.88481675392671,0.8203125,0.049738219895287955,False,row0_col2,512,382,0,65
2129,1529430,1da49d03909cfa1ff4462960,2129,22,25,180,204,478.421875,411.10471204188485,0.3515625,0.36387434554973824,False,row1_col1,512,382,0,65
2130,1529516,1da49d03909cfa1ff4462960,2130,44,26,356,212,857.234375,428.31937172774866,0.6953125,0.38481675392670156,False,row1_col2,512,382,0,65
2131,1529877,1da49d03909cfa1ff4462960,2131,21,32,172,260,461.203125,531.6073298429319,0.3359375,0.51047120418848169,False,row1_col1,512,382,0,65
2132,1531389,1da49d03909cfa1ff4462960,2132,61,55,492,444,1149.953125,927.54450261780107,0.9609375,0.99214659685863871,False,row2_col2,512,382,0,65
2133,1531878,1da49d03909cfa1ff4462960,2133,38,63,308,508,753.921875,1065.261780104712,0.6015625,1.1596858638743455,True,padding_center,512,382,0,65
2134,1534615,525e253a65f0af92629166a4,2134,23,42,188,340,529.109375,715.88831168831166,0.3671875,0.7194805194805195,False,row2_col1,512,385,0,63
2135,1534942,525e253a65f0af92629166a4,2135,30,47,244,380,650.078125,802.2259740259741,0.4765625,0.82337662337662343,False,row2_col1,512,385,0,63
2136,1536234,ba40733dea98fd31eaa0e5fe,2136,42,3,340,28,856.4453125,28.910810810810801,0.6640625,-0.11621621621621622,True,padding_center,512,370,0,71
2137,1536275,ba40733dea98fd31eaa0e5fe,2137,19,4,156,36,457.8984375,46.229729729729726,0.3046875,-0.0945945945945946,True,padding_center,512,370,0,71
2138,1536659,ba40733dea98fd31eaa0e5fe,2138,19,10,156,84,457.8984375,150.14324324324323,0.3046875,0.035135135135135137,False,row0_col0,512,370,0,71
2139,1537420,ba40733dea98fd31eaa0e5fe,2139,12,22,100,180,336.6015625,357.97027027027025,0.1953125,0.29459459459459458,False,row0_col0,512,370,0,71
2140,1538002,ba40733dea98fd31eaa0e5fe,2140,18,31,148,252,440.5703125,513.84054054054059,0.2890625,0.48918918918918919,False,row1_col0,512,370,0,71
2141,1539141,ba40733dea98fd31eaa0e5fe,2141,5,49,44,396,215.3046875,825.58108108108115,0.0859375,0.8783783783783784,False,row2_col0,512,370,0,71
2142,1539359,ba40733dea98fd31eaa0e5fe,2142,31,52,252,420,665.8359375,877.53783783783786,0.4921875,0.94324324324324327,False,row2_col1,512,370,0,71
2143,1539785,ba40733dea98fd31eaa0e5fe,2143,9,59,76,476,284.6171875,998.7702702702702,0.1484375,1.0945945945945945,True,padding_center,512,370,0,71
2144,1539944,ba40733dea98fd31eaa0e5fe,2144,40,61,324,492,821.7890625,1033.4081081081081,0.6328125,1.1378378378378378,True,padding_center,512,370,0,71
2145,1540095,ba40733dea98fd31eaa0e5fe,2145,63,63,508,508,1220.3359375,1068.0459459459457,0.9921875,1.181081081081081,True,padding_center,512,370,0,71
2146,1540567,8f1c99d05825e89d71c9284b,2146,23,7,188,60,522.3125,98.455764075067023,0.3671875,-0.024128686327077747,True,padding_center,512,373,0,69
2147,1541060,8f1c99d05825e89d71c9284b,2147,4,15,36,124,192.1875,237.43699731903484,0.0703125,0.14745308310991956,False,row0_col0,512,373,0,69
2148,1541712,8f1c99d05825e89d71c9284b,2148,16,25,132,204,400.6875,411.16353887399464,0.2578125,0.36193029490616624,False,row1_col0,512,373,0,69
2149,1542973,8f1c99d05825e89d71c9284b,2149,61,44,492,356,1182.5625,741.24396782841825,0.9609375,0.76943699731903481,False,row2_col2,512,373,0,69
2150,1543358,8f1c99d05825e89d71c9284b,2150,62,50,500,404,1199.9375,845.47989276139413,0.9765625,0.89812332439678288,False,row2_col2,512,373,0,69
2151,1544692,76906f430110ea676ee84663,2151,52,7,420,60,1026.7265625,110.68085106382979,0.8203125,-0.021276595744680851,True,padding_center,512,376,0,68
2152,1544745,76906f430110ea676ee84663,2152,41,8,332,68,836.1171875,128,0.6484375,0,False,row0_col1,512,376,0,68
2153,1545417,76906f430110ea676ee84663,2153,9,19,76,156,281.6171875,318.51063829787233,0.1484375,0.23404255319148937,False,row0_col0,512,376,0,68
2154,1545455,76906f430110ea676ee84663,2154,47,19,380,156,940.0859375,318.51063829787233,0.7421875,0.23404255319148937,False,row0_col2,512,376,0,68
2155,1545819,76906f430110ea676ee84663,2155,27,25,220,204,593.5234375,422.42553191489361,0.4296875,0.36170212765957449,False,row1_col1,512,376,0,68
2156,1545883,76906f430110ea676ee84663,2156,27,26,220,212,593.5234375,439.74468085106383,0.4296875,0.38297872340425532,False,row1_col1,512,376,0,68
2157,1545885,76906f430110ea676ee84663,2157,29,26,236,212,628.1796875,439.74468085106383,0.4609375,0.38297872340425532,False,row1_col1,512,376,0,68
2158,1545941,76906f430110ea676ee84663,2158,21,27,172,220,489.5546875,457.063829787234,0.3359375,0.40425531914893614,False,row1_col1,512,376,0,68
2159,1545957,76906f430110ea676ee84663,2159,37,27,300,220,766.8046875,457.063829787234,0.5859375,0.40425531914893614,False,row1_col1,512,376,0,68
2160,1547702,76906f430110ea676ee84663,2160,54,54,436,436,1061.3828125,924.68085106382978,0.8515625,0.97872340425531912,False,row2_col2,512,376,0,68
2161,1548494,22ab2c684f502bb67ac25bda,2161,14,3,116,28,339.75,31.586563307493549,0.2265625,-0.087855297157622733,True,padding_center,512,387,0,62
2162,1548716,22ab2c684f502bb67ac25bda,2162,44,6,356,52,864.75,84.113695090439279,0.6953125,-0.025839793281653745,True,padding_center,512,387,0,62
2163,1549203,22ab2c684f502bb67ac25bda,2163,19,14,156,116,427.25,224.18604651162792,0.3046875,0.13953488372093023,False,row0_col0,512,387,0,62
2164,1550689,22ab2c684f502bb67ac25bda,2164,33,37,268,300,672.25,626.89405684754513,0.5234375,0.61498708010335912,False,row1_col1,512,387,0,62
2165,1550889,22ab2c684f502bb67ac25bda,2165,41,40,332,324,812.25,679.42118863049097,0.6484375,0.67700258397932822,False,row2_col1,512,387,0,62
2166,1551237,22ab2c684f502bb67ac25bda,2166,5,46,44,372,182.25,784.47545219638243,0.0859375,0.8010335917312662,False,row2_col0,512,387,0,62
2167,1553413,296bf32bda705a8c9ebd047c,2167,5,16,44,132,218.6171875,272.13043478260869,0.0859375,0.16304347826086957,False,row0_col0,512,368,0,72
2168,1553748,296bf32bda705a8c9ebd047c,2168,20,21,164,172,476.6640625,358.21739130434781,0.3203125,0.27173913043478259,False,row0_col0,512,368,0,72
2169,1554222,296bf32bda705a8c9ebd047c,2169,46,28,372,228,923.9453125,478.73913043478262,0.7265625,0.42391304347826086,False,row1_col2,512,368,0,72
2170,1554356,296bf32bda705a8c9ebd047c,2170,52,30,420,244,1027.1640625,513.17391304347825,0.8203125,0.46739130434782611,False,row1_col2,512,368,0,72
2171,1555320,296bf32bda705a8c9ebd047c,2171,56,45,452,364,1095.9765625,771.43478260869563,0.8828125,0.79347826086956519,False,row2_col2,512,368,0,72
2172,1555660,296bf32bda705a8c9ebd047c,2172,12,51,100,412,339.0390625,874.73913043478262,0.1953125,0.92391304347826086,False,row2_col0,512,368,0,72
2173,1556968,58941e2ed5798562410c5326,2173,40,7,324,60,832.7890625,108.16010498687665,0.6328125,-0.013123359580052493,True,padding_center,512,381,0,65
2174,1557049,58941e2ed5798562410c5326,2174,57,8,460,68,1127.3671875,125.50393700787401,0.8984375,0.007874015748031496,False,row0_col2,512,381,0,65
2175,1557184,58941e2ed5798562410c5326,2175,0,11,4,92,139.6640625,177.53543307086613,0.0078125,0.070866141732283464,False,row0_col0,512,381,0,65
2176,1557463,58941e2ed5798562410c5326,2176,23,15,188,124,538.2109375,246.91076115485566,0.3671875,0.15485564304461943,False,row0_col1,512,381,0,65
2177,1558553,58941e2ed5798562410c5326,2177,25,32,204,260,572.8671875,541.75590551181108,0.3984375,0.51181102362204722,False,row1_col1,512,381,0,65
2178,1559796,58941e2ed5798562410c5326,2178,52,51,420,412,1040.7265625,871.28871391076109,0.8203125,0.91076115485564302,False,row2_col2,512,381,0,65
2179,1561629,69c3ab131f3d9924a0893b68,2179,29,16,236,132,647.640625,253.52830188679246,0.4609375,0.16711590296495957,False,row0_col1,512,371,0,70
2180,1562102,69c3ab131f3d9924a0893b68,2180,54,23,436,188,1081.234375,375.03773584905662,0.8515625,0.31805929919137466,False,row0_col2,512,371,0,70
2181,1563089,69c3ab131f3d9924a0893b68,2181,17,39,140,316,439.515625,652.77358490566041,0.2734375,0.66307277628032346,False,row1_col0,512,371,0,70
2182,1564362,69c3ab131f3d9924a0893b68,2182,10,59,84,476,318.109375,999.94339622641508,0.1640625,1.0943396226415094,True,padding_center,512,371,0,70
2183,1565038,1fae9ba9c99bf430c1e582d7,2183,46,5,372,44,907.3046875,79.288359788359799,0.7265625,-0.060846560846560843,True,padding_center,512,378,0,67
2184,1565332,1fae9ba9c99bf430c1e582d7,2184,20,10,164,84,457.5859375,165.74338624338623,0.3203125,0.044973544973544971,False,row0_col0,512,378,0,67
2185,1566758,1fae9ba9c99bf430c1e582d7,2185,38,32,308,260,768.9296875,546.14550264550257,0.6015625,0.51058201058201058,False,row1_col1,512,378,0,67
2186,1566907,1fae9ba9c99bf430c1e582d7,2186,59,34,476,276,1132.1640625,580.72751322751321,0.9296875,0.55291005291005291,False,row1_col2,512,378,0,67
2187,1567186,1fae9ba9c99bf430c1e582d7,2187,18,39,148,316,422.9921875,667.18253968253964,0.2890625,0.65873015873015872,False,row1_col0,512,378,0,67
2188,1567387,1fae9ba9c99bf430c1e582d7,2188,27,42,220,340,578.6640625,719.05555555555554,0.4296875,0.72222222222222221,False,row2_col1,512,378,0,67
2189,1567640,1fae9ba9c99bf430c1e582d7,2189,24,46,196,372,526.7734375,788.21957671957671,0.3828125,0.80687830687830686,False,row2_col1,512,378,0,67
2190,1569870,2a108eb667fa6df333f44d0c,2190,14,17,116,140,345.8046875,270.78042328042329,0.2265625,0.19312169312169311,False,row0_col0,512,378,0,67
2191,1569910,2a108eb667fa6df333f44d0c,2191,54,17,436,140,1037.6796875,270.78042328042329,0.8515625,0.19312169312169311,False,row0_col2,512,378,0,67
2192,1570182,2a108eb667fa6df333f44d0c,2192,6,22,52,180,207.4296875,357.23544973544972,0.1015625,0.29894179894179895,False,row0_col0,512,378,0,67
2193,1570650,2a108eb667fa6df333f44d0c,2193,26,29,212,236,553.3671875,478.27248677248679,0.4140625,0.44708994708994709,False,row1_col1,512,378,0,67
2194,1570832,2a108eb667fa6df333f44d0c,2194,16,32,132,260,380.3984375,530.14550264550257,0.2578125,0.51058201058201058,False,row1_col0,512,378,0,67
2195,1570899,2a108eb667fa6df333f44d0c,2195,19,33,156,268,432.2890625,547.43650793650795,0.3046875,0.53174603174603174,False,row1_col0,512,378,0,67
2196,1571211,2a108eb667fa6df333f44d0c,2196,11,38,92,308,293.9140625,633.89153439153438,0.1796875,0.63756613756613756,False,row1_col0,512,378,0,67
2197,1571468,2a108eb667fa6df333f44d0c,2197,12,42,100,340,311.2109375,703.05555555555554,0.1953125,0.72222222222222221,False,row2_col0,512,378,0,67
2198,1571971,2a108eb667fa6df333f44d0c,2198,3,50,28,404,155.5390625,841.38359788359787,0.0546875,0.89153439153439151,False,row2_col0,512,378,0,67
2199,1572133,2a108eb667fa6df333f44d0c,2199,37,52,300,420,743.6328125,875.9656084656084,0.5859375,0.93386243386243384,False,row2_col1,512,378,0,67
2200,1572166,2a108eb667fa6df333f44d0c,2200,6,53,52,428,207.4296875,893.25661375661377,0.1015625,0.955026455026455,False,row2_col0,512,378,0,67
2201,1572644,2a108eb667fa6df333f44d0c,2201,36,60,292,484,726.3359375,1014.2936507936508,0.5703125,1.1031746031746033,True,padding_center,512,378,0,67
2202,1573046,fc56ae52e06ade318ea4d493,2202,54,2,436,20,1045.421875,3.3387096774193594,0.8515625,-0.13440860215053763,True,padding_center,512,372,0,70
2203,1573994,fc56ae52e06ade318ea4d493,2203,42,17,340,140,838.796875,261.72580645161293,0.6640625,0.18817204301075269,False,row0_col1,512,372,0,70
2204,1574003,fc56ae52e06ade318ea4d493,2204,51,17,412,140,993.765625,261.72580645161293,0.8046875,0.18817204301075269,False,row0_col2,512,372,0,70
2205,1574269,fc56ae52e06ade318ea4d493,2205,61,21,492,172,1165.953125,330.62903225806451,0.9609375,0.27419354838709675,False,row0_col2,512,372,0,70
2206,1575095,fc56ae52e06ade318ea4d493,2206,55,34,444,276,1062.640625,554.5645161290322,0.8671875,0.55376344086021501,False,row1_col2,512,372,0,70
2207,1575775,fc56ae52e06ade318ea4d493,2207,31,45,252,364,649.390625,744.04838709677415,0.4921875,0.79032258064516125,False,row2_col1,512,372,0,70
2208,1575956,fc56ae52e06ade318ea4d493,2208,20,48,164,388,459.984375,795.72580645161293,0.3203125,0.85483870967741937,False,row2_col0,512,372,0,70
2209,1576115,fc56ae52e06ade318ea4d493,2209,51,50,412,404,993.765625,830.17741935483866,0.8046875,0.89784946236559138,False,row2_col2,512,372,0,70
2210,1576170,fc56ae52e06ade318ea4d493,2210,42,51,340,412,838.796875,847.40322580645159,0.6640625,0.91935483870967738,False,row2_col1,512,372,0,70
2211,1576504,fc56ae52e06ade318ea4d493,2211,56,56,452,452,1079.859375,933.5322580645161,0.8828125,1.0268817204301075,True,padding_center,512,372,0,70
2212,1576898,fc56ae52e06ade318ea4d493,2212,2,63,20,508,150.046875,1054.1129032258063,0.0390625,1.1774193548387097,True,padding_center,512,372,0,70
2213,1577118,089cd2957b9c09ed7b50aa5e,2213,30,2,244,20,659.5078125,5.8770053475935811,0.4765625,-0.13101604278074866,True,padding_center,512,374,0,69
2214,1577817,089cd2957b9c09ed7b50aa5e,2214,25,13,204,108,572.8671875,196.46524064171123,0.3984375,0.10427807486631016,False,row0_col1,512,374,0,69
2215,1578676,089cd2957b9c09ed7b50aa5e,2215,52,26,420,212,1040.7265625,421.70588235294116,0.8203125,0.38235294117647056,False,row1_col2,512,374,0,69
2216,1579955,089cd2957b9c09ed7b50aa5e,2216,51,46,412,372,1023.3984375,768.22994652406419,0.8046875,0.81016042780748665,False,row2_col2,512,374,0,69
2217,1579964,089cd2957b9c09ed7b50aa5e,2217,60,46,484,372,1179.3515625,768.22994652406419,0.9453125,0.81016042780748665,False,row2_col2,512,374,0,69
2218,1580419,089cd2957b9c09ed7b50aa5e,2218,3,54,28,436,191.6484375,906.8395721925134,0.0546875,0.98128342245989308,False,row2_col0,512,374,0,69
2219,1582459,a737d81a01b3a431788a0073,2219,59,21,476,172,1113.0234375,350.89373297002726,0.9296875,0.27247956403269757,False,row0_col2,512,367,0,72
2220,1582789,a737d81a01b3a431788a0073,2220,5,27,44,220,177.3046875,455.00272479564035,0.0859375,0.40326975476839239,False,row1_col0,512,367,0,72
2221,1583355,a737d81a01b3a431788a0073,2221,59,35,476,284,1113.0234375,593.81471389645776,0.9296875,0.57765667574931878,False,row1_col2,512,367,0,72
2222,1583794,a737d81a01b3a431788a0073,2222,50,42,404,340,957.0703125,715.27520435967301,0.7890625,0.73024523160762944,False,row2_col2,512,367,0,72
2223,1585645,84f95a6d6caa9fedd81a91ce,2223,45,7,364,60,904.0078125,86.719999999999999,0.7109375,-0.021333333333333333,True,padding_center,512,375,0,68
2224,1586589,84f95a6d6caa9fedd81a91ce,2224,29,22,236,180,627.2578125,345.92000000000002,0.4609375,0.29866666666666669,False,row0_col1,512,375,0,68
2225,1586939,84f95a6d6caa9fedd81a91ce,2225,59,27,476,220,1146.1640625,432.31999999999999,0.9296875,0.40533333333333332,False,row1_col2,512,375,0,68
2226,1587830,84f95a6d6caa9fedd81a91ce,2226,54,41,436,332,1059.6796875,674.24000000000001,0.8515625,0.70399999999999996,False,row2_col2,512,375,0,68
2227,1587992,84f95a6d6caa9fedd81a91ce,2227,24,44,196,356,540.7734375,726.08000000000004,0.3828125,0.76800000000000002,False,row2_col1,512,375,0,68
2228,1590195,919217adf38792df31c575b3,2228,51,14,412,116,1007.7890625,218.90740740740739,0.8046875,0.12962962962962962,False,row0_col2,512,378,0,67
2229,1590279,919217adf38792df31c575b3,2229,7,16,60,132,246.7265625,253.48941798941797,0.1171875,0.17195767195767195,False,row0_col0,512,378,0,67
2230,1591860,919217adf38792df31c575b3,2230,52,40,420,324,1025.0859375,668.47354497354502,0.8203125,0.67989417989417988,False,row2_col2,512,378,0,67
2231,1594641,966b649722faf3cd9026b729,2231,17,20,140,164,431.2421875,304.16666666666669,0.2734375,0.25661375661375663,False,row0_col0,512,378,0,67
2232,1595077,966b649722faf3cd9026b729,2232,5,27,44,220,223.3046875,425.5,0.0859375,0.40476190476190477,False,row1_col0,512,378,0,67
2233,1595233,966b649722faf3cd9026b729,2233,33,29,268,236,708.4921875,460.16666666666669,0.5234375,0.44708994708994709,False,row1_col1,512,378,0,67
2234,1595341,966b649722faf3cd9026b729,2234,13,31,108,252,361.9296875,494.83333333333331,0.2109375,0.48941798941798942,False,row1_col0,512,378,0,67
2235,1595407,966b649722faf3cd9026b729,2235,15,32,124,260,396.5859375,512.16666666666674,0.2421875,0.51058201058201058,False,row1_col0,512,378,0,67
2236,1595854,966b649722faf3cd9026b729,2236,14,39,116,316,379.2578125,633.5,0.2265625,0.65873015873015872,False,row1_col0,512,378,0,67
2237,1596166,966b649722faf3cd9026b729,2237,6,44,52,356,240.6328125,720.16666666666663,0.1015625,0.76455026455026454,False,row2_col0,512,378,0,67
2238,1596655,966b649722faf3cd9026b729,2238,47,51,380,412,951.0859375,841.5,0.7421875,0.91269841269841268,False,row2_col2,512,378,0,67
2239,1596944,966b649722faf3cd9026b729,2239,16,56,132,452,413.9140625,928.16666666666674,0.2578125,1.0185185185185186,True,padding_center,512,378,0,67
2240,1598079,23a5cec8b53655a008a5043b,2240,63,9,508,76,1182.2890625,133.17955801104972,0.9921875,0.0027624309392265192,False,row0_col2,512,362,0,75
2241,1598847,23a5cec8b53655a008a5043b,2241,63,21,508,172,1182.2890625,342.41712707182319,0.9921875,0.26795580110497236,False,row0_col2,512,362,0,75
2242,1599938,23a5cec8b53655a008a5043b,2242,2,39,20,316,119.5546875,656.27348066298339,0.0390625,0.66574585635359118,False,row1_col0,512,362,0,75
2243,1600228,23a5cec8b53655a008a5043b,2243,36,43,292,348,711.8984375,726.01933701657458,0.5703125,0.7541436464088398,False,row2_col1,512,362,0,75
2244,1600397,23a5cec8b53655a008a5043b,2244,13,46,108,372,311.1953125,778.32872928176789,0.2109375,0.8204419889502762,False,row2_col0,512,362,0,75
2245,1600813,23a5cec8b53655a008a5043b,2245,45,52,364,420,868.6953125,882.94751381215463,0.7109375,0.95303867403314912,False,row2_col2,512,362,0,75
2246,1601176,23a5cec8b53655a008a5043b,2246,24,58,196,468,502.8359375,987.56629834254147,0.3828125,1.0856353591160222,True,padding_center,512,362,0,75
2247,1603095,414d9b02f6f9676c4dd52a63,2247,23,24,188,196,506.640625,389.91891891891891,0.3671875,0.33783783783783783,False,row1_col1,512,370,0,71
2248,1603743,414d9b02f6f9676c4dd52a63,2248,31,34,252,276,644.390625,562.02702702702709,0.4921875,0.55405405405405406,False,row1_col1,512,370,0,71
2249,1604207,414d9b02f6f9676c4dd52a63,2249,47,41,380,332,919.890625,682.50270270270266,0.7421875,0.70540540540540542,False,row2_col2,512,370,0,71
2250,1604244,414d9b02f6f9676c4dd52a63,2250,20,42,164,340,454.984375,699.71351351351348,0.3203125,0.72702702702702704,False,row2_col0,512,370,0,71
2251,1604943,414d9b02f6f9676c4dd52a63,2251,15,53,124,428,368.890625,889.03243243243242,0.2421875,0.96486486486486489,False,row2_col0,512,370,0,71
2252,1605474,414d9b02f6f9676c4dd52a63,2252,34,61,276,492,696.046875,1026.7189189189189,0.5390625,1.1378378378378378,True,padding_center,512,370,0,71
2253,1605951,8595161ed5c1f96662a7e12e,2253,63,4,508,36,1187.359375,46.015424164524426,0.9921875,-0.064267352185089971,True,padding_center,512,389,0,61
2254,1606051,8595161ed5c1f96662a7e12e,2254,35,6,284,52,703.484375,80.565552699228789,0.5546875,-0.02313624678663239,True,padding_center,512,389,0,61
2255,1606356,8595161ed5c1f96662a7e12e,2255,20,11,164,92,444.265625,166.94087403598971,0.3203125,0.079691516709511565,False,row0_col0,512,389,0,61
2256,1608827,8595161ed5c1f96662a7e12e,2256,59,49,476,396,1118.234375,823.39331619537268,0.9296875,0.86118251928020562,False,row2_col2,512,389,0,61
2257,1610048,6742c58532e99b3cdf0d09cc,2257,0,5,4,44,117.6484375,77.159999999999997,0.0078125,-0.064000000000000001,True,padding_center,512,375,0,68
2258,1610715,6742c58532e99b3cdf0d09cc,2258,27,15,220,124,584.6640625,249.96000000000001,0.4296875,0.14933333333333335,False,row0_col1,512,375,0,68
2259,1611346,6742c58532e99b3cdf0d09cc,2259,18,25,148,204,428.9921875,422.76000000000005,0.2890625,0.36266666666666669,False,row1_col0,512,375,0,68
2260,1611572,6742c58532e99b3cdf0d09cc,2260,52,28,420,228,1017.0859375,474.60000000000002,0.8203125,0.42666666666666669,False,row1_col2,512,375,0,68
2261,1611884,6742c58532e99b3cdf0d09cc,2261,44,33,356,268,878.7109375,561,0.6953125,0.53333333333333333,False,row1_col2,512,375,0,68
2262,1611909,6742c58532e99b3cdf0d09cc,2262,5,34,44,276,204.1328125,578.27999999999997,0.0859375,0.55466666666666664,False,row1_col0,512,375,0,68
2263,1613019,6742c58532e99b3cdf0d09cc,2263,27,51,220,412,584.6640625,872.03999999999996,0.4296875,0.91733333333333333,False,row2_col1,512,375,0,68
2264,1613127,6742c58532e99b3cdf0d09cc,2264,7,53,60,428,238.7265625,906.60000000000002,0.1171875,0.95999999999999996,False,row2_col0,512,375,0,68
2265,1613595,6742c58532e99b3cdf0d09cc,2265,27,60,220,484,584.6640625,1027.5599999999999,0.4296875,1.1093333333333333,True,padding_center,512,375,0,68
2266,1614778,83857231f379f6809fc9639f,2266,58,14,468,116,1161.609375,233.03846153846155,0.9140625,0.11538461538461539,False,row0_col2,512,364,0,74
2267,1615279,83857231f379f6809fc9639f,2267,47,22,380,180,970.828125,371.76373626373629,0.7421875,0.29120879120879123,False,row0_col2,512,364,0,74
2268,1615751,83857231f379f6809fc9639f,2268,7,30,60,244,277.078125,510.48901098901098,0.1171875,0.46703296703296704,False,row1_col0,512,364,0,74
2269,1616078,83857231f379f6809fc9639f,2269,14,35,116,284,398.484375,597.19230769230762,0.2265625,0.57692307692307687,False,row1_col0,512,364,0,74
2270,1616407,83857231f379f6809fc9639f,2270,23,40,188,324,554.578125,683.89560439560444,0.3671875,0.68681318681318682,False,row2_col1,512,364,0,74
2271,1617248,83857231f379f6809fc9639f,2271,32,53,260,428,710.671875,909.32417582417577,0.5078125,0.97252747252747251,False,row2_col1,512,364,0,74
2272,1617500,83857231f379f6809fc9639f,2272,28,57,228,460,641.296875,978.6868131868132,0.4453125,1.0604395604395604,True,padding_center,512,364,0,74
2273,1618292,bdf54f12fbf3d79a93435aa3,2273,52,5,420,44,1028.6484375,60.121052631578948,0.8203125,-0.057894736842105263,True,padding_center,512,380,0,66
2274,1619854,bdf54f12fbf3d79a93435aa3,2274,14,30,116,244,366.6171875,495.38421052631583,0.2265625,0.46842105263157896,False,row1_col0,512,380,0,66
2275,1620542,bdf54f12fbf3d79a93435aa3,2275,62,40,500,324,1202.8671875,669.48947368421057,0.9765625,0.67894736842105263,False,row2_col2,512,380,0,66
2276,1621489,bdf54f12fbf3d79a93435aa3,2276,49,55,396,444,976.3828125,930.64736842105265,0.7734375,0.99473684210526314,False,row2_col2,512,380,0,66
2277,1621880,bdf54f12fbf3d79a93435aa3,2277,56,61,452,492,1098.3359375,1035.1105263157895,0.8828125,1.1210526315789473,True,padding_center,512,380,0,66
2278,1621982,bdf54f12fbf3d79a93435aa3,2278,30,63,244,508,645.3671875,1069.9315789473685,0.4765625,1.1631578947368422,True,padding_center,512,380,0,66
2279,1623172,e764a382e06a2d9870d6385d,2279,4,18,36,148,176.484375,297.38964577656679,0.0703125,0.20708446866485014,False,row0_col0,512,367,0,72
2280,1624536,e764a382e06a2d9870d6385d,2280,24,39,196,316,520.859375,658.56675749318799,0.3828125,0.66485013623978206,False,row1_col1,512,367,0,72
2281,1626258,837b596140a1742b25c45e12,2281,18,2,148,20,422.9921875,19.432876712328778,0.2890625,-0.14520547945205478,True,padding_center,512,365,0,73
2282,1627127,837b596140a1742b25c45e12,2282,55,15,444,124,1062.9765625,244.24383561643836,0.8671875,0.13972602739726028,False,row0_col2,512,365,0,73
2283,1628917,837b596140a1742b25c45e12,2283,53,43,428,348,1028.3828125,728.45205479452056,0.8359375,0.75342465753424659,False,row2_col2,512,365,0,73
2284,1629632,837b596140a1742b25c45e12,2284,0,55,4,444,111.6484375,935.96986301369861,0.0078125,1.0164383561643835,True,padding_center,512,365,0,73
2285,1630533,e235136cfdcae670bc7ef694,2285,5,5,44,44,223.703125,66.297872340425528,0.0859375,-0.063829787234042548,True,padding_center,512,376,0,68
2286,1630772,e235136cfdcae670bc7ef694,2286,52,8,420,68,1032.984375,118,0.8203125,0,False,row0_col2,512,376,0,68
2287,1634226,e235136cfdcae670bc7ef694,2287,50,62,404,500,998.546875,1048.6382978723404,0.7890625,1.1489361702127661,True,padding_center,512,376,0,68
2288,1634654,f1b1a21a9d97d3eb8ef2a36a,2288,30,5,244,44,664.890625,67.316753926701566,0.4765625,-0.054973821989528798,True,padding_center,512,382,0,65
2289,1635426,f1b1a21a9d97d3eb8ef2a36a,2289,34,17,276,140,734.515625,276.15445026178008,0.5390625,0.19633507853403143,False,row0_col1,512,382,0,65
2290,1635794,f1b1a21a9d97d3eb8ef2a36a,2290,18,23,148,188,456.015625,380.57329842931938,0.2890625,0.3219895287958115,False,row0_col0,512,382,0,65
2291,1635868,f1b1a21a9d97d3eb8ef2a36a,2291,28,24,228,196,630.078125,397.97643979057591,0.4453125,0.34293193717277487,False,row1_col1,512,382,0,65
2292,1636109,f1b1a21a9d97d3eb8ef2a36a,2292,13,28,108,228,368.984375,467.58900523560209,0.2109375,0.42670157068062825,False,row1_col0,512,382,0,65
2293,1636376,f1b1a21a9d97d3eb8ef2a36a,2293,24,32,196,260,560.453125,537.20157068062827,0.3828125,0.51047120418848169,False,row1_col1,512,382,0,65
2294,1637155,f1b1a21a9d97d3eb8ef2a36a,2294,35,44,284,356,751.921875,746.03926701570686,0.5546875,0.76178010471204194,False,row2_col1,512,382,0,65
2295,1637180,f1b1a21a9d97d3eb8ef2a36a,2295,60,44,484,356,1187.078125,746.03926701570686,0.9453125,0.76178010471204194,False,row2_col2,512,382,0,65
2296,1637352,f1b1a21a9d97d3eb8ef2a36a,2296,40,47,324,380,838.953125,798.24869109947645,0.6328125,0.82460732984293195,False,row2_col1,512,382,0,65
2297,1637914,f1b1a21a9d97d3eb8ef2a36a,2297,26,56,212,452,595.265625,954.87696335078533,0.4140625,1.0130890052356021,True,padding_center,512,382,0,65
2298,1638628,05ca24cc6157d09d27f43cc5,2298,36,3,292,28,736.890625,30.487738419618537,0.5703125,-0.11989100817438691,True,padding_center,512,367,0,72
2299,1640099,05ca24cc6157d09d27f43cc5,2299,35,26,284,212,719.359375,434.08446866485014,0.5546875,0.38147138964577659,False,row1_col1,512,367,0,72
2300,1640392,05ca24cc6157d09d27f43cc5,2300,8,31,68,252,246.015625,521.82288828337869,0.1328125,0.49046321525885561,False,row1_col0,512,367,0,72
2301,1640657,05ca24cc6157d09d27f43cc5,2301,17,35,140,284,403.796875,592.01362397820162,0.2734375,0.57765667574931878,False,row1_col0,512,367,0,72
2302,1640964,05ca24cc6157d09d27f43cc5,2302,4,40,36,324,175.890625,679.75204359673023,0.0703125,0.68664850136239786,False,row2_col0,512,367,0,72
2303,1641054,05ca24cc6157d09d27f43cc5,2303,30,41,244,332,631.703125,697.29972752043602,0.4765625,0.70844686648501365,False,row2_col1,512,367,0,72
2304,1641189,05ca24cc6157d09d27f43cc5,2304,37,43,300,348,754.421875,732.39509536784738,0.5859375,0.75204359673024523,False,row2_col1,512,367,0,72
2305,1641502,05ca24cc6157d09d27f43cc5,2305,30,48,244,388,631.703125,820.13351498637599,0.4765625,0.8610354223433242,False,row2_col1,512,367,0,72
2306,1641766,05ca24cc6157d09d27f43cc5,2306,38,52,308,420,771.953125,890.32425068119892,0.6015625,0.94822888283378748,False,row2_col1,512,367,0,72
2307,1642147,05ca24cc6157d09d27f43cc5,2307,35,58,284,468,719.359375,995.61035422343321,0.5546875,1.0790190735694822,True,padding_center,512,367,0,72
2308,1643284,4edadd04331e7debbee7dbc0,2308,20,12,164,100,446.6640625,201.02374670184696,0.3203125,0.089709762532981532,False,row0_col0,512,379,0,66
2309,1643372,4edadd04331e7debbee7dbc0,2309,44,13,356,108,859.5390625,218.20580474934036,0.6953125,0.11081794195250659,False,row0_col2,512,379,0,66
2310,1644777,4edadd04331e7debbee7dbc0,2310,41,35,332,284,807.9296875,596.21108179419525,0.6484375,0.57519788918205805,False,row1_col1,512,379,0,66
2311,1644782,4edadd04331e7debbee7dbc0,2311,46,35,372,284,893.9453125,596.21108179419525,0.7265625,0.57519788918205805,False,row1_col2,512,379,0,66
2312,1645405,4edadd04331e7debbee7dbc0,2312,29,45,236,364,601.4921875,768.03166226912924,0.4609375,0.78627968337730869,False,row2_col1,512,379,0,66
2313,1647405,01b9e97e851cf4e057950e28,2313,45,12,364,100,863.453125,170.31413612565444,0.7109375,0.091623036649214659,False,row0_col2,512,382,0,65
2314,1647902,01b9e97e851cf4e057950e28,2314,30,20,244,164,605.171875,308.03141361256547,0.4765625,0.25916230366492149,False,row0_col1,512,382,0,65
2315,1648997,01b9e97e851cf4e057950e28,2315,37,37,300,300,725.703125,600.6806282722514,0.5859375,0.61518324607329844,False,row1_col1,512,382,0,65
2316,1650402,01b9e97e851cf4e057950e28,2316,34,59,276,476,674.046875,979.40314136125664,0.5390625,1.0759162303664922,True,padding_center,512,382,0,65
2317,1651678,46e52c7cd794f51a462fb9f6,2317,30,15,244,124,630.5546875,223.36065573770492,0.4765625,0.13934426229508196,False,row0_col1,512,366,0,73
2318,1653824,46e52c7cd794f51a462fb9f6,2318,0,49,4,396,111.6484375,811.95081967213116,0.0078125,0.88251366120218577,False,row2_col0,512,366,0,73
2319,1654688,46e52c7cd794f51a462fb9f6,2319,32,62,260,500,665.1484375,1037,0.5078125,1.1666666666666667,True,padding_center,512,366,0,73
2320,1656827,45b11473d4f5f125115c882f,2320,59,31,476,252,1124.1640625,497.34736842105264,0.9296875,0.48947368421052634,False,row1_col2,512,380,0,66
2321,1656877,45b11473d4f5f125115c882f,2321,45,32,364,260,882.0078125,514.65263157894742,0.7109375,0.51052631578947372,False,row1_col2,512,380,0,66
2322,1658260,45b11473d4f5f125115c882f,2322,20,54,164,436,449.5859375,895.36842105263156,0.3203125,0.97368421052631582,False,row2_col0,512,380,0,66
2323,1660502,84a3e62ce078286ce2c7c91e,2323,22,25,180,204,472.9375,423.52061855670104,0.3515625,0.36597938144329895,False,row1_col1,512,388,0,62
2324,1661073,84a3e62ce078286ce2c7c91e,2324,17,34,140,276,386.0625,579.95360824742272,0.2734375,0.55154639175257736,False,row1_col0,512,388,0,62
2325,1661292,84a3e62ce078286ce2c7c91e,2325,44,37,356,300,855.1875,632.09793814432999,0.6953125,0.61340206185567014,False,row1_col2,512,388,0,62
2326,1662632,84a3e62ce078286ce2c7c91e,2326,40,58,324,468,785.6875,997.10824742268051,0.6328125,1.0463917525773196,True,padding_center,512,388,0,62
2327,1662823,84a3e62ce078286ce2c7c91e,2327,39,61,316,492,768.3125,1049.2525773195875,0.6171875,1.1082474226804124,True,padding_center,512,388,0,62
2328,1663320,06a76bf899fbda6d8aa83969,2328,24,5,196,44,535.390625,67.106382978723417,0.3828125,-0.063829787234042548,True,padding_center,512,376,0,68
2329,1665463,06a76bf899fbda6d8aa83969,2329,55,38,444,308,1071.109375,637.936170212766,0.8671875,0.63829787234042556,False,row1_col2,512,376,0,68
2330,1665466,06a76bf899fbda6d8aa83969,2330,58,38,468,308,1122.953125,637.936170212766,0.9140625,0.63829787234042556,False,row1_col2,512,376,0,68
2331,1666593,06a76bf899fbda6d8aa83969,2331,33,56,268,452,690.921875,949.29787234042544,0.5234375,1.0212765957446808,True,padding_center,512,376,0,68
2332,1667348,fa058e2ffd62b94a6405ac61,2332,20,4,164,36,481.1875,33.510309278350519,0.3203125,-0.067010309278350513,True,padding_center,512,388,0,62
2333,1668457,fa058e2ffd62b94a6405ac61,2333,41,21,332,172,846.0625,328.99484536082474,0.6484375,0.28350515463917525,False,row0_col1,512,388,0,62
2334,1669446,fa058e2ffd62b94a6405ac61,2334,6,37,52,300,237.9375,607.09793814432999,0.1015625,0.61340206185567014,False,row1_col0,512,388,0,62
2335,1669579,fa058e2ffd62b94a6405ac61,2335,11,39,92,316,324.8125,641.86082474226805,0.1796875,0.65463917525773196,False,row1_col0,512,388,0,62
2336,1670602,fa058e2ffd62b94a6405ac61,2336,10,55,84,444,307.4375,919.96391752577324,0.1640625,0.98453608247422686,False,row2_col0,512,388,0,62
2337,1670867,fa058e2ffd62b94a6405ac61,2337,19,59,156,476,463.8125,989.48969072164948,0.3046875,1.0670103092783505,True,padding_center,512,388,0,62
2338,1671134,fa058e2ffd62b94a6405ac61,2338,30,63,244,508,654.9375,1059.0154639175257,0.4765625,1.1494845360824741,True,padding_center,512,388,0,62
2339,1671650,985af2bec00e007d5a2584c9,2339,34,7,276,60,717.8203125,92.160104986876647,0.5390625,-0.013123359580052493,True,padding_center,512,381,0,65
2340,1672059,985af2bec00e007d5a2584c9,2340,59,13,476,108,1151.0234375,196.2230971128609,0.9296875,0.11286089238845144,False,row0_col2,512,381,0,65
2341,1672335,985af2bec00e007d5a2584c9,2341,15,18,124,148,388.5859375,282.94225721784778,0.2421875,0.2178477690288714,False,row0_col0,512,381,0,65
2342,1672612,985af2bec00e007d5a2584c9,2342,36,22,292,180,752.4765625,352.31758530183725,0.5703125,0.30183727034120733,False,row0_col1,512,381,0,65
2343,1673718,985af2bec00e007d5a2584c9,2343,54,39,436,316,1064.3828125,647.16272965879261,0.8515625,0.65879265091863515,False,row1_col2,512,381,0,65
2344,1676061,d03761371d8aa9c1e3445f8d,2344,29,12,236,100,613.2578125,179.78108108108108,0.4609375,0.078378378378378383,False,row0_col1,512,370,0,71
2345,1676443,d03761371d8aa9c1e3445f8d,2345,27,18,220,148,578.6640625,283.69459459459461,0.4296875,0.20810810810810812,False,row0_col1,512,370,0,71
2346,1677559,d03761371d8aa9c1e3445f8d,2346,55,35,444,284,1062.9765625,578.11621621621623,0.8671875,0.57567567567567568,False,row1_col2,512,370,0,71
2347,1677878,d03761371d8aa9c1e3445f8d,2347,54,40,436,324,1045.6796875,664.71081081081081,0.8515625,0.68378378378378379,False,row2_col2,512,370,0,71
2348,1679708,cca4df1af11b6f70d6b2fea3,2348,28,5,228,44,597.296875,53.284960422163586,0.4453125,-0.058047493403693931,True,padding_center,512,379,0,66
2349,1680239,cca4df1af11b6f70d6b2fea3,2349,47,13,380,108,926.828125,192.09234828496042,0.7421875,0.11081794195250659,False,row0_col2,512,379,0,66
2350,1680698,cca4df1af11b6f70d6b2fea3,2350,58,20,468,164,1117.609375,313.54881266490764,0.9140625,0.25857519788918204,False,row0_col2,512,379,0,66
2351,1681023,cca4df1af11b6f70d6b2fea3,2351,63,25,508,204,1204.328125,400.3034300791557,0.9921875,0.36411609498680741,False,row1_col2,512,379,0,66
2352,1681983,cca4df1af11b6f70d6b2fea3,2352,63,40,508,324,1204.328125,660.56728232189982,0.9921875,0.68073878627968343,False,row2_col2,512,379,0,66
2353,1682011,cca4df1af11b6f70d6b2fea3,2353,27,41,220,332,579.953125,677.91820580474939,0.4296875,0.70184696569920846,False,row2_col1,512,379,0,66
2354,1682034,cca4df1af11b6f70d6b2fea3,2354,50,41,404,332,978.859375,677.91820580474939,0.7890625,0.70184696569920846,False,row2_col2,512,379,0,66
2355,1683082,cca4df1af11b6f70d6b2fea3,2355,10,58,84,468,285.109375,972.8839050131927,0.1640625,1.0606860158311346,True,padding_center,512,379,0,66
2356,1684216,819d5eb6d1fc6bee06f079d2,2356,56,11,452,92,1064.2734375,152.00769230769231,0.8828125,0.079487179487179482,False,row0_col2,512,390,0,61
2357,1684263,819d5eb6d1fc6bee06f079d2,2357,39,12,316,100,770.2265625,169.30000000000001,0.6171875,0.10000000000000001,False,row0_col1,512,390,0,61
2358,1686456,819d5eb6d1fc6bee06f079d2,2358,56,46,452,372,1064.2734375,757.23846153846159,0.8828125,0.79743589743589749,False,row2_col2,512,390,0,61
2359,1686578,819d5eb6d1fc6bee06f079d2,2359,50,48,404,388,960.4921875,791.82307692307688,0.7890625,0.83846153846153848,False,row2_col2,512,390,0,61
2360,1687717,adea380903a21f32cbcdb240,2360,37,2,300,20,760.5625,-3.5625,0.5859375,-0.11458333333333333,True,padding_center,512,384,0,64
2361,1689638,adea380903a21f32cbcdb240,2361,38,32,308,260,777.9375,517.6875,0.6015625,0.51041666666666663,False,row1_col1,512,384,0,64
2362,1689816,adea380903a21f32cbcdb240,2362,24,35,196,284,534.6875,569.8125,0.3828125,0.57291666666666663,False,row1_col1,512,384,0,64
2363,1690809,adea380903a21f32cbcdb240,2363,57,50,460,404,1108.0625,830.4375,0.8984375,0.88541666666666663,False,row2_col2,512,384,0,64
2364,1690942,adea380903a21f32cbcdb240,2364,62,52,500,420,1194.9375,865.1875,0.9765625,0.92708333333333337,False,row2_col2,512,384,0,64
2365,1690968,adea380903a21f32cbcdb240,2365,24,53,196,428,534.6875,882.5625,0.3828125,0.94791666666666663,False,row2_col1,512,384,0,64
2366,1692834,8e016ce8a91e1722991e0302,2366,34,18,276,148,693.359375,279,0.5390625,0.20967741935483872,False,row0_col1,512,372,0,70
2367,1693260,8e016ce8a91e1722991e0302,2367,12,25,100,204,311.796875,400.33333333333337,0.1953125,0.36021505376344087,False,row1_col0,512,372,0,70
2368,1693332,8e016ce8a91e1722991e0302,2368,20,26,164,212,450.546875,417.66666666666669,0.3203125,0.38172043010752688,False,row1_col0,512,372,0,70
2369,1693360,8e016ce8a91e1722991e0302,2369,48,26,388,212,936.171875,417.66666666666669,0.7578125,0.38172043010752688,False,row1_col2,512,372,0,70
2370,1693430,8e016ce8a91e1722991e0302,2370,54,27,436,220,1040.234375,435,0.8515625,0.40322580645161288,False,row1_col2,512,372,0,70
2371,1693496,8e016ce8a91e1722991e0302,2371,56,28,452,228,1074.921875,452.33333333333331,0.8828125,0.42473118279569894,False,row1_col2,512,372,0,70
2372,1694562,8e016ce8a91e1722991e0302,2372,34,45,276,364,693.359375,747,0.5390625,0.79032258064516125,False,row2_col1,512,372,0,70
2373,1699347,bcf903efa792910c09f1c106,2373,19,56,156,452,436.8125,930.60330578512401,0.3046875,1.0413223140495869,True,padding_center,512,363,0,74
2374,1699495,bcf903efa792910c09f1c106,2374,39,58,316,468,784.3125,965.3801652892563,0.6171875,1.0853994490358128,True,padding_center,512,363,0,74
2375,1699746,bcf903efa792910c09f1c106,2375,34,62,276,500,697.4375,1034.9338842975208,0.5390625,1.1735537190082646,True,padding_center,512,363,0,74
2376,1700848,0acf69b3484e7f24b68c1255,2376,48,15,388,124,975.9609375,239.625,0.7578125,0.15625,False,row0_col2,512,384,0,64
2377,1703189,0acf69b3484e7f24b68c1255,2377,21,52,172,420,505.5703125,884.04166666666674,0.3359375,0.92708333333333337,False,row2_col1,512,384,0,64
2378,1703622,0acf69b3484e7f24b68c1255,2378,6,59,52,476,244.2421875,1005.9583333333334,0.1015625,1.0729166666666667,True,padding_center,512,384,0,64
2379,1703792,0acf69b3484e7f24b68c1255,2379,48,61,388,492,975.9609375,1040.7916666666665,0.7578125,1.1145833333333333,True,padding_center,512,384,0,64
2380,1704692,d8ff8af48bd325dbbb696129,2380,52,11,420,92,1046.546875,172.81283422459893,0.8203125,0.061497326203208559,False,row0_col2,512,374,0,69
2381,1707417,d8ff8af48bd325dbbb696129,2381,25,54,204,436,578.265625,917.8395721925134,0.3984375,0.98128342245989308,False,row2_col1,512,374,0,69
2382,1707907,d8ff8af48bd325dbbb696129,2382,3,62,28,500,196.703125,1056.4491978609626,0.0546875,1.1524064171122994,True,padding_center,512,374,0,69
2383,1709044,a8bb3126ece458be91eaa829,2383,52,15,420,124,1027.5234375,240.77284595300262,0.8203125,0.1566579634464752,False,row0_col2,512,383,0,64
2384,1709702,a8bb3126ece458be91eaa829,2384,6,26,52,212,237.6171875,429.63968668407307,0.1015625,0.38642297650130547,False,row1_col0,512,383,0,64
2385,1709914,a8bb3126ece458be91eaa829,2385,26,29,212,236,581.0546875,481.1488250652742,0.4140625,0.44908616187989558,False,row1_col1,512,383,0,64
2386,1713065,ee23df9242f129c4a8e65a88,2386,41,14,332,116,838.0625,214.82506527415143,0.6484375,0.13577023498694518,False,row0_col1,512,383,0,64
2387,1713160,ee23df9242f129c4a8e65a88,2387,8,16,68,132,264.6875,249.54046997389034,0.1328125,0.17754569190600522,False,row0_col0,512,383,0,64
2388,1713626,ee23df9242f129c4a8e65a88,2388,26,23,212,188,577.4375,371.04438642297652,0.4140625,0.32375979112271541,False,row0_col1,512,383,0,64
2389,1713707,ee23df9242f129c4a8e65a88,2389,43,24,348,196,872.8125,388.40208877284596,0.6796875,0.34464751958224543,False,row1_col2,512,383,0,64
2390,1713737,ee23df9242f129c4a8e65a88,2390,9,25,76,204,282.0625,405.7597911227154,0.1484375,0.36553524804177545,False,row1_col0,512,383,0,64
2391,1715640,ee23df9242f129c4a8e65a88,2391,56,54,452,436,1098.6875,909.13315926892949,0.8828125,0.97127937336814618,False,row2_col2,512,383,0,64
2392,1716064,ee23df9242f129c4a8e65a88,2392,32,61,260,492,681.6875,1030.6370757180157,0.5078125,1.1174934725848564,True,padding_center,512,383,0,64
2393,1717973,026bf89f372e56e84406ddb9,2393,21,27,172,220,496.8828125,440.76164383561644,0.3359375,0.40273972602739727,False,row1_col1,512,365,0,73
2394,1718006,026bf89f372e56e84406ddb9,2394,54,27,436,220,1067.6796875,440.76164383561644,0.8515625,0.40273972602739727,False,row1_col2,512,365,0,73
2395,1718533,026bf89f372e56e84406ddb9,2395,5,36,44,292,220.1328125,596.39999999999998,0.0859375,0.59999999999999998,False,row1_col0,512,365,0,73
2396,1718789,026bf89f372e56e84406ddb9,2396,5,40,44,324,220.1328125,665.57260273972599,0.0859375,0.68767123287671228,False,row2_col0,512,365,0,73
2397,1718987,026bf89f372e56e84406ddb9,2397,11,43,92,348,323.9140625,717.45205479452056,0.1796875,0.75342465753424659,False,row2_col0,512,365,0,73
2398,1719189,026bf89f372e56e84406ddb9,2398,21,46,172,372,496.8828125,769.33150684931502,0.3359375,0.81917808219178079,False,row2_col1,512,365,0,73
2399,1720408,c0a7a3a62c3795f511c0eafd,2399,24,1,196,12,577.5390625,-22.44919786096257,0.3828125,-0.15240641711229946,True,padding_center,512,374,0,69
2400,1721709,c0a7a3a62c3795f511c0eafd,2400,45,21,364,172,941.4296875,324.07486631016042,0.7109375,0.27540106951871657,False,row0_col2,512,374,0,69
2401,1722560,c0a7a3a62c3795f511c0eafd,2401,0,35,4,284,161.6640625,566.64171122994651,0.0078125,0.57486631016042777,False,row1_col0,512,374,0,69
2402,1722860,c0a7a3a62c3795f511c0eafd,2402,44,39,356,316,924.1015625,635.94652406417106,0.6953125,0.66042780748663099,False,row1_col2,512,374,0,69
2403,1723514,c0a7a3a62c3795f511c0eafd,2403,58,49,468,396,1166.6953125,809.20855614973266,0.9140625,0.87433155080213909,False,row2_col2,512,374,0,69
2404,1724297,c0a7a3a62c3795f511c0eafd,2404,9,62,76,500,317.6171875,1034.4491978609626,0.1484375,1.1524064171122994,True,padding_center,512,374,0,69
2405,1724544,6137c5eb29c83e0295cb116d,2405,0,2,4,20,114.6484375,14.415343915343925,0.0078125,-0.12433862433862433,True,padding_center,512,378,0,67
2406,1724638,6137c5eb29c83e0295cb116d,2406,30,3,244,28,633.5546875,31.706349206349216,0.4765625,-0.10317460317460317,True,padding_center,512,378,0,67
2407,1725029,6137c5eb29c83e0295cb116d,2407,37,9,300,76,754.6328125,135.45238095238096,0.5859375,0.023809523809523808,False,row0_col1,512,378,0,67
2408,1727259,6137c5eb29c83e0295cb116d,2408,27,44,220,356,581.6640625,740.63756613756618,0.4296875,0.76455026455026454,False,row2_col1,512,378,0,67
2409,1727501,6137c5eb29c83e0295cb116d,2409,13,48,108,388,339.5078125,809.80158730158723,0.2109375,0.84920634920634919,False,row2_col0,512,378,0,67
2410,1728738,e858091360537aba1a4ec74e,2410,34,3,276,28,723.359375,41,0.5390625,-0.11290322580645161,True,padding_center,512,372,0,70
2411,1728829,e858091360537aba1a4ec74e,2411,61,4,492,36,1191.640625,58.333333333333329,0.9609375,-0.091397849462365593,True,padding_center,512,372,0,70
2412,1729911,e858091360537aba1a4ec74e,2412,55,21,444,172,1087.578125,353,0.8671875,0.27419354838709675,False,row0_col2,512,372,0,70
2413,1730786,e858091360537aba1a4ec74e,2413,34,35,276,284,723.359375,595.66666666666674,0.5390625,0.57526881720430112,False,row1_col1,512,372,0,70
2414,1730904,e858091360537aba1a4ec74e,2414,24,37,196,300,549.921875,630.33333333333326,0.3828125,0.61827956989247312,False,row1_col1,512,372,0,70
2415,1733751,31e8cac167e6b2b2b11352b3,2415,55,17,444,140,1070.640625,278.38743455497382,0.8671875,0.19633507853403143,False,row0_col2,512,382,0,65
2416,1734153,31e8cac167e6b2b2b11352b3,2416,9,24,76,196,278.578125,398.89005235602093,0.1484375,0.34293193717277487,False,row1_col0,512,382,0,65
2417,1734956,31e8cac167e6b2b2b11352b3,2417,44,36,356,292,881.234375,605.46596858638736,0.6953125,0.59424083769633507,False,row1_col2,512,382,0,65
2418,1736964,7140572419651ba542cd1fdf,2418,4,4,36,36,211.9765625,45.217277486910994,0.0703125,-0.075916230366492143,True,padding_center,512,382,0,65
2419,1736987,7140572419651ba542cd1fdf,2419,27,4,220,36,610.5234375,45.217277486910994,0.4296875,-0.075916230366492143,True,padding_center,512,382,0,65
2420,1738001,7140572419651ba542cd1fdf,2420,17,20,140,164,437.2421875,322.32722513089004,0.2734375,0.25916230366492149,False,row0_col0,512,382,0,65
2421,1738297,7140572419651ba542cd1fdf,2421,57,24,460,196,1130.3671875,391.6047120418848,0.8984375,0.34293193717277487,False,row1_col2,512,382,0,65
2422,1738932,7140572419651ba542cd1fdf,2422,52,34,420,276,1043.7265625,564.79842931937173,0.8203125,0.55235602094240843,False,row1_col2,512,382,0,65
2423,1740124,7140572419651ba542cd1fdf,2423,28,53,228,428,627.8515625,893.8664921465969,0.4453125,0.95026178010471207,False,row2_col1,512,382,0,65
2424,1740373,7140572419651ba542cd1fdf,2424,21,57,172,460,506.5546875,963.14397905759165,0.3359375,1.0340314136125655,True,padding_center,512,382,0,65
2425,1741769,f5b415202f9796d16305892d,2425,9,15,76,124,295.1328125,245.4891304347826,0.1484375,0.14130434782608695,False,row0_col0,512,368,0,72
2426,1741976,f5b415202f9796d16305892d,2426,24,18,196,148,552.7109375,296.945652173913,0.3828125,0.20652173913043478,False,row0_col1,512,368,0,72
2427,1742757,f5b415202f9796d16305892d,2427,37,30,300,244,775.9453125,502.77173913043481,0.5859375,0.46739130434782611,False,row1_col1,512,368,0,72
2428,1743131,f5b415202f9796d16305892d,2428,27,36,220,292,604.2265625,605.68478260869563,0.4296875,0.59782608695652173,False,row1_col1,512,368,0,72
2429,1743924,f5b415202f9796d16305892d,2429,52,48,420,388,1033.5234375,811.51086956521738,0.8203125,0.85869565217391308,False,row2_col2,512,368,0,72
2430,1744344,f5b415202f9796d16305892d,2430,24,55,196,444,552.7109375,931.57608695652175,0.3828125,1.0108695652173914,True,padding_center,512,368,0,72
2431,1744547,f5b415202f9796d16305892d,2431,35,58,284,468,741.6015625,983.03260869565213,0.5546875,1.076086956521739,True,padding_center,512,368,0,72
2432,1744754,f5b415202f9796d16305892d,2432,50,61,404,492,999.1796875,1034.4891304347825,0.7890625,1.1413043478260869,True,padding_center,512,368,0,72
2433,1745450,a037fe56d4697f5f86f87b22,2433,42,8,340,68,844.1171875,120.16137566137566,0.6640625,0.0026455026455026454,False,row0_col1,512,378,0,67
2434,1746304,a037fe56d4697f5f86f87b22,2434,0,22,4,180,117.6484375,362.23544973544972,0.0078125,0.29894179894179895,False,row0_col0,512,378,0,67
2435,1746539,a037fe56d4697f5f86f87b22,2435,43,25,348,204,861.4140625,414.10846560846562,0.6796875,0.36243386243386244,False,row1_col2,512,378,0,67
2436,1746657,a037fe56d4697f5f86f87b22,2436,33,27,268,220,688.4453125,448.6904761904762,0.5234375,0.40476190476190477,False,row1_col1,512,378,0,67
2437,1747681,a037fe56d4697f5f86f87b22,2437,33,43,268,348,688.4453125,725.34656084656081,0.5234375,0.74338624338624337,False,row2_col1,512,378,0,67
2438,1747841,a037fe56d4697f5f86f87b22,2438,1,46,12,372,134.9453125,777.21957671957671,0.0234375,0.80687830687830686,False,row2_col0,512,378,0,67
2439,1748520,a037fe56d4697f5f86f87b22,2439,40,56,324,452,809.5234375,950.12962962962968,0.6328125,1.0185185185185186,True,padding_center,512,378,0,67
2440,1751161,c192edd74fe8165b22e50c5a,2440,57,33,460,268,1105.671875,546.99228791773783,0.8984375,0.53213367609254503,False,row1_col2,512,389,0,61
2441,1755316,0aef4825947bf8ad603e523a,2441,52,34,420,276,1043.1875,567.51742627345845,0.8203125,0.55495978552278824,False,row1_col2,512,373,0,69
2442,1756111,0aef4825947bf8ad603e523a,2442,15,47,124,380,400.3125,793.36193029490619,0.2421875,0.83378016085790885,False,row2_col0,512,373,0,69
2443,1756379,0aef4825947bf8ad603e523a,2443,27,51,220,412,608.8125,862.85254691688999,0.4296875,0.91957104557640745,False,row2_col1,512,373,0,69
2444,1757097,0aef4825947bf8ad603e523a,2444,41,62,332,500,852.0625,1053.951742627346,0.6484375,1.1554959785522789,True,padding_center,512,373,0,69
2445,1757620,91b902f7a2f5112ece6e0093,2445,52,6,420,52,1054.7265625,94.867567567567562,0.8203125,-0.051351351351351354,True,padding_center,512,370,0,71
2446,1758234,91b902f7a2f5112ece6e0093,2446,26,16,212,132,604.1953125,268.05675675675673,0.4140625,0.16486486486486487,False,row0_col1,512,370,0,71
2447,1758889,91b902f7a2f5112ece6e0093,2447,41,26,332,212,864.1171875,441.24594594594595,0.6484375,0.38108108108108107,False,row1_col1,512,370,0,71
2448,1759040,91b902f7a2f5112ece6e0093,2448,0,29,4,236,153.6640625,493.20270270270271,0.0078125,0.44594594594594594,False,row1_col0,512,370,0,71
2449,1759299,91b902f7a2f5112ece6e0093,2449,3,33,28,268,205.6484375,562.47837837837835,0.0546875,0.53243243243243243,False,row1_col0,512,370,0,71
2450,1761033,91b902f7a2f5112ece6e0093,2450,9,60,76,484,309.6171875,1030.0891891891893,0.1484375,1.1162162162162161,True,padding_center,512,370,0,71
2451,1762696,78b30cfbd744741692ca9e79,2451,8,22,68,180,245.0234375,359.60869565217394,0.1328125,0.29347826086956524,False,row0_col0,512,368,0,72
2452,1762962,78b30cfbd744741692ca9e79,2452,18,26,148,212,417.9921875,428.82608695652175,0.2890625,0.38043478260869568,False,row1_col0,512,368,0,72
2453,1765597,15b75700160ecc173a4d52a1,2453,29,3,236,28,608.2578125,36.599999999999994,0.4609375,-0.10666666666666667,True,padding_center,512,375,0,68
2454,1767228,15b75700160ecc173a4d52a1,2454,60,28,484,228,1144.4609375,468.60000000000002,0.9453125,0.42666666666666669,False,row1_col2,512,375,0,68
2455,1767786,15b75700160ecc173a4d52a1,2455,42,37,340,300,833.1171875,624.12,0.6640625,0.6186666666666667,False,row1_col1,512,375,0,68
2456,1768243,15b75700160ecc173a4d52a1,2456,51,44,412,356,988.7890625,745.08000000000004,0.8046875,0.76800000000000002,False,row2_col2,512,375,0,68
2457,1768686,15b75700160ecc173a4d52a1,2457,46,51,372,412,902.3046875,866.03999999999996,0.7265625,0.91733333333333333,False,row2_col2,512,375,0,68
2458,1769904,a0da085ada2e7121eea570e2,2458,48,6,388,52,947.171875,91.5,0.7578125,-0.03968253968253968,True,padding_center,512,378,0,67
2459,1770181,a0da085ada2e7121eea570e2,2459,5,11,44,92,201.390625,178.16666666666666,0.0859375,0.066137566137566134,False,row0_col0,512,378,0,67
2460,1770358,a0da085ada2e7121eea570e2,2460,54,13,436,108,1051.234375,212.83333333333331,0.8515625,0.10846560846560846,False,row0_col2,512,378,0,67
2461,1770445,a0da085ada2e7121eea570e2,2461,13,15,108,124,340.140625,247.5,0.2109375,0.15079365079365079,False,row0_col0,512,378,0,67
2462,1770594,a0da085ada2e7121eea570e2,2462,34,17,276,140,704.359375,282.16666666666663,0.5390625,0.19312169312169311,False,row0_col1,512,378,0,67
2463,1772798,a0da085ada2e7121eea570e2,2463,62,51,500,412,1189.984375,871.5,0.9765625,0.91269841269841268,False,row2_col2,512,378,0,67
2464,1773435,a0da085ada2e7121eea570e2,2464,59,61,476,492,1137.953125,1044.8333333333335,0.9296875,1.1243386243386244,True,padding_center,512,378,0,67
2465,1773616,bcd30516eaad32359ff58603,2465,48,0,388,4,931.140625,-17.49595687331535,0.7578125,-0.17789757412398921,True,padding_center,512,371,0,70
2466,1774700,bcd30516eaad32359ff58603,2466,44,17,356,140,862.015625,276.13207547169816,0.6953125,0.18867924528301888,False,row0_col2,512,371,0,70
2467,1774992,bcd30516eaad32359ff58603,2467,16,22,132,180,378.140625,362.49326145552561,0.2578125,0.29649595687331537,False,row0_col0,512,371,0,70
2468,1777502,bcd30516eaad32359ff58603,2468,30,61,244,492,620.078125,1036.1105121293801,0.4765625,1.1374663072776281,True,padding_center,512,371,0,70
2469,1777506,bcd30516eaad32359ff58603,2469,34,61,276,492,689.203125,1036.1105121293801,0.5390625,1.1374663072776281,True,padding_center,512,371,0,70
2470,1778344,68156206f643fb334d0eae7f,2470,40,10,324,84,786.953125,144.28378378378378,0.6328125,0.035135135135135137,False,row0_col1,512,370,0,71
2471,1779621,68156206f643fb334d0eae7f,2471,37,30,300,244,734.734375,492.39189189189187,0.5859375,0.46756756756756757,False,row1_col1,512,370,0,71
2472,1780401,68156206f643fb334d0eae7f,2472,49,42,396,340,943.609375,701.25675675675677,0.7734375,0.72702702702702704,False,row2_col2,512,370,0,71
2473,1780448,68156206f643fb334d0eae7f,2473,32,43,260,348,647.703125,718.66216216216219,0.5078125,0.74864864864864866,False,row2_col1,512,370,0,71
2474,1780697,68156206f643fb334d0eae7f,2474,25,47,204,380,525.859375,788.28378378378375,0.3984375,0.83513513513513515,False,row2_col1,512,370,0,71
2475,1780899,68156206f643fb334d0eae7f,2475,35,50,284,404,699.921875,840.5,0.5546875,0.90000000000000002,False,row2_col1,512,370,0,71
2476,1782488,7fc04af711a80e358348051d,2476,24,11,196,92,551.7734375,163.60752688172045,0.3828125,0.059139784946236562,False,row0_col1,512,372,0,70
2477,1782863,7fc04af711a80e358348051d,2477,15,17,124,140,396.1015625,267.47849462365593,0.2421875,0.18817204301075269,False,row0_col0,512,372,0,70
2478,1783873,7fc04af711a80e358348051d,2478,1,33,12,268,153.9453125,544.4677419354839,0.0234375,0.532258064516129,False,row1_col0,512,372,0,70
2479,1783900,7fc04af711a80e358348051d,2479,28,33,228,268,620.9609375,544.4677419354839,0.4453125,0.532258064516129,False,row1_col1,512,372,0,70
2480,1785460,7fc04af711a80e358348051d,2480,52,57,420,460,1036.0859375,959.95161290322574,0.8203125,1.0483870967741935,True,padding_center,512,372,0,70
2481,1785467,7fc04af711a80e358348051d,2481,59,57,476,460,1157.1640625,959.95161290322574,0.9296875,1.0483870967741935,True,padding_center,512,372,0,70
2482,1785937,d20cb62a0da43f7b5a35995c,2482,17,1,140,12,438.609375,8.0155440414507808,0.2734375,-0.13212435233160622,True,padding_center,512,386,0,63
2483,1786798,d20cb62a0da43f7b5a35995c,2483,46,14,372,116,943.390625,234.33678756476684,0.7265625,0.13730569948186527,False,row0_col2,512,386,0,63
2484,1787119,d20cb62a0da43f7b5a35995c,2484,47,19,380,156,960.796875,321.38341968911914,0.7421875,0.24093264248704663,False,row0_col2,512,386,0,63
2485,1790252,558b808638166f54dfdd8633,2485,44,4,356,36,882.1875,52.248041775456919,0.6953125,-0.073107049608355096,True,padding_center,512,383,0,64
2486,1792424,558b808638166f54dfdd8633,2486,40,38,324,308,812.6875,642.4099216710182,0.6328125,0.63707571801566576,False,row1_col1,512,383,0,64
2487,1792474,558b808638166f54dfdd8633,2487,26,39,212,316,569.4375,659.76762402088764,0.4140625,0.65796344647519578,False,row1_col1,512,383,0,64
2488,1792539,558b808638166f54dfdd8633,2488,27,40,220,324,586.8125,677.12532637075719,0.4296875,0.6788511749347258,False,row2_col1,512,383,0,64
2489,1794106,a54c971a682d36aeda7976b7,2489,58,0,468,4,1103.953125,-21.153424657534259,0.9140625,-0.18904109589041096,True,padding_center,512,365,0,73
2490,1794938,a54c971a682d36aeda7976b7,2490,58,13,468,108,1103.953125,203.65753424657532,0.9140625,0.095890410958904104,False,row0_col2,512,365,0,73
2491,1795287,a54c971a682d36aeda7976b7,2491,23,19,188,156,499.109375,307.41643835616435,0.3671875,0.22739726027397261,False,row0_col1,512,365,0,73
2492,1795786,a54c971a682d36aeda7976b7,2492,10,27,84,220,274.453125,445.76164383561644,0.1640625,0.40273972602739727,False,row1_col0,512,365,0,73
2493,1796116,a54c971a682d36aeda7976b7,2493,20,32,164,260,447.265625,532.22739726027396,0.3203125,0.51232876712328768,False,row1_col0,512,365,0,73
2494,1797348,a54c971a682d36aeda7976b7,2494,36,51,292,412,723.765625,860.7972602739726,0.5703125,0.92876712328767119,False,row2_col1,512,365,0,73
2495,1798645,5dcfc0e65ab4ebc09fc86fbe,2495,53,7,428,60,1047.0546875,89.65384615384616,0.8359375,-0.038461538461538464,True,padding_center,512,364,0,74
2496,1799614,5dcfc0e65ab4ebc09fc86fbe,2496,62,22,500,180,1203.0078125,349.76373626373629,0.9765625,0.29120879120879123,False,row0_col2,512,364,0,74
2497,1800897,5dcfc0e65ab4ebc09fc86fbe,2497,1,43,12,348,145.9921875,713.91758241758237,0.0234375,0.75274725274725274,False,row2_col0,512,364,0,74
2498,1801307,5dcfc0e65ab4ebc09fc86fbe,2498,27,49,220,396,596.5234375,817.96153846153845,0.4296875,0.88461538461538458,False,row2_col1,512,364,0,74
2499,1802150,5dcfc0e65ab4ebc09fc86fbe,2499,38,62,308,500,787.1328125,1043.3901098901099,0.6015625,1.1703296703296704,True,padding_center,512,364,0,74
2500,1804350,522e7bdad7dff218da16d20c,2500,62,32,500,260,1186.984375,540.76438356164385,0.9765625,0.51232876712328768,False,row1_col2,512,365,0,73
2501,1805434,522e7bdad7dff218da16d20c,2501,58,49,468,396,1117.609375,835.86575342465756,0.9140625,0.8849315068493151,False,row2_col2,512,365,0,73
2502,1805941,522e7bdad7dff218da16d20c,2502,53,57,428,460,1030.890625,974.73698630136983,0.8359375,1.0602739726027397,True,padding_center,512,365,0,73
2503,1806230,522e7bdad7dff218da16d20c,2503,22,62,180,500,493.234375,1061.5315068493151,0.3515625,1.1698630136986301,True,padding_center,512,365,0,73
2504,1806569,36a1385eef8168000ac9d2ff,2504,41,3,332,28,810.0078125,37.937984496124031,0.6484375,-0.087855297157622733,True,padding_center,512,387,0,62
2505,1806917,36a1385eef8168000ac9d2ff,2505,5,9,44,76,182.8203125,142.49612403100775,0.0859375,0.036175710594315243,False,row0_col0,512,387,0,62
2506,1807150,36a1385eef8168000ac9d2ff,2506,46,12,372,100,897.1171875,194.77519379844961,0.7265625,0.098191214470284241,False,row0_col2,512,387,0,62
2507,1807252,36a1385eef8168000ac9d2ff,2507,20,14,164,116,444.1484375,229.62790697674419,0.3203125,0.13953488372093023,False,row0_col0,512,387,0,62
2508,1807464,36a1385eef8168000ac9d2ff,2508,40,17,324,140,792.5859375,281.90697674418607,0.6328125,0.20155038759689922,False,row0_col1,512,387,0,62
2509,1807513,36a1385eef8168000ac9d2ff,2509,25,18,204,148,531.2578125,299.33333333333331,0.3984375,0.22222222222222221,False,row0_col1,512,387,0,62
2510,1809073,36a1385eef8168000ac9d2ff,2510,49,42,396,340,949.3828125,717.5658914728682,0.7734375,0.71834625322997414,False,row2_col2,512,387,0,62
2511,1809235,36a1385eef8168000ac9d2ff,2511,19,45,156,364,426.7265625,769.84496124031011,0.3046875,0.78036175710594313,False,row2_col0,512,387,0,62
2512,1811376,6cdb89370c1447e2daa1d31d,2512,48,14,388,116,928.140625,233.56032171581768,0.7578125,0.12600536193029491,False,row0_col2,512,373,0,69
2513,1812281,6cdb89370c1447e2daa1d31d,2513,57,28,460,228,1083.671875,475.57640750670242,0.8984375,0.42627345844504022,False,row1_col2,512,373,0,69
2514,1812343,6cdb89370c1447e2daa1d31d,2514,55,29,444,236,1049.109375,492.8632707774799,0.8671875,0.4477211796246649,False,row1_col2,512,373,0,69
2515,1815984,025ca213a8b93a50670ce0b0,2515,48,22,388,180,972.140625,370.66492146596863,0.7578125,0.30104712041884818,False,row0_col2,512,382,0,65
2516,1816276,025ca213a8b93a50670ce0b0,2516,20,27,164,220,488.265625,457.15706806282725,0.3203125,0.40575916230366493,False,row1_col0,512,382,0,65
2517,1816794,025ca213a8b93a50670ce0b0,2517,26,35,212,284,591.953125,595.54450261780107,0.4140625,0.57329842931937169,False,row1_col1,512,382,0,65
2518,1816802,025ca213a8b93a50670ce0b0,2518,34,35,276,284,730.203125,595.54450261780107,0.5390625,0.57329842931937169,False,row1_col1,512,382,0,65
2519,1817325,025ca213a8b93a50670ce0b0,2519,45,43,364,348,920.296875,733.93193717277495,0.7109375,0.74083769633507857,False,row2_col2,512,382,0,65
2520,1817687,025ca213a8b93a50670ce0b0,2520,23,49,188,396,540.109375,837.72251308900525,0.3671875,0.86649214659685869,False,row2_col1,512,382,0,65
2521,1817889,025ca213a8b93a50670ce0b0,2521,33,52,268,420,712.921875,889.61780104712045,0.5234375,0.9293193717277487,False,row2_col1,512,382,0,65
2522,1818439,025ca213a8b93a50670ce0b0,2522,7,61,60,492,263.609375,1045.303664921466,0.1171875,1.1178010471204189,True,padding_center,512,382,0,65
2523,1818522,025ca213a8b93a50670ce0b0,2523,26,62,212,500,591.953125,1062.6020942408377,0.4140625,1.1387434554973821,True,padding_center,512,382,0,65
2524,1819412,beb1e4bf2c0ec18579f745bf,2524,20,12,164,100,449.5859375,181.56521739130434,0.3203125,0.076086956521739135,False,row0_col0,512,368,0,72
2525,1819528,beb1e4bf2c0ec18579f745bf,2525,8,14,68,116,242.0234375,216.17391304347825,0.1328125,0.11956521739130435,False,row0_col0,512,368,0,72
2526,1820379,beb1e4bf2c0ec18579f745bf,2526,27,27,220,220,570.6640625,441.13043478260869,0.4296875,0.40217391304347827,False,row1_col1,512,368,0,72
2527,1822527,beb1e4bf2c0ec18579f745bf,2527,63,60,508,484,1193.3515625,1012.1739130434784,0.9921875,1.1195652173913044,True,padding_center,512,368,0,72
2528,1822626,beb1e4bf2c0ec18579f745bf,2528,34,62,276,500,691.7421875,1046.7826086956522,0.5390625,1.1630434782608696,True,padding_center,512,368,0,72
2529,1822914,f350543d4e926bfe063bea83,2529,2,3,20,28,125.3203125,33.482758620689651,0.0390625,-0.10344827586206896,True,padding_center,512,377,0,67
2530,1823172,f350543d4e926bfe063bea83,2530,4,7,36,60,159.9765625,102.83023872679045,0.0703125,-0.018567639257294429,True,padding_center,512,377,0,67
2531,1824217,f350543d4e926bfe063bea83,2531,25,23,204,188,523.8671875,380.22015915119363,0.3984375,0.32095490716180369,False,row0_col1,512,377,0,67
2532,1824835,f350543d4e926bfe063bea83,2532,3,33,28,268,142.6484375,553.58885941644553,0.0546875,0.53315649867374004,False,row1_col0,512,377,0,67
2533,1825078,f350543d4e926bfe063bea83,2533,54,36,436,292,1026.3828125,605.59946949602124,0.8515625,0.59681697612732099,False,row1_col2,512,377,0,67
2534,1825131,f350543d4e926bfe063bea83,2534,43,37,348,300,835.7734375,622.9363395225464,0.6796875,0.61803713527851456,False,row1_col2,512,377,0,67
2535,1826601,f350543d4e926bfe063bea83,2535,41,60,332,484,801.1171875,1021.6843501326259,0.6484375,1.1061007957559681,True,padding_center,512,377,0,67
2536,1827930,8edb3f5616a73b2e02e42c87,2536,26,17,212,140,557.1953125,282.77005347593581,0.4140625,0.18983957219251338,False,row0_col1,512,374,0,69
2537,1828085,8edb3f5616a73b2e02e42c87,2537,53,19,428,156,1025.0546875,317.42245989304814,0.8359375,0.23262032085561499,False,row0_col2,512,374,0,69
2538,1828788,8edb3f5616a73b2e02e42c87,2538,52,30,420,244,1007.7265625,508.01069518716577,0.8203125,0.46791443850267378,False,row1_col2,512,374,0,69
2539,1831419,efab8b57a05312e6e2d6ff9c,2539,59,7,476,60,1084.7265625,118.27821522309711,0.9296875,-0.013123359580052493,True,padding_center,512,381,0,65
2540,1831890,efab8b57a05312e6e2d6ff9c,2540,18,15,148,124,380.6796875,255.51706036745406,0.2890625,0.15485564304461943,False,row0_col0,512,381,0,65
2541,1832028,efab8b57a05312e6e2d6ff9c,2541,28,17,228,140,552.3984375,289.82677165354335,0.4453125,0.19685039370078741,False,row0_col1,512,381,0,65
2542,1832398,efab8b57a05312e6e2d6ff9c,2542,14,23,116,188,311.9921875,392.75590551181102,0.2265625,0.32283464566929132,False,row0_col0,512,381,0,65
2543,1832604,efab8b57a05312e6e2d6ff9c,2543,28,26,228,212,552.3984375,444.22047244094489,0.4453125,0.38582677165354329,False,row1_col1,512,381,0,65
2544,1832652,efab8b57a05312e6e2d6ff9c,2544,12,27,100,220,277.6484375,461.37532808398947,0.1953125,0.40682414698162728,False,row1_col0,512,381,0,65
2545,1833630,efab8b57a05312e6e2d6ff9c,2545,30,42,244,340,586.7421875,718.69816272965875,0.4765625,0.72178477690288712,False,row2_col1,512,381,0,65
2546,1833813,efab8b57a05312e6e2d6ff9c,2546,21,45,172,364,432.1953125,770.16272965879261,0.3359375,0.78477690288713908,False,row2_col1,512,381,0,65
2547,1833932,efab8b57a05312e6e2d6ff9c,2547,12,47,100,380,277.6484375,804.4724409448819,0.1953125,0.82677165354330706,False,row2_col0,512,381,0,65
2548,1834075,efab8b57a05312e6e2d6ff9c,2548,27,49,220,396,535.2265625,838.78215223097106,0.4296875,0.86876640419947504,False,row2_col1,512,381,0,65
2549,1834929,efab8b57a05312e6e2d6ff9c,2549,49,62,396,500,913.0078125,1061.7952755905512,0.7734375,1.1417322834645669,True,padding_center,512,381,0,65
2550,1834959,efab8b57a05312e6e2d6ff9c,2550,15,63,124,508,329.1640625,1078.9501312335958,0.2421875,1.162729658792651,True,padding_center,512,381,0,65
2551,1835335,c3cb302619dac53bc3e9a2b8,2551,7,5,60,44,227.203125,96.888594164456237,0.1171875,-0.061007957559681698,True,padding_center,512,377,0,67
2552,1838075,c3cb302619dac53bc3e9a2b8,2552,59,47,476,380,1116.078125,814.34217506631308,0.9296875,0.83023872679045096,False,row2_col2,512,377,0,67
2553,1838440,c3cb302619dac53bc3e9a2b8,2553,40,53,324,428,791.296875,916.83554376657821,0.6328125,0.95755968169761274,False,row2_col1,512,377,0,67
2554,1838449,c3cb302619dac53bc3e9a2b8,2554,49,53,396,428,945.140625,916.83554376657821,0.7734375,0.95755968169761274,False,row2_col2,512,377,0,67
2555,1839247,220c8ee1c69449f9af0ae7f1,2555,15,2,124,20,335.890625,43.239583333333343,0.2421875,-0.11458333333333333,True,padding_center,512,384,0,64
2556,1839488,220c8ee1c69449f9af0ae7f1,2556,0,6,4,52,77.609375,112.15625,0.0078125,-0.03125,True,padding_center,512,384,0,64
2557,1839851,220c8ee1c69449f9af0ae7f1,2557,43,11,348,92,818.015625,198.30208333333334,0.6796875,0.072916666666666671,False,row0_col2,512,384,0,64
2558,1839947,220c8ee1c69449f9af0ae7f1,2558,11,13,92,108,267.015625,232.76041666666666,0.1796875,0.11458333333333333,False,row0_col0,512,384,0,64
2559,1841278,220c8ee1c69449f9af0ae7f1,2559,62,33,500,268,1145.171875,577.34375,0.9765625,0.53125,False,row1_col2,512,384,0,64
2560,1842778,220c8ee1c69449f9af0ae7f1,2560,26,57,212,460,525.296875,990.84375,0.4140625,1.03125,True,padding_center,512,384,0,64
2561,1843850,439720347b525b459d2cd2a2,2561,10,10,84,84,341.8125,190.3145780051151,0.1640625,0.061381074168797956,False,row0_col0,512,391,0,60
2562,1844246,439720347b525b459d2cd2a2,2562,22,16,180,132,547.3125,292.94373401534529,0.3515625,0.18414322250639387,False,row0_col1,512,391,0,60
2563,1846139,439720347b525b459d2cd2a2,2563,59,45,476,364,1180.9375,788.98465473145779,0.9296875,0.77749360613810736,False,row2_col2,512,391,0,60
2564,1846268,439720347b525b459d2cd2a2,2564,60,47,484,380,1198.0625,823.19437340153456,0.9453125,0.81841432225063937,False,row2_col2,512,391,0,60
2565,1849755,cdd3402e4d0aa4a5fbc61954,2565,27,38,220,308,544.2265625,648.79840848806373,0.4296875,0.63925729442970824,False,row1_col1,512,377,0,67
2566,1851000,cdd3402e4d0aa4a5fbc61954,2566,56,57,452,460,1042.2109375,975.37665782493377,0.8828125,1.0424403183023874,True,padding_center,512,377,0,67
2567,1851065,cdd3402e4d0aa4a5fbc61954,2567,57,58,460,468,1059.3828125,992.56498673740055,0.8984375,1.0636604774535809,True,padding_center,512,377,0,67
2568,1851937,f06dd4b0ff466537119cc2af,2568,33,8,268,68,675.6875,137.72043010752688,0.5234375,-0.0053763440860215058,True,padding_center,512,372,0,70
2569,1853060,f06dd4b0ff466537119cc2af,2569,4,26,36,212,179.0625,445.84946236559142,0.0703125,0.38172043010752688,False,row1_col0,512,372,0,70
2570,1853314,f06dd4b0ff466537119cc2af,2570,2,30,20,244,144.8125,514.32258064516122,0.0390625,0.46774193548387094,False,row1_col0,512,372,0,70
2571,1854122,f06dd4b0ff466537119cc2af,2571,42,42,340,340,829.8125,719.74193548387098,0.6640625,0.72580645161290325,False,row2_col1,512,372,0,70
2572,1854325,f06dd4b0ff466537119cc2af,2572,53,45,428,364,1018.1875,771.09677419354841,0.8359375,0.79032258064516125,False,row2_col2,512,372,0,70
2573,1854871,f06dd4b0ff466537119cc2af,2573,23,54,188,436,504.4375,925.16129032258061,0.3671875,0.9838709677419355,False,row2_col1,512,372,0,70
2574,1855298,f06dd4b0ff466537119cc2af,2574,2,61,20,492,144.8125,1044.989247311828,0.0390625,1.1344086021505377,True,padding_center,512,372,0,70
2575,1855481,f06dd4b0ff466537119cc2af,2575,57,63,460,508,1086.6875,1079.2258064516129,0.8984375,1.1774193548387097,True,padding_center,512,372,0,70
2576,1855613,7a0f74886ddf2564aac2dcae,2576,61,1,492,12,1150.1484375,21.922459893048128,0.9609375,-0.15240641711229946,True,padding_center,512,374,0,69
2577,1855914,7a0f74886ddf2564aac2dcae,2577,42,6,340,52,824.4765625,107.59090909090909,0.6640625,-0.045454545454545456,True,padding_center,512,374,0,69
2578,1857033,7a0f74886ddf2564aac2dcae,2578,9,24,76,196,258.8359375,415.99732620320856,0.1484375,0.33957219251336901,False,row1_col0,512,374,0,69
2579,1859550,7a0f74886ddf2564aac2dcae,2579,30,63,244,508,618.7890625,1084.2112299465241,0.4765625,1.1737967914438503,True,padding_center,512,374,0,69
2580,1860449,f4ac4da33960d6b1e1780732,2580,33,13,268,108,638.640625,220.96596858638742,0.5234375,0.112565445026178,False,row0_col1,512,382,0,65
2581,1860487,f4ac4da33960d6b1e1780732,2581,7,14,60,116,194.203125,238.07591623036649,0.1171875,0.13350785340314136,False,row0_col0,512,382,0,65
2582,1860825,f4ac4da33960d6b1e1780732,2582,25,19,204,156,501.890625,323.62565445026178,0.3984375,0.23821989528795812,False,row0_col1,512,382,0,65
2583,1861925,f4ac4da33960d6b1e1780732,2583,37,36,300,292,707.015625,614.49476439790578,0.5859375,0.59424083769633507,False,row1_col1,512,382,0,65
2584,1862328,f4ac4da33960d6b1e1780732,2584,56,42,452,340,1031.796875,717.15445026178008,0.8828125,0.71989528795811519,False,row2_col2,512,382,0,65
2585,1862463,f4ac4da33960d6b1e1780732,2585,63,44,508,356,1151.453125,751.37434554973822,0.9921875,0.76178010471204194,False,row2_col2,512,382,0,65
2586,1863290,f4ac4da33960d6b1e1780732,2586,58,57,468,460,1065.984375,973.80366492146595,0.9140625,1.0340314136125655,True,padding_center,512,382,0,65
2587,1863695,f811b6561edd9f797ff5e802,2587,15,0,124,4,384.1640625,-5.5573333333333323,0.2421875,-0.17066666666666666,True,padding_center,512,375,0,68
2588,1864063,f811b6561edd9f797ff5e802,2588,63,5,508,44,1208.4140625,80.415999999999997,0.9921875,-0.064000000000000001,True,padding_center,512,375,0,68
2589,1866307,f811b6561edd9f797ff5e802,2589,3,41,28,332,178.1015625,699.42399999999998,0.0546875,0.70399999999999996,False,row2_col0,512,375,0,68
2590,1868040,55697275b8b27562c9eb1a4c,2590,8,4,68,36,250.09375,69.002597402597416,0.1328125,-0.070129870129870125,True,padding_center,512,385,0,63
2591,1868053,55697275b8b27562c9eb1a4c,2591,21,4,172,36,473.53125,69.002597402597416,0.3359375,-0.070129870129870125,True,padding_center,512,385,0,63
2592,1868148,55697275b8b27562c9eb1a4c,2592,52,5,420,44,1006.34375,86.187012987012992,0.8203125,-0.049350649350649353,True,padding_center,512,385,0,63
2593,1869995,55697275b8b27562c9eb1a4c,2593,43,34,348,276,851.65625,584.53506493506484,0.6796875,0.55324675324675321,False,row1_col2,512,385,0,63
2594,1870242,55697275b8b27562c9eb1a4c,2594,34,38,276,308,696.96875,653.27272727272725,0.5390625,0.63636363636363635,False,row1_col1,512,385,0,63
2595,1870984,55697275b8b27562c9eb1a4c,2595,8,50,68,404,250.09375,859.48571428571427,0.1328125,0.88571428571428568,False,row2_col0,512,385,0,63
2596,1871128,55697275b8b27562c9eb1a4c,2596,24,52,196,420,525.09375,893.85454545454547,0.3828125,0.92727272727272725,False,row2_col1,512,385,0,63
2597,1871212,55697275b8b27562c9eb1a4c,2597,44,53,356,428,868.84375,911.03896103896102,0.6953125,0.94805194805194803,False,row2_col2,512,385,0,63
2598,1872151,ef419c8f615496747f6510c0,2598,23,4,188,36,530.703125,69.399463806970502,0.3671875,-0.088471849865951746,True,padding_center,512,373,0,69
2599,1872387,ef419c8f615496747f6510c0,2599,3,8,28,68,188.828125,137.86058981233245,0.0546875,-0.0026809651474530832,True,padding_center,512,373,0,69
2600,1872654,ef419c8f615496747f6510c0,2600,14,12,116,100,376.859375,206.32171581769438,0.2265625,0.083109919571045576,False,row0_col0,512,373,0,69
2601,1872849,ef419c8f615496747f6510c0,2601,17,15,140,124,428.140625,257.66756032171583,0.2734375,0.14745308310991956,False,row0_col0,512,373,0,69
2602,1874045,ef419c8f615496747f6510c0,2602,61,33,492,268,1180.265625,565.74262734584454,0.9609375,0.53351206434316356,False,row1_col2,512,373,0,69
2603,1875012,ef419c8f615496747f6510c0,2603,4,49,36,396,205.921875,839.58713136729227,0.0703125,0.87667560321715821,False,row2_col0,512,373,0,69
2604,1875152,ef419c8f615496747f6510c0,2604,16,51,132,412,411.046875,873.8176943699732,0.2578125,0.91957104557640745,False,row2_col0,512,373,0,69
2605,1875717,ef419c8f615496747f6510c0,2605,5,60,44,484,223.015625,1027.8552278820375,0.0859375,1.1126005361930296,True,padding_center,512,373,0,69
2606,1876127,621fde1bd00dce28d45409a7,2606,31,2,252,20,665.8984375,33.338709677419359,0.4921875,-0.13440860215053763,True,padding_center,512,372,0,70
2607,1876878,621fde1bd00dce28d45409a7,2607,14,14,116,116,373.4453125,240.04838709677421,0.2265625,0.12365591397849462,False,row0_col0,512,372,0,70
2608,1877142,621fde1bd00dce28d45409a7,2608,22,18,180,148,511.0703125,308.95161290322585,0.3515625,0.20967741935483872,False,row0_col1,512,372,0,70
2609,1877378,621fde1bd00dce28d45409a7,2609,2,22,20,180,167.0078125,377.85483870967744,0.0390625,0.29569892473118281,False,row0_col0,512,372,0,70
2610,1877402,621fde1bd00dce28d45409a7,2610,26,22,212,180,579.8828125,377.85483870967744,0.4140625,0.29569892473118281,False,row0_col1,512,372,0,70
2611,1877404,621fde1bd00dce28d45409a7,2611,28,22,228,180,614.2890625,377.85483870967744,0.4453125,0.29569892473118281,False,row0_col1,512,372,0,70
2612,1877610,621fde1bd00dce28d45409a7,2612,42,25,340,204,855.1328125,429.53225806451616,0.6640625,0.36021505376344087,False,row1_col1,512,372,0,70
2613,1878519,621fde1bd00dce28d45409a7,2613,55,39,444,316,1078.7734375,670.69354838709671,0.8671875,0.66129032258064513,False,row1_col2,512,372,0,70
2614,1880491,7b4398b5f7d90eaafd6f9de7,2614,43,6,348,52,906.9375,103.63002680965147,0.6796875,-0.045576407506702415,True,padding_center,512,373,0,69
2615,1881004,7b4398b5f7d90eaafd6f9de7,2615,44,14,356,116,924.0625,240.55227882037534,0.6953125,0.12600536193029491,False,row0_col2,512,373,0,69
2616,1881769,7b4398b5f7d90eaafd6f9de7,2616,41,26,332,212,872.6875,445.93565683646113,0.6484375,0.38337801608579086,False,row1_col1,512,373,0,69
2617,1881926,7b4398b5f7d90eaafd6f9de7,2617,6,29,52,236,273.3125,497.28150134048258,0.1015625,0.4477211796246649,False,row1_col0,512,373,0,69
2618,1882643,7b4398b5f7d90eaafd6f9de7,2618,19,40,156,324,495.9375,685.54959785522794,0.3046875,0.6836461126005362,False,row2_col0,512,373,0,69
2619,1883166,7b4398b5f7d90eaafd6f9de7,2619,30,48,244,388,684.3125,822.47184986595175,0.4765625,0.85522788203753353,False,row2_col1,512,373,0,69
2620,1884117,7b4398b5f7d90eaafd6f9de7,2620,21,63,172,508,530.1875,1079.201072386059,0.3359375,1.1769436997319034,True,padding_center,512,373,0,69
2621,1884524,c7f35be6760fdb85307e2d49,2621,44,5,356,44,869.7578125,91.553191489361708,0.6953125,-0.063829787234042548,True,padding_center,512,376,0,68
2622,1884619,c7f35be6760fdb85307e2d49,2622,11,7,92,60,304.1171875,125.85106382978724,0.1796875,-0.021276595744680851,True,padding_center,512,376,0,68
2623,1885229,c7f35be6760fdb85307e2d49,2623,45,16,364,132,886.8984375,280.19148936170211,0.7109375,0.1702127659574468,False,row0_col2,512,376,0,68
2624,1885900,c7f35be6760fdb85307e2d49,2624,12,27,100,220,321.2578125,468.82978723404256,0.1953125,0.40425531914893614,False,row1_col0,512,376,0,68
2625,1886011,c7f35be6760fdb85307e2d49,2625,59,28,476,228,1126.8671875,485.97872340425533,0.9296875,0.42553191489361702,False,row1_col2,512,376,0,68
2626,1886267,c7f35be6760fdb85307e2d49,2626,59,32,476,260,1126.8671875,554.57446808510633,0.9296875,0.51063829787234039,False,row1_col2,512,376,0,68
2627,1887502,c7f35be6760fdb85307e2d49,2627,14,52,116,420,355.5390625,897.55319148936167,0.2265625,0.93617021276595747,False,row2_col0,512,376,0,68
2628,1888330,77f12352984de874b6cd5378,2628,10,1,84,12,327.9765625,16.142857142857153,0.1640625,-0.14550264550264549,True,padding_center,512,378,0,67
2629,1888486,77f12352984de874b6cd5378,2629,38,3,308,28,807.9140625,50.428571428571431,0.6015625,-0.10317460317460317,True,padding_center,512,378,0,67
2630,1888703,77f12352984de874b6cd5378,2630,63,6,508,52,1236.4296875,101.85714285714286,0.9921875,-0.03968253968253968,True,padding_center,512,378,0,67
2631,1889601,77f12352984de874b6cd5378,2631,1,21,12,172,173.7109375,359,0.0234375,0.27777777777777779,False,row0_col0,512,378,0,67
2632,1889753,77f12352984de874b6cd5378,2632,25,23,204,188,585.0859375,393.28571428571428,0.3984375,0.32010582010582012,False,row0_col1,512,378,0,67
2633,1890414,77f12352984de874b6cd5378,2633,46,33,372,268,945.0390625,564.71428571428578,0.7265625,0.53174603174603174,False,row1_col2,512,378,0,67
2634,1891036,77f12352984de874b6cd5378,2634,28,43,228,348,636.5078125,736.14285714285711,0.4453125,0.74338624338624337,False,row2_col1,512,378,0,67
2635,1891505,77f12352984de874b6cd5378,2635,49,50,396,404,996.4609375,856.14285714285711,0.7734375,0.89153439153439151,False,row2_col2,512,378,0,67
2636,1891782,77f12352984de874b6cd5378,2636,6,55,52,444,259.4140625,941.85714285714289,0.1015625,0.99735449735449733,False,row2_col0,512,378,0,67
2637,1892186,77f12352984de874b6cd5378,2637,26,61,212,492,602.2265625,1044.7142857142858,0.4140625,1.1243386243386244,True,padding_center,512,378,0,67
2638,1892394,1d12ec902c3113b35c317ef8,2638,42,0,340,4,847.484375,-1.5065963060686158,0.6640625,-0.16358839050131926,True,padding_center,512,379,0,66
2639,1892587,1d12ec902c3113b35c317ef8,2639,43,3,348,28,864.578125,49.786279683377316,0.6796875,-0.10026385224274406,True,padding_center,512,379,0,66
2640,1895992,1d12ec902c3113b35c317ef8,2640,56,56,452,452,1086.796875,955.96042216358831,0.8828125,1.0184696569920844,True,padding_center,512,379,0,66
2641,1896221,1d12ec902c3113b35c317ef8,2641,29,60,236,484,625.265625,1024.3509234828496,0.4609375,1.1029023746701847,True,padding_center,512,379,0,66
2642,1899668,5b0c8102bd3a2a571e7c2c76,2642,20,50,164,404,508.0625,863.48275862068965,0.3203125,0.8938992042440318,False,row2_col0,512,377,0,67
2643,1900408,5b0c8102bd3a2a571e7c2c76,2643,56,61,452,492,1124.5625,1051.6206896551726,0.8828125,1.1273209549071619,True,padding_center,512,377,0,67
2644,1900634,73937759020f473dae5c179a,2644,26,1,212,12,532.5703125,13.5910290237467,0.4140625,-0.14248021108179421,True,padding_center,512,379,0,66
2645,1901066,73937759020f473dae5c179a,2645,10,8,84,68,259.3203125,133.27440633245382,0.1640625,0.0052770448548812663,False,row0_col0,512,379,0,66
2646,1901438,73937759020f473dae5c179a,2646,62,13,500,108,1147.3828125,218.76253298153034,0.9765625,0.11081794195250659,False,row0_col2,512,379,0,66
2647,1902162,73937759020f473dae5c179a,2647,18,25,148,204,395.9453125,423.93403693931401,0.2890625,0.36411609498680741,False,row1_col0,512,379,0,66
2648,1903551,73937759020f473dae5c179a,2648,63,46,508,372,1164.4609375,782.98416886543532,0.9921875,0.80738786279683372,False,row2_col2,512,379,0,66
2649,1904126,73937759020f473dae5c179a,2649,62,55,500,444,1147.3828125,936.86279683377302,0.9765625,0.99736147757255933,False,row2_col2,512,379,0,66
2650,1906899,29967e147eb9c7a768964adf,2650,19,35,156,284,441.8515625,603.23342175066318,0.3046875,0.5755968169761273,False,row1_col0,512,377,0,67
2651,1907023,29967e147eb9c7a768964adf,2651,15,37,124,300,373.1640625,637.61007957559673,0.2421875,0.61803713527851456,False,row1_col0,512,377,0,67
2652,1907098,29967e147eb9c7a768964adf,2652,26,38,212,308,562.0546875,654.79840848806373,0.4140625,0.63925729442970824,False,row1_col1,512,377,0,67
2653,1908339,29967e147eb9c7a768964adf,2653,51,57,412,460,991.3515625,981.37665782493377,0.8046875,1.0424403183023874,True,padding_center,512,377,0,67
2654,1911199,4232070a33fbc4fa24180e8d,2654,31,38,252,308,641.390625,651.44818652849744,0.4921875,0.63471502590673579,False,row1_col1,512,386,0,63
2655,1912259,4232070a33fbc4fa24180e8d,2655,3,55,28,444,159.265625,944.23575129533674,0.0546875,0.98704663212435229,False,row2_col0,512,386,0,63
2656,1912865,246ad0c43ef94471a87d00f3,2656,33,0,268,4,719.6875,1.788770053475929,0.5234375,-0.17379679144385027,True,padding_center,512,374,0,69
2657,1913309,246ad0c43ef94471a87d00f3,2657,29,7,236,60,651.1875,121.72459893048128,0.4609375,-0.024064171122994651,True,padding_center,512,374,0,69
2658,1914933,246ad0c43ef94471a87d00f3,2658,53,32,428,260,1062.1875,550.06684491978615,0.8359375,0.51069518716577544,False,row1_col2,512,374,0,69
2659,1916641,246ad0c43ef94471a87d00f3,2659,33,59,268,476,719.6875,1012.6764705882352,0.5234375,1.088235294117647,True,padding_center,512,374,0,69
2660,1916823,246ad0c43ef94471a87d00f3,2660,23,62,188,500,548.4375,1064.0775401069518,0.3671875,1.1524064171122994,True,padding_center,512,374,0,69
2661,1918816,516089d2e2e2c9755fbd5142,2661,32,29,260,236,676.0859375,501.08800000000002,0.5078125,0.44800000000000001,False,row1_col1,512,375,0,68
2662,1919872,516089d2e2e2c9755fbd5142,2662,0,46,4,372,126.5859375,793.39733333333334,0.0078125,0.81066666666666665,False,row2_col0,512,375,0,68
2663,1920469,516089d2e2e2c9755fbd5142,2663,21,55,172,444,487.1953125,948.14933333333329,0.3359375,1.0026666666666666,True,padding_center,512,375,0,68
2664,1920591,516089d2e2e2c9755fbd5142,2664,15,57,124,460,384.1640625,982.53866666666659,0.2421875,1.0453333333333332,True,padding_center,512,375,0,68
2665,1921957,7361af587e04e93382fe2d91,2665,37,14,300,116,752.703125,233.35051546391753,0.5859375,0.13917525773195877,False,row0_col1,512,388,0,62
2666,1922079,7361af587e04e93382fe2d91,2666,31,16,252,132,649.390625,267.82474226804123,0.4921875,0.18041237113402062,False,row0_col1,512,388,0,62
2667,1922586,7361af587e04e93382fe2d91,2667,26,24,212,196,563.296875,405.7216494845361,0.4140625,0.34536082474226804,False,row1_col1,512,388,0,62
2668,1923158,7361af587e04e93382fe2d91,2668,22,33,180,268,494.421875,560.85567010309273,0.3515625,0.53092783505154639,False,row1_col1,512,388,0,62
2669,1925536,0493c50e4f0350b831275383,2669,32,6,260,52,708.1640625,97.506234413965089,0.5078125,-0.007481296758104738,True,padding_center,512,401,0,55
2670,1925649,0493c50e4f0350b831275383,2670,17,8,140,68,448.2421875,132.13965087281795,0.2734375,0.032418952618453865,False,row0_col0,512,401,0,55
2671,1925764,0493c50e4f0350b831275383,2671,4,10,36,84,222.9765625,166.77306733167083,0.0703125,0.072319201995012475,False,row0_col0,512,401,0,55
2672,1926035,0493c50e4f0350b831275383,2672,19,14,156,116,482.8984375,236.03990024937656,0.3046875,0.15211970074812967,False,row0_col0,512,401,0,55
2673,1927211,0493c50e4f0350b831275383,2673,43,32,348,260,898.7734375,547.74064837905235,0.6796875,0.51122194513715713,False,row1_col2,512,401,0,55
2674,1928290,0493c50e4f0350b831275383,2674,34,49,276,396,742.8203125,842.12468827930172,0.5390625,0.85037406483790523,False,row2_col1,512,401,0,55
2675,1928427,0493c50e4f0350b831275383,2675,43,51,348,412,898.7734375,876.75810473815454,0.6796875,0.89027431421446379,False,row2_col2,512,401,0,55
2676,1928436,0493c50e4f0350b831275383,2676,52,51,420,412,1054.7265625,876.75810473815454,0.8203125,0.89027431421446379,False,row2_col2,512,401,0,55
2677,1928833,0493c50e4f0350b831275383,2677,1,58,12,468,170.9921875,997.97506234413959,0.0234375,1.0299251870324189,True,padding_center,512,401,0,55
2678,1928984,0493c50e4f0350b831275383,2678,24,60,196,484,569.5390625,1032.6084788029925,0.3828125,1.0698254364089776,True,padding_center,512,401,0,55
2679,1929739,08e2b3b386fb9b49a55d363c,2679,11,8,92,68,323.1171875,132.2842105263158,0.1796875,0.005263157894736842,False,row0_col0,512,380,0,66
2680,1930091,08e2b3b386fb9b49a55d363c,2680,43,13,348,108,871.6171875,217.96842105263158,0.6796875,0.11052631578947368,False,row0_col2,512,380,0,66
2681,1930329,08e2b3b386fb9b49a55d363c,2681,25,17,204,140,563.0859375,286.51578947368421,0.3984375,0.19473684210526315,False,row0_col1,512,380,0,66
2682,1930445,08e2b3b386fb9b49a55d363c,2682,13,19,108,156,357.3984375,320.78947368421052,0.2109375,0.23684210526315788,False,row0_col0,512,380,0,66
2683,1930885,08e2b3b386fb9b49a55d363c,2683,5,26,44,212,220.2734375,440.74736842105261,0.0859375,0.38421052631578945,False,row1_col0,512,380,0,66
2684,1931586,08e2b3b386fb9b49a55d363c,2684,2,37,20,300,168.8515625,629.25263157894733,0.0390625,0.61578947368421055,False,row1_col0,512,380,0,66
2685,1931672,08e2b3b386fb9b49a55d363c,2685,24,38,196,308,545.9453125,646.38947368421054,0.3828125,0.63684210526315788,False,row1_col1,512,380,0,66
2686,1931833,08e2b3b386fb9b49a55d363c,2686,57,40,460,324,1111.5859375,680.66315789473686,0.8984375,0.67894736842105263,False,row2_col2,512,380,0,66
2687,1932085,08e2b3b386fb9b49a55d363c,2687,53,44,428,356,1043.0234375,749.21052631578948,0.8359375,0.76315789473684215,False,row2_col2,512,380,0,66
2688,1933337,7b57de0d35adaa2f8254baa8,2688,25,0,204,4,634.6875,-3.211229946524071,0.3984375,-0.17379679144385027,True,padding_center,512,374,0,69
2689,1933606,7b57de0d35adaa2f8254baa8,2689,38,4,308,36,857.3125,65.323529411764696,0.6015625,-0.088235294117647065,True,padding_center,512,374,0,69
2690,1934276,7b57de0d35adaa2f8254baa8,2690,4,15,36,124,275.0625,253.79411764705884,0.0703125,0.14705882352941177,False,row0_col0,512,374,0,69
2691,1935185,7b57de0d35adaa2f8254baa8,2691,17,29,140,236,497.6875,493.66577540106954,0.2734375,0.446524064171123,False,row1_col0,512,374,0,69
2692,1935430,7b57de0d35adaa2f8254baa8,2692,6,33,52,268,309.3125,562.20053475935833,0.1015625,0.53208556149732622,False,row1_col0,512,374,0,69
2693,1935774,7b57de0d35adaa2f8254baa8,2693,30,38,244,308,720.3125,647.86898395721926,0.4765625,0.63903743315508021,False,row1_col1,512,374,0,69
2694,1937499,0d760570a7d92d299c04d427,2694,27,1,220,12,601.6484375,19.111688311688326,0.4296875,-0.13246753246753246,True,padding_center,512,385,0,63
2695,1939937,0d760570a7d92d299c04d427,2695,33,39,268,316,704.1171875,668.17142857142858,0.5234375,0.65714285714285714,False,row1_col1,512,385,0,63
2696,1941344,0d760570a7d92d299c04d427,2696,32,61,260,492,687.0390625,1043.9428571428571,0.5078125,1.1142857142857143,True,padding_center,512,385,0,63
2697,1941787,8ce9e51dbad44f0e4107d965,2697,27,4,220,36,556.3671875,69.813648293963254,0.4296875,-0.076115485564304461,True,padding_center,512,381,0,65
2698,1942109,8ce9e51dbad44f0e4107d965,2698,29,9,236,76,590.6484375,155.58792650918636,0.4609375,0.028871391076115485,False,row0_col1,512,381,0,65
2699,1943409,8ce9e51dbad44f0e4107d965,2699,49,29,396,236,933.4609375,498.6850393700787,0.7734375,0.44881889763779526,False,row1_col2,512,381,0,65
2700,1943871,8ce9e51dbad44f0e4107d965,2700,63,36,508,292,1173.4296875,618.76902887139113,0.9921875,0.59580052493438318,False,row1_col2,512,381,0,65
2701,1944598,8ce9e51dbad44f0e4107d965,2701,22,48,180,388,470.6640625,824.62729658792648,0.3515625,0.84776902887139105,False,row2_col1,512,381,0,65
2702,1945284,8ce9e51dbad44f0e4107d965,2702,4,59,36,476,162.1328125,1013.3307086614174,0.0703125,1.078740157480315,True,padding_center,512,381,0,65
2703,1945693,9ac9ebb9578650063235ec30,2703,29,1,236,12,600.5703125,19.396866840731064,0.4609375,-0.13577023498694518,True,padding_center,512,383,0,64
2704,1945907,9ac9ebb9578650063235ec30,2704,51,4,412,36,978.3515625,70.906005221932105,0.8046875,-0.073107049608355096,True,padding_center,512,383,0,64
2705,1945987,9ac9ebb9578650063235ec30,2705,3,6,28,52,154.1015625,105.24543080939948,0.0546875,-0.031331592689295036,True,padding_center,512,383,0,64
2706,1947931,9ac9ebb9578650063235ec30,2706,27,36,220,292,566.2265625,620.33681462140999,0.4296875,0.59530026109660572,False,row1_col1,512,383,0,64
2707,1949596,9ac9ebb9578650063235ec30,2707,28,62,228,500,583.3984375,1066.7493472584856,0.4453125,1.1383812010443863,True,padding_center,512,383,0,64
2708,1949841,cbe7415bc3817302e0c76f2d,2708,17,2,140,20,428.140625,35.356589147286826,0.2734375,-0.10852713178294573,True,padding_center,512,387,0,62
2709,1950326,cbe7415bc3817302e0c76f2d,2709,54,9,436,76,1060.609375,154.88113695090439,0.8515625,0.036175710594315243,False,row0_col2,512,387,0,62
2710,1950384,cbe7415bc3817302e0c76f2d,2710,48,10,388,84,958.046875,171.9560723514212,0.7578125,0.056847545219638244,False,row0_col2,512,387,0,62
2711,1951984,cbe7415bc3817302e0c76f2d,2711,48,35,388,284,958.046875,598.82945736434112,0.7578125,0.5736434108527132,False,row1_col2,512,387,0,62
2712,1953016,cbe7415bc3817302e0c76f2d,2712,56,51,452,412,1094.796875,872.02842377260981,0.8828125,0.90439276485788112,False,row2_col2,512,387,0,62
2713,1953166,cbe7415bc3817302e0c76f2d,2713,14,54,116,436,376.859375,923.25322997416015,0.2265625,0.96640826873385011,False,row2_col0,512,387,0,62
2714,1953765,cbe7415bc3817302e0c76f2d,2714,37,63,300,508,770.015625,1076.9276485788114,0.5859375,1.1524547803617571,True,padding_center,512,387,0,62
2715,1954003,49f213bf9b926dc2b4b2d138,2715,19,3,156,28,485.8515625,57.026666666666657,0.3046875,-0.10666666666666667,True,padding_center,512,375,0,68
2716,1954315,49f213bf9b926dc2b4b2d138,2716,11,8,92,68,348.4765625,143,0.1796875,0,False,row0_col0,512,375,0,68
2717,1954442,49f213bf9b926dc2b4b2d138,2717,10,10,84,84,331.3046875,177.38933333333333,0.1640625,0.042666666666666665,False,row0_col0,512,375,0,68
2718,1955759,49f213bf9b926dc2b4b2d138,2718,47,30,380,244,966.6640625,521.28266666666673,0.7421875,0.46933333333333332,False,row1_col2,512,375,0,68
2719,1956984,49f213bf9b926dc2b4b2d138,2719,56,49,452,396,1121.2109375,847.9813333333334,0.8828125,0.8746666666666667,False,row2_col2,512,375,0,68
2720,1957596,49f213bf9b926dc2b4b2d138,2720,28,59,228,476,640.3984375,1019.9280000000001,0.4453125,1.0880000000000001,True,padding_center,512,375,0,68
2721,1960591,113ae33369eea4ce7f0b6955,2721,15,42,124,340,362.1640625,723.55172413793105,0.2421875,0.72413793103448276,False,row2_col0,512,377,0,67
2722,1961294,113ae33369eea4ce7f0b6955,2722,14,53,116,428,344.9921875,912.62334217506634,0.2265625,0.95755968169761274,False,row2_col0,512,377,0,67
2723,1961736,113ae33369eea4ce7f0b6955,2723,8,60,68,484,241.9609375,1032.9416445623342,0.1328125,1.1061007957559681,True,padding_center,512,377,0,67
2724,1961815,113ae33369eea4ce7f0b6955,2724,23,61,188,492,499.5390625,1050.1299734748011,0.3671875,1.1273209549071619,True,padding_center,512,377,0,67
2725,1962317,f93c3ed6d29f639d27608bfa,2725,13,5,108,44,327.8203125,90.824427480916029,0.2109375,-0.038167938931297711,True,padding_center,512,393,0,59
2726,1962675,f93c3ed6d29f639d27608bfa,2726,51,10,412,84,980.3515625,176.62595419847327,0.8046875,0.063613231552162849,False,row0_col2,512,393,0,59
2727,1963525,f93c3ed6d29f639d27608bfa,2727,5,24,44,196,190.4453125,416.87022900763361,0.0859375,0.34860050890585242,False,row1_col0,512,393,0,59
2728,1963628,f93c3ed6d29f639d27608bfa,2728,44,25,356,204,860.1484375,434.03053435114504,0.6953125,0.36895674300254455,False,row1_col2,512,393,0,59
2729,1964690,f93c3ed6d29f639d27608bfa,2729,18,42,148,340,413.6796875,725.75572519083971,0.2890625,0.71501272264631044,False,row2_col0,512,393,0,59
2730,1966243,af227d5d2da548642af3d8e8,2730,35,2,284,20,669.1484375,27.440944881889763,0.5546875,-0.11811023622047244,True,padding_center,512,381,0,65
2731,1966365,af227d5d2da548642af3d8e8,2731,29,4,236,36,565.1796875,62.128608923884514,0.4609375,-0.076115485564304461,True,padding_center,512,381,0,65
2732,1969184,af227d5d2da548642af3d8e8,2732,32,48,260,388,617.1640625,825.25721784776897,0.5078125,0.84776902887139105,False,row2_col1,512,381,0,65
2733,1969374,af227d5d2da548642af3d8e8,2733,30,51,244,412,582.5078125,877.28871391076109,0.4765625,0.91076115485564302,False,row2_col1,512,381,0,65
2734,1969744,af227d5d2da548642af3d8e8,2734,16,57,132,460,339.9140625,981.35170603674544,0.2578125,1.0367454068241471,True,padding_center,512,381,0,65
2735,1973390,bc5170b2dbd4e825a4bfa3ef,2735,14,50,116,404,342.9921875,856.60000000000002,0.2265625,0.88571428571428568,False,row2_col0,512,385,0,63
2736,1975367,af3de41611057662e83c573b,2736,7,17,60,140,202.203125,290.87533156498671,0.1171875,0.19363395225464192,False,row0_col0,512,377,0,67
2737,1976442,af3de41611057662e83c573b,2737,58,33,468,268,1073.984375,564.19098143236079,0.9140625,0.53315649867374004,False,row1_col2,512,377,0,67
2738,1976757,af3de41611057662e83c573b,2738,53,38,428,308,988.515625,649.60212201591514,0.8359375,0.63925729442970824,False,row1_col2,512,377,0,67
2739,1977425,af3de41611057662e83c573b,2739,17,49,140,396,373.140625,837.50663129973475,0.2734375,0.87267904509283822,False,row2_col0,512,377,0,67
2740,1977530,af3de41611057662e83c573b,2740,58,50,468,404,1073.984375,854.58885941644564,0.9140625,0.8938992042440318,False,row2_col2,512,377,0,67
2741,1978281,af3de41611057662e83c573b,2741,41,62,332,500,783.390625,1059.575596816976,0.6484375,1.1485411140583555,True,padding_center,512,377,0,67
2742,1978455,17686a11fc83b9f929d8d85e,2742,23,1,188,12,564.4375,20.892473118279568,0.3671875,-0.15591397849462366,True,padding_center,512,372,0,70
2743,1979401,17686a11fc83b9f929d8d85e,2743,9,16,76,132,324.6875,277.66666666666663,0.1484375,0.16666666666666666,False,row0_col0,512,372,0,70
2744,1979772,17686a11fc83b9f929d8d85e,2744,60,21,484,172,1198.0625,363.25806451612902,0.9453125,0.27419354838709675,False,row0_col2,512,372,0,70
2745,1980036,17686a11fc83b9f929d8d85e,2745,4,26,36,212,239.0625,448.84946236559142,0.0703125,0.38172043010752688,False,row1_col0,512,372,0,70
2746,1980902,17686a11fc83b9f929d8d85e,2746,38,39,308,316,821.3125,671.38709677419354,0.6015625,0.66129032258064513,False,row1_col1,512,372,0,70
2747,1982758,152a6af5fd08ee8687052c5c,2747,38,4,308,36,781.5078125,78.647999999999996,0.6015625,-0.08533333333333333,True,padding_center,512,375,0,68
2748,1983148,152a6af5fd08ee8687052c5c,2748,44,10,356,84,883.9765625,181.17599999999999,0.6953125,0.042666666666666665,False,row0_col2,512,375,0,68
2749,1984322,152a6af5fd08ee8687052c5c,2749,2,29,20,236,166.6953125,505.84800000000001,0.0390625,0.44800000000000001,False,row1_col0,512,375,0,68
2750,1984913,152a6af5fd08ee8687052c5c,2750,17,38,140,308,422.8671875,659.63999999999999,0.2734375,0.64000000000000001,False,row1_col0,512,375,0,68
2751,1985534,152a6af5fd08ee8687052c5c,2751,62,47,500,380,1191.3828125,813.43200000000002,0.9765625,0.83199999999999996,False,row2_col2,512,375,0,68
2752,1986348,152a6af5fd08ee8687052c5c,2752,44,60,356,484,883.9765625,1035.576,0.6953125,1.1093333333333333,True,padding_center,512,375,0,68
2753,1986768,2b2d0a01139cb06591c16929,2753,16,3,132,28,380.2734375,54.944444444444443,0.2578125,-0.10317460317460317,True,padding_center,512,378,0,67
2754,1987045,2b2d0a01139cb06591c16929,2754,37,7,300,60,738.2578125,123.0925925925926,0.5859375,-0.018518518518518517,True,padding_center,512,378,0,67
2755,1987066,2b2d0a01139cb06591c16929,2755,58,7,468,60,1096.2421875,123.0925925925926,0.9140625,-0.018518518518518517,True,padding_center,512,378,0,67
2756,1988233,2b2d0a01139cb06591c16929,2756,9,26,76,212,260.9453125,446.7962962962963,0.1484375,0.3835978835978836,False,row1_col0,512,378,0,67
2757,1988899,2b2d0a01139cb06591c16929,2757,35,36,284,292,704.1640625,617.16666666666674,0.5546875,0.59523809523809523,False,row1_col1,512,378,0,67
2758,1989252,2b2d0a01139cb06591c16929,2758,4,42,36,340,175.7109375,719.38888888888891,0.0703125,0.72222222222222221,False,row2_col0,512,378,0,67
2759,1989628,2b2d0a01139cb06591c16929,2759,60,47,484,380,1130.3359375,804.57407407407402,0.9453125,0.82804232804232802,False,row2_col2,512,378,0,67
2760,1990708,df2dd66a2f9f4acffc6fdb65,2760,52,0,420,4,1031.6015625,1.3101604278074888,0.8203125,-0.17379679144385027,True,padding_center,512,374,0,69
2761,1991810,df2dd66a2f9f4acffc6fdb65,2761,2,18,20,148,177.6953125,308.56149732620321,0.0390625,0.21122994652406418,False,row0_col0,512,374,0,69
2762,1992935,df2dd66a2f9f4acffc6fdb65,2762,39,35,316,284,809.5859375,598.7433155080214,0.6171875,0.57486631016042777,False,row1_col1,512,374,0,69
2763,1994942,fae0767fbbc62b038bf2e8d7,2763,62,2,500,20,1172.2421875,38.774798927613944,0.9765625,-0.13136729222520108,True,padding_center,512,373,0,69
2764,1995955,fae0767fbbc62b038bf2e8d7,2764,51,18,412,148,983.3515625,313.64879356568366,0.8046875,0.21179624664879357,False,row0_col2,512,373,0,69
2765,1996491,fae0767fbbc62b038bf2e8d7,2765,11,27,92,220,296.4765625,468.26541554959783,0.1796875,0.40482573726541554,False,row1_col0,512,373,0,69
2766,1996791,fae0767fbbc62b038bf2e8d7,2766,55,31,444,252,1052.0390625,536.98391420911526,0.8671875,0.4906166219839142,False,row1_col2,512,373,0,69
2767,1996831,fae0767fbbc62b038bf2e8d7,2767,31,32,252,260,639.9140625,554.16353887399464,0.4921875,0.51206434316353888,False,row1_col1,512,373,0,69
2768,1997121,fae0767fbbc62b038bf2e8d7,2768,1,37,12,300,124.7578125,640.06166219839133,0.0234375,0.61930294906166217,False,row1_col0,512,373,0,69
2769,1997883,fae0767fbbc62b038bf2e8d7,2769,59,48,476,388,1120.7265625,829.03753351206433,0.9296875,0.85522788203753353,False,row2_col2,512,373,0,69
2770,1997949,fae0767fbbc62b038bf2e8d7,2770,61,49,492,396,1155.0703125,846.21715817694371,0.9609375,0.87667560321715821,False,row2_col2,512,373,0,69
2771,1998378,fae0767fbbc62b038bf2e8d7,2771,42,56,340,452,828.8046875,966.47453083109917,0.6640625,1.0268096514745308,True,padding_center,512,373,0,69
2772,2002721,94b7f239fa8a30f58007d290,2772,33,60,268,484,668.640625,1036.1335078534032,0.5234375,1.0968586387434556,True,padding_center,512,382,0,65
2773,2003082,d8aec49d4eabf940e94e99b9,2773,10,2,84,20,289.484375,38.471999999999994,0.1640625,-0.128,True,padding_center,512,375,0,68
2774,2003829,d8aec49d4eabf940e94e99b9,2774,53,13,428,108,1024.515625,226.44,0.8359375,0.10666666666666667,False,row0_col2,512,375,0,68
2775,2004330,d8aec49d4eabf940e94e99b9,2775,42,21,340,172,836.484375,363.14400000000001,0.6640625,0.27733333333333332,False,row0_col1,512,375,0,68
2776,2004353,d8aec49d4eabf940e94e99b9,2776,1,22,12,180,135.640625,380.23200000000003,0.0234375,0.29866666666666669,False,row0_col0,512,375,0,68
2777,2004851,d8aec49d4eabf940e94e99b9,2777,51,29,412,236,990.328125,499.84800000000001,0.8046875,0.44800000000000001,False,row1_col2,512,375,0,68
2778,2005066,d8aec49d4eabf940e94e99b9,2778,10,33,84,268,289.484375,568.20000000000005,0.1640625,0.53333333333333333,False,row1_col0,512,375,0,68
2779,2006368,d8aec49d4eabf940e94e99b9,2779,32,53,260,428,665.546875,909.95999999999992,0.5078125,0.95999999999999996,False,row2_col1,512,375,0,68
2780,2006714,d8aec49d4eabf940e94e99b9,2780,58,58,468,468,1109.984375,995.39999999999998,0.9140625,1.0666666666666667,True,padding_center,512,375,0,68
2781,2007272,5749ca6a1c4e4e10cf0ec75d,2781,40,3,324,28,842.1953125,53.428571428571431,0.6328125,-0.10317460317460317,True,padding_center,512,378,0,67
2782,2007483,5749ca6a1c4e4e10cf0ec75d,2782,59,6,476,52,1167.8671875,104.85714285714286,0.9296875,-0.03968253968253968,True,padding_center,512,378,0,67
2783,2009309,5749ca6a1c4e4e10cf0ec75d,2783,29,35,236,284,653.6484375,602,0.4609375,0.57407407407407407,False,row1_col1,512,378,0,67
2784,2009314,5749ca6a1c4e4e10cf0ec75d,2784,34,35,276,284,739.3515625,602,0.5390625,0.57407407407407407,False,row1_col1,512,378,0,67
2785,2009870,5749ca6a1c4e4e10cf0ec75d,2785,14,44,116,356,396.5390625,756.28571428571422,0.2265625,0.76455026455026454,False,row2_col0,512,378,0,67
2786,2011250,d6dbdc0bd6330963f936dfc9,2786,50,1,404,12,971.4921875,6.0846153846153896,0.7890625,-0.12564102564102564,True,padding_center,512,390,0,61
2787,2013459,d6dbdc0bd6330963f936dfc9,2787,19,36,156,292,435.2890625,611.31538461538457,0.3046875,0.59230769230769231,False,row1_col0,512,390,0,61
2788,2013688,d6dbdc0bd6330963f936dfc9,2788,56,39,452,316,1075.2734375,663.19230769230774,0.8828125,0.65384615384615385,False,row1_col2,512,390,0,61
2789,2014001,d6dbdc0bd6330963f936dfc9,2789,49,44,396,356,954.1953125,749.65384615384619,0.7734375,0.75641025641025639,False,row2_col2,512,390,0,61
2790,2016042,5ab20c40b2d117b504740ca4,2790,42,12,340,100,841.796875,210.19618528610354,0.6640625,0.076294277929155316,False,row0_col1,512,367,0,72
2791,2017078,5ab20c40b2d117b504740ca4,2791,54,28,436,228,1048.421875,485.37874659400546,0.8515625,0.42506811989100818,False,row1_col2,512,367,0,72
2792,2017844,5ab20c40b2d117b504740ca4,2792,52,40,420,324,1013.984375,691.76566757493185,0.8203125,0.68664850136239786,False,row2_col2,512,367,0,72
2793,2017975,5ab20c40b2d117b504740ca4,2793,55,42,444,340,1065.640625,726.16348773841958,0.8671875,0.73024523160762944,False,row2_col2,512,367,0,72
2794,2018419,5ab20c40b2d117b504740ca4,2794,51,49,412,396,996.765625,846.55585831062672,0.8046875,0.8828337874659401,False,row2_col2,512,367,0,72
2795,2018597,5ab20c40b2d117b504740ca4,2795,37,52,300,420,755.703125,898.1525885558583,0.5859375,0.94822888283378748,False,row2_col1,512,367,0,72
2796,2019764,5addf17fbe747cbcb767afaf,2796,52,6,420,52,1011.5234375,99.1282722513089,0.8203125,-0.034031413612565446,True,padding_center,512,382,0,65
2797,2020029,5addf17fbe747cbcb767afaf,2797,61,10,492,84,1166.0703125,167.73560209424085,0.9609375,0.049738219895287955,False,row0_col2,512,382,0,65
2798,2020073,5addf17fbe747cbcb767afaf,2798,41,11,332,92,822.6328125,184.88743455497382,0.6484375,0.070680628272251314,False,row0_col1,512,382,0,65
2799,2021091,5addf17fbe747cbcb767afaf,2799,35,27,284,220,719.6015625,459.31675392670161,0.5546875,0.40575916230366493,False,row1_col1,512,382,0,65
2800,2021639,5addf17fbe747cbcb767afaf,2800,7,36,60,292,238.7890625,613.68324607329839,0.1171875,0.59424083769633507,False,row1_col0,512,382,0,65
2801,2022046,5addf17fbe747cbcb767afaf,2801,30,42,244,340,633.7421875,716.59424083769636,0.4765625,0.71989528795811519,False,row2_col1,512,382,0,65
2802,2022564,5addf17fbe747cbcb767afaf,2802,36,50,292,404,736.7734375,853.80890052356017,0.5703125,0.88743455497382195,False,row2_col1,512,382,0,65
2803,2024823,53e9a502e46a7b9e168d9115,2803,55,21,444,172,1044.4375,368.65957446808511,0.8671875,0.27659574468085107,False,row0_col2,512,376,0,68
2804,2025682,53e9a502e46a7b9e168d9115,2804,18,35,148,284,410.8125,608.44680851063833,0.2890625,0.57446808510638303,False,row1_col0,512,376,0,68
2805,2028393,61f217f44bf2fb9b5077b9b6,2805,41,13,332,108,834.6875,227.8578947368421,0.6484375,0.11052631578947368,False,row0_col1,512,380,0,66
2806,2028487,61f217f44bf2fb9b5077b9b6,2806,7,15,60,124,252.4375,262.08947368421053,0.1171875,0.15263157894736842,False,row0_col0,512,380,0,66
2807,2029541,61f217f44bf2fb9b5077b9b6,2807,37,31,300,252,766.1875,535.94210526315794,0.5859375,0.48947368421052634,False,row1_col1,512,380,0,66
2808,2029627,61f217f44bf2fb9b5077b9b6,2808,59,32,476,260,1142.9375,553.05789473684217,0.9296875,0.51052631578947372,False,row1_col2,512,380,0,66
2809,2029693,61f217f44bf2fb9b5077b9b6,2809,61,33,492,268,1177.1875,570.17368421052629,0.9609375,0.53157894736842104,False,row1_col2,512,380,0,66
2810,2030181,61f217f44bf2fb9b5077b9b6,2810,37,41,300,332,766.1875,707.09999999999991,0.5859375,0.69999999999999996,False,row2_col1,512,380,0,66
2811,2030745,61f217f44bf2fb9b5077b9b6,2811,25,50,204,404,560.6875,861.14210526315787,0.3984375,0.88947368421052631,False,row2_col1,512,380,0,66
2812,2031316,61f217f44bf2fb9b5077b9b6,2812,20,59,164,476,475.0625,1015.1842105263158,0.3203125,1.0789473684210527,True,padding_center,512,380,0,66
2813,2034121,f5b4ddaa2084fc1c86822eb6,2813,9,39,76,316,310.8359375,667.4375,0.1484375,0.65625,False,row1_col0,512,384,0,64
2814,2034370,f5b4ddaa2084fc1c86822eb6,2814,2,43,20,348,190.8515625,735.9375,0.0390625,0.73958333333333337,False,row2_col0,512,384,0,64
2815,2034995,f5b4ddaa2084fc1c86822eb6,2815,51,52,412,420,1030.7421875,890.0625,0.8046875,0.92708333333333337,False,row2_col2,512,384,0,64
2816,2036016,df64943a259e759b69c57f25,2816,48,4,388,36,950.8359375,64.395225464190972,0.7578125,-0.082228116710875335,True,padding_center,512,377,0,67
2817,2038844,df64943a259e759b69c57f25,2817,60,48,484,388,1156.8984375,820.68169761273202,0.9453125,0.85145888594164454,False,row2_col2,512,377,0,67
2818,2039126,df64943a259e759b69c57f25,2818,22,53,180,428,504.3671875,906.62334217506634,0.3515625,0.95755968169761274,False,row2_col1,512,377,0,67
2819,2039768,df64943a259e759b69c57f25,2819,24,63,196,508,538.7109375,1078.5066312997346,0.3828125,1.169761273209549,True,padding_center,512,377,0,67
2820,2040301,1159f92ec9c55b3c4702769b,2820,45,7,364,60,900.1875,129.6021505376344,0.7109375,-0.026881720430107527,True,padding_center,512,372,0,70
2821,2041761,1159f92ec9c55b3c4702769b,2821,33,30,268,244,694.6875,523.32258064516122,0.5234375,0.46774193548387094,False,row1_col1,512,372,0,70
2822,2042795,1159f92ec9c55b3c4702769b,2822,43,46,348,372,865.9375,797.21505376344078,0.6796875,0.81182795698924726,False,row2_col2,512,372,0,70
2823,2043391,1159f92ec9c55b3c4702769b,2823,63,55,508,444,1208.4375,951.27956989247309,0.9921875,1.0053763440860215,True,padding_center,512,372,0,70
2824,2043728,1159f92ec9c55b3c4702769b,2824,16,61,132,492,403.5625,1053.989247311828,0.2578125,1.1344086021505377,True,padding_center,512,372,0,70
2825,2043783,1159f92ec9c55b3c4702769b,2825,7,62,60,500,249.4375,1071.1075268817203,0.1171875,1.1559139784946237,True,padding_center,512,372,0,70
2826,2043990,7e205d3f86dfa2c6e030bdfc,2826,22,1,180,12,508.2578125,14.766404199475062,0.3515625,-0.13910761154855644,True,padding_center,512,381,0,65
2827,2048168,91decb18deafedf261951d4d,2827,40,2,324,20,776.5625,39.056149732620327,0.6328125,-0.13101604278074866,True,padding_center,512,374,0,69
2828,2050818,91decb18deafedf261951d4d,2828,2,44,20,356,125.8125,758.67112299465236,0.0390625,0.76737967914438499,False,row2_col0,512,374,0,69
2829,2051955,91decb18deafedf261951d4d,2829,51,61,412,492,964.9375,1049.9438502673797,0.8046875,1.1310160427807487,True,padding_center,512,374,0,69
2830,2053443,43a8d937bdc326d6174ea535,2830,3,21,28,172,207.9921875,362.936170212766,0.0546875,0.27659574468085107,False,row0_col0,512,376,0,68
2831,2053517,43a8d937bdc326d6174ea535,2831,13,22,108,180,379.3984375,380.08510638297872,0.2109375,0.2978723404255319,False,row0_col0,512,376,0,68
2832,2055197,43a8d937bdc326d6174ea535,2832,29,48,236,388,653.6484375,825.95744680851067,0.4609375,0.85106382978723405,False,row2_col1,512,376,0,68
2833,2057617,80f88014c0d14ab592726fe3,2833,17,22,140,180,402.5078125,385.36729222520103,0.2734375,0.2975871313672922,False,row0_col0,512,373,0,69
2834,2059364,80f88014c0d14ab592726fe3,2834,36,49,292,396,728.7734375,849.21715817694371,0.5703125,0.87667560321715821,False,row2_col1,512,373,0,69
2835,2060690,0e2145f7a61e9d7634649dca,2835,18,6,148,52,404.234375,112.3739837398374,0.2890625,-0.051490514905149054,True,padding_center,512,369,0,71
2836,2061281,0e2145f7a61e9d7634649dca,2836,33,15,268,124,660.640625,266.32520325203251,0.5234375,0.14363143631436315,False,row0_col1,512,369,0,71
2837,2062340,0e2145f7a61e9d7634649dca,2837,4,32,36,260,164.921875,557.1219512195122,0.0703125,0.51219512195121952,False,row1_col0,512,369,0,71
2838,2062962,0e2145f7a61e9d7634649dca,2838,50,41,404,332,951.234375,711.07317073170725,0.7890625,0.70731707317073167,False,row2_col2,512,369,0,71
2839,2065165,8bb55828650e42ce1359edc9,2839,13,12,108,100,368.3984375,199.39304812834223,0.2109375,0.082887700534759357,False,row0_col0,512,374,0,69
2840,2065792,8bb55828650e42ce1359edc9,2840,0,22,4,180,145.5703125,370.72994652406419,0.0078125,0.2967914438502674,False,row0_col0,512,374,0,69
2841,2069302,f4df64b5ff783c747eb82df3,2841,54,12,436,100,1086.8671875,211.77866666666665,0.8515625,0.08533333333333333,False,row0_col2,512,375,0,68
2842,2069395,f4df64b5ff783c747eb82df3,2842,19,14,156,116,485.8515625,246.16800000000001,0.3046875,0.128,False,row0_col0,512,375,0,68
2843,2069822,f4df64b5ff783c747eb82df3,2843,62,20,500,164,1224.2421875,349.33600000000001,0.9765625,0.25600000000000001,False,row0_col2,512,375,0,68
2844,2070107,f4df64b5ff783c747eb82df3,2844,27,25,220,204,623.2265625,435.30933333333337,0.4296875,0.36266666666666669,False,row1_col1,512,375,0,68
2845,2070152,f4df64b5ff783c747eb82df3,2845,8,26,68,212,296.9609375,452.50400000000002,0.1328125,0.38400000000000001,False,row1_col0,512,375,0,68
2846,2070490,f4df64b5ff783c747eb82df3,2846,26,31,212,252,606.0546875,538.47733333333326,0.4140625,0.49066666666666664,False,row1_col1,512,375,0,68
2847,2070962,f4df64b5ff783c747eb82df3,2847,50,38,404,308,1018.1796875,658.84000000000003,0.7890625,0.64000000000000001,False,row1_col2,512,375,0,68
2848,2070979,f4df64b5ff783c747eb82df3,2848,3,39,28,316,211.1015625,676.03466666666668,0.0546875,0.66133333333333333,False,row1_col0,512,375,0,68
2849,2071152,f4df64b5ff783c747eb82df3,2849,48,41,388,332,983.8359375,710.42399999999998,0.7578125,0.70399999999999996,False,row2_col2,512,375,0,68
2850,2071348,f4df64b5ff783c747eb82df3,2850,52,44,420,356,1052.5234375,762.00800000000004,0.8203125,0.76800000000000002,False,row2_col2,512,375,0,68
2851,2071695,f4df64b5ff783c747eb82df3,2851,15,50,124,404,417.1640625,865.17600000000004,0.2421875,0.89600000000000002,False,row2_col0,512,375,0,68
2852,2073668,8e28fe67259d0c825fe1bd0b,2852,4,17,36,140,149.4140625,297.77892030848329,0.0703125,0.20308483290488433,False,row0_col0,512,389,0,61
2853,2073989,8e28fe67259d0c825fe1bd0b,2853,5,22,44,180,166.6171875,383.74293059125966,0.0859375,0.3059125964010283,False,row0_col0,512,389,0,61
2854,2075225,8e28fe67259d0c825fe1bd0b,2854,25,41,204,332,510.6796875,710.40616966580978,0.3984375,0.69665809768637532,False,row2_col1,512,389,0,61
2855,2075719,8e28fe67259d0c825fe1bd0b,2855,7,49,60,396,201.0234375,847.94858611825191,0.1171875,0.86118251928020562,False,row2_col0,512,389,0,61
2856,2076728,f90b9ab0071176524a75e54f,2856,56,0,452,4,1061.5625,6.5366492146596897,0.8828125,-0.15968586387434555,True,padding_center,512,382,0,65
2857,2077448,f90b9ab0071176524a75e54f,2857,8,12,68,100,239.5625,211.85602094240838,0.1328125,0.091623036649214659,False,row0_col0,512,382,0,65
2858,2079928,f90b9ab0071176524a75e54f,2858,56,50,452,404,1061.5625,862.03403141361252,0.8828125,0.88743455497382195,False,row2_col2,512,382,0,65
2859,2081404,faf3e3da73ae229e7fc9da66,2859,60,9,484,76,1155.0078125,158.99197860962568,0.9453125,0.01871657754010695,False,row0_col2,512,374,0,69
2860,2082199,faf3e3da73ae229e7fc9da66,2860,23,22,188,180,520.8046875,381.72994652406419,0.3671875,0.2967914438502674,False,row0_col1,512,374,0,69
2861,2085406,eb0351acb0beefb86ab98462,2861,30,8,244,68,629.7890625,135,0.4765625,0,False,row0_col1,512,376,0,68
2862,2085471,eb0351acb0beefb86ab98462,2862,31,9,252,76,646.9296875,152.12765957446808,0.4921875,0.021276595744680851,False,row0_col1,512,376,0,68
2863,2086143,eb0351acb0beefb86ab98462,2863,63,19,508,156,1195.4296875,323.40425531914894,0.9921875,0.23404255319148937,False,row0_col2,512,376,0,68
2864,2086429,eb0351acb0beefb86ab98462,2864,29,24,236,196,612.6484375,409.04255319148933,0.4609375,0.34042553191489361,False,row1_col1,512,376,0,68
2865,2086744,eb0351acb0beefb86ab98462,2865,24,29,196,236,526.9453125,494.68085106382978,0.3828125,0.44680851063829785,False,row1_col1,512,376,0,68
2866,2086857,eb0351acb0beefb86ab98462,2866,9,31,76,252,269.8359375,528.936170212766,0.1484375,0.48936170212765956,False,row1_col0,512,376,0,68
2867,2087151,eb0351acb0beefb86ab98462,2867,47,35,380,284,921.1796875,597.44680851063833,0.7421875,0.57446808510638303,False,row1_col2,512,376,0,68
2868,2089084,84260c9ea667e4b1cdc99d6e,2868,60,1,484,12,1152.0078125,15.106382978723417,0.9453125,-0.14893617021276595,True,padding_center,512,376,0,68
2869,2089219,84260c9ea667e4b1cdc99d6e,2869,3,4,28,36,174.9921875,66.489361702127667,0.0546875,-0.085106382978723402,True,padding_center,512,376,0,68
2870,2089726,84260c9ea667e4b1cdc99d6e,2870,62,11,500,92,1186.2890625,186.38297872340425,0.9765625,0.063829787234042548,False,row0_col2,512,376,0,68
2871,2090074,84260c9ea667e4b1cdc99d6e,2871,26,17,212,140,569.2265625,289.14893617021278,0.4140625,0.19148936170212766,False,row0_col1,512,376,0,68
2872,2093231,df913345c4c2be5eeed41459,2872,47,2,380,20,954.0859375,31.870466321243526,0.7421875,-0.11139896373056994,True,padding_center,512,386,0,63
2873,2095179,df913345c4c2be5eeed41459,2873,11,33,92,268,330.2734375,568.98963730569949,0.1796875,0.5310880829015544,False,row1_col0,512,386,0,63
2874,2095311,df913345c4c2be5eeed41459,2874,15,35,124,284,399.5859375,603.64248704663214,0.2421875,0.57253886010362698,False,row1_col0,512,386,0,63
2875,2095428,df913345c4c2be5eeed41459,2875,4,37,36,300,208.9765625,638.29533678756468,0.0703125,0.61398963730569944,False,row1_col0,512,386,0,63
2876,2096402,df913345c4c2be5eeed41459,2876,18,52,148,420,451.5703125,898.19170984455957,0.2890625,0.92487046632124348,False,row2_col0,512,386,0,63
2877,2097224,6393cda3292692bfb1ba6fc7,2877,8,1,68,12,296.296875,13.5910290237467,0.1328125,-0.14248021108179421,True,padding_center,512,379,0,66
2878,2097995,6393cda3292692bfb1ba6fc7,2878,11,13,92,108,347.578125,218.76253298153034,0.1796875,0.11081794195250659,False,row0_col0,512,379,0,66
2879,2099087,6393cda3292692bfb1ba6fc7,2879,15,30,124,244,415.953125,509.4221635883905,0.2421875,0.46965699208443273,False,row1_col0,512,379,0,66
2880,2099091,6393cda3292692bfb1ba6fc7,2880,19,30,156,244,484.328125,509.4221635883905,0.3046875,0.46965699208443273,False,row1_col0,512,379,0,66
2881,2099562,6393cda3292692bfb1ba6fc7,2881,42,37,340,300,877.484375,629.10554089709763,0.6640625,0.61741424802110823,False,row1_col1,512,379,0,66
2882,2100042,6393cda3292692bfb1ba6fc7,2882,10,45,84,364,330.484375,765.88654353562004,0.1640625,0.78627968337730869,False,row2_col0,512,379,0,66
2883,2100748,6393cda3292692bfb1ba6fc7,2883,12,56,100,452,364.671875,953.96042216358831,0.1953125,1.0184696569920844,True,padding_center,512,379,0,66
2884,2101761,e8abeda485644b2b7acbf9f4,2884,1,8,12,68,108.6171875,134.40944881889763,0.0234375,0.007874015748031496,False,row0_col0,512,381,0,65
2885,2102219,e8abeda485644b2b7acbf9f4,2885,11,15,92,124,279.3984375,254.05249343832023,0.1796875,0.15485564304461943,False,row0_col0,512,381,0,65
2886,2102978,e8abeda485644b2b7acbf9f4,2886,2,27,20,220,125.6953125,459.15485564304458,0.0390625,0.40682414698162728,False,row1_col0,512,381,0,65
2887,2103368,e8abeda485644b2b7acbf9f4,2887,8,33,68,268,228.1640625,561.70603674540689,0.1328125,0.53280839895013121,False,row1_col0,512,381,0,65
2888,2103880,e8abeda485644b2b7acbf9f4,2888,8,41,68,332,228.1640625,698.44094488188978,0.1328125,0.70078740157480313,False,row2_col0,512,381,0,65
2889,2104909,e8abeda485644b2b7acbf9f4,2889,13,57,108,460,313.5546875,971.91076115485566,0.2109375,1.0367454068241471,True,padding_center,512,381,0,65
2890,2105382,5d258a6d34f1b116ab308ce4,2890,38,0,308,4,769.3125,-18.021276595744666,0.6015625,-0.1702127659574468,True,padding_center,512,376,0,68
2891,2106602,5d258a6d34f1b116ab308ce4,2891,42,19,340,156,837.8125,307.40425531914894,0.6640625,0.23404255319148937,False,row0_col1,512,376,0,68
2892,2107490,5d258a6d34f1b116ab308ce4,2892,34,33,276,268,700.8125,547.19148936170211,0.5390625,0.53191489361702127,False,row1_col1,512,376,0,68
2893,2107816,5d258a6d34f1b116ab308ce4,2893,40,38,324,308,803.5625,632.82978723404256,0.6328125,0.63829787234042556,False,row1_col1,512,376,0,68
2894,2110237,cb1ccdc8b44488333fc76f45,2894,29,12,236,100,612.6484375,204.0524934383202,0.4609375,0.091863517060367453,False,row0_col1,512,381,0,65
2895,2110356,cb1ccdc8b44488333fc76f45,2895,20,14,164,116,458.3828125,238.36220472440945,0.3203125,0.13385826771653545,False,row0_col0,512,381,0,65
2896,2110590,cb1ccdc8b44488333fc76f45,2896,62,17,500,140,1178.2890625,289.82677165354335,0.9765625,0.19685039370078741,False,row0_col2,512,381,0,65
2897,2110841,cb1ccdc8b44488333fc76f45,2897,57,21,460,172,1092.5859375,358.4461942257218,0.8984375,0.28083989501312334,False,row0_col2,512,381,0,65
2898,2114249,7ed463394b5acb61e1574507,2898,9,11,76,92,247.8359375,190.9375,0.1484375,0.072916666666666671,False,row0_col0,512,384,0,64
2899,2114485,7ed463394b5acb61e1574507,2899,53,14,428,116,1002.0234375,242.3125,0.8359375,0.13541666666666666,False,row0_col2,512,384,0,64
2900,2114494,7ed463394b5acb61e1574507,2900,62,14,500,116,1156.2890625,242.3125,0.9765625,0.13541666666666666,False,row0_col2,512,384,0,64
2901,2115989,7ed463394b5acb61e1574507,2901,21,38,172,308,453.5234375,653.3125,0.3359375,0.63541666666666663,False,row1_col1,512,384,0,64
2902,2116925,7ed463394b5acb61e1574507,2902,61,52,492,420,1139.1484375,893.0625,0.9609375,0.92708333333333337,False,row2_col2,512,384,0,64
2903,2118006,0227fa273d0d8c8f6714e23b,2903,54,5,436,44,1060.1640625,83.61702127659575,0.8515625,-0.063829787234042548,True,padding_center,512,376,0,68
2904,2120219,0227fa273d0d8c8f6714e23b,2904,27,40,220,324,597.3671875,683.08510638297867,0.4296875,0.68085106382978722,False,row2_col1,512,376,0,68
2905,2120692,0227fa273d0d8c8f6714e23b,2905,52,47,420,380,1025.8828125,802.97872340425533,0.8203125,0.82978723404255317,False,row2_col2,512,376,0,68
2906,2121814,dc0b4ccd38f08660aa595e39,2906,22,1,180,12,472.609375,29.5910290237467,0.3515625,-0.14248021108179421,True,padding_center,512,379,0,66
2907,2123098,dc0b4ccd38f08660aa595e39,2907,26,21,212,172,540.984375,371.54353562005281,0.4140625,0.27968337730870713,False,row0_col1,512,379,0,66
2908,2123196,dc0b4ccd38f08660aa595e39,2908,60,22,484,180,1122.171875,388.64116094986809,0.9453125,0.30079155672823221,False,row0_col2,512,379,0,66
2909,2123238,dc0b4ccd38f08660aa595e39,2909,38,23,308,188,746.109375,405.73878627968338,0.6015625,0.32189973614775724,False,row0_col1,512,379,0,66
2910,2123410,dc0b4ccd38f08660aa595e39,2910,18,26,148,212,404.234375,457.0316622691293,0.2890625,0.38522427440633245,False,row1_col0,512,379,0,66
2911,2124867,dc0b4ccd38f08660aa595e39,2911,3,49,28,396,147.828125,850.27704485488118,0.0546875,0.87071240105540892,False,row2_col0,512,379,0,66
2912,2127846,e74d21355c7851af07172a36,2912,38,31,308,252,744.1171875,530.49056603773579,0.6015625,0.49056603773584906,False,row1_col1,512,371,0,70
2913,2128490,e74d21355c7851af07172a36,2913,42,41,340,332,812.8046875,702.13477088948787,0.6640625,0.70619946091644203,False,row2_col1,512,371,0,70
2914,2128696,e74d21355c7851af07172a36,2914,56,44,452,356,1053.2109375,753.62803234501348,0.8828125,0.77088948787061995,False,row2_col2,512,371,0,70
2915,2129332,e74d21355c7851af07172a36,2915,52,54,420,436,984.5234375,925.27223719676545,0.8203125,0.98652291105121293,False,row2_col2,512,371,0,70
2916,2129430,e74d21355c7851af07172a36,2916,22,56,180,452,469.3671875,959.60107816711593,0.3515625,1.0296495956873315,True,padding_center,512,371,0,70
2917,2130107,830ee1acd4627b4aa99fcc61,2917,59,2,476,20,1139.9375,34.873056994818654,0.9296875,-0.11139896373056994,True,padding_center,512,386,0,63
2918,2130368,830ee1acd4627b4aa99fcc61,2918,0,7,4,60,129.5625,120.57253886010363,0.0078125,-0.0077720207253886009,True,padding_center,512,386,0,63
2919,2130455,830ee1acd4627b4aa99fcc61,2919,23,8,188,68,523.4375,137.71243523316062,0.3671875,0.012953367875647668,False,row0_col1,512,386,0,63
2920,2130461,830ee1acd4627b4aa99fcc61,2920,29,8,236,68,626.1875,137.71243523316062,0.4609375,0.012953367875647668,False,row0_col1,512,386,0,63
2921,2132193,830ee1acd4627b4aa99fcc61,2921,33,35,268,284,694.6875,600.48963730569949,0.5234375,0.57253886010362698,False,row1_col1,512,386,0,63
2922,2133412,830ee1acd4627b4aa99fcc61,2922,36,54,292,436,746.0625,926.1476683937824,0.5703125,0.96632124352331605,False,row2_col1,512,386,0,63
2923,2134207,8213a75d6bb493befa13560d,2923,63,2,508,20,1219.4375,36.8125,0.9921875,-0.11458333333333333,True,padding_center,512,384,0,64
2924,2135216,8213a75d6bb493befa13560d,2924,48,18,388,148,962.5625,310.8125,0.7578125,0.21875,False,row0_col2,512,384,0,64
2925,2135258,8213a75d6bb493befa13560d,2925,26,19,212,156,585.8125,327.9375,0.4140625,0.23958333333333334,False,row0_col1,512,384,0,64
2926,2136166,8213a75d6bb493befa13560d,2926,38,33,308,268,791.3125,567.6875,0.6015625,0.53125,False,row1_col1,512,384,0,64
2927,2136367,8213a75d6bb493befa13560d,2927,47,36,380,292,945.4375,619.0625,0.7421875,0.59375,False,row1_col2,512,384,0,64
2928,2137024,8213a75d6bb493befa13560d,2928,0,47,4,380,140.5625,807.4375,0.0078125,0.82291666666666663,False,row2_col0,512,384,0,64
2929,2137093,8213a75d6bb493befa13560d,2929,5,48,44,388,226.1875,824.5625,0.0859375,0.84375,False,row2_col0,512,384,0,64
2930,2137149,8213a75d6bb493befa13560d,2930,61,48,492,388,1185.1875,824.5625,0.9609375,0.84375,False,row2_col2,512,384,0,64
2931,2137483,8213a75d6bb493befa13560d,2931,11,54,92,436,328.9375,927.3125,0.1796875,0.96875,False,row2_col0,512,384,0,64
2932,2137696,8213a75d6bb493befa13560d,2932,32,57,260,460,688.5625,978.6875,0.5078125,1.03125,True,padding_center,512,384,0,64
2933,2139424,e6a42e7bbe1942d90ee3b93f,2933,32,20,260,164,657.0859375,352.08000000000004,0.5078125,0.25600000000000001,False,row0_col1,512,375,0,68
2934,2139664,e6a42e7bbe1942d90ee3b93f,2934,16,24,132,196,382.3359375,420.77333333333331,0.2578125,0.34133333333333332,False,row1_col0,512,375,0,68
2935,2139860,e6a42e7bbe1942d90ee3b93f,2935,20,27,164,220,451.0234375,472.29333333333335,0.3203125,0.40533333333333332,False,row1_col0,512,375,0,68
2936,2140201,e6a42e7bbe1942d90ee3b93f,2936,41,32,332,260,811.6328125,558.16000000000008,0.6484375,0.51200000000000001,False,row1_col1,512,375,0,68
2937,2140351,e6a42e7bbe1942d90ee3b93f,2937,63,34,508,276,1189.4140625,592.50666666666666,0.9921875,0.55466666666666664,False,row1_col2,512,375,0,68
2938,2142717,7e48cd1658e4af2a0a4efc9b,2938,61,7,492,60,1191.1484375,127.72459893048128,0.9609375,-0.024064171122994651,True,padding_center,512,374,0,69
2939,2144589,7e48cd1658e4af2a0a4efc9b,2939,13,37,108,300,368.3984375,641.73529411764707,0.2109375,0.61764705882352944,False,row1_col0,512,374,0,69
2940,2144725,7e48cd1658e4af2a0a4efc9b,2940,21,39,172,316,505.5234375,676.00267379679144,0.3359375,0.66042780748663099,False,row1_col1,512,374,0,69
2941,2145752,7e48cd1658e4af2a0a4efc9b,2941,24,55,196,444,556.9453125,950.14171122994651,0.3828125,1.0026737967914439,True,padding_center,512,374,0,69
2942,2145858,7e48cd1658e4af2a0a4efc9b,2942,2,57,20,460,179.8515625,984.40909090909088,0.0390625,1.0454545454545454,True,padding_center,512,374,0,69
2943,2146289,7e48cd1658e4af2a0a4efc9b,2943,49,63,396,508,985.4609375,1087.2112299465241,0.7734375,1.1737967914438503,True,padding_center,512,374,0,69
2944,2146658,a4df32cda65d6caec503e150,2944,34,5,276,44,673.8125,83.61702127659575,0.5390625,-0.063829787234042548,True,padding_center,512,376,0,68
2945,2147539,a4df32cda65d6caec503e150,2945,19,19,156,156,416.9375,323.40425531914894,0.3046875,0.23404255319148937,False,row0_col0,512,376,0,68
2946,2148360,a4df32cda65d6caec503e150,2946,8,32,68,260,228.5625,546.063829787234,0.1328125,0.51063829787234039,False,row1_col0,512,376,0,68
2947,2149006,a4df32cda65d6caec503e150,2947,14,42,116,340,331.3125,717.34042553191489,0.2265625,0.72340425531914898,False,row2_col0,512,376,0,68
2948,2150181,a4df32cda65d6caec503e150,2948,37,60,300,484,725.1875,1025.6382978723404,0.5859375,1.1063829787234043,True,padding_center,512,376,0,68
2949,2150550,b082c61b6f6397804ebe9514,2949,22,2,180,20,519.2578125,38.471999999999994,0.3515625,-0.128,True,padding_center,512,375,0,68
2950,2152029,b082c61b6f6397804ebe9514,2950,29,25,236,204,638.8046875,431.49600000000004,0.4609375,0.36266666666666669,False,row1_col1,512,375,0,68
2951,2152699,b082c61b6f6397804ebe9514,2951,59,35,476,284,1151.1484375,602.37599999999998,0.9296875,0.57599999999999996,False,row1_col2,512,375,0,68
2952,2154109,b082c61b6f6397804ebe9514,2952,61,57,492,460,1185.3046875,978.3119999999999,0.9609375,1.0453333333333332,True,padding_center,512,375,0,68
2953,2154110,b082c61b6f6397804ebe9514,2953,62,57,500,460,1202.3828125,978.3119999999999,0.9765625,1.0453333333333332,True,padding_center,512,375,0,68
2954,2155853,abac48c206f4f9db98c1c8cf,2954,13,21,108,172,357.8203125,357.20155038759685,0.2109375,0.2842377260981912,False,row0_col0,512,387,0,62
2955,2156452,abac48c206f4f9db98c1c8cf,2955,36,30,292,244,752.7734375,511.80620155038758,0.5703125,0.47028423772609818,False,row1_col1,512,387,0,62
2956,2156474,abac48c206f4f9db98c1c8cf,2956,58,30,468,244,1130.5546875,511.80620155038758,0.9140625,0.47028423772609818,False,row1_col2,512,387,0,62
2957,2157875,abac48c206f4f9db98c1c8cf,2957,51,52,412,420,1010.3515625,889.7286821705427,0.8046875,0.92506459948320419,False,row2_col2,512,387,0,62
2958,2158462,abac48c206f4f9db98c1c8cf,2958,62,61,500,492,1199.2421875,1044.3333333333335,0.9765625,1.1111111111111112,True,padding_center,512,387,0,62
2959,2159076,e2b45792dfc5b8bb9ef98bca,2959,36,7,292,60,759.3359375,119.87037037037037,0.5703125,-0.018518518518518517,True,padding_center,512,378,0,67
2960,2159943,e2b45792dfc5b8bb9ef98bca,2960,7,21,60,172,257.7265625,361.94444444444446,0.1171875,0.27777777777777779,False,row0_col0,512,378,0,67
2961,2160685,e2b45792dfc5b8bb9ef98bca,2961,45,32,364,260,915.0078125,552.14550264550257,0.7109375,0.51058201058201058,False,row1_col2,512,378,0,67
2962,2160957,e2b45792dfc5b8bb9ef98bca,2962,61,36,492,292,1191.7578125,621.30952380952385,0.9609375,0.59523809523809523,False,row1_col2,512,378,0,67
2963,2161060,e2b45792dfc5b8bb9ef98bca,2963,36,38,292,308,759.3359375,655.89153439153438,0.5703125,0.63756613756613756,False,row1_col1,512,378,0,67
2964,2161893,e2b45792dfc5b8bb9ef98bca,2964,37,51,300,412,776.6328125,880.67460317460313,0.5859375,0.91269841269841268,False,row2_col1,512,378,0,67
2965,2162198,e2b45792dfc5b8bb9ef98bca,2965,22,56,180,452,517.1796875,967.12962962962968,0.3515625,1.0185185185185186,True,padding_center,512,378,0,67
2966,2162305,e2b45792dfc5b8bb9ef98bca,2966,1,58,12,468,153.9453125,1001.7116402116403,0.0234375,1.0608465608465609,True,padding_center,512,378,0,67
2967,2163457,37c49f476ea9c80e5566cd34,2967,1,12,12,100,110.7109375,207.71428571428572,0.0234375,0.087301587301587297,False,row0_col0,512,378,0,67
2968,2165526,37c49f476ea9c80e5566cd34,2968,22,44,180,356,470.6640625,756.28571428571422,0.3515625,0.76455026455026454,False,row2_col1,512,378,0,67
2969,2166867,736df5902e9879b38b3b9634,2969,19,1,156,12,436.8515625,15.349081364829388,0.3046875,-0.13910761154855644,True,padding_center,512,381,0,65
2970,2168284,736df5902e9879b38b3b9634,2970,28,23,228,188,591.3984375,392.75590551181102,0.4453125,0.32283464566929132,False,row0_col1,512,381,0,65
2971,2169434,736df5902e9879b38b3b9634,2971,26,41,212,332,557.0546875,701.54330708661416,0.4140625,0.70078740157480313,False,row2_col1,512,381,0,65
2972,2169608,736df5902e9879b38b3b9634,2972,8,44,68,356,247.9609375,753.00787401574803,0.1328125,0.76377952755905509,False,row2_col0,512,381,0,65
2973,2170430,736df5902e9879b38b3b9634,2973,62,56,500,452,1175.2421875,958.8661417322835,0.9765625,1.015748031496063,True,padding_center,512,381,0,65
2974,2170842,736df5902e9879b38b3b9634,2974,26,63,212,508,557.0546875,1078.9501312335958,0.4140625,1.162729658792651,True,padding_center,512,381,0,65
2975,2170970,eedf98ccb5a364857973747a,2975,26,1,212,12,620.5703125,26.359249329758725,0.4140625,-0.15281501340482573,True,padding_center,512,373,0,69
2976,2171788,eedf98ccb5a364857973747a,2976,12,14,100,116,381.4765625,248.30026809651474,0.1953125,0.12600536193029491,False,row0_col0,512,373,0,69
2977,2172233,eedf98ccb5a364857973747a,2977,9,21,76,172,330.2421875,367.8069705093834,0.1484375,0.27613941018766758,False,row0_col0,512,373,0,69
2978,2172654,eedf98ccb5a364857973747a,2978,46,27,372,220,962.1328125,470.24128686327077,0.7265625,0.40482573726541554,False,row1_col2,512,373,0,69
2979,2172888,eedf98ccb5a364857973747a,2979,24,31,196,252,586.4140625,538.53083109919567,0.3828125,0.4906166219839142,False,row1_col1,512,373,0,69
2980,2173154,eedf98ccb5a364857973747a,2980,34,35,276,284,757.1953125,606.82037533512062,0.5390625,0.57640750670241292,False,row1_col1,512,373,0,69
2981,2173725,eedf98ccb5a364857973747a,2981,29,44,236,356,671.8046875,760.47184986595175,0.4609375,0.76943699731903481,False,row2_col1,512,373,0,69
2982,2173794,eedf98ccb5a364857973747a,2982,34,45,276,364,757.1953125,777.54423592493299,0.5390625,0.79088471849865949,False,row2_col1,512,373,0,69
2983,2174005,eedf98ccb5a364857973747a,2983,53,48,428,388,1081.6796875,828.7613941018767,0.8359375,0.85522788203753353,False,row2_col2,512,373,0,69
2984,2174314,eedf98ccb5a364857973747a,2984,42,53,340,428,893.8203125,914.12332439678278,0.6640625,0.96246648793565681,False,row2_col1,512,373,0,69
2985,2174574,eedf98ccb5a364857973747a,2985,46,57,372,460,962.1328125,982.41286863270784,0.7265625,1.0482573726541555,True,padding_center,512,373,0,69
2986,2175374,e3ecaf99c788239f18c8a991,2986,14,6,116,52,344.5390625,99.1282722513089,0.2265625,-0.034031413612565446,True,padding_center,512,382,0,65
2987,2175469,e3ecaf99c788239f18c8a991,2987,45,7,364,60,875.8984375,116.28010471204189,0.7109375,-0.013089005235602094,True,padding_center,512,382,0,65
2988,2175858,e3ecaf99c788239f18c8a991,2988,50,13,404,108,961.6015625,219.19109947643977,0.7890625,0.112565445026178,False,row0_col2,512,382,0,65
2989,2175908,e3ecaf99c788239f18c8a991,2989,36,14,292,116,721.6328125,236.34293193717278,0.5703125,0.13350785340314136,False,row0_col1,512,382,0,65
2990,2177031,e3ecaf99c788239f18c8a991,2990,7,32,60,260,224.5546875,545.07591623036649,0.1171875,0.51047120418848169,False,row1_col0,512,382,0,65
2991,2177444,e3ecaf99c788239f18c8a991,2991,36,38,292,308,721.6328125,647.98691099476446,0.5703125,0.63612565445026181,False,row1_col1,512,382,0,65
2992,2178685,e3ecaf99c788239f18c8a991,2992,61,57,492,460,1150.1484375,973.87172774869111,0.9609375,1.0340314136125655,True,padding_center,512,382,0,65
2993,2179406,17ff7079be9b18b062834cfc,2993,14,5,116,44,390.6328125,92.73599999999999,0.2265625,-0.064000000000000001,True,padding_center,512,375,0,68
2994,2179459,17ff7079be9b18b062834cfc,2994,3,6,28,52,202.7734375,109.824,0.0546875,-0.042666666666666665,True,padding_center,512,375,0,68
2995,2179840,17ff7079be9b18b062834cfc,2995,0,12,4,100,151.5390625,212.352,0.0078125,0.08533333333333333,False,row0_col0,512,375,0,68
2996,2180496,17ff7079be9b18b062834cfc,2996,16,22,132,180,424.7890625,383.23200000000003,0.2578125,0.29866666666666669,False,row0_col0,512,375,0,68
2997,2180624,17ff7079be9b18b062834cfc,2997,16,24,132,196,424.7890625,417.40800000000002,0.2578125,0.34133333333333332,False,row1_col0,512,375,0,68
2998,2181550,17ff7079be9b18b062834cfc,2998,46,38,372,308,937.1328125,656.63999999999999,0.7265625,0.64000000000000001,False,row1_col2,512,375,0,68
2999,2182924,17ff7079be9b18b062834cfc,2999,12,60,100,484,356.4765625,1032.576,0.1953125,1.1093333333333333,True,padding_center,512,375,0,68
3000,2183626,e47bf05116ca1e4921049cf3,3000,10,7,84,60,315.9453125,116.83541147132169,0.1640625,0.012468827930174564,False,row0_col0,512,401,0,55
3001,2183725,e47bf05116ca1e4921049cf3,3001,45,8,364,68,922.4296875,134.17206982543641,0.7109375,0.032418952618453865,False,row0_col2,512,401,0,55
3002,2183754,e47bf05116ca1e4921049cf3,3002,10,9,84,76,315.9453125,151.50872817955113,0.1640625,0.052369077306733167,False,row0_col0,512,401,0,55
3003,2183759,e47bf05116ca1e4921049cf3,3003,15,9,124,76,402.5859375,151.50872817955113,0.2421875,0.052369077306733167,False,row0_col0,512,401,0,55
3004,2183806,e47bf05116ca1e4921049cf3,3004,62,9,500,76,1217.0078125,151.50872817955113,0.9765625,0.052369077306733167,False,row0_col2,512,401,0,55
3005,2184523,e47bf05116ca1e4921049cf3,3005,11,21,92,172,333.2734375,359.54862842892766,0.1796875,0.29177057356608477,False,row0_col0,512,401,0,55
3006,2185395,e47bf05116ca1e4921049cf3,3006,51,34,412,276,1026.3984375,584.92518703241899,0.8046875,0.55112219451371569,False,row1_col2,512,401,0,55
3007,2185526,e47bf05116ca1e4921049cf3,3007,54,36,436,292,1078.3828125,619.59850374064843,0.8515625,0.59102244389027436,False,row1_col2,512,401,0,55
3008,2185557,e47bf05116ca1e4921049cf3,3008,21,37,172,300,506.5546875,636.93516209476309,0.3359375,0.61097256857855364,False,row1_col1,512,401,0,55
3009,2185725,e47bf05116ca1e4921049cf3,3009,61,39,492,316,1199.6796875,671.60847880299252,0.9609375,0.6508728179551122,False,row1_col2,512,401,0,55
3010,2186026,e47bf05116ca1e4921049cf3,3010,42,44,340,356,870.4453125,758.29177057356605,0.6640625,0.75062344139650872,False,row2_col1,512,401,0,55
3011,2186560,e47bf05116ca1e4921049cf3,3011,0,53,4,428,142.6640625,914.32169576059857,0.0078125,0.93017456359102246,False,row2_col0,512,401,0,55
3012,2187264,57d3f410b6fcba2a57bda29d,3012,0,0,4,4,142.640625,1.0211081794195138,0.0078125,-0.16358839050131926,True,padding_center,512,379,0,66
3013,2187677,57d3f410b6fcba2a57bda29d,3013,29,6,236,52,643.796875,104.74670184696569,0.4609375,-0.036939313984168866,True,padding_center,512,379,0,66
3014,2188959,57d3f410b6fcba2a57bda29d,3014,31,26,252,212,678.359375,450.49868073878628,0.4921875,0.38522427440633245,False,row1_col1,512,379,0,66
3015,2189232,57d3f410b6fcba2a57bda29d,3015,48,30,388,244,972.140625,519.64907651715043,0.7578125,0.46965699208443273,False,row1_col2,512,379,0,66
3016,2190391,57d3f410b6fcba2a57bda29d,3016,55,48,444,388,1093.109375,830.82585751978888,0.8671875,0.84960422163588389,False,row2_col2,512,379,0,66
3017,2190638,57d3f410b6fcba2a57bda29d,3017,46,52,372,420,937.578125,899.97625329815298,0.7265625,0.93403693931398413,False,row2_col2,512,379,0,66
3018,2192515,31f176914f7ef2559f447dab,3018,3,18,28,148,172.9375,314.65573770491801,0.0546875,0.20491803278688525,False,row0_col0,512,366,0,73
3019,2193963,31f176914f7ef2559f447dab,3019,43,40,348,324,857.9375,691.66120218579238,0.6796875,0.68579234972677594,False,row2_col2,512,366,0,73
3020,2194564,31f176914f7ef2559f447dab,3020,4,50,36,404,190.0625,863.0273224043716,0.0703125,0.90437158469945356,False,row2_col0,512,366,0,73
3021,2194643,31f176914f7ef2559f447dab,3021,19,51,156,412,446.9375,880.1639344262295,0.3046875,0.92622950819672134,False,row2_col0,512,366,0,73
3022,2194764,31f176914f7ef2559f447dab,3022,12,53,100,428,327.0625,914.4371584699453,0.1953125,0.9699453551912568,False,row2_col0,512,366,0,73
3023,2196300,b7cc7826ac85ae8215b61101,3023,12,13,100,108,349.0625,227.8578947368421,0.1953125,0.11052631578947368,False,row0_col0,512,380,0,66
3024,2197143,b7cc7826ac85ae8215b61101,3024,23,26,188,212,537.4375,450.36315789473684,0.3671875,0.38421052631578945,False,row1_col1,512,380,0,66
3025,2198438,b7cc7826ac85ae8215b61101,3025,38,46,308,372,794.3125,792.67894736842106,0.6015625,0.80526315789473679,False,row2_col1,512,380,0,66
3026,2198541,b7cc7826ac85ae8215b61101,3026,13,48,108,388,366.1875,826.91052631578941,0.2109375,0.84736842105263155,False,row2_col0,512,380,0,66
3027,2199699,25243d794ab291df05447bc6,3027,19,2,156,20,450.15625,30.018567639257299,0.3046875,-0.12466843501326259,True,padding_center,512,377,0,67
3028,2200103,25243d794ab291df05447bc6,3028,39,8,316,68,793.90625,133.14854111405836,0.6171875,0.0026525198938992041,False,row0_col1,512,377,0,67
3029,2200353,25243d794ab291df05447bc6,3029,33,12,268,100,690.78125,201.90185676392574,0.5234375,0.087533156498673742,False,row0_col1,512,377,0,67
3030,2200604,25243d794ab291df05447bc6,3030,28,16,228,132,604.84375,270.65517241379314,0.4453125,0.17241379310344829,False,row0_col1,512,377,0,67
3031,2201200,25243d794ab291df05447bc6,3031,48,25,388,204,948.59375,425.35013262599472,0.7578125,0.36339522546419101,False,row1_col2,512,377,0,67
3032,2202540,25243d794ab291df05447bc6,3032,44,46,356,372,879.84375,786.30503978779836,0.6953125,0.80901856763925728,False,row2_col2,512,377,0,67
3033,2202824,25243d794ab291df05447bc6,3033,8,51,68,412,261.09375,872.24668435013268,0.1328125,0.91511936339522548,False,row2_col0,512,377,0,67
3034,2204408,51a10a40effe2814ad9fdc08,3034,56,11,452,92,1042.2109375,184.71352785145888,0.8828125,0.066312997347480113,False,row0_col2,512,377,0,67
3035,2204790,51a10a40effe2814ad9fdc08,3035,54,17,436,140,1007.8671875,287.84350132625991,0.8515625,0.19363395225464192,False,row0_col2,512,377,0,67
3036,2205023,51a10a40effe2814ad9fdc08,3036,31,21,252,172,612.9140625,356.59681697612734,0.4921875,0.27851458885941643,False,row0_col1,512,377,0,67
3037,2206050,51a10a40effe2814ad9fdc08,3037,34,37,276,300,664.4296875,631.61007957559673,0.5390625,0.61803713527851456,False,row1_col1,512,377,0,67
3038,2206342,51a10a40effe2814ad9fdc08,3038,6,42,52,340,183.6171875,717.55172413793105,0.1015625,0.72413793103448276,False,row2_col0,512,377,0,67
3039,2206578,51a10a40effe2814ad9fdc08,3039,50,45,404,364,939.1796875,769.11671087533159,0.7890625,0.78779840848806371,False,row2_col2,512,377,0,67
3040,2207699,51a10a40effe2814ad9fdc08,3040,19,63,156,508,406.8515625,1078.5066312997346,0.3046875,1.169761273209549,True,padding_center,512,377,0,67
3041,2208633,e1bd21e34648fdeb39895cd0,3041,57,13,460,108,1064.6875,221.31182795698925,0.8984375,0.10215053763440861,False,row0_col2,512,372,0,70
3042,2208772,e1bd21e34648fdeb39895cd0,3042,4,16,36,132,157.0625,272.66666666666663,0.0703125,0.16666666666666666,False,row0_col0,512,372,0,70
3043,2208870,e1bd21e34648fdeb39895cd0,3043,38,17,308,140,739.3125,289.78494623655911,0.6015625,0.18817204301075269,False,row0_col1,512,372,0,70
3044,2208946,e1bd21e34648fdeb39895cd0,3044,50,18,404,148,944.8125,306.90322580645159,0.7890625,0.20967741935483872,False,row0_col2,512,372,0,70
3045,2210057,e1bd21e34648fdeb39895cd0,3045,9,36,76,292,242.6875,615.0322580645161,0.1484375,0.59677419354838712,False,row1_col0,512,372,0,70
3046,2210662,e1bd21e34648fdeb39895cd0,3046,38,45,308,364,739.3125,769.09677419354841,0.6015625,0.79032258064516125,False,row2_col1,512,372,0,70
3047,2210753,e1bd21e34648fdeb39895cd0,3047,1,47,12,380,105.6875,803.33333333333337,0.0234375,0.83333333333333337,False,row2_col0,512,372,0,70
3048,2211765,e1bd21e34648fdeb39895cd0,3048,53,62,428,500,996.1875,1060.1075268817203,0.8359375,1.1559139784946237,True,padding_center,512,372,0,70
3049,2212172,71189113f916283b21e2571b,3049,12,5,100,44,362.2578125,84.225806451612911,0.1953125,-0.069892473118279563,True,padding_center,512,372,0,70
3050,2213152,71189113f916283b21e2571b,3050,32,20,260,164,705.0703125,341.64516129032256,0.5078125,0.25268817204301075,False,row0_col1,512,372,0,70
3051,2214136,71189113f916283b21e2571b,3051,56,35,452,284,1116.4453125,599.06451612903231,0.8828125,0.57526881720430112,False,row1_col2,512,372,0,70
3052,2214341,71189113f916283b21e2571b,3052,5,39,44,316,242.2734375,667.70967741935476,0.0859375,0.66129032258064513,False,row1_col0,512,372,0,70
3053,2214859,71189113f916283b21e2571b,3053,11,47,92,380,345.1171875,805,0.1796875,0.83333333333333337,False,row2_col0,512,372,0,70
3054,2216214,edb01c151c563bb82cc5df9d,3054,22,4,180,36,505.609375,71.806366047745357,0.3515625,-0.082228116710875335,True,padding_center,512,377,0,67
3055,2216951,edb01c151c563bb82cc5df9d,3055,55,15,444,124,1069.703125,259.71087533156498,0.8671875,0.15119363395225463,False,row0_col2,512,377,0,67
3056,2217395,edb01c151c563bb82cc5df9d,3056,51,22,412,180,1001.328125,379.28647214854107,0.8046875,0.29973474801061006,False,row0_col2,512,377,0,67
3057,2218364,edb01c151c563bb82cc5df9d,3057,60,37,484,300,1155.171875,635.51989389920425,0.9453125,0.61803713527851456,False,row1_col2,512,377,0,67
3058,2218388,edb01c151c563bb82cc5df9d,3058,20,38,164,308,471.421875,652.60212201591514,0.3203125,0.63925729442970824,False,row1_col0,512,377,0,67
3059,2218592,edb01c151c563bb82cc5df9d,3059,32,41,260,332,676.546875,703.84880636604771,0.5078125,0.70291777188328908,False,row2_col1,512,377,0,67
3060,2218860,edb01c151c563bb82cc5df9d,3060,44,45,356,364,881.671875,772.17771883289129,0.6953125,0.78779840848806371,False,row2_col2,512,377,0,67
3061,2219712,edb01c151c563bb82cc5df9d,3061,0,59,4,476,129.546875,1011.3289124668435,0.0078125,1.0848806366047745,True,padding_center,512,377,0,67
3062,2220535,442850a2087d62c7e9453fcd,3062,55,7,444,60,1090.4375,115.6021505376344,0.8671875,-0.026881720430107527,True,padding_center,512,372,0,70
3063,2221808,442850a2087d62c7e9453fcd,3063,48,27,388,220,970.5625,457.96774193548384,0.7578125,0.40322580645161288,False,row1_col2,512,372,0,70
3064,2221953,442850a2087d62c7e9453fcd,3064,1,30,12,244,165.6875,509.32258064516128,0.0234375,0.46774193548387094,False,row1_col0,512,372,0,70
3065,2222354,442850a2087d62c7e9453fcd,3065,18,36,148,292,456.8125,612.0322580645161,0.2890625,0.59677419354838712,False,row1_col0,512,372,0,70
3066,2223141,442850a2087d62c7e9453fcd,3066,37,48,300,388,782.1875,817.45161290322585,0.5859375,0.85483870967741937,False,row2_col1,512,372,0,70
3067,2223246,442850a2087d62c7e9453fcd,3067,14,50,116,404,388.3125,851.6881720430107,0.2265625,0.89784946236559138,False,row2_col0,512,372,0,70
3068,2224057,442850a2087d62c7e9453fcd,3068,57,62,460,500,1124.6875,1057.1075268817203,0.8984375,1.1559139784946237,True,padding_center,512,372,0,70
3069,2224154,b412565dd5f18a8e4ce8533b,3069,26,0,212,4,554.0546875,-3.5426356589147332,0.4140625,-0.14987080103359174,True,padding_center,512,387,0,62
3070,2224167,b412565dd5f18a8e4ce8533b,3070,39,0,316,4,777.2890625,-3.5426356589147332,0.6171875,-0.14987080103359174,True,padding_center,512,387,0,62
3071,2224495,b412565dd5f18a8e4ce8533b,3071,47,5,380,44,914.6640625,82.348837209302332,0.7421875,-0.046511627906976744,True,padding_center,512,387,0,62
3072,2224825,b412565dd5f18a8e4ce8533b,3072,57,10,460,84,1086.3828125,168.24031007751938,0.8984375,0.056847545219638244,False,row0_col2,512,387,0,62
3073,2225577,b412565dd5f18a8e4ce8533b,3073,41,22,332,180,811.6328125,374.37984496124034,0.6484375,0.30490956072351422,False,row0_col1,512,387,0,62
3074,2226637,b412565dd5f18a8e4ce8533b,3074,13,39,108,316,330.8203125,666.41085271317831,0.2109375,0.65633074935400515,False,row1_col0,512,387,0,62
3075,2227886,b412565dd5f18a8e4ce8533b,3075,46,58,372,468,897.4921875,992.79844961240303,0.7265625,1.0490956072351421,True,padding_center,512,387,0,62
3076,2228272,d81cb231e10288659e7909e8,3076,48,0,388,4,980.046875,6.2067183462532256,0.7578125,-0.14987080103359174,True,padding_center,512,387,0,62
3077,2228564,d81cb231e10288659e7909e8,3077,20,5,164,44,501.421875,91.581395348837219,0.3203125,-0.046511627906976744,True,padding_center,512,387,0,62
3078,2229204,d81cb231e10288659e7909e8,3078,20,15,164,124,501.421875,262.33074935400515,0.3203125,0.16020671834625322,False,row0_col0,512,387,0,62
3079,2229696,d81cb231e10288659e7909e8,3079,0,23,4,188,159.546875,398.93023255813955,0.0078125,0.32558139534883723,False,row0_col0,512,387,0,62
3080,2231194,d81cb231e10288659e7909e8,3080,26,46,212,372,603.984375,791.65374677002592,0.4140625,0.8010335917312662,False,row2_col1,512,387,0,62
3081,2232144,d81cb231e10288659e7909e8,3081,16,61,132,492,433.046875,1047.7777777777778,0.2578125,1.1111111111111112,True,padding_center,512,387,0,62
3082,2232512,27299ddb09d845cec194fcb0,3082,0,3,4,28,137.546875,48.620689655172413,0.0078125,-0.10344827586206896,True,padding_center,512,377,0,67
3083,2233411,27299ddb09d845cec194fcb0,3083,3,17,28,140,188.828125,288.06896551724139,0.0546875,0.19363395225464192,False,row0_col0,512,377,0,67
3084,2233984,27299ddb09d845cec194fcb0,3084,0,26,4,212,137.546875,442,0.0078125,0.38461538461538464,False,row1_col0,512,377,0,67
3085,2234252,27299ddb09d845cec194fcb0,3085,12,30,100,244,342.671875,510.41379310344826,0.1953125,0.46949602122015915,False,row1_col0,512,377,0,67
3086,2234576,27299ddb09d845cec194fcb0,3086,16,35,132,284,411.046875,595.93103448275861,0.2578125,0.5755968169761273,False,row1_col0,512,377,0,67
3087,2236188,27299ddb09d845cec194fcb0,3087,28,60,228,484,616.171875,1023.5172413793102,0.4453125,1.1061007957559681,True,padding_center,512,377,0,67
3088,2236335,27299ddb09d845cec194fcb0,3088,47,62,380,500,940.953125,1057.7241379310344,0.7421875,1.1485411140583555,True,padding_center,512,377,0,67
3089,2238096,61b5465c722b8b833ec48621,3089,16,26,132,212,427.7890625,445.16890080428954,0.2578125,0.38337801608579086,False,row1_col0,512,373,0,69
3090,2238806,61b5465c722b8b833ec48621,3090,22,37,180,300,530.2578125,632.96514745308309,0.3515625,0.61930294906166217,False,row1_col1,512,373,0,69
3091,2240286,61b5465c722b8b833ec48621,3091,30,60,244,484,666.8828125,1025.6300268096516,0.4765625,1.1126005361930296,True,padding_center,512,373,0,69
3092,2240315,61b5465c722b8b833ec48621,3092,59,60,476,484,1162.1484375,1025.6300268096516,0.9296875,1.1126005361930296,True,padding_center,512,373,0,69
3093,2241933,c685b4a491f88fc79b166eaa,3093,13,22,108,180,389.765625,386.23200000000003,0.2109375,0.29866666666666669,False,row0_col0,512,375,0,68
3094,2243212,c685b4a491f88fc79b166eaa,3094,12,42,100,340,372.671875,727.99200000000008,0.1953125,0.72533333333333339,False,row2_col0,512,375,0,68
3095,2243356,c685b4a491f88fc79b166eaa,3095,28,44,228,356,646.171875,762.16800000000001,0.4453125,0.76800000000000002,False,row2_col1,512,375,0,68
3096,2244130,c685b4a491f88fc79b166eaa,3096,34,56,276,452,748.734375,967.22400000000005,0.5390625,1.024,True,padding_center,512,375,0,68
3097,2244160,c685b4a491f88fc79b166eaa,3097,0,57,4,460,167.546875,984.3119999999999,0.0078125,1.0453333333333332,True,padding_center,512,375,0,68
3098,2247298,326ec13f01a3ce47feae7840,3098,2,42,20,340,188.8125,724.21578947368425,0.0390625,0.72105263157894739,False,row2_col0,512,380,0,66
3099,2247502,326ec13f01a3ce47feae7840,3099,14,45,116,364,394.3125,775.56315789473683,0.2265625,0.78421052631578947,False,row2_col0,512,380,0,66
3100,2248481,326ec13f01a3ce47feae7840,3100,33,60,268,484,719.6875,1032.3000000000002,0.5234375,1.1000000000000001,True,padding_center,512,380,0,66
3101,2248559,326ec13f01a3ce47feae7840,3101,47,61,380,492,959.4375,1049.4157894736841,0.7421875,1.1210526315789473,True,padding_center,512,380,0,66
3102,2249021,feae8edd69230ba2d038a705,3102,61,4,492,36,1199.1875,66.97643979057591,0.9609375,-0.075916230366492143,True,padding_center,512,382,0,65
3103,2249312,feae8edd69230ba2d038a705,3103,32,9,260,76,702.5625,152.5261780104712,0.5078125,0.028795811518324606,False,row0_col1,512,382,0,65
3104,2249801,feae8edd69230ba2d038a705,3104,9,17,76,140,308.6875,289.40575916230364,0.1484375,0.19633507853403143,False,row0_col0,512,382,0,65
3105,2250002,feae8edd69230ba2d038a705,3105,18,20,148,164,462.8125,340.73560209424085,0.2890625,0.25916230366492149,False,row0_col0,512,382,0,65
3106,2250583,feae8edd69230ba2d038a705,3106,23,29,188,236,548.4375,494.72513089005236,0.3671875,0.44764397905759162,False,row1_col1,512,382,0,65
3107,2250938,feae8edd69230ba2d038a705,3107,58,34,468,276,1147.8125,580.27486910994776,0.9140625,0.55235602094240843,False,row1_col2,512,382,0,65
3108,2251490,feae8edd69230ba2d038a705,3108,34,43,276,348,736.8125,734.26439790575921,0.5390625,0.74083769633507857,False,row2_col1,512,382,0,65
3109,2251567,feae8edd69230ba2d038a705,3109,47,44,380,356,959.4375,751.37434554973822,0.7421875,0.76178010471204194,False,row2_col2,512,382,0,65
3110,2252710,feae8edd69230ba2d038a705,3110,38,62,308,500,805.3125,1059.353403141361,0.6015625,1.1387434554973821,True,padding_center,512,382,0,65
3111,2254933,1882c154e2fd7debcc259ddf,3111,21,33,172,268,527.5234375,576.72307692307686,0.3359375,0.53076923076923077,False,row1_col1,512,390,0,61
3112,2255611,1882c154e2fd7debcc259ddf,3112,59,43,476,348,1178.8671875,748.21025641025642,0.9296875,0.73589743589743595,False,row2_col2,512,390,0,61
3113,2256489,1882c154e2fd7debcc259ddf,3113,41,57,332,460,870.3359375,988.29230769230765,0.6484375,1.023076923076923,True,padding_center,512,390,0,61
3114,2256876,1882c154e2fd7debcc259ddf,3114,44,63,356,508,921.7578125,1091.1846153846154,0.6953125,1.1461538461538461,True,padding_center,512,390,0,61
3115,2257007,0ec02acd088fff4c4bbe590f,3115,47,1,380,12,961.6640625,24.595174262734588,0.7421875,-0.15281501340482573,True,padding_center,512,373,0,69
3116,2258025,0ec02acd088fff4c4bbe590f,3116,41,17,332,140,858.6328125,299.46916890080428,0.6484375,0.19034852546916889,False,row0_col1,512,373,0,69
3117,2258435,0ec02acd088fff4c4bbe590f,3117,3,24,28,196,206.1015625,419.72654155495979,0.0546875,0.34048257372654156,False,row1_col0,512,373,0,69
3118,2258729,0ec02acd088fff4c4bbe590f,3118,41,28,332,228,858.6328125,488.44504021447722,0.6484375,0.42627345844504022,False,row1_col1,512,373,0,69
3119,2259263,0ec02acd088fff4c4bbe590f,3119,63,36,508,292,1236.4140625,625.88203753351195,0.9921875,0.59785522788203749,False,row1_col2,512,373,0,69
3120,2259466,0ec02acd088fff4c4bbe590f,3120,10,40,84,324,326.3046875,694.60053619302948,0.1640625,0.6836461126005362,False,row2_col0,512,373,0,69
3121,2259705,0ec02acd088fff4c4bbe590f,3121,57,43,460,348,1133.3828125,746.13941018766764,0.8984375,0.74798927613941024,False,row2_col2,512,373,0,69
3122,2260207,0ec02acd088fff4c4bbe590f,3122,47,51,380,412,961.6640625,883.57640750670237,0.7421875,0.91957104557640745,False,row2_col2,512,373,0,69
3123,2260223,0ec02acd088fff4c4bbe590f,3123,63,51,508,412,1236.4140625,883.57640750670237,0.9921875,0.91957104557640745,False,row2_col2,512,373,0,69
3124,2262041,cdff67add7326ebbbabf8a48,3124,25,16,204,132,553.28125,277.72876712328764,0.3984375,0.16164383561643836,False,row0_col1,512,365,0,73
3125,2262218,cdff67add7326ebbbabf8a48,3125,10,19,84,156,295.46875,329.27945205479455,0.1640625,0.22739726027397261,False,row0_col0,512,365,0,73
3126,2262438,cdff67add7326ebbbabf8a48,3126,38,22,308,180,776.71875,380.8301369863014,0.6015625,0.29315068493150687,False,row0_col1,512,365,0,73
3127,2263021,cdff67add7326ebbbabf8a48,3127,45,31,364,252,897.03125,535.48219178082195,0.7109375,0.49041095890410957,False,row1_col2,512,365,0,73
3128,2263153,cdff67add7326ebbbabf8a48,3128,49,33,396,268,965.78125,569.84931506849318,0.7734375,0.53424657534246578,False,row1_col2,512,365,0,73
3129,2263156,cdff67add7326ebbbabf8a48,3129,52,33,420,268,1017.34375,569.84931506849318,0.8203125,0.53424657534246578,False,row1_col2,512,365,0,73
3130,2264765,cdff67add7326ebbbabf8a48,3130,61,58,492,468,1172.03125,999.43835616438366,0.9609375,1.0821917808219179,True,padding_center,512,365,0,73
3131,2265156,163f27e0d1466030dadaebb8,3131,4,1,36,12,213.8359375,19.831099195710465,0.0703125,-0.15281501340482573,True,padding_center,512,373,0,69
3132,2266181,163f27e0d1466030dadaebb8,3132,5,17,44,140,231.1328125,296.4209115281501,0.0859375,0.19034852546916889,False,row0_col0,512,373,0,69
3133,2266417,163f27e0d1466030dadaebb8,3133,49,20,396,164,992.1953125,348.28150134048258,0.7734375,0.2546916890080429,False,row0_col2,512,373,0,69
3134,2266596,163f27e0d1466030dadaebb8,3134,36,23,292,188,767.3359375,400.142091152815,0.5703125,0.31903485254691688,False,row0_col1,512,373,0,69
3135,2266642,163f27e0d1466030dadaebb8,3135,18,24,148,196,455.9921875,417.42895442359247,0.2890625,0.34048257372654156,False,row1_col0,512,373,0,69
3136,2270822,ce1b06db295c8aa47115048c,3136,38,25,308,204,768.109375,433.09651474530835,0.6015625,0.36193029490616624,False,row1_col1,512,373,0,69
3137,2272369,ce1b06db295c8aa47115048c,3137,49,49,396,396,956.140625,842.83378016085794,0.7734375,0.87667560321715821,False,row2_col2,512,373,0,69
3138,2272583,ce1b06db295c8aa47115048c,3138,7,53,60,428,238.203125,911.12332439678278,0.1171875,0.96246648793565681,False,row2_col0,512,373,0,69
3139,2273376,d25a12404a5aa914a7906fd6,3139,32,1,260,12,699.5625,18.106382978723417,0.5078125,-0.14893617021276595,True,padding_center,512,376,0,68
3140,2273953,d25a12404a5aa914a7906fd6,3140,33,10,268,84,716.6875,172.25531914893617,0.5234375,0.042553191489361701,False,row0_col1,512,376,0,68
3141,2275294,d25a12404a5aa914a7906fd6,3141,30,31,244,252,665.3125,531.936170212766,0.4765625,0.48936170212765956,False,row1_col1,512,376,0,68
3142,2276086,d25a12404a5aa914a7906fd6,3142,54,43,436,348,1076.3125,737.468085106383,0.8515625,0.74468085106382975,False,row2_col2,512,376,0,68
3143,2277719,5676e48fb1caa42ecdd07480,3143,23,5,188,44,475.2109375,81.015037593984971,0.3671875,-0.03007518796992481,True,padding_center,512,399,0,56
3144,2277842,5676e48fb1caa42ecdd07480,3144,18,7,148,60,388.5703125,115.66165413533835,0.2890625,0.010025062656641603,False,row0_col0,512,399,0,56
3145,2278485,5676e48fb1caa42ecdd07480,3145,21,17,172,140,440.5546875,288.89473684210526,0.3359375,0.21052631578947367,False,row0_col1,512,399,0,56
3146,2278580,5676e48fb1caa42ecdd07480,3146,52,18,420,148,977.7265625,306.21804511278197,0.8203125,0.23057644110275688,False,row0_col2,512,399,0,56
3147,2279292,5676e48fb1caa42ecdd07480,3147,60,29,484,236,1116.3515625,496.77443609022555,0.9453125,0.45112781954887216,False,row1_col2,512,399,0,56
3148,2279721,5676e48fb1caa42ecdd07480,3148,41,36,332,292,787.1171875,618.03759398496231,0.6484375,0.5914786967418546,False,row1_col1,512,399,0,56
3149,2280344,5676e48fb1caa42ecdd07480,3149,24,46,196,372,492.5390625,791.27067669172925,0.3828125,0.79197994987468667,False,row2_col1,512,399,0,56
3150,2280956,5676e48fb1caa42ecdd07480,3150,60,55,484,444,1116.3515625,947.18045112781954,0.9453125,0.97243107769423553,False,row2_col2,512,399,0,56
3151,2281175,5676e48fb1caa42ecdd07480,3151,23,59,188,476,475.2109375,1016.4736842105262,0.3671875,1.0526315789473684,True,padding_center,512,399,0,56
3152,2281669,0b5210b7f75c32ce0315b40b,3152,5,3,44,28,231.4453125,41.164524421593825,0.0859375,-0.084832904884318772,True,padding_center,512,389,0,61
3153,2281854,0b5210b7f75c32ce0315b40b,3153,62,5,500,44,1210.2421875,75.508997429305907,0.9765625,-0.043701799485861184,True,padding_center,512,389,0,61
3154,2282774,0b5210b7f75c32ce0315b40b,3154,22,20,180,164,523.3671875,333.09254498714654,0.3515625,0.2647814910025707,False,row0_col1,512,389,0,61
3155,2283367,0b5210b7f75c32ce0315b40b,3155,39,29,316,236,815.2890625,487.6426735218509,0.6171875,0.44987146529562982,False,row1_col1,512,389,0,61
3156,2284032,0b5210b7f75c32ce0315b40b,3156,0,40,4,324,145.5859375,676.53727506426742,0.0078125,0.67609254498714655,False,row2_col0,512,389,0,61
3157,2284171,0b5210b7f75c32ce0315b40b,3157,11,42,92,340,334.4765625,710.88174807197947,0.1796875,0.71722365038560409,False,row2_col0,512,389,0,61
3158,2284907,0b5210b7f75c32ce0315b40b,3158,43,53,348,428,883.9765625,899.77634961439594,0.6796875,0.94344473007712082,False,row2_col2,512,389,0,61
3159,2284992,0b5210b7f75c32ce0315b40b,3159,0,55,4,444,145.5859375,934.12082262210788,0.0078125,0.98457583547557836,False,row2_col0,512,389,0,61
3160,2285089,0b5210b7f75c32ce0315b40b,3160,33,56,268,452,712.2578125,951.29305912596408,0.5234375,1.0051413881748072,True,padding_center,512,389,0,61
3161,2285533,0b5210b7f75c32ce0315b40b,3161,29,63,236,508,643.5703125,1071.4987146529561,0.4609375,1.1491002570694087,True,padding_center,512,389,0,61
3162,2286448,9183cf46ec95f7416fc2cadd,3162,48,13,388,108,936.046875,215.76253298153034,0.7578125,0.11081794195250659,False,row0_col2,512,379,0,66
3163,2287021,9183cf46ec95f7416fc2cadd,3163,45,22,364,180,884.765625,369.64116094986809,0.7109375,0.30079155672823221,False,row0_col2,512,379,0,66
3164,2287820,9183cf46ec95f7416fc2cadd,3164,12,35,100,284,320.671875,591.91029023746705,0.1953125,0.57519788918205805,False,row1_col0,512,379,0,66
3165,2288831,9183cf46ec95f7416fc2cadd,3165,63,50,508,404,1192.453125,848.37467018469658,0.9921875,0.89182058047493407,False,row2_col2,512,379,0,66
3166,2289122,9183cf46ec95f7416fc2cadd,3166,34,55,276,444,696.734375,933.86279683377302,0.5390625,0.99736147757255933,False,row2_col1,512,379,0,66
3167,2289495,9183cf46ec95f7416fc2cadd,3167,23,61,188,492,508.703125,1036.448548812665,0.3671875,1.1240105540897098,True,padding_center,512,379,0,66
3168,2290478,8430cec5bf6a0ee7d4c4b34e,3168,46,12,372,100,951.1328125,195.66490765171505,0.7265625,0.089709762532981532,False,row0_col2,512,379,0,66
3169,2291665,8430cec5bf6a0ee7d4c4b34e,3169,17,31,140,252,455.8671875,520.51978891820579,0.2734375,0.49076517150395776,False,row1_col0,512,379,0,66
3170,2292461,8430cec5bf6a0ee7d4c4b34e,3170,45,43,364,348,934.0546875,725.69129287598946,0.7109375,0.74406332453825863,False,row2_col2,512,379,0,66
3171,2292601,8430cec5bf6a0ee7d4c4b34e,3171,57,45,460,364,1138.9921875,759.88654353562004,0.8984375,0.78627968337730869,False,row2_col2,512,379,0,66
3172,2292937,8430cec5bf6a0ee7d4c4b34e,3172,9,51,76,412,319.2421875,862.47229551451187,0.1484375,0.9129287598944591,False,row2_col0,512,379,0,66
3173,2293707,8430cec5bf6a0ee7d4c4b34e,3173,11,63,92,508,353.3984375,1067.6437994722955,0.1796875,1.1662269129287599,True,padding_center,512,379,0,66
3174,2293805,2608d95da3b3a020babab4a4,3174,45,0,364,4,931.0546875,-1.7131367292225264,0.7109375,-0.17426273458445041,True,padding_center,512,373,0,69
3175,2296229,2608d95da3b3a020babab4a4,3175,37,38,300,308,794.4296875,647.03753351206433,0.5859375,0.64075067024128685,False,row1_col1,512,373,0,69
3176,2296757,2608d95da3b3a020babab4a4,3176,53,46,428,372,1067.6796875,783.61662198391423,0.8359375,0.81233243967828417,False,row2_col2,512,373,0,69
3177,2297352,2608d95da3b3a020babab4a4,3177,8,56,68,452,299.1640625,954.3404825737266,0.1328125,1.0268096514745308,True,padding_center,512,373,0,69
3178,2297794,2608d95da3b3a020babab4a4,3178,2,63,20,508,196.6953125,1073.847184986595,0.0390625,1.1769436997319034,True,padding_center,512,373,0,69
3179,2299341,677cd183b987906faf2e530c,3179,13,23,108,188,372.5078125,394.28918918918919,0.2109375,0.31621621621621621,False,row0_col0,512,370,0,71
3180,2299794,677cd183b987906faf2e530c,3180,18,30,148,244,458.9921875,515.52162162162165,0.2890625,0.46756756756756757,False,row1_col0,512,370,0,71
3181,2299811,677cd183b987906faf2e530c,3181,35,30,284,244,753.0390625,515.52162162162165,0.5546875,0.46756756756756757,False,row1_col1,512,370,0,71
3182,2300380,677cd183b987906faf2e530c,3182,28,39,228,316,631.9609375,671.39189189189187,0.4453125,0.66216216216216217,False,row1_col1,512,370,0,71
3183,2300502,677cd183b987906faf2e530c,3183,22,41,180,332,528.1796875,706.02972972972975,0.3515625,0.70540540540540542,False,row2_col1,512,370,0,71
3184,2301389,677cd183b987906faf2e530c,3184,13,55,108,444,372.5078125,948.49459459459456,0.2109375,1.008108108108108,True,padding_center,512,370,0,71
3185,2301961,79609d9f8ec519016767e49f,3185,9,0,76,4,316.6875,-4.810526315789474,0.1484375,-0.16315789473684211,True,padding_center,512,380,0,66
3186,2302867,79609d9f8ec519016767e49f,3186,19,14,156,116,487.9375,235.10526315789474,0.3046875,0.13157894736842105,False,row0_col0,512,380,0,66
3187,2303172,79609d9f8ec519016767e49f,3187,4,19,36,156,231.0625,320.78947368421052,0.0703125,0.23684210526315788,False,row0_col0,512,380,0,66
3188,2303178,79609d9f8ec519016767e49f,3188,10,19,84,156,333.8125,320.78947368421052,0.1640625,0.23684210526315788,False,row0_col0,512,380,0,66
3189,2303226,79609d9f8ec519016767e49f,3189,58,19,468,156,1155.8125,320.78947368421052,0.9140625,0.23684210526315788,False,row0_col2,512,380,0,66
3190,2304139,79609d9f8ec519016767e49f,3190,11,34,92,276,350.9375,577.84210526315792,0.1796875,0.55263157894736847,False,row1_col0,512,380,0,66
3191,2304204,79609d9f8ec519016767e49f,3191,12,35,100,284,368.0625,594.97894736842113,0.1953125,0.5736842105263158,False,row1_col0,512,380,0,66
3192,2305624,79609d9f8ec519016767e49f,3192,24,57,196,460,573.5625,971.98947368421045,0.3828125,1.0368421052631578,True,padding_center,512,380,0,66
3193,2306488,eebb80b7602a9bc51384c3b3,3193,56,6,452,52,1086.09375,102.52713178294573,0.8828125,-0.025839793281653745,True,padding_center,512,387,0,62
3194,2306575,eebb80b7602a9bc51384c3b3,3194,15,8,124,68,381.40625,136.88372093023256,0.2421875,0.015503875968992248,False,row0_col0,512,387,0,62
3195,2307256,eebb80b7602a9bc51384c3b3,3195,56,18,452,148,1086.09375,308.66666666666663,0.8828125,0.22222222222222221,False,row0_col2,512,387,0,62
3196,2307864,eebb80b7602a9bc51384c3b3,3196,24,28,196,228,536.09375,480.44961240310079,0.3828125,0.4289405684754522,False,row1_col1,512,387,0,62
3197,2308192,eebb80b7602a9bc51384c3b3,3197,32,33,260,268,673.59375,566.34108527131775,0.5078125,0.53229974160206717,False,row1_col1,512,387,0,62
3198,2308547,eebb80b7602a9bc51384c3b3,3198,3,39,28,316,175.15625,669.41085271317831,0.0546875,0.65633074935400515,False,row1_col0,512,387,0,62
3199,2308946,eebb80b7602a9bc51384c3b3,3199,18,45,148,364,432.96875,772.48062015503876,0.2890625,0.78036175710594313,False,row2_col0,512,387,0,62
3200,2309248,eebb80b7602a9bc51384c3b3,3200,0,50,4,404,123.59375,858.37209302325584,0.0078125,0.88372093023255816,False,row2_col0,512,387,0,62
3201,2309591,eebb80b7602a9bc51384c3b3,3201,23,55,188,444,518.90625,944.26356589147292,0.3671875,0.98708010335917318,False,row2_col1,512,387,0,62
3202,2310204,78a32a3097554d80ef1bac9c,3202,60,0,484,4,1157.2265625,3.4774535809018516,0.9453125,-0.16710875331564987,True,padding_center,512,377,0,67
3203,2311159,78a32a3097554d80ef1bac9c,3203,55,15,444,124,1071.8359375,259.71087533156498,0.8671875,0.15119363395225463,False,row0_col2,512,377,0,67
3204,2311358,78a32a3097554d80ef1bac9c,3204,62,18,500,148,1191.3828125,310.9575596816976,0.9765625,0.21485411140583555,False,row0_col2,512,377,0,67
3205,2311798,78a32a3097554d80ef1bac9c,3205,54,25,436,204,1054.7578125,430.53315649867375,0.8515625,0.36339522546419101,False,row1_col2,512,377,0,67
3206,2313581,78a32a3097554d80ef1bac9c,3206,45,53,364,428,901.0546875,908.83554376657821,0.7109375,0.95755968169761274,False,row2_col2,512,377,0,67
3207,2313681,78a32a3097554d80ef1bac9c,3207,17,55,140,444,422.8671875,943,0.2734375,1,True,padding_center,512,377,0,67
3208,2314235,78a32a3097554d80ef1bac9c,3208,59,63,476,508,1140.1484375,1079.6578249336869,0.9296875,1.169761273209549,True,padding_center,512,377,0,67
3209,2315003,fd91ca2d579cd9fb68161c3b,3209,59,11,476,92,1173.2890625,197.42105263157896,0.9296875,0.068421052631578952,False,row0_col2,512,380,0,66
3210,2315009,fd91ca2d579cd9fb68161c3b,3210,1,12,12,100,184.5703125,214.4736842105263,0.0234375,0.089473684210526316,False,row0_col0,512,380,0,66
3211,2315647,fd91ca2d579cd9fb68161c3b,3211,63,21,508,172,1241.4765625,367.9473684210526,0.9921875,0.27894736842105261,False,row0_col2,512,380,0,66
3212,2316808,fd91ca2d579cd9fb68161c3b,3212,8,40,68,324,303.8984375,691.9473684210526,0.1328125,0.67894736842105263,False,row2_col0,512,380,0,66
3213,2317899,fd91ca2d579cd9fb68161c3b,3213,11,57,92,460,355.0390625,981.8421052631578,0.1796875,1.0368421052631578,True,padding_center,512,380,0,66
3214,2318232,fd91ca2d579cd9fb68161c3b,3214,24,62,196,500,576.6484375,1067.1052631578946,0.3828125,1.1421052631578947,True,padding_center,512,380,0,66
3215,2318357,a3e72a337b3e2ae08d3ba9ff,3215,21,0,172,4,502.1796875,1.3101604278074888,0.3359375,-0.17379679144385027,True,padding_center,512,374,0,69
3216,2319122,a3e72a337b3e2ae08d3ba9ff,3216,18,12,148,100,450.9453125,206.14438502673795,0.2890625,0.082887700534759357,False,row0_col0,512,374,0,69
3217,2319420,a3e72a337b3e2ae08d3ba9ff,3217,60,16,484,132,1168.2265625,274.42245989304814,0.9453125,0.16844919786096257,False,row0_col2,512,374,0,69
3218,2319491,a3e72a337b3e2ae08d3ba9ff,3218,3,18,28,148,194.7734375,308.56149732620321,0.0546875,0.21122994652406418,False,row0_col0,512,374,0,69
3219,2321163,a3e72a337b3e2ae08d3ba9ff,3219,11,44,92,356,331.3984375,752.36898395721926,0.1796875,0.76737967914438499,False,row2_col0,512,374,0,69
3220,2323956,9a1ad63dc381c61153abcebd,3220,52,23,420,188,985.421875,386.73878627968338,0.8203125,0.32189973614775724,False,row0_col2,512,379,0,66
3221,2324649,9a1ad63dc381c61153abcebd,3221,41,34,332,276,797.390625,574.81266490765177,0.6484375,0.55408970976253302,False,row1_col1,512,379,0,66
3222,2324886,9a1ad63dc381c61153abcebd,3222,22,38,180,308,472.609375,643.20316622691291,0.3515625,0.63852242744063326,False,row1_col1,512,379,0,66
3223,2325507,9a1ad63dc381c61153abcebd,3223,3,48,28,388,147.828125,814.17941952506601,0.0546875,0.84960422163588389,False,row2_col0,512,379,0,66
3224,2327264,45bfb62d2b8a12a9724eb563,3224,32,11,260,92,654.546875,191.38196286472149,0.5078125,0.066312997347480113,False,row0_col1,512,377,0,67
3225,2328451,45bfb62d2b8a12a9724eb563,3225,3,30,28,244,158.828125,515.9442970822281,0.0546875,0.46949602122015915,False,row1_col0,512,377,0,67
3226,2328893,45bfb62d2b8a12a9724eb563,3226,61,36,492,292,1150.265625,618.43766578249347,0.9609375,0.59681697612732099,False,row1_col2,512,377,0,67
3227,2329462,45bfb62d2b8a12a9724eb563,3227,54,45,436,364,1030.609375,772.17771883289129,0.8515625,0.78779840848806371,False,row2_col2,512,377,0,67
3228,2329744,45bfb62d2b8a12a9724eb563,3228,16,50,132,404,381.046875,857.58885941644564,0.2578125,0.8938992042440318,False,row2_col0,512,377,0,67
3229,2330275,45bfb62d2b8a12a9724eb563,3229,35,58,284,468,705.828125,994.24668435013268,0.5546875,1.0636604774535809,True,padding_center,512,377,0,67
3230,2330574,45bfb62d2b8a12a9724eb563,3230,14,63,116,508,346.859375,1079.6578249336869,0.2265625,1.169761273209549,True,padding_center,512,377,0,67
3231,2330866,9fbe77467132d5c93ee01128,3231,50,3,404,28,1026.1796875,47.206896551724142,0.7890625,-0.10344827586206896,True,padding_center,512,377,0,67
3232,2331523,9fbe77467132d5c93ee01128,3232,3,14,28,116,219.1015625,236.27851458885942,0.0546875,0.129973474801061,False,row0_col0,512,377,0,67
3233,2332263,9fbe77467132d5c93ee01128,3233,39,25,316,204,837.2890625,425.35013262599472,0.6171875,0.36339522546419101,False,row1_col1,512,377,0,67
3234,2332445,9fbe77467132d5c93ee01128,3234,29,28,236,228,665.5703125,476.91511936339526,0.4609375,0.4270557029177719,False,row1_col1,512,377,0,67
3235,2333506,9fbe77467132d5c93ee01128,3235,2,45,20,364,201.9296875,769.11671087533159,0.0390625,0.78779840848806371,False,row2_col0,512,377,0,67
3236,2337427,7413f29906bbedeb019fea89,3236,19,42,156,340,473.9375,721.40721649484533,0.3046875,0.71649484536082475,False,row2_col0,512,388,0,62
3237,2337890,7413f29906bbedeb019fea89,3237,34,49,276,396,730.8125,841.34536082474233,0.5390625,0.86082474226804129,False,row2_col1,512,388,0,62
3238,2339931,c977bea10bf03c99460cec13,3238,27,17,220,140,576.65625,288.10000000000002,0.4296875,0.19473684210526315,False,row0_col1,512,380,0,66
3239,2340226,c977bea10bf03c99460cec13,3239,2,22,20,180,146.96875,374.10000000000002,0.0390625,0.29999999999999999,False,row0_col0,512,380,0,66
3240,2342271,c977bea10bf03c99460cec13,3240,63,53,508,428,1195.40625,907.29999999999995,0.9921875,0.95263157894736838,False,row2_col2,512,380,0,66
3241,2343046,feca696a5660a740402e9811,3241,6,2,52,20,268.0078125,38.245945945945934,0.1015625,-0.13783783783783785,True,padding_center,512,370,0,71
3242,2343235,feca696a5660a740402e9811,3242,3,5,28,44,216.7734375,89.424324324324317,0.0546875,-0.072972972972972977,True,padding_center,512,370,0,71
3243,2343936,feca696a5660a740402e9811,3243,0,16,4,132,165.5390625,277.07837837837837,0.0078125,0.16486486486486487,False,row0_col0,512,370,0,71
3244,2344560,feca696a5660a740402e9811,3244,48,25,388,204,985.2890625,430.61351351351351,0.7578125,0.35945945945945945,False,row1_col2,512,370,0,71
3245,2344921,feca696a5660a740402e9811,3245,25,31,204,252,592.4921875,532.97027027027025,0.3984375,0.48918918918918919,False,row1_col1,512,370,0,71
3246,2346784,feca696a5660a740402e9811,3246,32,60,260,484,712.0390625,1027.6945945945945,0.5078125,1.1162162162162161,True,padding_center,512,370,0,71
3247,2346893,feca696a5660a740402e9811,3247,13,62,108,500,387.5546875,1061.8135135135135,0.2109375,1.1594594594594594,True,padding_center,512,370,0,71
3248,2347664,37faa40414dba1a334ec7ebb,3248,16,10,132,84,417.5625,174.95698924731184,0.2578125,0.037634408602150539,False,row0_col0,512,372,0,70
3249,2348161,37faa40414dba1a334ec7ebb,3249,1,18,12,148,160.6875,311.90322580645159,0.0234375,0.20967741935483872,False,row0_col0,512,372,0,70
3250,2348603,37faa40414dba1a334ec7ebb,3250,59,24,476,196,1153.9375,414.61290322580641,0.9296875,0.33870967741935482,False,row1_col2,512,372,0,70
3251,2350315,37faa40414dba1a334ec7ebb,3251,43,51,348,412,879.9375,876.80645161290317,0.6796875,0.91935483870967738,False,row2_col2,512,372,0,70
3252,2350465,37faa40414dba1a334ec7ebb,3252,1,54,12,436,160.6875,928.16129032258061,0.0234375,0.9838709677419355,False,row2_col0,512,372,0,70
3253,2350911,37faa40414dba1a334ec7ebb,3253,63,60,508,484,1222.4375,1030.8709677419354,0.9921875,1.1129032258064515,True,padding_center,512,372,0,70
3254,2351030,37faa40414dba1a334ec7ebb,3254,54,62,436,500,1068.3125,1065.1075268817203,0.8515625,1.1559139784946237,True,padding_center,512,372,0,70
3255,2351952,47ecb67f20914fe9324d2108,3255,16,13,132,108,403.6875,213.06896551724139,0.2578125,0.10875331564986737,False,row0_col0,512,377,0,67
3256,2352314,47ecb67f20914fe9324d2108,3256,58,18,468,148,1133.4375,299.9655172413793,0.9140625,0.21485411140583555,False,row0_col2,512,377,0,67
3257,2352472,47ecb67f20914fe9324d2108,3257,24,21,196,172,542.6875,352.10344827586209,0.3828125,0.27851458885941643,False,row0_col1,512,377,0,67
3258,2352527,47ecb67f20914fe9324d2108,3258,15,22,124,180,386.3125,369.48275862068965,0.2421875,0.29973474801061006,False,row0_col0,512,377,0,67
3259,2353130,47ecb67f20914fe9324d2108,3259,42,31,340,252,855.4375,525.89655172413791,0.6640625,0.49071618037135278,False,row1_col1,512,377,0,67
3260,2354450,47ecb67f20914fe9324d2108,3260,18,52,148,420,438.4375,890.86206896551721,0.2890625,0.93633952254641906,False,row2_col0,512,377,0,67
3261,2355400,87a418aeb28937346e884495,3261,8,3,68,28,325.2890625,51.793893129770993,0.1328125,-0.078880407124681931,True,padding_center,512,393,0,59
3262,2355445,87a418aeb28937346e884495,3262,53,3,428,28,1105.0546875,51.793893129770993,0.8359375,-0.078880407124681931,True,padding_center,512,393,0,59
3263,2355648,87a418aeb28937346e884495,3263,0,7,4,60,186.6640625,121.16793893129771,0.0078125,0.0025445292620865142,False,row0_col0,512,393,0,59
3264,2356595,87a418aeb28937346e884495,3264,51,21,412,172,1070.3984375,363.97709923664127,0.8046875,0.2875318066157761,False,row0_col2,512,393,0,59
3265,2356822,87a418aeb28937346e884495,3265,22,25,180,204,567.8828125,433.35114503816794,0.3515625,0.36895674300254455,False,row1_col1,512,393,0,59
3266,2357220,87a418aeb28937346e884495,3266,36,31,292,252,810.4765625,537.41221374045801,0.5703125,0.4910941475826972,False,row1_col1,512,393,0,59
3267,2357461,87a418aeb28937346e884495,3267,21,35,172,284,550.5546875,606.78625954198469,0.3359375,0.5725190839694656,False,row1_col1,512,393,0,59
3268,2358550,87a418aeb28937346e884495,3268,22,52,180,420,567.8828125,901.62595419847332,0.3515625,0.9185750636132316,False,row2_col1,512,393,0,59
3269,2358940,87a418aeb28937346e884495,3269,28,58,228,468,671.8515625,1005.6870229007633,0.4453125,1.0407124681933841,True,padding_center,512,393,0,59
3270,2360247,a17fa7ec81831aabb30abf4e,3270,55,14,444,116,1143.3046875,242.89361702127658,0.8671875,0.1276595744680851,False,row0_col2,512,376,0,68
3271,2361177,a17fa7ec81831aabb30abf4e,3271,25,29,204,236,629.0859375,500.12765957446805,0.3984375,0.44680851063829785,False,row1_col1,512,376,0,68
3272,2361608,a17fa7ec81831aabb30abf4e,3272,8,36,68,292,337.6953125,620.17021276595744,0.1328125,0.5957446808510638,False,row1_col0,512,376,0,68
3273,2363169,a17fa7ec81831aabb30abf4e,3273,33,60,268,484,766.2109375,1031.744680851064,0.5234375,1.1063829787234043,True,padding_center,512,376,0,68
3274,2363531,583fd37185c66e5b35d4ad0d,3274,11,2,92,20,312.65625,25.159898477157356,0.1796875,-0.098984771573604066,True,padding_center,512,394,0,59
3275,2364188,583fd37185c66e5b35d4ad0d,3275,28,12,228,100,604.84375,197.13959390862945,0.4453125,0.10406091370558376,False,row0_col1,512,394,0,59
3276,2364256,583fd37185c66e5b35d4ad0d,3276,32,13,260,108,673.59375,214.33756345177665,0.5078125,0.12436548223350254,False,row0_col1,512,394,0,59
3277,2364784,583fd37185c66e5b35d4ad0d,3277,48,21,388,172,948.59375,351.92131979695432,0.7578125,0.28680203045685282,False,row0_col2,512,394,0,59
3278,2365817,583fd37185c66e5b35d4ad0d,3278,57,37,460,300,1103.28125,627.08883248730967,0.8984375,0.6116751269035533,False,row1_col2,512,394,0,59
3279,2366275,583fd37185c66e5b35d4ad0d,3279,3,45,28,364,175.15625,764.67258883248735,0.0546875,0.7741116751269036,False,row2_col0,512,394,0,59
3280,2367303,583fd37185c66e5b35d4ad0d,3280,7,61,60,492,243.90625,1039.8401015228428,0.1171875,1.0989847715736041,True,padding_center,512,394,0,59
3281,2368382,fe666fef2b8871f5528589d3,3281,62,13,500,108,1252.359375,239.18087855297159,0.9765625,0.11886304909560723,False,row0_col2,512,387,0,62
3282,2369013,fe666fef2b8871f5528589d3,3282,53,23,428,188,1098.515625,409.93023255813955,0.8359375,0.32558139534883723,False,row0_col2,512,387,0,62
3283,2369388,fe666fef2b8871f5528589d3,3283,44,29,356,236,944.671875,512.37984496124034,0.6953125,0.44961240310077522,False,row1_col2,512,387,0,62
3284,2369455,fe666fef2b8871f5528589d3,3284,47,30,380,244,995.953125,529.45478036175712,0.7421875,0.47028423772609818,False,row1_col2,512,387,0,62
3285,2369898,fe666fef2b8871f5528589d3,3285,42,37,340,300,910.484375,648.97932816537468,0.6640625,0.61498708010335912,False,row1_col1,512,387,0,62
3286,2369899,fe666fef2b8871f5528589d3,3286,43,37,348,300,927.578125,648.97932816537468,0.6796875,0.61498708010335912,False,row1_col2,512,387,0,62
3287,2370914,fe666fef2b8871f5528589d3,3287,34,53,276,428,773.734375,922.17829457364337,0.5390625,0.94573643410852715,False,row2_col1,512,387,0,62
3288,2371172,fe666fef2b8871f5528589d3,3288,36,57,292,460,807.921875,990.4780361757106,0.5703125,1.0284237726098191,True,padding_center,512,387,0,62
3289,2371460,fe666fef2b8871f5528589d3,3289,4,62,36,500,260.921875,1075.8527131782946,0.0703125,1.1317829457364341,True,padding_center,512,387,0,62
3290,2371542,fe666fef2b8871f5528589d3,3290,22,63,180,508,568.609375,1092.9276485788114,0.3515625,1.1524547803617571,True,padding_center,512,387,0,62
3291,2371798,2eebabfc2544e47701bed697,3291,22,3,180,28,489.6640625,55.658792650918642,0.3515625,-0.09711286089238845,True,padding_center,512,381,0,65
3292,2371853,2eebabfc2544e47701bed697,3292,13,4,108,36,335.3984375,72.813648293963254,0.2109375,-0.076115485564304461,True,padding_center,512,381,0,65
3293,2371898,2eebabfc2544e47701bed697,3293,58,4,468,36,1106.7265625,72.813648293963254,0.9140625,-0.076115485564304461,True,padding_center,512,381,0,65
3294,2372318,2eebabfc2544e47701bed697,3294,30,11,244,92,626.7890625,192.89763779527559,0.4765625,0.070866141732283464,False,row0_col1,512,381,0,65
3295,2372951,2eebabfc2544e47701bed697,3295,23,21,188,172,506.8046875,364.4461942257218,0.3671875,0.28083989501312334,False,row0_col1,512,381,0,65
3296,2374000,2eebabfc2544e47701bed697,3296,48,37,388,300,935.3203125,638.92388451443571,0.7578125,0.61679790026246717,False,row1_col2,512,381,0,65
3297,2374833,2eebabfc2544e47701bed697,3297,49,50,396,404,952.4609375,861.93700787401576,0.7734375,0.88976377952755903,False,row2_col2,512,381,0,65
3298,2374982,2eebabfc2544e47701bed697,3298,6,53,52,428,215.4140625,913.40157480314963,0.1015625,0.952755905511811,False,row2_col0,512,381,0,65
3299,2375463,2eebabfc2544e47701bed697,3299,39,60,316,484,781.0546875,1033.4855643044621,0.6171875,1.0997375328083989,True,padding_center,512,381,0,65
3300,2375476,2eebabfc2544e47701bed697,3300,52,60,420,484,1003.8828125,1033.4855643044621,0.8203125,1.0997375328083989,True,padding_center,512,381,0,65
3301,2376544,d8e33de8429b55ebb8877642,3301,32,13,260,108,632.0859375,217.97333333333336,0.5078125,0.10666666666666667,False,row0_col1,512,375,0,68
3302,2377053,d8e33de8429b55ebb8877642,3302,29,21,236,172,580.5703125,355.53066666666666,0.4609375,0.27733333333333332,False,row0_col1,512,375,0,68
3303,2378391,d8e33de8429b55ebb8877642,3303,23,42,188,340,477.5390625,716.61866666666674,0.3671875,0.72533333333333339,False,row2_col1,512,375,0,68
3304,2379125,d8e33de8429b55ebb8877642,3304,53,53,428,428,992.6953125,905.75999999999999,0.8359375,0.95999999999999996,False,row2_col2,512,375,0,68
3305,2379363,d8e33de8429b55ebb8877642,3305,35,57,284,460,683.6015625,974.53866666666659,0.5546875,1.0453333333333332,True,padding_center,512,375,0,68
3306,2380013,87721955af6f57a012d16d47,3306,45,3,364,28,864.8984375,34.428571428571431,0.7109375,-0.10317460317460317,True,padding_center,512,378,0,67
3307,2380420,87721955af6f57a012d16d47,3307,4,10,36,84,162.1328125,154.42857142857142,0.0703125,0.044973544973544971,False,row0_col0,512,378,0,67
3308,2382001,87721955af6f57a012d16d47,3308,49,34,396,276,933.4609375,565.85714285714289,0.7734375,0.55291005291005291,False,row1_col2,512,378,0,67
3309,2382339,87721955af6f57a012d16d47,3309,3,40,28,324,144.9921875,668.71428571428567,0.0546875,0.67989417989417988,False,row2_col0,512,378,0,67
3310,2383549,87721955af6f57a012d16d47,3310,61,58,492,468,1139.1484375,977.28571428571433,0.9609375,1.0608465608465609,True,padding_center,512,378,0,67
3311,2384200,068d42fadee7759ebbad25c7,3311,8,5,68,44,288.5625,84.086387434554979,0.1328125,-0.054973821989528798,True,padding_center,512,382,0,65
3312,2386199,068d42fadee7759ebbad25c7,3312,23,36,188,292,545.4375,614.49476439790578,0.3671875,0.59424083769633507,False,row1_col1,512,382,0,65
3313,2388552,bdd69774207d2ddbd41a3849,3313,8,9,68,76,260.296875,154.21750663129973,0.1328125,0.023872679045092837,False,row0_col0,512,377,0,67
3314,2388904,bdd69774207d2ddbd41a3849,3314,40,14,324,116,807.296875,239.62864721485411,0.6328125,0.129973474801061,False,row0_col1,512,377,0,67
3315,2389557,bdd69774207d2ddbd41a3849,3315,53,24,428,196,1029.515625,410.45092838196285,0.8359375,0.34217506631299732,False,row1_col2,512,377,0,67
3316,2390523,bdd69774207d2ddbd41a3849,3316,59,39,476,316,1132.078125,666.68435013262592,0.9296875,0.66047745358090182,False,row1_col2,512,377,0,67
3317,2391205,bdd69774207d2ddbd41a3849,3317,37,50,300,404,756.015625,854.58885941644564,0.5859375,0.8938992042440318,False,row2_col1,512,377,0,67
3318,2391219,bdd69774207d2ddbd41a3849,3318,51,50,412,404,995.328125,854.58885941644564,0.8046875,0.8938992042440318,False,row2_col2,512,377,0,67
3319,2391645,bdd69774207d2ddbd41a3849,3319,29,57,236,460,619.265625,974.16445623342179,0.4609375,1.0424403183023874,True,padding_center,512,377,0,67
3320,2391785,bdd69774207d2ddbd41a3849,3320,41,59,332,476,824.390625,1008.3289124668435,0.6484375,1.0848806366047745,True,padding_center,512,377,0,67
3321,2391858,bdd69774207d2ddbd41a3849,3321,50,60,404,484,978.234375,1025.4111405835542,0.7890625,1.1061007957559681,True,padding_center,512,377,0,67
3322,2393417,d38497f6cb09922f8f3dcf04,3322,9,21,76,172,354.8359375,358.4461942257218,0.1484375,0.28083989501312334,False,row0_col0,512,381,0,65
3323,2394099,d38497f6cb09922f8f3dcf04,3323,51,31,412,252,1074.7421875,529.99475065616798,0.8046875,0.49081364829396323,False,row1_col2,512,381,0,65
3324,2394598,d38497f6cb09922f8f3dcf04,3324,38,39,308,316,851.9140625,667.23359580052488,0.6015625,0.65879265091863515,False,row1_col1,512,381,0,65
3325,2394643,d38497f6cb09922f8f3dcf04,3325,19,40,156,324,526.2421875,684.38845144356958,0.3046875,0.67979002624671914,False,row2_col0,512,381,0,65
3326,2397876,7e43c32828df193edc42ddff,3326,52,26,420,212,1052.5234375,449.50400000000002,0.8203125,0.38400000000000001,False,row1_col2,512,375,0,68
3327,2399602,7e43c32828df193edc42ddff,3327,50,53,404,428,1018.1796875,913.75999999999999,0.7890625,0.95999999999999996,False,row2_col2,512,375,0,68
3328,2400094,7e43c32828df193edc42ddff,3328,30,61,244,492,674.7421875,1051.3173333333334,0.4765625,1.1306666666666667,True,padding_center,512,375,0,68
3329,2400446,e23c7263422caa21794c6b96,3329,62,2,500,20,1208.2890625,30.285714285714292,0.9765625,-0.12433862433862433,True,padding_center,512,378,0,67
3330,2403452,e23c7263422caa21794c6b96,3330,60,49,484,396,1174.0078125,836,0.9453125,0.87037037037037035,False,row2_col2,512,378,0,67
3331,2403899,e23c7263422caa21794c6b96,3331,59,56,476,452,1156.8671875,956.00000000000011,0.9296875,1.0185185185185186,True,padding_center,512,378,0,67
3332,2404145,e23c7263422caa21794c6b96,3332,49,60,396,484,985.4609375,1024.5714285714287,0.7734375,1.1031746031746033,True,padding_center,512,378,0,67
3333,2405985,cbbfcf781cf2e6b2a448637f,3333,33,25,268,204,680.828125,417.51041666666663,0.5234375,0.36458333333333331,False,row1_col1,512,384,0,64
3334,2405993,cbbfcf781cf2e6b2a448637f,3334,41,25,332,204,818.578125,417.51041666666663,0.6484375,0.36458333333333331,False,row1_col1,512,384,0,64
3335,2406045,cbbfcf781cf2e6b2a448637f,3335,29,26,236,212,611.953125,434.73958333333337,0.4609375,0.38541666666666669,False,row1_col1,512,384,0,64
3336,2407447,cbbfcf781cf2e6b2a448637f,3336,23,48,188,388,508.640625,813.78125,0.3671875,0.84375,False,row2_col1,512,384,0,64
3337,2410301,4353ce725c8d749885d3c4b7,3337,61,28,492,228,1119.1875,475.02105263157893,0.9609375,0.4263157894736842,False,row1_col2,512,380,0,66
3338,2410607,4353ce725c8d749885d3c4b7,3338,47,33,380,268,879.4375,560.70526315789471,0.7421875,0.53157894736842104,False,row1_col2,512,380,0,66
3339,2411266,4353ce725c8d749885d3c4b7,3339,2,44,20,356,108.8125,749.21052631578948,0.0390625,0.76315789473684215,False,row2_col0,512,380,0,66
3340,2412934,02b8d585b96bf351d6297716,3340,6,6,52,52,229.109375,92.656330749353998,0.1015625,-0.025839793281653745,True,padding_center,512,387,0,62
3341,2415124,02b8d585b96bf351d6297716,3341,20,40,164,324,468.421875,673.20413436692513,0.3203125,0.67700258397932822,False,row2_col0,512,387,0,62
3342,2415268,02b8d585b96bf351d6297716,3342,36,42,292,340,741.921875,707.35400516795869,0.5703125,0.71834625322997414,False,row2_col1,512,387,0,62
3343,2416069,02b8d585b96bf351d6297716,3343,5,55,44,444,212.015625,929.32816537467704,0.0859375,0.98708010335917318,False,row2_col0,512,387,0,62
3344,2416132,02b8d585b96bf351d6297716,3344,4,56,36,452,194.921875,946.40310077519382,0.0703125,1.0077519379844961,True,padding_center,512,387,0,62
3345,2417067,e13e69b4c17cd750194fa4bb,3345,43,6,348,52,872.9765625,105.24543080939948,0.6796875,-0.031331592689295036,True,padding_center,512,383,0,64
3346,2417461,e13e69b4c17cd750194fa4bb,3346,53,12,428,100,1044.6953125,208.26370757180155,0.8359375,0.093994778067885115,False,row0_col2,512,383,0,64
3347,2421598,37007bcf2d5f43196d17bd6c,3347,30,13,244,108,639.21875,228.97333333333336,0.4765625,0.10666666666666667,False,row0_col1,512,375,0,68
3348,2422200,37007bcf2d5f43196d17bd6c,3348,56,22,452,180,1086.09375,383.72533333333337,0.8828125,0.29866666666666669,False,row0_col2,512,375,0,68
3349,2422648,37007bcf2d5f43196d17bd6c,3349,56,29,452,236,1086.09375,504.08800000000002,0.8828125,0.44800000000000001,False,row1_col2,512,375,0,68
3350,2424544,37007bcf2d5f43196d17bd6c,3350,32,59,260,476,673.59375,1019.9280000000001,0.5078125,1.0880000000000001,True,padding_center,512,375,0,68
3351,2425114,07487879b83ab8bf265d8c1f,3351,26,4,212,36,614.0546875,82.272493573264782,0.4140625,-0.064267352185089971,True,padding_center,512,389,0,61
3352,2425635,07487879b83ab8bf265d8c1f,3352,35,12,284,100,768.6015625,219.81491002570695,0.5546875,0.10025706940874037,False,row0_col1,512,389,0,61
3353,2426493,07487879b83ab8bf265d8c1f,3353,61,25,492,204,1215.0703125,443.32133676092548,0.9609375,0.36760925449871468,False,row1_col2,512,389,0,61
3354,2429172,63727db752b5ff12377d012c,3354,52,3,420,28,1043.7265625,46.09375,0.8203125,-0.09375,True,padding_center,512,384,0,64
3355,2429252,63727db752b5ff12377d012c,3355,4,5,36,44,211.9765625,80.71875,0.0703125,-0.052083333333333336,True,padding_center,512,384,0,64
3356,2430070,63727db752b5ff12377d012c,3356,54,17,436,140,1078.3828125,288.46875,0.8515625,0.19791666666666666,False,row0_col2,512,384,0,64
3357,2430354,63727db752b5ff12377d012c,3357,18,22,148,180,454.5703125,375.03125,0.2890625,0.30208333333333331,False,row0_col0,512,384,0,64
3358,2430514,63727db752b5ff12377d012c,3358,50,24,404,196,1009.0703125,409.65625,0.7890625,0.34375,False,row1_col2,512,384,0,64
3359,2431416,63727db752b5ff12377d012c,3359,56,38,452,308,1113.0390625,652.03125,0.8828125,0.63541666666666663,False,row1_col2,512,384,0,64
3360,2433185,28b53dd19c8f65de13e95cab,3360,33,2,268,20,694.6875,39.056149732620327,0.5234375,-0.13101604278074866,True,padding_center,512,374,0,69
3361,2433674,28b53dd19c8f65de13e95cab,3361,10,10,84,84,300.8125,176.12566844919786,0.1640625,0.040106951871657755,False,row0_col0,512,374,0,69
3362,2433808,28b53dd19c8f65de13e95cab,3362,16,12,132,100,403.5625,210.39304812834223,0.2578125,0.082887700534759357,False,row0_col0,512,374,0,69
3363,2433995,28b53dd19c8f65de13e95cab,3363,11,15,92,124,317.9375,261.79411764705884,0.1796875,0.14705882352941177,False,row0_col0,512,374,0,69
3364,2434093,28b53dd19c8f65de13e95cab,3364,45,16,364,132,900.1875,278.92780748663102,0.7109375,0.16844919786096257,False,row0_col2,512,374,0,69
3365,2435990,28b53dd19c8f65de13e95cab,3365,22,46,180,372,506.3125,792.93850267379685,0.3515625,0.81016042780748665,False,row2_col1,512,374,0,69
3366,2436138,28b53dd19c8f65de13e95cab,3366,42,48,340,388,848.8125,827.2058823529411,0.6640625,0.8529411764705882,False,row2_col1,512,374,0,69
3367,2436157,28b53dd19c8f65de13e95cab,3367,61,48,492,388,1174.1875,827.2058823529411,0.9609375,0.8529411764705882,False,row2_col2,512,374,0,69
3368,2436158,28b53dd19c8f65de13e95cab,3368,62,48,500,388,1191.3125,827.2058823529411,0.9765625,0.8529411764705882,False,row2_col2,512,374,0,69
3369,2439221,4b2934de204003644e1cf7cc,3369,53,32,428,260,1076.0234375,548.55913978494618,0.8359375,0.510752688172043,False,row1_col2,512,372,0,70
3370,2441260,7d13fb8e53e7ca10995faafd,3370,44,0,356,4,875.0625,0.77419354838710319,0.6953125,-0.17741935483870969,True,padding_center,512,372,0,70
3371,2441619,7d13fb8e53e7ca10995faafd,3371,19,6,156,52,446.9375,103.48387096774194,0.3046875,-0.048387096774193547,True,padding_center,512,372,0,70
3372,2442725,7d13fb8e53e7ca10995faafd,3372,37,23,300,188,755.1875,394.49462365591398,0.5859375,0.31720430107526881,False,row0_col1,512,372,0,70
3373,2442960,7d13fb8e53e7ca10995faafd,3373,16,27,132,220,395.5625,462.96774193548384,0.2578125,0.40322580645161288,False,row1_col0,512,372,0,70
3374,2443401,7d13fb8e53e7ca10995faafd,3374,9,34,76,276,275.6875,582.79569892473114,0.1484375,0.55376344086021501,False,row1_col0,512,372,0,70
3375,2443852,7d13fb8e53e7ca10995faafd,3375,12,41,100,332,327.0625,702.6236559139785,0.1953125,0.70430107526881724,False,row2_col0,512,372,0,70
3376,2443916,7d13fb8e53e7ca10995faafd,3376,12,42,100,340,327.0625,719.74193548387098,0.1953125,0.72580645161290325,False,row2_col0,512,372,0,70
3377,2445685,7febf4fe97b272661ab00643,3377,53,5,428,44,1039.3828125,72.410526315789468,0.8359375,-0.057894736842105263,True,padding_center,512,380,0,66
3378,2446551,7febf4fe97b272661ab00643,3378,23,19,188,156,520.4765625,314.68421052631578,0.3671875,0.23684210526315788,False,row0_col1,512,380,0,66
3379,2447070,7febf4fe97b272661ab00643,3379,30,27,244,220,641.5546875,453.12631578947367,0.4765625,0.40526315789473683,False,row1_col1,512,380,0,66
3380,2447233,7febf4fe97b272661ab00643,3380,1,30,12,244,139.9453125,505.04210526315791,0.0234375,0.46842105263157896,False,row1_col0,512,380,0,66
3381,2447595,7febf4fe97b272661ab00643,3381,43,35,348,284,866.4140625,591.56842105263161,0.6796875,0.5736842105263158,False,row1_col2,512,380,0,66
3382,2448109,7febf4fe97b272661ab00643,3382,45,43,364,348,901.0078125,730.01052631578943,0.7109375,0.74210526315789471,False,row2_col2,512,380,0,66
3383,2448316,7febf4fe97b272661ab00643,3383,60,46,484,372,1160.4609375,781.92631578947362,0.9453125,0.80526315789473679,False,row2_col2,512,380,0,66
3384,2449378,7febf4fe97b272661ab00643,3384,34,63,276,508,710.7421875,1076.1157894736843,0.5390625,1.1631578947368422,True,padding_center,512,380,0,66
3385,2449756,9eb7c57cc60b7fe25deb2951,3385,28,5,228,44,575.8515625,79.282608695652172,0.4453125,-0.076086956521739135,True,padding_center,512,368,0,72
3386,2451261,9eb7c57cc60b7fe25deb2951,3386,61,28,492,228,1147.6796875,478.28260869565219,0.9609375,0.42391304347826086,False,row1_col2,512,368,0,72
3387,2452265,9eb7c57cc60b7fe25deb2951,3387,41,44,332,356,801.1171875,755.8478260869565,0.6484375,0.77173913043478259,False,row2_col1,512,368,0,72
3388,2452491,9eb7c57cc60b7fe25deb2951,3388,11,48,92,388,281.2734375,825.23913043478262,0.1796875,0.85869565217391308,False,row2_col0,512,368,0,72
3389,2453278,9eb7c57cc60b7fe25deb2951,3389,30,60,244,484,610.5078125,1033.413043478261,0.4765625,1.1195652173913044,True,padding_center,512,368,0,72
3390,2454224,588a545ebe33f98614ef2c62,3390,16,11,132,92,399.109375,190.22916666666669,0.2578125,0.072916666666666671,False,row0_col0,512,384,0,64
3391,2454952,588a545ebe33f98614ef2c62,3391,40,22,324,180,812.359375,379.52083333333331,0.6328125,0.30208333333333331,False,row0_col1,512,384,0,64
3392,2456226,588a545ebe33f98614ef2c62,3392,34,42,276,340,709.046875,723.6875,0.5390625,0.71875,False,row2_col1,512,384,0,64
3393,2456716,588a545ebe33f98614ef2c62,3393,12,50,100,404,330.234375,861.35416666666663,0.1953125,0.88541666666666663,False,row2_col0,512,384,0,64
3394,2456841,588a545ebe33f98614ef2c62,3394,9,52,76,420,278.578125,895.77083333333337,0.1484375,0.92708333333333337,False,row2_col0,512,384,0,64
3395,2456967,588a545ebe33f98614ef2c62,3395,7,54,60,436,244.140625,930.1875,0.1171875,0.96875,False,row2_col0,512,384,0,64
3396,2457961,57c1f270dff8706bef20031f,3396,41,5,332,44,844.765625,83.666666666666671,0.6484375,-0.069892473118279563,True,padding_center,512,372,0,70
3397,2458181,57c1f270dff8706bef20031f,3397,5,9,44,76,220.390625,153,0.0859375,0.016129032258064516,False,row0_col0,512,372,0,70
3398,2461326,57c1f270dff8706bef20031f,3398,14,58,116,468,376.484375,1002.3333333333333,0.2265625,1.0698924731182795,True,padding_center,512,372,0,70
3399,2462559,af9d0070e54aed81fc79e4ef,3399,31,13,252,108,676.8359375,204.85145888594164,0.4921875,0.10875331564986737,False,row0_col1,512,377,0,67
3400,2462740,af9d0070e54aed81fc79e4ef,3400,20,16,164,132,486.2265625,256.86206896551721,0.3203125,0.17241379310344829,False,row0_col0,512,377,0,67
3401,2462746,af9d0070e54aed81fc79e4ef,3401,26,16,212,132,590.1953125,256.86206896551721,0.4140625,0.17241379310344829,False,row0_col1,512,377,0,67
3402,2463682,af9d0070e54aed81fc79e4ef,3402,2,31,20,252,174.3203125,516.91511936339521,0.0390625,0.49071618037135278,False,row1_col0,512,377,0,67
3403,2463918,af9d0070e54aed81fc79e4ef,3403,46,34,372,276,936.7578125,568.92572944297081,0.7265625,0.55437665782493373,False,row1_col2,512,377,0,67
3404,2464232,af9d0070e54aed81fc79e4ef,3404,40,39,324,316,832.7890625,655.61007957559684,0.6328125,0.66047745358090182,False,row1_col1,512,377,0,67
3405,2464998,af9d0070e54aed81fc79e4ef,3405,38,51,308,412,798.1328125,863.65251989389924,0.6015625,0.91511936339522548,False,row2_col1,512,377,0,67
3406,2465282,af9d0070e54aed81fc79e4ef,3406,2,56,20,452,174.3203125,950.33687002652516,0.0390625,1.0212201591511936,True,padding_center,512,377,0,67
3407,2466016,55d9a5ec969dbb3e47e1a2cb,3407,32,3,260,28,687.1484375,44.826086956521735,0.5078125,-0.11956521739130435,True,padding_center,512,368,0,72
3408,2466073,55d9a5ec969dbb3e47e1a2cb,3408,25,4,204,36,566.0703125,62.130434782608688,0.3984375,-0.097826086956521743,True,padding_center,512,368,0,72
3409,2468899,55d9a5ec969dbb3e47e1a2cb,3409,35,48,284,388,739.0390625,823.52173913043487,0.5546875,0.85869565217391308,False,row2_col1,512,368,0,72
3410,2469416,55d9a5ec969dbb3e47e1a2cb,3410,40,56,324,452,825.5234375,961.95652173913038,0.6328125,1.0326086956521738,True,padding_center,512,368,0,72
3411,2469753,55d9a5ec969dbb3e47e1a2cb,3411,57,61,460,492,1119.5703125,1048.478260869565,0.8984375,1.1413043478260869,True,padding_center,512,368,0,72
3412,2470819,e9b79f16d364e3a2fa877ce7,3412,35,14,284,116,729.265625,228.81081081081084,0.5546875,0.12162162162162163,False,row0_col1,512,370,0,71
3413,2471523,e9b79f16d364e3a2fa877ce7,3413,35,25,284,204,729.265625,418.12972972972972,0.5546875,0.35945945945945945,False,row1_col1,512,370,0,71
3414,2471622,e9b79f16d364e3a2fa877ce7,3414,6,27,52,220,229.921875,452.55135135135134,0.1015625,0.4027027027027027,False,row1_col0,512,370,0,71
3415,2472222,e9b79f16d364e3a2fa877ce7,3415,30,36,244,292,643.171875,607.44864864864871,0.4765625,0.5972972972972973,False,row1_col1,512,370,0,71
3416,2472424,e9b79f16d364e3a2fa877ce7,3416,40,39,324,316,815.359375,659.08108108108104,0.6328125,0.66216216216216217,False,row1_col1,512,370,0,71
3417,2474115,6130e546ed79e4d9fee7cb83,3417,3,2,28,20,185.703125,33.292682926829272,0.0546875,-0.13821138211382114,True,padding_center,512,369,0,71
3418,2474417,6130e546ed79e4d9fee7cb83,3418,49,6,396,52,983.515625,102.7560975609756,0.7734375,-0.051490514905149054,True,padding_center,512,369,0,71
3419,2475588,6130e546ed79e4d9fee7cb83,3419,4,25,36,204,203.046875,432.70731707317077,0.0703125,0.36043360433604338,False,row1_col0,512,369,0,71
3420,2475647,6130e546ed79e4d9fee7cb83,3420,63,25,508,204,1226.328125,432.70731707317077,0.9921875,0.36043360433604338,False,row1_col2,512,369,0,71
3421,2476150,6130e546ed79e4d9fee7cb83,3421,54,33,436,268,1070.234375,571.63414634146341,0.8515625,0.53387533875338755,False,row1_col2,512,369,0,71
3422,2476759,6130e546ed79e4d9fee7cb83,3422,23,43,188,348,532.578125,745.29268292682923,0.3671875,0.75067750677506773,False,row2_col1,512,369,0,71
3423,2477251,6130e546ed79e4d9fee7cb83,3423,3,51,28,412,185.703125,884.21951219512198,0.0546875,0.92411924119241196,False,row2_col0,512,369,0,71
3424,2478785,c71b7281815add7bc72e0af6,3424,1,11,12,92,151.828125,184.90000000000001,0.0234375,0.068421052631578952,False,row0_col0,512,380,0,66
3425,2478896,c71b7281815add7bc72e0af6,3425,48,12,388,100,961.109375,202.09999999999999,0.7578125,0.089473684210526316,False,row0_col2,512,380,0,66
3426,2479008,c71b7281815add7bc72e0af6,3426,32,14,260,116,685.609375,236.5,0.5078125,0.13157894736842105,False,row0_col1,512,380,0,66
3427,2479655,c71b7281815add7bc72e0af6,3427,39,24,316,196,806.140625,408.5,0.6171875,0.34210526315789475,False,row1_col1,512,380,0,66
3428,2482302,9c158d10db0dc6399c33ba8d,3428,62,1,500,12,1205.9375,0.39682539682540607,0.9765625,-0.14550264550264549,True,padding_center,512,378,0,67
3429,2482667,9c158d10db0dc6399c33ba8d,3429,43,7,348,60,875.8125,104.77777777777777,0.6796875,-0.018518518518518517,True,padding_center,512,378,0,67
3430,2483413,9c158d10db0dc6399c33ba8d,3430,21,19,172,156,493.5625,313.53968253968253,0.3359375,0.23544973544973544,False,row0_col1,512,378,0,67
3431,2483462,9c158d10db0dc6399c33ba8d,3431,6,20,52,164,232.9375,330.93650793650795,0.1015625,0.25661375661375663,False,row0_col0,512,378,0,67
3432,2483551,9c158d10db0dc6399c33ba8d,3432,31,21,252,172,667.3125,348.33333333333337,0.4921875,0.27777777777777779,False,row0_col1,512,378,0,67
3433,2484855,9c158d10db0dc6399c33ba8d,3433,55,41,444,332,1084.3125,696.26984126984121,0.8671875,0.70105820105820105,False,row2_col2,512,378,0,67
3434,2485291,9c158d10db0dc6399c33ba8d,3434,43,48,348,388,875.8125,818.04761904761904,0.6796875,0.84920634920634919,False,row2_col2,512,378,0,67
3435,2485713,9c158d10db0dc6399c33ba8d,3435,17,55,140,444,424.0625,939.82539682539675,0.2734375,0.99735449735449733,False,row2_col0,512,378,0,67
3436,2486801,7eb05126c9c43d9121df3acb,3436,17,8,140,68,397.6953125,149,0.2734375,0,False,row0_col0,512,376,0,68
3437,2486874,7eb05126c9c43d9121df3acb,3437,26,9,212,76,553.3671875,166.29787234042553,0.4140625,0.021276595744680851,False,row0_col1,512,376,0,68
3438,2487106,7eb05126c9c43d9121df3acb,3438,2,13,20,108,138.2421875,235.48936170212767,0.0390625,0.10638297872340426,False,row0_col0,512,376,0,68
3439,2487604,7eb05126c9c43d9121df3acb,3439,52,20,420,164,1003.0859375,356.57446808510633,0.8203125,0.25531914893617019,False,row0_col2,512,376,0,68
3440,2488963,7eb05126c9c43d9121df3acb,3440,3,42,28,340,155.5390625,737.12765957446811,0.0546875,0.72340425531914898,False,row2_col0,512,376,0,68
3441,2489223,7eb05126c9c43d9121df3acb,3441,7,46,60,372,224.7265625,806.31914893617022,0.1171875,0.80851063829787229,False,row2_col0,512,376,0,68
3442,2489996,7eb05126c9c43d9121df3acb,3442,12,58,100,468,311.2109375,1013.8936170212766,0.1953125,1.0638297872340425,True,padding_center,512,376,0,68
3443,2490680,a184ab3d7b4df361792c7188,3443,56,4,452,36,1109.6875,66.134770889487868,0.8828125,-0.091644204851752023,True,padding_center,512,371,0,70
3444,2490898,a184ab3d7b4df361792c7188,3444,18,8,148,68,449.4375,135.65498652291106,0.2890625,-0.0053908355795148251,True,padding_center,512,371,0,70
3445,2492893,a184ab3d7b4df361792c7188,3445,29,39,236,316,640.5625,674.43665768194069,0.4609375,0.66307277628032346,False,row1_col1,512,371,0,70
3446,2493272,a184ab3d7b4df361792c7188,3446,24,45,196,364,553.6875,778.71698113207549,0.3828125,0.79245283018867929,False,row2_col1,512,371,0,70
3447,2493779,a184ab3d7b4df361792c7188,3447,19,53,156,428,466.8125,917.75741239892193,0.3046875,0.96495956873315369,False,row2_col0,512,371,0,70
3448,2495212,3ecdc9847f50f75edffcb18b,3448,44,11,356,92,879.234375,187.1783783783784,0.6953125,0.05675675675675676,False,row0_col2,512,370,0,71
3449,2495593,3ecdc9847f50f75edffcb18b,3449,41,17,332,140,827.578125,290.44324324324327,0.6484375,0.1864864864864865,False,row0_col1,512,370,0,71
3450,2495703,3ecdc9847f50f75edffcb18b,3450,23,19,188,156,517.640625,324.8648648648649,0.3671875,0.22972972972972974,False,row0_col1,512,370,0,71
3451,2495797,3ecdc9847f50f75edffcb18b,3451,53,20,428,164,1034.203125,342.07567567567565,0.8359375,0.25135135135135134,False,row0_col2,512,370,0,71
3452,2498353,3ecdc9847f50f75edffcb18b,3452,49,60,396,484,965.328125,1030.508108108108,0.7734375,1.1162162162162161,True,padding_center,512,370,0,71
3453,2498879,ba9db5a3245e9a9afea5743b,3453,63,4,508,36,1200.390625,49.882352941176464,0.9921875,-0.088235294117647065,True,padding_center,512,374,0,69
3454,2499670,ba9db5a3245e9a9afea5743b,3454,22,17,180,140,494.421875,274.01069518716577,0.3515625,0.18983957219251338,False,row0_col1,512,374,0,69
3455,2500985,ba9db5a3245e9a9afea5743b,3455,57,37,460,300,1097.078125,618.82352941176475,0.8984375,0.61764705882352944,False,row1_col2,512,374,0,69
3456,2501134,ba9db5a3245e9a9afea5743b,3456,14,40,116,324,356.671875,670.5454545454545,0.2265625,0.68181818181818177,False,row2_col0,512,374,0,69
3457,2502845,6e40a5c5b295ccc3dce76395,3457,61,2,492,20,1182.796875,27.521739130434796,0.9609375,-0.14130434782608695,True,padding_center,512,368,0,72
3458,2502996,6e40a5c5b295ccc3dce76395,3458,20,5,164,44,474.265625,79.434782608695656,0.3203125,-0.076086956521739135,True,padding_center,512,368,0,72
3459,2503281,6e40a5c5b295ccc3dce76395,3459,49,9,396,76,975.421875,148.65217391304347,0.7734375,0.010869565217391304,False,row0_col2,512,368,0,72
3460,2503538,6e40a5c5b295ccc3dce76395,3460,50,13,404,108,992.703125,217.86956521739131,0.7890625,0.097826086956521743,False,row0_col2,512,368,0,72
3461,2503630,6e40a5c5b295ccc3dce76395,3461,14,15,116,124,370.578125,252.47826086956519,0.2265625,0.14130434782608695,False,row0_col0,512,368,0,72
3462,2504378,6e40a5c5b295ccc3dce76395,3462,58,26,468,212,1130.953125,442.82608695652175,0.9140625,0.38043478260869568,False,row1_col2,512,368,0,72
3463,2504895,6e40a5c5b295ccc3dce76395,3463,63,34,508,276,1217.359375,581.26086956521749,0.9921875,0.55434782608695654,False,row1_col2,512,368,0,72
3464,2505186,6e40a5c5b295ccc3dce76395,3464,34,39,276,316,716.203125,667.78260869565213,0.5390625,0.66304347826086951,False,row1_col1,512,368,0,72
3465,2506678,6e40a5c5b295ccc3dce76395,3465,54,62,436,500,1061.828125,1065.7826086956522,0.8515625,1.1630434782608696,True,padding_center,512,368,0,72
3466,2507405,25186f0fe5a6a8eb590010cb,3466,13,10,108,84,347.5078125,177.80327868852459,0.2109375,0.030054644808743168,False,row0_col0,512,366,0,73
3467,2507585,25186f0fe5a6a8eb590010cb,3467,1,13,12,108,139.9453125,229.73770491803279,0.0234375,0.095628415300546443,False,row0_col0,512,366,0,73
3468,2507609,25186f0fe5a6a8eb590010cb,3468,25,13,204,108,555.0703125,229.73770491803279,0.3984375,0.095628415300546443,False,row0_col1,512,366,0,73
3469,2507942,25186f0fe5a6a8eb590010cb,3469,38,18,308,148,779.9296875,316.29508196721315,0.6015625,0.20491803278688525,False,row0_col1,512,366,0,73
3470,2508716,25186f0fe5a6a8eb590010cb,3470,44,30,356,244,883.7109375,524.03278688524597,0.6953125,0.46721311475409838,False,row1_col2,512,366,0,73
3471,2509106,25186f0fe5a6a8eb590010cb,3471,50,36,404,292,987.4921875,627.90163934426232,0.7890625,0.59836065573770492,False,row1_col2,512,366,0,73
3472,2509993,25186f0fe5a6a8eb590010cb,3472,41,50,332,404,831.8203125,870.26229508196718,0.6484375,0.90437158469945356,False,row2_col1,512,366,0,73
3473,2510009,25186f0fe5a6a8eb590010cb,3473,57,50,460,404,1108.5703125,870.26229508196718,0.8984375,0.90437158469945356,False,row2_col2,512,366,0,73
3474,2511755,51c32ff783d3d94292851b8f,3474,11,14,92,116,316.015625,234.40425531914894,0.1796875,0.1276595744680851,False,row0_col0,512,376,0,68
3475,2512694,51c32ff783d3d94292851b8f,3475,54,28,436,228,1056.421875,475.68085106382978,0.8515625,0.42553191489361702,False,row1_col2,512,376,0,68
3476,2513310,51c32ff783d3d94292851b8f,3476,30,38,244,308,643.171875,648.02127659574467,0.4765625,0.63829787234042556,False,row1_col1,512,376,0,68
3477,2513360,51c32ff783d3d94292851b8f,3477,16,39,132,316,402.109375,665.25531914893611,0.2578125,0.65957446808510634,False,row1_col0,512,376,0,68
3478,2513373,51c32ff783d3d94292851b8f,3478,29,39,236,316,625.953125,665.25531914893611,0.4609375,0.65957446808510634,False,row1_col1,512,376,0,68
3479,2514035,51c32ff783d3d94292851b8f,3479,51,49,412,396,1004.765625,837.59574468085111,0.8046875,0.87234042553191493,False,row2_col2,512,376,0,68
3480,2514384,51c32ff783d3d94292851b8f,3480,16,55,132,444,402.109375,941,0.2578125,1,True,padding_center,512,376,0,68
3481,2515239,a4a1ff5a510d9f0f6ff44d92,3481,39,4,316,36,844.2265625,56.997354497354507,0.6171875,-0.082010582010582006,True,padding_center,512,378,0,67
3482,2515511,a4a1ff5a510d9f0f6ff44d92,3482,55,8,444,68,1120.9765625,126.16137566137566,0.8671875,0.0026455026455026454,False,row0_col2,512,378,0,67
3483,2515956,a4a1ff5a510d9f0f6ff44d92,3483,52,15,420,124,1069.0859375,247.19841269841271,0.8203125,0.15079365079365079,False,row0_col2,512,378,0,67
3484,2516069,a4a1ff5a510d9f0f6ff44d92,3484,37,17,300,140,809.6328125,281.78042328042329,0.5859375,0.19312169312169311,False,row0_col1,512,378,0,67
3485,2516421,a4a1ff5a510d9f0f6ff44d92,3485,5,23,44,188,256.1328125,385.52645502645504,0.0859375,0.32010582010582012,False,row0_col0,512,378,0,67
3486,2517538,a4a1ff5a510d9f0f6ff44d92,3486,34,40,276,324,757.7421875,679.47354497354502,0.5390625,0.67989417989417988,False,row2_col1,512,378,0,67
3487,2517798,a4a1ff5a510d9f0f6ff44d92,3487,38,44,308,356,826.9296875,748.63756613756618,0.6015625,0.76455026455026454,False,row2_col1,512,378,0,67
3488,2517810,a4a1ff5a510d9f0f6ff44d92,3488,50,44,404,356,1034.4921875,748.63756613756618,0.7890625,0.76455026455026454,False,row2_col2,512,378,0,67
3489,2518468,a4a1ff5a510d9f0f6ff44d92,3489,4,55,36,444,238.8359375,938.8386243386243,0.0703125,0.99735449735449733,False,row2_col0,512,378,0,67
3490,2518610,a4a1ff5a510d9f0f6ff44d92,3490,18,57,148,460,480.9921875,973.42063492063494,0.2890625,1.0396825396825398,True,padding_center,512,378,0,67
3491,2519276,c8ee69c5118846a9c6b2bd2e,3491,44,3,356,28,911.5390625,39.206896551724142,0.6953125,-0.10344827586206896,True,padding_center,512,377,0,67
3492,2519499,c8ee69c5118846a9c6b2bd2e,3492,11,7,92,60,343.8359375,107.96021220159152,0.1796875,-0.018567639257294429,True,padding_center,512,377,0,67
3493,2520454,c8ee69c5118846a9c6b2bd2e,3493,6,22,52,180,257.8203125,365.78514588859412,0.1015625,0.29973474801061006,False,row0_col0,512,377,0,67
3494,2520655,c8ee69c5118846a9c6b2bd2e,3494,15,25,124,204,412.6484375,417.35013262599472,0.2421875,0.36339522546419101,False,row1_col0,512,377,0,67
3495,2520836,c8ee69c5118846a9c6b2bd2e,3495,4,28,36,228,223.4140625,468.91511936339526,0.0703125,0.4270557029177719,False,row1_col0,512,377,0,67
3496,2521013,c8ee69c5118846a9c6b2bd2e,3496,53,30,428,244,1066.3671875,503.29177718832892,0.8359375,0.46949602122015915,False,row1_col2,512,377,0,67
3497,2522186,c8ee69c5118846a9c6b2bd2e,3497,10,49,84,396,326.6328125,829.87002652519891,0.1640625,0.87267904509283822,False,row2_col0,512,377,0,67
3498,2522309,c8ee69c5118846a9c6b2bd2e,3498,5,51,44,412,240.6171875,864.24668435013268,0.0859375,0.91511936339522548,False,row2_col0,512,377,0,67
3499,2522901,c8ee69c5118846a9c6b2bd2e,3499,21,60,172,484,515.8671875,1018.9416445623342,0.3359375,1.1061007957559681,True,padding_center,512,377,0,67
3500,2523057,c8ee69c5118846a9c6b2bd2e,3500,49,62,396,500,997.5546875,1053.318302387268,0.7734375,1.1485411140583555,True,padding_center,512,377,0,67
3501,2523903,b63e42826d3c50ac6f3ed58b,3501,63,11,508,92,1197.390625,194.37096774193549,0.9921875,0.059139784946236562,False,row0_col2,512,372,0,70
3502,2524727,b63e42826d3c50ac6f3ed58b,3502,55,24,444,196,1059.640625,418.30645161290323,0.8671875,0.33870967741935482,False,row1_col2,512,372,0,70
3503,2525004,b63e42826d3c50ac6f3ed58b,3503,12,29,100,236,319.234375,504.43548387096774,0.1953125,0.44623655913978494,False,row1_col0,512,372,0,70
3504,2526657,b63e42826d3c50ac6f3ed58b,3504,1,55,12,444,129.828125,952.30645161290317,0.0234375,1.0053763440860215,True,padding_center,512,372,0,70
3505,2526702,b63e42826d3c50ac6f3ed58b,3505,46,55,372,444,904.671875,952.30645161290317,0.7265625,1.0053763440860215,True,padding_center,512,372,0,70
3506,2526866,b63e42826d3c50ac6f3ed58b,3506,18,58,148,468,422.546875,1003.9838709677418,0.2890625,1.0698924731182795,True,padding_center,512,372,0,70
3507,2527282,5b1f5c81c875f06122031a4b,3507,50,0,404,4,987.0703125,-11,0.7890625,-0.17741935483870969,True,padding_center,512,372,0,70
3508,2527334,5b1f5c81c875f06122031a4b,3508,38,1,308,12,779.1328125,6.3333333333333286,0.6015625,-0.15591397849462366,True,padding_center,512,372,0,70
3509,2528557,5b1f5c81c875f06122031a4b,3509,45,20,364,164,900.4296875,335.66666666666663,0.7109375,0.25268817204301075,False,row0_col2,512,372,0,70
3510,2528845,5b1f5c81c875f06122031a4b,3510,13,25,108,204,345.9296875,422.33333333333337,0.2109375,0.36021505376344087,False,row1_col0,512,372,0,70
3511,2529856,5b1f5c81c875f06122031a4b,3511,0,41,4,332,120.6640625,699.66666666666674,0.0078125,0.70430107526881724,False,row2_col0,512,372,0,70
3512,2530614,5b1f5c81c875f06122031a4b,3512,54,52,436,420,1056.3828125,890.33333333333337,0.8515625,0.94086021505376349,False,row2_col2,512,372,0,70
3513,2531289,5b1f5c81c875f06122031a4b,3513,25,63,204,508,553.8671875,1081,0.3984375,1.1774193548387097,True,padding_center,512,372,0,70
3514,2531646,129602615670ca169c5d2adf,3514,62,4,500,36,1154.0078125,64.424731182795696,0.9765625,-0.091397849462365593,True,padding_center,512,372,0,70
3515,2532686,129602615670ca169c5d2adf,3515,14,21,116,172,322.2578125,358.72580645161293,0.2265625,0.27419354838709675,False,row0_col0,512,372,0,70
3516,2533474,129602615670ca169c5d2adf,3516,34,33,276,268,668.8203125,566.4677419354839,0.5390625,0.532258064516129,False,row1_col1,512,372,0,70
3517,2533972,129602615670ca169c5d2adf,3517,20,41,164,332,426.2265625,704.96236559139788,0.3203125,0.70430107526881724,False,row2_col0,512,372,0,70
3518,2534699,129602615670ca169c5d2adf,3518,43,52,348,420,824.7734375,895.39247311827967,0.6796875,0.94086021505376349,False,row2_col2,512,372,0,70
3519,2535117,129602615670ca169c5d2adf,3519,13,59,108,476,304.9296875,1016.5752688172042,0.2109375,1.0913978494623655,True,padding_center,512,372,0,70
3520,2535734,de19dbe16ab3f3ee599806c3,3520,54,4,436,36,1050.7890625,60.587301587301596,0.8515625,-0.082010582010582006,True,padding_center,512,378,0,67
3521,2536631,de19dbe16ab3f3ee599806c3,3521,55,18,444,148,1068.1796875,304.14285714285711,0.8671875,0.21428571428571427,False,row0_col2,512,378,0,67
3522,2538266,de19dbe16ab3f3ee599806c3,3522,26,44,212,356,563.8515625,756.46031746031747,0.4140625,0.76455026455026454,False,row2_col1,512,378,0,67
3523,2538852,de19dbe16ab3f3ee599806c3,3523,36,53,292,428,737.7578125,913.03174603174602,0.5703125,0.955026455026455,False,row2_col1,512,378,0,67
3524,2539147,de19dbe16ab3f3ee599806c3,3524,11,58,92,468,302.9921875,1000.0158730158731,0.1796875,1.0608465608465609,True,padding_center,512,378,0,67
3525,2539374,de19dbe16ab3f3ee599806c3,3525,46,61,372,492,911.6640625,1052.2063492063494,0.7265625,1.1243386243386244,True,padding_center,512,378,0,67
3526,2539758,8bf8afec70e5fbe4d7956c1a,3526,46,3,372,28,959.75,34.516393442622956,0.7265625,-0.12295081967213115,True,padding_center,512,366,0,73
3527,2541014,8bf8afec70e5fbe4d7956c1a,3527,22,23,180,188,539.75,384.68032786885249,0.3515625,0.31420765027322406,False,row0_col1,512,366,0,73
3528,2541745,8bf8afec70e5fbe4d7956c1a,3528,49,34,396,276,1012.25,577.27049180327867,0.7734375,0.55464480874316935,False,row1_col2,512,366,0,73
3529,2543853,eaebcbae772a8146aa9919c7,3529,45,3,364,28,885.0078125,51.510638297872333,0.7109375,-0.10638297872340426,True,padding_center,512,376,0,68
3530,2545396,eaebcbae772a8146aa9919c7,3530,52,27,420,220,1006.0859375,466.65957446808511,0.8203125,0.40425531914893614,False,row1_col2,512,376,0,68
3531,2545989,eaebcbae772a8146aa9919c7,3531,5,37,44,300,193.1328125,639.63829787234044,0.0859375,0.61702127659574468,False,row1_col0,512,376,0,68
3532,2546257,eaebcbae772a8146aa9919c7,3532,17,41,140,332,400.6953125,708.82978723404256,0.2734375,0.7021276595744681,False,row2_col0,512,376,0,68
3533,2546410,eaebcbae772a8146aa9919c7,3533,42,43,340,348,833.1171875,743.42553191489355,0.6640625,0.74468085106382975,False,row2_col1,512,376,0,68
3534,2546812,eaebcbae772a8146aa9919c7,3534,60,49,484,396,1144.4609375,847.21276595744689,0.9453125,0.87234042553191493,False,row2_col2,512,376,0,68
3535,2546865,eaebcbae772a8146aa9919c7,3535,49,50,396,404,954.1953125,864.51063829787233,0.7734375,0.8936170212765957,False,row2_col2,512,376,0,68
3536,2546958,eaebcbae772a8146aa9919c7,3536,14,52,116,420,348.8046875,899.10638297872345,0.2265625,0.93617021276595747,False,row2_col0,512,376,0,68
3537,2547313,eaebcbae772a8146aa9919c7,3537,49,57,396,460,954.1953125,985.59574468085111,0.7734375,1.0425531914893618,True,padding_center,512,376,0,68
3538,2547369,eaebcbae772a8146aa9919c7,3538,41,58,332,468,815.8203125,1002.8936170212766,0.6484375,1.0638297872340425,True,padding_center,512,376,0,68
3539,2547664,eaebcbae772a8146aa9919c7,3539,16,63,132,508,383.3984375,1089.3829787234042,0.2578125,1.1702127659574468,True,padding_center,512,376,0,68
3540,2548329,b672bab83cdd2e2fd3e3b92b,3540,41,9,332,76,842.8203125,134.78534031413614,0.6484375,0.028795811518324606,False,row0_col1,512,382,0,65
3541,2550215,b672bab83cdd2e2fd3e3b92b,3541,7,39,60,316,254.7265625,653.73821989528801,0.1171875,0.65706806282722519,False,row1_col0,512,382,0,65
3542,2551467,b672bab83cdd2e2fd3e3b92b,3542,43,58,348,468,877.4140625,982.40837696335086,0.6796875,1.0549738219895288,True,padding_center,512,382,0,65
3543,2552746,d51f5564f4e76c5f59463abb,3543,42,14,340,116,866.4375,225.07291666666666,0.6640625,0.13541666666666666,False,row0_col1,512,384,0,64
3544,2553283,d51f5564f4e76c5f59463abb,3544,3,23,28,188,188.8125,381.63541666666669,0.0546875,0.32291666666666669,False,row0_col0,512,384,0,64
3545,2554188,d51f5564f4e76c5f59463abb,3545,12,37,100,300,345.1875,625.17708333333337,0.1953125,0.61458333333333337,False,row1_col0,512,384,0,64
3546,2554269,d51f5564f4e76c5f59463abb,3546,29,38,236,308,640.5625,642.57291666666663,0.4609375,0.63541666666666663,False,row1_col1,512,384,0,64
3547,2554713,d51f5564f4e76c5f59463abb,3547,25,45,204,364,571.0625,764.34375,0.3984375,0.78125,False,row2_col1,512,384,0,64
3548,2555170,d51f5564f4e76c5f59463abb,3548,34,52,276,420,727.4375,886.11458333333337,0.5390625,0.92708333333333337,False,row2_col1,512,384,0,64
3549,2556338,2f3e9ad50350b43cdcf05159,3549,50,6,404,52,949.4921875,93.746701846965692,0.7890625,-0.036939313984168866,True,padding_center,512,379,0,66
3550,2556416,2f3e9ad50350b43cdcf05159,3550,0,8,4,68,84.6484375,128.32189973614777,0.0078125,0.0052770448548812663,False,row0_col0,512,379,0,66
3551,2558033,2f3e9ad50350b43cdcf05159,3551,17,33,140,268,378.6953125,560.51187335092345,0.2734375,0.53298153034300788,False,row1_col0,512,379,0,66
3552,2560532,9f327dfc03f3e723c3265429,3552,20,8,164,68,492.984375,119.60416666666667,0.3203125,0.010416666666666666,False,row0_col0,512,384,0,64
3553,2560598,9f327dfc03f3e723c3265429,3553,22,9,180,76,527.421875,136.8125,0.3515625,0.03125,False,row0_col1,512,384,0,64
3554,2560744,9f327dfc03f3e723c3265429,3554,40,11,324,92,837.359375,171.22916666666669,0.6328125,0.072916666666666671,False,row0_col1,512,384,0,64
3555,2561268,9f327dfc03f3e723c3265429,3555,52,19,420,156,1043.984375,308.89583333333337,0.8203125,0.23958333333333334,False,row0_col2,512,384,0,64
3556,2561361,9f327dfc03f3e723c3265429,3556,17,21,140,172,441.328125,343.3125,0.2734375,0.28125,False,row0_col0,512,384,0,64
3557,2563190,9f327dfc03f3e723c3265429,3557,54,49,436,396,1078.421875,825.14583333333337,0.8515625,0.86458333333333337,False,row2_col2,512,384,0,64
3558,2563675,9f327dfc03f3e723c3265429,3558,27,57,220,460,613.515625,962.8125,0.4296875,1.03125,True,padding_center,512,384,0,64
3559,2564454,a96e8fbb128dc3f4ea56a755,3559,38,5,308,44,750.921875,78.470899470899468,0.6015625,-0.060846560846560843,True,padding_center,512,378,0,67
3560,2565839,a96e8fbb128dc3f4ea56a755,3560,15,27,124,220,354.890625,457.47619047619048,0.2421875,0.40476190476190477,False,row1_col0,512,378,0,67
3561,2565877,a96e8fbb128dc3f4ea56a755,3561,53,27,428,220,1009.203125,457.47619047619048,0.8359375,0.40476190476190477,False,row1_col2,512,378,0,67
3562,2566601,a96e8fbb128dc3f4ea56a755,3562,9,39,76,316,251.578125,664.20634920634916,0.1484375,0.65873015873015872,False,row1_col0,512,378,0,67
3563,2567204,a96e8fbb128dc3f4ea56a755,3563,36,48,292,388,716.484375,819.2539682539682,0.5703125,0.84920634920634919,False,row2_col1,512,378,0,67
3564,2567329,a96e8fbb128dc3f4ea56a755,3564,33,50,268,404,664.828125,853.70899470899474,0.5234375,0.89153439153439151,False,row2_col1,512,378,0,67
3565,2567867,a96e8fbb128dc3f4ea56a755,3565,59,58,476,468,1112.515625,991.52910052910056,0.9296875,1.0608465608465609,True,padding_center,512,378,0,67
3566,2568139,a96e8fbb128dc3f4ea56a755,3566,11,63,92,508,286.015625,1077.6666666666667,0.1796875,1.1666666666666667,True,padding_center,512,378,0,67
3567,2569374,ca518dedba290221845d80f3,3567,30,18,244,148,628.078125,296.39130434782612,0.4765625,0.20652173913043478,False,row0_col1,512,368,0,72
3568,2578130,7d6050d5579cb6deb88d8cf8,3568,18,27,148,220,414.4375,466.2433155080214,0.2890625,0.40374331550802139,False,row1_col0,512,374,0,69
3569,2578698,7d6050d5579cb6deb88d8cf8,3569,10,36,84,292,275.4375,622.7566844919786,0.1640625,0.59625668449197866,False,row1_col0,512,374,0,69
3570,2578961,7d6050d5579cb6deb88d8cf8,3570,17,40,140,324,397.0625,692.31818181818176,0.2734375,0.68181818181818177,False,row2_col0,512,374,0,69
3571,2579430,7d6050d5579cb6deb88d8cf8,3571,38,47,308,380,761.9375,814.05080213903739,0.6015625,0.83155080213903743,False,row2_col1,512,374,0,69
3572,2579870,7d6050d5579cb6deb88d8cf8,3572,30,54,244,436,622.9375,935.78342245989313,0.4765625,0.98128342245989308,False,row2_col1,512,374,0,69
3573,2581624,05f41bd57337a78242d25d3e,3573,56,17,452,140,1091.2734375,289.36910994764401,0.8828125,0.19633507853403143,False,row0_col2,512,382,0,65
3574,2583402,05f41bd57337a78242d25d3e,3574,42,45,340,364,849.1171875,774.31151832460728,0.6640625,0.7827225130890052,False,row2_col1,512,382,0,65
3575,2584231,05f41bd57337a78242d25d3e,3575,39,58,316,468,797.2265625,999.46335078534037,0.6171875,1.0549738219895288,True,padding_center,512,382,0,65
3576,2585295,78320b73d7e5345b4fe8afe9,3576,15,11,124,92,350.5859375,191.17771883289126,0.2421875,0.066312997347480113,False,row0_col0,512,377,0,67
3577,2585809,78320b73d7e5345b4fe8afe9,3577,17,19,140,156,385.2421875,329.87267904509281,0.2734375,0.23607427055702918,False,row0_col0,512,377,0,67
3578,2586699,78320b73d7e5345b4fe8afe9,3578,11,33,92,268,281.2734375,572.58885941644553,0.1796875,0.53315649867374004,False,row1_col0,512,377,0,67
3579,2586851,78320b73d7e5345b4fe8afe9,3579,35,35,284,284,697.1484375,607.26259946949608,0.5546875,0.5755968169761273,False,row1_col1,512,377,0,67
3580,2587334,78320b73d7e5345b4fe8afe9,3580,6,43,52,348,194.6328125,745.9575596816976,0.1015625,0.74535809018567645,False,row2_col0,512,377,0,67
3581,2588048,78320b73d7e5345b4fe8afe9,3581,16,54,132,436,367.9140625,936.66312997347472,0.2578125,0.97877984084880632,False,row2_col0,512,377,0,67
3582,2588051,78320b73d7e5345b4fe8afe9,3582,19,54,156,436,419.8984375,936.66312997347472,0.3046875,0.97877984084880632,False,row2_col0,512,377,0,67
3583,2588150,78320b73d7e5345b4fe8afe9,3583,54,55,436,444,1026.3828125,954,0.8515625,1,True,padding_center,512,377,0,67
3584,2588752,d0b31ef595869ea82b00c98a,3584,16,1,132,12,427.109375,18.900000000000006,0.2578125,-0.14210526315789473,True,padding_center,512,380,0,66
3585,2589840,d0b31ef595869ea82b00c98a,3585,16,18,132,148,427.109375,311.30000000000001,0.2578125,0.21578947368421053,False,row0_col0,512,380,0,66
3586,2589984,d0b31ef595869ea82b00c98a,3586,32,20,260,164,702.609375,345.70000000000005,0.5078125,0.25789473684210529,False,row0_col1,512,380,0,66
3587,2592234,d0b31ef595869ea82b00c98a,3587,42,55,340,444,874.796875,947.69999999999993,0.6640625,0.99473684210526314,False,row2_col1,512,380,0,66
3588,2594306,0a002938726018c2f380fd7f,3588,2,24,20,196,137.0078125,400.91891891891891,0.0390625,0.33783783783783783,False,row1_col0,512,370,0,71
3589,2595554,0a002938726018c2f380fd7f,3589,34,43,276,348,687.5078125,727.92432432432429,0.5390625,0.74864864864864866,False,row2_col1,512,370,0,71
3590,2597013,3f8c7ad9849e7d9320a48378,3590,21,2,172,20,448.5546875,17.591891891891891,0.3359375,-0.13783783783783785,True,padding_center,512,370,0,71
3591,2597690,3f8c7ad9849e7d9320a48378,3591,58,12,468,100,1089.6953125,190.78108108108108,0.9140625,0.078378378378378383,False,row0_col2,512,370,0,71
3592,2598663,3f8c7ad9849e7d9320a48378,3592,7,28,60,228,205.9609375,467.88378378378377,0.1171875,0.42432432432432432,False,row1_col0,512,370,0,71
3593,2599108,3f8c7ad9849e7d9320a48378,3593,4,35,36,284,153.9765625,589.11621621621623,0.0703125,0.57567567567567568,False,row1_col0,512,370,0,71
3594,2599307,3f8c7ad9849e7d9320a48378,3594,11,38,92,308,275.2734375,641.07297297297293,0.1796875,0.64054054054054055,False,row1_col0,512,370,0,71
3595,2600596,3f8c7ad9849e7d9320a48378,3595,20,58,164,468,431.2265625,987.45135135135126,0.3203125,1.0729729729729729,True,padding_center,512,370,0,71
3596,2600782,3f8c7ad9849e7d9320a48378,3596,14,61,116,492,327.2578125,1039.4081081081081,0.2265625,1.1378378378378378,True,padding_center,512,370,0,71
3597,2601108,4b2633be99f67ebb463d227e,3597,20,2,164,20,443.984375,27.281081081081069,0.3203125,-0.13783783783783785,True,padding_center,512,370,0,71
3598,2601135,4b2633be99f67ebb463d227e,3598,47,2,380,20,908.890625,27.281081081081069,0.7421875,-0.13783783783783785,True,padding_center,512,370,0,71
3599,2601706,4b2633be99f67ebb463d227e,3599,42,11,340,92,822.796875,182.1783783783784,0.6640625,0.05675675675675676,False,row0_col1,512,370,0,71
3600,2603929,4b2633be99f67ebb463d227e,3600,25,46,204,372,530.078125,784.55675675675673,0.3984375,0.81351351351351353,False,row2_col1,512,370,0,71
3601,2604997,4b2633be99f67ebb463d227e,3601,5,63,44,508,185.703125,1077.1405405405403,0.0859375,1.181081081081081,True,padding_center,512,370,0,71
3602,2605769,419d4372c4c0bfbddc5d5b65,3602,9,11,76,92,284.578125,180.70212765957447,0.1484375,0.063829787234042548,False,row0_col0,512,376,0,68
3603,2606502,419d4372c4c0bfbddc5d5b65,3603,38,22,308,180,783.921875,370.27659574468083,0.6015625,0.2978723404255319,False,row0_col1,512,376,0,68
3604,2606946,419d4372c4c0bfbddc5d5b65,3604,34,29,276,236,715.046875,490.91489361702128,0.5390625,0.44680851063829785,False,row1_col1,512,376,0,68
3605,2607077,419d4372c4c0bfbddc5d5b65,3605,37,31,300,252,766.703125,525.38297872340422,0.5859375,0.48936170212765956,False,row1_col1,512,376,0,68
3606,2607717,419d4372c4c0bfbddc5d5b65,3606,37,41,300,332,766.703125,697.72340425531911,0.5859375,0.7021276595744681,False,row2_col1,512,376,0,68
3607,2608388,419d4372c4c0bfbddc5d5b65,3607,4,52,36,420,198.484375,887.29787234042556,0.0703125,0.93617021276595747,False,row2_col0,512,376,0,68
3608,2609934,54f228b2ef6b12f663053845,3608,14,12,116,100,361.9921875,202.0392670157068,0.2265625,0.091623036649214659,False,row0_col0,512,382,0,65
3609,2610167,54f228b2ef6b12f663053845,3609,55,15,444,124,1066.0390625,253.49476439790575,0.8671875,0.15445026178010471,False,row0_col2,512,382,0,65
3610,2611996,54f228b2ef6b12f663053845,3610,28,44,228,356,602.3984375,750.89790575916231,0.4453125,0.76178010471204194,False,row2_col1,512,382,0,65
3611,2613479,8a106526a24206c71ac97fc4,3611,39,3,316,28,762.5234375,46.751336898395721,0.6171875,-0.10962566844919786,True,padding_center,512,374,0,69
3612,2614050,8a106526a24206c71ac97fc4,3612,34,12,276,100,676.5078125,201.72459893048128,0.5390625,0.082887700534759357,False,row0_col1,512,374,0,69
3613,2614721,8a106526a24206c71ac97fc4,3613,1,23,12,188,108.8046875,391.13636363636363,0.0234375,0.31818181818181818,False,row0_col0,512,374,0,69
3614,2615493,8a106526a24206c71ac97fc4,3614,5,35,44,284,177.6171875,597.76737967914437,0.0859375,0.57486631016042777,False,row1_col0,512,374,0,69
3615,2615902,8a106526a24206c71ac97fc4,3615,30,41,244,332,607.6953125,701.0828877005348,0.4765625,0.70320855614973266,False,row2_col1,512,374,0,69
3616,2617204,8a106526a24206c71ac97fc4,3616,52,61,420,492,986.1640625,1045.4679144385027,0.8203125,1.1310160427807487,True,padding_center,512,374,0,69
3617,2618756,d76501c670a10ab364d9061e,3617,4,22,36,180,171.4140625,371.20472440944877,0.0703125,0.30183727034120733,False,row0_col0,512,381,0,65
3618,2621047,d76501c670a10ab364d9061e,3618,55,57,444,460,1048.7734375,973.09448818897647,0.8671875,1.0367454068241471,True,padding_center,512,381,0,65
3619,2621385,d76501c670a10ab364d9061e,3619,9,63,76,508,257.4296875,1076.2755905511813,0.1484375,1.162729658792651,True,padding_center,512,381,0,65
3620,2622259,2ee1148cf2bfb979a3c11be3,3620,51,12,412,100,992.8125,187.95121951219511,0.8046875,0.078590785907859076,False,row0_col2,512,369,0,71
3621,2622383,2ee1148cf2bfb979a3c11be3,3621,47,14,380,116,923.3125,222.6829268292683,0.7421875,0.12195121951219512,False,row0_col2,512,369,0,71
3622,2623001,2ee1148cf2bfb979a3c11be3,3622,25,24,204,196,541.0625,396.34146341463418,0.3984375,0.33875338753387535,False,row1_col1,512,369,0,71
3623,2625523,2ee1148cf2bfb979a3c11be3,3623,51,63,412,508,992.8125,1073.6097560975609,0.8046875,1.1842818428184281,True,padding_center,512,369,0,71
3624,2625798,82da62713a0e4c22cbd7efd6,3624,6,4,52,36,213.328125,59.59299191374663,0.1015625,-0.091644204851752023,True,padding_center,512,371,0,70
3625,2626032,82da62713a0e4c22cbd7efd6,3625,48,7,388,60,939.140625,111.40970350404312,0.7578125,-0.026954177897574125,True,padding_center,512,371,0,70
3626,2626379,82da62713a0e4c22cbd7efd6,3626,11,13,92,108,299.734375,215.04312668463612,0.1796875,0.10242587601078167,False,row0_col0,512,371,0,70
3627,2627757,82da62713a0e4c22cbd7efd6,3627,45,34,364,276,887.296875,577.76010781671152,0.7109375,0.55525606469002697,False,row1_col2,512,371,0,70
3628,2629380,82da62713a0e4c22cbd7efd6,3628,4,60,36,484,178.765625,1026.8382749326145,0.0703125,1.1159029649595686,True,padding_center,512,371,0,70
3629,2629392,82da62713a0e4c22cbd7efd6,3629,16,60,132,484,386.140625,1026.8382749326145,0.2578125,1.1159029649595686,True,padding_center,512,371,0,70
3630,2629897,c530cb0c0e739b7c0af0415d,3630,9,4,76,36,246.4296875,64.395225464190972,0.1484375,-0.082228116710875335,True,padding_center,512,377,0,67
3631,2632496,c530cb0c0e739b7c0af0415d,3631,48,44,388,356,917.3515625,751.92838196286471,0.7578125,0.76657824933687002,False,row2_col2,512,377,0,67
3632,2633494,c530cb0c0e739b7c0af0415d,3632,22,60,180,484,470.0703125,1026.9416445623342,0.3515625,1.1061007957559681,True,padding_center,512,377,0,67
3633,2634136,ee0789a261852bef9369707a,3633,24,6,196,52,565.390625,102.13746630727763,0.3828125,-0.048517520215633422,True,padding_center,512,371,0,70
3634,2634522,ee0789a261852bef9369707a,3634,26,12,212,100,599.953125,205.77088948787062,0.4140625,0.080862533692722366,False,row0_col1,512,371,0,70
3635,2634673,ee0789a261852bef9369707a,3635,49,14,396,116,997.421875,240.31536388140159,0.7734375,0.12398921832884097,False,row0_col2,512,371,0,70
3636,2634971,ee0789a261852bef9369707a,3636,27,19,220,156,617.234375,326.67654986522911,0.4296875,0.23180592991913745,False,row0_col1,512,371,0,70
3637,2635827,ee0789a261852bef9369707a,3637,51,32,412,260,1031.984375,551.21563342318063,0.8046875,0.5121293800539084,False,row1_col2,512,371,0,70
3638,2637287,ee0789a261852bef9369707a,3638,39,55,316,444,824.609375,948.47708894878713,0.6171875,1.0080862533692723,True,padding_center,512,371,0,70
3639,2638007,e529d504569d28a662f4d013,3639,55,2,444,20,1076.640625,24.532085561497325,0.8671875,-0.13101604278074866,True,padding_center,512,374,0,69
3640,2640665,e529d504569d28a662f4d013,3640,25,44,204,356,560.078125,747.74064171122996,0.3984375,0.76737967914438499,False,row2_col1,512,374,0,69
3641,2641137,e529d504569d28a662f4d013,3641,49,51,396,412,973.328125,868.27540106951869,0.7734375,0.91711229946524064,False,row2_col2,512,374,0,69
3642,2641187,e529d504569d28a662f4d013,3642,35,52,284,420,732.265625,885.49465240641712,0.5546875,0.93850267379679142,False,row2_col1,512,374,0,69
3643,2641280,e529d504569d28a662f4d013,3643,0,54,4,436,129.609375,919.93315508021396,0.0078125,0.98128342245989308,False,row2_col0,512,374,0,69
3644,2642525,09b397b83ed83e6306d85ec0,3644,29,9,236,76,631.1796875,142.67574931880108,0.4609375,0.010899182561307902,False,row0_col1,512,367,0,72
3645,2643016,09b397b83ed83e6306d85ec0,3645,8,17,68,140,267.2890625,281.48773841961849,0.1328125,0.18528610354223432,False,row0_col0,512,367,0,72
3646,2643025,09b397b83ed83e6306d85ec0,3646,17,17,140,140,423.2421875,281.48773841961849,0.2734375,0.18528610354223432,False,row0_col0,512,367,0,72
3647,2644446,09b397b83ed83e6306d85ec0,3647,30,39,244,316,648.5078125,663.22070844686652,0.4765625,0.66485013623978206,False,row1_col1,512,367,0,72
3648,2646548,a273599ec5e8931a631b6e7b,3648,20,8,164,68,497.2265625,123.16710875331565,0.3203125,0.0026525198938992041,False,row0_col0,512,377,0,67
3649,2647537,a273599ec5e8931a631b6e7b,3649,49,23,396,188,999.7421875,383.22015915119363,0.7734375,0.32095490716180369,False,row0_col2,512,377,0,67
3650,2648582,a273599ec5e8931a631b6e7b,3650,6,40,52,324,254.6328125,677.946949602122,0.1015625,0.6816976127320955,False,row2_col0,512,377,0,67
3651,2649839,a273599ec5e8931a631b6e7b,3651,47,59,380,476,965.0859375,1007.3474801061008,0.7421875,1.0848806366047745,True,padding_center,512,377,0,67
3652,2650499,792cd13f9196dd3204ade0a9,3652,3,6,28,52,158.6484375,88.49336870026525,0.0546875,-0.039787798408488062,True,padding_center,512,377,0,67
3653,2651795,792cd13f9196dd3204ade0a9,3653,19,26,156,212,435.8984375,435.23076923076923,0.3046875,0.38461538461538464,False,row1_col0,512,377,0,67
3654,2653228,792cd13f9196dd3204ade0a9,3654,44,48,356,388,869.1015625,816.64190981432364,0.6953125,0.85145888594164454,False,row2_col2,512,377,0,67
3655,2653550,792cd13f9196dd3204ade0a9,3655,46,53,372,428,903.7578125,903.32625994694956,0.7265625,0.95755968169761274,False,row2_col2,512,377,0,67
3656,2653940,792cd13f9196dd3204ade0a9,3656,52,59,420,476,1007.7265625,1007.3474801061008,0.8203125,1.0848806366047745,True,padding_center,512,377,0,67
3657,2654655,3f0b56e3daead59ea51a5d24,3657,63,6,508,52,1234.3515625,95.03125,0.9921875,-0.03125,True,padding_center,512,384,0,64
3658,2655066,3f0b56e3daead59ea51a5d24,3658,26,13,212,108,594.3671875,216.21875,0.4140625,0.11458333333333333,False,row0_col1,512,384,0,64
3659,2656010,3f0b56e3daead59ea51a5d24,3659,10,28,84,228,317.6171875,475.90625,0.1640625,0.42708333333333331,False,row1_col0,512,384,0,64
3660,2656372,3f0b56e3daead59ea51a5d24,3660,52,33,420,268,1044.0859375,562.46875,0.8203125,0.53125,False,row1_col2,512,384,0,64
3661,2657256,3f0b56e3daead59ea51a5d24,3661,40,47,324,380,836.5234375,804.84375,0.6328125,0.82291666666666663,False,row2_col1,512,384,0,64
3662,2657272,3f0b56e3daead59ea51a5d24,3662,56,47,452,380,1113.2734375,804.84375,0.8828125,0.82291666666666663,False,row2_col2,512,384,0,64
3663,2657414,3f0b56e3daead59ea51a5d24,3663,6,50,52,404,248.4296875,856.78125,0.1015625,0.88541666666666663,False,row2_col0,512,384,0,64
3664,2660942,227969fa61ff286c2e58e4b7,3664,14,41,116,332,370.671875,695.54716981132071,0.2265625,0.70619946091644203,False,row2_col0,512,371,0,70
3665,2663580,1f71908a38f1553f04f21601,3665,28,18,228,148,635.8515625,288.53580901856765,0.4453125,0.21485411140583555,False,row0_col1,512,377,0,67
3666,2666738,dbf09619c576033279939c88,3666,50,3,404,28,973.546875,48.382198952879577,0.7890625,-0.096858638743455502,True,padding_center,512,382,0,65
3667,2668082,dbf09619c576033279939c88,3667,50,24,404,196,973.546875,409.89005235602093,0.7890625,0.34293193717277487,False,row1_col2,512,382,0,65
3668,2669475,dbf09619c576033279939c88,3668,35,46,284,372,715.265625,788.61256544502612,0.5546875,0.80366492146596857,False,row2_col1,512,382,0,65
3669,2669961,dbf09619c576033279939c88,3669,9,54,76,436,267.578125,926.32984293193726,0.1484375,0.97120418848167545,False,row2_col0,512,382,0,65
3670,2670259,dbf09619c576033279939c88,3670,51,58,412,468,990.765625,995.18848167539272,0.8046875,1.0549738219895288,True,padding_center,512,382,0,65
3671,2670422,dbf09619c576033279939c88,3671,22,61,180,492,491.421875,1046.8324607329844,0.3515625,1.1178010471204189,True,padding_center,512,382,0,65
3672,2670763,6c1df3cf7ff28325175c51f9,3672,43,2,348,20,899.4140625,29.801075268817215,0.6796875,-0.13440860215053763,True,padding_center,512,372,0,70
3673,2672091,6c1df3cf7ff28325175c51f9,3673,27,23,220,188,622.6640625,393.34946236559142,0.4296875,0.31720430107526881,False,row0_col1,512,372,0,70
3674,2672511,6c1df3cf7ff28325175c51f9,3674,63,29,508,236,1245.3515625,497.22043010752685,0.9921875,0.44623655913978494,False,row1_col2,512,372,0,70
3675,2672929,6c1df3cf7ff28325175c51f9,3675,33,36,268,292,726.4453125,618.4032258064517,0.5234375,0.59677419354838712,False,row1_col1,512,372,0,70
3676,2673311,6c1df3cf7ff28325175c51f9,3676,31,42,252,340,691.8515625,722.27419354838707,0.4921875,0.72580645161290325,False,row2_col1,512,372,0,70
3677,2674321,6c1df3cf7ff28325175c51f9,3677,17,58,140,468,449.6953125,999.26344086021504,0.2734375,1.0698924731182795,True,padding_center,512,372,0,70
3678,2674896,69e9731cb1bb99f66cbbadef,3678,16,3,132,28,432.3984375,37.799999999999997,0.2578125,-0.10000000000000001,True,padding_center,512,380,0,66
3679,2676585,69e9731cb1bb99f66cbbadef,3679,41,29,332,236,864.8203125,487.73684210526318,0.6484375,0.44736842105263158,False,row1_col1,512,380,0,66
3680,2676790,69e9731cb1bb99f66cbbadef,3680,54,32,436,260,1089.6796875,539.65263157894742,0.8515625,0.51052631578947372,False,row1_col2,512,380,0,66
3681,2678012,69e9731cb1bb99f66cbbadef,3681,60,51,484,412,1193.4609375,868.45263157894738,0.9453125,0.91052631578947374,False,row2_col2,512,380,0,66
3682,2678253,69e9731cb1bb99f66cbbadef,3682,45,55,364,444,934.0078125,937.67368421052629,0.7109375,0.99473684210526314,False,row2_col2,512,380,0,66
3683,2681696,9cb4460b3d110d026116cef5,3683,32,45,260,364,702.1640625,762.30540540540539,0.5078125,0.79189189189189191,False,row2_col1,512,370,0,71
3684,2682064,9cb4460b3d110d026116cef5,3684,16,51,132,412,424.9140625,866.21891891891892,0.2578125,0.92162162162162165,False,row2_col0,512,370,0,71
3685,2682577,9cb4460b3d110d026116cef5,3685,17,59,140,476,442.2421875,1004.7702702702702,0.2734375,1.0945945945945945,True,padding_center,512,370,0,71
3686,2683038,9a9832c17e186ccd3563cf20,3686,30,2,244,20,670.6953125,25.018567639257299,0.4765625,-0.12466843501326259,True,padding_center,512,377,0,67
3687,2683593,9a9832c17e186ccd3563cf20,3687,9,11,76,92,309.4296875,179.71352785145888,0.1484375,0.066312997347480113,False,row0_col0,512,377,0,67
3688,2684413,9a9832c17e186ccd3563cf20,3688,61,23,492,188,1203.9921875,385.973474801061,0.9609375,0.32095490716180369,False,row0_col2,512,377,0,67
3689,2685867,9a9832c17e186ccd3563cf20,3689,43,46,348,372,894.3359375,781.30503978779836,0.6796875,0.80901856763925728,False,row2_col2,512,377,0,67
3690,2687064,d692f72fe45c727cb0757d5a,3690,24,1,196,12,599.7109375,-4.3059125964010292,0.3828125,-0.12596401028277635,True,padding_center,512,389,0,61
3691,2687140,d692f72fe45c727cb0757d5a,3691,36,2,292,20,805.7734375,12.886889460154237,0.5703125,-0.10539845758354756,True,padding_center,512,389,0,61
3692,2689651,d692f72fe45c727cb0757d5a,3692,51,41,412,332,1063.3515625,683.40616966580978,0.8046875,0.69665809768637532,False,row2_col2,512,389,0,61
3693,2689880,d692f72fe45c727cb0757d5a,3693,24,45,196,364,599.7109375,752.1773778920309,0.3828125,0.77892030848329052,False,row2_col1,512,389,0,61
3694,2690254,d692f72fe45c727cb0757d5a,3694,14,51,116,412,427.9921875,855.33419023136253,0.2265625,0.90231362467866327,False,row2_col0,512,389,0,61
3695,2690879,d692f72fe45c727cb0757d5a,3695,63,60,508,484,1269.4140625,1010.0694087403599,0.9921875,1.0874035989717223,True,padding_center,512,389,0,61
3696,2690901,d692f72fe45c727cb0757d5a,3696,21,61,172,492,548.1953125,1027.262210796915,0.3359375,1.1079691516709511,True,padding_center,512,389,0,61
3697,2693651,5ddeb64b3381d9f94e5481f0,3697,19,40,156,324,493.8984375,679.65053763440858,0.3046875,0.68279569892473113,False,row2_col0,512,372,0,70
3698,2693806,5ddeb64b3381d9f94e5481f0,3698,46,42,372,340,961.7578125,714.27419354838707,0.7265625,0.72580645161290325,False,row2_col2,512,372,0,70
3699,2693818,5ddeb64b3381d9f94e5481f0,3699,58,42,468,340,1169.6953125,714.27419354838707,0.9140625,0.72580645161290325,False,row2_col2,512,372,0,70
3700,2693831,5ddeb64b3381d9f94e5481f0,3700,7,43,60,348,285.9609375,731.58602150537638,0.1171875,0.74731182795698925,False,row2_col0,512,372,0,70
3701,2694045,5ddeb64b3381d9f94e5481f0,3701,29,46,236,372,667.1796875,783.52150537634407,0.4609375,0.81182795698924726,False,row2_col1,512,372,0,70
3702,2698444,187703c2aaaaa1fd86865fe2,3702,12,51,100,412,363.2109375,864.31937172774872,0.1953125,0.90837696335078533,False,row2_col0,512,382,0,65
3703,2700350,0a3535e7cb0948b575c9ea8e,3703,62,16,500,132,1235.9375,260.19743589743587,0.9765625,0.18205128205128204,False,row0_col2,512,390,0,61
3704,2701030,0a3535e7cb0948b575c9ea8e,3704,38,27,308,220,818.9375,451.31538461538463,0.6015625,0.40769230769230769,False,row1_col1,512,390,0,61
3705,2701036,0a3535e7cb0948b575c9ea8e,3705,44,27,356,220,923.1875,451.31538461538463,0.6953125,0.40769230769230769,False,row1_col2,512,390,0,61
3706,2702567,0a3535e7cb0948b575c9ea8e,3706,39,51,316,412,836.3125,868.30000000000007,0.6171875,0.90000000000000002,False,row2_col1,512,390,0,61
3707,2703004,0a3535e7cb0948b575c9ea8e,3707,28,58,228,468,645.1875,989.92051282051284,0.4453125,1.0435897435897437,True,padding_center,512,390,0,61
3708,2703570,36bbd488b40fa9d32e6c7611,3708,18,3,148,28,453.703125,51.404825737265412,0.2890625,-0.10991957104557641,True,padding_center,512,373,0,69
3709,2703698,36bbd488b40fa9d32e6c7611,3709,18,5,148,44,453.703125,85.978552278820374,0.2890625,-0.067024128686327081,True,padding_center,512,373,0,69
3710,2703793,36bbd488b40fa9d32e6c7611,3710,49,6,396,52,989.421875,103.26541554959786,0.7734375,-0.045576407506702415,True,padding_center,512,373,0,69
3711,2704874,36bbd488b40fa9d32e6c7611,3711,42,23,340,188,868.453125,397.142091152815,0.6640625,0.31903485254691688,False,row0_col1,512,373,0,69
3712,2706065,36bbd488b40fa9d32e6c7611,3712,17,42,140,340,436.421875,725.59249329758711,0.2734375,0.72654155495978556,False,row2_col0,512,373,0,69
3713,2707214,36bbd488b40fa9d32e6c7611,3713,14,60,116,484,384.578125,1036.7560321715819,0.2265625,1.1126005361930296,True,padding_center,512,373,0,69
3714,2708063,4d5d55e234be8f30903864ed,3714,31,9,252,76,660.390625,148.2340425531915,0.4921875,0.021276595744680851,False,row0_col1,512,376,0,68
3715,2708981,4d5d55e234be8f30903864ed,3715,53,23,428,188,1039.203125,389.51063829787233,0.8359375,0.31914893617021278,False,row0_col2,512,376,0,68
3716,2709229,4d5d55e234be8f30903864ed,3716,45,27,364,220,901.453125,458.44680851063828,0.7109375,0.40425531914893614,False,row1_col2,512,376,0,68
3717,2710213,4d5d55e234be8f30903864ed,3717,5,43,44,348,212.703125,734.19148936170211,0.0859375,0.74468085106382975,False,row2_col0,512,376,0,68
3718,2710509,4d5d55e234be8f30903864ed,3718,45,47,364,380,901.453125,803.12765957446811,0.7109375,0.82978723404255317,False,row2_col2,512,376,0,68
3719,2710515,4d5d55e234be8f30903864ed,3719,51,47,412,380,1004.765625,803.12765957446811,0.8046875,0.82978723404255317,False,row2_col2,512,376,0,68
3720,2710703,4d5d55e234be8f30903864ed,3720,47,50,380,404,935.890625,854.82978723404256,0.7421875,0.8936170212765957,False,row2_col2,512,376,0,68
3721,2713192,29885a385c0c3cb416f20ecb,3721,40,25,324,204,844.890625,419.6260162601626,0.6328125,0.36043360433604338,False,row1_col1,512,369,0,71
3722,2713924,29885a385c0c3cb416f20ecb,3722,4,37,36,300,222.765625,627.23577235772359,0.0703125,0.62059620596205967,False,row1_col0,512,369,0,71
3723,2713926,29885a385c0c3cb416f20ecb,3723,6,37,52,300,257.328125,627.23577235772359,0.1015625,0.62059620596205967,False,row1_col0,512,369,0,71
3724,2716079,f6a612467fd1531566860d2f,3724,47,6,380,52,955.5390625,81.141333333333336,0.7421875,-0.042666666666666665,True,padding_center,512,375,0,68
3725,2716651,f6a612467fd1531566860d2f,3725,43,15,348,124,885.8515625,238.00533333333334,0.6796875,0.14933333333333335,False,row0_col2,512,375,0,68
3726,2716857,f6a612467fd1531566860d2f,3726,57,18,460,148,1129.7578125,290.29333333333335,0.8984375,0.21333333333333335,False,row0_col2,512,375,0,68
3727,2717520,f6a612467fd1531566860d2f,3727,16,29,132,236,415.4609375,482.01600000000002,0.2578125,0.44800000000000001,False,row1_col0,512,375,0,68
3728,2717585,f6a612467fd1531566860d2f,3728,17,30,140,244,432.8828125,499.44533333333334,0.2734375,0.46933333333333332,False,row1_col0,512,375,0,68
3729,2718207,f6a612467fd1531566860d2f,3729,63,39,508,316,1234.2890625,656.30933333333337,0.9921875,0.66133333333333333,False,row1_col2,512,375,0,68
3730,2718579,f6a612467fd1531566860d2f,3730,51,45,412,364,1025.2265625,760.88533333333328,0.8046875,0.78933333333333333,False,row2_col2,512,375,0,68
3731,2718596,f6a612467fd1531566860d2f,3731,4,46,36,372,206.3984375,778.31466666666665,0.0703125,0.81066666666666665,False,row2_col0,512,375,0,68
3732,2718652,f6a612467fd1531566860d2f,3732,60,46,484,372,1182.0234375,778.31466666666665,0.9453125,0.81066666666666665,False,row2_col2,512,375,0,68
3733,2721733,a068182310908092bce2685c,3733,5,31,44,252,234.1328125,522.34426229508199,0.0859375,0.48907103825136611,False,row1_col0,512,366,0,73
3734,2722026,a068182310908092bce2685c,3734,42,35,340,284,874.1171875,591.59016393442619,0.6640625,0.57650273224043713,False,row1_col1,512,366,0,73
3735,2722150,a068182310908092bce2685c,3735,38,37,308,300,804.9296875,626.21311475409834,0.6015625,0.6202185792349727,False,row1_col1,512,366,0,73
3736,2722803,a068182310908092bce2685c,3736,51,47,412,380,1029.7890625,799.32786885245901,0.8046875,0.83879781420765032,False,row2_col2,512,366,0,73
3737,2722970,a068182310908092bce2685c,3737,26,50,212,404,597.3671875,851.26229508196718,0.4140625,0.90437158469945356,False,row2_col1,512,366,0,73
3738,2724085,adaa8ed3d22e57fc4d08fec5,3738,53,3,428,28,1063.890625,36.586956521739125,0.8359375,-0.11956521739130435,True,padding_center,512,368,0,72
3739,2724511,adaa8ed3d22e57fc4d08fec5,3739,31,10,252,84,682.328125,158.02173913043478,0.4921875,0.032608695652173912,False,row0_col1,512,368,0,72
3740,2724780,adaa8ed3d22e57fc4d08fec5,3740,44,14,356,116,907.796875,227.41304347826087,0.6953125,0.11956521739130435,False,row0_col2,512,368,0,72
3741,2726203,adaa8ed3d22e57fc4d08fec5,3741,59,36,476,292,1167.953125,609.06521739130426,0.9296875,0.59782608695652173,False,row1_col2,512,368,0,72
3742,2727056,adaa8ed3d22e57fc4d08fec5,3742,16,50,132,404,422.171875,851.93478260869563,0.2578125,0.90217391304347827,False,row2_col0,512,368,0,72
3743,2727102,adaa8ed3d22e57fc4d08fec5,3743,62,50,500,404,1219.984375,851.93478260869563,0.9765625,0.90217391304347827,False,row2_col2,512,368,0,72
3744,2727633,adaa8ed3d22e57fc4d08fec5,3744,17,59,140,476,439.515625,1008.0652173913044,0.2734375,1.0978260869565217,True,padding_center,512,368,0,72
3745,2728061,35218b9430d5988bdbd5cbcd,3745,61,1,492,12,1172.03125,23.900000000000006,0.9609375,-0.14210526315789473,True,padding_center,512,380,0,66
3746,2728258,35218b9430d5988bdbd5cbcd,3746,2,5,20,44,157.96875,92.700000000000003,0.0390625,-0.057894736842105263,True,padding_center,512,380,0,66
3747,2728560,35218b9430d5988bdbd5cbcd,3747,48,9,388,76,948.59375,161.5,0.7578125,0.026315789473684209,False,row0_col2,512,380,0,66
3748,2729081,35218b9430d5988bdbd5cbcd,3748,57,17,460,140,1103.28125,299.10000000000002,0.8984375,0.19473684210526315,False,row0_col2,512,380,0,66
3749,2729583,35218b9430d5988bdbd5cbcd,3749,47,25,380,204,931.40625,436.69999999999999,0.7421875,0.36315789473684212,False,row1_col2,512,380,0,66
3750,2731155,35218b9430d5988bdbd5cbcd,3750,19,50,156,404,450.15625,866.70000000000005,0.3046875,0.88947368421052631,False,row2_col0,512,380,0,66
3751,2731920,35218b9430d5988bdbd5cbcd,3751,16,62,132,500,398.59375,1073.0999999999999,0.2578125,1.1421052631578947,True,padding_center,512,380,0,66
3752,2733487,af97ad278b11dd6829adda17,3752,47,22,380,180,897.6015625,370.29589041095892,0.7421875,0.29315068493150687,False,row0_col2,512,365,0,73
3753,2733649,af97ad278b11dd6829adda17,3753,17,25,140,204,378.6953125,422.17534246575343,0.2734375,0.35890410958904112,False,row1_col0,512,365,0,73
3754,2733753,af97ad278b11dd6829adda17,3754,57,26,460,212,1070.5703125,439.46849315068494,0.8984375,0.38082191780821917,False,row1_col2,512,365,0,73
3755,2734186,af97ad278b11dd6829adda17,3755,42,33,340,268,811.1171875,560.52054794520552,0.6640625,0.53424657534246578,False,row1_col1,512,365,0,73
3756,2734547,af97ad278b11dd6829adda17,3756,19,39,156,316,413.2890625,664.27945205479455,0.3046875,0.66575342465753429,False,row1_col0,512,365,0,73
3757,2734686,af97ad278b11dd6829adda17,3757,30,41,244,332,603.5546875,698.86575342465756,0.4765625,0.70958904109589038,False,row2_col1,512,365,0,73
3758,2734778,af97ad278b11dd6829adda17,3758,58,42,468,340,1087.8671875,716.158904109589,0.9140625,0.73150684931506849,False,row2_col2,512,365,0,73
3759,2735365,af97ad278b11dd6829adda17,3759,5,52,44,420,171.1328125,889.09041095890404,0.0859375,0.9506849315068493,False,row2_col0,512,365,0,73
3760,2735587,af97ad278b11dd6829adda17,3760,35,55,284,444,690.0390625,940.96986301369861,0.5546875,1.0164383561643835,True,padding_center,512,365,0,73
3761,2735798,af97ad278b11dd6829adda17,3761,54,58,436,468,1018.6796875,992.84931506849318,0.8515625,1.0821917808219179,True,padding_center,512,365,0,73
3762,2736113,af97ad278b11dd6829adda17,3762,49,63,396,508,932.1953125,1079.3150684931506,0.7734375,1.1917808219178083,True,padding_center,512,365,0,73
3763,2737683,5f992fdd05552118b4d67202,3763,19,24,156,196,463.203125,400.9482288828338,0.3046875,0.33787465940054495,False,row1_col0,512,367,0,72
3764,2738083,5f992fdd05552118b4d67202,3764,35,30,284,244,740.703125,505.05722070844683,0.5546875,0.46866485013623976,False,row1_col1,512,367,0,72
3765,2738422,5f992fdd05552118b4d67202,3765,54,35,436,284,1070.234375,591.81471389645776,0.8515625,0.57765667574931878,False,row1_col2,512,367,0,72
3766,2738465,5f992fdd05552118b4d67202,3766,33,36,268,292,706.015625,609.16621253405992,0.5234375,0.59945504087193457,False,row1_col1,512,367,0,72
3767,2739009,5f992fdd05552118b4d67202,3767,1,45,12,364,151.015625,765.3297002724795,0.0234375,0.79564032697547682,False,row2_col0,512,367,0,72
3768,2740329,f1ca105fe73c64e1d617894e,3768,41,1,332,12,832.578125,-2.6382978723404165,0.6484375,-0.14893617021276595,True,padding_center,512,376,0,68
3769,2740755,f1ca105fe73c64e1d617894e,3769,19,8,156,68,453.765625,118,0.3046875,0,False,row0_col0,512,376,0,68
3770,2741147,f1ca105fe73c64e1d617894e,3770,27,14,220,116,591.515625,221.40425531914894,0.4296875,0.1276595744680851,False,row0_col1,512,376,0,68
3771,2743128,f1ca105fe73c64e1d617894e,3771,24,45,196,364,539.859375,755.65957446808511,0.3828125,0.78723404255319152,False,row2_col1,512,376,0,68
3772,2743304,f1ca105fe73c64e1d617894e,3772,8,48,68,388,264.359375,807.36170212765956,0.1328125,0.85106382978723405,False,row2_col0,512,376,0,68
3773,2743498,f1ca105fe73c64e1d617894e,3773,10,51,84,412,298.796875,859.063829787234,0.1640625,0.91489361702127658,False,row2_col0,512,376,0,68
3774,2743886,f1ca105fe73c64e1d617894e,3774,14,57,116,460,367.671875,962.468085106383,0.2265625,1.0425531914893618,True,padding_center,512,376,0,68
3775,2744134,f1ca105fe73c64e1d617894e,3775,6,61,52,492,229.921875,1031.4042553191489,0.1015625,1.1276595744680851,True,padding_center,512,376,0,68
3776,2744580,e05c476bdaaa88a4e12af225,3776,4,4,36,36,197.9765625,53.819628647214856,0.0703125,-0.082228116710875335,True,padding_center,512,377,0,67
3777,2745343,e05c476bdaaa88a4e12af225,3777,63,15,508,124,1220.3359375,244.52519893899205,0.9921875,0.15119363395225463,False,row0_col2,512,377,0,67
3778,2747678,e05c476bdaaa88a4e12af225,3778,30,52,244,420,648.5078125,885.9893899204244,0.4765625,0.93633952254641906,False,row2_col1,512,377,0,67
3779,2747679,e05c476bdaaa88a4e12af225,3779,31,52,252,420,665.8359375,885.9893899204244,0.4921875,0.93633952254641906,False,row2_col1,512,377,0,67
3780,2747685,e05c476bdaaa88a4e12af225,3780,37,52,300,420,769.8046875,885.9893899204244,0.5859375,0.93633952254641906,False,row2_col1,512,377,0,67
3781,2750663,c06d3ceaf63e1591e4fb4494,3781,7,35,60,284,257.9609375,601.11780104712034,0.1171875,0.57329842931937169,False,row1_col0,512,382,0,65
3782,2751622,c06d3ceaf63e1591e4fb4494,3782,6,50,52,404,240.6328125,860.90837696335075,0.1015625,0.88743455497382195,False,row2_col0,512,382,0,65
3783,2751638,c06d3ceaf63e1591e4fb4494,3783,22,50,180,404,517.8828125,860.90837696335075,0.3515625,0.88743455497382195,False,row2_col1,512,382,0,65
3784,2752658,932274c0ff4cbf8cb7b96e8d,3784,18,2,148,20,447.9921875,28.311475409836063,0.2890625,-0.1448087431693989,True,padding_center,512,366,0,73
3785,2752848,932274c0ff4cbf8cb7b96e8d,3785,16,5,132,44,413.3984375,80.245901639344254,0.2578125,-0.079234972677595633,True,padding_center,512,366,0,73
3786,2752893,932274c0ff4cbf8cb7b96e8d,3786,61,5,492,44,1191.7578125,80.245901639344254,0.9609375,-0.079234972677595633,True,padding_center,512,366,0,73
3787,2753054,932274c0ff4cbf8cb7b96e8d,3787,30,8,244,68,655.5546875,132.18032786885246,0.4765625,-0.013661202185792349,True,padding_center,512,366,0,73
3788,2753206,932274c0ff4cbf8cb7b96e8d,3788,54,10,436,84,1070.6796875,166.80327868852459,0.8515625,0.030054644808743168,False,row0_col2,512,366,0,73
3789,2753240,932274c0ff4cbf8cb7b96e8d,3789,24,11,196,92,551.7734375,184.11475409836066,0.3828125,0.051912568306010931,False,row0_col1,512,366,0,73
3790,2754628,932274c0ff4cbf8cb7b96e8d,3790,4,33,36,268,205.8359375,564.96721311475414,0.0703125,0.53278688524590168,False,row1_col0,512,366,0,73
3791,2754988,932274c0ff4cbf8cb7b96e8d,3791,44,38,356,308,897.7109375,651.52459016393448,0.6953125,0.64207650273224048,False,row1_col2,512,366,0,73
3792,2755001,932274c0ff4cbf8cb7b96e8d,3792,57,38,460,308,1122.5703125,651.52459016393448,0.8984375,0.64207650273224048,False,row1_col2,512,366,0,73
3793,2755380,932274c0ff4cbf8cb7b96e8d,3793,52,44,420,356,1036.0859375,755.39344262295083,0.8203125,0.77322404371584696,False,row2_col2,512,366,0,73
3794,2755487,932274c0ff4cbf8cb7b96e8d,3794,31,46,252,372,672.8515625,790.01639344262298,0.4921875,0.81693989071038253,False,row2_col1,512,366,0,73
3795,2755682,932274c0ff4cbf8cb7b96e8d,3795,34,49,276,396,724.7421875,841.95081967213116,0.5390625,0.88251366120218577,False,row2_col1,512,366,0,73
3796,2756019,932274c0ff4cbf8cb7b96e8d,3796,51,54,412,436,1018.7890625,928.50819672131149,0.8046875,0.99180327868852458,False,row2_col2,512,366,0,73
3797,2756112,932274c0ff4cbf8cb7b96e8d,3797,16,56,132,452,413.3984375,963.13114754098353,0.2578125,1.03551912568306,True,padding_center,512,366,0,73
3798,2757248,3bfdd25cbb71671f75e39ff5,3798,0,10,4,84,120.640625,162.89709762532982,0.0078125,0.047493403693931395,False,row0_col0,512,379,0,66
3799,2757476,3bfdd25cbb71671f75e39ff5,3799,36,13,292,108,742.765625,214.7598944591029,0.5703125,0.11081794195250659,False,row0_col1,512,379,0,66
3800,2759679,3bfdd25cbb71671f75e39ff5,3800,63,47,508,380,1209.359375,802.53825857519791,0.9921875,0.82849604221635886,False,row2_col2,512,379,0,66
3801,2760282,3bfdd25cbb71671f75e39ff5,3801,26,57,212,460,569.953125,975.41424802110816,0.4140625,1.0395778364116095,True,padding_center,512,379,0,66
3802,2760292,3bfdd25cbb71671f75e39ff5,3802,36,57,292,460,742.765625,975.41424802110816,0.5703125,1.0395778364116095,True,padding_center,512,379,0,66
3803,2760919,7518c6376e2146766b15e23d,3803,23,3,188,28,509.3125,54.687664041994751,0.3671875,-0.09711286089238845,True,padding_center,512,381,0,65
3804,2760957,7518c6376e2146766b15e23d,3804,61,3,492,28,1169.5625,54.687664041994751,0.9609375,-0.09711286089238845,True,padding_center,512,381,0,65
3805,2761628,7518c6376e2146766b15e23d,3805,28,14,228,116,596.1875,245.70078740157481,0.4453125,0.13385826771653545,False,row0_col1,512,381,0,65
3806,2762458,7518c6376e2146766b15e23d,3806,26,27,212,220,561.4375,471.44356955380573,0.4140625,0.40682414698162728,False,row1_col1,512,381,0,65
3807,2763613,7518c6376e2146766b15e23d,3807,29,45,236,364,613.5625,784.01049868766404,0.4609375,0.78477690288713908,False,row2_col1,512,381,0,65
3808,2765411,26b9524860e2f239e66cf060,3808,35,9,284,76,729.703125,141.03655352480416,0.5546875,0.031331592689295036,False,row0_col1,512,383,0,64
3809,2767455,26b9524860e2f239e66cf060,3809,31,41,252,332,660.328125,696.48302872062663,0.4921875,0.69973890339425593,False,row2_col1,512,383,0,64
3810,2767840,26b9524860e2f239e66cf060,3810,32,47,260,380,677.671875,800.6292428198434,0.5078125,0.82506527415143605,False,row2_col1,512,383,0,64
3811,2767866,26b9524860e2f239e66cf060,3811,58,47,468,380,1128.609375,800.6292428198434,0.9140625,0.82506527415143605,False,row2_col2,512,383,0,64
3812,2768498,26b9524860e2f239e66cf060,3812,50,57,404,460,989.859375,974.20626631853793,0.7890625,1.0339425587467364,True,padding_center,512,383,0,64
3813,2768502,26b9524860e2f239e66cf060,3813,54,57,436,460,1059.234375,974.20626631853793,0.8515625,1.0339425587467364,True,padding_center,512,383,0,64
3814,2768988,b03b20f2cfe9c76ed5856a60,3814,28,1,228,12,631.9609375,13.124338624338634,0.4453125,-0.14550264550264549,True,padding_center,512,378,0,67
3815,2769126,b03b20f2cfe9c76ed5856a60,3815,38,3,308,28,804.9296875,47.706349206349216,0.6015625,-0.10317460317460317,True,padding_center,512,378,0,67
3816,2769173,b03b20f2cfe9c76ed5856a60,3816,21,4,172,36,510.8828125,64.997354497354507,0.3359375,-0.082010582010582006,True,padding_center,512,378,0,67
3817,2769601,b03b20f2cfe9c76ed5856a60,3817,1,11,12,92,164.9453125,186.03439153439155,0.0234375,0.066137566137566134,False,row0_col0,512,378,0,67
3818,2769869,b03b20f2cfe9c76ed5856a60,3818,13,15,108,124,372.5078125,255.19841269841271,0.2109375,0.15079365079365079,False,row0_col0,512,378,0,67
3819,2770275,b03b20f2cfe9c76ed5856a60,3819,35,21,284,172,753.0390625,358.94444444444446,0.5546875,0.27777777777777779,False,row0_col1,512,378,0,67
3820,2770332,b03b20f2cfe9c76ed5856a60,3820,28,22,228,180,631.9609375,376.23544973544972,0.4453125,0.29894179894179895,False,row0_col1,512,378,0,67
3821,2770806,b03b20f2cfe9c76ed5856a60,3821,54,29,436,236,1081.6796875,497.27248677248679,0.8515625,0.44708994708994709,False,row1_col2,512,378,0,67
3822,2771261,b03b20f2cfe9c76ed5856a60,3822,61,36,492,292,1202.7578125,618.30952380952385,0.9609375,0.59523809523809523,False,row1_col2,512,378,0,67
3823,2771340,b03b20f2cfe9c76ed5856a60,3823,12,38,100,308,355.2109375,652.89153439153438,0.1953125,0.63756613756613756,False,row1_col0,512,378,0,67
3824,2771623,b03b20f2cfe9c76ed5856a60,3824,39,42,316,340,822.2265625,722.05555555555554,0.6171875,0.72222222222222221,False,row2_col1,512,378,0,67
3825,2772780,b03b20f2cfe9c76ed5856a60,3825,44,60,356,484,908.7109375,1033.2936507936508,0.6953125,1.1031746031746033,True,padding_center,512,378,0,67
3826,2773011,cefaf5a44ecfd5ed51bd547c,3826,19,0,156,4,467.984375,-19.38297872340425,0.3046875,-0.1702127659574468,True,padding_center,512,376,0,68
3827,2773460,cefaf5a44ecfd5ed51bd547c,3827,20,7,164,60,485.265625,101.70212765957447,0.3203125,-0.021276595744680851,True,padding_center,512,376,0,68
3828,2773713,cefaf5a44ecfd5ed51bd547c,3828,17,11,140,92,433.421875,170.89361702127658,0.2734375,0.063829787234042548,False,row0_col0,512,376,0,68
3829,2774280,cefaf5a44ecfd5ed51bd547c,3829,8,20,68,164,277.890625,326.57446808510633,0.1328125,0.25531914893617019,False,row0_col0,512,376,0,68
3830,2775385,cefaf5a44ecfd5ed51bd547c,3830,25,37,204,300,571.671875,620.63829787234044,0.3984375,0.61702127659574468,False,row1_col1,512,376,0,68
3831,2776509,cefaf5a44ecfd5ed51bd547c,3831,61,54,492,436,1193.796875,914.70212765957444,0.9609375,0.97872340425531912,False,row2_col2,512,376,0,68
3832,2777374,2ee12c1915309e3c1ad2d6ae,3832,30,4,244,36,666.5546875,58.723404255319153,0.4765625,-0.085106382978723402,True,padding_center,512,376,0,68
3833,2778288,2ee12c1915309e3c1ad2d6ae,3833,48,18,388,148,977.8984375,301.19148936170211,0.7578125,0.21276595744680851,False,row0_col2,512,376,0,68
3834,2778617,2ee12c1915309e3c1ad2d6ae,3834,57,23,460,188,1133.5703125,387.78723404255322,0.8984375,0.31914893617021278,False,row0_col2,512,376,0,68
3835,2779318,2ee12c1915309e3c1ad2d6ae,3835,54,34,436,276,1081.6796875,578.29787234042556,0.8515625,0.55319148936170215,False,row1_col2,512,376,0,68
3836,2779480,2ee12c1915309e3c1ad2d6ae,3836,24,37,196,300,562.7734375,630.25531914893622,0.3828125,0.61702127659574468,False,row1_col1,512,376,0,68
3837,2779653,2ee12c1915309e3c1ad2d6ae,3837,5,40,44,324,234.1328125,682.21276595744678,0.0859375,0.68085106382978722,False,row2_col0,512,376,0,68
3838,2779905,2ee12c1915309e3c1ad2d6ae,3838,1,44,12,356,164.9453125,751.48936170212767,0.0234375,0.76595744680851063,False,row2_col0,512,376,0,68
3839,2780854,2ee12c1915309e3c1ad2d6ae,3839,54,58,436,468,1081.6796875,993.95744680851067,0.8515625,1.0638297872340425,True,padding_center,512,376,0,68
3840,2781051,2ee12c1915309e3c1ad2d6ae,3840,59,61,476,492,1168.1640625,1045.9148936170213,0.9296875,1.1276595744680851,True,padding_center,512,376,0,68
3841,2781724,f4ea954c51ce0e258f3d741b,3841,28,8,228,68,597.734375,146.8475935828877,0.4453125,-0.0026737967914438501,True,padding_center,512,374,0,69
3842,2782429,f4ea954c51ce0e258f3d741b,3842,29,19,236,156,614.953125,336.25935828877004,0.4609375,0.23262032085561499,False,row0_col1,512,374,0,69
3843,2782511,f4ea954c51ce0e258f3d741b,3843,47,20,380,164,924.890625,353.47860962566847,0.7421875,0.25401069518716579,False,row0_col2,512,374,0,69
3844,2783052,f4ea954c51ce0e258f3d741b,3844,12,29,100,236,322.234375,508.451871657754,0.1953125,0.446524064171123,False,row1_col0,512,374,0,69
3845,2785386,9d07c1fef6d1259f6fa6a262,3845,42,1,340,12,794.453125,10.217391304347814,0.6640625,-0.16304347826086957,True,padding_center,512,368,0,72
3846,2786188,9d07c1fef6d1259f6fa6a262,3846,12,14,100,116,276.015625,235.17391304347825,0.1953125,0.11956521739130435,False,row0_col0,512,368,0,72
3847,2786526,9d07c1fef6d1259f6fa6a262,3847,30,19,244,156,587.078125,321.695652173913,0.4765625,0.22826086956521738,False,row0_col1,512,368,0,72
3848,2789214,9d07c1fef6d1259f6fa6a262,3848,30,61,244,492,587.078125,1048.478260869565,0.4765625,1.1413043478260869,True,padding_center,512,368,0,72
3849,2790822,0aefb854b741b33901ea1e52,3849,38,22,308,180,782.9296875,364.92000000000002,0.6015625,0.29866666666666669,False,row0_col1,512,375,0,68
3850,2791197,0aefb854b741b33901ea1e52,3850,29,28,236,228,627.2578125,468.60000000000002,0.4609375,0.42666666666666669,False,row1_col1,512,375,0,68
3851,2792543,0aefb854b741b33901ea1e52,3851,31,49,252,396,661.8515625,831.48000000000002,0.4921875,0.8746666666666667,False,row2_col1,512,375,0,68
3852,2794230,1003aab33f20bcdbe2120a89,3852,54,11,436,92,1069.9375,196.60629921259843,0.8515625,0.070866141732283464,False,row0_col2,512,381,0,65
3853,2796610,1003aab33f20bcdbe2120a89,3853,2,49,20,396,166.4375,856.46981627296589,0.0390625,0.86876640419947504,False,row2_col0,512,381,0,65
3854,2798353,3298125517c7a54235ced2e8,3854,17,12,140,100,427.328125,194.93617021276594,0.2734375,0.085106382978723402,False,row0_col0,512,376,0,68
3855,2798370,3298125517c7a54235ced2e8,3855,34,12,276,100,720.046875,194.93617021276594,0.5390625,0.085106382978723402,False,row0_col1,512,376,0,68
3856,2798565,3298125517c7a54235ced2e8,3856,37,15,300,124,771.703125,246.63829787234042,0.5859375,0.14893617021276595,False,row0_col1,512,376,0,68
3857,2798674,3298125517c7a54235ced2e8,3857,18,17,148,140,444.546875,281.10638297872345,0.2890625,0.19148936170212766,False,row0_col0,512,376,0,68
3858,2799426,3298125517c7a54235ced2e8,3858,2,29,20,236,169.046875,487.91489361702128,0.0390625,0.44680851063829785,False,row1_col0,512,376,0,68
3859,2799470,3298125517c7a54235ced2e8,3859,46,29,372,236,926.671875,487.91489361702128,0.7265625,0.44680851063829785,False,row1_col2,512,376,0,68
3860,2801600,3298125517c7a54235ced2e8,3860,0,63,4,508,134.609375,1073.872340425532,0.0078125,1.1702127659574468,True,padding_center,512,376,0,68
3861,2803100,e9bb5bb030daf0c555014200,3861,28,22,228,180,610.8515625,371.40106951871655,0.4453125,0.2967914438502674,False,row0_col1,512,374,0,69
3862,2803910,e9bb5bb030daf0c555014200,3862,6,35,52,284,229.6328125,596.64171122994651,0.1015625,0.57486631016042777,False,row1_col0,512,374,0,69
3863,2803991,e9bb5bb030daf0c555014200,3863,23,36,188,292,524.2109375,613.9679144385027,0.3671875,0.59625668449197866,False,row1_col1,512,374,0,69
3864,2804104,e9bb5bb030daf0c555014200,3864,8,38,68,308,264.2890625,648.62032085561498,0.1328125,0.63903743315508021,False,row1_col0,512,374,0,69
3865,2804119,e9bb5bb030daf0c555014200,3865,23,38,188,308,524.2109375,648.62032085561498,0.3671875,0.63903743315508021,False,row1_col1,512,374,0,69
3866,2806560,8add5feca183d695007a94e7,3866,32,12,260,100,673.640625,200.56521739130434,0.5078125,0.076086956521739135,False,row0_col1,512,368,0,72
3867,2806657,8add5feca183d695007a94e7,3867,1,14,12,116,137.921875,235.17391304347825,0.0234375,0.11956521739130435,False,row0_col0,512,368,0,72
3868,2806676,8add5feca183d695007a94e7,3868,20,14,164,116,466.265625,235.17391304347825,0.3203125,0.11956521739130435,False,row0_col0,512,368,0,72
3869,2807408,8add5feca183d695007a94e7,3869,48,25,388,204,950.140625,425.52173913043475,0.7578125,0.35869565217391303,False,row1_col2,512,368,0,72
3870,2807826,8add5feca183d695007a94e7,3870,18,32,148,260,431.703125,546.6521739130435,0.2890625,0.51086956521739135,False,row1_col0,512,368,0,72
3871,2807838,8add5feca183d695007a94e7,3871,30,32,244,260,639.078125,546.6521739130435,0.4765625,0.51086956521739135,False,row1_col1,512,368,0,72
3872,2808784,8add5feca183d695007a94e7,3872,16,47,132,380,397.140625,806.21739130434787,0.2578125,0.83695652173913049,False,row2_col0,512,368,0,72
3873,2810350,16d0765a08e3d244f634276d,3873,46,7,372,60,908.9375,129.43582887700535,0.7265625,-0.024064171122994651,True,padding_center,512,374,0,69
3874,2810381,16d0765a08e3d244f634276d,3874,13,8,108,68,335.5625,146.82620320855614,0.2109375,-0.0026737967914438501,True,padding_center,512,374,0,69
3875,2810602,16d0765a08e3d244f634276d,3875,42,11,340,92,839.4375,198.99732620320856,0.6640625,0.061497326203208559,False,row0_col1,512,374,0,69
3876,2811553,16d0765a08e3d244f634276d,3876,33,26,268,212,683.0625,459.85294117647055,0.5234375,0.38235294117647056,False,row1_col1,512,374,0,69
3877,2813717,16d0765a08e3d244f634276d,3877,21,60,172,484,474.5625,1051.1256684491977,0.3359375,1.1096256684491979,True,padding_center,512,374,0,69
3878,2815759,3610a7a8fae8831f175ef8a6,3878,15,28,124,228,376.890625,486.68085106382978,0.2421875,0.42553191489361702,False,row1_col0,512,376,0,68
3879,2817511,3610a7a8fae8831f175ef8a6,3879,39,55,316,444,790.140625,952,0.6171875,1,True,padding_center,512,376,0,68
3880,2817937,3610a7a8fae8831f175ef8a6,3880,17,62,140,500,411.328125,1072.6382978723404,0.2734375,1.1489361702127661,True,padding_center,512,376,0,68
3881,2818344,1259266d27a1502f5814f674,3881,40,4,324,36,789.5859375,55.703324808184142,0.6328125,-0.061381074168797956,True,padding_center,512,391,0,60
3882,2818864,1259266d27a1502f5814f674,3882,48,12,388,100,928.9609375,195.1611253196931,0.7578125,0.10230179028132992,False,row0_col2,512,391,0,60
3883,2819980,1259266d27a1502f5814f674,3883,12,30,100,244,301.7734375,508.94117647058823,0.1953125,0.47058823529411764,False,row1_col0,512,391,0,60
3884,2820061,1259266d27a1502f5814f674,3884,29,31,236,252,597.9453125,526.37340153452692,0.4609375,0.49104859335038364,False,row1_col1,512,391,0,60
3885,2820111,1259266d27a1502f5814f674,3885,15,32,124,260,354.0390625,543.80562659846555,0.2421875,0.51150895140664965,False,row1_col0,512,391,0,60
3886,2820521,1259266d27a1502f5814f674,3886,41,38,332,308,807.0078125,648.39897698209722,0.6484375,0.63427109974424556,False,row1_col1,512,391,0,60
3887,2820769,1259266d27a1502f5814f674,3887,33,42,268,340,667.6328125,718.12787723785164,0.5234375,0.71611253196930946,False,row2_col1,512,391,0,60
3888,2820883,1259266d27a1502f5814f674,3888,19,44,156,356,423.7265625,752.9923273657289,0.3046875,0.75703324808184147,False,row2_col0,512,391,0,60
3889,2821456,1259266d27a1502f5814f674,3889,16,53,132,428,371.4609375,909.88235294117646,0.2578125,0.94117647058823528,False,row2_col0,512,391,0,60
3890,2822062,1259266d27a1502f5814f674,3890,46,62,372,500,894.1171875,1066.772378516624,0.7265625,1.1253196930946292,True,padding_center,512,391,0,60
3891,2822417,745e27be1c9edae1c661541a,3891,17,4,140,36,464.2421875,56.631868131868131,0.2734375,-0.1043956043956044,True,padding_center,512,364,0,74
3892,2824682,745e27be1c9edae1c661541a,3892,42,39,340,316,897.4453125,663.55494505494505,0.6640625,0.6648351648351648,False,row1_col1,512,364,0,74
3893,2825636,745e27be1c9edae1c661541a,3893,36,54,292,436,793.4765625,923.66483516483515,0.5703125,0.99450549450549453,False,row2_col1,512,364,0,74
3894,2826504,d1b696acc3c7aa007b3f1439,3894,8,4,68,36,264.6875,63.248041775456919,0.1328125,-0.073107049608355096,True,padding_center,512,383,0,64
3895,2826642,d1b696acc3c7aa007b3f1439,3895,18,6,148,52,438.4375,97.963446475195823,0.2890625,-0.031331592689295036,True,padding_center,512,383,0,64
3896,2828616,d1b696acc3c7aa007b3f1439,3896,8,37,68,300,264.6875,636.05221932114875,0.1328125,0.61618798955613574,False,row1_col0,512,383,0,64
3897,2830230,d1b696acc3c7aa007b3f1439,3897,22,62,180,500,507.9375,1069.9947780678849,0.3515625,1.1383812010443863,True,padding_center,512,383,0,64
3898,2831091,a4bdf949c50c736ff2fd1e3a,3898,51,11,412,92,993.765625,173.56684491978609,0.8046875,0.061497326203208559,False,row0_col2,512,374,0,69
3899,2834177,a4bdf949c50c736ff2fd1e3a,3899,1,60,12,484,132.828125,1018.3582887700535,0.0234375,1.1096256684491979,True,padding_center,512,374,0,69
3900,2835021,7731cbaac561ffb2001abafb,3900,13,9,108,76,349.1953125,132.125,0.2109375,0.03125,False,row0_col0,512,384,0,64
3901,2835384,7731cbaac561ffb2001abafb,3901,56,14,452,116,1098.3359375,219.20833333333331,0.8828125,0.13541666666666666,False,row0_col2,512,384,0,64
3902,2836363,7731cbaac561ffb2001abafb,3902,11,30,92,244,314.3515625,497.875,0.1796875,0.46875,False,row1_col0,512,384,0,64
3903,2836980,7731cbaac561ffb2001abafb,3903,52,39,420,316,1028.6484375,654.625,0.8203125,0.65625,False,row1_col2,512,384,0,64
3904,2837852,7731cbaac561ffb2001abafb,3904,28,53,228,428,610.5234375,898.45833333333326,0.4453125,0.94791666666666663,False,row2_col1,512,384,0,64
3905,2837972,7731cbaac561ffb2001abafb,3905,20,55,164,444,471.1484375,933.29166666666674,0.3203125,0.98958333333333337,False,row2_col0,512,384,0,64
3906,2838000,7731cbaac561ffb2001abafb,3906,48,55,388,444,958.9609375,933.29166666666674,0.7578125,0.98958333333333337,False,row2_col2,512,384,0,64
3907,2838297,7731cbaac561ffb2001abafb,3907,25,60,204,484,558.2578125,1020.375,0.3984375,1.09375,True,padding_center,512,384,0,64
3908,2838781,e9a770d135ddbd041172d1f8,3908,61,3,492,28,1168.953125,33.5625,0.9609375,-0.09375,True,padding_center,512,384,0,64
3909,2839493,e9a770d135ddbd041172d1f8,3909,5,15,44,124,204.703125,240.0625,0.0859375,0.15625,False,row0_col0,512,384,0,64
3910,2839509,e9a770d135ddbd041172d1f8,3910,21,15,172,124,480.203125,240.0625,0.3359375,0.15625,False,row0_col1,512,384,0,64
3911,2839742,e9a770d135ddbd041172d1f8,3911,62,18,500,148,1186.171875,291.6875,0.9765625,0.21875,False,row0_col2,512,384,0,64
3912,2840293,e9a770d135ddbd041172d1f8,3912,37,27,300,220,755.703125,446.5625,0.5859375,0.40625,False,row1_col1,512,384,0,64
3913,2840311,e9a770d135ddbd041172d1f8,3913,55,27,444,220,1065.640625,446.5625,0.8671875,0.40625,False,row1_col2,512,384,0,64
3914,2841100,e9a770d135ddbd041172d1f8,3914,12,40,100,324,325.234375,670.27083333333337,0.1953125,0.67708333333333337,False,row2_col0,512,384,0,64
3915,2841762,e9a770d135ddbd041172d1f8,3915,34,50,276,404,704.046875,842.35416666666663,0.5390625,0.88541666666666663,False,row2_col1,512,384,0,64
3916,2842483,e9a770d135ddbd041172d1f8,3916,51,61,412,492,996.765625,1031.6458333333333,0.8046875,1.1145833333333333,True,padding_center,512,384,0,64
3917,2842768,b4f48cd35aae2aa6542c0767,3917,16,2,132,20,368.6875,25.292682926829272,0.2578125,-0.13821138211382114,True,padding_center,512,369,0,71
3918,2843099,b4f48cd35aae2aa6542c0767,3918,27,7,220,60,559.8125,112.1219512195122,0.4296875,-0.029810298102981029,True,padding_center,512,369,0,71
3919,2843579,b4f48cd35aae2aa6542c0767,3919,59,14,476,116,1115.8125,233.6829268292683,0.9296875,0.12195121951219512,False,row0_col2,512,369,0,71
3920,2843640,b4f48cd35aae2aa6542c0767,3920,56,15,452,124,1063.6875,251.04878048780489,0.8828125,0.14363143631436315,False,row0_col2,512,369,0,71
3921,2844135,b4f48cd35aae2aa6542c0767,3921,39,23,316,188,768.3125,389.97560975609758,0.6171875,0.31707317073170732,False,row0_col1,512,369,0,71
3922,2844266,b4f48cd35aae2aa6542c0767,3922,42,25,340,204,820.4375,424.70731707317077,0.6640625,0.36043360433604338,False,row1_col1,512,369,0,71
3923,2844699,b4f48cd35aae2aa6542c0767,3923,27,32,220,260,559.8125,546.26829268292681,0.4296875,0.51219512195121952,False,row1_col1,512,369,0,71
3924,2844753,b4f48cd35aae2aa6542c0767,3924,17,33,140,268,386.0625,563.63414634146341,0.2734375,0.53387533875338755,False,row1_col0,512,369,0,71
3925,2844823,b4f48cd35aae2aa6542c0767,3925,23,34,188,276,490.3125,581,0.3671875,0.55555555555555558,False,row1_col1,512,369,0,71
3926,2845218,b4f48cd35aae2aa6542c0767,3926,34,40,276,324,681.4375,685.19512195121945,0.5390625,0.68563685636856364,False,row2_col1,512,369,0,71
3927,2845236,b4f48cd35aae2aa6542c0767,3927,52,40,420,324,994.1875,685.19512195121945,0.8203125,0.68563685636856364,False,row2_col2,512,369,0,71
3928,2845240,b4f48cd35aae2aa6542c0767,3928,56,40,452,324,1063.6875,685.19512195121945,0.8828125,0.68563685636856364,False,row2_col2,512,369,0,71
3929,2845246,b4f48cd35aae2aa6542c0767,3929,62,40,500,324,1167.9375,685.19512195121945,0.9765625,0.68563685636856364,False,row2_col2,512,369,0,71
3930,2846729,62d6d7251de0b9863368086e,3930,9,0,76,4,289.3203125,-7.8225806451613096,0.1484375,-0.17741935483870969,True,padding_center,512,372,0,70
3931,2847236,62d6d7251de0b9863368086e,3931,4,8,36,68,202.8359375,130.6720430107527,0.0703125,-0.0053763440860215058,True,padding_center,512,372,0,70
3932,2847247,62d6d7251de0b9863368086e,3932,15,8,124,68,393.1015625,130.6720430107527,0.2421875,-0.0053763440860215058,True,padding_center,512,372,0,70
3933,2847975,62d6d7251de0b9863368086e,3933,39,19,316,156,808.2265625,321.10215053763443,0.6171875,0.23118279569892472,False,row0_col1,512,372,0,70
3934,2848323,62d6d7251de0b9863368086e,3934,3,25,28,204,185.5390625,424.97311827956992,0.0546875,0.36021505376344087,False,row1_col0,512,372,0,70
3935,2848842,62d6d7251de0b9863368086e,3935,10,33,84,268,306.6171875,563.4677419354839,0.1640625,0.532258064516129,False,row1_col0,512,372,0,70
3936,2849051,62d6d7251de0b9863368086e,3936,27,36,220,292,600.6640625,615.4032258064517,0.4296875,0.59677419354838712,False,row1_col1,512,372,0,70
3937,2849197,62d6d7251de0b9863368086e,3937,45,38,364,308,912.0078125,650.02688172043008,0.7109375,0.63978494623655913,False,row1_col2,512,372,0,70
3938,2849268,62d6d7251de0b9863368086e,3938,52,39,420,316,1033.0859375,667.33870967741927,0.8203125,0.66129032258064513,False,row1_col2,512,372,0,70
3939,2849636,62d6d7251de0b9863368086e,3939,36,45,292,364,756.3359375,771.20967741935476,0.5703125,0.79032258064516125,False,row2_col1,512,372,0,70
3940,2849681,62d6d7251de0b9863368086e,3940,17,46,140,372,427.6953125,788.52150537634407,0.2734375,0.81182795698924726,False,row2_col0,512,372,0,70
3941,2849842,62d6d7251de0b9863368086e,3941,50,48,404,388,998.4921875,823.14516129032256,0.7890625,0.85483870967741937,False,row2_col2,512,372,0,70
3942,2852179,069b4f28705cc7284f44ae3b,3942,19,21,156,172,445.765625,355.04255319148933,0.3046875,0.27659574468085107,False,row0_col0,512,376,0,68
3943,2854666,069b4f28705cc7284f44ae3b,3943,10,60,84,484,290.796875,1027.1702127659573,0.1640625,1.1063829787234043,True,padding_center,512,376,0,68
3944,2855483,1e20d9fe7440f3007d646560,3944,59,8,476,68,1153.515625,134,0.9296875,0,False,row0_col2,512,376,0,68
3945,2857611,1e20d9fe7440f3007d646560,3945,11,42,92,340,327.015625,719.95744680851067,0.1796875,0.72340425531914898,False,row2_col0,512,376,0,68
3946,2857651,1e20d9fe7440f3007d646560,3946,51,42,412,340,1015.765625,719.95744680851067,0.8046875,0.72340425531914898,False,row2_col2,512,376,0,68
3947,2857899,1e20d9fe7440f3007d646560,3947,43,46,348,372,878.015625,788.89361702127655,0.6796875,0.80851063829787229,False,row2_col2,512,376,0,68
3948,2860260,94aacc4991ca8c49186c4c97,3948,36,19,292,156,734.3359375,317.01351351351354,0.5703125,0.22972972972972974,False,row0_col1,512,370,0,71
3949,2861290,94aacc4991ca8c49186c4c97,3949,42,35,340,284,838.1171875,594.11621621621623,0.6640625,0.57567567567567568,False,row1_col1,512,370,0,71
3950,2862701,94aacc4991ca8c49186c4c97,3950,45,57,364,460,890.0078125,975.13243243243232,0.7109375,1.0513513513513513,True,padding_center,512,370,0,71
3951,2864091,3c6223fad65553c89976049b,3951,27,15,220,124,578.6640625,254.9559585492228,0.4296875,0.15803108808290156,False,row0_col1,512,386,0,63
3952,2864367,3c6223fad65553c89976049b,3952,47,19,380,156,924.6015625,324.17875647668393,0.7421875,0.24093264248704663,False,row0_col2,512,386,0,63
3953,2864968,3c6223fad65553c89976049b,3953,8,29,68,236,250.0234375,497.2357512953368,0.1328125,0.44818652849740931,False,row1_col0,512,386,0,63
3954,2866358,3c6223fad65553c89976049b,3954,54,50,436,404,1045.6796875,860.65544041450778,0.8515625,0.88341968911917101,False,row2_col2,512,386,0,63
3955,2866579,3c6223fad65553c89976049b,3955,19,54,156,436,440.2890625,929.87823834196888,0.3046875,0.96632124352331605,False,row2_col0,512,386,0,63
3956,2866615,3c6223fad65553c89976049b,3956,55,54,444,436,1062.9765625,929.87823834196888,0.8671875,0.96632124352331605,False,row2_col2,512,386,0,63
3957,2866956,3c6223fad65553c89976049b,3957,12,60,100,484,319.2109375,1033.7124352331607,0.1953125,1.0906735751295338,True,padding_center,512,386,0,63
3958,2867083,3c6223fad65553c89976049b,3958,11,62,92,500,301.9140625,1068.3238341968913,0.1796875,1.1321243523316062,True,padding_center,512,386,0,63
3959,2867621,9dd6c00d22421262fb390d57,3959,37,6,300,52,780.8046875,96.630434782608688,0.5859375,-0.05434782608695652,True,padding_center,512,368,0,72
3960,2869033,9dd6c00d22421262fb390d57,3960,41,28,332,228,850.1171875,478.28260869565219,0.6484375,0.42391304347826086,False,row1_col1,512,368,0,72
3961,2869234,9dd6c00d22421262fb390d57,3961,50,31,404,252,1006.0703125,530.32608695652175,0.7890625,0.4891304347826087,False,row1_col2,512,368,0,72
3962,2870326,9dd6c00d22421262fb390d57,3962,54,48,436,388,1075.3828125,825.23913043478262,0.8515625,0.85869565217391308,False,row2_col2,512,368,0,72
3963,2870701,9dd6c00d22421262fb390d57,3963,45,54,364,436,919.4296875,929.32608695652175,0.7109375,0.98913043478260865,False,row2_col2,512,368,0,72
3964,2870815,9dd6c00d22421262fb390d57,3964,31,56,252,452,676.8359375,964.02173913043475,0.4921875,1.0326086956521738,True,padding_center,512,368,0,72
3965,2870836,9dd6c00d22421262fb390d57,3965,52,56,420,452,1040.7265625,964.02173913043475,0.8203125,1.0326086956521738,True,padding_center,512,368,0,72
3966,2871801,ff622b143161a670803d7cbf,3966,57,7,460,60,1092.5703125,116.36021505376344,0.8984375,-0.026881720430107527,True,padding_center,512,372,0,70
3967,2872416,ff622b143161a670803d7cbf,3967,32,17,260,140,660.1484375,289.47849462365593,0.5078125,0.18817204301075269,False,row0_col1,512,372,0,70
3968,2872980,ff622b143161a670803d7cbf,3968,20,26,164,212,452.5859375,445.28494623655911,0.3203125,0.38172043010752688,False,row1_col0,512,372,0,70
3969,2873076,ff622b143161a670803d7cbf,3969,52,27,420,220,1006.0859375,462.59677419354836,0.8203125,0.40322580645161288,False,row1_col2,512,372,0,70
3970,2873288,ff622b143161a670803d7cbf,3970,8,31,68,252,245.0234375,531.8440860215054,0.1328125,0.489247311827957,False,row1_col0,512,372,0,70
3971,2873677,ff622b143161a670803d7cbf,3971,13,37,108,300,331.5078125,635.71505376344089,0.2109375,0.61827956989247312,False,row1_col0,512,372,0,70
3972,2873849,ff622b143161a670803d7cbf,3972,57,39,460,316,1092.5703125,670.33870967741927,0.8984375,0.66129032258064513,False,row1_col2,512,372,0,70
3973,2874386,ff622b143161a670803d7cbf,3973,18,48,148,388,417.9921875,826.14516129032256,0.2890625,0.85483870967741937,False,row2_col0,512,372,0,70
3974,2874490,ff622b143161a670803d7cbf,3974,58,49,468,396,1109.8671875,843.45698924731187,0.9140625,0.87634408602150538,False,row2_col2,512,372,0,70
3975,2875993,f92f442ca28c1794b5281ba1,3975,25,9,204,76,566.0625,150.87664041994751,0.3984375,0.028871391076115485,False,row0_col1,512,381,0,65
3976,2876687,f92f442ca28c1794b5281ba1,3976,15,20,124,164,392.3125,341.88976377952758,0.2421875,0.25984251968503935,False,row0_col0,512,381,0,65
3977,2878250,f92f442ca28c1794b5281ba1,3977,42,44,340,356,861.4375,758.64566929133855,0.6640625,0.76377952755905509,False,row2_col1,512,381,0,65
3978,2878949,f92f442ca28c1794b5281ba1,3978,37,55,300,444,774.5625,949.6587926509186,0.5859375,0.99475065616797897,False,row2_col1,512,381,0,65
3979,2879586,92aabc20a6f4499561293f2f,3979,34,1,276,12,723.046875,-3.9297297297297433,0.5390625,-0.15945945945945947,True,padding_center,512,370,0,71
3980,2881240,92aabc20a6f4499561293f2f,3980,24,27,196,220,550.859375,443.55135135135134,0.3828125,0.4027027027027027,False,row1_col1,512,370,0,71
3981,2884155,aaa015ca6a44f303044cb7bf,3981,59,8,476,68,1165.0234375,131.16710875331566,0.9296875,0.0026525198938992041,False,row0_col2,512,377,0,67
3982,2884335,aaa015ca6a44f303044cb7bf,3982,47,11,380,92,957.0859375,183.17771883289126,0.7421875,0.066312997347480113,False,row0_col2,512,377,0,67
3983,2885231,aaa015ca6a44f303044cb7bf,3983,47,25,380,204,957.0859375,425.89389920424406,0.7421875,0.36339522546419101,False,row1_col2,512,377,0,67
3984,2887039,aaa015ca6a44f303044cb7bf,3984,63,53,508,428,1234.3359375,911.32625994694956,0.9921875,0.95755968169761274,False,row2_col2,512,377,0,67
3985,2887334,aaa015ca6a44f303044cb7bf,3985,38,58,308,468,801.1328125,998.0106100795756,0.6015625,1.0636604774535809,True,padding_center,512,377,0,67
3986,2887470,aaa015ca6a44f303044cb7bf,3986,46,60,372,484,939.7578125,1032.6843501326259,0.7265625,1.1061007957559681,True,padding_center,512,377,0,67
3987,2888358,d73bb5badea2954e76301142,3987,38,10,308,84,791.9375,158.57372654155495,0.6015625,0.040214477211796246,False,row0_col1,512,373,0,69
3988,2888588,d73bb5badea2954e76301142,3988,12,14,100,116,340.1875,228.06434316353887,0.1953125,0.12600536193029491,False,row0_col0,512,373,0,69
3989,2888789,d73bb5badea2954e76301142,3989,21,17,172,140,496.5625,280.1823056300268,0.3359375,0.19034852546916889,False,row0_col1,512,373,0,69
3990,2888797,d73bb5badea2954e76301142,3990,29,17,236,140,635.5625,280.1823056300268,0.4609375,0.19034852546916889,False,row0_col1,512,373,0,69
3991,2890043,d73bb5badea2954e76301142,3991,59,36,476,292,1156.8125,610.2627345844503,0.9296875,0.59785522788203749,False,row1_col2,512,373,0,69
3992,2890304,d73bb5badea2954e76301142,3992,0,41,4,332,131.6875,697.12600536193031,0.0078125,0.70509383378016088,False,row2_col0,512,373,0,69
3993,2890517,d73bb5badea2954e76301142,3993,21,44,172,356,496.5625,749.24396782841825,0.3359375,0.76943699731903481,False,row2_col1,512,373,0,69
3994,2891154,d73bb5badea2954e76301142,3994,18,54,148,436,444.4375,922.97050938337804,0.2890625,0.98391420911528149,False,row2_col0,512,373,0,69
3995,2892678,603fbff3664fb22ba76787fc,3995,6,14,52,116,177.4296875,229.3170731707317,0.1015625,0.12195121951219512,False,row0_col0,512,369,0,71
3996,2893228,603fbff3664fb22ba76787fc,3996,44,22,356,180,834.7109375,367.72357723577238,0.6953125,0.29539295392953929,False,row0_col2,512,369,0,71
3997,2894978,603fbff3664fb22ba76787fc,3997,2,50,20,404,108.2421875,852.14634146341461,0.0390625,0.90243902439024393,False,row2_col0,512,369,0,71
3998,2896608,6310504d1bce92bd2609676d,3998,32,11,260,92,642.1015625,187.71352785145888,0.5078125,0.066312997347480113,False,row0_col1,512,377,0,67
3999,2897468,6310504d1bce92bd2609676d,3999,60,24,484,196,1123.7890625,411.16180371352783,0.9453125,0.34217506631299732,False,row1_col2,512,377,0,67
4000,2897477,6310504d1bce92bd2609676d,4000,5,25,44,204,177.6171875,428.35013262599472,0.0859375,0.36339522546419101,False,row1_col0,512,377,0,67
4001,2897582,6310504d1bce92bd2609676d,4001,46,26,372,212,882.9453125,445.53846153846155,0.7265625,0.38461538461538464,False,row1_col2,512,377,0,67
4002,2898722,6310504d1bce92bd2609676d,4002,34,44,276,356,676.5078125,754.92838196286471,0.5390625,0.76657824933687002,False,row2_col1,512,377,0,67
4003,2899138,6310504d1bce92bd2609676d,4003,2,51,20,412,126.0078125,875.24668435013268,0.0390625,0.91511936339522548,False,row2_col0,512,377,0,67
4004,2899141,6310504d1bce92bd2609676d,4004,5,51,44,412,177.6171875,875.24668435013268,0.0859375,0.91511936339522548,False,row2_col0,512,377,0,67
4005,2899647,6310504d1bce92bd2609676d,4005,63,58,508,468,1175.3984375,995.56498673740055,0.9921875,1.0636604774535809,True,padding_center,512,377,0,67
4006,2901028,4e68548ea0608614aa35b760,4006,36,16,292,132,717.046875,262.10869565217388,0.5703125,0.16304347826086957,False,row0_col1,512,368,0,72
4007,2901459,4e68548ea0608614aa35b760,4007,19,23,156,188,422.203125,383.54347826086956,0.3046875,0.31521739130434784,False,row0_col0,512,368,0,72
4008,2901878,4e68548ea0608614aa35b760,4008,54,29,436,236,1029.234375,487.63043478260869,0.8515625,0.44565217391304346,False,row1_col2,512,368,0,72
4009,2902781,4e68548ea0608614aa35b760,4009,61,43,492,348,1150.640625,730.5,0.9609375,0.75,False,row2_col2,512,368,0,72
4010,2904682,81558ebcaaea05566ec9d393,4010,42,9,340,76,871.1171875,151.45238095238096,0.6640625,0.023809523809523808,False,row0_col1,512,378,0,67
4011,2905149,81558ebcaaea05566ec9d393,4011,61,16,492,132,1199.7578125,272.48941798941797,0.9609375,0.17195767195767195,False,row0_col2,512,378,0,67
4012,2905186,81558ebcaaea05566ec9d393,4012,34,17,276,140,732.7421875,289.78042328042329,0.5390625,0.19312169312169311,False,row0_col1,512,378,0,67
4013,2906227,81558ebcaaea05566ec9d393,4013,51,33,412,268,1026.7890625,566.43650793650795,0.8046875,0.53174603174603174,False,row1_col2,512,378,0,67
4014,2906402,81558ebcaaea05566ec9d393,4014,34,36,276,292,732.7421875,618.30952380952385,0.5390625,0.59523809523809523,False,row1_col1,512,378,0,67
4015,2906962,81558ebcaaea05566ec9d393,4015,18,45,148,364,455.9921875,773.92857142857144,0.2890625,0.7857142857142857,False,row2_col0,512,378,0,67
4016,2907149,81558ebcaaea05566ec9d393,4016,13,48,108,388,369.5078125,825.80158730158723,0.2109375,0.84920634920634919,False,row2_col0,512,378,0,67
4017,2909919,922064a26912754f70ed0696,4017,31,27,252,220,642.8515625,457.13043478260869,0.4921875,0.40217391304347827,False,row1_col1,512,368,0,72
4018,2910214,922064a26912754f70ed0696,4018,6,32,52,260,210.4296875,543.6521739130435,0.1015625,0.51086956521739135,False,row1_col0,512,368,0,72
4019,2910284,922064a26912754f70ed0696,4019,12,33,100,268,314.2109375,560.95652173913049,0.1953125,0.53260869565217395,False,row1_col0,512,368,0,72
4020,2911343,922064a26912754f70ed0696,4020,47,49,380,396,919.6015625,837.82608695652175,0.7421875,0.88043478260869568,False,row2_col2,512,368,0,72
4021,2911364,922064a26912754f70ed0696,4021,4,50,36,404,175.8359375,855.13043478260875,0.0703125,0.90217391304347827,False,row2_col0,512,368,0,72
4022,2911791,922064a26912754f70ed0696,4022,47,56,380,452,919.6015625,958.95652173913038,0.7421875,1.0326086956521738,True,padding_center,512,368,0,72
4023,2912913,fede9202cd41f9fef004cc9a,4023,17,10,140,84,386.328125,171.14516129032259,0.2734375,0.037634408602150539,False,row0_col0,512,372,0,70
4024,2913207,fede9202cd41f9fef004cc9a,4024,55,14,444,116,1040.640625,240.04838709677421,0.8671875,0.12365591397849462,False,row0_col2,512,372,0,70
4025,2913446,fede9202cd41f9fef004cc9a,4025,38,18,308,148,747.921875,308.95161290322585,0.6015625,0.20967741935483872,False,row0_col1,512,372,0,70
4026,2913461,fede9202cd41f9fef004cc9a,4026,53,18,428,148,1006.203125,308.95161290322585,0.8359375,0.20967741935483872,False,row0_col2,512,372,0,70
4027,2913476,fede9202cd41f9fef004cc9a,4027,4,19,36,156,162.484375,326.17741935483866,0.0703125,0.23118279569892472,False,row0_col0,512,372,0,70
4028,2913893,fede9202cd41f9fef004cc9a,4028,37,25,300,204,730.703125,429.53225806451616,0.5859375,0.36021505376344087,False,row1_col1,512,372,0,70
4029,2914888,fede9202cd41f9fef004cc9a,4029,8,41,68,332,231.359375,705.14516129032256,0.1328125,0.70430107526881724,False,row2_col0,512,372,0,70
4030,2915711,fede9202cd41f9fef004cc9a,4030,63,53,508,428,1178.390625,911.85483870967744,0.9921875,0.9623655913978495,False,row2_col2,512,372,0,70
4031,2915777,fede9202cd41f9fef004cc9a,4031,1,55,12,444,110.828125,946.30645161290317,0.0234375,1.0053763440860215,True,padding_center,512,372,0,70
4032,2916134,fede9202cd41f9fef004cc9a,4032,38,60,308,484,747.921875,1032.4354838709678,0.6015625,1.1129032258064515,True,padding_center,512,372,0,70
4033,2916782,8d10243544cfbd17a41b803a,4033,46,6,372,52,904.671875,96.12432432432432,0.7265625,-0.051351351351351354,True,padding_center,512,370,0,71
4034,2917845,8d10243544cfbd17a41b803a,4034,21,23,172,188,474.203125,388.70810810810809,0.3359375,0.31621621621621621,False,row0_col1,512,370,0,71
4035,2918459,8d10243544cfbd17a41b803a,4035,59,32,476,260,1128.515625,543.60540540540546,0.9296875,0.51081081081081081,False,row1_col2,512,370,0,71
4036,2918481,8d10243544cfbd17a41b803a,4036,17,33,140,268,405.328125,560.81621621621616,0.2734375,0.53243243243243243,False,row1_col0,512,370,0,71
4037,2918538,8d10243544cfbd17a41b803a,4037,10,34,84,276,284.796875,578.02702702702709,0.1640625,0.55405405405405406,False,row1_col0,512,370,0,71
4038,2919087,8d10243544cfbd17a41b803a,4038,47,42,380,340,921.890625,715.71351351351348,0.7421875,0.72702702702702704,False,row2_col2,512,370,0,71
4039,2921135,21db2b7a45a0e29417a469f0,4039,47,10,380,84,918.3125,156.96825396825398,0.7421875,0.044973544973544971,False,row0_col2,512,378,0,67
4040,2921555,21db2b7a45a0e29417a469f0,4040,19,17,156,140,431.8125,278.74603174603175,0.3046875,0.19312169312169311,False,row0_col0,512,378,0,67
4041,2923401,21db2b7a45a0e29417a469f0,4041,9,46,76,372,258.0625,783.2539682539682,0.1484375,0.80687830687830686,False,row2_col0,512,378,0,67
4042,2923616,21db2b7a45a0e29417a469f0,4042,32,49,260,396,657.6875,835.44444444444446,0.5078125,0.87037037037037035,False,row2_col1,512,378,0,67
4043,2923718,21db2b7a45a0e29417a469f0,4043,6,51,52,412,205.9375,870.23809523809518,0.1015625,0.91269841269841268,False,row2_col0,512,378,0,67
4044,2923753,21db2b7a45a0e29417a469f0,4044,41,51,332,412,814.0625,870.23809523809518,0.6484375,0.91269841269841268,False,row2_col1,512,378,0,67
4045,2925549,8e91dc5ebf61a30260770c9c,4045,45,15,364,124,874.453125,243.63829787234042,0.7109375,0.14893617021276595,False,row0_col2,512,376,0,68
4046,2925578,8e91dc5ebf61a30260770c9c,4046,10,16,84,132,271.796875,260.87234042553189,0.1640625,0.1702127659574468,False,row0_col0,512,376,0,68
4047,2926245,8e91dc5ebf61a30260770c9c,4047,37,26,300,212,736.703125,433.21276595744683,0.5859375,0.38297872340425532,False,row1_col1,512,376,0,68
4048,2927065,8e91dc5ebf61a30260770c9c,4048,25,39,204,316,530.078125,657.25531914893611,0.3984375,0.65957446808510634,False,row1_col1,512,376,0,68
4049,2928073,8e91dc5ebf61a30260770c9c,4049,9,55,76,444,254.578125,933,0.1484375,1,True,padding_center,512,376,0,68
4050,2929412,6aaaaa257e4ef2c72c304bae,4050,4,12,36,100,206.1875,194.34285714285716,0.0703125,0.096103896103896108,False,row0_col0,512,385,0,63
4051,2929767,6aaaaa257e4ef2c72c304bae,4051,39,17,316,140,814.3125,281.20000000000005,0.6171875,0.20000000000000001,False,row0_col1,512,385,0,63
4052,2930713,6aaaaa257e4ef2c72c304bae,4052,25,32,204,260,571.0625,541.77142857142849,0.3984375,0.51168831168831164,False,row1_col1,512,385,0,63
4053,2931240,6aaaaa257e4ef2c72c304bae,4053,40,40,324,324,831.6875,680.74285714285713,0.6328125,0.67792207792207793,False,row2_col1,512,385,0,63
4054,2932172,6aaaaa257e4ef2c72c304bae,4054,12,55,100,444,345.1875,941.31428571428569,0.1953125,0.98961038961038961,False,row2_col0,512,385,0,63
4055,2932251,6aaaaa257e4ef2c72c304bae,4055,27,56,220,452,605.8125,958.68571428571431,0.4296875,1.0103896103896104,True,padding_center,512,385,0,63
4056,2932660,6aaaaa257e4ef2c72c304bae,4056,52,62,420,500,1040.1875,1062.9142857142856,0.8203125,1.1350649350649351,True,padding_center,512,385,0,63
4057,2934593,488bd0832b3372d266269e18,4057,1,29,12,236,109.9453125,495.3305785123967,0.0234375,0.4462809917355372,False,row1_col0,512,363,0,74
4058,2935114,488bd0832b3372d266269e18,4058,10,37,84,300,265.6171875,633.73278236914598,0.1640625,0.62258953168044073,False,row1_col0,512,363,0,74
4059,2935117,488bd0832b3372d266269e18,4059,13,37,108,300,317.5078125,633.73278236914598,0.2109375,0.62258953168044073,False,row1_col0,512,363,0,74
4060,2935765,488bd0832b3372d266269e18,4060,21,47,172,380,455.8828125,806.7355371900826,0.3359375,0.84297520661157022,False,row2_col1,512,363,0,74
4061,2936019,488bd0832b3372d266269e18,4061,19,51,156,412,421.2890625,875.93663911845726,0.3046875,0.93112947658402201,False,row2_col0,512,363,0,74
4062,2937243,fe6f136289ff3cf96e9fa7fa,4062,27,6,220,52,574.5234375,94.181818181818187,0.4296875,-0.045454545454545456,True,padding_center,512,374,0,69
4063,2938475,fe6f136289ff3cf96e9fa7fa,4063,43,25,348,204,851.7734375,423.37967914438502,0.6796875,0.36096256684491979,False,row1_col2,512,374,0,69
4064,2939685,fe6f136289ff3cf96e9fa7fa,4064,37,44,300,356,747.8046875,752.5775401069518,0.5859375,0.76737967914438499,False,row2_col1,512,374,0,69
4065,2939859,fe6f136289ff3cf96e9fa7fa,4065,19,47,156,380,435.8984375,804.55614973262027,0.3046875,0.83155080213903743,False,row2_col0,512,374,0,69
4066,2940966,b775ec910e16d493500239f2,4066,38,0,308,4,760.1328125,2.93979057591622,0.6015625,-0.15968586387434555,True,padding_center,512,382,0,65
4067,2941795,b775ec910e16d493500239f2,4067,35,13,284,108,708.1484375,228.0916230366492,0.5546875,0.112565445026178,False,row0_col1,512,382,0,65
4068,2941855,b775ec910e16d493500239f2,4068,31,14,252,116,638.8359375,245.41099476439791,0.4921875,0.13350785340314136,False,row0_col1,512,382,0,65
4069,2943016,b775ec910e16d493500239f2,4069,40,32,324,260,794.7890625,557.1596858638743,0.6328125,0.51047120418848169,False,row1_col1,512,382,0,65
4070,2943057,b775ec910e16d493500239f2,4070,17,33,140,268,396.2421875,574.47905759162313,0.2734375,0.53141361256544506,False,row1_col0,512,382,0,65
4071,2944365,b775ec910e16d493500239f2,4071,45,53,364,428,881.4296875,920.8664921465969,0.7109375,0.95026178010471207,False,row2_col2,512,382,0,65
4072,2944619,b775ec910e16d493500239f2,4072,43,57,348,460,846.7734375,990.14397905759165,0.6796875,1.0340314136125655,True,padding_center,512,382,0,65
4073,2944918,b775ec910e16d493500239f2,4073,22,62,180,500,482.8828125,1076.7408376963349,0.3515625,1.1387434554973821,True,padding_center,512,382,0,65
4074,2944950,b775ec910e16d493500239f2,4074,54,62,436,500,1037.3828125,1076.7408376963349,0.8515625,1.1387434554973821,True,padding_center,512,382,0,65
4075,2945147,0facbe7f29d190dabe109d9e,4075,59,1,476,12,1140.0234375,10.55080213903743,0.9296875,-0.15240641711229946,True,padding_center,512,374,0,69
4076,2945443,0facbe7f29d190dabe109d9e,4076,35,6,284,52,724.1484375,97.181818181818187,0.5546875,-0.045454545454545456,True,padding_center,512,374,0,69
4077,2945959,0facbe7f29d190dabe109d9e,4077,39,14,316,116,793.4609375,235.7914438502674,0.6171875,0.12566844919786097,False,row0_col1,512,374,0,69
4078,2948122,0facbe7f29d190dabe109d9e,4078,26,48,212,388,568.1953125,824.88235294117646,0.4140625,0.8529411764705882,False,row2_col1,512,374,0,69
4079,2949350,3b48ef0496b9e19ef057c3dd,4079,38,3,308,28,775.921875,42.564516129032256,0.6015625,-0.11290322580645161,True,padding_center,512,372,0,70
4080,2949853,3b48ef0496b9e19ef057c3dd,4080,29,11,236,92,620.953125,180.37096774193549,0.4609375,0.059139784946236562,False,row0_col1,512,372,0,70
4081,2949997,3b48ef0496b9e19ef057c3dd,4081,45,13,364,108,896.453125,214.82258064516128,0.7109375,0.10215053763440861,False,row0_col2,512,372,0,70
4082,2951498,3b48ef0496b9e19ef057c3dd,4082,10,37,84,300,293.796875,628.24193548387098,0.1640625,0.61827956989247312,False,row1_col0,512,372,0,70
4083,2951879,3b48ef0496b9e19ef057c3dd,4083,7,43,60,348,242.140625,731.59677419354841,0.1171875,0.74731182795698925,False,row2_col0,512,372,0,70
4084,2953173,3b48ef0496b9e19ef057c3dd,4084,21,63,172,508,483.203125,1076.1129032258063,0.3359375,1.1774193548387097,True,padding_center,512,372,0,70
4085,2954930,46a12f7a348173b31e79d614,4085,50,26,404,212,995.703125,431.82608695652175,0.7890625,0.38043478260869568,False,row1_col2,512,368,0,72
4086,2955414,46a12f7a348173b31e79d614,4086,22,34,180,276,511.828125,570.26086956521749,0.3515625,0.55434782608695654,False,row1_col1,512,368,0,72
4087,2955483,46a12f7a348173b31e79d614,4087,27,35,220,284,598.234375,587.56521739130437,0.4296875,0.57608695652173914,False,row1_col1,512,368,0,72
4088,2956969,46a12f7a348173b31e79d614,4088,41,58,332,468,840.171875,985.56521739130426,0.6484375,1.076086956521739,True,padding_center,512,368,0,72
4089,2957058,46a12f7a348173b31e79d614,4089,2,60,20,484,166.203125,1020.1739130434784,0.0390625,1.1195652173913044,True,padding_center,512,368,0,72
4090,2957555,b612bc23f04a82e4e9573610,4090,51,3,412,28,937.8125,50.275862068965523,0.8046875,-0.10344827586206896,True,padding_center,512,377,0,67
4091,2957560,b612bc23f04a82e4e9573610,4091,56,3,452,28,1024.6875,50.275862068965523,0.8828125,-0.10344827586206896,True,padding_center,512,377,0,67
4092,2957863,b612bc23f04a82e4e9573610,4092,39,8,316,68,729.3125,137.17241379310346,0.6171875,0.0026525198938992041,False,row0_col1,512,377,0,67
4093,2958208,b612bc23f04a82e4e9573610,4093,0,14,4,116,51.6875,241.44827586206895,0.0078125,0.129973474801061,False,row0_col0,512,377,0,67
4094,2960607,b612bc23f04a82e4e9573610,4094,31,51,252,412,590.3125,884.48275862068965,0.4921875,0.91511936339522548,False,row2_col1,512,377,0,67
4095,2960932,b612bc23f04a82e4e9573610,4095,36,56,292,452,677.1875,971.37931034482756,0.5703125,1.0212201591511936,True,padding_center,512,377,0,67
