size,memory_index,reference_image_id,reference_padding_center,context_label,review_status,criteria
256,2084,a17e0ba4778eef07cbf3a8fb,False,uncertain,not_semantically_reviewed,No semantic component/background assignment inferred from position or distance; padding_center is separate geometric proxy.
256,916,18a0d6dc34942149287a8f9d,False,uncertain,not_semantically_reviewed,No semantic component/background assignment inferred from position or distance; padding_center is separate geometric proxy.
256,3799,90980ace2ddb899842b5027e,False,uncertain,not_semantically_reviewed,No semantic component/background assignment inferred from position or distance; padding_center is separate geometric proxy.
256,535,5fc1aadc9e2e9f7d4a76bdd4,False,uncertain,not_semantically_reviewed,No semantic component/background assignment inferred from position or distance; padding_center is separate geometric proxy.
256,3185,d2cf6d7cc0c3cad21c2a7b3b,False,uncertain,not_semantically_reviewed,No semantic component/background assignment inferred from position or distance; padding_center is separate geometric proxy.
256,4056,7ff10d5fa9617322c74f0a6b,False,uncertain,not_semantically_reviewed,No semantic component/background assignment inferred from position or distance; padding_center is separate geometric proxy.
256,1744,3f878bbef72af5608097eed1,False,uncertain,not_semantically_reviewed,No semantic component/background assignment inferred from position or distance; padding_center is separate geometric proxy.
256,1187,2e6ec4882e89f00a95812589,False,uncertain,not_semantically_reviewed,No semantic component/background assignment inferred from position or distance; padding_center is separate geometric proxy.
256,3076,12f90f549991fd9c4757eb8f,False,uncertain,not_semantically_reviewed,No semantic component/background assignment inferred from position or distance; padding_center is separate geometric proxy.
256,294,63960923c232394fd8e99843,False,uncertain,not_semantically_reviewed,No semantic component/background assignment inferred from position or distance; padding_center is separate geometric proxy.
256,1255,f4b41463bd280c09530fb8d5,False,uncertain,not_semantically_reviewed,No semantic component/background assignment inferred from position or distance; padding_center is separate geometric proxy.
256,2505,804d7e4a63baeaa6161b25d4,False,uncertain,not_semantically_reviewed,No semantic component/background assignment inferred from position or distance; padding_center is separate geometric proxy.
256,137,45dc6fdfab82e2a0f77a8f68,False,uncertain,not_semantically_reviewed,No semantic component/background assignment inferred from position or distance; padding_center is separate geometric proxy.
256,2112,cca771af93c39392f6e272bb,False,uncertain,not_semantically_reviewed,No semantic component/background assignment inferred from position or distance; padding_center is separate geometric proxy.
256,1646,eccf2bd67fceb17929d34048,False,uncertain,not_semantically_reviewed,No semantic component/background assignment inferred from position or distance; padding_center is separate geometric proxy.
256,3808,2cf91654e3d7631b17354d42,False,uncertain,not_semantically_reviewed,No semantic component/background assignment inferred from position or distance; padding_center is separate geometric proxy.
256,3154,11afda0226ff6f318f17aa5f,False,uncertain,not_semantically_reviewed,No semantic component/background assignment inferred from position or distance; padding_center is separate geometric proxy.
256,2597,f5d57420c3c86277890c81c0,False,uncertain,not_semantically_reviewed,No semantic component/background assignment inferred from position or distance; padding_center is separate geometric proxy.
256,2374,b4612b4df75de83fb088f472,False,uncertain,not_semantically_reviewed,No semantic component/background assignment inferred from position or distance; padding_center is separate geometric proxy.
256,1560,18bdd05b85f8030805542307,False,uncertain,not_semantically_reviewed,No semantic component/background assignment inferred from position or distance; padding_center is separate geometric proxy.
256,1575,06076aa4ee79cdfe208a650e,False,uncertain,not_semantically_reviewed,No semantic component/background assignment inferred from position or distance; padding_center is separate geometric proxy.
256,2487,c6175a761ad4823c6ccf1423,False,uncertain,not_semantically_reviewed,No semantic component/background assignment inferred from position or distance; padding_center is separate geometric proxy.
256,2700,bfae5cd848e6184dadfcd3c4,False,uncertain,not_semantically_reviewed,No semantic component/background assignment inferred from position or distance; padding_center is separate geometric proxy.
256,3658,20cf9b53ea244f2a77bc7d41,False,uncertain,not_semantically_reviewed,No semantic component/background assignment inferred from position or distance; padding_center is separate geometric proxy.
256,3404,18a0d6dc34942149287a8f9d,False,uncertain,not_semantically_reviewed,No semantic component/background assignment inferred from position or distance; padding_center is separate geometric proxy.
256,966,071a52275f1d4471593f9b83,False,uncertain,not_semantically_reviewed,No semantic component/background assignment inferred from position or distance; padding_center is separate geometric proxy.
256,3948,17f14a8068899d56ebb649f2,False,uncertain,not_semantically_reviewed,No semantic component/background assignment inferred from position or distance; padding_center is separate geometric proxy.
256,924,0f0d00e434b9e591bacd5b76,False,uncertain,not_semantically_reviewed,No semantic component/background assignment inferred from position or distance; padding_center is separate geometric proxy.
256,1465,53553f400f2058be52468beb,False,uncertain,not_semantically_reviewed,No semantic component/background assignment inferred from position or distance; padding_center is separate geometric proxy.
256,622,8d21850c283f248e197a3812,False,uncertain,not_semantically_reviewed,No semantic component/background assignment inferred from position or distance; padding_center is separate geometric proxy.
256,1412,841cbb396d21645ac11b6b7b,False,uncertain,not_semantically_reviewed,No semantic component/background assignment inferred from position or distance; padding_center is separate geometric proxy.
256,2539,26e1106de8a9c217ce63f34c,False,uncertain,not_semantically_reviewed,No semantic component/background assignment inferred from position or distance; padding_center is separate geometric proxy.
256,2997,8054ca96d8472cde33311981,False,uncertain,not_semantically_reviewed,No semantic component/background assignment inferred from position or distance; padding_center is separate geometric proxy.
256,3102,0c7e1b72803ad61dccb12da2,False,uncertain,not_semantically_reviewed,No semantic component/background assignment inferred from position or distance; padding_center is separate geometric proxy.
256,1040,cef040880b0ffa6310501ad5,False,uncertain,not_semantically_reviewed,No semantic component/background assignment inferred from position or distance; padding_center is separate geometric proxy.
256,3959,a4172581c1bf5e506e42c455,False,uncertain,not_semantically_reviewed,No semantic component/background assignment inferred from position or distance; padding_center is separate geometric proxy.
256,5,a62e01956843a9cf42fc407e,False,uncertain,not_semantically_reviewed,No semantic component/background assignment inferred from position or distance; padding_center is separate geometric proxy.
256,3476,45dc6fdfab82e2a0f77a8f68,False,uncertain,not_semantically_reviewed,No semantic component/background assignment inferred from position or distance; padding_center is separate geometric proxy.
256,2216,1341a4d254c5ed4e53f9cc0a,False,uncertain,not_semantically_reviewed,No semantic component/background assignment inferred from position or distance; padding_center is separate geometric proxy.
256,1595,d23b085ff7689b51dcc4805b,False,uncertain,not_semantically_reviewed,No semantic component/background assignment inferred from position or distance; padding_center is separate geometric proxy.
256,801,20cf9b53ea244f2a77bc7d41,False,uncertain,not_semantically_reviewed,No semantic component/background assignment inferred from position or distance; padding_center is separate geometric proxy.
256,3909,4424ee2da09740d91f04a4c8,False,uncertain,not_semantically_reviewed,No semantic component/background assignment inferred from position or distance; padding_center is separate geometric proxy.
256,2492,7dadd00de53eaf25d2e2c3ff,False,uncertain,not_semantically_reviewed,No semantic component/background assignment inferred from position or distance; padding_center is separate geometric proxy.
256,1973,6e2efbafb29a453dc464dd7b,False,uncertain,not_semantically_reviewed,No semantic component/background assignment inferred from position or distance; padding_center is separate geometric proxy.
256,2332,1bcaa86fa604bcc293ebddb0,False,uncertain,not_semantically_reviewed,No semantic component/background assignment inferred from position or distance; padding_center is separate geometric proxy.
256,3261,d2cf6d7cc0c3cad21c2a7b3b,False,uncertain,not_semantically_reviewed,No semantic component/background assignment inferred from position or distance; padding_center is separate geometric proxy.
256,2319,e47e5b1177f091fde9ec844d,False,uncertain,not_semantically_reviewed,No semantic component/background assignment inferred from position or distance; padding_center is separate geometric proxy.
256,3093,a626ddea82058ff3ee702c26,False,uncertain,not_semantically_reviewed,No semantic component/background assignment inferred from position or distance; padding_center is separate geometric proxy.
256,986,e3471d8dce15d02e7118423b,False,uncertain,not_semantically_reviewed,No semantic component/background assignment inferred from position or distance; padding_center is separate geometric proxy.
256,2500,18986155df3bc4d5931597b1,False,uncertain,not_semantically_reviewed,No semantic component/background assignment inferred from position or distance; padding_center is separate geometric proxy.
256,1116,20cf9b53ea244f2a77bc7d41,False,uncertain,not_semantically_reviewed,No semantic component/background assignment inferred from position or distance; padding_center is separate geometric proxy.
256,2856,c90363705751a79167614ca3,False,uncertain,not_semantically_reviewed,No semantic component/background assignment inferred from position or distance; padding_center is separate geometric proxy.
256,4052,1c994702ace08090969d50ab,False,uncertain,not_semantically_reviewed,No semantic component/background assignment inferred from position or distance; padding_center is separate geometric proxy.
256,3013,51573d481758af653e6b2301,False,uncertain,not_semantically_reviewed,No semantic component/background assignment inferred from position or distance; padding_center is separate geometric proxy.
256,2871,66d05d9c3f5b6674d314eb61,False,uncertain,not_semantically_reviewed,No semantic component/background assignment inferred from position or distance; padding_center is separate geometric proxy.
256,3970,1ab50a979f605f4f4dd51494,False,uncertain,not_semantically_reviewed,No semantic component/background assignment inferred from position or distance; padding_center is separate geometric proxy.
256,2987,5548c51f79d497a17f292c50,False,uncertain,not_semantically_reviewed,No semantic component/background assignment inferred from position or distance; padding_center is separate geometric proxy.
256,1527,cfb161f7b1e28203aabf26e9,False,uncertain,not_semantically_reviewed,No semantic component/background assignment inferred from position or distance; padding_center is separate geometric proxy.
256,1808,c6a8d7dccd602dc757343e7a,False,uncertain,not_semantically_reviewed,No semantic component/background assignment inferred from position or distance; padding_center is separate geometric proxy.
256,1386,5548c51f79d497a17f292c50,False,uncertain,not_semantically_reviewed,No semantic component/background assignment inferred from position or distance; padding_center is separate geometric proxy.
256,2751,18bdd05b85f8030805542307,False,uncertain,not_semantically_reviewed,No semantic component/background assignment inferred from position or distance; padding_center is separate geometric proxy.
256,502,53553f400f2058be52468beb,False,uncertain,not_semantically_reviewed,No semantic component/background assignment inferred from position or distance; padding_center is separate geometric proxy.
256,3541,d56cc29e759ac659a8147f7b,False,uncertain,not_semantically_reviewed,No semantic component/background assignment inferred from position or distance; padding_center is separate geometric proxy.
256,3077,d2cf6d7cc0c3cad21c2a7b3b,False,uncertain,not_semantically_reviewed,No semantic component/background assignment inferred from position or distance; padding_center is separate geometric proxy.
256,1790,a4172581c1bf5e506e42c455,False,uncertain,not_semantically_reviewed,No semantic component/background assignment inferred from position or distance; padding_center is separate geometric proxy.
256,2533,56abb3edb284c2344e16fc3c,False,uncertain,not_semantically_reviewed,No semantic component/background assignment inferred from position or distance; padding_center is separate geometric proxy.
256,713,d2cf6d7cc0c3cad21c2a7b3b,False,uncertain,not_semantically_reviewed,No semantic component/background assignment inferred from position or distance; padding_center is separate geometric proxy.
256,2239,3e9601c37c2513abd6a2f915,False,uncertain,not_semantically_reviewed,No semantic component/background assignment inferred from position or distance; padding_center is separate geometric proxy.
256,490,9eb03521553a622f7a33bed1,False,uncertain,not_semantically_reviewed,No semantic component/background assignment inferred from position or distance; padding_center is separate geometric proxy.
256,1299,0c7e1b72803ad61dccb12da2,False,uncertain,not_semantically_reviewed,No semantic component/background assignment inferred from position or distance; padding_center is separate geometric proxy.
256,3611,2cf91654e3d7631b17354d42,False,uncertain,not_semantically_reviewed,No semantic component/background assignment inferred from position or distance; padding_center is separate geometric proxy.
256,884,53553f400f2058be52468beb,False,uncertain,not_semantically_reviewed,No semantic component/background assignment inferred from position or distance; padding_center is separate geometric proxy.
256,1232,4424ee2da09740d91f04a4c8,False,uncertain,not_semantically_reviewed,No semantic component/background assignment inferred from position or distance; padding_center is separate geometric proxy.
256,653,1c994702ace08090969d50ab,False,uncertain,not_semantically_reviewed,No semantic component/background assignment inferred from position or distance; padding_center is separate geometric proxy.
256,2933,d2cf6d7cc0c3cad21c2a7b3b,False,uncertain,not_semantically_reviewed,No semantic component/background assignment inferred from position or distance; padding_center is separate geometric proxy.
256,449,df06519967abd59089e35864,False,uncertain,not_semantically_reviewed,No semantic component/background assignment inferred from position or distance; padding_center is separate geometric proxy.
256,2352,375c3b26f7adcdcc127b88f4,False,uncertain,not_semantically_reviewed,No semantic component/background assignment inferred from position or distance; padding_center is separate geometric proxy.
256,4049,b676edc592ddaac800d4513e,False,uncertain,not_semantically_reviewed,No semantic component/background assignment inferred from position or distance; padding_center is separate geometric proxy.
256,3361,a626ddea82058ff3ee702c26,False,uncertain,not_semantically_reviewed,No semantic component/background assignment inferred from position or distance; padding_center is separate geometric proxy.
256,3630,8054ca96d8472cde33311981,False,uncertain,not_semantically_reviewed,No semantic component/background assignment inferred from position or distance; padding_center is separate geometric proxy.
256,2012,2953f7797bef78b367bc1f2c,False,uncertain,not_semantically_reviewed,No semantic component/background assignment inferred from position or distance; padding_center is separate geometric proxy.
256,1130,1844fefcb7366ba42d363bb3,False,uncertain,not_semantically_reviewed,No semantic component/background assignment inferred from position or distance; padding_center is separate geometric proxy.
256,3333,f2af6124467ff2aa5b2ef3a2,False,uncertain,not_semantically_reviewed,No semantic component/background assignment inferred from position or distance; padding_center is separate geometric proxy.
256,2056,99d7489f912f57adcb8e4e9f,False,uncertain,not_semantically_reviewed,No semantic component/background assignment inferred from position or distance; padding_center is separate geometric proxy.
256,1229,11afda0226ff6f318f17aa5f,False,uncertain,not_semantically_reviewed,No semantic component/background assignment inferred from position or distance; padding_center is separate geometric proxy.
256,3137,686aca559697cfd33db0eba9,False,uncertain,not_semantically_reviewed,No semantic component/background assignment inferred from position or distance; padding_center is separate geometric proxy.
256,3619,53553f400f2058be52468beb,False,uncertain,not_semantically_reviewed,No semantic component/background assignment inferred from position or distance; padding_center is separate geometric proxy.
256,3941,95360633a263e67da1d00ee7,False,uncertain,not_semantically_reviewed,No semantic component/background assignment inferred from position or distance; padding_center is separate geometric proxy.
256,45,3e75991bcc2afe6085df3d0b,False,uncertain,not_semantically_reviewed,No semantic component/background assignment inferred from position or distance; padding_center is separate geometric proxy.
256,3225,fdad2167b4b6bf6d753dd060,False,uncertain,not_semantically_reviewed,No semantic component/background assignment inferred from position or distance; padding_center is separate geometric proxy.
256,2973,58133cd36d4de1c8fbea2575,False,uncertain,not_semantically_reviewed,No semantic component/background assignment inferred from position or distance; padding_center is separate geometric proxy.
256,3714,230411525f34907d4d302e28,False,uncertain,not_semantically_reviewed,No semantic component/background assignment inferred from position or distance; padding_center is separate geometric proxy.
256,239,a954813041c0e8eb7774e5db,False,uncertain,not_semantically_reviewed,No semantic component/background assignment inferred from position or distance; padding_center is separate geometric proxy.
256,3904,1f5f2029b5a9b7fa882293dc,False,uncertain,not_semantically_reviewed,No semantic component/background assignment inferred from position or distance; padding_center is separate geometric proxy.
256,3837,c23d7ae024bdee362bd4bbf5,False,uncertain,not_semantically_reviewed,No semantic component/background assignment inferred from position or distance; padding_center is separate geometric proxy.
256,197,69718c2cbcdee661e85e894b,False,uncertain,not_semantically_reviewed,No semantic component/background assignment inferred from position or distance; padding_center is separate geometric proxy.
256,3207,edd8c2f2a1edb1d9b7902444,False,uncertain,not_semantically_reviewed,No semantic component/background assignment inferred from position or distance; padding_center is separate geometric proxy.
256,2860,514bca41e512abcb720415b8,False,uncertain,not_semantically_reviewed,No semantic component/background assignment inferred from position or distance; padding_center is separate geometric proxy.
256,1805,f2af6124467ff2aa5b2ef3a2,False,uncertain,not_semantically_reviewed,No semantic component/background assignment inferred from position or distance; padding_center is separate geometric proxy.
256,3016,4424ee2da09740d91f04a4c8,False,uncertain,not_semantically_reviewed,No semantic component/background assignment inferred from position or distance; padding_center is separate geometric proxy.
256,3213,d8893f3a76156d238b88fc70,False,uncertain,not_semantically_reviewed,No semantic component/background assignment inferred from position or distance; padding_center is separate geometric proxy.
256,84,53553f400f2058be52468beb,False,uncertain,not_semantically_reviewed,No semantic component/background assignment inferred from position or distance; padding_center is separate geometric proxy.
256,4068,d3eb81224cc529cd42fb69c4,False,uncertain,not_semantically_reviewed,No semantic component/background assignment inferred from position or distance; padding_center is separate geometric proxy.
256,736,54d04aaf9210fb2c2cb77d33,False,uncertain,not_semantically_reviewed,No semantic component/background assignment inferred from position or distance; padding_center is separate geometric proxy.
256,1385,577e306a2e950842cc7e0b3b,False,uncertain,not_semantically_reviewed,No semantic component/background assignment inferred from position or distance; padding_center is separate geometric proxy.
256,1294,e3a5b96352670afcd647a6c6,False,uncertain,not_semantically_reviewed,No semantic component/background assignment inferred from position or distance; padding_center is separate geometric proxy.
256,2763,b7eabc5fda3c972292fffe73,False,uncertain,not_semantically_reviewed,No semantic component/background assignment inferred from position or distance; padding_center is separate geometric proxy.
256,3337,d677e85653e506515ad8bddc,False,uncertain,not_semantically_reviewed,No semantic component/background assignment inferred from position or distance; padding_center is separate geometric proxy.
256,3748,51573d481758af653e6b2301,False,uncertain,not_semantically_reviewed,No semantic component/background assignment inferred from position or distance; padding_center is separate geometric proxy.
256,2181,1ab50a979f605f4f4dd51494,False,uncertain,not_semantically_reviewed,No semantic component/background assignment inferred from position or distance; padding_center is separate geometric proxy.
256,837,39887316da7c5f8c5bf8c589,False,uncertain,not_semantically_reviewed,No semantic component/background assignment inferred from position or distance; padding_center is separate geometric proxy.
256,3879,4bd72ef466f1588d325db08d,False,uncertain,not_semantically_reviewed,No semantic component/background assignment inferred from position or distance; padding_center is separate geometric proxy.
256,445,237c596b591254405a69e540,False,uncertain,not_semantically_reviewed,No semantic component/background assignment inferred from position or distance; padding_center is separate geometric proxy.
256,814,7865271a8a6ac130c7e55bd5,False,uncertain,not_semantically_reviewed,No semantic component/background assignment inferred from position or distance; padding_center is separate geometric proxy.
256,2230,89df830e8a15cf60ce38bc93,False,uncertain,not_semantically_reviewed,No semantic component/background assignment inferred from position or distance; padding_center is separate geometric proxy.
256,439,7e2d3336804b149b9089e670,False,uncertain,visually_reviewed_selected_trace,Full source plus3x3gridcell context; redcenter. Component=visible package/body centered; emptyboard=unpopulated blue substrate centered; mixed/boundary/lowdetail=uncertain. This is not receptivefield or semantic correspondence.
256,781,04395c53f5e9e20a0c01695f,False,uncertain,not_semantically_reviewed,No semantic component/background assignment inferred from position or distance; padding_center is separate geometric proxy.
256,934,df06519967abd59089e35864,False,uncertain,not_semantically_reviewed,No semantic component/background assignment inferred from position or distance; padding_center is separate geometric proxy.
256,2880,cfd7dfd4519a85c97d035279,False,uncertain,not_semantically_reviewed,No semantic component/background assignment inferred from position or distance; padding_center is separate geometric proxy.
256,2796,d3eb81224cc529cd42fb69c4,False,uncertain,not_semantically_reviewed,No semantic component/background assignment inferred from position or distance; padding_center is separate geometric proxy.
256,3544,20cf9b53ea244f2a77bc7d41,False,uncertain,not_semantically_reviewed,No semantic component/background assignment inferred from position or distance; padding_center is separate geometric proxy.
256,2965,02c4095f91086ef5dec2355d,False,uncertain,not_semantically_reviewed,No semantic component/background assignment inferred from position or distance; padding_center is separate geometric proxy.
256,158,3f878bbef72af5608097eed1,False,uncertain,not_semantically_reviewed,No semantic component/background assignment inferred from position or distance; padding_center is separate geometric proxy.
256,3294,86167754816351afb9121870,False,uncertain,not_semantically_reviewed,No semantic component/background assignment inferred from position or distance; padding_center is separate geometric proxy.
256,1450,4424ee2da09740d91f04a4c8,False,uncertain,not_semantically_reviewed,No semantic component/background assignment inferred from position or distance; padding_center is separate geometric proxy.
256,1862,736baaa0fc8d39ce48febcb6,False,uncertain,not_semantically_reviewed,No semantic component/background assignment inferred from position or distance; padding_center is separate geometric proxy.
256,540,5b19de312d23f0fa4ea50e0a,False,uncertain,not_semantically_reviewed,No semantic component/background assignment inferred from position or distance; padding_center is separate geometric proxy.
256,1218,3fbe6039a30d3245bdca405b,False,uncertain,not_semantically_reviewed,No semantic component/background assignment inferred from position or distance; padding_center is separate geometric proxy.
256,1684,0e53f40daa1b26d70774fbba,False,uncertain,not_semantically_reviewed,No semantic component/background assignment inferred from position or distance; padding_center is separate geometric proxy.
256,1909,8f00afcf8e50a60b4103d8df,False,uncertain,not_semantically_reviewed,No semantic component/background assignment inferred from position or distance; padding_center is separate geometric proxy.
256,584,c23d7ae024bdee362bd4bbf5,False,uncertain,not_semantically_reviewed,No semantic component/background assignment inferred from position or distance; padding_center is separate geometric proxy.
256,1284,e449fef81a55754d19fac2ff,False,uncertain,not_semantically_reviewed,No semantic component/background assignment inferred from position or distance; padding_center is separate geometric proxy.
256,2247,eccf2bd67fceb17929d34048,False,uncertain,not_semantically_reviewed,No semantic component/background assignment inferred from position or distance; padding_center is separate geometric proxy.
256,3521,1bf0f2223e141aab9e8118b4,False,uncertain,not_semantically_reviewed,No semantic component/background assignment inferred from position or distance; padding_center is separate geometric proxy.
256,609,18bdd05b85f8030805542307,False,uncertain,not_semantically_reviewed,No semantic component/background assignment inferred from position or distance; padding_center is separate geometric proxy.
256,3586,22eaa7df5e4b490e9a17adbb,False,component,visually_reviewed_selected_trace,Full source plus3x3gridcell context; redcenter. Component=visible package/body centered; emptyboard=unpopulated blue substrate centered; mixed/boundary/lowdetail=uncertain. This is not receptivefield or semantic correspondence.
256,1657,eda1bf0e0b848eb44a3df21d,False,component,visually_reviewed_selected_trace,Full source plus3x3gridcell context; redcenter. Component=visible package/body centered; emptyboard=unpopulated blue substrate centered; mixed/boundary/lowdetail=uncertain. This is not receptivefield or semantic correspondence.
256,3526,bfae5cd848e6184dadfcd3c4,False,uncertain,visually_reviewed_selected_trace,Full source plus3x3gridcell context; redcenter. Component=visible package/body centered; emptyboard=unpopulated blue substrate centered; mixed/boundary/lowdetail=uncertain. This is not receptivefield or semantic correspondence.
256,4060,e85d84ca65888ac2d9f2c565,False,uncertain,visually_reviewed_selected_trace,Full source plus3x3gridcell context; redcenter. Component=visible package/body centered; emptyboard=unpopulated blue substrate centered; mixed/boundary/lowdetail=uncertain. This is not receptivefield or semantic correspondence.
256,3119,cae873008c745eff122b18d8,False,uncertain,visually_reviewed_selected_trace,Full source plus3x3gridcell context; redcenter. Component=visible package/body centered; emptyboard=unpopulated blue substrate centered; mixed/boundary/lowdetail=uncertain. This is not receptivefield or semantic correspondence.
256,577,df5723911c098c3cf16dc7c4,False,uncertain,not_semantically_reviewed,No semantic component/background assignment inferred from position or distance; padding_center is separate geometric proxy.
256,957,0161225fef57b7ce6ba4e2f9,False,uncertain,not_semantically_reviewed,No semantic component/background assignment inferred from position or distance; padding_center is separate geometric proxy.
256,3153,9052050bccc72553c66e8144,False,uncertain,not_semantically_reviewed,No semantic component/background assignment inferred from position or distance; padding_center is separate geometric proxy.
256,3237,68c0fc0efbb93f1c3720c26f,False,uncertain,not_semantically_reviewed,No semantic component/background assignment inferred from position or distance; padding_center is separate geometric proxy.
256,1145,22eaa7df5e4b490e9a17adbb,False,uncertain,not_semantically_reviewed,No semantic component/background assignment inferred from position or distance; padding_center is separate geometric proxy.
256,1319,e67ceddf65cff5ddf42e56f5,False,uncertain,not_semantically_reviewed,No semantic component/background assignment inferred from position or distance; padding_center is separate geometric proxy.
256,3332,525c506269f0acc2392c57d9,False,uncertain,not_semantically_reviewed,No semantic component/background assignment inferred from position or distance; padding_center is separate geometric proxy.
256,767,488bd8045c660b3964c2e1a2,False,uncertain,not_semantically_reviewed,No semantic component/background assignment inferred from position or distance; padding_center is separate geometric proxy.
256,3555,d8893f3a76156d238b88fc70,False,uncertain,not_semantically_reviewed,No semantic component/background assignment inferred from position or distance; padding_center is separate geometric proxy.
256,1653,f2ad943c569d2bd5ccd7562b,False,uncertain,not_semantically_reviewed,No semantic component/background assignment inferred from position or distance; padding_center is separate geometric proxy.
256,4041,cbdf67e4b84fdebb3d0e28af,False,uncertain,not_semantically_reviewed,No semantic component/background assignment inferred from position or distance; padding_center is separate geometric proxy.
256,3253,96cffa1f95e03ab0d2337cd9,False,uncertain,not_semantically_reviewed,No semantic component/background assignment inferred from position or distance; padding_center is separate geometric proxy.
256,2816,06be4552bec7255b8b861f03,False,uncertain,not_semantically_reviewed,No semantic component/background assignment inferred from position or distance; padding_center is separate geometric proxy.
256,1170,06be4552bec7255b8b861f03,False,uncertain,not_semantically_reviewed,No semantic component/background assignment inferred from position or distance; padding_center is separate geometric proxy.
256,2618,3784d9ce84ce2d5e27775986,False,uncertain,not_semantically_reviewed,No semantic component/background assignment inferred from position or distance; padding_center is separate geometric proxy.
256,2241,8f6fbfd2fcc60504ec689e6c,False,uncertain,not_semantically_reviewed,No semantic component/background assignment inferred from position or distance; padding_center is separate geometric proxy.
256,1877,9052050bccc72553c66e8144,False,uncertain,not_semantically_reviewed,No semantic component/background assignment inferred from position or distance; padding_center is separate geometric proxy.
256,3991,f7068b501a1f85d83c38b0e7,False,uncertain,not_semantically_reviewed,No semantic component/background assignment inferred from position or distance; padding_center is separate geometric proxy.
256,710,9eb03521553a622f7a33bed1,False,uncertain,not_semantically_reviewed,No semantic component/background assignment inferred from position or distance; padding_center is separate geometric proxy.
256,921,6a33d51ff178335de31decc6,False,uncertain,not_semantically_reviewed,No semantic component/background assignment inferred from position or distance; padding_center is separate geometric proxy.
256,4079,907b198fa3ef3c60ce98f192,False,uncertain,not_semantically_reviewed,No semantic component/background assignment inferred from position or distance; padding_center is separate geometric proxy.
256,2512,d2d0b78258d04f01f729bef3,False,uncertain,not_semantically_reviewed,No semantic component/background assignment inferred from position or distance; padding_center is separate geometric proxy.
256,2925,20ff5c4cb6790d5e8a299f16,False,uncertain,not_semantically_reviewed,No semantic component/background assignment inferred from position or distance; padding_center is separate geometric proxy.
256,3483,9f3e91eb61fafa2aefda8e5c,False,uncertain,not_semantically_reviewed,No semantic component/background assignment inferred from position or distance; padding_center is separate geometric proxy.
256,3753,7ff10d5fa9617322c74f0a6b,False,uncertain,not_semantically_reviewed,No semantic component/background assignment inferred from position or distance; padding_center is separate geometric proxy.
256,1017,39887316da7c5f8c5bf8c589,False,uncertain,not_semantically_reviewed,No semantic component/background assignment inferred from position or distance; padding_center is separate geometric proxy.
256,3346,27be3e5be19a2b4c335ab973,False,uncertain,not_semantically_reviewed,No semantic component/background assignment inferred from position or distance; padding_center is separate geometric proxy.
256,65,39a90dd38ab3f71ef7c0ac36,False,uncertain,not_semantically_reviewed,No semantic component/background assignment inferred from position or distance; padding_center is separate geometric proxy.
256,2401,686aca559697cfd33db0eba9,False,uncertain,not_semantically_reviewed,No semantic component/background assignment inferred from position or distance; padding_center is separate geometric proxy.
256,3425,6327aa444536ad6d2e5386c2,False,uncertain,not_semantically_reviewed,No semantic component/background assignment inferred from position or distance; padding_center is separate geometric proxy.
256,2074,eccf2bd67fceb17929d34048,False,uncertain,not_semantically_reviewed,No semantic component/background assignment inferred from position or distance; padding_center is separate geometric proxy.
256,2879,9052050bccc72553c66e8144,False,uncertain,not_semantically_reviewed,No semantic component/background assignment inferred from position or distance; padding_center is separate geometric proxy.
256,2331,b5a2fb30928ad5646f9f4eb3,False,uncertain,not_semantically_reviewed,No semantic component/background assignment inferred from position or distance; padding_center is separate geometric proxy.
256,3773,f819b5d38b92c526e4ce0b71,False,uncertain,not_semantically_reviewed,No semantic component/background assignment inferred from position or distance; padding_center is separate geometric proxy.
256,3564,cd917aa0b2108ec00f030c1f,False,uncertain,not_semantically_reviewed,No semantic component/background assignment inferred from position or distance; padding_center is separate geometric proxy.
256,3056,38ba23814a02507d72f28ea0,False,uncertain,not_semantically_reviewed,No semantic component/background assignment inferred from position or distance; padding_center is separate geometric proxy.
256,2497,02c4095f91086ef5dec2355d,False,uncertain,not_semantically_reviewed,No semantic component/background assignment inferred from position or distance; padding_center is separate geometric proxy.
256,4085,93f67a2d05281d7b8a6af7d3,False,uncertain,not_semantically_reviewed,No semantic component/background assignment inferred from position or distance; padding_center is separate geometric proxy.
256,1545,952e25a8dcd8ce6055472946,False,uncertain,not_semantically_reviewed,No semantic component/background assignment inferred from position or distance; padding_center is separate geometric proxy.
256,1541,8b3d711d21737eddba34ea91,False,uncertain,not_semantically_reviewed,No semantic component/background assignment inferred from position or distance; padding_center is separate geometric proxy.
256,972,a45f7ec56768a817f0bb9744,False,uncertain,not_semantically_reviewed,No semantic component/background assignment inferred from position or distance; padding_center is separate geometric proxy.
256,3321,d8f0f1700919edcee7539d36,False,uncertain,not_semantically_reviewed,No semantic component/background assignment inferred from position or distance; padding_center is separate geometric proxy.
256,1482,b702b5c2a0d53b0311f8251d,False,uncertain,not_semantically_reviewed,No semantic component/background assignment inferred from position or distance; padding_center is separate geometric proxy.
256,3939,1b5943781105ad56b1d799cd,False,uncertain,not_semantically_reviewed,No semantic component/background assignment inferred from position or distance; padding_center is separate geometric proxy.
256,3311,b5a2fb30928ad5646f9f4eb3,False,uncertain,not_semantically_reviewed,No semantic component/background assignment inferred from position or distance; padding_center is separate geometric proxy.
256,1915,6bb2e1e28d946d43104440ab,False,uncertain,not_semantically_reviewed,No semantic component/background assignment inferred from position or distance; padding_center is separate geometric proxy.
256,3785,8f00afcf8e50a60b4103d8df,False,uncertain,not_semantically_reviewed,No semantic component/background assignment inferred from position or distance; padding_center is separate geometric proxy.
256,103,05f475da8df7efe992aa31fd,False,uncertain,not_semantically_reviewed,No semantic component/background assignment inferred from position or distance; padding_center is separate geometric proxy.
256,518,0e53f40daa1b26d70774fbba,False,uncertain,not_semantically_reviewed,No semantic component/background assignment inferred from position or distance; padding_center is separate geometric proxy.
256,614,68c0fc0efbb93f1c3720c26f,False,uncertain,not_semantically_reviewed,No semantic component/background assignment inferred from position or distance; padding_center is separate geometric proxy.
256,3569,3e9601c37c2513abd6a2f915,False,uncertain,not_semantically_reviewed,No semantic component/background assignment inferred from position or distance; padding_center is separate geometric proxy.
256,2076,51175d44934be4581a9f4b97,False,uncertain,not_semantically_reviewed,No semantic component/background assignment inferred from position or distance; padding_center is separate geometric proxy.
256,3766,20ff5c4cb6790d5e8a299f16,False,uncertain,not_semantically_reviewed,No semantic component/background assignment inferred from position or distance; padding_center is separate geometric proxy.
256,711,f5d57420c3c86277890c81c0,False,uncertain,not_semantically_reviewed,No semantic component/background assignment inferred from position or distance; padding_center is separate geometric proxy.
256,3159,38f756ced54f06aaf28227f0,False,uncertain,not_semantically_reviewed,No semantic component/background assignment inferred from position or distance; padding_center is separate geometric proxy.
256,2545,02c4095f91086ef5dec2355d,False,uncertain,not_semantically_reviewed,No semantic component/background assignment inferred from position or distance; padding_center is separate geometric proxy.
256,1751,ca8c65d35b429efe7f6a580c,False,uncertain,not_semantically_reviewed,No semantic component/background assignment inferred from position or distance; padding_center is separate geometric proxy.
256,898,2ec6b541acbbbcb014dfea27,False,uncertain,not_semantically_reviewed,No semantic component/background assignment inferred from position or distance; padding_center is separate geometric proxy.
256,3301,936284d821d8e5b66694ff5f,False,uncertain,not_semantically_reviewed,No semantic component/background assignment inferred from position or distance; padding_center is separate geometric proxy.
256,1897,9d2568d421729a597011f1aa,False,uncertain,not_semantically_reviewed,No semantic component/background assignment inferred from position or distance; padding_center is separate geometric proxy.
256,263,06076aa4ee79cdfe208a650e,False,uncertain,not_semantically_reviewed,No semantic component/background assignment inferred from position or distance; padding_center is separate geometric proxy.
256,2589,bbbde7bf5487a3433dcea610,False,uncertain,not_semantically_reviewed,No semantic component/background assignment inferred from position or distance; padding_center is separate geometric proxy.
256,2075,063bab508413683d45ce0d61,False,uncertain,not_semantically_reviewed,No semantic component/background assignment inferred from position or distance; padding_center is separate geometric proxy.
256,2968,8069600c7d77cc9c241150c9,False,uncertain,not_semantically_reviewed,No semantic component/background assignment inferred from position or distance; padding_center is separate geometric proxy.
256,2315,f2ad943c569d2bd5ccd7562b,False,uncertain,not_semantically_reviewed,No semantic component/background assignment inferred from position or distance; padding_center is separate geometric proxy.
256,1181,47e952b58b623834813e81be,False,uncertain,not_semantically_reviewed,No semantic component/background assignment inferred from position or distance; padding_center is separate geometric proxy.
256,3853,94ba7b6ade3b906ec1c3ebcb,False,uncertain,not_semantically_reviewed,No semantic component/background assignment inferred from position or distance; padding_center is separate geometric proxy.
256,1999,6a94f7732c738d23f7748f52,False,uncertain,not_semantically_reviewed,No semantic component/background assignment inferred from position or distance; padding_center is separate geometric proxy.
256,2874,f5fd54bef0452118ba626eb5,False,uncertain,not_semantically_reviewed,No semantic component/background assignment inferred from position or distance; padding_center is separate geometric proxy.
256,746,eccf2bd67fceb17929d34048,False,uncertain,not_semantically_reviewed,No semantic component/background assignment inferred from position or distance; padding_center is separate geometric proxy.
256,2089,04395c53f5e9e20a0c01695f,False,uncertain,not_semantically_reviewed,No semantic component/background assignment inferred from position or distance; padding_center is separate geometric proxy.
256,3693,beb27fbfbc890e3ec777a8aa,False,uncertain,not_semantically_reviewed,No semantic component/background assignment inferred from position or distance; padding_center is separate geometric proxy.
256,1603,9d2568d421729a597011f1aa,False,uncertain,not_semantically_reviewed,No semantic component/background assignment inferred from position or distance; padding_center is separate geometric proxy.
256,538,eda1bf0e0b848eb44a3df21d,False,uncertain,not_semantically_reviewed,No semantic component/background assignment inferred from position or distance; padding_center is separate geometric proxy.
256,3588,3ebead1363452c579c4f787b,False,uncertain,not_semantically_reviewed,No semantic component/background assignment inferred from position or distance; padding_center is separate geometric proxy.
256,2584,c5c881e5184121a3553fc84d,False,uncertain,not_semantically_reviewed,No semantic component/background assignment inferred from position or distance; padding_center is separate geometric proxy.
256,3436,b0dd0e462140c86096b7a0ea,False,uncertain,not_semantically_reviewed,No semantic component/background assignment inferred from position or distance; padding_center is separate geometric proxy.
256,1495,51175d44934be4581a9f4b97,False,uncertain,not_semantically_reviewed,No semantic component/background assignment inferred from position or distance; padding_center is separate geometric proxy.
256,12,96cffa1f95e03ab0d2337cd9,False,uncertain,not_semantically_reviewed,No semantic component/background assignment inferred from position or distance; padding_center is separate geometric proxy.
256,1868,523569515df9ae266b5cc18f,False,uncertain,not_semantically_reviewed,No semantic component/background assignment inferred from position or distance; padding_center is separate geometric proxy.
256,1826,5c15ccf66b55ebcefa392ce3,False,uncertain,not_semantically_reviewed,No semantic component/background assignment inferred from position or distance; padding_center is separate geometric proxy.
256,581,5dceb4553fdc75deb70c6d6d,False,uncertain,not_semantically_reviewed,No semantic component/background assignment inferred from position or distance; padding_center is separate geometric proxy.
256,2491,02c4095f91086ef5dec2355d,False,uncertain,not_semantically_reviewed,No semantic component/background assignment inferred from position or distance; padding_center is separate geometric proxy.
256,316,1b5943781105ad56b1d799cd,False,uncertain,not_semantically_reviewed,No semantic component/background assignment inferred from position or distance; padding_center is separate geometric proxy.
256,2086,11b58bbc909e5dd0a7548fda,False,uncertain,not_semantically_reviewed,No semantic component/background assignment inferred from position or distance; padding_center is separate geometric proxy.
256,1205,b835848ba6dc41fd039075a7,False,uncertain,not_semantically_reviewed,No semantic component/background assignment inferred from position or distance; padding_center is separate geometric proxy.
256,1781,9d0fec5d4a23a4e1d1c3edf3,False,uncertain,not_semantically_reviewed,No semantic component/background assignment inferred from position or distance; padding_center is separate geometric proxy.
256,2033,0e53f40daa1b26d70774fbba,False,uncertain,not_semantically_reviewed,No semantic component/background assignment inferred from position or distance; padding_center is separate geometric proxy.
256,35,90e8a907f547394a0a39da40,False,uncertain,not_semantically_reviewed,No semantic component/background assignment inferred from position or distance; padding_center is separate geometric proxy.
256,1594,ca8c65d35b429efe7f6a580c,False,uncertain,not_semantically_reviewed,No semantic component/background assignment inferred from position or distance; padding_center is separate geometric proxy.
256,2383,1327d6214b0219c36221ae31,False,uncertain,not_semantically_reviewed,No semantic component/background assignment inferred from position or distance; padding_center is separate geometric proxy.
256,3976,8d21850c283f248e197a3812,False,uncertain,not_semantically_reviewed,No semantic component/background assignment inferred from position or distance; padding_center is separate geometric proxy.
256,3743,105cbc422d6aff7a633c1188,False,uncertain,not_semantically_reviewed,No semantic component/background assignment inferred from position or distance; padding_center is separate geometric proxy.
256,3640,3784d9ce84ce2d5e27775986,False,uncertain,not_semantically_reviewed,No semantic component/background assignment inferred from position or distance; padding_center is separate geometric proxy.
256,1115,303209d2be40fbac956e7d58,False,uncertain,not_semantically_reviewed,No semantic component/background assignment inferred from position or distance; padding_center is separate geometric proxy.
256,2854,f55ce837ffdc773d16223cc9,False,uncertain,not_semantically_reviewed,No semantic component/background assignment inferred from position or distance; padding_center is separate geometric proxy.
256,594,d0cdbb44b12db8f2fcb248d4,False,uncertain,not_semantically_reviewed,No semantic component/background assignment inferred from position or distance; padding_center is separate geometric proxy.
256,2128,dd6767c1fd38fd7c62f39c39,False,uncertain,not_semantically_reviewed,No semantic component/background assignment inferred from position or distance; padding_center is separate geometric proxy.
256,3632,2953f7797bef78b367bc1f2c,False,uncertain,not_semantically_reviewed,No semantic component/background assignment inferred from position or distance; padding_center is separate geometric proxy.
256,2428,a44c5164c6898d9014a0a4da,False,uncertain,not_semantically_reviewed,No semantic component/background assignment inferred from position or distance; padding_center is separate geometric proxy.
256,3713,a85b8f4d5500cae41064cdb7,False,uncertain,not_semantically_reviewed,No semantic component/background assignment inferred from position or distance; padding_center is separate geometric proxy.
256,1772,f0efee30db5360706b96d09f,False,uncertain,not_semantically_reviewed,No semantic component/background assignment inferred from position or distance; padding_center is separate geometric proxy.
256,3634,f17a86259d0b63b4c11d6fdc,False,uncertain,not_semantically_reviewed,No semantic component/background assignment inferred from position or distance; padding_center is separate geometric proxy.
256,3043,c90363705751a79167614ca3,False,uncertain,not_semantically_reviewed,No semantic component/background assignment inferred from position or distance; padding_center is separate geometric proxy.
256,1394,02c4095f91086ef5dec2355d,False,uncertain,not_semantically_reviewed,No semantic component/background assignment inferred from position or distance; padding_center is separate geometric proxy.
256,2834,f85a4d30cbe2d839d85caae0,False,uncertain,not_semantically_reviewed,No semantic component/background assignment inferred from position or distance; padding_center is separate geometric proxy.
256,2131,00f1aa2318c0169ace9c04bb,False,uncertain,not_semantically_reviewed,No semantic component/background assignment inferred from position or distance; padding_center is separate geometric proxy.
256,1626,4ef0dc3204621c8f7fccfc43,False,uncertain,not_semantically_reviewed,No semantic component/background assignment inferred from position or distance; padding_center is separate geometric proxy.
256,34,3600b9cdf68a783f08fd12aa,False,uncertain,not_semantically_reviewed,No semantic component/background assignment inferred from position or distance; padding_center is separate geometric proxy.
256,1895,96cffa1f95e03ab0d2337cd9,False,uncertain,not_semantically_reviewed,No semantic component/background assignment inferred from position or distance; padding_center is separate geometric proxy.
256,1940,fa02af9f12e5c5dfce20f364,False,uncertain,not_semantically_reviewed,No semantic component/background assignment inferred from position or distance; padding_center is separate geometric proxy.
256,987,1b5943781105ad56b1d799cd,False,uncertain,not_semantically_reviewed,No semantic component/background assignment inferred from position or distance; padding_center is separate geometric proxy.
256,1644,7d79606700d0aef327681d62,False,uncertain,not_semantically_reviewed,No semantic component/background assignment inferred from position or distance; padding_center is separate geometric proxy.
256,3532,2ac616b07e8f0365dcd99252,False,uncertain,not_semantically_reviewed,No semantic component/background assignment inferred from position or distance; padding_center is separate geometric proxy.
256,1018,3ca9848d2ddf762ea1ca374e,False,uncertain,not_semantically_reviewed,No semantic component/background assignment inferred from position or distance; padding_center is separate geometric proxy.
256,1334,0eaf2d19aa0c775d62a83644,False,uncertain,not_semantically_reviewed,No semantic component/background assignment inferred from position or distance; padding_center is separate geometric proxy.
256,2557,dbc6731e5f46123310a69ffd,False,uncertain,not_semantically_reviewed,No semantic component/background assignment inferred from position or distance; padding_center is separate geometric proxy.
256,175,20ff5c4cb6790d5e8a299f16,False,uncertain,not_semantically_reviewed,No semantic component/background assignment inferred from position or distance; padding_center is separate geometric proxy.
256,3882,e1332eb5c86461f086004c34,False,uncertain,not_semantically_reviewed,No semantic component/background assignment inferred from position or distance; padding_center is separate geometric proxy.
256,1665,feb62217c5c9e56e5a0501d7,False,uncertain,not_semantically_reviewed,No semantic component/background assignment inferred from position or distance; padding_center is separate geometric proxy.
256,652,7ff10d5fa9617322c74f0a6b,False,uncertain,not_semantically_reviewed,No semantic component/background assignment inferred from position or distance; padding_center is separate geometric proxy.
256,3656,86167754816351afb9121870,False,uncertain,not_semantically_reviewed,No semantic component/background assignment inferred from position or distance; padding_center is separate geometric proxy.
256,1327,1a6c6fa7c8a001348abf771b,False,uncertain,not_semantically_reviewed,No semantic component/background assignment inferred from position or distance; padding_center is separate geometric proxy.
256,3094,076f4e4592b7e72c839e121e,False,uncertain,not_semantically_reviewed,No semantic component/background assignment inferred from position or distance; padding_center is separate geometric proxy.
256,3392,079b8fbb4926676e9fdd26be,False,uncertain,not_semantically_reviewed,No semantic component/background assignment inferred from position or distance; padding_center is separate geometric proxy.
256,2809,4c7ebec199ba9cbea02ba2e3,False,uncertain,not_semantically_reviewed,No semantic component/background assignment inferred from position or distance; padding_center is separate geometric proxy.
256,1856,8d8da59b0a99e887b532a674,False,uncertain,not_semantically_reviewed,No semantic component/background assignment inferred from position or distance; padding_center is separate geometric proxy.
256,275,141eb4e29fb93b1a99e315c8,False,uncertain,not_semantically_reviewed,No semantic component/background assignment inferred from position or distance; padding_center is separate geometric proxy.
256,775,3145cb9ae6c92469f05d2c3a,False,uncertain,not_semantically_reviewed,No semantic component/background assignment inferred from position or distance; padding_center is separate geometric proxy.
256,4075,827aef055580c944141792d8,False,uncertain,not_semantically_reviewed,No semantic component/background assignment inferred from position or distance; padding_center is separate geometric proxy.
256,333,c7633ba2b0624fc95a5a5341,False,uncertain,not_semantically_reviewed,No semantic component/background assignment inferred from position or distance; padding_center is separate geometric proxy.
256,1678,3077d86689d5a3505b74c51e,False,uncertain,not_semantically_reviewed,No semantic component/background assignment inferred from position or distance; padding_center is separate geometric proxy.
256,3671,dfa76a8c21b877080895d047,False,uncertain,not_semantically_reviewed,No semantic component/background assignment inferred from position or distance; padding_center is separate geometric proxy.
256,1949,64b8249d3fc0fe41daf96f8b,False,uncertain,not_semantically_reviewed,No semantic component/background assignment inferred from position or distance; padding_center is separate geometric proxy.
256,4044,546fa92166277933cf129cf3,False,uncertain,not_semantically_reviewed,No semantic component/background assignment inferred from position or distance; padding_center is separate geometric proxy.
256,873,bfb5f4684d99186b5f4eb7af,False,uncertain,not_semantically_reviewed,No semantic component/background assignment inferred from position or distance; padding_center is separate geometric proxy.
256,3184,be6ebaae0a4d131091ef07a9,False,uncertain,not_semantically_reviewed,No semantic component/background assignment inferred from position or distance; padding_center is separate geometric proxy.
256,372,7086c3b7f6936769b7d902ff,False,uncertain,not_semantically_reviewed,No semantic component/background assignment inferred from position or distance; padding_center is separate geometric proxy.
256,1931,12196e78def6040041f13f61,False,uncertain,not_semantically_reviewed,No semantic component/background assignment inferred from position or distance; padding_center is separate geometric proxy.
256,615,6e27bd35475fc44cb8ed2f15,False,uncertain,not_semantically_reviewed,No semantic component/background assignment inferred from position or distance; padding_center is separate geometric proxy.
256,2211,0726fc7b3dbfa39abe4d246a,False,uncertain,not_semantically_reviewed,No semantic component/background assignment inferred from position or distance; padding_center is separate geometric proxy.
256,1390,3c02528f81f248ea1e58abc5,False,uncertain,not_semantically_reviewed,No semantic component/background assignment inferred from position or distance; padding_center is separate geometric proxy.
256,2886,200042ee3dd3defd68926f37,False,uncertain,not_semantically_reviewed,No semantic component/background assignment inferred from position or distance; padding_center is separate geometric proxy.
256,1326,3e9601c37c2513abd6a2f915,False,uncertain,not_semantically_reviewed,No semantic component/background assignment inferred from position or distance; padding_center is separate geometric proxy.
256,623,0334881c2a6072e337a55f97,False,uncertain,not_semantically_reviewed,No semantic component/background assignment inferred from position or distance; padding_center is separate geometric proxy.
256,981,8c45dd494acbb106ab4500e8,False,uncertain,not_semantically_reviewed,No semantic component/background assignment inferred from position or distance; padding_center is separate geometric proxy.
256,3978,66b007b118c0f706871e39e2,False,uncertain,not_semantically_reviewed,No semantic component/background assignment inferred from position or distance; padding_center is separate geometric proxy.
256,619,827aef055580c944141792d8,False,uncertain,not_semantically_reviewed,No semantic component/background assignment inferred from position or distance; padding_center is separate geometric proxy.
256,4032,89df830e8a15cf60ce38bc93,False,uncertain,not_semantically_reviewed,No semantic component/background assignment inferred from position or distance; padding_center is separate geometric proxy.
256,3889,4424ee2da09740d91f04a4c8,False,uncertain,not_semantically_reviewed,No semantic component/background assignment inferred from position or distance; padding_center is separate geometric proxy.
256,4013,2d232dbda80155a5597435da,False,uncertain,not_semantically_reviewed,No semantic component/background assignment inferred from position or distance; padding_center is separate geometric proxy.
256,997,2e5978f4da260374452ae8a2,False,uncertain,not_semantically_reviewed,No semantic component/background assignment inferred from position or distance; padding_center is separate geometric proxy.
256,810,c957e21dc70d6ab2000240ca,False,uncertain,not_semantically_reviewed,No semantic component/background assignment inferred from position or distance; padding_center is separate geometric proxy.
256,975,66d10c1a1a2e920f3353605b,False,uncertain,not_semantically_reviewed,No semantic component/background assignment inferred from position or distance; padding_center is separate geometric proxy.
256,1827,7afbc26da1dbba6cc7e92529,False,uncertain,not_semantically_reviewed,No semantic component/background assignment inferred from position or distance; padding_center is separate geometric proxy.
256,3182,74638a61aa0665d0f887c089,False,uncertain,not_semantically_reviewed,No semantic component/background assignment inferred from position or distance; padding_center is separate geometric proxy.
256,110,89df830e8a15cf60ce38bc93,False,uncertain,not_semantically_reviewed,No semantic component/background assignment inferred from position or distance; padding_center is separate geometric proxy.
256,3966,5e1d7231fed9766c68b295c7,False,uncertain,not_semantically_reviewed,No semantic component/background assignment inferred from position or distance; padding_center is separate geometric proxy.
256,1937,07726a75a06f75abf5b695d4,False,uncertain,not_semantically_reviewed,No semantic component/background assignment inferred from position or distance; padding_center is separate geometric proxy.
256,2290,2e5978f4da260374452ae8a2,False,uncertain,not_semantically_reviewed,No semantic component/background assignment inferred from position or distance; padding_center is separate geometric proxy.
256,2693,e28781384ed976608771c132,False,uncertain,not_semantically_reviewed,No semantic component/background assignment inferred from position or distance; padding_center is separate geometric proxy.
256,3590,4dc8d3119ac06b59ca06d65a,False,uncertain,not_semantically_reviewed,No semantic component/background assignment inferred from position or distance; padding_center is separate geometric proxy.
256,1225,9fd931e296c23b935c80a2db,False,uncertain,not_semantically_reviewed,No semantic component/background assignment inferred from position or distance; padding_center is separate geometric proxy.
256,842,487fb855420a23bbd66bb5c3,False,uncertain,not_semantically_reviewed,No semantic component/background assignment inferred from position or distance; padding_center is separate geometric proxy.
256,3277,e1f9b73f0e97bbc50bbf5d91,False,uncertain,not_semantically_reviewed,No semantic component/background assignment inferred from position or distance; padding_center is separate geometric proxy.
256,2328,c957e21dc70d6ab2000240ca,False,uncertain,not_semantically_reviewed,No semantic component/background assignment inferred from position or distance; padding_center is separate geometric proxy.
256,1997,c6175a761ad4823c6ccf1423,False,uncertain,not_semantically_reviewed,No semantic component/background assignment inferred from position or distance; padding_center is separate geometric proxy.
256,3417,56f9f2e5af9215d836af847a,False,uncertain,not_semantically_reviewed,No semantic component/background assignment inferred from position or distance; padding_center is separate geometric proxy.
256,1517,3077d86689d5a3505b74c51e,False,uncertain,not_semantically_reviewed,No semantic component/background assignment inferred from position or distance; padding_center is separate geometric proxy.
256,2114,b3ae56bdf7c8ea243704b1e2,False,uncertain,not_semantically_reviewed,No semantic component/background assignment inferred from position or distance; padding_center is separate geometric proxy.
256,643,79bc2e4e01676ea5281bcec0,False,uncertain,not_semantically_reviewed,No semantic component/background assignment inferred from position or distance; padding_center is separate geometric proxy.
256,2419,078eaae5270ec7de043ba802,False,uncertain,not_semantically_reviewed,No semantic component/background assignment inferred from position or distance; padding_center is separate geometric proxy.
256,3587,94ba7b6ade3b906ec1c3ebcb,False,uncertain,not_semantically_reviewed,No semantic component/background assignment inferred from position or distance; padding_center is separate geometric proxy.
256,2168,da4aa46a79918d3cd2297454,False,uncertain,not_semantically_reviewed,No semantic component/background assignment inferred from position or distance; padding_center is separate geometric proxy.
256,2043,475d3a39b0f5bde6f2638d17,False,uncertain,not_semantically_reviewed,No semantic component/background assignment inferred from position or distance; padding_center is separate geometric proxy.
256,3458,b2e03eda5efa05c952ed92ff,False,uncertain,not_semantically_reviewed,No semantic component/background assignment inferred from position or distance; padding_center is separate geometric proxy.
256,1381,fdad2167b4b6bf6d753dd060,False,uncertain,not_semantically_reviewed,No semantic component/background assignment inferred from position or distance; padding_center is separate geometric proxy.
256,826,8a537772fd9140be6467cba8,False,uncertain,not_semantically_reviewed,No semantic component/background assignment inferred from position or distance; padding_center is separate geometric proxy.
256,2414,06fbf186a5127791b33b7487,False,uncertain,not_semantically_reviewed,No semantic component/background assignment inferred from position or distance; padding_center is separate geometric proxy.
256,527,7b9272db08a41f6c5e8105f2,False,uncertain,not_semantically_reviewed,No semantic component/background assignment inferred from position or distance; padding_center is separate geometric proxy.
256,2483,21decaf607d356c6e48eaecb,False,uncertain,not_semantically_reviewed,No semantic component/background assignment inferred from position or distance; padding_center is separate geometric proxy.
256,291,087e4032140db250860dbcf0,False,uncertain,not_semantically_reviewed,No semantic component/background assignment inferred from position or distance; padding_center is separate geometric proxy.
256,2036,b3ae56bdf7c8ea243704b1e2,False,uncertain,not_semantically_reviewed,No semantic component/background assignment inferred from position or distance; padding_center is separate geometric proxy.
256,3222,b8540c2b902e1e4e0505b847,False,uncertain,not_semantically_reviewed,No semantic component/background assignment inferred from position or distance; padding_center is separate geometric proxy.
256,561,7afbc26da1dbba6cc7e92529,False,uncertain,not_semantically_reviewed,No semantic component/background assignment inferred from position or distance; padding_center is separate geometric proxy.
256,1159,aed9429f62b275db586a9235,False,uncertain,not_semantically_reviewed,No semantic component/background assignment inferred from position or distance; padding_center is separate geometric proxy.
256,88,3077d86689d5a3505b74c51e,False,uncertain,not_semantically_reviewed,No semantic component/background assignment inferred from position or distance; padding_center is separate geometric proxy.
256,3965,79bc2e4e01676ea5281bcec0,False,uncertain,not_semantically_reviewed,No semantic component/background assignment inferred from position or distance; padding_center is separate geometric proxy.
256,3614,6791f6649b9ca79b8b6ebb30,False,uncertain,not_semantically_reviewed,No semantic component/background assignment inferred from position or distance; padding_center is separate geometric proxy.
256,2694,00f1aa2318c0169ace9c04bb,False,uncertain,not_semantically_reviewed,No semantic component/background assignment inferred from position or distance; padding_center is separate geometric proxy.
256,2081,04e3ee6cc5b42a1312bef2c0,False,uncertain,not_semantically_reviewed,No semantic component/background assignment inferred from position or distance; padding_center is separate geometric proxy.
256,184,dfdb0d0f027bd00ec46eee2b,False,uncertain,not_semantically_reviewed,No semantic component/background assignment inferred from position or distance; padding_center is separate geometric proxy.
256,1972,43c3352d430e10a47c8fd947,False,uncertain,not_semantically_reviewed,No semantic component/background assignment inferred from position or distance; padding_center is separate geometric proxy.
256,3517,4dc8d3119ac06b59ca06d65a,False,uncertain,not_semantically_reviewed,No semantic component/background assignment inferred from position or distance; padding_center is separate geometric proxy.
256,315,ff2ced79066df248fa968991,False,uncertain,not_semantically_reviewed,No semantic component/background assignment inferred from position or distance; padding_center is separate geometric proxy.
256,2094,e242ffcf72bc34f118ad3b08,False,uncertain,not_semantically_reviewed,No semantic component/background assignment inferred from position or distance; padding_center is separate geometric proxy.
256,1415,53553f400f2058be52468beb,False,uncertain,not_semantically_reviewed,No semantic component/background assignment inferred from position or distance; padding_center is separate geometric proxy.
256,3562,8054ca96d8472cde33311981,False,uncertain,not_semantically_reviewed,No semantic component/background assignment inferred from position or distance; padding_center is separate geometric proxy.
256,2754,f4b41463bd280c09530fb8d5,False,uncertain,not_semantically_reviewed,No semantic component/background assignment inferred from position or distance; padding_center is separate geometric proxy.
256,1851,92de296e20733f6eb94d79cd,False,uncertain,not_semantically_reviewed,No semantic component/background assignment inferred from position or distance; padding_center is separate geometric proxy.
256,3903,11afda0226ff6f318f17aa5f,False,uncertain,not_semantically_reviewed,No semantic component/background assignment inferred from position or distance; padding_center is separate geometric proxy.
256,2305,5c6d3466c6986a59ea1677b0,False,uncertain,not_semantically_reviewed,No semantic component/background assignment inferred from position or distance; padding_center is separate geometric proxy.
256,3956,c7ee197309993fe770fe3b77,False,uncertain,not_semantically_reviewed,No semantic component/background assignment inferred from position or distance; padding_center is separate geometric proxy.
256,1364,f2a60dda47da8c5ea9cd3abb,False,uncertain,not_semantically_reviewed,No semantic component/background assignment inferred from position or distance; padding_center is separate geometric proxy.
256,2660,a375497ad4c3128e063d9b2d,False,uncertain,not_semantically_reviewed,No semantic component/background assignment inferred from position or distance; padding_center is separate geometric proxy.
256,2773,1b5943781105ad56b1d799cd,False,uncertain,not_semantically_reviewed,No semantic component/background assignment inferred from position or distance; padding_center is separate geometric proxy.
256,1832,84442fa91f2c20b34ab4e0dd,False,uncertain,not_semantically_reviewed,No semantic component/background assignment inferred from position or distance; padding_center is separate geometric proxy.
256,2653,6e27bd35475fc44cb8ed2f15,False,uncertain,not_semantically_reviewed,No semantic component/background assignment inferred from position or distance; padding_center is separate geometric proxy.
256,699,b6b12792e7632ef2609e5e75,False,uncertain,not_semantically_reviewed,No semantic component/background assignment inferred from position or distance; padding_center is separate geometric proxy.
256,2044,4bbc0bc9496a4f24dfec4361,False,uncertain,not_semantically_reviewed,No semantic component/background assignment inferred from position or distance; padding_center is separate geometric proxy.
256,417,eccf2bd67fceb17929d34048,False,uncertain,not_semantically_reviewed,No semantic component/background assignment inferred from position or distance; padding_center is separate geometric proxy.
256,2785,475d3a39b0f5bde6f2638d17,False,uncertain,not_semantically_reviewed,No semantic component/background assignment inferred from position or distance; padding_center is separate geometric proxy.
256,893,7af5cfe2789ad8884c2c680c,False,uncertain,not_semantically_reviewed,No semantic component/background assignment inferred from position or distance; padding_center is separate geometric proxy.
256,3192,47e952b58b623834813e81be,False,uncertain,not_semantically_reviewed,No semantic component/background assignment inferred from position or distance; padding_center is separate geometric proxy.
256,3613,53553f400f2058be52468beb,False,uncertain,not_semantically_reviewed,No semantic component/background assignment inferred from position or distance; padding_center is separate geometric proxy.
256,1496,bfae5cd848e6184dadfcd3c4,False,uncertain,not_semantically_reviewed,No semantic component/background assignment inferred from position or distance; padding_center is separate geometric proxy.
256,1719,18bdd05b85f8030805542307,False,uncertain,not_semantically_reviewed,No semantic component/background assignment inferred from position or distance; padding_center is separate geometric proxy.
256,1952,f18d9fcdfa2282a3b6ad2aa8,False,uncertain,not_semantically_reviewed,No semantic component/background assignment inferred from position or distance; padding_center is separate geometric proxy.
256,425,53553f400f2058be52468beb,False,uncertain,not_semantically_reviewed,No semantic component/background assignment inferred from position or distance; padding_center is separate geometric proxy.
256,126,eb04afef9b1b9923e7faabaf,False,uncertain,not_semantically_reviewed,No semantic component/background assignment inferred from position or distance; padding_center is separate geometric proxy.
256,2449,8e46c5ffa65a69e217cfbaed,False,uncertain,not_semantically_reviewed,No semantic component/background assignment inferred from position or distance; padding_center is separate geometric proxy.
256,3028,43c3352d430e10a47c8fd947,False,uncertain,not_semantically_reviewed,No semantic component/background assignment inferred from position or distance; padding_center is separate geometric proxy.
256,1800,b797141e90d5975ca6eb24ff,False,uncertain,not_semantically_reviewed,No semantic component/background assignment inferred from position or distance; padding_center is separate geometric proxy.
256,1452,e47e5b1177f091fde9ec844d,False,uncertain,not_semantically_reviewed,No semantic component/background assignment inferred from position or distance; padding_center is separate geometric proxy.
256,3082,6b997b29df19df5c97bc6c5f,False,uncertain,not_semantically_reviewed,No semantic component/background assignment inferred from position or distance; padding_center is separate geometric proxy.
256,1290,0f0d00e434b9e591bacd5b76,False,uncertain,not_semantically_reviewed,No semantic component/background assignment inferred from position or distance; padding_center is separate geometric proxy.
256,2846,f3d87453cdfcc5cff9c97418,False,uncertain,not_semantically_reviewed,No semantic component/background assignment inferred from position or distance; padding_center is separate geometric proxy.
256,1664,3e988861d357da3578512243,False,uncertain,not_semantically_reviewed,No semantic component/background assignment inferred from position or distance; padding_center is separate geometric proxy.
256,2218,6327aa444536ad6d2e5386c2,False,uncertain,not_semantically_reviewed,No semantic component/background assignment inferred from position or distance; padding_center is separate geometric proxy.
256,3169,2d232dbda80155a5597435da,False,uncertain,not_semantically_reviewed,No semantic component/background assignment inferred from position or distance; padding_center is separate geometric proxy.
256,635,514bca41e512abcb720415b8,False,uncertain,not_semantically_reviewed,No semantic component/background assignment inferred from position or distance; padding_center is separate geometric proxy.
256,1845,b346efa700cbea47db728564,False,uncertain,not_semantically_reviewed,No semantic component/background assignment inferred from position or distance; padding_center is separate geometric proxy.
256,3798,3b739922cafc7c1c1b6bf5af,False,uncertain,not_semantically_reviewed,No semantic component/background assignment inferred from position or distance; padding_center is separate geometric proxy.
256,89,cf9d2ab5a56166e58e048bad,False,uncertain,not_semantically_reviewed,No semantic component/background assignment inferred from position or distance; padding_center is separate geometric proxy.
256,3551,a62dae09b2226f081de0d80f,False,uncertain,not_semantically_reviewed,No semantic component/background assignment inferred from position or distance; padding_center is separate geometric proxy.
256,2223,8e46c5ffa65a69e217cfbaed,False,uncertain,not_semantically_reviewed,No semantic component/background assignment inferred from position or distance; padding_center is separate geometric proxy.
256,1536,5c6d3466c6986a59ea1677b0,False,uncertain,not_semantically_reviewed,No semantic component/background assignment inferred from position or distance; padding_center is separate geometric proxy.
256,2966,63960923c232394fd8e99843,False,uncertain,not_semantically_reviewed,No semantic component/background assignment inferred from position or distance; padding_center is separate geometric proxy.
256,1878,f4b41463bd280c09530fb8d5,False,uncertain,not_semantically_reviewed,No semantic component/background assignment inferred from position or distance; padding_center is separate geometric proxy.
256,1485,5fc1aadc9e2e9f7d4a76bdd4,False,uncertain,not_semantically_reviewed,No semantic component/background assignment inferred from position or distance; padding_center is separate geometric proxy.
256,679,105cbc422d6aff7a633c1188,False,uncertain,not_semantically_reviewed,No semantic component/background assignment inferred from position or distance; padding_center is separate geometric proxy.
256,3752,c5c881e5184121a3553fc84d,False,uncertain,not_semantically_reviewed,No semantic component/background assignment inferred from position or distance; padding_center is separate geometric proxy.
256,2307,5c75350aed5b717062b17cae,False,uncertain,not_semantically_reviewed,No semantic component/background assignment inferred from position or distance; padding_center is separate geometric proxy.
256,1032,92de296e20733f6eb94d79cd,False,uncertain,not_semantically_reviewed,No semantic component/background assignment inferred from position or distance; padding_center is separate geometric proxy.
256,3886,8e46c5ffa65a69e217cfbaed,False,uncertain,not_semantically_reviewed,No semantic component/background assignment inferred from position or distance; padding_center is separate geometric proxy.
256,2592,e1f9b73f0e97bbc50bbf5d91,False,uncertain,not_semantically_reviewed,No semantic component/background assignment inferred from position or distance; padding_center is separate geometric proxy.
256,1883,6791f6649b9ca79b8b6ebb30,False,uncertain,not_semantically_reviewed,No semantic component/background assignment inferred from position or distance; padding_center is separate geometric proxy.
256,1846,02c4095f91086ef5dec2355d,False,uncertain,not_semantically_reviewed,No semantic component/background assignment inferred from position or distance; padding_center is separate geometric proxy.
256,2578,230411525f34907d4d302e28,False,uncertain,not_semantically_reviewed,No semantic component/background assignment inferred from position or distance; padding_center is separate geometric proxy.
256,1096,c23d7ae024bdee362bd4bbf5,False,uncertain,not_semantically_reviewed,No semantic component/background assignment inferred from position or distance; padding_center is separate geometric proxy.
256,3865,141eb4e29fb93b1a99e315c8,False,uncertain,not_semantically_reviewed,No semantic component/background assignment inferred from position or distance; padding_center is separate geometric proxy.
256,745,7e61ea81f0f1120629741738,False,uncertain,not_semantically_reviewed,No semantic component/background assignment inferred from position or distance; padding_center is separate geometric proxy.
256,3664,6c08935d1f26d7d1da5b58ee,False,uncertain,not_semantically_reviewed,No semantic component/background assignment inferred from position or distance; padding_center is separate geometric proxy.
256,666,56abb3edb284c2344e16fc3c,False,uncertain,not_semantically_reviewed,No semantic component/background assignment inferred from position or distance; padding_center is separate geometric proxy.
256,956,e449fef81a55754d19fac2ff,False,uncertain,not_semantically_reviewed,No semantic component/background assignment inferred from position or distance; padding_center is separate geometric proxy.
256,3272,105cbc422d6aff7a633c1188,False,uncertain,not_semantically_reviewed,No semantic component/background assignment inferred from position or distance; padding_center is separate geometric proxy.
256,3654,487fb855420a23bbd66bb5c3,False,uncertain,not_semantically_reviewed,No semantic component/background assignment inferred from position or distance; padding_center is separate geometric proxy.
256,3221,feb62217c5c9e56e5a0501d7,False,uncertain,not_semantically_reviewed,No semantic component/background assignment inferred from position or distance; padding_center is separate geometric proxy.
256,2016,e1f9b73f0e97bbc50bbf5d91,False,uncertain,not_semantically_reviewed,No semantic component/background assignment inferred from position or distance; padding_center is separate geometric proxy.
256,373,a85b8f4d5500cae41064cdb7,False,uncertain,not_semantically_reviewed,No semantic component/background assignment inferred from position or distance; padding_center is separate geometric proxy.
256,2672,1061ec3ba29886b2060ea2a9,False,uncertain,not_semantically_reviewed,No semantic component/background assignment inferred from position or distance; padding_center is separate geometric proxy.
256,2003,7ff10d5fa9617322c74f0a6b,False,uncertain,not_semantically_reviewed,No semantic component/background assignment inferred from position or distance; padding_center is separate geometric proxy.
256,2100,375c3b26f7adcdcc127b88f4,False,uncertain,not_semantically_reviewed,No semantic component/background assignment inferred from position or distance; padding_center is separate geometric proxy.
256,105,58133cd36d4de1c8fbea2575,False,uncertain,not_semantically_reviewed,No semantic component/background assignment inferred from position or distance; padding_center is separate geometric proxy.
256,3493,b346efa700cbea47db728564,False,uncertain,not_semantically_reviewed,No semantic component/background assignment inferred from position or distance; padding_center is separate geometric proxy.
256,196,38f756ced54f06aaf28227f0,False,uncertain,not_semantically_reviewed,No semantic component/background assignment inferred from position or distance; padding_center is separate geometric proxy.
256,2207,09a7e5c161645e8357287a99,False,uncertain,not_semantically_reviewed,No semantic component/background assignment inferred from position or distance; padding_center is separate geometric proxy.
256,1854,105cbc422d6aff7a633c1188,False,uncertain,not_semantically_reviewed,No semantic component/background assignment inferred from position or distance; padding_center is separate geometric proxy.
256,2165,237c596b591254405a69e540,False,uncertain,not_semantically_reviewed,No semantic component/background assignment inferred from position or distance; padding_center is separate geometric proxy.
256,3315,d38ca61eb91c2ab5177fe2d9,False,uncertain,not_semantically_reviewed,No semantic component/background assignment inferred from position or distance; padding_center is separate geometric proxy.
256,2687,7086c3b7f6936769b7d902ff,False,uncertain,not_semantically_reviewed,No semantic component/background assignment inferred from position or distance; padding_center is separate geometric proxy.
256,3078,063f4dd86e1b0211f741d57a,False,uncertain,not_semantically_reviewed,No semantic component/background assignment inferred from position or distance; padding_center is separate geometric proxy.
256,3394,68c0fc0efbb93f1c3720c26f,False,uncertain,not_semantically_reviewed,No semantic component/background assignment inferred from position or distance; padding_center is separate geometric proxy.
256,2345,3b739922cafc7c1c1b6bf5af,False,uncertain,not_semantically_reviewed,No semantic component/background assignment inferred from position or distance; padding_center is separate geometric proxy.
256,2197,a85b8f4d5500cae41064cdb7,False,uncertain,not_semantically_reviewed,No semantic component/background assignment inferred from position or distance; padding_center is separate geometric proxy.
256,2108,1bcaa86fa604bcc293ebddb0,False,uncertain,not_semantically_reviewed,No semantic component/background assignment inferred from position or distance; padding_center is separate geometric proxy.
256,267,43c3352d430e10a47c8fd947,False,uncertain,not_semantically_reviewed,No semantic component/background assignment inferred from position or distance; padding_center is separate geometric proxy.
256,1064,fd4e2bfc1111ea48b494e402,False,uncertain,not_semantically_reviewed,No semantic component/background assignment inferred from position or distance; padding_center is separate geometric proxy.
256,644,75ccabc7c7ebd7b743e9a864,False,uncertain,not_semantically_reviewed,No semantic component/background assignment inferred from position or distance; padding_center is separate geometric proxy.
256,2463,e242ffcf72bc34f118ad3b08,False,uncertain,not_semantically_reviewed,No semantic component/background assignment inferred from position or distance; padding_center is separate geometric proxy.
256,1771,07726a75a06f75abf5b695d4,False,uncertain,not_semantically_reviewed,No semantic component/background assignment inferred from position or distance; padding_center is separate geometric proxy.
256,1279,6df77ea1d8025cea10cdeab4,False,uncertain,not_semantically_reviewed,No semantic component/background assignment inferred from position or distance; padding_center is separate geometric proxy.
256,3716,5149baa58ed3a009537eb41a,False,uncertain,not_semantically_reviewed,No semantic component/background assignment inferred from position or distance; padding_center is separate geometric proxy.
256,1679,d1424fc72c8078a6537c9ca1,False,uncertain,not_semantically_reviewed,No semantic component/background assignment inferred from position or distance; padding_center is separate geometric proxy.
256,1462,fdafeeb2c1b1eb31aa6e7f70,False,uncertain,not_semantically_reviewed,No semantic component/background assignment inferred from position or distance; padding_center is separate geometric proxy.
256,1857,160172b217507c69da1dcd4c,False,uncertain,not_semantically_reviewed,No semantic component/background assignment inferred from position or distance; padding_center is separate geometric proxy.
256,742,816bd32e6af258821450f1f6,False,uncertain,not_semantically_reviewed,No semantic component/background assignment inferred from position or distance; padding_center is separate geometric proxy.
256,1884,2d232dbda80155a5597435da,False,uncertain,not_semantically_reviewed,No semantic component/background assignment inferred from position or distance; padding_center is separate geometric proxy.
256,2766,3cf351a27f44a8ffec77376a,False,uncertain,not_semantically_reviewed,No semantic component/background assignment inferred from position or distance; padding_center is separate geometric proxy.
256,771,87b2aa4f8802bf19be874c02,False,uncertain,not_semantically_reviewed,No semantic component/background assignment inferred from position or distance; padding_center is separate geometric proxy.
256,3123,5ba769d6494640d0a423bba3,False,uncertain,not_semantically_reviewed,No semantic component/background assignment inferred from position or distance; padding_center is separate geometric proxy.
256,2035,6ae60da438a0b65e963dd5ab,False,uncertain,not_semantically_reviewed,No semantic component/background assignment inferred from position or distance; padding_center is separate geometric proxy.
256,3035,46c3d28ad61bb05f7a88360b,False,uncertain,not_semantically_reviewed,No semantic component/background assignment inferred from position or distance; padding_center is separate geometric proxy.
256,284,e3a5b96352670afcd647a6c6,False,uncertain,not_semantically_reviewed,No semantic component/background assignment inferred from position or distance; padding_center is separate geometric proxy.
256,2231,8a7498ab9ecdc653edfde807,False,uncertain,not_semantically_reviewed,No semantic component/background assignment inferred from position or distance; padding_center is separate geometric proxy.
256,2099,51173f769f1433b029e67775,False,uncertain,not_semantically_reviewed,No semantic component/background assignment inferred from position or distance; padding_center is separate geometric proxy.
256,3143,a614ab4df91a7205f34429c6,False,uncertain,not_semantically_reviewed,No semantic component/background assignment inferred from position or distance; padding_center is separate geometric proxy.
256,1245,2195b9a0e1359435a2584500,False,uncertain,not_semantically_reviewed,No semantic component/background assignment inferred from position or distance; padding_center is separate geometric proxy.
256,681,94ba7b6ade3b906ec1c3ebcb,False,uncertain,not_semantically_reviewed,No semantic component/background assignment inferred from position or distance; padding_center is separate geometric proxy.
256,3854,fc3ce2e3495fde5e3ca176db,False,uncertain,not_semantically_reviewed,No semantic component/background assignment inferred from position or distance; padding_center is separate geometric proxy.
256,1250,00f1aa2318c0169ace9c04bb,False,uncertain,not_semantically_reviewed,No semantic component/background assignment inferred from position or distance; padding_center is separate geometric proxy.
256,4058,12f90f549991fd9c4757eb8f,False,uncertain,not_semantically_reviewed,No semantic component/background assignment inferred from position or distance; padding_center is separate geometric proxy.
256,4008,963f48af8e1e7d6b67d5bc9e,False,uncertain,not_semantically_reviewed,No semantic component/background assignment inferred from position or distance; padding_center is separate geometric proxy.
256,1740,a07162736060762abf1cf681,False,uncertain,not_semantically_reviewed,No semantic component/background assignment inferred from position or distance; padding_center is separate geometric proxy.
256,2544,fc73f20a80be611a6bc12640,False,uncertain,not_semantically_reviewed,No semantic component/background assignment inferred from position or distance; padding_center is separate geometric proxy.
256,277,b8540c2b902e1e4e0505b847,False,uncertain,not_semantically_reviewed,No semantic component/background assignment inferred from position or distance; padding_center is separate geometric proxy.
256,2955,804d7e4a63baeaa6161b25d4,False,uncertain,not_semantically_reviewed,No semantic component/background assignment inferred from position or distance; padding_center is separate geometric proxy.
256,1528,43c3352d430e10a47c8fd947,False,uncertain,not_semantically_reviewed,No semantic component/background assignment inferred from position or distance; padding_center is separate geometric proxy.
256,2787,e32ce629c77904b54ff57dac,False,uncertain,not_semantically_reviewed,No semantic component/background assignment inferred from position or distance; padding_center is separate geometric proxy.
256,3806,dfdb0d0f027bd00ec46eee2b,False,uncertain,not_semantically_reviewed,No semantic component/background assignment inferred from position or distance; padding_center is separate geometric proxy.
256,2200,e1332eb5c86461f086004c34,False,uncertain,not_semantically_reviewed,No semantic component/background assignment inferred from position or distance; padding_center is separate geometric proxy.
256,3910,f452c19e12cf29465d64292b,False,uncertain,not_semantically_reviewed,No semantic component/background assignment inferred from position or distance; padding_center is separate geometric proxy.
256,1957,e929ae27ffd34899ed029309,False,uncertain,not_semantically_reviewed,No semantic component/background assignment inferred from position or distance; padding_center is separate geometric proxy.
256,4035,1e2d07b1eeca611720eec5b1,False,uncertain,not_semantically_reviewed,No semantic component/background assignment inferred from position or distance; padding_center is separate geometric proxy.
256,2918,66aa231e5d1632c5819ca59b,False,uncertain,not_semantically_reviewed,No semantic component/background assignment inferred from position or distance; padding_center is separate geometric proxy.
256,1698,4424ee2da09740d91f04a4c8,False,uncertain,not_semantically_reviewed,No semantic component/background assignment inferred from position or distance; padding_center is separate geometric proxy.
256,1810,3f878bbef72af5608097eed1,False,uncertain,not_semantically_reviewed,No semantic component/background assignment inferred from position or distance; padding_center is separate geometric proxy.
256,3189,20ff5c4cb6790d5e8a299f16,False,uncertain,not_semantically_reviewed,No semantic component/background assignment inferred from position or distance; padding_center is separate geometric proxy.
256,1380,952e25a8dcd8ce6055472946,False,uncertain,not_semantically_reviewed,No semantic component/background assignment inferred from position or distance; padding_center is separate geometric proxy.
256,1659,0c144d51405a795a7330203f,False,uncertain,not_semantically_reviewed,No semantic component/background assignment inferred from position or distance; padding_center is separate geometric proxy.
256,2498,fed00a53aeeabd21ae3fe655,False,uncertain,not_semantically_reviewed,No semantic component/background assignment inferred from position or distance; padding_center is separate geometric proxy.
256,3296,53553f400f2058be52468beb,False,uncertain,not_semantically_reviewed,No semantic component/background assignment inferred from position or distance; padding_center is separate geometric proxy.
256,2465,7ff10d5fa9617322c74f0a6b,False,uncertain,not_semantically_reviewed,No semantic component/background assignment inferred from position or distance; padding_center is separate geometric proxy.
256,3571,3c02528f81f248ea1e58abc5,False,uncertain,not_semantically_reviewed,No semantic component/background assignment inferred from position or distance; padding_center is separate geometric proxy.
256,2529,2d232dbda80155a5597435da,False,uncertain,not_semantically_reviewed,No semantic component/background assignment inferred from position or distance; padding_center is separate geometric proxy.
256,353,87df030a4039ee1e841509cd,False,uncertain,not_semantically_reviewed,No semantic component/background assignment inferred from position or distance; padding_center is separate geometric proxy.
256,2118,819d72ed8a5344bd4e0d6bb8,False,uncertain,not_semantically_reviewed,No semantic component/background assignment inferred from position or distance; padding_center is separate geometric proxy.
256,1391,a85b8f4d5500cae41064cdb7,False,uncertain,not_semantically_reviewed,No semantic component/background assignment inferred from position or distance; padding_center is separate geometric proxy.
256,1927,94ba7b6ade3b906ec1c3ebcb,False,uncertain,not_semantically_reviewed,No semantic component/background assignment inferred from position or distance; padding_center is separate geometric proxy.
256,3995,9b93c9d152fcf59e8aa8e077,False,uncertain,not_semantically_reviewed,No semantic component/background assignment inferred from position or distance; padding_center is separate geometric proxy.
256,2940,6e2efbafb29a453dc464dd7b,False,uncertain,not_semantically_reviewed,No semantic component/background assignment inferred from position or distance; padding_center is separate geometric proxy.
256,6,230411525f34907d4d302e28,False,uncertain,not_semantically_reviewed,No semantic component/background assignment inferred from position or distance; padding_center is separate geometric proxy.
256,27,79bc2e4e01676ea5281bcec0,False,uncertain,not_semantically_reviewed,No semantic component/background assignment inferred from position or distance; padding_center is separate geometric proxy.
256,1836,af34493e5d5fee243f30b65d,False,uncertain,not_semantically_reviewed,No semantic component/background assignment inferred from position or distance; padding_center is separate geometric proxy.
256,570,4980c72ca67d8e631768e86d,False,uncertain,not_semantically_reviewed,No semantic component/background assignment inferred from position or distance; padding_center is separate geometric proxy.
256,3589,17f14a8068899d56ebb649f2,False,uncertain,not_semantically_reviewed,No semantic component/background assignment inferred from position or distance; padding_center is separate geometric proxy.
256,1230,2e5978f4da260374452ae8a2,False,uncertain,not_semantically_reviewed,No semantic component/background assignment inferred from position or distance; padding_center is separate geometric proxy.
256,919,3ca9848d2ddf762ea1ca374e,False,uncertain,not_semantically_reviewed,No semantic component/background assignment inferred from position or distance; padding_center is separate geometric proxy.
256,1831,dd165541fbc074981d278ca8,False,uncertain,not_semantically_reviewed,No semantic component/background assignment inferred from position or distance; padding_center is separate geometric proxy.
256,3628,c6a8d7dccd602dc757343e7a,False,uncertain,not_semantically_reviewed,No semantic component/background assignment inferred from position or distance; padding_center is separate geometric proxy.
256,1993,d1fa68036b523c08be8338a1,False,uncertain,not_semantically_reviewed,No semantic component/background assignment inferred from position or distance; padding_center is separate geometric proxy.
256,3840,f76725c9444e5022c2d4fd52,False,uncertain,not_semantically_reviewed,No semantic component/background assignment inferred from position or distance; padding_center is separate geometric proxy.
256,2440,14d604ef2597847aa09fa2ae,False,uncertain,not_semantically_reviewed,No semantic component/background assignment inferred from position or distance; padding_center is separate geometric proxy.
256,141,11b58bbc909e5dd0a7548fda,False,uncertain,not_semantically_reviewed,No semantic component/background assignment inferred from position or distance; padding_center is separate geometric proxy.
256,1399,dd165541fbc074981d278ca8,False,uncertain,not_semantically_reviewed,No semantic component/background assignment inferred from position or distance; padding_center is separate geometric proxy.
256,3794,5fddef488d9bbdb34d9dab3b,False,uncertain,not_semantically_reviewed,No semantic component/background assignment inferred from position or distance; padding_center is separate geometric proxy.
256,747,7ff10d5fa9617322c74f0a6b,False,uncertain,not_semantically_reviewed,No semantic component/background assignment inferred from position or distance; padding_center is separate geometric proxy.
256,1455,a863c9813c83ed2e5086e6f1,False,uncertain,not_semantically_reviewed,No semantic component/background assignment inferred from position or distance; padding_center is separate geometric proxy.
256,2596,8069600c7d77cc9c241150c9,False,uncertain,not_semantically_reviewed,No semantic component/background assignment inferred from position or distance; padding_center is separate geometric proxy.
256,3001,bcf6e6dcfcc9271734861844,False,uncertain,not_semantically_reviewed,No semantic component/background assignment inferred from position or distance; padding_center is separate geometric proxy.
256,2018,a1b6a915c8abf8262561460d,False,uncertain,not_semantically_reviewed,No semantic component/background assignment inferred from position or distance; padding_center is separate geometric proxy.
256,1685,45dc6fdfab82e2a0f77a8f68,False,uncertain,not_semantically_reviewed,No semantic component/background assignment inferred from position or distance; padding_center is separate geometric proxy.
256,3298,fe89b5da0a3449b047aad894,False,uncertain,not_semantically_reviewed,No semantic component/background assignment inferred from position or distance; padding_center is separate geometric proxy.
256,361,9cfadab4e87bbbd7e3153890,False,uncertain,not_semantically_reviewed,No semantic component/background assignment inferred from position or distance; padding_center is separate geometric proxy.
256,1352,f9681aff366a2f1f518c2a8c,False,uncertain,not_semantically_reviewed,No semantic component/background assignment inferred from position or distance; padding_center is separate geometric proxy.
256,2026,694629f0aa74ceda2a15ba21,False,uncertain,not_semantically_reviewed,No semantic component/background assignment inferred from position or distance; padding_center is separate geometric proxy.
256,432,dfdb0d0f027bd00ec46eee2b,False,uncertain,not_semantically_reviewed,No semantic component/background assignment inferred from position or distance; padding_center is separate geometric proxy.
256,3610,487fb855420a23bbd66bb5c3,False,uncertain,not_semantically_reviewed,No semantic component/background assignment inferred from position or distance; padding_center is separate geometric proxy.
256,617,6c08935d1f26d7d1da5b58ee,False,uncertain,not_semantically_reviewed,No semantic component/background assignment inferred from position or distance; padding_center is separate geometric proxy.
256,3499,f7ab54038434a0fb639afdd3,False,uncertain,not_semantically_reviewed,No semantic component/background assignment inferred from position or distance; padding_center is separate geometric proxy.
256,3075,b3ae56bdf7c8ea243704b1e2,False,uncertain,not_semantically_reviewed,No semantic component/background assignment inferred from position or distance; padding_center is separate geometric proxy.
256,1493,1326fa12b1d2547c7553b237,False,uncertain,not_semantically_reviewed,No semantic component/background assignment inferred from position or distance; padding_center is separate geometric proxy.
256,1042,c5c881e5184121a3553fc84d,False,uncertain,not_semantically_reviewed,No semantic component/background assignment inferred from position or distance; padding_center is separate geometric proxy.
256,1273,5fc1aadc9e2e9f7d4a76bdd4,False,uncertain,not_semantically_reviewed,No semantic component/background assignment inferred from position or distance; padding_center is separate geometric proxy.
256,2631,94ba7b6ade3b906ec1c3ebcb,False,uncertain,not_semantically_reviewed,No semantic component/background assignment inferred from position or distance; padding_center is separate geometric proxy.
256,3728,97178ba8ff37f79be8d05cb6,False,uncertain,not_semantically_reviewed,No semantic component/background assignment inferred from position or distance; padding_center is separate geometric proxy.
256,2569,bfae5cd848e6184dadfcd3c4,False,uncertain,not_semantically_reviewed,No semantic component/background assignment inferred from position or distance; padding_center is separate geometric proxy.
256,3556,6dc8a9fd69394147248823c3,False,uncertain,not_semantically_reviewed,No semantic component/background assignment inferred from position or distance; padding_center is separate geometric proxy.
256,1136,a69907990c12814baac15789,False,uncertain,not_semantically_reviewed,No semantic component/background assignment inferred from position or distance; padding_center is separate geometric proxy.
256,946,e449fef81a55754d19fac2ff,False,uncertain,not_semantically_reviewed,No semantic component/background assignment inferred from position or distance; padding_center is separate geometric proxy.
256,3747,3b739922cafc7c1c1b6bf5af,False,uncertain,not_semantically_reviewed,No semantic component/background assignment inferred from position or distance; padding_center is separate geometric proxy.
256,3121,ab724f399489bf66138904f4,False,uncertain,not_semantically_reviewed,No semantic component/background assignment inferred from position or distance; padding_center is separate geometric proxy.
256,734,2e5978f4da260374452ae8a2,False,uncertain,not_semantically_reviewed,No semantic component/background assignment inferred from position or distance; padding_center is separate geometric proxy.
256,243,66d05d9c3f5b6674d314eb61,False,uncertain,not_semantically_reviewed,No semantic component/background assignment inferred from position or distance; padding_center is separate geometric proxy.
256,1224,e1f9b73f0e97bbc50bbf5d91,False,uncertain,not_semantically_reviewed,No semantic component/background assignment inferred from position or distance; padding_center is separate geometric proxy.
256,2013,af49eb9854b04f51dbeac8a0,False,uncertain,not_semantically_reviewed,No semantic component/background assignment inferred from position or distance; padding_center is separate geometric proxy.
256,909,27be3e5be19a2b4c335ab973,False,uncertain,not_semantically_reviewed,No semantic component/background assignment inferred from position or distance; padding_center is separate geometric proxy.
256,1916,a1b6a915c8abf8262561460d,False,uncertain,not_semantically_reviewed,No semantic component/background assignment inferred from position or distance; padding_center is separate geometric proxy.
256,1691,907b198fa3ef3c60ce98f192,False,uncertain,not_semantically_reviewed,No semantic component/background assignment inferred from position or distance; padding_center is separate geometric proxy.
256,314,c585e1df683afb1a9bf39cae,False,uncertain,not_semantically_reviewed,No semantic component/background assignment inferred from position or distance; padding_center is separate geometric proxy.
256,1651,2fbb329a34a08f0474ba271f,False,uncertain,not_semantically_reviewed,No semantic component/background assignment inferred from position or distance; padding_center is separate geometric proxy.
256,3044,feb57a45e8e6af73f1d2e2bd,False,uncertain,not_semantically_reviewed,No semantic component/background assignment inferred from position or distance; padding_center is separate geometric proxy.
256,889,063f4dd86e1b0211f741d57a,False,uncertain,not_semantically_reviewed,No semantic component/background assignment inferred from position or distance; padding_center is separate geometric proxy.
256,539,2d7f5f90a36f30e0096a3e8b,False,uncertain,not_semantically_reviewed,No semantic component/background assignment inferred from position or distance; padding_center is separate geometric proxy.
256,3492,4bbc0bc9496a4f24dfec4361,False,uncertain,not_semantically_reviewed,No semantic component/background assignment inferred from position or distance; padding_center is separate geometric proxy.
256,3510,4a465dea132db9bde579a435,False,uncertain,not_semantically_reviewed,No semantic component/background assignment inferred from position or distance; padding_center is separate geometric proxy.
256,1038,6b8d21c86207f8f468d728fc,False,uncertain,not_semantically_reviewed,No semantic component/background assignment inferred from position or distance; padding_center is separate geometric proxy.
256,3201,3cf351a27f44a8ffec77376a,False,uncertain,not_semantically_reviewed,No semantic component/background assignment inferred from position or distance; padding_center is separate geometric proxy.
256,272,2e5978f4da260374452ae8a2,False,uncertain,not_semantically_reviewed,No semantic component/background assignment inferred from position or distance; padding_center is separate geometric proxy.
256,1420,feb57a45e8e6af73f1d2e2bd,False,uncertain,not_semantically_reviewed,No semantic component/background assignment inferred from position or distance; padding_center is separate geometric proxy.
256,696,80cbb4aa4ba2f071dd3e274f,False,uncertain,not_semantically_reviewed,No semantic component/background assignment inferred from position or distance; padding_center is separate geometric proxy.
256,2586,8e8d92bbef79ba9b4bd394b6,False,uncertain,not_semantically_reviewed,No semantic component/background assignment inferred from position or distance; padding_center is separate geometric proxy.
256,3500,85285d4ae0367585c4ad8a44,False,uncertain,not_semantically_reviewed,No semantic component/background assignment inferred from position or distance; padding_center is separate geometric proxy.
256,350,013e2e25b7fc0d2007ee5411,False,uncertain,not_semantically_reviewed,No semantic component/background assignment inferred from position or distance; padding_center is separate geometric proxy.
256,720,6dc8a9fd69394147248823c3,False,uncertain,not_semantically_reviewed,No semantic component/background assignment inferred from position or distance; padding_center is separate geometric proxy.
256,1499,7ff10d5fa9617322c74f0a6b,False,uncertain,not_semantically_reviewed,No semantic component/background assignment inferred from position or distance; padding_center is separate geometric proxy.
256,1853,6a33d51ff178335de31decc6,False,uncertain,not_semantically_reviewed,No semantic component/background assignment inferred from position or distance; padding_center is separate geometric proxy.
256,1978,45c2b928b082147ebac543f6,False,uncertain,not_semantically_reviewed,No semantic component/background assignment inferred from position or distance; padding_center is separate geometric proxy.
256,1199,d602999b8e479c0793a28343,False,uncertain,not_semantically_reviewed,No semantic component/background assignment inferred from position or distance; padding_center is separate geometric proxy.
256,2929,087e4032140db250860dbcf0,False,uncertain,not_semantically_reviewed,No semantic component/background assignment inferred from position or distance; padding_center is separate geometric proxy.
256,1413,871f8ba9bfc8c501fb6d2705,False,uncertain,not_semantically_reviewed,No semantic component/background assignment inferred from position or distance; padding_center is separate geometric proxy.
256,2528,1e0ffefcfdd517c97c69ba7b,False,uncertain,not_semantically_reviewed,No semantic component/background assignment inferred from position or distance; padding_center is separate geometric proxy.
256,4065,686aca559697cfd33db0eba9,False,uncertain,not_semantically_reviewed,No semantic component/background assignment inferred from position or distance; padding_center is separate geometric proxy.
256,3890,21ad8dabda7558e0c32a41cd,False,uncertain,not_semantically_reviewed,No semantic component/background assignment inferred from position or distance; padding_center is separate geometric proxy.
256,383,bbbde7bf5487a3433dcea610,False,uncertain,not_semantically_reviewed,No semantic component/background assignment inferred from position or distance; padding_center is separate geometric proxy.
256,2513,4665969bbaacc0e03564a0b5,False,uncertain,not_semantically_reviewed,No semantic component/background assignment inferred from position or distance; padding_center is separate geometric proxy.
256,1331,9e8332606a03fe254ea768e1,False,uncertain,not_semantically_reviewed,No semantic component/background assignment inferred from position or distance; padding_center is separate geometric proxy.
256,1690,475d3a39b0f5bde6f2638d17,False,uncertain,not_semantically_reviewed,No semantic component/background assignment inferred from position or distance; padding_center is separate geometric proxy.
256,76,d684f9a5a54c2625847e51dc,False,uncertain,not_semantically_reviewed,No semantic component/background assignment inferred from position or distance; padding_center is separate geometric proxy.
256,678,22820254a0f5f2b764cfa047,False,uncertain,not_semantically_reviewed,No semantic component/background assignment inferred from position or distance; padding_center is separate geometric proxy.
256,1692,92de296e20733f6eb94d79cd,False,uncertain,not_semantically_reviewed,No semantic component/background assignment inferred from position or distance; padding_center is separate geometric proxy.
256,3931,c6a8d7dccd602dc757343e7a,False,uncertain,not_semantically_reviewed,No semantic component/background assignment inferred from position or distance; padding_center is separate geometric proxy.
256,1760,18a0d6dc34942149287a8f9d,False,uncertain,not_semantically_reviewed,No semantic component/background assignment inferred from position or distance; padding_center is separate geometric proxy.
256,2134,f18d9fcdfa2282a3b6ad2aa8,False,uncertain,not_semantically_reviewed,No semantic component/background assignment inferred from position or distance; padding_center is separate geometric proxy.
256,1544,46c3d28ad61bb05f7a88360b,False,uncertain,not_semantically_reviewed,No semantic component/background assignment inferred from position or distance; padding_center is separate geometric proxy.
256,1502,79bc2e4e01676ea5281bcec0,False,uncertain,not_semantically_reviewed,No semantic component/background assignment inferred from position or distance; padding_center is separate geometric proxy.
256,2554,f01c727dc745da31a592efa9,False,uncertain,not_semantically_reviewed,No semantic component/background assignment inferred from position or distance; padding_center is separate geometric proxy.
256,630,8645c4c99730d4424f3e467c,False,uncertain,not_semantically_reviewed,No semantic component/background assignment inferred from position or distance; padding_center is separate geometric proxy.
256,261,ddfb2f3e6d300ef0b90aa1b3,False,uncertain,not_semantically_reviewed,No semantic component/background assignment inferred from position or distance; padding_center is separate geometric proxy.
256,378,fecd368aa554ca8953b94c20,False,uncertain,not_semantically_reviewed,No semantic component/background assignment inferred from position or distance; padding_center is separate geometric proxy.
256,1368,e242ffcf72bc34f118ad3b08,False,uncertain,not_semantically_reviewed,No semantic component/background assignment inferred from position or distance; padding_center is separate geometric proxy.
256,3235,0334881c2a6072e337a55f97,False,uncertain,not_semantically_reviewed,No semantic component/background assignment inferred from position or distance; padding_center is separate geometric proxy.
256,1773,48e3ec1c4f6e6f0c62776e6c,False,uncertain,not_semantically_reviewed,No semantic component/background assignment inferred from position or distance; padding_center is separate geometric proxy.
256,3942,b702b5c2a0d53b0311f8251d,False,uncertain,not_semantically_reviewed,No semantic component/background assignment inferred from position or distance; padding_center is separate geometric proxy.
256,3039,b906f45e3df48b0c353a24ed,False,uncertain,not_semantically_reviewed,No semantic component/background assignment inferred from position or distance; padding_center is separate geometric proxy.
256,1912,963f48af8e1e7d6b67d5bc9e,False,uncertain,not_semantically_reviewed,No semantic component/background assignment inferred from position or distance; padding_center is separate geometric proxy.
256,2323,0726fc7b3dbfa39abe4d246a,False,uncertain,not_semantically_reviewed,No semantic component/background assignment inferred from position or distance; padding_center is separate geometric proxy.
256,1557,827aef055580c944141792d8,False,uncertain,not_semantically_reviewed,No semantic component/background assignment inferred from position or distance; padding_center is separate geometric proxy.
256,2139,fc3ce2e3495fde5e3ca176db,False,uncertain,not_semantically_reviewed,No semantic component/background assignment inferred from position or distance; padding_center is separate geometric proxy.
256,1681,f819b5d38b92c526e4ce0b71,False,uncertain,not_semantically_reviewed,No semantic component/background assignment inferred from position or distance; padding_center is separate geometric proxy.
256,2885,5e1d7231fed9766c68b295c7,False,uncertain,not_semantically_reviewed,No semantic component/background assignment inferred from position or distance; padding_center is separate geometric proxy.
256,865,80cbb4aa4ba2f071dd3e274f,False,uncertain,not_semantically_reviewed,No semantic component/background assignment inferred from position or distance; padding_center is separate geometric proxy.
256,1265,fed00a53aeeabd21ae3fe655,False,uncertain,not_semantically_reviewed,No semantic component/background assignment inferred from position or distance; padding_center is separate geometric proxy.
256,2441,4a465dea132db9bde579a435,False,uncertain,not_semantically_reviewed,No semantic component/background assignment inferred from position or distance; padding_center is separate geometric proxy.
256,2387,1c7b305b4d497e495b32efb5,False,uncertain,not_semantically_reviewed,No semantic component/background assignment inferred from position or distance; padding_center is separate geometric proxy.
256,3856,74b7ffff37e9526451719bfb,False,uncertain,not_semantically_reviewed,No semantic component/background assignment inferred from position or distance; padding_center is separate geometric proxy.
256,1068,a9120cb6af58868bd63ad1b5,False,uncertain,not_semantically_reviewed,No semantic component/background assignment inferred from position or distance; padding_center is separate geometric proxy.
256,1885,d602999b8e479c0793a28343,False,uncertain,not_semantically_reviewed,No semantic component/background assignment inferred from position or distance; padding_center is separate geometric proxy.
256,1774,dd165541fbc074981d278ca8,False,uncertain,not_semantically_reviewed,No semantic component/background assignment inferred from position or distance; padding_center is separate geometric proxy.
256,390,93f67a2d05281d7b8a6af7d3,False,uncertain,not_semantically_reviewed,No semantic component/background assignment inferred from position or distance; padding_center is separate geometric proxy.
256,1983,6d1147e01873945986d386c8,False,uncertain,not_semantically_reviewed,No semantic component/background assignment inferred from position or distance; padding_center is separate geometric proxy.
256,2123,e1f9b73f0e97bbc50bbf5d91,False,uncertain,not_semantically_reviewed,No semantic component/background assignment inferred from position or distance; padding_center is separate geometric proxy.
256,818,94cd5f5169124127de475e5c,False,uncertain,not_semantically_reviewed,No semantic component/background assignment inferred from position or distance; padding_center is separate geometric proxy.
256,3022,66b007b118c0f706871e39e2,False,uncertain,not_semantically_reviewed,No semantic component/background assignment inferred from position or distance; padding_center is separate geometric proxy.
256,2227,94ba7b6ade3b906ec1c3ebcb,False,uncertain,not_semantically_reviewed,No semantic component/background assignment inferred from position or distance; padding_center is separate geometric proxy.
256,1333,62ab7fdd11dcdda074fae2ae,False,uncertain,not_semantically_reviewed,No semantic component/background assignment inferred from position or distance; padding_center is separate geometric proxy.
256,203,6bd772d85bd66c662ddb5980,False,uncertain,not_semantically_reviewed,No semantic component/background assignment inferred from position or distance; padding_center is separate geometric proxy.
256,3459,76016013ac2f39f19fd5e707,False,uncertain,not_semantically_reviewed,No semantic component/background assignment inferred from position or distance; padding_center is separate geometric proxy.
256,3885,4665969bbaacc0e03564a0b5,False,uncertain,not_semantically_reviewed,No semantic component/background assignment inferred from position or distance; padding_center is separate geometric proxy.
256,3003,087e4032140db250860dbcf0,False,uncertain,not_semantically_reviewed,No semantic component/background assignment inferred from position or distance; padding_center is separate geometric proxy.
256,2188,99d31b5ee8588de7092eec14,False,uncertain,not_semantically_reviewed,No semantic component/background assignment inferred from position or distance; padding_center is separate geometric proxy.
256,1700,4dc8d3119ac06b59ca06d65a,False,uncertain,not_semantically_reviewed,No semantic component/background assignment inferred from position or distance; padding_center is separate geometric proxy.
256,1437,e1f9b73f0e97bbc50bbf5d91,False,uncertain,not_semantically_reviewed,No semantic component/background assignment inferred from position or distance; padding_center is separate geometric proxy.
256,3395,39c5953011e4ad6a04b721b8,False,uncertain,not_semantically_reviewed,No semantic component/background assignment inferred from position or distance; padding_center is separate geometric proxy.
256,3066,94ba7b6ade3b906ec1c3ebcb,False,uncertain,not_semantically_reviewed,No semantic component/background assignment inferred from position or distance; padding_center is separate geometric proxy.
256,3835,686aca559697cfd33db0eba9,False,uncertain,not_semantically_reviewed,No semantic component/background assignment inferred from position or distance; padding_center is separate geometric proxy.
256,649,bc54e154db4d13f20e6d6cd9,False,uncertain,not_semantically_reviewed,No semantic component/background assignment inferred from position or distance; padding_center is separate geometric proxy.
256,2087,087e4032140db250860dbcf0,False,uncertain,not_semantically_reviewed,No semantic component/background assignment inferred from position or distance; padding_center is separate geometric proxy.
256,1341,74c9ac3186de7dd54be4711b,False,uncertain,not_semantically_reviewed,No semantic component/background assignment inferred from position or distance; padding_center is separate geometric proxy.
256,2518,475d3a39b0f5bde6f2638d17,False,uncertain,not_semantically_reviewed,No semantic component/background assignment inferred from position or distance; padding_center is separate geometric proxy.
256,3393,1bfab9625a9bf2964f2e71b2,False,uncertain,not_semantically_reviewed,No semantic component/background assignment inferred from position or distance; padding_center is separate geometric proxy.
256,3366,7b9272db08a41f6c5e8105f2,False,uncertain,not_semantically_reviewed,No semantic component/background assignment inferred from position or distance; padding_center is separate geometric proxy.
256,541,c7633ba2b0624fc95a5a5341,False,uncertain,not_semantically_reviewed,No semantic component/background assignment inferred from position or distance; padding_center is separate geometric proxy.
256,155,74b7ffff37e9526451719bfb,False,uncertain,not_semantically_reviewed,No semantic component/background assignment inferred from position or distance; padding_center is separate geometric proxy.
256,4023,7ff10d5fa9617322c74f0a6b,False,uncertain,not_semantically_reviewed,No semantic component/background assignment inferred from position or distance; padding_center is separate geometric proxy.
256,2470,a2c409ed134d22ebfc50749e,False,uncertain,not_semantically_reviewed,No semantic component/background assignment inferred from position or distance; padding_center is separate geometric proxy.
256,951,58133cd36d4de1c8fbea2575,False,uncertain,not_semantically_reviewed,No semantic component/background assignment inferred from position or distance; padding_center is separate geometric proxy.
256,360,d1424fc72c8078a6537c9ca1,False,uncertain,not_semantically_reviewed,No semantic component/background assignment inferred from position or distance; padding_center is separate geometric proxy.
256,2260,8e8d92bbef79ba9b4bd394b6,False,uncertain,not_semantically_reviewed,No semantic component/background assignment inferred from position or distance; padding_center is separate geometric proxy.
256,1090,9f02cd8e836f91b547d92fbd,False,uncertain,not_semantically_reviewed,No semantic component/background assignment inferred from position or distance; padding_center is separate geometric proxy.
256,1447,ab36691fc78c5e64cc4b77a3,False,uncertain,not_semantically_reviewed,No semantic component/background assignment inferred from position or distance; padding_center is separate geometric proxy.
256,3049,89bb5e962dd3595fb2b8c8d8,False,uncertain,not_semantically_reviewed,No semantic component/background assignment inferred from position or distance; padding_center is separate geometric proxy.
256,2819,6b8d21c86207f8f468d728fc,False,uncertain,not_semantically_reviewed,No semantic component/background assignment inferred from position or distance; padding_center is separate geometric proxy.
256,157,82682fb34aad94edccaf5aa4,False,uncertain,not_semantically_reviewed,No semantic component/background assignment inferred from position or distance; padding_center is separate geometric proxy.
256,1724,06076aa4ee79cdfe208a650e,False,uncertain,not_semantically_reviewed,No semantic component/background assignment inferred from position or distance; padding_center is separate geometric proxy.
256,1503,f756bde9ffb095b387193187,False,uncertain,not_semantically_reviewed,No semantic component/background assignment inferred from position or distance; padding_center is separate geometric proxy.
256,1783,ad185f2ff4331025f376ee84,False,uncertain,not_semantically_reviewed,No semantic component/background assignment inferred from position or distance; padding_center is separate geometric proxy.
256,740,9958e07889a24c816b55dfd0,False,uncertain,not_semantically_reviewed,No semantic component/background assignment inferred from position or distance; padding_center is separate geometric proxy.
256,1283,f0efee30db5360706b96d09f,False,uncertain,not_semantically_reviewed,No semantic component/background assignment inferred from position or distance; padding_center is separate geometric proxy.
256,3677,24f473302a6e1be520d19f6b,False,uncertain,not_semantically_reviewed,No semantic component/background assignment inferred from position or distance; padding_center is separate geometric proxy.
256,3565,8e8d92bbef79ba9b4bd394b6,False,uncertain,not_semantically_reviewed,No semantic component/background assignment inferred from position or distance; padding_center is separate geometric proxy.
256,1369,6ca5b98cfc058bd4589ef5c7,False,uncertain,not_semantically_reviewed,No semantic component/background assignment inferred from position or distance; padding_center is separate geometric proxy.
256,677,cd2ce2b777e1f8eb292bb311,False,uncertain,not_semantically_reviewed,No semantic component/background assignment inferred from position or distance; padding_center is separate geometric proxy.
256,1530,7ce77491ef71464a89bbe4f5,False,uncertain,not_semantically_reviewed,No semantic component/background assignment inferred from position or distance; padding_center is separate geometric proxy.
256,199,6b997b29df19df5c97bc6c5f,False,component,visually_reviewed_selected_trace,Full source plus3x3gridcell context; redcenter. Component=visible package/body centered; emptyboard=unpopulated blue substrate centered; mixed/boundary/lowdetail=uncertain. This is not receptivefield or semantic correspondence.
256,2093,546fa92166277933cf129cf3,False,component,visually_reviewed_selected_trace,Full source plus3x3gridcell context; redcenter. Component=visible package/body centered; emptyboard=unpopulated blue substrate centered; mixed/boundary/lowdetail=uncertain. This is not receptivefield or semantic correspondence.
256,3661,8157959e9015561736baed71,False,uncertain,visually_reviewed_selected_trace,Full source plus3x3gridcell context; redcenter. Component=visible package/body centered; emptyboard=unpopulated blue substrate centered; mixed/boundary/lowdetail=uncertain. This is not receptivefield or semantic correspondence.
256,3388,18a0d6dc34942149287a8f9d,False,uncertain,visually_reviewed_selected_trace,Full source plus3x3gridcell context; redcenter. Component=visible package/body centered; emptyboard=unpopulated blue substrate centered; mixed/boundary/lowdetail=uncertain. This is not receptivefield or semantic correspondence.
256,2546,8e8d92bbef79ba9b4bd394b6,False,uncertain,not_semantically_reviewed,No semantic component/background assignment inferred from position or distance; padding_center is separate geometric proxy.
256,2949,f18d9fcdfa2282a3b6ad2aa8,False,uncertain,not_semantically_reviewed,No semantic component/background assignment inferred from position or distance; padding_center is separate geometric proxy.
256,2501,488bd8045c660b3964c2e1a2,False,uncertain,not_semantically_reviewed,No semantic component/background assignment inferred from position or distance; padding_center is separate geometric proxy.
256,3790,5fc1aadc9e2e9f7d4a76bdd4,False,uncertain,not_semantically_reviewed,No semantic component/background assignment inferred from position or distance; padding_center is separate geometric proxy.
256,950,5149baa58ed3a009537eb41a,False,uncertain,not_semantically_reviewed,No semantic component/background assignment inferred from position or distance; padding_center is separate geometric proxy.
256,516,341bda6eed5f4e8ac5903152,False,uncertain,not_semantically_reviewed,No semantic component/background assignment inferred from position or distance; padding_center is separate geometric proxy.
256,3268,63960923c232394fd8e99843,False,uncertain,not_semantically_reviewed,No semantic component/background assignment inferred from position or distance; padding_center is separate geometric proxy.
256,3522,5c75350aed5b717062b17cae,False,uncertain,not_semantically_reviewed,No semantic component/background assignment inferred from position or distance; padding_center is separate geometric proxy.
256,994,f17a86259d0b63b4c11d6fdc,False,uncertain,not_semantically_reviewed,No semantic component/background assignment inferred from position or distance; padding_center is separate geometric proxy.
256,3269,e449fef81a55754d19fac2ff,False,uncertain,not_semantically_reviewed,No semantic component/background assignment inferred from position or distance; padding_center is separate geometric proxy.
256,1568,5c59499c183f6a71dd770ba6,False,uncertain,not_semantically_reviewed,No semantic component/background assignment inferred from position or distance; padding_center is separate geometric proxy.
256,3803,46a841b81644cae221e532f9,False,uncertain,visually_reviewed_selected_trace,Full source plus3x3gridcell context; redcenter. Component=visible package/body centered; emptyboard=unpopulated blue substrate centered; mixed/boundary/lowdetail=uncertain. This is not receptivefield or semantic correspondence.
256,2786,4543b64f24e19620ddfe58fe,False,uncertain,not_semantically_reviewed,No semantic component/background assignment inferred from position or distance; padding_center is separate geometric proxy.
256,2356,8ef884f1eed8090e150500e8,False,uncertain,not_semantically_reviewed,No semantic component/background assignment inferred from position or distance; padding_center is separate geometric proxy.
256,1991,4424ee2da09740d91f04a4c8,False,uncertain,not_semantically_reviewed,No semantic component/background assignment inferred from position or distance; padding_center is separate geometric proxy.
256,3937,2e6ec4882e89f00a95812589,False,uncertain,not_semantically_reviewed,No semantic component/background assignment inferred from position or distance; padding_center is separate geometric proxy.
256,3208,af49eb9854b04f51dbeac8a0,False,uncertain,visually_reviewed_selected_trace,Full source plus3x3gridcell context; redcenter. Component=visible package/body centered; emptyboard=unpopulated blue substrate centered; mixed/boundary/lowdetail=uncertain. This is not receptivefield or semantic correspondence.
256,872,1c7b305b4d497e495b32efb5,False,uncertain,visually_reviewed_selected_trace,Full source plus3x3gridcell context; redcenter. Component=visible package/body centered; emptyboard=unpopulated blue substrate centered; mixed/boundary/lowdetail=uncertain. This is not receptivefield or semantic correspondence.
256,3719,3600b9cdf68a783f08fd12aa,False,uncertain,not_semantically_reviewed,No semantic component/background assignment inferred from position or distance; padding_center is separate geometric proxy.
256,301,5242642f61dc9f3dccd7c5f1,False,uncertain,not_semantically_reviewed,No semantic component/background assignment inferred from position or distance; padding_center is separate geometric proxy.
256,3171,4665969bbaacc0e03564a0b5,False,uncertain,not_semantically_reviewed,No semantic component/background assignment inferred from position or distance; padding_center is separate geometric proxy.
256,2741,003a70a56fc2e5bf41362c4b,False,uncertain,not_semantically_reviewed,No semantic component/background assignment inferred from position or distance; padding_center is separate geometric proxy.
256,3609,4980c72ca67d8e631768e86d,False,uncertain,not_semantically_reviewed,No semantic component/background assignment inferred from position or distance; padding_center is separate geometric proxy.
256,1009,a45f7ec56768a817f0bb9744,False,uncertain,not_semantically_reviewed,No semantic component/background assignment inferred from position or distance; padding_center is separate geometric proxy.
256,337,2db606b5eb3782f7a77bfbde,False,uncertain,not_semantically_reviewed,No semantic component/background assignment inferred from position or distance; padding_center is separate geometric proxy.
256,1045,ccf56c81e5602eb5f8a3a46f,False,uncertain,not_semantically_reviewed,No semantic component/background assignment inferred from position or distance; padding_center is separate geometric proxy.
256,2728,6b997b29df19df5c97bc6c5f,False,uncertain,not_semantically_reviewed,No semantic component/background assignment inferred from position or distance; padding_center is separate geometric proxy.
256,2126,66d10c1a1a2e920f3353605b,False,uncertain,not_semantically_reviewed,No semantic component/background assignment inferred from position or distance; padding_center is separate geometric proxy.
256,2008,7e2d3336804b149b9089e670,False,uncertain,not_semantically_reviewed,No semantic component/background assignment inferred from position or distance; padding_center is separate geometric proxy.
256,686,f7ab54038434a0fb639afdd3,False,uncertain,not_semantically_reviewed,No semantic component/background assignment inferred from position or distance; padding_center is separate geometric proxy.
256,2367,fd4e2bfc1111ea48b494e402,False,uncertain,not_semantically_reviewed,No semantic component/background assignment inferred from position or distance; padding_center is separate geometric proxy.
256,3912,1cb1b53e30ac8d3979c2aa35,False,uncertain,not_semantically_reviewed,No semantic component/background assignment inferred from position or distance; padding_center is separate geometric proxy.
256,1280,fed00a53aeeabd21ae3fe655,False,uncertain,not_semantically_reviewed,No semantic component/background assignment inferred from position or distance; padding_center is separate geometric proxy.
256,1053,488bd8045c660b3964c2e1a2,False,uncertain,not_semantically_reviewed,No semantic component/background assignment inferred from position or distance; padding_center is separate geometric proxy.
256,2393,ccf56c81e5602eb5f8a3a46f,False,uncertain,not_semantically_reviewed,No semantic component/background assignment inferred from position or distance; padding_center is separate geometric proxy.
256,2541,1844fefcb7366ba42d363bb3,False,uncertain,not_semantically_reviewed,No semantic component/background assignment inferred from position or distance; padding_center is separate geometric proxy.
256,4051,2ec6b541acbbbcb014dfea27,False,uncertain,not_semantically_reviewed,No semantic component/background assignment inferred from position or distance; padding_center is separate geometric proxy.
256,1347,bf43fdcc406a1831a82b2878,False,uncertain,not_semantically_reviewed,No semantic component/background assignment inferred from position or distance; padding_center is separate geometric proxy.
256,2977,ca360c42175a8261e2968b38,False,uncertain,not_semantically_reviewed,No semantic component/background assignment inferred from position or distance; padding_center is separate geometric proxy.
256,2583,fdad2167b4b6bf6d753dd060,False,uncertain,not_semantically_reviewed,No semantic component/background assignment inferred from position or distance; padding_center is separate geometric proxy.
256,3359,f9681aff366a2f1f518c2a8c,False,uncertain,not_semantically_reviewed,No semantic component/background assignment inferred from position or distance; padding_center is separate geometric proxy.
256,595,9ebb9ce7311b3a545437391d,False,uncertain,not_semantically_reviewed,No semantic component/background assignment inferred from position or distance; padding_center is separate geometric proxy.
256,2408,4424ee2da09740d91f04a4c8,False,uncertain,not_semantically_reviewed,No semantic component/background assignment inferred from position or distance; padding_center is separate geometric proxy.
256,2570,82c3c01c638ac534deeb4f7e,False,uncertain,not_semantically_reviewed,No semantic component/background assignment inferred from position or distance; padding_center is separate geometric proxy.
256,1829,f17a86259d0b63b4c11d6fdc,False,uncertain,not_semantically_reviewed,No semantic component/background assignment inferred from position or distance; padding_center is separate geometric proxy.
256,3594,1bcaa86fa604bcc293ebddb0,False,uncertain,not_semantically_reviewed,No semantic component/background assignment inferred from position or distance; padding_center is separate geometric proxy.
256,86,3ce6cfeda64714684d591002,False,uncertain,not_semantically_reviewed,No semantic component/background assignment inferred from position or distance; padding_center is separate geometric proxy.
256,2070,4543b64f24e19620ddfe58fe,False,uncertain,not_semantically_reviewed,No semantic component/background assignment inferred from position or distance; padding_center is separate geometric proxy.
256,3397,2adc2b219e02a58946be06ef,False,uncertain,not_semantically_reviewed,No semantic component/background assignment inferred from position or distance; padding_center is separate geometric proxy.
256,3161,9a718aa439dd189e7373aa0d,False,uncertain,not_semantically_reviewed,No semantic component/background assignment inferred from position or distance; padding_center is separate geometric proxy.
256,1714,3e9601c37c2513abd6a2f915,False,uncertain,not_semantically_reviewed,No semantic component/background assignment inferred from position or distance; padding_center is separate geometric proxy.
256,443,6e27bd35475fc44cb8ed2f15,False,uncertain,not_semantically_reviewed,No semantic component/background assignment inferred from position or distance; padding_center is separate geometric proxy.
256,3120,dd6767c1fd38fd7c62f39c39,False,uncertain,not_semantically_reviewed,No semantic component/background assignment inferred from position or distance; padding_center is separate geometric proxy.
256,2225,18bdd05b85f8030805542307,False,uncertain,not_semantically_reviewed,No semantic component/background assignment inferred from position or distance; padding_center is separate geometric proxy.
256,2306,69718c2cbcdee661e85e894b,False,uncertain,not_semantically_reviewed,No semantic component/background assignment inferred from position or distance; padding_center is separate geometric proxy.
256,2593,22eaa7df5e4b490e9a17adbb,False,uncertain,not_semantically_reviewed,No semantic component/background assignment inferred from position or distance; padding_center is separate geometric proxy.
256,208,abdbe0b50e7e46cdcd767f98,False,uncertain,not_semantically_reviewed,No semantic component/background assignment inferred from position or distance; padding_center is separate geometric proxy.
256,464,d8893f3a76156d238b88fc70,False,uncertain,not_semantically_reviewed,No semantic component/background assignment inferred from position or distance; padding_center is separate geometric proxy.
256,2259,488bd8045c660b3964c2e1a2,False,uncertain,not_semantically_reviewed,No semantic component/background assignment inferred from position or distance; padding_center is separate geometric proxy.
256,330,488bd8045c660b3964c2e1a2,False,uncertain,not_semantically_reviewed,No semantic component/background assignment inferred from position or distance; padding_center is separate geometric proxy.
256,195,3ca9848d2ddf762ea1ca374e,False,uncertain,not_semantically_reviewed,No semantic component/background assignment inferred from position or distance; padding_center is separate geometric proxy.
256,1428,b676edc592ddaac800d4513e,False,uncertain,not_semantically_reviewed,No semantic component/background assignment inferred from position or distance; padding_center is separate geometric proxy.
256,3449,ed515ba82f9c62c172a1edea,False,uncertain,not_semantically_reviewed,No semantic component/background assignment inferred from position or distance; padding_center is separate geometric proxy.
256,2689,013e2e25b7fc0d2007ee5411,False,uncertain,not_semantically_reviewed,No semantic component/background assignment inferred from position or distance; padding_center is separate geometric proxy.
256,2640,ca8c65d35b429efe7f6a580c,False,uncertain,not_semantically_reviewed,No semantic component/background assignment inferred from position or distance; padding_center is separate geometric proxy.
256,2249,307941c45e44b5a2c40caf57,False,uncertain,not_semantically_reviewed,No semantic component/background assignment inferred from position or distance; padding_center is separate geometric proxy.
256,2943,5f958a67a461a12163dd611a,False,uncertain,not_semantically_reviewed,No semantic component/background assignment inferred from position or distance; padding_center is separate geometric proxy.
256,3949,9eb03521553a622f7a33bed1,False,uncertain,not_semantically_reviewed,No semantic component/background assignment inferred from position or distance; padding_center is separate geometric proxy.
256,2825,80c777298f2c73197c736a06,False,uncertain,not_semantically_reviewed,No semantic component/background assignment inferred from position or distance; padding_center is separate geometric proxy.
256,1806,0f0d00e434b9e591bacd5b76,False,uncertain,not_semantically_reviewed,No semantic component/background assignment inferred from position or distance; padding_center is separate geometric proxy.
256,3928,717497c283c6e6b8ade19b76,False,uncertain,not_semantically_reviewed,No semantic component/background assignment inferred from position or distance; padding_center is separate geometric proxy.
256,3637,f4b41463bd280c09530fb8d5,False,uncertain,not_semantically_reviewed,No semantic component/background assignment inferred from position or distance; padding_center is separate geometric proxy.
256,51,08f9898e90c26b7fd4fa1450,False,uncertain,not_semantically_reviewed,No semantic component/background assignment inferred from position or distance; padding_center is separate geometric proxy.
256,1529,1e0ffefcfdd517c97c69ba7b,False,uncertain,not_semantically_reviewed,No semantic component/background assignment inferred from position or distance; padding_center is separate geometric proxy.
256,3008,c641d516cc7565e53f90ff55,False,uncertain,not_semantically_reviewed,No semantic component/background assignment inferred from position or distance; padding_center is separate geometric proxy.
256,811,74c9ac3186de7dd54be4711b,False,uncertain,not_semantically_reviewed,No semantic component/background assignment inferred from position or distance; padding_center is separate geometric proxy.
256,1933,bf43fdcc406a1831a82b2878,False,uncertain,not_semantically_reviewed,No semantic component/background assignment inferred from position or distance; padding_center is separate geometric proxy.
256,828,736baaa0fc8d39ce48febcb6,False,uncertain,not_semantically_reviewed,No semantic component/background assignment inferred from position or distance; padding_center is separate geometric proxy.
256,3006,c6a8d7dccd602dc757343e7a,False,uncertain,not_semantically_reviewed,No semantic component/background assignment inferred from position or distance; padding_center is separate geometric proxy.
256,1134,fc3ce2e3495fde5e3ca176db,False,uncertain,not_semantically_reviewed,No semantic component/background assignment inferred from position or distance; padding_center is separate geometric proxy.
256,2149,819d72ed8a5344bd4e0d6bb8,False,uncertain,not_semantically_reviewed,No semantic component/background assignment inferred from position or distance; padding_center is separate geometric proxy.
256,2103,3fbe6039a30d3245bdca405b,False,uncertain,not_semantically_reviewed,No semantic component/background assignment inferred from position or distance; padding_center is separate geometric proxy.
256,583,48e3ec1c4f6e6f0c62776e6c,False,uncertain,not_semantically_reviewed,No semantic component/background assignment inferred from position or distance; padding_center is separate geometric proxy.
256,3963,9fb46ec42ed54096e8cf5f17,False,uncertain,not_semantically_reviewed,No semantic component/background assignment inferred from position or distance; padding_center is separate geometric proxy.
256,1792,3c6b31275c72edda89ab5d21,False,uncertain,not_semantically_reviewed,No semantic component/background assignment inferred from position or distance; padding_center is separate geometric proxy.
256,2884,43c3352d430e10a47c8fd947,False,uncertain,not_semantically_reviewed,No semantic component/background assignment inferred from position or distance; padding_center is separate geometric proxy.
256,3472,da4aa46a79918d3cd2297454,False,uncertain,not_semantically_reviewed,No semantic component/background assignment inferred from position or distance; padding_center is separate geometric proxy.
256,547,2abc495166a8c059465a408a,False,uncertain,not_semantically_reviewed,No semantic component/background assignment inferred from position or distance; padding_center is separate geometric proxy.
256,1056,cd917aa0b2108ec00f030c1f,False,uncertain,not_semantically_reviewed,No semantic component/background assignment inferred from position or distance; padding_center is separate geometric proxy.
256,1951,64b8249d3fc0fe41daf96f8b,False,uncertain,not_semantically_reviewed,No semantic component/background assignment inferred from position or distance; padding_center is separate geometric proxy.
256,887,2195b9a0e1359435a2584500,False,uncertain,not_semantically_reviewed,No semantic component/background assignment inferred from position or distance; padding_center is separate geometric proxy.
256,420,af49eb9854b04f51dbeac8a0,False,uncertain,not_semantically_reviewed,No semantic component/background assignment inferred from position or distance; padding_center is separate geometric proxy.
256,2957,e1f9b73f0e97bbc50bbf5d91,False,uncertain,not_semantically_reviewed,No semantic component/background assignment inferred from position or distance; padding_center is separate geometric proxy.
256,1202,f85a4d30cbe2d839d85caae0,False,uncertain,not_semantically_reviewed,No semantic component/background assignment inferred from position or distance; padding_center is separate geometric proxy.
256,1730,e1f9b73f0e97bbc50bbf5d91,False,uncertain,not_semantically_reviewed,No semantic component/background assignment inferred from position or distance; padding_center is separate geometric proxy.
256,1110,4ef0dc3204621c8f7fccfc43,False,uncertain,not_semantically_reviewed,No semantic component/background assignment inferred from position or distance; padding_center is separate geometric proxy.
256,2057,fa42326a2355fea8534b8965,False,uncertain,not_semantically_reviewed,No semantic component/background assignment inferred from position or distance; padding_center is separate geometric proxy.
256,170,82c0b5277898a7d7e3602a57,False,uncertain,not_semantically_reviewed,No semantic component/background assignment inferred from position or distance; padding_center is separate geometric proxy.
256,3023,c90363705751a79167614ca3,False,uncertain,not_semantically_reviewed,No semantic component/background assignment inferred from position or distance; padding_center is separate geometric proxy.
256,3402,063bab508413683d45ce0d61,False,uncertain,not_semantically_reviewed,No semantic component/background assignment inferred from position or distance; padding_center is separate geometric proxy.
256,2204,8645c4c99730d4424f3e467c,False,uncertain,not_semantically_reviewed,No semantic component/background assignment inferred from position or distance; padding_center is separate geometric proxy.
256,3866,9c9a2cdbc697380ddd31e310,False,uncertain,not_semantically_reviewed,No semantic component/background assignment inferred from position or distance; padding_center is separate geometric proxy.
256,1143,7ae3073e20e860b41f462134,False,uncertain,not_semantically_reviewed,No semantic component/background assignment inferred from position or distance; padding_center is separate geometric proxy.
256,3055,b257061f4690add78829b537,False,uncertain,not_semantically_reviewed,No semantic component/background assignment inferred from position or distance; padding_center is separate geometric proxy.
256,1474,141eb4e29fb93b1a99e315c8,False,uncertain,not_semantically_reviewed,No semantic component/background assignment inferred from position or distance; padding_center is separate geometric proxy.
256,2279,a55c764b9b773225c24ff95d,False,uncertain,not_semantically_reviewed,No semantic component/background assignment inferred from position or distance; padding_center is separate geometric proxy.
256,312,21c722dcc1e220ccbc6b85cc,False,uncertain,not_semantically_reviewed,No semantic component/background assignment inferred from position or distance; padding_center is separate geometric proxy.
256,2595,736baaa0fc8d39ce48febcb6,False,uncertain,not_semantically_reviewed,No semantic component/background assignment inferred from position or distance; padding_center is separate geometric proxy.
256,1615,56abb3edb284c2344e16fc3c,False,uncertain,not_semantically_reviewed,No semantic component/background assignment inferred from position or distance; padding_center is separate geometric proxy.
256,1582,94ba7b6ade3b906ec1c3ebcb,False,uncertain,not_semantically_reviewed,No semantic component/background assignment inferred from position or distance; padding_center is separate geometric proxy.
256,3310,39887316da7c5f8c5bf8c589,False,uncertain,not_semantically_reviewed,No semantic component/background assignment inferred from position or distance; padding_center is separate geometric proxy.
256,1622,b906f45e3df48b0c353a24ed,False,uncertain,not_semantically_reviewed,No semantic component/background assignment inferred from position or distance; padding_center is separate geometric proxy.
256,1182,fed31d93bb4be99f88c95226,False,uncertain,not_semantically_reviewed,No semantic component/background assignment inferred from position or distance; padding_center is separate geometric proxy.
256,2905,de795c2c6984f08b6e496cd5,False,uncertain,not_semantically_reviewed,No semantic component/background assignment inferred from position or distance; padding_center is separate geometric proxy.
256,1955,1327d6214b0219c36221ae31,False,uncertain,not_semantically_reviewed,No semantic component/background assignment inferred from position or distance; padding_center is separate geometric proxy.
256,996,063f4dd86e1b0211f741d57a,False,uncertain,not_semantically_reviewed,No semantic component/background assignment inferred from position or distance; padding_center is separate geometric proxy.
256,2738,1341a4d254c5ed4e53f9cc0a,False,uncertain,not_semantically_reviewed,No semantic component/background assignment inferred from position or distance; padding_center is separate geometric proxy.
256,352,b257061f4690add78829b537,False,uncertain,not_semantically_reviewed,No semantic component/background assignment inferred from position or distance; padding_center is separate geometric proxy.
256,1317,7ff10d5fa9617322c74f0a6b,False,uncertain,not_semantically_reviewed,No semantic component/background assignment inferred from position or distance; padding_center is separate geometric proxy.
256,4005,e1f9b73f0e97bbc50bbf5d91,False,uncertain,not_semantically_reviewed,No semantic component/background assignment inferred from position or distance; padding_center is separate geometric proxy.
256,3370,8e46c5ffa65a69e217cfbaed,False,uncertain,not_semantically_reviewed,No semantic component/background assignment inferred from position or distance; padding_center is separate geometric proxy.
256,3276,f170bde4bebf747879fec794,False,uncertain,not_semantically_reviewed,No semantic component/background assignment inferred from position or distance; padding_center is separate geometric proxy.
256,3902,9958e07889a24c816b55dfd0,False,uncertain,not_semantically_reviewed,No semantic component/background assignment inferred from position or distance; padding_center is separate geometric proxy.
256,1057,013e2e25b7fc0d2007ee5411,False,uncertain,not_semantically_reviewed,No semantic component/background assignment inferred from position or distance; padding_center is separate geometric proxy.
256,2246,b3ae56bdf7c8ea243704b1e2,False,uncertain,not_semantically_reviewed,No semantic component/background assignment inferred from position or distance; padding_center is separate geometric proxy.
256,421,6df77ea1d8025cea10cdeab4,False,uncertain,not_semantically_reviewed,No semantic component/background assignment inferred from position or distance; padding_center is separate geometric proxy.
256,706,38f756ced54f06aaf28227f0,False,uncertain,not_semantically_reviewed,No semantic component/background assignment inferred from position or distance; padding_center is separate geometric proxy.
256,631,3439aceae50a9e8e69e43437,False,uncertain,not_semantically_reviewed,No semantic component/background assignment inferred from position or distance; padding_center is separate geometric proxy.
256,3286,79bc2e4e01676ea5281bcec0,False,uncertain,not_semantically_reviewed,No semantic component/background assignment inferred from position or distance; padding_center is separate geometric proxy.
256,519,e1332eb5c86461f086004c34,False,uncertain,not_semantically_reviewed,No semantic component/background assignment inferred from position or distance; padding_center is separate geometric proxy.
256,2313,686aca559697cfd33db0eba9,False,uncertain,not_semantically_reviewed,No semantic component/background assignment inferred from position or distance; padding_center is separate geometric proxy.
256,2664,3e9601c37c2513abd6a2f915,False,uncertain,not_semantically_reviewed,No semantic component/background assignment inferred from position or distance; padding_center is separate geometric proxy.
256,3805,f7068b501a1f85d83c38b0e7,False,uncertain,not_semantically_reviewed,No semantic component/background assignment inferred from position or distance; padding_center is separate geometric proxy.
256,4088,a62dae09b2226f081de0d80f,False,uncertain,not_semantically_reviewed,No semantic component/background assignment inferred from position or distance; padding_center is separate geometric proxy.
256,2621,af49eb9854b04f51dbeac8a0,False,uncertain,not_semantically_reviewed,No semantic component/background assignment inferred from position or distance; padding_center is separate geometric proxy.
256,248,7ff10d5fa9617322c74f0a6b,False,uncertain,not_semantically_reviewed,No semantic component/background assignment inferred from position or distance; padding_center is separate geometric proxy.
256,50,1341a4d254c5ed4e53f9cc0a,False,uncertain,not_semantically_reviewed,No semantic component/background assignment inferred from position or distance; padding_center is separate geometric proxy.
256,2992,e242ffcf72bc34f118ad3b08,False,uncertain,not_semantically_reviewed,No semantic component/background assignment inferred from position or distance; padding_center is separate geometric proxy.
256,205,d684f9a5a54c2625847e51dc,False,uncertain,not_semantically_reviewed,No semantic component/background assignment inferred from position or distance; padding_center is separate geometric proxy.
256,3014,a5e8cf73e552544d0aeaab12,False,uncertain,not_semantically_reviewed,No semantic component/background assignment inferred from position or distance; padding_center is separate geometric proxy.
256,603,2cf91654e3d7631b17354d42,False,uncertain,not_semantically_reviewed,No semantic component/background assignment inferred from position or distance; padding_center is separate geometric proxy.
256,3299,736baaa0fc8d39ce48febcb6,False,uncertain,not_semantically_reviewed,No semantic component/background assignment inferred from position or distance; padding_center is separate geometric proxy.
256,1859,e242ffcf72bc34f118ad3b08,False,uncertain,not_semantically_reviewed,No semantic component/background assignment inferred from position or distance; padding_center is separate geometric proxy.
256,249,12f90f549991fd9c4757eb8f,False,uncertain,not_semantically_reviewed,No semantic component/background assignment inferred from position or distance; padding_center is separate geometric proxy.
256,881,4f47e51a7fbfbcf7d57ea77e,False,uncertain,not_semantically_reviewed,No semantic component/background assignment inferred from position or distance; padding_center is separate geometric proxy.
256,1747,525c506269f0acc2392c57d9,False,uncertain,not_semantically_reviewed,No semantic component/background assignment inferred from position or distance; padding_center is separate geometric proxy.
256,2702,6e27bd35475fc44cb8ed2f15,False,uncertain,not_semantically_reviewed,No semantic component/background assignment inferred from position or distance; padding_center is separate geometric proxy.
256,1709,edd8c2f2a1edb1d9b7902444,False,uncertain,not_semantically_reviewed,No semantic component/background assignment inferred from position or distance; padding_center is separate geometric proxy.
256,1189,abdbe0b50e7e46cdcd767f98,False,uncertain,not_semantically_reviewed,No semantic component/background assignment inferred from position or distance; padding_center is separate geometric proxy.
256,3727,82682fb34aad94edccaf5aa4,False,uncertain,not_semantically_reviewed,No semantic component/background assignment inferred from position or distance; padding_center is separate geometric proxy.
256,2311,916ba7d461ab2c13bdf184d3,False,uncertain,not_semantically_reviewed,No semantic component/background assignment inferred from position or distance; padding_center is separate geometric proxy.
256,85,f5d57420c3c86277890c81c0,False,uncertain,not_semantically_reviewed,No semantic component/background assignment inferred from position or distance; padding_center is separate geometric proxy.
256,700,de795c2c6984f08b6e496cd5,False,uncertain,not_semantically_reviewed,No semantic component/background assignment inferred from position or distance; padding_center is separate geometric proxy.
256,1707,6b8d21c86207f8f468d728fc,False,uncertain,not_semantically_reviewed,No semantic component/background assignment inferred from position or distance; padding_center is separate geometric proxy.
256,717,3439aceae50a9e8e69e43437,False,uncertain,not_semantically_reviewed,No semantic component/background assignment inferred from position or distance; padding_center is separate geometric proxy.
256,2936,1919d4ea4256585ce707a263,False,uncertain,not_semantically_reviewed,No semantic component/background assignment inferred from position or distance; padding_center is separate geometric proxy.
256,55,12f90f549991fd9c4757eb8f,False,uncertain,not_semantically_reviewed,No semantic component/background assignment inferred from position or distance; padding_center is separate geometric proxy.
256,2295,14d604ef2597847aa09fa2ae,False,uncertain,not_semantically_reviewed,No semantic component/background assignment inferred from position or distance; padding_center is separate geometric proxy.
256,613,82c0b5277898a7d7e3602a57,False,uncertain,not_semantically_reviewed,No semantic component/background assignment inferred from position or distance; padding_center is separate geometric proxy.
256,3131,00f1aa2318c0169ace9c04bb,False,uncertain,not_semantically_reviewed,No semantic component/background assignment inferred from position or distance; padding_center is separate geometric proxy.
256,1563,5de687b7a3586a55713120f9,False,uncertain,not_semantically_reviewed,No semantic component/background assignment inferred from position or distance; padding_center is separate geometric proxy.
256,1376,141eb4e29fb93b1a99e315c8,False,uncertain,not_semantically_reviewed,No semantic component/background assignment inferred from position or distance; padding_center is separate geometric proxy.
256,3490,b346efa700cbea47db728564,False,uncertain,not_semantically_reviewed,No semantic component/background assignment inferred from position or distance; padding_center is separate geometric proxy.
256,2750,17a90ebd8e551f2a8ee8f748,False,uncertain,not_semantically_reviewed,No semantic component/background assignment inferred from position or distance; padding_center is separate geometric proxy.
256,4030,450e8df956ee04062e45d89e,False,uncertain,not_semantically_reviewed,No semantic component/background assignment inferred from position or distance; padding_center is separate geometric proxy.
256,607,f76725c9444e5022c2d4fd52,False,uncertain,not_semantically_reviewed,No semantic component/background assignment inferred from position or distance; padding_center is separate geometric proxy.
256,299,b3ae56bdf7c8ea243704b1e2,False,uncertain,not_semantically_reviewed,No semantic component/background assignment inferred from position or distance; padding_center is separate geometric proxy.
256,760,16b0fac2884314e1383d6754,False,uncertain,not_semantically_reviewed,No semantic component/background assignment inferred from position or distance; padding_center is separate geometric proxy.
256,282,523cb59f573f58fb7f7c6233,False,uncertain,not_semantically_reviewed,No semantic component/background assignment inferred from position or distance; padding_center is separate geometric proxy.
256,1989,7ce77491ef71464a89bbe4f5,False,uncertain,not_semantically_reviewed,No semantic component/background assignment inferred from position or distance; padding_center is separate geometric proxy.
256,3148,21decaf607d356c6e48eaecb,False,uncertain,not_semantically_reviewed,No semantic component/background assignment inferred from position or distance; padding_center is separate geometric proxy.
256,3206,d23b085ff7689b51dcc4805b,False,uncertain,not_semantically_reviewed,No semantic component/background assignment inferred from position or distance; padding_center is separate geometric proxy.
256,530,2db606b5eb3782f7a77bfbde,False,uncertain,not_semantically_reviewed,No semantic component/background assignment inferred from position or distance; padding_center is separate geometric proxy.
256,2679,c7ee197309993fe770fe3b77,False,uncertain,not_semantically_reviewed,No semantic component/background assignment inferred from position or distance; padding_center is separate geometric proxy.
256,25,d040f38f5a4cf8320210d613,False,uncertain,not_semantically_reviewed,No semantic component/background assignment inferred from position or distance; padding_center is separate geometric proxy.
256,3921,7ff10d5fa9617322c74f0a6b,False,uncertain,not_semantically_reviewed,No semantic component/background assignment inferred from position or distance; padding_center is separate geometric proxy.
256,1297,51173f769f1433b029e67775,False,uncertain,not_semantically_reviewed,No semantic component/background assignment inferred from position or distance; padding_center is separate geometric proxy.
256,3847,5de687b7a3586a55713120f9,False,uncertain,not_semantically_reviewed,No semantic component/background assignment inferred from position or distance; padding_center is separate geometric proxy.
256,2643,4e5695252fe1cae7b4b7cf06,False,uncertain,not_semantically_reviewed,No semantic component/background assignment inferred from position or distance; padding_center is separate geometric proxy.
256,2133,edf0a93f3a39471634c4f6c4,False,uncertain,not_semantically_reviewed,No semantic component/background assignment inferred from position or distance; padding_center is separate geometric proxy.
256,1180,d317d011cacc00508fbd6099,False,uncertain,not_semantically_reviewed,No semantic component/background assignment inferred from position or distance; padding_center is separate geometric proxy.
256,942,b13e88ca06157c900e80f7ed,False,uncertain,not_semantically_reviewed,No semantic component/background assignment inferred from position or distance; padding_center is separate geometric proxy.
256,3328,27be3e5be19a2b4c335ab973,False,uncertain,not_semantically_reviewed,No semantic component/background assignment inferred from position or distance; padding_center is separate geometric proxy.
256,3612,827aef055580c944141792d8,False,uncertain,not_semantically_reviewed,No semantic component/background assignment inferred from position or distance; padding_center is separate geometric proxy.
256,2647,200042ee3dd3defd68926f37,False,uncertain,not_semantically_reviewed,No semantic component/background assignment inferred from position or distance; padding_center is separate geometric proxy.
256,2540,7ff10d5fa9617322c74f0a6b,False,uncertain,not_semantically_reviewed,No semantic component/background assignment inferred from position or distance; padding_center is separate geometric proxy.
256,754,8a537772fd9140be6467cba8,False,uncertain,not_semantically_reviewed,No semantic component/background assignment inferred from position or distance; padding_center is separate geometric proxy.
256,233,2e6ec4882e89f00a95812589,False,uncertain,not_semantically_reviewed,No semantic component/background assignment inferred from position or distance; padding_center is separate geometric proxy.
256,3582,7e61ea81f0f1120629741738,False,uncertain,not_semantically_reviewed,No semantic component/background assignment inferred from position or distance; padding_center is separate geometric proxy.
256,3985,48e3ec1c4f6e6f0c62776e6c,False,uncertain,not_semantically_reviewed,No semantic component/background assignment inferred from position or distance; padding_center is separate geometric proxy.
256,2417,f170bde4bebf747879fec794,False,uncertain,not_semantically_reviewed,No semantic component/background assignment inferred from position or distance; padding_center is separate geometric proxy.
256,935,8c45dd494acbb106ab4500e8,False,uncertain,not_semantically_reviewed,No semantic component/background assignment inferred from position or distance; padding_center is separate geometric proxy.
256,4028,907be88c00be9a37e6fffdf9,False,uncertain,not_semantically_reviewed,No semantic component/background assignment inferred from position or distance; padding_center is separate geometric proxy.
256,1015,7865271a8a6ac130c7e55bd5,False,uncertain,not_semantically_reviewed,No semantic component/background assignment inferred from position or distance; padding_center is separate geometric proxy.
256,2065,475d3a39b0f5bde6f2638d17,False,uncertain,not_semantically_reviewed,No semantic component/background assignment inferred from position or distance; padding_center is separate geometric proxy.
256,2736,11b58bbc909e5dd0a7548fda,False,uncertain,not_semantically_reviewed,No semantic component/background assignment inferred from position or distance; padding_center is separate geometric proxy.
256,965,1866aa1f73748f11e9700fcb,False,uncertain,not_semantically_reviewed,No semantic component/background assignment inferred from position or distance; padding_center is separate geometric proxy.
256,3377,2195b9a0e1359435a2584500,False,uncertain,not_semantically_reviewed,No semantic component/background assignment inferred from position or distance; padding_center is separate geometric proxy.
256,2405,51175d44934be4581a9f4b97,False,uncertain,not_semantically_reviewed,No semantic component/background assignment inferred from position or distance; padding_center is separate geometric proxy.
256,1553,e242ffcf72bc34f118ad3b08,False,uncertain,not_semantically_reviewed,No semantic component/background assignment inferred from position or distance; padding_center is separate geometric proxy.
256,1067,a5e8cf73e552544d0aeaab12,False,uncertain,not_semantically_reviewed,No semantic component/background assignment inferred from position or distance; padding_center is separate geometric proxy.
256,211,2195b9a0e1359435a2584500,False,uncertain,not_semantically_reviewed,No semantic component/background assignment inferred from position or distance; padding_center is separate geometric proxy.
256,3552,32b7b720203cd470bb8bf8d4,False,uncertain,not_semantically_reviewed,No semantic component/background assignment inferred from position or distance; padding_center is separate geometric proxy.
256,2326,4bbc0bc9496a4f24dfec4361,False,uncertain,not_semantically_reviewed,No semantic component/background assignment inferred from position or distance; padding_center is separate geometric proxy.
256,628,838c0e27eb13fae09a38d163,False,uncertain,not_semantically_reviewed,No semantic component/background assignment inferred from position or distance; padding_center is separate geometric proxy.
256,3578,922a2efe527fac5f65fd4c63,False,uncertain,not_semantically_reviewed,No semantic component/background assignment inferred from position or distance; padding_center is separate geometric proxy.
256,2606,907b198fa3ef3c60ce98f192,False,uncertain,not_semantically_reviewed,No semantic component/background assignment inferred from position or distance; padding_center is separate geometric proxy.
256,2127,5e1d7231fed9766c68b295c7,False,uncertain,not_semantically_reviewed,No semantic component/background assignment inferred from position or distance; padding_center is separate geometric proxy.
256,1055,141eb4e29fb93b1a99e315c8,False,uncertain,not_semantically_reviewed,No semantic component/background assignment inferred from position or distance; padding_center is separate geometric proxy.
256,3779,a626ddea82058ff3ee702c26,False,uncertain,not_semantically_reviewed,No semantic component/background assignment inferred from position or distance; padding_center is separate geometric proxy.
256,1569,5548c51f79d497a17f292c50,False,uncertain,not_semantically_reviewed,No semantic component/background assignment inferred from position or distance; padding_center is separate geometric proxy.
256,2691,c7ee197309993fe770fe3b77,False,uncertain,not_semantically_reviewed,No semantic component/background assignment inferred from position or distance; padding_center is separate geometric proxy.
256,1355,d040f38f5a4cf8320210d613,False,uncertain,not_semantically_reviewed,No semantic component/background assignment inferred from position or distance; padding_center is separate geometric proxy.
256,701,a62dae09b2226f081de0d80f,False,uncertain,not_semantically_reviewed,No semantic component/background assignment inferred from position or distance; padding_center is separate geometric proxy.
256,2931,97492afa452815a66c123f50,False,uncertain,not_semantically_reviewed,No semantic component/background assignment inferred from position or distance; padding_center is separate geometric proxy.
256,1761,18986155df3bc4d5931597b1,False,uncertain,not_semantically_reviewed,No semantic component/background assignment inferred from position or distance; padding_center is separate geometric proxy.
256,2770,edf0a93f3a39471634c4f6c4,False,uncertain,not_semantically_reviewed,No semantic component/background assignment inferred from position or distance; padding_center is separate geometric proxy.
256,3755,2195b9a0e1359435a2584500,False,uncertain,not_semantically_reviewed,No semantic component/background assignment inferred from position or distance; padding_center is separate geometric proxy.
256,2967,7ff10d5fa9617322c74f0a6b,False,uncertain,not_semantically_reviewed,No semantic component/background assignment inferred from position or distance; padding_center is separate geometric proxy.
256,3818,5ba769d6494640d0a423bba3,False,uncertain,not_semantically_reviewed,No semantic component/background assignment inferred from position or distance; padding_center is separate geometric proxy.
256,262,907b198fa3ef3c60ce98f192,False,uncertain,not_semantically_reviewed,No semantic component/background assignment inferred from position or distance; padding_center is separate geometric proxy.
256,2232,9ebb9ce7311b3a545437391d,False,uncertain,not_semantically_reviewed,No semantic component/background assignment inferred from position or distance; padding_center is separate geometric proxy.
256,3999,9a81708c98d0a348c7d712fb,False,uncertain,not_semantically_reviewed,No semantic component/background assignment inferred from position or distance; padding_center is separate geometric proxy.
256,2576,087e4032140db250860dbcf0,False,uncertain,not_semantically_reviewed,No semantic component/background assignment inferred from position or distance; padding_center is separate geometric proxy.
256,2365,2cf91654e3d7631b17354d42,False,uncertain,not_semantically_reviewed,No semantic component/background assignment inferred from position or distance; padding_center is separate geometric proxy.
256,2032,087e4032140db250860dbcf0,False,uncertain,not_semantically_reviewed,No semantic component/background assignment inferred from position or distance; padding_center is separate geometric proxy.
256,3421,1bfab9625a9bf2964f2e71b2,False,uncertain,not_semantically_reviewed,No semantic component/background assignment inferred from position or distance; padding_center is separate geometric proxy.
256,3009,3600b9cdf68a783f08fd12aa,False,uncertain,not_semantically_reviewed,No semantic component/background assignment inferred from position or distance; padding_center is separate geometric proxy.
256,2339,d040f38f5a4cf8320210d613,False,uncertain,not_semantically_reviewed,No semantic component/background assignment inferred from position or distance; padding_center is separate geometric proxy.
256,3686,1ab50a979f605f4f4dd51494,False,uncertain,not_semantically_reviewed,No semantic component/background assignment inferred from position or distance; padding_center is separate geometric proxy.
256,3230,a5e8cf73e552544d0aeaab12,False,uncertain,not_semantically_reviewed,No semantic component/background assignment inferred from position or distance; padding_center is separate geometric proxy.
256,973,237c596b591254405a69e540,False,uncertain,not_semantically_reviewed,No semantic component/background assignment inferred from position or distance; padding_center is separate geometric proxy.
256,2171,1bfab9625a9bf2964f2e71b2,False,uncertain,not_semantically_reviewed,No semantic component/background assignment inferred from position or distance; padding_center is separate geometric proxy.
256,3514,e1332eb5c86461f086004c34,False,uncertain,not_semantically_reviewed,No semantic component/background assignment inferred from position or distance; padding_center is separate geometric proxy.
256,460,82c0b5277898a7d7e3602a57,False,uncertain,not_semantically_reviewed,No semantic component/background assignment inferred from position or distance; padding_center is separate geometric proxy.
256,2998,1ab50a979f605f4f4dd51494,False,uncertain,not_semantically_reviewed,No semantic component/background assignment inferred from position or distance; padding_center is separate geometric proxy.
256,3692,4bbc0bc9496a4f24dfec4361,False,uncertain,not_semantically_reviewed,No semantic component/background assignment inferred from position or distance; padding_center is separate geometric proxy.
256,3477,8f00afcf8e50a60b4103d8df,False,uncertain,not_semantically_reviewed,No semantic component/background assignment inferred from position or distance; padding_center is separate geometric proxy.
256,2386,836c931b8daff47ee81f701f,False,uncertain,not_semantically_reviewed,No semantic component/background assignment inferred from position or distance; padding_center is separate geometric proxy.
256,231,2195b9a0e1359435a2584500,False,uncertain,not_semantically_reviewed,No semantic component/background assignment inferred from position or distance; padding_center is separate geometric proxy.
256,2461,3da8a5b9d6054e744297b695,False,uncertain,not_semantically_reviewed,No semantic component/background assignment inferred from position or distance; padding_center is separate geometric proxy.
256,676,523cb59f573f58fb7f7c6233,False,uncertain,not_semantically_reviewed,No semantic component/background assignment inferred from position or distance; padding_center is separate geometric proxy.
256,1921,b3ae56bdf7c8ea243704b1e2,False,uncertain,not_semantically_reviewed,No semantic component/background assignment inferred from position or distance; padding_center is separate geometric proxy.
256,3061,b06c06afa1b1de6e1658d692,False,uncertain,not_semantically_reviewed,No semantic component/background assignment inferred from position or distance; padding_center is separate geometric proxy.
256,3198,b7eabc5fda3c972292fffe73,False,uncertain,not_semantically_reviewed,No semantic component/background assignment inferred from position or distance; padding_center is separate geometric proxy.
256,131,32b7b720203cd470bb8bf8d4,False,uncertain,not_semantically_reviewed,No semantic component/background assignment inferred from position or distance; padding_center is separate geometric proxy.
256,3702,677aa74297073fb830aa6956,False,uncertain,not_semantically_reviewed,No semantic component/background assignment inferred from position or distance; padding_center is separate geometric proxy.
256,3504,eda1bf0e0b848eb44a3df21d,False,uncertain,not_semantically_reviewed,No semantic component/background assignment inferred from position or distance; padding_center is separate geometric proxy.
256,715,7ce77491ef71464a89bbe4f5,False,uncertain,not_semantically_reviewed,No semantic component/background assignment inferred from position or distance; padding_center is separate geometric proxy.
256,1215,4980c72ca67d8e631768e86d,False,uncertain,not_semantically_reviewed,No semantic component/background assignment inferred from position or distance; padding_center is separate geometric proxy.
256,3419,e67ceddf65cff5ddf42e56f5,False,uncertain,not_semantically_reviewed,No semantic component/background assignment inferred from position or distance; padding_center is separate geometric proxy.
256,2580,375c3b26f7adcdcc127b88f4,False,uncertain,not_semantically_reviewed,No semantic component/background assignment inferred from position or distance; padding_center is separate geometric proxy.
256,1654,475d3a39b0f5bde6f2638d17,False,uncertain,not_semantically_reviewed,No semantic component/background assignment inferred from position or distance; padding_center is separate geometric proxy.
256,2530,5fc1aadc9e2e9f7d4a76bdd4,False,uncertain,not_semantically_reviewed,No semantic component/background assignment inferred from position or distance; padding_center is separate geometric proxy.
256,1285,c585e1df683afb1a9bf39cae,False,uncertain,not_semantically_reviewed,No semantic component/background assignment inferred from position or distance; padding_center is separate geometric proxy.
256,147,66d05d9c3f5b6674d314eb61,False,uncertain,not_semantically_reviewed,No semantic component/background assignment inferred from position or distance; padding_center is separate geometric proxy.
256,2284,e242ffcf72bc34f118ad3b08,False,uncertain,not_semantically_reviewed,No semantic component/background assignment inferred from position or distance; padding_center is separate geometric proxy.
256,1395,22820254a0f5f2b764cfa047,False,uncertain,not_semantically_reviewed,No semantic component/background assignment inferred from position or distance; padding_center is separate geometric proxy.
256,1484,eadb893bf3cbdece1ec63262,False,uncertain,not_semantically_reviewed,No semantic component/background assignment inferred from position or distance; padding_center is separate geometric proxy.
256,4061,11b58bbc909e5dd0a7548fda,False,uncertain,not_semantically_reviewed,No semantic component/background assignment inferred from position or distance; padding_center is separate geometric proxy.
256,265,7afbc26da1dbba6cc7e92529,False,uncertain,not_semantically_reviewed,No semantic component/background assignment inferred from position or distance; padding_center is separate geometric proxy.
256,1576,cbdf67e4b84fdebb3d0e28af,False,uncertain,not_semantically_reviewed,No semantic component/background assignment inferred from position or distance; padding_center is separate geometric proxy.
256,2636,8054ca96d8472cde33311981,False,uncertain,not_semantically_reviewed,No semantic component/background assignment inferred from position or distance; padding_center is separate geometric proxy.
256,3313,341bda6eed5f4e8ac5903152,False,uncertain,not_semantically_reviewed,No semantic component/background assignment inferred from position or distance; padding_center is separate geometric proxy.
256,1084,5242642f61dc9f3dccd7c5f1,False,uncertain,not_semantically_reviewed,No semantic component/background assignment inferred from position or distance; padding_center is separate geometric proxy.
256,325,b5a2fb30928ad5646f9f4eb3,False,uncertain,not_semantically_reviewed,No semantic component/background assignment inferred from position or distance; padding_center is separate geometric proxy.
256,1752,6e2efbafb29a453dc464dd7b,False,uncertain,not_semantically_reviewed,No semantic component/background assignment inferred from position or distance; padding_center is separate geometric proxy.
256,2340,d4932a350dba9b84741ad3c8,False,uncertain,not_semantically_reviewed,No semantic component/background assignment inferred from position or distance; padding_center is separate geometric proxy.
256,2777,d684f9a5a54c2625847e51dc,False,uncertain,not_semantically_reviewed,No semantic component/background assignment inferred from position or distance; padding_center is separate geometric proxy.
256,2423,736baaa0fc8d39ce48febcb6,False,uncertain,not_semantically_reviewed,No semantic component/background assignment inferred from position or distance; padding_center is separate geometric proxy.
256,1179,102663e26f80a48564cc609f,False,uncertain,not_semantically_reviewed,No semantic component/background assignment inferred from position or distance; padding_center is separate geometric proxy.
256,1807,1327d6214b0219c36221ae31,False,uncertain,not_semantically_reviewed,No semantic component/background assignment inferred from position or distance; padding_center is separate geometric proxy.
256,3034,8e46c5ffa65a69e217cfbaed,False,uncertain,not_semantically_reviewed,No semantic component/background assignment inferred from position or distance; padding_center is separate geometric proxy.
256,212,32c34806fa593c9b1f866350,False,uncertain,not_semantically_reviewed,No semantic component/background assignment inferred from position or distance; padding_center is separate geometric proxy.
256,3916,a614ab4df91a7205f34429c6,False,uncertain,not_semantically_reviewed,No semantic component/background assignment inferred from position or distance; padding_center is separate geometric proxy.
256,761,e1f9b73f0e97bbc50bbf5d91,False,uncertain,not_semantically_reviewed,No semantic component/background assignment inferred from position or distance; padding_center is separate geometric proxy.
256,3829,14d604ef2597847aa09fa2ae,False,uncertain,not_semantically_reviewed,No semantic component/background assignment inferred from position or distance; padding_center is separate geometric proxy.
256,1007,f38dca7075dc836507f28958,False,uncertain,not_semantically_reviewed,No semantic component/background assignment inferred from position or distance; padding_center is separate geometric proxy.
256,1822,063f4dd86e1b0211f741d57a,False,uncertain,not_semantically_reviewed,No semantic component/background assignment inferred from position or distance; padding_center is separate geometric proxy.
256,3598,f76725c9444e5022c2d4fd52,False,uncertain,not_semantically_reviewed,No semantic component/background assignment inferred from position or distance; padding_center is separate geometric proxy.
256,3322,4c7ebec199ba9cbea02ba2e3,False,uncertain,not_semantically_reviewed,No semantic component/background assignment inferred from position or distance; padding_center is separate geometric proxy.
256,2549,da4aa46a79918d3cd2297454,False,uncertain,not_semantically_reviewed,No semantic component/background assignment inferred from position or distance; padding_center is separate geometric proxy.
256,985,a9120cb6af58868bd63ad1b5,False,uncertain,not_semantically_reviewed,No semantic component/background assignment inferred from position or distance; padding_center is separate geometric proxy.
256,31,f170bde4bebf747879fec794,False,uncertain,not_semantically_reviewed,No semantic component/background assignment inferred from position or distance; padding_center is separate geometric proxy.
256,2703,291d957bdc8d5ac371e7d5d6,False,uncertain,not_semantically_reviewed,No semantic component/background assignment inferred from position or distance; padding_center is separate geometric proxy.
256,2804,9ef5021bb54f7eb27da21d6f,False,uncertain,not_semantically_reviewed,No semantic component/background assignment inferred from position or distance; padding_center is separate geometric proxy.
256,3827,89df830e8a15cf60ce38bc93,False,uncertain,not_semantically_reviewed,No semantic component/background assignment inferred from position or distance; padding_center is separate geometric proxy.
256,3502,4c7ebec199ba9cbea02ba2e3,False,uncertain,not_semantically_reviewed,No semantic component/background assignment inferred from position or distance; padding_center is separate geometric proxy.
256,2808,7086c3b7f6936769b7d902ff,False,uncertain,not_semantically_reviewed,No semantic component/background assignment inferred from position or distance; padding_center is separate geometric proxy.
256,2418,546fa92166277933cf129cf3,False,uncertain,not_semantically_reviewed,No semantic component/background assignment inferred from position or distance; padding_center is separate geometric proxy.
256,1869,a45f7ec56768a817f0bb9744,False,uncertain,not_semantically_reviewed,No semantic component/background assignment inferred from position or distance; padding_center is separate geometric proxy.
256,550,fd4e2bfc1111ea48b494e402,False,uncertain,not_semantically_reviewed,No semantic component/background assignment inferred from position or distance; padding_center is separate geometric proxy.
256,2903,5242642f61dc9f3dccd7c5f1,False,uncertain,not_semantically_reviewed,No semantic component/background assignment inferred from position or distance; padding_center is separate geometric proxy.
256,1976,b7eabc5fda3c972292fffe73,False,uncertain,not_semantically_reviewed,No semantic component/background assignment inferred from position or distance; padding_center is separate geometric proxy.
256,621,e915375e3f2b08b8c79558d1,False,uncertain,not_semantically_reviewed,No semantic component/background assignment inferred from position or distance; padding_center is separate geometric proxy.
256,4009,dfa76a8c21b877080895d047,False,uncertain,not_semantically_reviewed,No semantic component/background assignment inferred from position or distance; padding_center is separate geometric proxy.
256,161,eb1a43f17e0083dcd828234f,False,uncertain,not_semantically_reviewed,No semantic component/background assignment inferred from position or distance; padding_center is separate geometric proxy.
256,3691,7af5cfe2789ad8884c2c680c,False,uncertain,not_semantically_reviewed,No semantic component/background assignment inferred from position or distance; padding_center is separate geometric proxy.
256,1608,514bca41e512abcb720415b8,False,uncertain,not_semantically_reviewed,No semantic component/background assignment inferred from position or distance; padding_center is separate geometric proxy.
256,108,20cf9b53ea244f2a77bc7d41,False,uncertain,not_semantically_reviewed,No semantic component/background assignment inferred from position or distance; padding_center is separate geometric proxy.
256,2638,d602999b8e479c0793a28343,False,uncertain,not_semantically_reviewed,No semantic component/background assignment inferred from position or distance; padding_center is separate geometric proxy.
256,2902,20ff5c4cb6790d5e8a299f16,False,uncertain,not_semantically_reviewed,No semantic component/background assignment inferred from position or distance; padding_center is separate geometric proxy.
256,3627,0f0d00e434b9e591bacd5b76,False,uncertain,not_semantically_reviewed,No semantic component/background assignment inferred from position or distance; padding_center is separate geometric proxy.
256,3834,12f90f549991fd9c4757eb8f,False,uncertain,not_semantically_reviewed,No semantic component/background assignment inferred from position or distance; padding_center is separate geometric proxy.
256,3440,b346efa700cbea47db728564,False,uncertain,not_semantically_reviewed,No semantic component/background assignment inferred from position or distance; padding_center is separate geometric proxy.
256,660,af49eb9854b04f51dbeac8a0,False,uncertain,not_semantically_reviewed,No semantic component/background assignment inferred from position or distance; padding_center is separate geometric proxy.
256,1948,e1f9b73f0e97bbc50bbf5d91,False,uncertain,not_semantically_reviewed,No semantic component/background assignment inferred from position or distance; padding_center is separate geometric proxy.
256,403,836c931b8daff47ee81f701f,False,uncertain,not_semantically_reviewed,No semantic component/background assignment inferred from position or distance; padding_center is separate geometric proxy.
256,784,f23bbff4a8cfde5d0fbd7370,False,uncertain,not_semantically_reviewed,No semantic component/background assignment inferred from position or distance; padding_center is separate geometric proxy.
256,225,bc161e679bf0ef4865042414,False,uncertain,not_semantically_reviewed,No semantic component/background assignment inferred from position or distance; padding_center is separate geometric proxy.
256,1374,5242642f61dc9f3dccd7c5f1,False,uncertain,not_semantically_reviewed,No semantic component/background assignment inferred from position or distance; padding_center is separate geometric proxy.
256,2257,836c931b8daff47ee81f701f,False,uncertain,not_semantically_reviewed,No semantic component/background assignment inferred from position or distance; padding_center is separate geometric proxy.
256,2916,ad679819559d66961b0435b9,False,uncertain,not_semantically_reviewed,No semantic component/background assignment inferred from position or distance; padding_center is separate geometric proxy.
256,1192,0161225fef57b7ce6ba4e2f9,False,uncertain,not_semantically_reviewed,No semantic component/background assignment inferred from position or distance; padding_center is separate geometric proxy.
256,3849,cb6c269e400c00894a2f2e9d,False,uncertain,not_semantically_reviewed,No semantic component/background assignment inferred from position or distance; padding_center is separate geometric proxy.
256,351,06be4552bec7255b8b861f03,False,uncertain,not_semantically_reviewed,No semantic component/background assignment inferred from position or distance; padding_center is separate geometric proxy.
256,3195,58133cd36d4de1c8fbea2575,False,uncertain,not_semantically_reviewed,No semantic component/background assignment inferred from position or distance; padding_center is separate geometric proxy.
256,2453,39887316da7c5f8c5bf8c589,False,uncertain,not_semantically_reviewed,No semantic component/background assignment inferred from position or distance; padding_center is separate geometric proxy.
256,1778,b257061f4690add78829b537,False,uncertain,not_semantically_reviewed,No semantic component/background assignment inferred from position or distance; padding_center is separate geometric proxy.
256,2818,6791f6649b9ca79b8b6ebb30,False,uncertain,not_semantically_reviewed,No semantic component/background assignment inferred from position or distance; padding_center is separate geometric proxy.
256,2002,b7eabc5fda3c972292fffe73,False,uncertain,not_semantically_reviewed,No semantic component/background assignment inferred from position or distance; padding_center is separate geometric proxy.
256,1036,20cf9b53ea244f2a77bc7d41,False,uncertain,not_semantically_reviewed,No semantic component/background assignment inferred from position or distance; padding_center is separate geometric proxy.
256,1421,102663e26f80a48564cc609f,False,uncertain,not_semantically_reviewed,No semantic component/background assignment inferred from position or distance; padding_center is separate geometric proxy.
256,3710,63960923c232394fd8e99843,False,uncertain,not_semantically_reviewed,No semantic component/background assignment inferred from position or distance; padding_center is separate geometric proxy.
256,877,9d2568d421729a597011f1aa,False,uncertain,not_semantically_reviewed,No semantic component/background assignment inferred from position or distance; padding_center is separate geometric proxy.
256,3662,819d72ed8a5344bd4e0d6bb8,False,uncertain,not_semantically_reviewed,No semantic component/background assignment inferred from position or distance; padding_center is separate geometric proxy.
256,1825,8054ca96d8472cde33311981,False,uncertain,not_semantically_reviewed,No semantic component/background assignment inferred from position or distance; padding_center is separate geometric proxy.
256,3717,a69907990c12814baac15789,False,uncertain,not_semantically_reviewed,No semantic component/background assignment inferred from position or distance; padding_center is separate geometric proxy.
256,220,b3ae56bdf7c8ea243704b1e2,False,uncertain,not_semantically_reviewed,No semantic component/background assignment inferred from position or distance; padding_center is separate geometric proxy.
256,1123,836c931b8daff47ee81f701f,False,uncertain,not_semantically_reviewed,No semantic component/background assignment inferred from position or distance; padding_center is separate geometric proxy.
256,1234,7ff10d5fa9617322c74f0a6b,False,uncertain,not_semantically_reviewed,No semantic component/background assignment inferred from position or distance; padding_center is separate geometric proxy.
256,1037,48774be7a90d41f7a06ea83f,False,uncertain,not_semantically_reviewed,No semantic component/background assignment inferred from position or distance; padding_center is separate geometric proxy.
256,3953,4dc8d3119ac06b59ca06d65a,False,uncertain,not_semantically_reviewed,No semantic component/background assignment inferred from position or distance; padding_center is separate geometric proxy.
256,808,836c931b8daff47ee81f701f,False,uncertain,not_semantically_reviewed,No semantic component/background assignment inferred from position or distance; padding_center is separate geometric proxy.
256,1497,fc73f20a80be611a6bc12640,False,uncertain,not_semantically_reviewed,No semantic component/background assignment inferred from position or distance; padding_center is separate geometric proxy.
256,3048,dd4c20b6f96d03dc74c82c00,False,uncertain,not_semantically_reviewed,No semantic component/background assignment inferred from position or distance; padding_center is separate geometric proxy.
256,477,cdbfcd2b080f9ca9ec20c7df,False,uncertain,not_semantically_reviewed,No semantic component/background assignment inferred from position or distance; padding_center is separate geometric proxy.
256,2794,c3c53608557237a3987b79e4,False,uncertain,not_semantically_reviewed,No semantic component/background assignment inferred from position or distance; padding_center is separate geometric proxy.
256,1035,26e1106de8a9c217ce63f34c,False,uncertain,not_semantically_reviewed,No semantic component/background assignment inferred from position or distance; padding_center is separate geometric proxy.
256,3451,5b19de312d23f0fa4ea50e0a,False,uncertain,not_semantically_reviewed,No semantic component/background assignment inferred from position or distance; padding_center is separate geometric proxy.
256,2838,d31ad51637e092892214637c,False,uncertain,not_semantically_reviewed,No semantic component/background assignment inferred from position or distance; padding_center is separate geometric proxy.
256,1105,d23b085ff7689b51dcc4805b,False,uncertain,not_semantically_reviewed,No semantic component/background assignment inferred from position or distance; padding_center is separate geometric proxy.
256,3836,f452c19e12cf29465d64292b,False,uncertain,not_semantically_reviewed,No semantic component/background assignment inferred from position or distance; padding_center is separate geometric proxy.
256,3725,b676edc592ddaac800d4513e,False,uncertain,not_semantically_reviewed,No semantic component/background assignment inferred from position or distance; padding_center is separate geometric proxy.
256,503,605a0169b9bac60a8a4d66a6,False,uncertain,not_semantically_reviewed,No semantic component/background assignment inferred from position or distance; padding_center is separate geometric proxy.
256,2789,21ad8dabda7558e0c32a41cd,False,uncertain,not_semantically_reviewed,No semantic component/background assignment inferred from position or distance; padding_center is separate geometric proxy.
256,3396,686aca559697cfd33db0eba9,False,uncertain,not_semantically_reviewed,No semantic component/background assignment inferred from position or distance; padding_center is separate geometric proxy.
256,1889,871f8ba9bfc8c501fb6d2705,False,uncertain,not_semantically_reviewed,No semantic component/background assignment inferred from position or distance; padding_center is separate geometric proxy.
256,1198,8054ca96d8472cde33311981,False,uncertain,not_semantically_reviewed,No semantic component/background assignment inferred from position or distance; padding_center is separate geometric proxy.
256,73,0227d2efcecb388b841350cb,False,uncertain,not_semantically_reviewed,No semantic component/background assignment inferred from position or distance; padding_center is separate geometric proxy.
256,3667,e1f9b73f0e97bbc50bbf5d91,False,uncertain,not_semantically_reviewed,No semantic component/background assignment inferred from position or distance; padding_center is separate geometric proxy.
256,1960,8e8d92bbef79ba9b4bd394b6,False,uncertain,not_semantically_reviewed,No semantic component/background assignment inferred from position or distance; padding_center is separate geometric proxy.
256,3712,1a6c6fa7c8a001348abf771b,False,uncertain,not_semantically_reviewed,No semantic component/background assignment inferred from position or distance; padding_center is separate geometric proxy.
256,829,01b5079b3c777f85fa9cf1c9,False,uncertain,not_semantically_reviewed,No semantic component/background assignment inferred from position or distance; padding_center is separate geometric proxy.
256,3819,4424ee2da09740d91f04a4c8,False,uncertain,not_semantically_reviewed,No semantic component/background assignment inferred from position or distance; padding_center is separate geometric proxy.
256,148,12c1fd4ba452b2f56aaf6534,False,uncertain,not_semantically_reviewed,No semantic component/background assignment inferred from position or distance; padding_center is separate geometric proxy.
256,2219,da4aa46a79918d3cd2297454,False,uncertain,not_semantically_reviewed,No semantic component/background assignment inferred from position or distance; padding_center is separate geometric proxy.
256,334,433809b14b745d53ec089421,False,uncertain,not_semantically_reviewed,No semantic component/background assignment inferred from position or distance; padding_center is separate geometric proxy.
256,2160,6791f6649b9ca79b8b6ebb30,False,uncertain,not_semantically_reviewed,No semantic component/background assignment inferred from position or distance; padding_center is separate geometric proxy.
256,874,488bd8045c660b3964c2e1a2,False,uncertain,not_semantically_reviewed,No semantic component/background assignment inferred from position or distance; padding_center is separate geometric proxy.
256,2336,a9882ba5f6abddd4efe9e3a9,False,uncertain,not_semantically_reviewed,No semantic component/background assignment inferred from position or distance; padding_center is separate geometric proxy.
256,3410,43c3352d430e10a47c8fd947,False,uncertain,not_semantically_reviewed,No semantic component/background assignment inferred from position or distance; padding_center is separate geometric proxy.
256,1459,58133cd36d4de1c8fbea2575,False,uncertain,not_semantically_reviewed,No semantic component/background assignment inferred from position or distance; padding_center is separate geometric proxy.
256,1866,7ff10d5fa9617322c74f0a6b,False,uncertain,not_semantically_reviewed,No semantic component/background assignment inferred from position or distance; padding_center is separate geometric proxy.
256,2486,69718c2cbcdee661e85e894b,False,uncertain,not_semantically_reviewed,No semantic component/background assignment inferred from position or distance; padding_center is separate geometric proxy.
256,1200,09550ea192256f459cca0c0b,False,uncertain,not_semantically_reviewed,No semantic component/background assignment inferred from position or distance; padding_center is separate geometric proxy.
256,2325,feb57a45e8e6af73f1d2e2bd,False,uncertain,not_semantically_reviewed,No semantic component/background assignment inferred from position or distance; padding_center is separate geometric proxy.
256,179,085fe9c452a02f2267c4694e,False,uncertain,not_semantically_reviewed,No semantic component/background assignment inferred from position or distance; padding_center is separate geometric proxy.
256,1865,5b19de312d23f0fa4ea50e0a,False,uncertain,not_semantically_reviewed,No semantic component/background assignment inferred from position or distance; padding_center is separate geometric proxy.
256,3883,fc9a7b6e75a18bc59722c696,False,uncertain,not_semantically_reviewed,No semantic component/background assignment inferred from position or distance; padding_center is separate geometric proxy.
256,2113,2fbb329a34a08f0474ba271f,False,uncertain,not_semantically_reviewed,No semantic component/background assignment inferred from position or distance; padding_center is separate geometric proxy.
256,1253,c3c53608557237a3987b79e4,False,uncertain,not_semantically_reviewed,No semantic component/background assignment inferred from position or distance; padding_center is separate geometric proxy.
256,3870,8d8da59b0a99e887b532a674,False,uncertain,not_semantically_reviewed,No semantic component/background assignment inferred from position or distance; padding_center is separate geometric proxy.
256,3539,3ca9848d2ddf762ea1ca374e,False,uncertain,not_semantically_reviewed,No semantic component/background assignment inferred from position or distance; padding_center is separate geometric proxy.
256,3125,7e2d3336804b149b9089e670,False,uncertain,not_semantically_reviewed,No semantic component/background assignment inferred from position or distance; padding_center is separate geometric proxy.
256,876,9fd931e296c23b935c80a2db,False,uncertain,not_semantically_reviewed,No semantic component/background assignment inferred from position or distance; padding_center is separate geometric proxy.
256,139,475d3a39b0f5bde6f2638d17,False,uncertain,not_semantically_reviewed,No semantic component/background assignment inferred from position or distance; padding_center is separate geometric proxy.
256,4016,433809b14b745d53ec089421,False,uncertain,not_semantically_reviewed,No semantic component/background assignment inferred from position or distance; padding_center is separate geometric proxy.
256,2655,18bdd05b85f8030805542307,False,uncertain,not_semantically_reviewed,No semantic component/background assignment inferred from position or distance; padding_center is separate geometric proxy.
256,1378,1cb1b53e30ac8d3979c2aa35,False,uncertain,not_semantically_reviewed,No semantic component/background assignment inferred from position or distance; padding_center is separate geometric proxy.
256,2665,4424ee2da09740d91f04a4c8,False,uncertain,not_semantically_reviewed,No semantic component/background assignment inferred from position or distance; padding_center is separate geometric proxy.
256,627,087e4032140db250860dbcf0,False,uncertain,not_semantically_reviewed,No semantic component/background assignment inferred from position or distance; padding_center is separate geometric proxy.
256,3128,06be4552bec7255b8b861f03,False,uncertain,not_semantically_reviewed,No semantic component/background assignment inferred from position or distance; padding_center is separate geometric proxy.
256,143,4f47e51a7fbfbcf7d57ea77e,False,uncertain,not_semantically_reviewed,No semantic component/background assignment inferred from position or distance; padding_center is separate geometric proxy.
256,2612,475d3a39b0f5bde6f2638d17,False,uncertain,not_semantically_reviewed,No semantic component/background assignment inferred from position or distance; padding_center is separate geometric proxy.
256,2014,a863c9813c83ed2e5086e6f1,False,uncertain,not_semantically_reviewed,No semantic component/background assignment inferred from position or distance; padding_center is separate geometric proxy.
256,533,e1332eb5c86461f086004c34,False,uncertain,not_semantically_reviewed,No semantic component/background assignment inferred from position or distance; padding_center is separate geometric proxy.
256,3092,087e4032140db250860dbcf0,False,uncertain,not_semantically_reviewed,No semantic component/background assignment inferred from position or distance; padding_center is separate geometric proxy.
256,3479,74b7ffff37e9526451719bfb,False,uncertain,not_semantically_reviewed,No semantic component/background assignment inferred from position or distance; padding_center is separate geometric proxy.
256,3463,3f878bbef72af5608097eed1,False,uncertain,not_semantically_reviewed,No semantic component/background assignment inferred from position or distance; padding_center is separate geometric proxy.
256,1573,27be3e5be19a2b4c335ab973,False,uncertain,not_semantically_reviewed,No semantic component/background assignment inferred from position or distance; padding_center is separate geometric proxy.
256,118,04395c53f5e9e20a0c01695f,False,uncertain,not_semantically_reviewed,No semantic component/background assignment inferred from position or distance; padding_center is separate geometric proxy.
256,2233,bbbde7bf5487a3433dcea610,False,uncertain,not_semantically_reviewed,No semantic component/background assignment inferred from position or distance; padding_center is separate geometric proxy.
256,2619,087e4032140db250860dbcf0,False,uncertain,not_semantically_reviewed,No semantic component/background assignment inferred from position or distance; padding_center is separate geometric proxy.
256,3708,b3ae56bdf7c8ea243704b1e2,False,uncertain,not_semantically_reviewed,No semantic component/background assignment inferred from position or distance; padding_center is separate geometric proxy.
256,730,12f90f549991fd9c4757eb8f,False,uncertain,not_semantically_reviewed,No semantic component/background assignment inferred from position or distance; padding_center is separate geometric proxy.
256,2484,4965160adcfb13a2bec036fe,False,uncertain,not_semantically_reviewed,No semantic component/background assignment inferred from position or distance; padding_center is separate geometric proxy.
256,2277,18a0d6dc34942149287a8f9d,False,uncertain,not_semantically_reviewed,No semantic component/background assignment inferred from position or distance; padding_center is separate geometric proxy.
256,2364,64b4c24d09b3948d7383f74d,False,uncertain,not_semantically_reviewed,No semantic component/background assignment inferred from position or distance; padding_center is separate geometric proxy.
256,402,816bd32e6af258821450f1f6,False,uncertain,not_semantically_reviewed,No semantic component/background assignment inferred from position or distance; padding_center is separate geometric proxy.
256,7,936284d821d8e5b66694ff5f,False,uncertain,not_semantically_reviewed,No semantic component/background assignment inferred from position or distance; padding_center is separate geometric proxy.
256,3005,736baaa0fc8d39ce48febcb6,False,uncertain,not_semantically_reviewed,No semantic component/background assignment inferred from position or distance; padding_center is separate geometric proxy.
256,3549,6dc8a9fd69394147248823c3,False,uncertain,not_semantically_reviewed,No semantic component/background assignment inferred from position or distance; padding_center is separate geometric proxy.
256,1468,18a0d6dc34942149287a8f9d,False,uncertain,not_semantically_reviewed,No semantic component/background assignment inferred from position or distance; padding_center is separate geometric proxy.
256,774,00f1aa2318c0169ace9c04bb,False,uncertain,not_semantically_reviewed,No semantic component/background assignment inferred from position or distance; padding_center is separate geometric proxy.
256,256,5ba769d6494640d0a423bba3,False,uncertain,not_semantically_reviewed,No semantic component/background assignment inferred from position or distance; padding_center is separate geometric proxy.
256,2869,3ab22bbde3fae3c6ca981b86,False,uncertain,not_semantically_reviewed,No semantic component/background assignment inferred from position or distance; padding_center is separate geometric proxy.
256,1662,66d10c1a1a2e920f3353605b,False,uncertain,not_semantically_reviewed,No semantic component/background assignment inferred from position or distance; padding_center is separate geometric proxy.
256,2783,92de296e20733f6eb94d79cd,False,uncertain,not_semantically_reviewed,No semantic component/background assignment inferred from position or distance; padding_center is separate geometric proxy.
256,2779,9ebb9ce7311b3a545437391d,False,uncertain,not_semantically_reviewed,No semantic component/background assignment inferred from position or distance; padding_center is separate geometric proxy.
256,737,84442fa91f2c20b34ab4e0dd,False,uncertain,not_semantically_reviewed,No semantic component/background assignment inferred from position or distance; padding_center is separate geometric proxy.
256,129,eb04afef9b1b9923e7faabaf,False,uncertain,not_semantically_reviewed,No semantic component/background assignment inferred from position or distance; padding_center is separate geometric proxy.
256,3797,063f4dd86e1b0211f741d57a,False,uncertain,not_semantically_reviewed,No semantic component/background assignment inferred from position or distance; padding_center is separate geometric proxy.
256,3090,4543b64f24e19620ddfe58fe,False,uncertain,not_semantically_reviewed,No semantic component/background assignment inferred from position or distance; padding_center is separate geometric proxy.
256,900,72ac6b38b6693e5fc323e6d7,False,uncertain,not_semantically_reviewed,No semantic component/background assignment inferred from position or distance; padding_center is separate geometric proxy.
256,1703,736baaa0fc8d39ce48febcb6,False,uncertain,not_semantically_reviewed,No semantic component/background assignment inferred from position or distance; padding_center is separate geometric proxy.
256,940,475d3a39b0f5bde6f2638d17,False,uncertain,not_semantically_reviewed,No semantic component/background assignment inferred from position or distance; padding_center is separate geometric proxy.
256,3704,c641d516cc7565e53f90ff55,False,uncertain,not_semantically_reviewed,No semantic component/background assignment inferred from position or distance; padding_center is separate geometric proxy.
256,2062,92de296e20733f6eb94d79cd,False,uncertain,not_semantically_reviewed,No semantic component/background assignment inferred from position or distance; padding_center is separate geometric proxy.
256,1498,1b5943781105ad56b1d799cd,False,uncertain,not_semantically_reviewed,No semantic component/background assignment inferred from position or distance; padding_center is separate geometric proxy.
256,596,58133cd36d4de1c8fbea2575,False,uncertain,not_semantically_reviewed,No semantic component/background assignment inferred from position or distance; padding_center is separate geometric proxy.
256,2594,b702b5c2a0d53b0311f8251d,False,uncertain,not_semantically_reviewed,No semantic component/background assignment inferred from position or distance; padding_center is separate geometric proxy.
256,3036,b3ae56bdf7c8ea243704b1e2,False,uncertain,not_semantically_reviewed,No semantic component/background assignment inferred from position or distance; padding_center is separate geometric proxy.
256,4034,0c7e1b72803ad61dccb12da2,False,uncertain,not_semantically_reviewed,No semantic component/background assignment inferred from position or distance; padding_center is separate geometric proxy.
256,2922,f7ab54038434a0fb639afdd3,False,uncertain,not_semantically_reviewed,No semantic component/background assignment inferred from position or distance; padding_center is separate geometric proxy.
256,3349,eb04afef9b1b9923e7faabaf,False,uncertain,not_semantically_reviewed,No semantic component/background assignment inferred from position or distance; padding_center is separate geometric proxy.
256,825,475d3a39b0f5bde6f2638d17,False,uncertain,not_semantically_reviewed,No semantic component/background assignment inferred from position or distance; padding_center is separate geometric proxy.
256,2025,237c596b591254405a69e540,False,uncertain,not_semantically_reviewed,No semantic component/background assignment inferred from position or distance; padding_center is separate geometric proxy.
256,3495,4bd72ef466f1588d325db08d,False,uncertain,not_semantically_reviewed,No semantic component/background assignment inferred from position or distance; padding_center is separate geometric proxy.
256,2625,7e2d3336804b149b9089e670,False,uncertain,not_semantically_reviewed,No semantic component/background assignment inferred from position or distance; padding_center is separate geometric proxy.
256,3597,92de296e20733f6eb94d79cd,False,uncertain,not_semantically_reviewed,No semantic component/background assignment inferred from position or distance; padding_center is separate geometric proxy.
256,1193,a85b8f4d5500cae41064cdb7,False,uncertain,not_semantically_reviewed,No semantic component/background assignment inferred from position or distance; padding_center is separate geometric proxy.
256,1642,d040f38f5a4cf8320210d613,False,uncertain,not_semantically_reviewed,No semantic component/background assignment inferred from position or distance; padding_center is separate geometric proxy.
256,3795,8e46c5ffa65a69e217cfbaed,False,uncertain,not_semantically_reviewed,No semantic component/background assignment inferred from position or distance; padding_center is separate geometric proxy.
256,1722,2adc2b219e02a58946be06ef,False,uncertain,not_semantically_reviewed,No semantic component/background assignment inferred from position or distance; padding_center is separate geometric proxy.
256,2588,f2ad943c569d2bd5ccd7562b,False,uncertain,not_semantically_reviewed,No semantic component/background assignment inferred from position or distance; padding_center is separate geometric proxy.
256,1329,cbdf67e4b84fdebb3d0e28af,False,uncertain,not_semantically_reviewed,No semantic component/background assignment inferred from position or distance; padding_center is separate geometric proxy.
256,897,0a4ecb1e7208c018c987723b,False,uncertain,not_semantically_reviewed,No semantic component/background assignment inferred from position or distance; padding_center is separate geometric proxy.
256,1721,5c75350aed5b717062b17cae,False,uncertain,not_semantically_reviewed,No semantic component/background assignment inferred from position or distance; padding_center is separate geometric proxy.
256,69,d3a5f8bf7739e1c3d5b54614,False,uncertain,not_semantically_reviewed,No semantic component/background assignment inferred from position or distance; padding_center is separate geometric proxy.
256,3475,ff2ced79066df248fa968991,False,uncertain,not_semantically_reviewed,No semantic component/background assignment inferred from position or distance; padding_center is separate geometric proxy.
256,632,f358fb8c91dfcf9357b8a3b9,False,uncertain,not_semantically_reviewed,No semantic component/background assignment inferred from position or distance; padding_center is separate geometric proxy.
256,655,48774be7a90d41f7a06ea83f,False,uncertain,not_semantically_reviewed,No semantic component/background assignment inferred from position or distance; padding_center is separate geometric proxy.
256,3593,3c6b31275c72edda89ab5d21,False,uncertain,not_semantically_reviewed,No semantic component/background assignment inferred from position or distance; padding_center is separate geometric proxy.
256,2281,dd6767c1fd38fd7c62f39c39,False,uncertain,not_semantically_reviewed,No semantic component/background assignment inferred from position or distance; padding_center is separate geometric proxy.
256,470,eb04afef9b1b9923e7faabaf,False,uncertain,not_semantically_reviewed,No semantic component/background assignment inferred from position or distance; padding_center is separate geometric proxy.
256,3247,f2a60dda47da8c5ea9cd3abb,False,uncertain,not_semantically_reviewed,No semantic component/background assignment inferred from position or distance; padding_center is separate geometric proxy.
256,1140,4665969bbaacc0e03564a0b5,False,uncertain,not_semantically_reviewed,No semantic component/background assignment inferred from position or distance; padding_center is separate geometric proxy.
256,2603,3600b9cdf68a783f08fd12aa,False,uncertain,not_semantically_reviewed,No semantic component/background assignment inferred from position or distance; padding_center is separate geometric proxy.
256,1346,2c4820ed4166dca808a3e54b,False,uncertain,not_semantically_reviewed,No semantic component/background assignment inferred from position or distance; padding_center is separate geometric proxy.
256,90,9cfadab4e87bbbd7e3153890,False,uncertain,not_semantically_reviewed,No semantic component/background assignment inferred from position or distance; padding_center is separate geometric proxy.
256,1891,dfa76a8c21b877080895d047,False,uncertain,not_semantically_reviewed,No semantic component/background assignment inferred from position or distance; padding_center is separate geometric proxy.
256,226,7ff10d5fa9617322c74f0a6b,False,uncertain,not_semantically_reviewed,No semantic component/background assignment inferred from position or distance; padding_center is separate geometric proxy.
256,1359,5704beb34b7700bdf69b68d7,False,uncertain,not_semantically_reviewed,No semantic component/background assignment inferred from position or distance; padding_center is separate geometric proxy.
256,1322,93f67a2d05281d7b8a6af7d3,False,uncertain,not_semantically_reviewed,No semantic component/background assignment inferred from position or distance; padding_center is separate geometric proxy.
256,3200,024fe7ceabf1c05c569f8882,False,uncertain,not_semantically_reviewed,No semantic component/background assignment inferred from position or distance; padding_center is separate geometric proxy.
256,2617,d677e85653e506515ad8bddc,False,uncertain,not_semantically_reviewed,No semantic component/background assignment inferred from position or distance; padding_center is separate geometric proxy.
256,612,71e172b953d23eba9b7b5a2a,False,uncertain,not_semantically_reviewed,No semantic component/background assignment inferred from position or distance; padding_center is separate geometric proxy.
256,3087,64b8249d3fc0fe41daf96f8b,False,uncertain,not_semantically_reviewed,No semantic component/background assignment inferred from position or distance; padding_center is separate geometric proxy.
256,58,2ae77eca7538f09acbdde106,False,uncertain,not_semantically_reviewed,No semantic component/background assignment inferred from position or distance; padding_center is separate geometric proxy.
256,1858,90e8a907f547394a0a39da40,False,uncertain,not_semantically_reviewed,No semantic component/background assignment inferred from position or distance; padding_center is separate geometric proxy.
256,4078,1d9cb2be975171a54fb95c1c,False,uncertain,not_semantically_reviewed,No semantic component/background assignment inferred from position or distance; padding_center is separate geometric proxy.
256,762,06076aa4ee79cdfe208a650e,False,uncertain,not_semantically_reviewed,No semantic component/background assignment inferred from position or distance; padding_center is separate geometric proxy.
256,674,f4d7eb9f2381c80709083042,False,uncertain,not_semantically_reviewed,No semantic component/background assignment inferred from position or distance; padding_center is separate geometric proxy.
256,2906,97492afa452815a66c123f50,False,uncertain,not_semantically_reviewed,No semantic component/background assignment inferred from position or distance; padding_center is separate geometric proxy.
256,853,c5c881e5184121a3553fc84d,False,uncertain,not_semantically_reviewed,No semantic component/background assignment inferred from position or distance; padding_center is separate geometric proxy.
256,1051,a863c9813c83ed2e5086e6f1,False,uncertain,not_semantically_reviewed,No semantic component/background assignment inferred from position or distance; padding_center is separate geometric proxy.
256,2974,f7068b501a1f85d83c38b0e7,False,uncertain,not_semantically_reviewed,No semantic component/background assignment inferred from position or distance; padding_center is separate geometric proxy.
256,1599,94ba7b6ade3b906ec1c3ebcb,False,uncertain,not_semantically_reviewed,No semantic component/background assignment inferred from position or distance; padding_center is separate geometric proxy.
256,835,0636db959e4144490b43aec5,False,uncertain,not_semantically_reviewed,No semantic component/background assignment inferred from position or distance; padding_center is separate geometric proxy.
256,672,e28781384ed976608771c132,False,uncertain,not_semantically_reviewed,No semantic component/background assignment inferred from position or distance; padding_center is separate geometric proxy.
256,3739,d38ca61eb91c2ab5177fe2d9,False,uncertain,not_semantically_reviewed,No semantic component/background assignment inferred from position or distance; padding_center is separate geometric proxy.
256,2042,bbbde7bf5487a3433dcea610,False,uncertain,not_semantically_reviewed,No semantic component/background assignment inferred from position or distance; padding_center is separate geometric proxy.
256,2499,a62dae09b2226f081de0d80f,False,uncertain,not_semantically_reviewed,No semantic component/background assignment inferred from position or distance; padding_center is separate geometric proxy.
256,2639,ee83730bd28ade0b7d66d916,False,uncertain,not_semantically_reviewed,No semantic component/background assignment inferred from position or distance; padding_center is separate geometric proxy.
256,3283,09a7e5c161645e8357287a99,False,uncertain,not_semantically_reviewed,No semantic component/background assignment inferred from position or distance; padding_center is separate geometric proxy.
256,3780,a85b8f4d5500cae41064cdb7,False,uncertain,not_semantically_reviewed,No semantic component/background assignment inferred from position or distance; padding_center is separate geometric proxy.
256,3166,18986155df3bc4d5931597b1,False,uncertain,not_semantically_reviewed,No semantic component/background assignment inferred from position or distance; padding_center is separate geometric proxy.
256,1743,5c6d3466c6986a59ea1677b0,False,uncertain,not_semantically_reviewed,No semantic component/background assignment inferred from position or distance; padding_center is separate geometric proxy.
256,863,6791f6649b9ca79b8b6ebb30,False,uncertain,not_semantically_reviewed,No semantic component/background assignment inferred from position or distance; padding_center is separate geometric proxy.
256,321,3b739922cafc7c1c1b6bf5af,False,uncertain,not_semantically_reviewed,No semantic component/background assignment inferred from position or distance; padding_center is separate geometric proxy.
256,2704,f01c727dc745da31a592efa9,False,uncertain,not_semantically_reviewed,No semantic component/background assignment inferred from position or distance; padding_center is separate geometric proxy.
256,1087,48e3ec1c4f6e6f0c62776e6c,False,uncertain,not_semantically_reviewed,No semantic component/background assignment inferred from position or distance; padding_center is separate geometric proxy.
256,1990,bf06c5f5f686534fff0cb2ab,False,uncertain,not_semantically_reviewed,No semantic component/background assignment inferred from position or distance; padding_center is separate geometric proxy.
256,3968,a07162736060762abf1cf681,False,uncertain,not_semantically_reviewed,No semantic component/background assignment inferred from position or distance; padding_center is separate geometric proxy.
256,501,f17a86259d0b63b4c11d6fdc,False,uncertain,not_semantically_reviewed,No semantic component/background assignment inferred from position or distance; padding_center is separate geometric proxy.
256,3012,53553f400f2058be52468beb,False,uncertain,not_semantically_reviewed,No semantic component/background assignment inferred from position or distance; padding_center is separate geometric proxy.
256,2017,602cbebbca89fbaf713dd997,False,uncertain,not_semantically_reviewed,No semantic component/background assignment inferred from position or distance; padding_center is separate geometric proxy.
256,3271,90980ace2ddb899842b5027e,False,uncertain,not_semantically_reviewed,No semantic component/background assignment inferred from position or distance; padding_center is separate geometric proxy.
256,2403,9ebb9ce7311b3a545437391d,False,uncertain,not_semantically_reviewed,No semantic component/background assignment inferred from position or distance; padding_center is separate geometric proxy.
256,1417,b584411aa36a75c87774c596,False,uncertain,not_semantically_reviewed,No semantic component/background assignment inferred from position or distance; padding_center is separate geometric proxy.
256,3428,047a14a78c9e229f63018f3b,False,uncertain,not_semantically_reviewed,No semantic component/background assignment inferred from position or distance; padding_center is separate geometric proxy.
256,2565,3eae75012bae37b2cbc1664a,False,uncertain,not_semantically_reviewed,No semantic component/background assignment inferred from position or distance; padding_center is separate geometric proxy.
256,3732,bc54e154db4d13f20e6d6cd9,False,uncertain,not_semantically_reviewed,No semantic component/background assignment inferred from position or distance; padding_center is separate geometric proxy.
256,2037,7d530f82804bd5827f7d06d5,False,uncertain,not_semantically_reviewed,No semantic component/background assignment inferred from position or distance; padding_center is separate geometric proxy.
256,753,ccf56c81e5602eb5f8a3a46f,False,uncertain,not_semantically_reviewed,No semantic component/background assignment inferred from position or distance; padding_center is separate geometric proxy.
256,385,063f4dd86e1b0211f741d57a,False,uncertain,not_semantically_reviewed,No semantic component/background assignment inferred from position or distance; padding_center is separate geometric proxy.
256,2147,677aa74297073fb830aa6956,False,uncertain,not_semantically_reviewed,No semantic component/background assignment inferred from position or distance; padding_center is separate geometric proxy.
256,2600,f819b5d38b92c526e4ce0b71,False,uncertain,not_semantically_reviewed,No semantic component/background assignment inferred from position or distance; padding_center is separate geometric proxy.
256,1367,43c3352d430e10a47c8fd947,False,uncertain,not_semantically_reviewed,No semantic component/background assignment inferred from position or distance; padding_center is separate geometric proxy.
256,4,53553f400f2058be52468beb,False,uncertain,not_semantically_reviewed,No semantic component/background assignment inferred from position or distance; padding_center is separate geometric proxy.
256,1932,dfdb0d0f027bd00ec46eee2b,False,uncertain,not_semantically_reviewed,No semantic component/background assignment inferred from position or distance; padding_center is separate geometric proxy.
256,833,1a6c6fa7c8a001348abf771b,False,uncertain,not_semantically_reviewed,No semantic component/background assignment inferred from position or distance; padding_center is separate geometric proxy.
256,3111,5c6d3466c6986a59ea1677b0,False,uncertain,not_semantically_reviewed,No semantic component/background assignment inferred from position or distance; padding_center is separate geometric proxy.
256,1114,233bfad0fb0de2c9a2833c26,False,uncertain,not_semantically_reviewed,No semantic component/background assignment inferred from position or distance; padding_center is separate geometric proxy.
256,48,64b8249d3fc0fe41daf96f8b,False,uncertain,not_semantically_reviewed,No semantic component/background assignment inferred from position or distance; padding_center is separate geometric proxy.
256,2150,a44c5164c6898d9014a0a4da,False,uncertain,not_semantically_reviewed,No semantic component/background assignment inferred from position or distance; padding_center is separate geometric proxy.
256,3737,6a1754bc6609bb8e8c11b65b,False,uncertain,not_semantically_reviewed,No semantic component/background assignment inferred from position or distance; padding_center is separate geometric proxy.
256,3915,1cb1b53e30ac8d3979c2aa35,False,uncertain,not_semantically_reviewed,No semantic component/background assignment inferred from position or distance; padding_center is separate geometric proxy.
256,1849,cd2ce2b777e1f8eb292bb311,False,uncertain,not_semantically_reviewed,No semantic component/background assignment inferred from position or distance; padding_center is separate geometric proxy.
256,311,1919d4ea4256585ce707a263,False,uncertain,not_semantically_reviewed,No semantic component/background assignment inferred from position or distance; padding_center is separate geometric proxy.
256,1270,e1332eb5c86461f086004c34,False,uncertain,not_semantically_reviewed,No semantic component/background assignment inferred from position or distance; padding_center is separate geometric proxy.
256,4055,b57b13df07ddb67b8ccdd7fe,False,uncertain,not_semantically_reviewed,No semantic component/background assignment inferred from position or distance; padding_center is separate geometric proxy.
256,3635,aa7f57ac3339014708113e9c,False,uncertain,not_semantically_reviewed,No semantic component/background assignment inferred from position or distance; padding_center is separate geometric proxy.
256,2983,64b8249d3fc0fe41daf96f8b,False,uncertain,not_semantically_reviewed,No semantic component/background assignment inferred from position or distance; padding_center is separate geometric proxy.
256,1506,d1fa68036b523c08be8338a1,False,uncertain,not_semantically_reviewed,No semantic component/background assignment inferred from position or distance; padding_center is separate geometric proxy.
256,2009,a7ea7c3185f764b9936b650b,False,uncertain,not_semantically_reviewed,No semantic component/background assignment inferred from position or distance; padding_center is separate geometric proxy.
256,2720,27be3e5be19a2b4c335ab973,False,uncertain,not_semantically_reviewed,No semantic component/background assignment inferred from position or distance; padding_center is separate geometric proxy.
256,456,fecd368aa554ca8953b94c20,False,uncertain,not_semantically_reviewed,No semantic component/background assignment inferred from position or distance; padding_center is separate geometric proxy.
256,4047,e1332eb5c86461f086004c34,False,uncertain,not_semantically_reviewed,No semantic component/background assignment inferred from position or distance; padding_center is separate geometric proxy.
256,3813,230411525f34907d4d302e28,False,uncertain,not_semantically_reviewed,No semantic component/background assignment inferred from position or distance; padding_center is separate geometric proxy.
256,478,9fd931e296c23b935c80a2db,False,uncertain,not_semantically_reviewed,No semantic component/background assignment inferred from position or distance; padding_center is separate geometric proxy.
256,3982,8e8d92bbef79ba9b4bd394b6,False,uncertain,not_semantically_reviewed,No semantic component/background assignment inferred from position or distance; padding_center is separate geometric proxy.
256,1586,7d530f82804bd5827f7d06d5,False,uncertain,not_semantically_reviewed,No semantic component/background assignment inferred from position or distance; padding_center is separate geometric proxy.
256,844,11b58bbc909e5dd0a7548fda,False,uncertain,not_semantically_reviewed,No semantic component/background assignment inferred from position or distance; padding_center is separate geometric proxy.
256,3115,94ba7b6ade3b906ec1c3ebcb,False,uncertain,not_semantically_reviewed,No semantic component/background assignment inferred from position or distance; padding_center is separate geometric proxy.
256,2454,66aa231e5d1632c5819ca59b,False,uncertain,not_semantically_reviewed,No semantic component/background assignment inferred from position or distance; padding_center is separate geometric proxy.
256,1593,a5e8cf73e552544d0aeaab12,False,uncertain,not_semantically_reviewed,No semantic component/background assignment inferred from position or distance; padding_center is separate geometric proxy.
256,1429,27be3e5be19a2b4c335ab973,False,uncertain,not_semantically_reviewed,No semantic component/background assignment inferred from position or distance; padding_center is separate geometric proxy.
256,2244,a626ddea82058ff3ee702c26,False,uncertain,not_semantically_reviewed,No semantic component/background assignment inferred from position or distance; padding_center is separate geometric proxy.
256,907,f6b0918b296e2086174c29c3,False,uncertain,not_semantically_reviewed,No semantic component/background assignment inferred from position or distance; padding_center is separate geometric proxy.
256,1492,4dc8d3119ac06b59ca06d65a,False,uncertain,not_semantically_reviewed,No semantic component/background assignment inferred from position or distance; padding_center is separate geometric proxy.
256,2022,00f1aa2318c0169ace9c04bb,False,uncertain,not_semantically_reviewed,No semantic component/background assignment inferred from position or distance; padding_center is separate geometric proxy.
256,3832,7afbc26da1dbba6cc7e92529,False,uncertain,not_semantically_reviewed,No semantic component/background assignment inferred from position or distance; padding_center is separate geometric proxy.
256,3520,5fc1aadc9e2e9f7d4a76bdd4,False,uncertain,not_semantically_reviewed,No semantic component/background assignment inferred from position or distance; padding_center is separate geometric proxy.
256,471,a55c764b9b773225c24ff95d,False,uncertain,not_semantically_reviewed,No semantic component/background assignment inferred from position or distance; padding_center is separate geometric proxy.
256,2333,8645c4c99730d4424f3e467c,False,uncertain,not_semantically_reviewed,No semantic component/background assignment inferred from position or distance; padding_center is separate geometric proxy.
256,4057,18bdd05b85f8030805542307,False,uncertain,not_semantically_reviewed,No semantic component/background assignment inferred from position or distance; padding_center is separate geometric proxy.
256,303,3e988861d357da3578512243,False,uncertain,not_semantically_reviewed,No semantic component/background assignment inferred from position or distance; padding_center is separate geometric proxy.
256,815,ad185f2ff4331025f376ee84,False,uncertain,not_semantically_reviewed,No semantic component/background assignment inferred from position or distance; padding_center is separate geometric proxy.
256,2661,4ba9cb9a1f838882aceda47d,False,uncertain,not_semantically_reviewed,No semantic component/background assignment inferred from position or distance; padding_center is separate geometric proxy.
256,827,a55c764b9b773225c24ff95d,False,uncertain,not_semantically_reviewed,No semantic component/background assignment inferred from position or distance; padding_center is separate geometric proxy.
256,3947,5f958a67a461a12163dd611a,False,uncertain,not_semantically_reviewed,No semantic component/background assignment inferred from position or distance; padding_center is separate geometric proxy.
256,1197,76016013ac2f39f19fd5e707,False,uncertain,not_semantically_reviewed,No semantic component/background assignment inferred from position or distance; padding_center is separate geometric proxy.
256,3954,2c4820ed4166dca808a3e54b,True,uncertain,not_semantically_reviewed,No semantic component/background assignment inferred from position or distance; padding_center is separate geometric proxy.
256,28,66b007b118c0f706871e39e2,True,uncertain,not_semantically_reviewed,No semantic component/background assignment inferred from position or distance; padding_center is separate geometric proxy.
256,1054,0c7e1b72803ad61dccb12da2,True,uncertain,not_semantically_reviewed,No semantic component/background assignment inferred from position or distance; padding_center is separate geometric proxy.
256,1917,3ce6cfeda64714684d591002,True,uncertain,not_semantically_reviewed,No semantic component/background assignment inferred from position or distance; padding_center is separate geometric proxy.
256,2299,7ff10d5fa9617322c74f0a6b,True,uncertain,not_semantically_reviewed,No semantic component/background assignment inferred from position or distance; padding_center is separate geometric proxy.
256,180,3fbe6039a30d3245bdca405b,True,uncertain,not_semantically_reviewed,No semantic component/background assignment inferred from position or distance; padding_center is separate geometric proxy.
256,120,525c506269f0acc2392c57d9,False,uncertain,not_semantically_reviewed,No semantic component/background assignment inferred from position or distance; padding_center is separate geometric proxy.
256,2458,02d79935517fed305921e07c,False,uncertain,not_semantically_reviewed,No semantic component/background assignment inferred from position or distance; padding_center is separate geometric proxy.
256,2948,f452c19e12cf29465d64292b,False,uncertain,not_semantically_reviewed,No semantic component/background assignment inferred from position or distance; padding_center is separate geometric proxy.
256,1864,4bd72ef466f1588d325db08d,False,uncertain,not_semantically_reviewed,No semantic component/background assignment inferred from position or distance; padding_center is separate geometric proxy.
256,3990,e1332eb5c86461f086004c34,False,uncertain,not_semantically_reviewed,No semantic component/background assignment inferred from position or distance; padding_center is separate geometric proxy.
256,1228,4543b64f24e19620ddfe58fe,False,uncertain,not_semantically_reviewed,No semantic component/background assignment inferred from position or distance; padding_center is separate geometric proxy.
256,839,3ca9848d2ddf762ea1ca374e,False,uncertain,not_semantically_reviewed,No semantic component/background assignment inferred from position or distance; padding_center is separate geometric proxy.
256,3173,5ba769d6494640d0a423bba3,False,uncertain,not_semantically_reviewed,No semantic component/background assignment inferred from position or distance; padding_center is separate geometric proxy.
256,4070,6ae60da438a0b65e963dd5ab,False,uncertain,not_semantically_reviewed,No semantic component/background assignment inferred from position or distance; padding_center is separate geometric proxy.
256,1458,32c34806fa593c9b1f866350,False,uncertain,not_semantically_reviewed,No semantic component/background assignment inferred from position or distance; padding_center is separate geometric proxy.
256,2157,de795c2c6984f08b6e496cd5,False,uncertain,not_semantically_reviewed,No semantic component/background assignment inferred from position or distance; padding_center is separate geometric proxy.
256,3843,6387f6ced1c40317d03fa204,False,uncertain,not_semantically_reviewed,No semantic component/background assignment inferred from position or distance; padding_center is separate geometric proxy.
256,796,3ce6cfeda64714684d591002,False,uncertain,not_semantically_reviewed,No semantic component/background assignment inferred from position or distance; padding_center is separate geometric proxy.
256,3666,0e53f40daa1b26d70774fbba,False,uncertain,not_semantically_reviewed,No semantic component/background assignment inferred from position or distance; padding_center is separate geometric proxy.
256,961,cb01fb613c5f07cbcc170fad,False,uncertain,not_semantically_reviewed,No semantic component/background assignment inferred from position or distance; padding_center is separate geometric proxy.
256,2930,46c3d28ad61bb05f7a88360b,False,uncertain,not_semantically_reviewed,No semantic component/background assignment inferred from position or distance; padding_center is separate geometric proxy.
256,2479,4980c72ca67d8e631768e86d,False,uncertain,not_semantically_reviewed,No semantic component/background assignment inferred from position or distance; padding_center is separate geometric proxy.
256,1343,a2b0545a6deb48e57bb709a2,False,uncertain,not_semantically_reviewed,No semantic component/background assignment inferred from position or distance; padding_center is separate geometric proxy.
256,4037,7b9272db08a41f6c5e8105f2,False,uncertain,not_semantically_reviewed,No semantic component/background assignment inferred from position or distance; padding_center is separate geometric proxy.
256,2790,36e059945efde3fe353c6ac6,False,uncertain,not_semantically_reviewed,No semantic component/background assignment inferred from position or distance; padding_center is separate geometric proxy.
256,2891,4424ee2da09740d91f04a4c8,False,uncertain,not_semantically_reviewed,No semantic component/background assignment inferred from position or distance; padding_center is separate geometric proxy.
256,492,6dc8a9fd69394147248823c3,False,uncertain,not_semantically_reviewed,No semantic component/background assignment inferred from position or distance; padding_center is separate geometric proxy.
256,2146,086518127f0aeb09535dd64c,False,uncertain,not_semantically_reviewed,No semantic component/background assignment inferred from position or distance; padding_center is separate geometric proxy.
256,716,8863cf8ce2b243b58bb78daf,False,uncertain,not_semantically_reviewed,No semantic component/background assignment inferred from position or distance; padding_center is separate geometric proxy.
256,2767,68c0fc0efbb93f1c3720c26f,False,uncertain,not_semantically_reviewed,No semantic component/background assignment inferred from position or distance; padding_center is separate geometric proxy.
256,1363,48e3ec1c4f6e6f0c62776e6c,False,uncertain,not_semantically_reviewed,No semantic component/background assignment inferred from position or distance; padding_center is separate geometric proxy.
256,847,8645c4c99730d4424f3e467c,False,uncertain,not_semantically_reviewed,No semantic component/background assignment inferred from position or distance; padding_center is separate geometric proxy.
256,3602,66aa231e5d1632c5819ca59b,False,uncertain,not_semantically_reviewed,No semantic component/background assignment inferred from position or distance; padding_center is separate geometric proxy.
256,57,39c5953011e4ad6a04b721b8,False,uncertain,not_semantically_reviewed,No semantic component/background assignment inferred from position or distance; padding_center is separate geometric proxy.
256,1898,874d6eabd5e75378c3fea8be,False,uncertain,not_semantically_reviewed,No semantic component/background assignment inferred from position or distance; padding_center is separate geometric proxy.
256,3275,18bdd05b85f8030805542307,False,uncertain,not_semantically_reviewed,No semantic component/background assignment inferred from position or distance; padding_center is separate geometric proxy.
256,2561,488bd8045c660b3964c2e1a2,False,uncertain,not_semantically_reviewed,No semantic component/background assignment inferred from position or distance; padding_center is separate geometric proxy.
256,3620,af49eb9854b04f51dbeac8a0,False,uncertain,not_semantically_reviewed,No semantic component/background assignment inferred from position or distance; padding_center is separate geometric proxy.
256,1782,1326fa12b1d2547c7553b237,False,uncertain,not_semantically_reviewed,No semantic component/background assignment inferred from position or distance; padding_center is separate geometric proxy.
256,849,f7068b501a1f85d83c38b0e7,False,uncertain,not_semantically_reviewed,No semantic component/background assignment inferred from position or distance; padding_center is separate geometric proxy.
256,2950,7ce77491ef71464a89bbe4f5,False,uncertain,not_semantically_reviewed,No semantic component/background assignment inferred from position or distance; padding_center is separate geometric proxy.
256,3655,05f475da8df7efe992aa31fd,False,uncertain,not_semantically_reviewed,No semantic component/background assignment inferred from position or distance; padding_center is separate geometric proxy.
256,2432,105cbc422d6aff7a633c1188,False,uncertain,not_semantically_reviewed,No semantic component/background assignment inferred from position or distance; padding_center is separate geometric proxy.
256,3802,f819b5d38b92c526e4ce0b71,False,uncertain,not_semantically_reviewed,No semantic component/background assignment inferred from position or distance; padding_center is separate geometric proxy.
256,669,89c5720e09cc8adbb2278ca8,False,uncertain,not_semantically_reviewed,No semantic component/background assignment inferred from position or distance; padding_center is separate geometric proxy.
256,1473,dd165541fbc074981d278ca8,False,uncertain,not_semantically_reviewed,No semantic component/background assignment inferred from position or distance; padding_center is separate geometric proxy.
256,2152,90e8a907f547394a0a39da40,False,uncertain,not_semantically_reviewed,No semantic component/background assignment inferred from position or distance; padding_center is separate geometric proxy.
256,3986,69718c2cbcdee661e85e894b,False,uncertain,not_semantically_reviewed,No semantic component/background assignment inferred from position or distance; padding_center is separate geometric proxy.
256,3191,fc3ce2e3495fde5e3ca176db,False,uncertain,not_semantically_reviewed,No semantic component/background assignment inferred from position or distance; padding_center is separate geometric proxy.
256,1348,fc73f20a80be611a6bc12640,False,uncertain,not_semantically_reviewed,No semantic component/background assignment inferred from position or distance; padding_center is separate geometric proxy.
256,2228,21c722dcc1e220ccbc6b85cc,False,uncertain,not_semantically_reviewed,No semantic component/background assignment inferred from position or distance; padding_center is separate geometric proxy.
256,3663,23417d98734b6b0c613dc858,False,uncertain,not_semantically_reviewed,No semantic component/background assignment inferred from position or distance; padding_center is separate geometric proxy.
256,1852,3b739922cafc7c1c1b6bf5af,False,uncertain,not_semantically_reviewed,No semantic component/background assignment inferred from position or distance; padding_center is separate geometric proxy.
256,1074,a4172581c1bf5e506e42c455,False,uncertain,not_semantically_reviewed,No semantic component/background assignment inferred from position or distance; padding_center is separate geometric proxy.
256,1166,d8893f3a76156d238b88fc70,False,uncertain,not_semantically_reviewed,No semantic component/background assignment inferred from position or distance; padding_center is separate geometric proxy.
256,3369,79bc2e4e01676ea5281bcec0,False,uncertain,not_semantically_reviewed,No semantic component/background assignment inferred from position or distance; padding_center is separate geometric proxy.
256,3357,523569515df9ae266b5cc18f,False,uncertain,not_semantically_reviewed,No semantic component/background assignment inferred from position or distance; padding_center is separate geometric proxy.
256,964,1326fa12b1d2547c7553b237,False,uncertain,not_semantically_reviewed,No semantic component/background assignment inferred from position or distance; padding_center is separate geometric proxy.
256,3300,2abc495166a8c059465a408a,False,uncertain,not_semantically_reviewed,No semantic component/background assignment inferred from position or distance; padding_center is separate geometric proxy.
256,3103,a863c9813c83ed2e5086e6f1,False,uncertain,not_semantically_reviewed,No semantic component/background assignment inferred from position or distance; padding_center is separate geometric proxy.
256,3672,3c5e07ed447124ae1994b8e7,False,uncertain,not_semantically_reviewed,No semantic component/background assignment inferred from position or distance; padding_center is separate geometric proxy.
256,2191,a2b0545a6deb48e57bb709a2,False,uncertain,not_semantically_reviewed,No semantic component/background assignment inferred from position or distance; padding_center is separate geometric proxy.
256,251,2214a9176a7102e6ca3472f0,False,uncertain,not_semantically_reviewed,No semantic component/background assignment inferred from position or distance; padding_center is separate geometric proxy.
256,2444,4665969bbaacc0e03564a0b5,False,uncertain,not_semantically_reviewed,No semantic component/background assignment inferred from position or distance; padding_center is separate geometric proxy.
256,1438,7b9272db08a41f6c5e8105f2,False,uncertain,not_semantically_reviewed,No semantic component/background assignment inferred from position or distance; padding_center is separate geometric proxy.
256,2784,488bd8045c660b3964c2e1a2,False,uncertain,not_semantically_reviewed,No semantic component/background assignment inferred from position or distance; padding_center is separate geometric proxy.
256,2870,eda1bf0e0b848eb44a3df21d,False,uncertain,not_semantically_reviewed,No semantic component/background assignment inferred from position or distance; padding_center is separate geometric proxy.
256,3512,3a6cd7a0e9f96024b4c47e60,False,uncertain,not_semantically_reviewed,No semantic component/background assignment inferred from position or distance; padding_center is separate geometric proxy.
256,3324,0161225fef57b7ce6ba4e2f9,False,uncertain,not_semantically_reviewed,No semantic component/background assignment inferred from position or distance; padding_center is separate geometric proxy.
256,318,602cbebbca89fbaf713dd997,False,uncertain,not_semantically_reviewed,No semantic component/background assignment inferred from position or distance; padding_center is separate geometric proxy.
256,2587,a863c9813c83ed2e5086e6f1,False,uncertain,not_semantically_reviewed,No semantic component/background assignment inferred from position or distance; padding_center is separate geometric proxy.
256,1926,11b58bbc909e5dd0a7548fda,False,uncertain,not_semantically_reviewed,No semantic component/background assignment inferred from position or distance; padding_center is separate geometric proxy.
256,3980,58133cd36d4de1c8fbea2575,False,uncertain,not_semantically_reviewed,No semantic component/background assignment inferred from position or distance; padding_center is separate geometric proxy.
256,3448,e28781384ed976608771c132,False,uncertain,not_semantically_reviewed,No semantic component/background assignment inferred from position or distance; padding_center is separate geometric proxy.
256,1686,8c45dd494acbb106ab4500e8,False,uncertain,not_semantically_reviewed,No semantic component/background assignment inferred from position or distance; padding_center is separate geometric proxy.
256,297,475d3a39b0f5bde6f2638d17,False,uncertain,not_semantically_reviewed,No semantic component/background assignment inferred from position or distance; padding_center is separate geometric proxy.
256,1570,d4932a350dba9b84741ad3c8,False,uncertain,not_semantically_reviewed,No semantic component/background assignment inferred from position or distance; padding_center is separate geometric proxy.
256,3876,fd2430b8ee151628a4b18c1d,False,uncertain,not_semantically_reviewed,No semantic component/background assignment inferred from position or distance; padding_center is separate geometric proxy.
256,134,8e46c5ffa65a69e217cfbaed,False,uncertain,not_semantically_reviewed,No semantic component/background assignment inferred from position or distance; padding_center is separate geometric proxy.
256,3981,475d3a39b0f5bde6f2638d17,False,uncertain,not_semantically_reviewed,No semantic component/background assignment inferred from position or distance; padding_center is separate geometric proxy.
256,67,f819b5d38b92c526e4ce0b71,False,uncertain,not_semantically_reviewed,No semantic component/background assignment inferred from position or distance; padding_center is separate geometric proxy.
256,3305,766b495ea99f75997c14b363,False,uncertain,not_semantically_reviewed,No semantic component/background assignment inferred from position or distance; padding_center is separate geometric proxy.
256,2850,9a718aa439dd189e7373aa0d,False,uncertain,not_semantically_reviewed,No semantic component/background assignment inferred from position or distance; padding_center is separate geometric proxy.
256,3657,0eaf2d19aa0c775d62a83644,False,uncertain,not_semantically_reviewed,No semantic component/background assignment inferred from position or distance; padding_center is separate geometric proxy.
256,3678,d8893f3a76156d238b88fc70,False,uncertain,not_semantically_reviewed,No semantic component/background assignment inferred from position or distance; padding_center is separate geometric proxy.
256,1251,cd917aa0b2108ec00f030c1f,False,uncertain,not_semantically_reviewed,No semantic component/background assignment inferred from position or distance; padding_center is separate geometric proxy.
256,2989,66d05d9c3f5b6674d314eb61,False,uncertain,not_semantically_reviewed,No semantic component/background assignment inferred from position or distance; padding_center is separate geometric proxy.
256,3146,b9526745b0c99106496a464f,False,uncertain,not_semantically_reviewed,No semantic component/background assignment inferred from position or distance; padding_center is separate geometric proxy.
256,3150,feb57a45e8e6af73f1d2e2bd,False,uncertain,not_semantically_reviewed,No semantic component/background assignment inferred from position or distance; padding_center is separate geometric proxy.
256,1113,d1e231159824f7a79ef4d5e2,False,uncertain,not_semantically_reviewed,No semantic component/background assignment inferred from position or distance; padding_center is separate geometric proxy.
256,2069,cd2ce2b777e1f8eb292bb311,False,uncertain,not_semantically_reviewed,No semantic component/background assignment inferred from position or distance; padding_center is separate geometric proxy.
256,3265,9d2568d421729a597011f1aa,False,uncertain,not_semantically_reviewed,No semantic component/background assignment inferred from position or distance; padding_center is separate geometric proxy.
256,3601,1e2d07b1eeca611720eec5b1,False,uncertain,not_semantically_reviewed,No semantic component/background assignment inferred from position or distance; padding_center is separate geometric proxy.
256,915,d3a5f8bf7739e1c3d5b54614,False,uncertain,not_semantically_reviewed,No semantic component/background assignment inferred from position or distance; padding_center is separate geometric proxy.
256,2845,18bdd05b85f8030805542307,False,uncertain,not_semantically_reviewed,No semantic component/background assignment inferred from position or distance; padding_center is separate geometric proxy.
256,2517,d2cf6d7cc0c3cad21c2a7b3b,False,uncertain,not_semantically_reviewed,No semantic component/background assignment inferred from position or distance; padding_center is separate geometric proxy.
256,585,7ae3073e20e860b41f462134,False,uncertain,not_semantically_reviewed,No semantic component/background assignment inferred from position or distance; padding_center is separate geometric proxy.
256,2715,e8233e7f21f213acbbf96275,False,uncertain,not_semantically_reviewed,No semantic component/background assignment inferred from position or distance; padding_center is separate geometric proxy.
256,3214,b797141e90d5975ca6eb24ff,False,uncertain,not_semantically_reviewed,No semantic component/background assignment inferred from position or distance; padding_center is separate geometric proxy.
256,2215,b7eabc5fda3c972292fffe73,False,uncertain,not_semantically_reviewed,No semantic component/background assignment inferred from position or distance; padding_center is separate geometric proxy.
256,1400,fd2430b8ee151628a4b18c1d,False,uncertain,not_semantically_reviewed,No semantic component/background assignment inferred from position or distance; padding_center is separate geometric proxy.
256,3183,a1b6a915c8abf8262561460d,False,uncertain,not_semantically_reviewed,No semantic component/background assignment inferred from position or distance; padding_center is separate geometric proxy.
256,2901,0be80ee1017b556c602ee686,False,uncertain,not_semantically_reviewed,No semantic component/background assignment inferred from position or distance; padding_center is separate geometric proxy.
256,113,b257061f4690add78829b537,False,uncertain,not_semantically_reviewed,No semantic component/background assignment inferred from position or distance; padding_center is separate geometric proxy.
256,2558,2214a9176a7102e6ca3472f0,False,uncertain,not_semantically_reviewed,No semantic component/background assignment inferred from position or distance; padding_center is separate geometric proxy.
256,2515,d36c34acc0ec82f687bfb3ed,False,uncertain,not_semantically_reviewed,No semantic component/background assignment inferred from position or distance; padding_center is separate geometric proxy.
256,3679,1d9cb2be975171a54fb95c1c,False,uncertain,not_semantically_reviewed,No semantic component/background assignment inferred from position or distance; padding_center is separate geometric proxy.
256,918,602cbebbca89fbaf713dd997,False,uncertain,not_semantically_reviewed,No semantic component/background assignment inferred from position or distance; padding_center is separate geometric proxy.
256,2180,105cbc422d6aff7a633c1188,False,uncertain,not_semantically_reviewed,No semantic component/background assignment inferred from position or distance; padding_center is separate geometric proxy.
256,3252,92de296e20733f6eb94d79cd,False,uncertain,not_semantically_reviewed,No semantic component/background assignment inferred from position or distance; padding_center is separate geometric proxy.
256,1785,feb57a45e8e6af73f1d2e2bd,False,uncertain,not_semantically_reviewed,No semantic component/background assignment inferred from position or distance; padding_center is separate geometric proxy.
256,273,8c45dd494acbb106ab4500e8,False,uncertain,not_semantically_reviewed,No semantic component/background assignment inferred from position or distance; padding_center is separate geometric proxy.
256,3434,37ad80fc0edb79a099308f16,False,uncertain,not_semantically_reviewed,No semantic component/background assignment inferred from position or distance; padding_center is separate geometric proxy.
256,1191,90f8d65a25ef405f68fb6798,False,uncertain,not_semantically_reviewed,No semantic component/background assignment inferred from position or distance; padding_center is separate geometric proxy.
256,3134,69718c2cbcdee661e85e894b,False,uncertain,not_semantically_reviewed,No semantic component/background assignment inferred from position or distance; padding_center is separate geometric proxy.
256,3318,f5d2ec1040dadd7428895d46,False,uncertain,not_semantically_reviewed,No semantic component/background assignment inferred from position or distance; padding_center is separate geometric proxy.
256,2954,bfb5f4684d99186b5f4eb7af,False,uncertain,not_semantically_reviewed,No semantic component/background assignment inferred from position or distance; padding_center is separate geometric proxy.
256,4001,90980ace2ddb899842b5027e,False,uncertain,not_semantically_reviewed,No semantic component/background assignment inferred from position or distance; padding_center is separate geometric proxy.
256,3470,d36c34acc0ec82f687bfb3ed,False,uncertain,not_semantically_reviewed,No semantic component/background assignment inferred from position or distance; padding_center is separate geometric proxy.
256,3433,edd8c2f2a1edb1d9b7902444,False,uncertain,not_semantically_reviewed,No semantic component/background assignment inferred from position or distance; padding_center is separate geometric proxy.
256,2054,04b0f0bc641300949ff06626,False,uncertain,not_semantically_reviewed,No semantic component/background assignment inferred from position or distance; padding_center is separate geometric proxy.
256,1471,3e9601c37c2513abd6a2f915,False,uncertain,not_semantically_reviewed,No semantic component/background assignment inferred from position or distance; padding_center is separate geometric proxy.
256,3852,450e8df956ee04062e45d89e,False,uncertain,not_semantically_reviewed,No semantic component/background assignment inferred from position or distance; padding_center is separate geometric proxy.
256,2839,7e61ea81f0f1120629741738,False,uncertain,not_semantically_reviewed,No semantic component/background assignment inferred from position or distance; padding_center is separate geometric proxy.
256,1928,feb57a45e8e6af73f1d2e2bd,False,uncertain,not_semantically_reviewed,No semantic component/background assignment inferred from position or distance; padding_center is separate geometric proxy.
256,683,0161225fef57b7ce6ba4e2f9,False,uncertain,not_semantically_reviewed,No semantic component/background assignment inferred from position or distance; padding_center is separate geometric proxy.
256,3281,01b5079b3c777f85fa9cf1c9,False,uncertain,not_semantically_reviewed,No semantic component/background assignment inferred from position or distance; padding_center is separate geometric proxy.
256,1746,2e6ec4882e89f00a95812589,False,uncertain,not_semantically_reviewed,No semantic component/background assignment inferred from position or distance; padding_center is separate geometric proxy.
256,2613,11b58bbc909e5dd0a7548fda,False,uncertain,not_semantically_reviewed,No semantic component/background assignment inferred from position or distance; padding_center is separate geometric proxy.
256,1305,488bd8045c660b3964c2e1a2,False,uncertain,not_semantically_reviewed,No semantic component/background assignment inferred from position or distance; padding_center is separate geometric proxy.
256,436,5149baa58ed3a009537eb41a,False,uncertain,not_semantically_reviewed,No semantic component/background assignment inferred from position or distance; padding_center is separate geometric proxy.
256,3812,4ded01ce9f8ee20f2618b620,False,uncertain,not_semantically_reviewed,No semantic component/background assignment inferred from position or distance; padding_center is separate geometric proxy.
256,2091,92de296e20733f6eb94d79cd,False,uncertain,not_semantically_reviewed,No semantic component/background assignment inferred from position or distance; padding_center is separate geometric proxy.
256,1873,5f19dfc7921852e8bdb47c0f,False,uncertain,not_semantically_reviewed,No semantic component/background assignment inferred from position or distance; padding_center is separate geometric proxy.
256,1315,72ac6b38b6693e5fc323e6d7,False,uncertain,not_semantically_reviewed,No semantic component/background assignment inferred from position or distance; padding_center is separate geometric proxy.
256,3079,14f6a0c3392df9da95bb6c4c,False,uncertain,not_semantically_reviewed,No semantic component/background assignment inferred from position or distance; padding_center is separate geometric proxy.
256,2532,0be80ee1017b556c602ee686,False,uncertain,not_semantically_reviewed,No semantic component/background assignment inferred from position or distance; padding_center is separate geometric proxy.
256,3227,64b8249d3fc0fe41daf96f8b,False,uncertain,not_semantically_reviewed,No semantic component/background assignment inferred from position or distance; padding_center is separate geometric proxy.
256,3385,fa5b97c7b631912abe2948ea,False,uncertain,not_semantically_reviewed,No semantic component/background assignment inferred from position or distance; padding_center is separate geometric proxy.
256,1117,fed00a53aeeabd21ae3fe655,False,uncertain,not_semantically_reviewed,No semantic component/background assignment inferred from position or distance; padding_center is separate geometric proxy.
256,3685,194e0b2391453d2893e004f3,False,uncertain,not_semantically_reviewed,No semantic component/background assignment inferred from position or distance; padding_center is separate geometric proxy.
256,2169,b88ddbaebaded26c32e87fcd,False,uncertain,not_semantically_reviewed,No semantic component/background assignment inferred from position or distance; padding_center is separate geometric proxy.
256,2291,a85b8f4d5500cae41064cdb7,False,uncertain,not_semantically_reviewed,No semantic component/background assignment inferred from position or distance; padding_center is separate geometric proxy.
256,1000,e449fef81a55754d19fac2ff,False,uncertain,not_semantically_reviewed,No semantic component/background assignment inferred from position or distance; padding_center is separate geometric proxy.
256,3240,a55c764b9b773225c24ff95d,False,uncertain,not_semantically_reviewed,No semantic component/background assignment inferred from position or distance; padding_center is separate geometric proxy.
256,2347,2195b9a0e1359435a2584500,False,uncertain,not_semantically_reviewed,No semantic component/background assignment inferred from position or distance; padding_center is separate geometric proxy.
256,1028,2d9c4db1d44072bdce0400f9,False,uncertain,not_semantically_reviewed,No semantic component/background assignment inferred from position or distance; padding_center is separate geometric proxy.
256,4095,b676edc592ddaac800d4513e,False,uncertain,not_semantically_reviewed,No semantic component/background assignment inferred from position or distance; padding_center is separate geometric proxy.
256,2115,4ded01ce9f8ee20f2618b620,False,uncertain,not_semantically_reviewed,No semantic component/background assignment inferred from position or distance; padding_center is separate geometric proxy.
256,757,0161225fef57b7ce6ba4e2f9,False,uncertain,not_semantically_reviewed,No semantic component/background assignment inferred from position or distance; padding_center is separate geometric proxy.
256,500,586b3c4f915dd011d38fbe92,False,uncertain,not_semantically_reviewed,No semantic component/background assignment inferred from position or distance; padding_center is separate geometric proxy.
256,3871,1cb1b53e30ac8d3979c2aa35,False,uncertain,not_semantically_reviewed,No semantic component/background assignment inferred from position or distance; padding_center is separate geometric proxy.
256,568,9052050bccc72553c66e8144,False,uncertain,not_semantically_reviewed,No semantic component/background assignment inferred from position or distance; padding_center is separate geometric proxy.
256,2411,d39e4c28510df90b7f38db78,False,uncertain,not_semantically_reviewed,No semantic component/background assignment inferred from position or distance; padding_center is separate geometric proxy.
256,166,bbbde7bf5487a3433dcea610,False,uncertain,not_semantically_reviewed,No semantic component/background assignment inferred from position or distance; padding_center is separate geometric proxy.
256,152,4ef0dc3204621c8f7fccfc43,False,uncertain,not_semantically_reviewed,No semantic component/background assignment inferred from position or distance; padding_center is separate geometric proxy.
256,3973,66d05d9c3f5b6674d314eb61,False,uncertain,not_semantically_reviewed,No semantic component/background assignment inferred from position or distance; padding_center is separate geometric proxy.
256,3761,087e4032140db250860dbcf0,False,uncertain,not_semantically_reviewed,No semantic component/background assignment inferred from position or distance; padding_center is separate geometric proxy.
256,3507,d8893f3a76156d238b88fc70,False,uncertain,not_semantically_reviewed,No semantic component/background assignment inferred from position or distance; padding_center is separate geometric proxy.
256,2651,39c5953011e4ad6a04b721b8,False,uncertain,not_semantically_reviewed,No semantic component/background assignment inferred from position or distance; padding_center is separate geometric proxy.
256,270,087e4032140db250860dbcf0,False,uncertain,not_semantically_reviewed,No semantic component/background assignment inferred from position or distance; padding_center is separate geometric proxy.
256,2402,23c5900b7e57117a3f69a3e8,False,uncertain,not_semantically_reviewed,No semantic component/background assignment inferred from position or distance; padding_center is separate geometric proxy.
256,651,48774be7a90d41f7a06ea83f,False,uncertain,not_semantically_reviewed,No semantic component/background assignment inferred from position or distance; padding_center is separate geometric proxy.
256,1157,9958e07889a24c816b55dfd0,False,uncertain,not_semantically_reviewed,No semantic component/background assignment inferred from position or distance; padding_center is separate geometric proxy.
256,2495,5149baa58ed3a009537eb41a,False,uncertain,not_semantically_reviewed,No semantic component/background assignment inferred from position or distance; padding_center is separate geometric proxy.
256,4004,952e25a8dcd8ce6055472946,False,uncertain,not_semantically_reviewed,No semantic component/background assignment inferred from position or distance; padding_center is separate geometric proxy.
256,3992,a1bc54cce509f8c15cd664ec,False,uncertain,not_semantically_reviewed,No semantic component/background assignment inferred from position or distance; padding_center is separate geometric proxy.
256,2978,b57b13df07ddb67b8ccdd7fe,False,uncertain,not_semantically_reviewed,No semantic component/background assignment inferred from position or distance; padding_center is separate geometric proxy.
256,1405,f6b0918b296e2086174c29c3,False,uncertain,not_semantically_reviewed,No semantic component/background assignment inferred from position or distance; padding_center is separate geometric proxy.
256,2942,02d79935517fed305921e07c,False,uncertain,not_semantically_reviewed,No semantic component/background assignment inferred from position or distance; padding_center is separate geometric proxy.
256,1065,32c34806fa593c9b1f866350,False,uncertain,not_semantically_reviewed,No semantic component/background assignment inferred from position or distance; padding_center is separate geometric proxy.
256,4043,c4993e4cd869a138c0953fbe,False,uncertain,not_semantically_reviewed,No semantic component/background assignment inferred from position or distance; padding_center is separate geometric proxy.
256,1816,cbdf67e4b84fdebb3d0e28af,False,uncertain,not_semantically_reviewed,No semantic component/background assignment inferred from position or distance; padding_center is separate geometric proxy.
256,2543,5548c51f79d497a17f292c50,False,uncertain,not_semantically_reviewed,No semantic component/background assignment inferred from position or distance; padding_center is separate geometric proxy.
256,1342,a9120cb6af58868bd63ad1b5,False,uncertain,not_semantically_reviewed,No semantic component/background assignment inferred from position or distance; padding_center is separate geometric proxy.
256,3659,2c4820ed4166dca808a3e54b,False,uncertain,not_semantically_reviewed,No semantic component/background assignment inferred from position or distance; padding_center is separate geometric proxy.
256,2771,4ef0dc3204621c8f7fccfc43,False,uncertain,not_semantically_reviewed,No semantic component/background assignment inferred from position or distance; padding_center is separate geometric proxy.
256,1460,952e25a8dcd8ce6055472946,False,uncertain,not_semantically_reviewed,No semantic component/background assignment inferred from position or distance; padding_center is separate geometric proxy.
256,1073,a45f7ec56768a817f0bb9744,False,uncertain,not_semantically_reviewed,No semantic component/background assignment inferred from position or distance; padding_center is separate geometric proxy.
256,1424,39887316da7c5f8c5bf8c589,False,uncertain,not_semantically_reviewed,No semantic component/background assignment inferred from position or distance; padding_center is separate geometric proxy.
256,3674,9e2a81dd9c0691ba6df2a6e9,False,uncertain,not_semantically_reviewed,No semantic component/background assignment inferred from position or distance; padding_center is separate geometric proxy.
256,2015,1ab50a979f605f4f4dd51494,False,uncertain,not_semantically_reviewed,No semantic component/background assignment inferred from position or distance; padding_center is separate geometric proxy.
256,732,3c02528f81f248ea1e58abc5,False,uncertain,not_semantically_reviewed,No semantic component/background assignment inferred from position or distance; padding_center is separate geometric proxy.
256,687,4543b64f24e19620ddfe58fe,False,uncertain,not_semantically_reviewed,No semantic component/background assignment inferred from position or distance; padding_center is separate geometric proxy.
256,2308,1866aa1f73748f11e9700fcb,False,uncertain,not_semantically_reviewed,No semantic component/background assignment inferred from position or distance; padding_center is separate geometric proxy.
256,2705,7ff10d5fa9617322c74f0a6b,False,uncertain,not_semantically_reviewed,No semantic component/background assignment inferred from position or distance; padding_center is separate geometric proxy.
256,2556,487fb855420a23bbd66bb5c3,False,uncertain,not_semantically_reviewed,No semantic component/background assignment inferred from position or distance; padding_center is separate geometric proxy.
256,310,0c7e1b72803ad61dccb12da2,False,uncertain,not_semantically_reviewed,No semantic component/background assignment inferred from position or distance; padding_center is separate geometric proxy.
256,2641,2953f7797bef78b367bc1f2c,False,uncertain,not_semantically_reviewed,No semantic component/background assignment inferred from position or distance; padding_center is separate geometric proxy.
256,1817,62ab7fdd11dcdda074fae2ae,False,uncertain,not_semantically_reviewed,No semantic component/background assignment inferred from position or distance; padding_center is separate geometric proxy.
256,2774,45dc6fdfab82e2a0f77a8f68,False,uncertain,not_semantically_reviewed,No semantic component/background assignment inferred from position or distance; padding_center is separate geometric proxy.
256,3603,cef040880b0ffa6310501ad5,False,uncertain,not_semantically_reviewed,No semantic component/background assignment inferred from position or distance; padding_center is separate geometric proxy.
256,1185,f2af6124467ff2aa5b2ef3a2,False,uncertain,not_semantically_reviewed,No semantic component/background assignment inferred from position or distance; padding_center is separate geometric proxy.
256,481,8863cf8ce2b243b58bb78daf,False,uncertain,not_semantically_reviewed,No semantic component/background assignment inferred from position or distance; padding_center is separate geometric proxy.
256,2445,b6b12792e7632ef2609e5e75,False,uncertain,not_semantically_reviewed,No semantic component/background assignment inferred from position or distance; padding_center is separate geometric proxy.
256,1379,078eaae5270ec7de043ba802,False,uncertain,not_semantically_reviewed,No semantic component/background assignment inferred from position or distance; padding_center is separate geometric proxy.
256,381,3e95b18816069f70ba00df39,False,uncertain,not_semantically_reviewed,No semantic component/background assignment inferred from position or distance; padding_center is separate geometric proxy.
256,1362,3439aceae50a9e8e69e43437,False,uncertain,not_semantically_reviewed,No semantic component/background assignment inferred from position or distance; padding_center is separate geometric proxy.
256,1606,dd6767c1fd38fd7c62f39c39,False,uncertain,not_semantically_reviewed,No semantic component/background assignment inferred from position or distance; padding_center is separate geometric proxy.
256,741,89c5720e09cc8adbb2278ca8,False,uncertain,not_semantically_reviewed,No semantic component/background assignment inferred from position or distance; padding_center is separate geometric proxy.
256,1848,4d94920a4d61a8aaca117516,False,uncertain,not_semantically_reviewed,No semantic component/background assignment inferred from position or distance; padding_center is separate geometric proxy.
256,2881,6ae60da438a0b65e963dd5ab,False,uncertain,not_semantically_reviewed,No semantic component/background assignment inferred from position or distance; padding_center is separate geometric proxy.
256,3471,b1e30b6b5bbc68b392ea0b9c,False,uncertain,not_semantically_reviewed,No semantic component/background assignment inferred from position or distance; padding_center is separate geometric proxy.
256,49,6e27bd35475fc44cb8ed2f15,False,uncertain,not_semantically_reviewed,No semantic component/background assignment inferred from position or distance; padding_center is separate geometric proxy.
256,3769,0ae1b927c1d255e20ddca7e9,False,uncertain,not_semantically_reviewed,No semantic component/background assignment inferred from position or distance; padding_center is separate geometric proxy.
256,2649,4bbc0bc9496a4f24dfec4361,False,uncertain,not_semantically_reviewed,No semantic component/background assignment inferred from position or distance; padding_center is separate geometric proxy.
256,3652,4ef0dc3204621c8f7fccfc43,False,uncertain,not_semantically_reviewed,No semantic component/background assignment inferred from position or distance; padding_center is separate geometric proxy.
256,3606,9cfadab4e87bbbd7e3153890,False,uncertain,not_semantically_reviewed,No semantic component/background assignment inferred from position or distance; padding_center is separate geometric proxy.
256,2718,9412a704f2762b667355f60b,False,uncertain,not_semantically_reviewed,No semantic component/background assignment inferred from position or distance; padding_center is separate geometric proxy.
256,2209,fed00a53aeeabd21ae3fe655,False,uncertain,not_semantically_reviewed,No semantic component/background assignment inferred from position or distance; padding_center is separate geometric proxy.
256,553,816bd32e6af258821450f1f6,False,uncertain,not_semantically_reviewed,No semantic component/background assignment inferred from position or distance; padding_center is separate geometric proxy.
256,3528,bfae5cd848e6184dadfcd3c4,False,uncertain,not_semantically_reviewed,No semantic component/background assignment inferred from position or distance; padding_center is separate geometric proxy.
256,2235,66d05d9c3f5b6674d314eb61,False,uncertain,not_semantically_reviewed,No semantic component/background assignment inferred from position or distance; padding_center is separate geometric proxy.
256,2174,dfdb0d0f027bd00ec46eee2b,False,uncertain,not_semantically_reviewed,No semantic component/background assignment inferred from position or distance; padding_center is separate geometric proxy.
256,1550,9a09efac72d9a535dd089700,False,uncertain,not_semantically_reviewed,No semantic component/background assignment inferred from position or distance; padding_center is separate geometric proxy.
256,3817,e242ffcf72bc34f118ad3b08,False,uncertain,not_semantically_reviewed,No semantic component/background assignment inferred from position or distance; padding_center is separate geometric proxy.
256,2256,9eb03521553a622f7a33bed1,False,uncertain,not_semantically_reviewed,No semantic component/background assignment inferred from position or distance; padding_center is separate geometric proxy.
256,3323,8c45dd494acbb106ab4500e8,False,uncertain,not_semantically_reviewed,No semantic component/background assignment inferred from position or distance; padding_center is separate geometric proxy.
256,3531,f4b41463bd280c09530fb8d5,False,uncertain,not_semantically_reviewed,No semantic component/background assignment inferred from position or distance; padding_center is separate geometric proxy.
256,3026,8d21850c283f248e197a3812,False,uncertain,not_semantically_reviewed,No semantic component/background assignment inferred from position or distance; padding_center is separate geometric proxy.
256,3914,e3a5b96352670afcd647a6c6,False,uncertain,not_semantically_reviewed,No semantic component/background assignment inferred from position or distance; padding_center is separate geometric proxy.
256,422,5fc1aadc9e2e9f7d4a76bdd4,False,uncertain,not_semantically_reviewed,No semantic component/background assignment inferred from position or distance; padding_center is separate geometric proxy.
256,1172,a2b0545a6deb48e57bb709a2,False,uncertain,not_semantically_reviewed,No semantic component/background assignment inferred from position or distance; padding_center is separate geometric proxy.
256,2628,3ce6cfeda64714684d591002,False,uncertain,not_semantically_reviewed,No semantic component/background assignment inferred from position or distance; padding_center is separate geometric proxy.
256,2494,c6a8d7dccd602dc757343e7a,False,uncertain,not_semantically_reviewed,No semantic component/background assignment inferred from position or distance; padding_center is separate geometric proxy.
256,72,d8be0033ff7b478a79cc5965,False,uncertain,not_semantically_reviewed,No semantic component/background assignment inferred from position or distance; padding_center is separate geometric proxy.
256,2634,ff2ced79066df248fa968991,False,uncertain,not_semantically_reviewed,No semantic component/background assignment inferred from position or distance; padding_center is separate geometric proxy.
256,305,4f47e51a7fbfbcf7d57ea77e,False,uncertain,not_semantically_reviewed,No semantic component/background assignment inferred from position or distance; padding_center is separate geometric proxy.
256,3513,1d68882860a373ad4043fa1c,False,uncertain,not_semantically_reviewed,No semantic component/background assignment inferred from position or distance; padding_center is separate geometric proxy.
256,1953,af49eb9854b04f51dbeac8a0,False,uncertain,not_semantically_reviewed,No semantic component/background assignment inferred from position or distance; padding_center is separate geometric proxy.
256,1210,3b739922cafc7c1c1b6bf5af,False,uncertain,not_semantically_reviewed,No semantic component/background assignment inferred from position or distance; padding_center is separate geometric proxy.
256,3503,686aca559697cfd33db0eba9,False,uncertain,not_semantically_reviewed,No semantic component/background assignment inferred from position or distance; padding_center is separate geometric proxy.
256,1071,2d232dbda80155a5597435da,False,uncertain,not_semantically_reviewed,No semantic component/background assignment inferred from position or distance; padding_center is separate geometric proxy.
256,582,766b495ea99f75997c14b363,False,uncertain,not_semantically_reviewed,No semantic component/background assignment inferred from position or distance; padding_center is separate geometric proxy.
256,3355,08f9898e90c26b7fd4fa1450,False,uncertain,not_semantically_reviewed,No semantic component/background assignment inferred from position or distance; padding_center is separate geometric proxy.
256,2214,bc161e679bf0ef4865042414,False,uncertain,not_semantically_reviewed,No semantic component/background assignment inferred from position or distance; padding_center is separate geometric proxy.
256,3770,6e27bd35475fc44cb8ed2f15,False,uncertain,not_semantically_reviewed,No semantic component/background assignment inferred from position or distance; padding_center is separate geometric proxy.
256,1389,3f878bbef72af5608097eed1,False,uncertain,not_semantically_reviewed,No semantic component/background assignment inferred from position or distance; padding_center is separate geometric proxy.
256,2243,cd917aa0b2108ec00f030c1f,False,uncertain,not_semantically_reviewed,No semantic component/background assignment inferred from position or distance; padding_center is separate geometric proxy.
256,1656,f18d9fcdfa2282a3b6ad2aa8,False,uncertain,not_semantically_reviewed,No semantic component/background assignment inferred from position or distance; padding_center is separate geometric proxy.
256,1049,f2a60dda47da8c5ea9cd3abb,False,uncertain,not_semantically_reviewed,No semantic component/background assignment inferred from position or distance; padding_center is separate geometric proxy.
256,153,51175d44934be4581a9f4b97,False,uncertain,not_semantically_reviewed,No semantic component/background assignment inferred from position or distance; padding_center is separate geometric proxy.
256,2674,46c3d28ad61bb05f7a88360b,False,uncertain,not_semantically_reviewed,No semantic component/background assignment inferred from position or distance; padding_center is separate geometric proxy.
256,608,4f47e51a7fbfbcf7d57ea77e,False,uncertain,not_semantically_reviewed,No semantic component/background assignment inferred from position or distance; padding_center is separate geometric proxy.
256,1076,7a9350895082fecdb70eb5e0,False,uncertain,not_semantically_reviewed,No semantic component/background assignment inferred from position or distance; padding_center is separate geometric proxy.
256,2392,46c3d28ad61bb05f7a88360b,False,uncertain,not_semantically_reviewed,No semantic component/background assignment inferred from position or distance; padding_center is separate geometric proxy.
256,3636,d49d42a8254910de87c125a4,False,uncertain,not_semantically_reviewed,No semantic component/background assignment inferred from position or distance; padding_center is separate geometric proxy.
256,498,87df030a4039ee1e841509cd,False,uncertain,not_semantically_reviewed,No semantic component/background assignment inferred from position or distance; padding_center is separate geometric proxy.
256,1996,53553f400f2058be52468beb,False,uncertain,not_semantically_reviewed,No semantic component/background assignment inferred from position or distance; padding_center is separate geometric proxy.
256,3707,43c3352d430e10a47c8fd947,False,uncertain,not_semantically_reviewed,No semantic component/background assignment inferred from position or distance; padding_center is separate geometric proxy.
256,2372,dd4c20b6f96d03dc74c82c00,False,uncertain,not_semantically_reviewed,No semantic component/background assignment inferred from position or distance; padding_center is separate geometric proxy.
256,1239,ab09c171d30bcdf55b687cd2,False,uncertain,not_semantically_reviewed,No semantic component/background assignment inferred from position or distance; padding_center is separate geometric proxy.
256,3751,feb57a45e8e6af73f1d2e2bd,False,uncertain,not_semantically_reviewed,No semantic component/background assignment inferred from position or distance; padding_center is separate geometric proxy.
256,1213,7e61ea81f0f1120629741738,False,uncertain,not_semantically_reviewed,No semantic component/background assignment inferred from position or distance; padding_center is separate geometric proxy.
256,3365,d6a9ed3c4cbab0d699af403a,False,uncertain,not_semantically_reviewed,No semantic component/background assignment inferred from position or distance; padding_center is separate geometric proxy.
256,1627,6e27bd35475fc44cb8ed2f15,False,uncertain,not_semantically_reviewed,No semantic component/background assignment inferred from position or distance; padding_center is separate geometric proxy.
256,77,874d6eabd5e75378c3fea8be,False,uncertain,not_semantically_reviewed,No semantic component/background assignment inferred from position or distance; padding_center is separate geometric proxy.
256,2220,53553f400f2058be52468beb,False,uncertain,not_semantically_reviewed,No semantic component/background assignment inferred from position or distance; padding_center is separate geometric proxy.
256,411,7ce77491ef71464a89bbe4f5,False,uncertain,not_semantically_reviewed,No semantic component/background assignment inferred from position or distance; padding_center is separate geometric proxy.
256,187,a7ea7c3185f764b9936b650b,False,uncertain,not_semantically_reviewed,No semantic component/background assignment inferred from position or distance; padding_center is separate geometric proxy.
256,1289,53553f400f2058be52468beb,False,uncertain,not_semantically_reviewed,No semantic component/background assignment inferred from position or distance; padding_center is separate geometric proxy.
256,1793,0c144d51405a795a7330203f,False,uncertain,not_semantically_reviewed,No semantic component/background assignment inferred from position or distance; padding_center is separate geometric proxy.
256,1554,62ab7fdd11dcdda074fae2ae,False,uncertain,not_semantically_reviewed,No semantic component/background assignment inferred from position or distance; padding_center is separate geometric proxy.
256,1579,a7ea7c3185f764b9936b650b,False,uncertain,not_semantically_reviewed,No semantic component/background assignment inferred from position or distance; padding_center is separate geometric proxy.
256,1918,6224d209aa1d004e0788419a,False,uncertain,not_semantically_reviewed,No semantic component/background assignment inferred from position or distance; padding_center is separate geometric proxy.
256,759,874d6eabd5e75378c3fea8be,False,uncertain,not_semantically_reviewed,No semantic component/background assignment inferred from position or distance; padding_center is separate geometric proxy.
256,2153,9fd931e296c23b935c80a2db,False,uncertain,not_semantically_reviewed,No semantic component/background assignment inferred from position or distance; padding_center is separate geometric proxy.
256,665,94f42c7c3c2ffadf2c1d6ce5,False,uncertain,not_semantically_reviewed,No semantic component/background assignment inferred from position or distance; padding_center is separate geometric proxy.
256,4077,87df030a4039ee1e841509cd,False,uncertain,not_semantically_reviewed,No semantic component/background assignment inferred from position or distance; padding_center is separate geometric proxy.
256,56,0b0b50a1812398015efd4283,False,uncertain,not_semantically_reviewed,No semantic component/background assignment inferred from position or distance; padding_center is separate geometric proxy.
256,94,7ff10d5fa9617322c74f0a6b,False,uncertain,not_semantically_reviewed,No semantic component/background assignment inferred from position or distance; padding_center is separate geometric proxy.
256,1902,80c777298f2c73197c736a06,False,uncertain,not_semantically_reviewed,No semantic component/background assignment inferred from position or distance; padding_center is separate geometric proxy.
256,164,a55c764b9b773225c24ff95d,False,uncertain,not_semantically_reviewed,No semantic component/background assignment inferred from position or distance; padding_center is separate geometric proxy.
256,2788,7ce77491ef71464a89bbe4f5,False,uncertain,not_semantically_reviewed,No semantic component/background assignment inferred from position or distance; padding_center is separate geometric proxy.
256,2590,4424ee2da09740d91f04a4c8,False,uncertain,not_semantically_reviewed,No semantic component/background assignment inferred from position or distance; padding_center is separate geometric proxy.
256,2156,89df830e8a15cf60ce38bc93,False,uncertain,not_semantically_reviewed,No semantic component/background assignment inferred from position or distance; padding_center is separate geometric proxy.
256,1732,514bca41e512abcb720415b8,False,uncertain,not_semantically_reviewed,No semantic component/background assignment inferred from position or distance; padding_center is separate geometric proxy.
256,3336,1cba8d93f940185037702633,False,uncertain,not_semantically_reviewed,No semantic component/background assignment inferred from position or distance; padding_center is separate geometric proxy.
256,2435,4424ee2da09740d91f04a4c8,False,uncertain,not_semantically_reviewed,No semantic component/background assignment inferred from position or distance; padding_center is separate geometric proxy.
256,1841,7ce77491ef71464a89bbe4f5,False,uncertain,not_semantically_reviewed,No semantic component/background assignment inferred from position or distance; padding_center is separate geometric proxy.
256,2889,2d232dbda80155a5597435da,False,uncertain,not_semantically_reviewed,No semantic component/background assignment inferred from position or distance; padding_center is separate geometric proxy.
256,901,95360633a263e67da1d00ee7,False,uncertain,not_semantically_reviewed,No semantic component/background assignment inferred from position or distance; padding_center is separate geometric proxy.
256,1418,8863cf8ce2b243b58bb78daf,False,uncertain,not_semantically_reviewed,No semantic component/background assignment inferred from position or distance; padding_center is separate geometric proxy.
256,2283,3f878bbef72af5608097eed1,False,uncertain,not_semantically_reviewed,No semantic component/background assignment inferred from position or distance; padding_center is separate geometric proxy.
256,3786,5ba769d6494640d0a423bba3,False,uncertain,not_semantically_reviewed,No semantic component/background assignment inferred from position or distance; padding_center is separate geometric proxy.
256,1454,66adfe65b3d9331a5da888c9,False,uncertain,not_semantically_reviewed,No semantic component/background assignment inferred from position or distance; padding_center is separate geometric proxy.
256,3726,076f4e4592b7e72c839e121e,False,uncertain,not_semantically_reviewed,No semantic component/background assignment inferred from position or distance; padding_center is separate geometric proxy.
256,2616,53553f400f2058be52468beb,False,uncertain,not_semantically_reviewed,No semantic component/background assignment inferred from position or distance; padding_center is separate geometric proxy.
256,2478,1cba8d93f940185037702633,False,uncertain,not_semantically_reviewed,No semantic component/background assignment inferred from position or distance; padding_center is separate geometric proxy.
512,1315,4dc8d3119ac06b59ca06d65a,False,uncertain,not_semantically_reviewed,No semantic component/background assignment inferred from position or distance; padding_center is separate geometric proxy.
512,3232,3cf351a27f44a8ffec77376a,False,uncertain,not_semantically_reviewed,No semantic component/background assignment inferred from position or distance; padding_center is separate geometric proxy.
512,1702,e1332eb5c86461f086004c34,False,uncertain,not_semantically_reviewed,No semantic component/background assignment inferred from position or distance; padding_center is separate geometric proxy.
512,1069,7ec2eb6ab2903115adc2f477,False,uncertain,not_semantically_reviewed,No semantic component/background assignment inferred from position or distance; padding_center is separate geometric proxy.
512,210,39a90dd38ab3f71ef7c0ac36,False,uncertain,not_semantically_reviewed,No semantic component/background assignment inferred from position or distance; padding_center is separate geometric proxy.
512,246,66d05d9c3f5b6674d314eb61,False,uncertain,not_semantically_reviewed,No semantic component/background assignment inferred from position or distance; padding_center is separate geometric proxy.
512,3597,c6a8d7dccd602dc757343e7a,False,uncertain,not_semantically_reviewed,No semantic component/background assignment inferred from position or distance; padding_center is separate geometric proxy.
512,3894,a4172581c1bf5e506e42c455,False,uncertain,not_semantically_reviewed,No semantic component/background assignment inferred from position or distance; padding_center is separate geometric proxy.
512,3270,8f6fbfd2fcc60504ec689e6c,False,uncertain,not_semantically_reviewed,No semantic component/background assignment inferred from position or distance; padding_center is separate geometric proxy.
512,1854,9412a704f2762b667355f60b,False,uncertain,not_semantically_reviewed,No semantic component/background assignment inferred from position or distance; padding_center is separate geometric proxy.
512,3076,df06519967abd59089e35864,False,uncertain,not_semantically_reviewed,No semantic component/background assignment inferred from position or distance; padding_center is separate geometric proxy.
512,1648,677aa74297073fb830aa6956,False,uncertain,not_semantically_reviewed,No semantic component/background assignment inferred from position or distance; padding_center is separate geometric proxy.
512,2191,2eef98a9d346928b836efe63,False,uncertain,not_semantically_reviewed,No semantic component/background assignment inferred from position or distance; padding_center is separate geometric proxy.
512,1741,475d3a39b0f5bde6f2638d17,False,uncertain,not_semantically_reviewed,No semantic component/background assignment inferred from position or distance; padding_center is separate geometric proxy.
512,3706,d90ded23ee972ee48e1ffb80,False,uncertain,not_semantically_reviewed,No semantic component/background assignment inferred from position or distance; padding_center is separate geometric proxy.
512,3867,d317d011cacc00508fbd6099,False,uncertain,not_semantically_reviewed,No semantic component/background assignment inferred from position or distance; padding_center is separate geometric proxy.
512,1668,0636db959e4144490b43aec5,False,uncertain,not_semantically_reviewed,No semantic component/background assignment inferred from position or distance; padding_center is separate geometric proxy.
512,1923,200042ee3dd3defd68926f37,False,uncertain,not_semantically_reviewed,No semantic component/background assignment inferred from position or distance; padding_center is separate geometric proxy.
512,3609,c7633ba2b0624fc95a5a5341,False,uncertain,not_semantically_reviewed,No semantic component/background assignment inferred from position or distance; padding_center is separate geometric proxy.
512,1949,114a81f2e5bb531cc37f5f0d,False,uncertain,not_semantically_reviewed,No semantic component/background assignment inferred from position or distance; padding_center is separate geometric proxy.
512,3254,addbcbc2cd7e9982a136aa4c,False,uncertain,not_semantically_reviewed,No semantic component/background assignment inferred from position or distance; padding_center is separate geometric proxy.
512,2075,18a0d6dc34942149287a8f9d,False,uncertain,not_semantically_reviewed,No semantic component/background assignment inferred from position or distance; padding_center is separate geometric proxy.
512,1078,20cf9b53ea244f2a77bc7d41,False,uncertain,not_semantically_reviewed,No semantic component/background assignment inferred from position or distance; padding_center is separate geometric proxy.
512,3652,d23b085ff7689b51dcc4805b,False,uncertain,not_semantically_reviewed,No semantic component/background assignment inferred from position or distance; padding_center is separate geometric proxy.
512,676,0e53f40daa1b26d70774fbba,False,uncertain,not_semantically_reviewed,No semantic component/background assignment inferred from position or distance; padding_center is separate geometric proxy.
512,1379,abdbe0b50e7e46cdcd767f98,False,uncertain,not_semantically_reviewed,No semantic component/background assignment inferred from position or distance; padding_center is separate geometric proxy.
512,3920,3f878bbef72af5608097eed1,False,uncertain,not_semantically_reviewed,No semantic component/background assignment inferred from position or distance; padding_center is separate geometric proxy.
512,3629,087e4032140db250860dbcf0,False,uncertain,not_semantically_reviewed,No semantic component/background assignment inferred from position or distance; padding_center is separate geometric proxy.
512,2169,51175d44934be4581a9f4b97,False,uncertain,not_semantically_reviewed,No semantic component/background assignment inferred from position or distance; padding_center is separate geometric proxy.
512,621,5dceb4553fdc75deb70c6d6d,False,uncertain,not_semantically_reviewed,No semantic component/background assignment inferred from position or distance; padding_center is separate geometric proxy.
512,2559,e1332eb5c86461f086004c34,False,uncertain,not_semantically_reviewed,No semantic component/background assignment inferred from position or distance; padding_center is separate geometric proxy.
512,60,3e75991bcc2afe6085df3d0b,False,uncertain,not_semantically_reviewed,No semantic component/background assignment inferred from position or distance; padding_center is separate geometric proxy.
512,2542,c5c57f704853728fb9cd7e37,False,uncertain,not_semantically_reviewed,No semantic component/background assignment inferred from position or distance; padding_center is separate geometric proxy.
512,1338,cef040880b0ffa6310501ad5,False,uncertain,not_semantically_reviewed,No semantic component/background assignment inferred from position or distance; padding_center is separate geometric proxy.
512,2739,d1e231159824f7a79ef4d5e2,False,uncertain,not_semantically_reviewed,No semantic component/background assignment inferred from position or distance; padding_center is separate geometric proxy.
512,2580,714e6df65622e10ab0ab0e7f,False,uncertain,not_semantically_reviewed,No semantic component/background assignment inferred from position or distance; padding_center is separate geometric proxy.
512,1838,c7633ba2b0624fc95a5a5341,False,uncertain,not_semantically_reviewed,No semantic component/background assignment inferred from position or distance; padding_center is separate geometric proxy.
512,573,5c15ccf66b55ebcefa392ce3,False,uncertain,not_semantically_reviewed,No semantic component/background assignment inferred from position or distance; padding_center is separate geometric proxy.
512,400,3e9601c37c2513abd6a2f915,False,uncertain,not_semantically_reviewed,No semantic component/background assignment inferred from position or distance; padding_center is separate geometric proxy.
512,2839,d4932a350dba9b84741ad3c8,False,uncertain,not_semantically_reviewed,No semantic component/background assignment inferred from position or distance; padding_center is separate geometric proxy.
512,3169,d23b085ff7689b51dcc4805b,False,uncertain,not_semantically_reviewed,No semantic component/background assignment inferred from position or distance; padding_center is separate geometric proxy.
512,1867,13055a17361f0fda178844fd,False,uncertain,not_semantically_reviewed,No semantic component/background assignment inferred from position or distance; padding_center is separate geometric proxy.
512,460,99d7489f912f57adcb8e4e9f,False,uncertain,not_semantically_reviewed,No semantic component/background assignment inferred from position or distance; padding_center is separate geometric proxy.
512,3474,4ded01ce9f8ee20f2618b620,False,uncertain,not_semantically_reviewed,No semantic component/background assignment inferred from position or distance; padding_center is separate geometric proxy.
512,1511,66d05d9c3f5b6674d314eb61,False,uncertain,not_semantically_reviewed,No semantic component/background assignment inferred from position or distance; padding_center is separate geometric proxy.
512,1380,18a0d6dc34942149287a8f9d,False,uncertain,not_semantically_reviewed,No semantic component/background assignment inferred from position or distance; padding_center is separate geometric proxy.
512,1459,be6ebaae0a4d131091ef07a9,False,uncertain,not_semantically_reviewed,No semantic component/background assignment inferred from position or distance; padding_center is separate geometric proxy.
512,2131,013e2e25b7fc0d2007ee5411,False,uncertain,not_semantically_reviewed,No semantic component/background assignment inferred from position or distance; padding_center is separate geometric proxy.
512,340,804d7e4a63baeaa6161b25d4,False,uncertain,not_semantically_reviewed,No semantic component/background assignment inferred from position or distance; padding_center is separate geometric proxy.
512,1229,a55c764b9b773225c24ff95d,False,uncertain,not_semantically_reviewed,No semantic component/background assignment inferred from position or distance; padding_center is separate geometric proxy.
512,1692,ccd21b822082f2aa58411062,False,uncertain,not_semantically_reviewed,No semantic component/background assignment inferred from position or distance; padding_center is separate geometric proxy.
512,264,e85d84ca65888ac2d9f2c565,False,uncertain,not_semantically_reviewed,No semantic component/background assignment inferred from position or distance; padding_center is separate geometric proxy.
512,4015,a1b6a915c8abf8262561460d,False,uncertain,not_semantically_reviewed,No semantic component/background assignment inferred from position or distance; padding_center is separate geometric proxy.
512,1020,2eef98a9d346928b836efe63,False,uncertain,not_semantically_reviewed,No semantic component/background assignment inferred from position or distance; padding_center is separate geometric proxy.
512,1216,3600b9cdf68a783f08fd12aa,False,uncertain,not_semantically_reviewed,No semantic component/background assignment inferred from position or distance; padding_center is separate geometric proxy.
512,1906,9fd931e296c23b935c80a2db,False,uncertain,not_semantically_reviewed,No semantic component/background assignment inferred from position or distance; padding_center is separate geometric proxy.
512,1931,a1b6a915c8abf8262561460d,False,uncertain,not_semantically_reviewed,No semantic component/background assignment inferred from position or distance; padding_center is separate geometric proxy.
512,3432,d040f38f5a4cf8320210d613,False,uncertain,not_semantically_reviewed,No semantic component/background assignment inferred from position or distance; padding_center is separate geometric proxy.
512,1077,8d8da59b0a99e887b532a674,False,uncertain,not_semantically_reviewed,No semantic component/background assignment inferred from position or distance; padding_center is separate geometric proxy.
512,1318,23417d98734b6b0c613dc858,False,uncertain,not_semantically_reviewed,No semantic component/background assignment inferred from position or distance; padding_center is separate geometric proxy.
512,4071,eccf2bd67fceb17929d34048,False,uncertain,not_semantically_reviewed,No semantic component/background assignment inferred from position or distance; padding_center is separate geometric proxy.
512,57,a954813041c0e8eb7774e5db,False,uncertain,not_semantically_reviewed,No semantic component/background assignment inferred from position or distance; padding_center is separate geometric proxy.
512,3359,bf06c5f5f686534fff0cb2ab,False,uncertain,not_semantically_reviewed,No semantic component/background assignment inferred from position or distance; padding_center is separate geometric proxy.
512,1717,f5d2ec1040dadd7428895d46,False,uncertain,not_semantically_reviewed,No semantic component/background assignment inferred from position or distance; padding_center is separate geometric proxy.
512,2859,237c596b591254405a69e540,False,uncertain,not_semantically_reviewed,No semantic component/background assignment inferred from position or distance; padding_center is separate geometric proxy.
512,2174,d1424fc72c8078a6537c9ca1,False,uncertain,not_semantically_reviewed,No semantic component/background assignment inferred from position or distance; padding_center is separate geometric proxy.
512,762,66adfe65b3d9331a5da888c9,False,uncertain,not_semantically_reviewed,No semantic component/background assignment inferred from position or distance; padding_center is separate geometric proxy.
512,3571,0e8af7517a41c57191930b50,False,uncertain,not_semantically_reviewed,No semantic component/background assignment inferred from position or distance; padding_center is separate geometric proxy.
512,3989,9fd931e296c23b935c80a2db,False,uncertain,not_semantically_reviewed,No semantic component/background assignment inferred from position or distance; padding_center is separate geometric proxy.
512,1039,02d79935517fed305921e07c,False,uncertain,not_semantically_reviewed,No semantic component/background assignment inferred from position or distance; padding_center is separate geometric proxy.
512,1475,a45f7ec56768a817f0bb9744,False,uncertain,not_semantically_reviewed,No semantic component/background assignment inferred from position or distance; padding_center is separate geometric proxy.
512,4001,546fa92166277933cf129cf3,False,uncertain,not_semantically_reviewed,No semantic component/background assignment inferred from position or distance; padding_center is separate geometric proxy.
512,3685,5c59499c183f6a71dd770ba6,False,uncertain,not_semantically_reviewed,No semantic component/background assignment inferred from position or distance; padding_center is separate geometric proxy.
512,738,f01c727dc745da31a592efa9,False,uncertain,not_semantically_reviewed,No semantic component/background assignment inferred from position or distance; padding_center is separate geometric proxy.
512,3491,9ec48b7a0e77e839ce7c2563,False,uncertain,not_semantically_reviewed,No semantic component/background assignment inferred from position or distance; padding_center is separate geometric proxy.
512,1945,cfd7dfd4519a85c97d035279,False,uncertain,not_semantically_reviewed,No semantic component/background assignment inferred from position or distance; padding_center is separate geometric proxy.
512,3205,80cbb4aa4ba2f071dd3e274f,False,uncertain,not_semantically_reviewed,No semantic component/background assignment inferred from position or distance; padding_center is separate geometric proxy.
512,775,1fa498cf28f7a1c8be919a3b,False,uncertain,not_semantically_reviewed,No semantic component/background assignment inferred from position or distance; padding_center is separate geometric proxy.
512,1354,307941c45e44b5a2c40caf57,False,uncertain,not_semantically_reviewed,No semantic component/background assignment inferred from position or distance; padding_center is separate geometric proxy.
512,3638,13055a17361f0fda178844fd,False,uncertain,not_semantically_reviewed,No semantic component/background assignment inferred from position or distance; padding_center is separate geometric proxy.
512,1856,5de687b7a3586a55713120f9,False,uncertain,not_semantically_reviewed,No semantic component/background assignment inferred from position or distance; padding_center is separate geometric proxy.
512,992,fdafeeb2c1b1eb31aa6e7f70,False,uncertain,not_semantically_reviewed,No semantic component/background assignment inferred from position or distance; padding_center is separate geometric proxy.
512,2532,a614ab4df91a7205f34429c6,False,uncertain,not_semantically_reviewed,No semantic component/background assignment inferred from position or distance; padding_center is separate geometric proxy.
512,1639,d040f38f5a4cf8320210d613,False,uncertain,not_semantically_reviewed,No semantic component/background assignment inferred from position or distance; padding_center is separate geometric proxy.
512,1851,c5c57f704853728fb9cd7e37,False,uncertain,not_semantically_reviewed,No semantic component/background assignment inferred from position or distance; padding_center is separate geometric proxy.
512,3906,2cf8cce88069ba0b3f1a6ec3,False,uncertain,not_semantically_reviewed,No semantic component/background assignment inferred from position or distance; padding_center is separate geometric proxy.
512,2790,c585e1df683afb1a9bf39cae,False,uncertain,not_semantically_reviewed,No semantic component/background assignment inferred from position or distance; padding_center is separate geometric proxy.
512,1690,b0dd0e462140c86096b7a0ea,False,uncertain,not_semantically_reviewed,No semantic component/background assignment inferred from position or distance; padding_center is separate geometric proxy.
512,3816,9eb03521553a622f7a33bed1,False,uncertain,not_semantically_reviewed,No semantic component/background assignment inferred from position or distance; padding_center is separate geometric proxy.
512,2776,64b4c24d09b3948d7383f74d,False,uncertain,not_semantically_reviewed,No semantic component/background assignment inferred from position or distance; padding_center is separate geometric proxy.
512,3692,48774be7a90d41f7a06ea83f,False,uncertain,not_semantically_reviewed,No semantic component/background assignment inferred from position or distance; padding_center is separate geometric proxy.
512,1721,14d604ef2597847aa09fa2ae,False,uncertain,not_semantically_reviewed,No semantic component/background assignment inferred from position or distance; padding_center is separate geometric proxy.
512,2016,a1b6a915c8abf8262561460d,False,uncertain,not_semantically_reviewed,No semantic component/background assignment inferred from position or distance; padding_center is separate geometric proxy.
512,3279,66d10c1a1a2e920f3353605b,False,uncertain,not_semantically_reviewed,No semantic component/background assignment inferred from position or distance; padding_center is separate geometric proxy.
512,2718,4980c72ca67d8e631768e86d,False,uncertain,not_semantically_reviewed,No semantic component/background assignment inferred from position or distance; padding_center is separate geometric proxy.
512,1990,d684f9a5a54c2625847e51dc,False,uncertain,not_semantically_reviewed,No semantic component/background assignment inferred from position or distance; padding_center is separate geometric proxy.
512,418,114a81f2e5bb531cc37f5f0d,False,uncertain,visually_reviewed_selected_trace,Full source plus3x3gridcell context; redcenter. Component=visible package/body centered; emptyboard=unpopulated blue substrate centered; mixed/boundary/lowdetail=uncertain. This is not receptivefield or semantic correspondence.
512,2352,0bd1488a56c156a4ffd4362f,False,uncertain,not_semantically_reviewed,No semantic component/background assignment inferred from position or distance; padding_center is separate geometric proxy.
512,2725,c19346058656e05db5478513,False,uncertain,not_semantically_reviewed,No semantic component/background assignment inferred from position or distance; padding_center is separate geometric proxy.
512,900,05b629a925176bfd19da1356,False,uncertain,not_semantically_reviewed,No semantic component/background assignment inferred from position or distance; padding_center is separate geometric proxy.
512,2094,ad679819559d66961b0435b9,False,uncertain,not_semantically_reviewed,No semantic component/background assignment inferred from position or distance; padding_center is separate geometric proxy.
512,1255,1b5943781105ad56b1d799cd,False,uncertain,not_semantically_reviewed,No semantic component/background assignment inferred from position or distance; padding_center is separate geometric proxy.
512,3577,2d9c4db1d44072bdce0400f9,False,uncertain,not_semantically_reviewed,No semantic component/background assignment inferred from position or distance; padding_center is separate geometric proxy.
512,2186,f17a86259d0b63b4c11d6fdc,False,uncertain,not_semantically_reviewed,No semantic component/background assignment inferred from position or distance; padding_center is separate geometric proxy.
512,3746,7086c3b7f6936769b7d902ff,False,uncertain,not_semantically_reviewed,No semantic component/background assignment inferred from position or distance; padding_center is separate geometric proxy.
512,2988,f76725c9444e5022c2d4fd52,False,uncertain,not_semantically_reviewed,No semantic component/background assignment inferred from position or distance; padding_center is separate geometric proxy.
512,486,ce3eb16ef6bc3d1bc9a8e8cb,False,uncertain,not_semantically_reviewed,No semantic component/background assignment inferred from position or distance; padding_center is separate geometric proxy.
512,3999,0eaf2d19aa0c775d62a83644,False,uncertain,not_semantically_reviewed,No semantic component/background assignment inferred from position or distance; padding_center is separate geometric proxy.
512,846,a4adab20d42f236717549a1d,False,uncertain,not_semantically_reviewed,No semantic component/background assignment inferred from position or distance; padding_center is separate geometric proxy.
512,664,f2ad943c569d2bd5ccd7562b,False,uncertain,not_semantically_reviewed,No semantic component/background assignment inferred from position or distance; padding_center is separate geometric proxy.
512,268,92d614d6b465751b11ba5b84,False,uncertain,not_semantically_reviewed,No semantic component/background assignment inferred from position or distance; padding_center is separate geometric proxy.
512,1807,b4cd2a6e3103a666c330b5fc,False,uncertain,not_semantically_reviewed,No semantic component/background assignment inferred from position or distance; padding_center is separate geometric proxy.
512,533,fdad2167b4b6bf6d753dd060,False,uncertain,not_semantically_reviewed,No semantic component/background assignment inferred from position or distance; padding_center is separate geometric proxy.
512,133,fd4e2bfc1111ea48b494e402,False,uncertain,visually_reviewed_selected_trace,Full source plus3x3gridcell context; redcenter. Component=visible package/body centered; emptyboard=unpopulated blue substrate centered; mixed/boundary/lowdetail=uncertain. This is not receptivefield or semantic correspondence.
512,1804,6224d209aa1d004e0788419a,False,uncertain,visually_reviewed_selected_trace,Full source plus3x3gridcell context; redcenter. Component=visible package/body centered; emptyboard=unpopulated blue substrate centered; mixed/boundary/lowdetail=uncertain. This is not receptivefield or semantic correspondence.
512,3728,2e9fd00466fa648afac15ac8,False,empty_board,visually_reviewed_selected_trace,Full source plus3x3gridcell context; redcenter. Component=visible package/body centered; emptyboard=unpopulated blue substrate centered; mixed/boundary/lowdetail=uncertain. This is not receptivefield or semantic correspondence.
512,2163,8ff7deb4a5cd8ce8d4686013,False,uncertain,not_semantically_reviewed,No semantic component/background assignment inferred from position or distance; padding_center is separate geometric proxy.
512,2863,1a6c6fa7c8a001348abf771b,False,uncertain,not_semantically_reviewed,No semantic component/background assignment inferred from position or distance; padding_center is separate geometric proxy.
512,3996,3ca9848d2ddf762ea1ca374e,False,uncertain,not_semantically_reviewed,No semantic component/background assignment inferred from position or distance; padding_center is separate geometric proxy.
512,3241,9cfadab4e87bbbd7e3153890,False,uncertain,not_semantically_reviewed,No semantic component/background assignment inferred from position or distance; padding_center is separate geometric proxy.
512,663,68c0fc0efbb93f1c3720c26f,False,uncertain,not_semantically_reviewed,No semantic component/background assignment inferred from position or distance; padding_center is separate geometric proxy.
512,1166,b7eabc5fda3c972292fffe73,False,uncertain,not_semantically_reviewed,No semantic component/background assignment inferred from position or distance; padding_center is separate geometric proxy.
512,2700,2574dfa7386d8e50a2dc5719,False,uncertain,visually_reviewed_selected_trace,Full source plus3x3gridcell context; redcenter. Component=visible package/body centered; emptyboard=unpopulated blue substrate centered; mixed/boundary/lowdetail=uncertain. This is not receptivefield or semantic correspondence.
512,2554,e67ceddf65cff5ddf42e56f5,False,uncertain,not_semantically_reviewed,No semantic component/background assignment inferred from position or distance; padding_center is separate geometric proxy.
512,1745,141eb4e29fb93b1a99e315c8,False,uncertain,not_semantically_reviewed,No semantic component/background assignment inferred from position or distance; padding_center is separate geometric proxy.
512,2419,9bfc696e2a2348a5bcfb1f8c,False,uncertain,not_semantically_reviewed,No semantic component/background assignment inferred from position or distance; padding_center is separate geometric proxy.
512,2150,c9f52ea667435d78e3feea88,False,uncertain,not_semantically_reviewed,No semantic component/background assignment inferred from position or distance; padding_center is separate geometric proxy.
512,876,d684f9a5a54c2625847e51dc,False,uncertain,not_semantically_reviewed,No semantic component/background assignment inferred from position or distance; padding_center is separate geometric proxy.
512,3230,cb872062846f80e9b5fd116d,False,uncertain,not_semantically_reviewed,No semantic component/background assignment inferred from position or distance; padding_center is separate geometric proxy.
512,1963,577e306a2e950842cc7e0b3b,False,uncertain,not_semantically_reviewed,No semantic component/background assignment inferred from position or distance; padding_center is separate geometric proxy.
512,3857,a8c2ef44f6ce442f4d507c77,False,uncertain,not_semantically_reviewed,No semantic component/background assignment inferred from position or distance; padding_center is separate geometric proxy.
512,2992,1c7b305b4d497e495b32efb5,False,uncertain,not_semantically_reviewed,No semantic component/background assignment inferred from position or distance; padding_center is separate geometric proxy.
512,201,05f475da8df7efe992aa31fd,False,uncertain,not_semantically_reviewed,No semantic component/background assignment inferred from position or distance; padding_center is separate geometric proxy.
512,2597,e5a66f35beb4b3b1aa4b2a38,False,uncertain,not_semantically_reviewed,No semantic component/background assignment inferred from position or distance; padding_center is separate geometric proxy.
512,554,02d79935517fed305921e07c,False,uncertain,not_semantically_reviewed,No semantic component/background assignment inferred from position or distance; padding_center is separate geometric proxy.
512,3083,cd2ce2b777e1f8eb292bb311,False,uncertain,not_semantically_reviewed,No semantic component/background assignment inferred from position or distance; padding_center is separate geometric proxy.
512,941,c19346058656e05db5478513,False,empty_board,visually_reviewed_selected_trace,Full source plus3x3gridcell context; redcenter. Component=visible package/body centered; emptyboard=unpopulated blue substrate centered; mixed/boundary/lowdetail=uncertain. This is not receptivefield or semantic correspondence.
512,2326,f38dca7075dc836507f28958,False,uncertain,not_semantically_reviewed,No semantic component/background assignment inferred from position or distance; padding_center is separate geometric proxy.
512,2440,1844fefcb7366ba42d363bb3,False,uncertain,not_semantically_reviewed,No semantic component/background assignment inferred from position or distance; padding_center is separate geometric proxy.
512,3348,aa7f57ac3339014708113e9c,False,uncertain,not_semantically_reviewed,No semantic component/background assignment inferred from position or distance; padding_center is separate geometric proxy.
512,1454,b57b13df07ddb67b8ccdd7fe,False,uncertain,not_semantically_reviewed,No semantic component/background assignment inferred from position or distance; padding_center is separate geometric proxy.
512,1946,488bd8045c660b3964c2e1a2,False,uncertain,not_semantically_reviewed,No semantic component/background assignment inferred from position or distance; padding_center is separate geometric proxy.
512,2649,141eb4e29fb93b1a99e315c8,False,uncertain,not_semantically_reviewed,No semantic component/background assignment inferred from position or distance; padding_center is separate geometric proxy.
512,2023,71e172b953d23eba9b7b5a2a,False,uncertain,not_semantically_reviewed,No semantic component/background assignment inferred from position or distance; padding_center is separate geometric proxy.
512,2907,17f14a8068899d56ebb649f2,False,uncertain,not_semantically_reviewed,No semantic component/background assignment inferred from position or distance; padding_center is separate geometric proxy.
512,636,766b495ea99f75997c14b363,False,uncertain,not_semantically_reviewed,No semantic component/background assignment inferred from position or distance; padding_center is separate geometric proxy.
512,758,c3c53608557237a3987b79e4,False,uncertain,not_semantically_reviewed,No semantic component/background assignment inferred from position or distance; padding_center is separate geometric proxy.
512,2215,7cfa84a50e04b2885c386eaa,False,uncertain,not_semantically_reviewed,No semantic component/background assignment inferred from position or distance; padding_center is separate geometric proxy.
512,1437,488bd8045c660b3964c2e1a2,False,uncertain,not_semantically_reviewed,No semantic component/background assignment inferred from position or distance; padding_center is separate geometric proxy.
512,1341,c26152583da51308f315c685,False,uncertain,not_semantically_reviewed,No semantic component/background assignment inferred from position or distance; padding_center is separate geometric proxy.
512,2297,6327aa444536ad6d2e5386c2,False,empty_board,visually_reviewed_selected_trace,Full source plus3x3gridcell context; redcenter. Component=visible package/body centered; emptyboard=unpopulated blue substrate centered; mixed/boundary/lowdetail=uncertain. This is not receptivefield or semantic correspondence.
512,2349,82c3c01c638ac534deeb4f7e,False,uncertain,not_semantically_reviewed,No semantic component/background assignment inferred from position or distance; padding_center is separate geometric proxy.
512,3621,67dc9deda34890a8e735d460,False,uncertain,not_semantically_reviewed,No semantic component/background assignment inferred from position or distance; padding_center is separate geometric proxy.
512,2056,e1f9b73f0e97bbc50bbf5d91,False,uncertain,visually_reviewed_selected_trace,Full source plus3x3gridcell context; redcenter. Component=visible package/body centered; emptyboard=unpopulated blue substrate centered; mixed/boundary/lowdetail=uncertain. This is not receptivefield or semantic correspondence.
512,1719,fd2430b8ee151628a4b18c1d,False,uncertain,not_semantically_reviewed,No semantic component/background assignment inferred from position or distance; padding_center is separate geometric proxy.
512,962,e67ceddf65cff5ddf42e56f5,False,uncertain,not_semantically_reviewed,No semantic component/background assignment inferred from position or distance; padding_center is separate geometric proxy.
512,3490,0c7e1b72803ad61dccb12da2,False,uncertain,not_semantically_reviewed,No semantic component/background assignment inferred from position or distance; padding_center is separate geometric proxy.
512,3353,99d31b5ee8588de7092eec14,False,uncertain,not_semantically_reviewed,No semantic component/background assignment inferred from position or distance; padding_center is separate geometric proxy.
512,2563,8157959e9015561736baed71,False,uncertain,not_semantically_reviewed,No semantic component/background assignment inferred from position or distance; padding_center is separate geometric proxy.
512,1601,89df830e8a15cf60ce38bc93,False,uncertain,not_semantically_reviewed,No semantic component/background assignment inferred from position or distance; padding_center is separate geometric proxy.
512,4061,1f5f2029b5a9b7fa882293dc,False,uncertain,not_semantically_reviewed,No semantic component/background assignment inferred from position or distance; padding_center is separate geometric proxy.
512,2264,841cbb396d21645ac11b6b7b,False,uncertain,not_semantically_reviewed,No semantic component/background assignment inferred from position or distance; padding_center is separate geometric proxy.
512,1033,e47e5b1177f091fde9ec844d,False,uncertain,not_semantically_reviewed,No semantic component/background assignment inferred from position or distance; padding_center is separate geometric proxy.
512,2178,375c3b26f7adcdcc127b88f4,False,uncertain,not_semantically_reviewed,No semantic component/background assignment inferred from position or distance; padding_center is separate geometric proxy.
512,2850,5b19de312d23f0fa4ea50e0a,False,uncertain,not_semantically_reviewed,No semantic component/background assignment inferred from position or distance; padding_center is separate geometric proxy.
512,1725,067b9572e3a74a95bade581f,False,uncertain,not_semantically_reviewed,No semantic component/background assignment inferred from position or distance; padding_center is separate geometric proxy.
512,2872,0e8af7517a41c57191930b50,False,uncertain,not_semantically_reviewed,No semantic component/background assignment inferred from position or distance; padding_center is separate geometric proxy.
512,290,a45f7ec56768a817f0bb9744,False,uncertain,not_semantically_reviewed,No semantic component/background assignment inferred from position or distance; padding_center is separate geometric proxy.
512,3036,8e8d92bbef79ba9b4bd394b6,False,uncertain,not_semantically_reviewed,No semantic component/background assignment inferred from position or distance; padding_center is separate geometric proxy.
512,41,d36c34acc0ec82f687bfb3ed,False,uncertain,not_semantically_reviewed,No semantic component/background assignment inferred from position or distance; padding_center is separate geometric proxy.
512,3497,9a09efac72d9a535dd089700,False,uncertain,not_semantically_reviewed,No semantic component/background assignment inferred from position or distance; padding_center is separate geometric proxy.
512,1418,772ca7380c6ef905c50a98b0,False,uncertain,not_semantically_reviewed,No semantic component/background assignment inferred from position or distance; padding_center is separate geometric proxy.
512,2459,0be80ee1017b556c602ee686,False,uncertain,not_semantically_reviewed,No semantic component/background assignment inferred from position or distance; padding_center is separate geometric proxy.
512,248,523cb59f573f58fb7f7c6233,False,uncertain,not_semantically_reviewed,No semantic component/background assignment inferred from position or distance; padding_center is separate geometric proxy.
512,1669,bfae5cd848e6184dadfcd3c4,False,uncertain,not_semantically_reviewed,No semantic component/background assignment inferred from position or distance; padding_center is separate geometric proxy.
512,2976,e915375e3f2b08b8c79558d1,False,uncertain,not_semantically_reviewed,No semantic component/background assignment inferred from position or distance; padding_center is separate geometric proxy.
512,2373,b06c06afa1b1de6e1658d692,False,uncertain,not_semantically_reviewed,No semantic component/background assignment inferred from position or distance; padding_center is separate geometric proxy.
512,4067,69718c2cbcdee661e85e894b,False,uncertain,not_semantically_reviewed,No semantic component/background assignment inferred from position or distance; padding_center is separate geometric proxy.
512,413,bbbde7bf5487a3433dcea610,False,uncertain,not_semantically_reviewed,No semantic component/background assignment inferred from position or distance; padding_center is separate geometric proxy.
512,956,eccf2bd67fceb17929d34048,False,uncertain,not_semantically_reviewed,No semantic component/background assignment inferred from position or distance; padding_center is separate geometric proxy.
512,939,0e53f40daa1b26d70774fbba,False,uncertain,not_semantically_reviewed,No semantic component/background assignment inferred from position or distance; padding_center is separate geometric proxy.
512,3908,1ae00abc0027c0b2072eaca3,False,uncertain,not_semantically_reviewed,No semantic component/background assignment inferred from position or distance; padding_center is separate geometric proxy.
512,1447,ad185f2ff4331025f376ee84,False,uncertain,not_semantically_reviewed,No semantic component/background assignment inferred from position or distance; padding_center is separate geometric proxy.
512,3933,8ef884f1eed8090e150500e8,False,uncertain,not_semantically_reviewed,No semantic component/background assignment inferred from position or distance; padding_center is separate geometric proxy.
512,2576,5bcde2503bb5c693ffaf38f1,False,uncertain,not_semantically_reviewed,No semantic component/background assignment inferred from position or distance; padding_center is separate geometric proxy.
512,2668,c23d7ae024bdee362bd4bbf5,False,uncertain,not_semantically_reviewed,No semantic component/background assignment inferred from position or distance; padding_center is separate geometric proxy.
512,1056,2e6ec4882e89f00a95812589,False,uncertain,not_semantically_reviewed,No semantic component/background assignment inferred from position or distance; padding_center is separate geometric proxy.
512,523,f17a86259d0b63b4c11d6fdc,False,uncertain,not_semantically_reviewed,No semantic component/background assignment inferred from position or distance; padding_center is separate geometric proxy.
512,2240,fed00a53aeeabd21ae3fe655,False,uncertain,not_semantically_reviewed,No semantic component/background assignment inferred from position or distance; padding_center is separate geometric proxy.
512,1120,1919d4ea4256585ce707a263,False,uncertain,not_semantically_reviewed,No semantic component/background assignment inferred from position or distance; padding_center is separate geometric proxy.
512,2832,12c1fd4ba452b2f56aaf6534,False,uncertain,not_semantically_reviewed,No semantic component/background assignment inferred from position or distance; padding_center is separate geometric proxy.
512,2204,2cf91654e3d7631b17354d42,False,uncertain,not_semantically_reviewed,No semantic component/background assignment inferred from position or distance; padding_center is separate geometric proxy.
512,4057,2e9fd00466fa648afac15ac8,False,uncertain,not_semantically_reviewed,No semantic component/background assignment inferred from position or distance; padding_center is separate geometric proxy.
512,1291,6a33d51ff178335de31decc6,False,uncertain,not_semantically_reviewed,No semantic component/background assignment inferred from position or distance; padding_center is separate geometric proxy.
512,2441,3b7f4b0ef6e9931bb0a60233,False,uncertain,not_semantically_reviewed,No semantic component/background assignment inferred from position or distance; padding_center is separate geometric proxy.
512,3659,69718c2cbcdee661e85e894b,False,uncertain,not_semantically_reviewed,No semantic component/background assignment inferred from position or distance; padding_center is separate geometric proxy.
512,1243,3ce6cfeda64714684d591002,False,uncertain,not_semantically_reviewed,No semantic component/background assignment inferred from position or distance; padding_center is separate geometric proxy.
512,2948,cd2ce2b777e1f8eb292bb311,False,uncertain,not_semantically_reviewed,No semantic component/background assignment inferred from position or distance; padding_center is separate geometric proxy.
512,127,b88ddbaebaded26c32e87fcd,False,uncertain,not_semantically_reviewed,No semantic component/background assignment inferred from position or distance; padding_center is separate geometric proxy.
512,321,1c7b305b4d497e495b32efb5,False,uncertain,not_semantically_reviewed,No semantic component/background assignment inferred from position or distance; padding_center is separate geometric proxy.
512,2858,8e8d92bbef79ba9b4bd394b6,False,uncertain,not_semantically_reviewed,No semantic component/background assignment inferred from position or distance; padding_center is separate geometric proxy.
512,409,c19346058656e05db5478513,False,uncertain,not_semantically_reviewed,No semantic component/background assignment inferred from position or distance; padding_center is separate geometric proxy.
512,490,df06519967abd59089e35864,False,uncertain,not_semantically_reviewed,No semantic component/background assignment inferred from position or distance; padding_center is separate geometric proxy.
512,849,14f6a0c3392df9da95bb6c4c,False,uncertain,not_semantically_reviewed,No semantic component/background assignment inferred from position or distance; padding_center is separate geometric proxy.
512,3683,f2af6124467ff2aa5b2ef3a2,False,uncertain,not_semantically_reviewed,No semantic component/background assignment inferred from position or distance; padding_center is separate geometric proxy.
512,2255,0e99ffa8f06c7a68057e9f19,False,uncertain,not_semantically_reviewed,No semantic component/background assignment inferred from position or distance; padding_center is separate geometric proxy.
512,3939,7ff10d5fa9617322c74f0a6b,False,uncertain,not_semantically_reviewed,No semantic component/background assignment inferred from position or distance; padding_center is separate geometric proxy.
512,2851,a614ab4df91a7205f34429c6,False,uncertain,not_semantically_reviewed,No semantic component/background assignment inferred from position or distance; padding_center is separate geometric proxy.
512,507,45c2b928b082147ebac543f6,False,uncertain,not_semantically_reviewed,No semantic component/background assignment inferred from position or distance; padding_center is separate geometric proxy.
512,3188,53553f400f2058be52468beb,False,uncertain,not_semantically_reviewed,No semantic component/background assignment inferred from position or distance; padding_center is separate geometric proxy.
512,1641,dfa76a8c21b877080895d047,False,uncertain,not_semantically_reviewed,No semantic component/background assignment inferred from position or distance; padding_center is separate geometric proxy.
512,1391,2bf31984d1f330c9e5e3b556,False,uncertain,not_semantically_reviewed,No semantic component/background assignment inferred from position or distance; padding_center is separate geometric proxy.
512,3914,87b2aa4f8802bf19be874c02,False,uncertain,not_semantically_reviewed,No semantic component/background assignment inferred from position or distance; padding_center is separate geometric proxy.
512,2866,beb27fbfbc890e3ec777a8aa,False,uncertain,not_semantically_reviewed,No semantic component/background assignment inferred from position or distance; padding_center is separate geometric proxy.
512,3905,963f48af8e1e7d6b67d5bc9e,False,uncertain,not_semantically_reviewed,No semantic component/background assignment inferred from position or distance; padding_center is separate geometric proxy.
512,437,0636db959e4144490b43aec5,False,uncertain,not_semantically_reviewed,No semantic component/background assignment inferred from position or distance; padding_center is separate geometric proxy.
512,2069,cd917aa0b2108ec00f030c1f,False,uncertain,not_semantically_reviewed,No semantic component/background assignment inferred from position or distance; padding_center is separate geometric proxy.
512,3668,ce3eb16ef6bc3d1bc9a8e8cb,False,uncertain,not_semantically_reviewed,No semantic component/background assignment inferred from position or distance; padding_center is separate geometric proxy.
512,4054,0334881c2a6072e337a55f97,False,uncertain,not_semantically_reviewed,No semantic component/background assignment inferred from position or distance; padding_center is separate geometric proxy.
512,1053,1f5f2029b5a9b7fa882293dc,False,uncertain,not_semantically_reviewed,No semantic component/background assignment inferred from position or distance; padding_center is separate geometric proxy.
512,1977,c5d76b45fe207b6216ee4905,False,uncertain,not_semantically_reviewed,No semantic component/background assignment inferred from position or distance; padding_center is separate geometric proxy.
512,2265,4424ee2da09740d91f04a4c8,False,uncertain,not_semantically_reviewed,No semantic component/background assignment inferred from position or distance; padding_center is separate geometric proxy.
512,196,1cb1b53e30ac8d3979c2aa35,False,uncertain,not_semantically_reviewed,No semantic component/background assignment inferred from position or distance; padding_center is separate geometric proxy.
512,1879,bfae5cd848e6184dadfcd3c4,False,uncertain,not_semantically_reviewed,No semantic component/background assignment inferred from position or distance; padding_center is separate geometric proxy.
512,3565,90e8a907f547394a0a39da40,False,uncertain,not_semantically_reviewed,No semantic component/background assignment inferred from position or distance; padding_center is separate geometric proxy.
512,4058,00f1aa2318c0169ace9c04bb,False,uncertain,not_semantically_reviewed,No semantic component/background assignment inferred from position or distance; padding_center is separate geometric proxy.
512,1835,17e036176f079d10fff39929,False,uncertain,not_semantically_reviewed,No semantic component/background assignment inferred from position or distance; padding_center is separate geometric proxy.
512,439,53553f400f2058be52468beb,False,uncertain,not_semantically_reviewed,No semantic component/background assignment inferred from position or distance; padding_center is separate geometric proxy.
512,3335,4407335c08b60e1b6d338bd6,False,uncertain,not_semantically_reviewed,No semantic component/background assignment inferred from position or distance; padding_center is separate geometric proxy.
512,3277,de795c2c6984f08b6e496cd5,False,uncertain,not_semantically_reviewed,No semantic component/background assignment inferred from position or distance; padding_center is separate geometric proxy.
512,188,130eb32e1c4cd4100d818ad1,False,uncertain,not_semantically_reviewed,No semantic component/background assignment inferred from position or distance; padding_center is separate geometric proxy.
512,2187,fb7a06aabef47b95703f7096,False,uncertain,not_semantically_reviewed,No semantic component/background assignment inferred from position or distance; padding_center is separate geometric proxy.
512,1083,2d9c4db1d44072bdce0400f9,False,uncertain,not_semantically_reviewed,No semantic component/background assignment inferred from position or distance; padding_center is separate geometric proxy.
512,3745,17a90ebd8e551f2a8ee8f748,False,uncertain,not_semantically_reviewed,No semantic component/background assignment inferred from position or distance; padding_center is separate geometric proxy.
512,788,677aa74297073fb830aa6956,False,uncertain,not_semantically_reviewed,No semantic component/background assignment inferred from position or distance; padding_center is separate geometric proxy.
512,339,94ba7b6ade3b906ec1c3ebcb,False,uncertain,not_semantically_reviewed,No semantic component/background assignment inferred from position or distance; padding_center is separate geometric proxy.
512,2366,677aa74297073fb830aa6956,False,uncertain,not_semantically_reviewed,No semantic component/background assignment inferred from position or distance; padding_center is separate geometric proxy.
512,3372,6327aa444536ad6d2e5386c2,False,uncertain,not_semantically_reviewed,No semantic component/background assignment inferred from position or distance; padding_center is separate geometric proxy.
512,3114,1a6c6fa7c8a001348abf771b,False,uncertain,not_semantically_reviewed,No semantic component/background assignment inferred from position or distance; padding_center is separate geometric proxy.
512,2556,82c3c01c638ac534deeb4f7e,False,uncertain,not_semantically_reviewed,No semantic component/background assignment inferred from position or distance; padding_center is separate geometric proxy.
512,1739,5c6d3466c6986a59ea1677b0,False,uncertain,not_semantically_reviewed,No semantic component/background assignment inferred from position or distance; padding_center is separate geometric proxy.
512,690,21ad8dabda7558e0c32a41cd,False,uncertain,not_semantically_reviewed,No semantic component/background assignment inferred from position or distance; padding_center is separate geometric proxy.
512,2146,06be4552bec7255b8b861f03,False,uncertain,not_semantically_reviewed,No semantic component/background assignment inferred from position or distance; padding_center is separate geometric proxy.
512,511,11afda0226ff6f318f17aa5f,False,uncertain,not_semantically_reviewed,No semantic component/background assignment inferred from position or distance; padding_center is separate geometric proxy.
512,4062,3eae75012bae37b2cbc1664a,False,uncertain,not_semantically_reviewed,No semantic component/background assignment inferred from position or distance; padding_center is separate geometric proxy.
512,3399,ab09c171d30bcdf55b687cd2,False,uncertain,not_semantically_reviewed,No semantic component/background assignment inferred from position or distance; padding_center is separate geometric proxy.
512,1387,237c596b591254405a69e540,False,uncertain,not_semantically_reviewed,No semantic component/background assignment inferred from position or distance; padding_center is separate geometric proxy.
512,1986,d9a9a14bb0802a8212c744e4,False,uncertain,not_semantically_reviewed,No semantic component/background assignment inferred from position or distance; padding_center is separate geometric proxy.
512,1324,a8c2ef44f6ce442f4d507c77,False,uncertain,not_semantically_reviewed,No semantic component/background assignment inferred from position or distance; padding_center is separate geometric proxy.
512,2477,5f958a67a461a12163dd611a,False,uncertain,not_semantically_reviewed,No semantic component/background assignment inferred from position or distance; padding_center is separate geometric proxy.
512,4011,2db606b5eb3782f7a77bfbde,False,uncertain,not_semantically_reviewed,No semantic component/background assignment inferred from position or distance; padding_center is separate geometric proxy.
512,2569,3d2bae2e78445ed0dad7c67e,False,uncertain,not_semantically_reviewed,No semantic component/background assignment inferred from position or distance; padding_center is separate geometric proxy.
512,2260,1c9bfc2e352f2340578ecb8c,False,uncertain,not_semantically_reviewed,No semantic component/background assignment inferred from position or distance; padding_center is separate geometric proxy.
512,752,90980ace2ddb899842b5027e,False,uncertain,not_semantically_reviewed,No semantic component/background assignment inferred from position or distance; padding_center is separate geometric proxy.
512,271,04e3ee6cc5b42a1312bef2c0,False,uncertain,not_semantically_reviewed,No semantic component/background assignment inferred from position or distance; padding_center is separate geometric proxy.
512,1820,f6b0918b296e2086174c29c3,False,uncertain,not_semantically_reviewed,No semantic component/background assignment inferred from position or distance; padding_center is separate geometric proxy.
512,1237,12f90f549991fd9c4757eb8f,False,uncertain,not_semantically_reviewed,No semantic component/background assignment inferred from position or distance; padding_center is separate geometric proxy.
512,3302,9d2568d421729a597011f1aa,False,uncertain,not_semantically_reviewed,No semantic component/background assignment inferred from position or distance; padding_center is separate geometric proxy.
512,3240,1b5943781105ad56b1d799cd,False,uncertain,not_semantically_reviewed,No semantic component/background assignment inferred from position or distance; padding_center is separate geometric proxy.
512,919,c5c881e5184121a3553fc84d,False,uncertain,not_semantically_reviewed,No semantic component/background assignment inferred from position or distance; padding_center is separate geometric proxy.
512,2430,546fa92166277933cf129cf3,False,uncertain,not_semantically_reviewed,No semantic component/background assignment inferred from position or distance; padding_center is separate geometric proxy.
512,336,f5d57420c3c86277890c81c0,False,uncertain,not_semantically_reviewed,No semantic component/background assignment inferred from position or distance; padding_center is separate geometric proxy.
512,2845,aed9429f62b275db586a9235,False,uncertain,not_semantically_reviewed,No semantic component/background assignment inferred from position or distance; padding_center is separate geometric proxy.
512,1961,cf9d2ab5a56166e58e048bad,False,uncertain,not_semantically_reviewed,No semantic component/background assignment inferred from position or distance; padding_center is separate geometric proxy.
512,2371,d8f0f1700919edcee7539d36,False,uncertain,not_semantically_reviewed,No semantic component/background assignment inferred from position or distance; padding_center is separate geometric proxy.
512,411,0e53f40daa1b26d70774fbba,False,uncertain,not_semantically_reviewed,No semantic component/background assignment inferred from position or distance; padding_center is separate geometric proxy.
512,1065,faaae144235f24d80fc60583,False,uncertain,not_semantically_reviewed,No semantic component/background assignment inferred from position or distance; padding_center is separate geometric proxy.
512,438,bbbde7bf5487a3433dcea610,False,uncertain,not_semantically_reviewed,No semantic component/background assignment inferred from position or distance; padding_center is separate geometric proxy.
512,1399,b85de907e22280ce106c071c,False,uncertain,not_semantically_reviewed,No semantic component/background assignment inferred from position or distance; padding_center is separate geometric proxy.
512,2038,64b4c24d09b3948d7383f74d,False,uncertain,not_semantically_reviewed,No semantic component/background assignment inferred from position or distance; padding_center is separate geometric proxy.
512,3134,66aa231e5d1632c5819ca59b,False,uncertain,not_semantically_reviewed,No semantic component/background assignment inferred from position or distance; padding_center is separate geometric proxy.
512,3155,18bdd05b85f8030805542307,False,uncertain,not_semantically_reviewed,No semantic component/background assignment inferred from position or distance; padding_center is separate geometric proxy.
512,1974,ed850f55d146d883d6a79c45,False,uncertain,not_semantically_reviewed,No semantic component/background assignment inferred from position or distance; padding_center is separate geometric proxy.
512,3748,9a81708c98d0a348c7d712fb,False,uncertain,not_semantically_reviewed,No semantic component/background assignment inferred from position or distance; padding_center is separate geometric proxy.
512,3333,9958e07889a24c816b55dfd0,False,uncertain,not_semantically_reviewed,No semantic component/background assignment inferred from position or distance; padding_center is separate geometric proxy.
512,3103,a8c2ef44f6ce442f4d507c77,False,uncertain,not_semantically_reviewed,No semantic component/background assignment inferred from position or distance; padding_center is separate geometric proxy.
512,1962,f0efee30db5360706b96d09f,False,uncertain,not_semantically_reviewed,No semantic component/background assignment inferred from position or distance; padding_center is separate geometric proxy.
512,1208,94ba7b6ade3b906ec1c3ebcb,False,uncertain,not_semantically_reviewed,No semantic component/background assignment inferred from position or distance; padding_center is separate geometric proxy.
512,3245,92de296e20733f6eb94d79cd,False,uncertain,not_semantically_reviewed,No semantic component/background assignment inferred from position or distance; padding_center is separate geometric proxy.
512,890,1b5943781105ad56b1d799cd,False,uncertain,not_semantically_reviewed,No semantic component/background assignment inferred from position or distance; padding_center is separate geometric proxy.
512,3342,ed515ba82f9c62c172a1edea,False,uncertain,not_semantically_reviewed,No semantic component/background assignment inferred from position or distance; padding_center is separate geometric proxy.
512,1317,6e2efbafb29a453dc464dd7b,False,uncertain,not_semantically_reviewed,No semantic component/background assignment inferred from position or distance; padding_center is separate geometric proxy.
512,3662,feb62217c5c9e56e5a0501d7,False,uncertain,not_semantically_reviewed,No semantic component/background assignment inferred from position or distance; padding_center is separate geometric proxy.
512,2483,c053cfb215c3a51257035200,False,uncertain,not_semantically_reviewed,No semantic component/background assignment inferred from position or distance; padding_center is separate geometric proxy.
512,1569,4665969bbaacc0e03564a0b5,False,uncertain,not_semantically_reviewed,No semantic component/background assignment inferred from position or distance; padding_center is separate geometric proxy.
512,3653,82682fb34aad94edccaf5aa4,False,uncertain,not_semantically_reviewed,No semantic component/background assignment inferred from position or distance; padding_center is separate geometric proxy.
512,214,46c3d28ad61bb05f7a88360b,False,uncertain,not_semantically_reviewed,No semantic component/background assignment inferred from position or distance; padding_center is separate geometric proxy.
512,990,9e8332606a03fe254ea768e1,False,uncertain,not_semantically_reviewed,No semantic component/background assignment inferred from position or distance; padding_center is separate geometric proxy.
512,2758,00f1aa2318c0169ace9c04bb,False,uncertain,not_semantically_reviewed,No semantic component/background assignment inferred from position or distance; padding_center is separate geometric proxy.
512,3777,aed9429f62b275db586a9235,False,uncertain,not_semantically_reviewed,No semantic component/background assignment inferred from position or distance; padding_center is separate geometric proxy.
512,2552,c4993e4cd869a138c0953fbe,False,uncertain,not_semantically_reviewed,No semantic component/background assignment inferred from position or distance; padding_center is separate geometric proxy.
512,1453,51173f769f1433b029e67775,False,uncertain,not_semantically_reviewed,No semantic component/background assignment inferred from position or distance; padding_center is separate geometric proxy.
512,1286,ce3eb16ef6bc3d1bc9a8e8cb,False,uncertain,not_semantically_reviewed,No semantic component/background assignment inferred from position or distance; padding_center is separate geometric proxy.
512,3199,89bb5e962dd3595fb2b8c8d8,False,uncertain,not_semantically_reviewed,No semantic component/background assignment inferred from position or distance; padding_center is separate geometric proxy.
512,4006,108595e9fd41db025b06cfe4,False,uncertain,not_semantically_reviewed,No semantic component/background assignment inferred from position or distance; padding_center is separate geometric proxy.
512,2212,4965160adcfb13a2bec036fe,False,uncertain,not_semantically_reviewed,No semantic component/background assignment inferred from position or distance; padding_center is separate geometric proxy.
512,3995,d1424fc72c8078a6537c9ca1,False,uncertain,not_semantically_reviewed,No semantic component/background assignment inferred from position or distance; padding_center is separate geometric proxy.
512,2643,2e6ec4882e89f00a95812589,False,uncertain,not_semantically_reviewed,No semantic component/background assignment inferred from position or distance; padding_center is separate geometric proxy.
512,790,a7ea7c3185f764b9936b650b,False,uncertain,not_semantically_reviewed,No semantic component/background assignment inferred from position or distance; padding_center is separate geometric proxy.
512,2196,233bfad0fb0de2c9a2833c26,False,uncertain,not_semantically_reviewed,No semantic component/background assignment inferred from position or distance; padding_center is separate geometric proxy.
512,488,3784d9ce84ce2d5e27775986,False,uncertain,not_semantically_reviewed,No semantic component/background assignment inferred from position or distance; padding_center is separate geometric proxy.
512,615,677aa74297073fb830aa6956,False,uncertain,not_semantically_reviewed,No semantic component/background assignment inferred from position or distance; padding_center is separate geometric proxy.
512,2965,72ac6b38b6693e5fc323e6d7,False,uncertain,not_semantically_reviewed,No semantic component/background assignment inferred from position or distance; padding_center is separate geometric proxy.
512,3986,7e61ea81f0f1120629741738,False,uncertain,not_semantically_reviewed,No semantic component/background assignment inferred from position or distance; padding_center is separate geometric proxy.
512,3290,aed9429f62b275db586a9235,False,uncertain,not_semantically_reviewed,No semantic component/background assignment inferred from position or distance; padding_center is separate geometric proxy.
512,1902,f3d87453cdfcc5cff9c97418,False,uncertain,not_semantically_reviewed,No semantic component/background assignment inferred from position or distance; padding_center is separate geometric proxy.
512,3060,00f1aa2318c0169ace9c04bb,False,uncertain,not_semantically_reviewed,No semantic component/background assignment inferred from position or distance; padding_center is separate geometric proxy.
512,585,8ff7deb4a5cd8ce8d4686013,False,uncertain,not_semantically_reviewed,No semantic component/background assignment inferred from position or distance; padding_center is separate geometric proxy.
512,1688,d09f70c5c98778c8f04627bc,False,uncertain,not_semantically_reviewed,No semantic component/background assignment inferred from position or distance; padding_center is separate geometric proxy.
512,238,0e53f40daa1b26d70774fbba,False,uncertain,not_semantically_reviewed,No semantic component/background assignment inferred from position or distance; padding_center is separate geometric proxy.
512,1162,53ee26b8f272cefa7ed325c6,False,uncertain,not_semantically_reviewed,No semantic component/background assignment inferred from position or distance; padding_center is separate geometric proxy.
512,112,1bf0f2223e141aab9e8118b4,False,uncertain,not_semantically_reviewed,No semantic component/background assignment inferred from position or distance; padding_center is separate geometric proxy.
512,2893,b346efa700cbea47db728564,False,uncertain,not_semantically_reviewed,No semantic component/background assignment inferred from position or distance; padding_center is separate geometric proxy.
512,1682,eeaf29d3b654bc04a89293a2,False,uncertain,not_semantically_reviewed,No semantic component/background assignment inferred from position or distance; padding_center is separate geometric proxy.
512,1381,e242ffcf72bc34f118ad3b08,False,uncertain,not_semantically_reviewed,No semantic component/background assignment inferred from position or distance; padding_center is separate geometric proxy.
512,484,48774be7a90d41f7a06ea83f,False,uncertain,not_semantically_reviewed,No semantic component/background assignment inferred from position or distance; padding_center is separate geometric proxy.
512,940,38f756ced54f06aaf28227f0,False,uncertain,not_semantically_reviewed,No semantic component/background assignment inferred from position or distance; padding_center is separate geometric proxy.
512,779,e6ddba7c96b4e360f21886bd,False,uncertain,not_semantically_reviewed,No semantic component/background assignment inferred from position or distance; padding_center is separate geometric proxy.
512,3984,1d68882860a373ad4043fa1c,False,uncertain,not_semantically_reviewed,No semantic component/background assignment inferred from position or distance; padding_center is separate geometric proxy.
512,3877,cdbfcd2b080f9ca9ec20c7df,False,uncertain,not_semantically_reviewed,No semantic component/background assignment inferred from position or distance; padding_center is separate geometric proxy.
512,2436,a62dae09b2226f081de0d80f,False,uncertain,not_semantically_reviewed,No semantic component/background assignment inferred from position or distance; padding_center is separate geometric proxy.
512,2007,a10b76ffd86691bdee01e297,False,uncertain,not_semantically_reviewed,No semantic component/background assignment inferred from position or distance; padding_center is separate geometric proxy.
512,3288,e242ffcf72bc34f118ad3b08,False,uncertain,not_semantically_reviewed,No semantic component/background assignment inferred from position or distance; padding_center is separate geometric proxy.
512,2121,f55ce837ffdc773d16223cc9,False,uncertain,not_semantically_reviewed,No semantic component/background assignment inferred from position or distance; padding_center is separate geometric proxy.
512,3419,2d232dbda80155a5597435da,False,uncertain,not_semantically_reviewed,No semantic component/background assignment inferred from position or distance; padding_center is separate geometric proxy.
512,394,8054ca96d8472cde33311981,False,uncertain,not_semantically_reviewed,No semantic component/background assignment inferred from position or distance; padding_center is separate geometric proxy.
512,1500,8ef884f1eed8090e150500e8,False,uncertain,not_semantically_reviewed,No semantic component/background assignment inferred from position or distance; padding_center is separate geometric proxy.
512,412,6e27bd35475fc44cb8ed2f15,False,uncertain,not_semantically_reviewed,No semantic component/background assignment inferred from position or distance; padding_center is separate geometric proxy.
512,989,66d10c1a1a2e920f3353605b,False,uncertain,not_semantically_reviewed,No semantic component/background assignment inferred from position or distance; padding_center is separate geometric proxy.
512,2296,fed00a53aeeabd21ae3fe655,False,uncertain,not_semantically_reviewed,No semantic component/background assignment inferred from position or distance; padding_center is separate geometric proxy.
512,3735,c7ee197309993fe770fe3b77,False,uncertain,not_semantically_reviewed,No semantic component/background assignment inferred from position or distance; padding_center is separate geometric proxy.
512,3522,66d05d9c3f5b6674d314eb61,False,uncertain,not_semantically_reviewed,No semantic component/background assignment inferred from position or distance; padding_center is separate geometric proxy.
512,623,4424ee2da09740d91f04a4c8,False,uncertain,not_semantically_reviewed,No semantic component/background assignment inferred from position or distance; padding_center is separate geometric proxy.
512,1359,6a94f7732c738d23f7748f52,False,uncertain,not_semantically_reviewed,No semantic component/background assignment inferred from position or distance; padding_center is separate geometric proxy.
512,1653,d602999b8e479c0793a28343,False,uncertain,not_semantically_reviewed,No semantic component/background assignment inferred from position or distance; padding_center is separate geometric proxy.
512,2067,9a09efac72d9a535dd089700,False,uncertain,not_semantically_reviewed,No semantic component/background assignment inferred from position or distance; padding_center is separate geometric proxy.
512,421,0726fc7b3dbfa39abe4d246a,False,uncertain,not_semantically_reviewed,No semantic component/background assignment inferred from position or distance; padding_center is separate geometric proxy.
512,3162,66d10c1a1a2e920f3353605b,False,uncertain,not_semantically_reviewed,No semantic component/background assignment inferred from position or distance; padding_center is separate geometric proxy.
512,3250,e3471d8dce15d02e7118423b,False,uncertain,not_semantically_reviewed,No semantic component/background assignment inferred from position or distance; padding_center is separate geometric proxy.
512,2812,74b7ffff37e9526451719bfb,False,uncertain,not_semantically_reviewed,No semantic component/background assignment inferred from position or distance; padding_center is separate geometric proxy.
512,2909,6224d209aa1d004e0788419a,False,uncertain,not_semantically_reviewed,No semantic component/background assignment inferred from position or distance; padding_center is separate geometric proxy.
512,1419,53553f400f2058be52468beb,False,uncertain,not_semantically_reviewed,No semantic component/background assignment inferred from position or distance; padding_center is separate geometric proxy.
512,2238,b906f45e3df48b0c353a24ed,False,uncertain,not_semantically_reviewed,No semantic component/background assignment inferred from position or distance; padding_center is separate geometric proxy.
512,2093,80c777298f2c73197c736a06,False,uncertain,not_semantically_reviewed,No semantic component/background assignment inferred from position or distance; padding_center is separate geometric proxy.
512,2469,2e5978f4da260374452ae8a2,False,uncertain,not_semantically_reviewed,No semantic component/background assignment inferred from position or distance; padding_center is separate geometric proxy.
512,1007,39a90dd38ab3f71ef7c0ac36,False,uncertain,not_semantically_reviewed,No semantic component/background assignment inferred from position or distance; padding_center is separate geometric proxy.
512,2854,f5fd54bef0452118ba626eb5,False,uncertain,not_semantically_reviewed,No semantic component/background assignment inferred from position or distance; padding_center is separate geometric proxy.
512,149,66b007b118c0f706871e39e2,False,uncertain,not_semantically_reviewed,No semantic component/background assignment inferred from position or distance; padding_center is separate geometric proxy.
512,1091,40ac2f00add0e400ade31e24,False,uncertain,not_semantically_reviewed,No semantic component/background assignment inferred from position or distance; padding_center is separate geometric proxy.
512,382,7afbc26da1dbba6cc7e92529,False,uncertain,not_semantically_reviewed,No semantic component/background assignment inferred from position or distance; padding_center is separate geometric proxy.
512,1790,9d2568d421729a597011f1aa,False,uncertain,not_semantically_reviewed,No semantic component/background assignment inferred from position or distance; padding_center is separate geometric proxy.
512,704,e929ae27ffd34899ed029309,False,uncertain,not_semantically_reviewed,No semantic component/background assignment inferred from position or distance; padding_center is separate geometric proxy.
512,3355,94cd5f5169124127de475e5c,False,uncertain,not_semantically_reviewed,No semantic component/background assignment inferred from position or distance; padding_center is separate geometric proxy.
512,1762,cd917aa0b2108ec00f030c1f,False,uncertain,not_semantically_reviewed,No semantic component/background assignment inferred from position or distance; padding_center is separate geometric proxy.
512,948,7afbc26da1dbba6cc7e92529,False,uncertain,not_semantically_reviewed,No semantic component/background assignment inferred from position or distance; padding_center is separate geometric proxy.
512,3387,bfb5f4684d99186b5f4eb7af,False,uncertain,not_semantically_reviewed,No semantic component/background assignment inferred from position or distance; padding_center is separate geometric proxy.
512,1082,e47e5b1177f091fde9ec844d,False,uncertain,not_semantically_reviewed,No semantic component/background assignment inferred from position or distance; padding_center is separate geometric proxy.
512,3904,6de6d91fd06b0303903d8d7c,False,uncertain,not_semantically_reviewed,No semantic component/background assignment inferred from position or distance; padding_center is separate geometric proxy.
512,3184,8d21850c283f248e197a3812,False,uncertain,not_semantically_reviewed,No semantic component/background assignment inferred from position or distance; padding_center is separate geometric proxy.
512,2453,922a2efe527fac5f65fd4c63,False,uncertain,not_semantically_reviewed,No semantic component/background assignment inferred from position or distance; padding_center is separate geometric proxy.
512,1875,874d6eabd5e75378c3fea8be,False,uncertain,not_semantically_reviewed,No semantic component/background assignment inferred from position or distance; padding_center is separate geometric proxy.
512,2968,4ba9cb9a1f838882aceda47d,False,uncertain,not_semantically_reviewed,No semantic component/background assignment inferred from position or distance; padding_center is separate geometric proxy.
512,1593,0c7e1b72803ad61dccb12da2,False,uncertain,not_semantically_reviewed,No semantic component/background assignment inferred from position or distance; padding_center is separate geometric proxy.
512,90,d38ca61eb91c2ab5177fe2d9,False,uncertain,not_semantically_reviewed,No semantic component/background assignment inferred from position or distance; padding_center is separate geometric proxy.
512,597,3ab22bbde3fae3c6ca981b86,False,uncertain,not_semantically_reviewed,No semantic component/background assignment inferred from position or distance; padding_center is separate geometric proxy.
512,3124,80c777298f2c73197c736a06,False,uncertain,not_semantically_reviewed,No semantic component/background assignment inferred from position or distance; padding_center is separate geometric proxy.
512,3281,a7ea7c3185f764b9936b650b,False,uncertain,not_semantically_reviewed,No semantic component/background assignment inferred from position or distance; padding_center is separate geometric proxy.
512,2074,2a2ebe28454408e4b8e31f99,False,uncertain,not_semantically_reviewed,No semantic component/background assignment inferred from position or distance; padding_center is separate geometric proxy.
512,1458,45dc6fdfab82e2a0f77a8f68,False,uncertain,not_semantically_reviewed,No semantic component/background assignment inferred from position or distance; padding_center is separate geometric proxy.
512,3713,b257061f4690add78829b537,False,uncertain,not_semantically_reviewed,No semantic component/background assignment inferred from position or distance; padding_center is separate geometric proxy.
512,3233,3cf351a27f44a8ffec77376a,False,uncertain,not_semantically_reviewed,No semantic component/background assignment inferred from position or distance; padding_center is separate geometric proxy.
512,960,a69907990c12814baac15789,False,uncertain,not_semantically_reviewed,No semantic component/background assignment inferred from position or distance; padding_center is separate geometric proxy.
512,1451,16b0fac2884314e1383d6754,False,uncertain,not_semantically_reviewed,No semantic component/background assignment inferred from position or distance; padding_center is separate geometric proxy.
512,2528,66d10c1a1a2e920f3353605b,False,uncertain,not_semantically_reviewed,No semantic component/background assignment inferred from position or distance; padding_center is separate geometric proxy.
512,2726,e1f9b73f0e97bbc50bbf5d91,False,uncertain,not_semantically_reviewed,No semantic component/background assignment inferred from position or distance; padding_center is separate geometric proxy.
512,2661,ddfb2f3e6d300ef0b90aa1b3,False,uncertain,not_semantically_reviewed,No semantic component/background assignment inferred from position or distance; padding_center is separate geometric proxy.
512,935,0b0b50a1812398015efd4283,False,uncertain,not_semantically_reviewed,No semantic component/background assignment inferred from position or distance; padding_center is separate geometric proxy.
512,3037,2adc2b219e02a58946be06ef,False,uncertain,not_semantically_reviewed,No semantic component/background assignment inferred from position or distance; padding_center is separate geometric proxy.
512,1929,38f756ced54f06aaf28227f0,False,uncertain,not_semantically_reviewed,No semantic component/background assignment inferred from position or distance; padding_center is separate geometric proxy.
512,1406,bc54e154db4d13f20e6d6cd9,False,uncertain,not_semantically_reviewed,No semantic component/background assignment inferred from position or distance; padding_center is separate geometric proxy.
512,2036,907b198fa3ef3c60ce98f192,False,uncertain,not_semantically_reviewed,No semantic component/background assignment inferred from position or distance; padding_center is separate geometric proxy.
512,3817,abdbe0b50e7e46cdcd767f98,False,uncertain,not_semantically_reviewed,No semantic component/background assignment inferred from position or distance; padding_center is separate geometric proxy.
512,2424,f2ad943c569d2bd5ccd7562b,False,uncertain,not_semantically_reviewed,No semantic component/background assignment inferred from position or distance; padding_center is separate geometric proxy.
512,3569,433809b14b745d53ec089421,False,uncertain,not_semantically_reviewed,No semantic component/background assignment inferred from position or distance; padding_center is separate geometric proxy.
512,1798,2abc495166a8c059465a408a,False,uncertain,not_semantically_reviewed,No semantic component/background assignment inferred from position or distance; padding_center is separate geometric proxy.
512,1836,952e25a8dcd8ce6055472946,False,uncertain,not_semantically_reviewed,No semantic component/background assignment inferred from position or distance; padding_center is separate geometric proxy.
512,629,a626ddea82058ff3ee702c26,False,uncertain,not_semantically_reviewed,No semantic component/background assignment inferred from position or distance; padding_center is separate geometric proxy.
512,3549,56abb3edb284c2344e16fc3c,False,uncertain,not_semantically_reviewed,No semantic component/background assignment inferred from position or distance; padding_center is separate geometric proxy.
512,3338,8e46c5ffa65a69e217cfbaed,False,uncertain,not_semantically_reviewed,No semantic component/background assignment inferred from position or distance; padding_center is separate geometric proxy.
512,2019,838c0e27eb13fae09a38d163,False,uncertain,not_semantically_reviewed,No semantic component/background assignment inferred from position or distance; padding_center is separate geometric proxy.
512,1313,063f4dd86e1b0211f741d57a,False,uncertain,not_semantically_reviewed,No semantic component/background assignment inferred from position or distance; padding_center is separate geometric proxy.
512,1837,53af98416cb0b2869d8f7539,False,uncertain,not_semantically_reviewed,No semantic component/background assignment inferred from position or distance; padding_center is separate geometric proxy.
512,2799,af34493e5d5fee243f30b65d,False,uncertain,not_semantically_reviewed,No semantic component/background assignment inferred from position or distance; padding_center is separate geometric proxy.
512,953,1f5f2029b5a9b7fa882293dc,False,uncertain,not_semantically_reviewed,No semantic component/background assignment inferred from position or distance; padding_center is separate geometric proxy.
512,436,bcf6e6dcfcc9271734861844,False,uncertain,not_semantically_reviewed,No semantic component/background assignment inferred from position or distance; padding_center is separate geometric proxy.
512,1158,d8be0033ff7b478a79cc5965,False,uncertain,not_semantically_reviewed,No semantic component/background assignment inferred from position or distance; padding_center is separate geometric proxy.
512,3404,faaae144235f24d80fc60583,False,uncertain,not_semantically_reviewed,No semantic component/background assignment inferred from position or distance; padding_center is separate geometric proxy.
512,2173,5c15ccf66b55ebcefa392ce3,False,uncertain,not_semantically_reviewed,No semantic component/background assignment inferred from position or distance; padding_center is separate geometric proxy.
512,3793,d38ca61eb91c2ab5177fe2d9,False,uncertain,not_semantically_reviewed,No semantic component/background assignment inferred from position or distance; padding_center is separate geometric proxy.
512,3251,4bd72ef466f1588d325db08d,False,uncertain,not_semantically_reviewed,No semantic component/background assignment inferred from position or distance; padding_center is separate geometric proxy.
512,2111,141eb4e29fb93b1a99e315c8,False,uncertain,not_semantically_reviewed,No semantic component/background assignment inferred from position or distance; padding_center is separate geometric proxy.
512,2237,9cfadab4e87bbbd7e3153890,False,uncertain,not_semantically_reviewed,No semantic component/background assignment inferred from position or distance; padding_center is separate geometric proxy.
512,2073,341bda6eed5f4e8ac5903152,False,uncertain,not_semantically_reviewed,No semantic component/background assignment inferred from position or distance; padding_center is separate geometric proxy.
512,3239,067b9572e3a74a95bade581f,False,uncertain,not_semantically_reviewed,No semantic component/background assignment inferred from position or distance; padding_center is separate geometric proxy.
512,2252,b702b5c2a0d53b0311f8251d,False,uncertain,not_semantically_reviewed,No semantic component/background assignment inferred from position or distance; padding_center is separate geometric proxy.
512,2935,bcf6e6dcfcc9271734861844,False,uncertain,not_semantically_reviewed,No semantic component/background assignment inferred from position or distance; padding_center is separate geometric proxy.
512,1622,1f5f2029b5a9b7fa882293dc,False,uncertain,not_semantically_reviewed,No semantic component/background assignment inferred from position or distance; padding_center is separate geometric proxy.
512,2521,e3471d8dce15d02e7118423b,False,uncertain,not_semantically_reviewed,No semantic component/background assignment inferred from position or distance; padding_center is separate geometric proxy.
512,282,e67ceddf65cff5ddf42e56f5,False,uncertain,not_semantically_reviewed,No semantic component/background assignment inferred from position or distance; padding_center is separate geometric proxy.
512,3514,b346efa700cbea47db728564,False,uncertain,not_semantically_reviewed,No semantic component/background assignment inferred from position or distance; padding_center is separate geometric proxy.
512,3997,cbdf67e4b84fdebb3d0e28af,False,uncertain,not_semantically_reviewed,No semantic component/background assignment inferred from position or distance; padding_center is separate geometric proxy.
512,1236,53ee26b8f272cefa7ed325c6,False,uncertain,not_semantically_reviewed,No semantic component/background assignment inferred from position or distance; padding_center is separate geometric proxy.
512,537,e1f9b73f0e97bbc50bbf5d91,False,uncertain,not_semantically_reviewed,No semantic component/background assignment inferred from position or distance; padding_center is separate geometric proxy.
512,2119,2d232dbda80155a5597435da,False,uncertain,not_semantically_reviewed,No semantic component/background assignment inferred from position or distance; padding_center is separate geometric proxy.
512,4023,841cbb396d21645ac11b6b7b,False,uncertain,not_semantically_reviewed,No semantic component/background assignment inferred from position or distance; padding_center is separate geometric proxy.
512,1322,7921a2523607b346c915e832,False,uncertain,not_semantically_reviewed,No semantic component/background assignment inferred from position or distance; padding_center is separate geometric proxy.
512,1823,94ba7b6ade3b906ec1c3ebcb,False,uncertain,not_semantically_reviewed,No semantic component/background assignment inferred from position or distance; padding_center is separate geometric proxy.
512,4078,b2e03eda5efa05c952ed92ff,False,uncertain,not_semantically_reviewed,No semantic component/background assignment inferred from position or distance; padding_center is separate geometric proxy.
512,659,8f00afcf8e50a60b4103d8df,False,uncertain,not_semantically_reviewed,No semantic component/background assignment inferred from position or distance; padding_center is separate geometric proxy.
512,1300,d684f9a5a54c2625847e51dc,False,uncertain,not_semantically_reviewed,No semantic component/background assignment inferred from position or distance; padding_center is separate geometric proxy.
512,2877,7e61ea81f0f1120629741738,False,uncertain,not_semantically_reviewed,No semantic component/background assignment inferred from position or distance; padding_center is separate geometric proxy.
512,3002,6a33d51ff178335de31decc6,False,uncertain,not_semantically_reviewed,No semantic component/background assignment inferred from position or distance; padding_center is separate geometric proxy.
512,4063,23417d98734b6b0c613dc858,False,uncertain,not_semantically_reviewed,No semantic component/background assignment inferred from position or distance; padding_center is separate geometric proxy.
512,1651,5e1d7231fed9766c68b295c7,False,uncertain,not_semantically_reviewed,No semantic component/background assignment inferred from position or distance; padding_center is separate geometric proxy.
512,2836,8f6fbfd2fcc60504ec689e6c,False,uncertain,not_semantically_reviewed,No semantic component/background assignment inferred from position or distance; padding_center is separate geometric proxy.
512,3936,577e306a2e950842cc7e0b3b,False,uncertain,not_semantically_reviewed,No semantic component/background assignment inferred from position or distance; padding_center is separate geometric proxy.
512,2869,14d604ef2597847aa09fa2ae,False,uncertain,not_semantically_reviewed,No semantic component/background assignment inferred from position or distance; padding_center is separate geometric proxy.
512,3086,772ca7380c6ef905c50a98b0,False,uncertain,not_semantically_reviewed,No semantic component/background assignment inferred from position or distance; padding_center is separate geometric proxy.
512,2794,5c6d3466c6986a59ea1677b0,False,uncertain,not_semantically_reviewed,No semantic component/background assignment inferred from position or distance; padding_center is separate geometric proxy.
512,1224,5242642f61dc9f3dccd7c5f1,False,uncertain,not_semantically_reviewed,No semantic component/background assignment inferred from position or distance; padding_center is separate geometric proxy.
512,242,38f756ced54f06aaf28227f0,False,uncertain,not_semantically_reviewed,No semantic component/background assignment inferred from position or distance; padding_center is separate geometric proxy.
512,2689,86167754816351afb9121870,False,uncertain,not_semantically_reviewed,No semantic component/background assignment inferred from position or distance; padding_center is separate geometric proxy.
512,3175,6ad43ba2a899aeae4165e4ff,False,uncertain,not_semantically_reviewed,No semantic component/background assignment inferred from position or distance; padding_center is separate geometric proxy.
512,3448,00f1aa2318c0169ace9c04bb,False,uncertain,not_semantically_reviewed,No semantic component/background assignment inferred from position or distance; padding_center is separate geometric proxy.
512,2058,ccd21b822082f2aa58411062,False,uncertain,not_semantically_reviewed,No semantic component/background assignment inferred from position or distance; padding_center is separate geometric proxy.
512,3500,ab724f399489bf66138904f4,False,uncertain,not_semantically_reviewed,No semantic component/background assignment inferred from position or distance; padding_center is separate geometric proxy.
512,1323,005ec97a43997d0c058793fd,False,uncertain,not_semantically_reviewed,No semantic component/background assignment inferred from position or distance; padding_center is separate geometric proxy.
512,2434,b702b5c2a0d53b0311f8251d,False,uncertain,not_semantically_reviewed,No semantic component/background assignment inferred from position or distance; padding_center is separate geometric proxy.
512,2982,d6a9ed3c4cbab0d699af403a,False,uncertain,not_semantically_reviewed,No semantic component/background assignment inferred from position or distance; padding_center is separate geometric proxy.
512,3701,c6175a761ad4823c6ccf1423,False,uncertain,not_semantically_reviewed,No semantic component/background assignment inferred from position or distance; padding_center is separate geometric proxy.
512,2405,3e9601c37c2513abd6a2f915,False,uncertain,not_semantically_reviewed,No semantic component/background assignment inferred from position or distance; padding_center is separate geometric proxy.
512,893,141eb4e29fb93b1a99e315c8,False,uncertain,not_semantically_reviewed,No semantic component/background assignment inferred from position or distance; padding_center is separate geometric proxy.
512,908,72ac6b38b6693e5fc323e6d7,False,uncertain,not_semantically_reviewed,No semantic component/background assignment inferred from position or distance; padding_center is separate geometric proxy.
512,2857,3e9601c37c2513abd6a2f915,False,uncertain,not_semantically_reviewed,No semantic component/background assignment inferred from position or distance; padding_center is separate geometric proxy.
512,2539,3077d86689d5a3505b74c51e,False,uncertain,not_semantically_reviewed,No semantic component/background assignment inferred from position or distance; padding_center is separate geometric proxy.
512,1609,6224d209aa1d004e0788419a,False,uncertain,not_semantically_reviewed,No semantic component/background assignment inferred from position or distance; padding_center is separate geometric proxy.
512,1469,94f42c7c3c2ffadf2c1d6ce5,False,uncertain,not_semantically_reviewed,No semantic component/background assignment inferred from position or distance; padding_center is separate geometric proxy.
512,3892,fc73f20a80be611a6bc12640,False,uncertain,not_semantically_reviewed,No semantic component/background assignment inferred from position or distance; padding_center is separate geometric proxy.
512,3483,66d05d9c3f5b6674d314eb61,False,uncertain,not_semantically_reviewed,No semantic component/background assignment inferred from position or distance; padding_center is separate geometric proxy.
512,1673,5f958a67a461a12163dd611a,False,uncertain,not_semantically_reviewed,No semantic component/background assignment inferred from position or distance; padding_center is separate geometric proxy.
512,3669,dd165541fbc074981d278ca8,False,uncertain,not_semantically_reviewed,No semantic component/background assignment inferred from position or distance; padding_center is separate geometric proxy.
512,970,5ba769d6494640d0a423bba3,False,uncertain,not_semantically_reviewed,No semantic component/background assignment inferred from position or distance; padding_center is separate geometric proxy.
512,3779,816bd32e6af258821450f1f6,False,uncertain,not_semantically_reviewed,No semantic component/background assignment inferred from position or distance; padding_center is separate geometric proxy.
512,2672,5c15ccf66b55ebcefa392ce3,False,uncertain,not_semantically_reviewed,No semantic component/background assignment inferred from position or distance; padding_center is separate geometric proxy.
512,3964,8c45dd494acbb106ab4500e8,False,uncertain,not_semantically_reviewed,No semantic component/background assignment inferred from position or distance; padding_center is separate geometric proxy.
512,3567,6224d209aa1d004e0788419a,False,uncertain,not_semantically_reviewed,No semantic component/background assignment inferred from position or distance; padding_center is separate geometric proxy.
512,2937,ed515ba82f9c62c172a1edea,False,uncertain,not_semantically_reviewed,No semantic component/background assignment inferred from position or distance; padding_center is separate geometric proxy.
512,3822,0e99ffa8f06c7a68057e9f19,False,uncertain,not_semantically_reviewed,No semantic component/background assignment inferred from position or distance; padding_center is separate geometric proxy.
512,3179,6e27bd35475fc44cb8ed2f15,False,uncertain,not_semantically_reviewed,No semantic component/background assignment inferred from position or distance; padding_center is separate geometric proxy.
512,3308,c7633ba2b0624fc95a5a5341,False,uncertain,not_semantically_reviewed,No semantic component/background assignment inferred from position or distance; padding_center is separate geometric proxy.
512,1161,04e3ee6cc5b42a1312bef2c0,False,uncertain,not_semantically_reviewed,No semantic component/background assignment inferred from position or distance; padding_center is separate geometric proxy.
512,3237,7086c3b7f6936769b7d902ff,False,uncertain,not_semantically_reviewed,No semantic component/background assignment inferred from position or distance; padding_center is separate geometric proxy.
512,934,aaa56edfa2f1c45d67d88d62,False,uncertain,not_semantically_reviewed,No semantic component/background assignment inferred from position or distance; padding_center is separate geometric proxy.
512,3112,605a0169b9bac60a8a4d66a6,False,uncertain,not_semantically_reviewed,No semantic component/background assignment inferred from position or distance; padding_center is separate geometric proxy.
512,581,1e2d07b1eeca611720eec5b1,False,uncertain,not_semantically_reviewed,No semantic component/background assignment inferred from position or distance; padding_center is separate geometric proxy.
512,2506,8ac17649dea347a107f0ba10,False,uncertain,not_semantically_reviewed,No semantic component/background assignment inferred from position or distance; padding_center is separate geometric proxy.
512,3422,7af5cfe2789ad8884c2c680c,False,uncertain,not_semantically_reviewed,No semantic component/background assignment inferred from position or distance; padding_center is separate geometric proxy.
512,3874,8054ca96d8472cde33311981,False,uncertain,not_semantically_reviewed,No semantic component/background assignment inferred from position or distance; padding_center is separate geometric proxy.
512,1460,1e2d07b1eeca611720eec5b1,False,uncertain,not_semantically_reviewed,No semantic component/background assignment inferred from position or distance; padding_center is separate geometric proxy.
512,2989,5de687b7a3586a55713120f9,False,uncertain,not_semantically_reviewed,No semantic component/background assignment inferred from position or distance; padding_center is separate geometric proxy.
512,3771,b88ddbaebaded26c32e87fcd,False,uncertain,not_semantically_reviewed,No semantic component/background assignment inferred from position or distance; padding_center is separate geometric proxy.
512,3459,d23b085ff7689b51dcc4805b,False,uncertain,not_semantically_reviewed,No semantic component/background assignment inferred from position or distance; padding_center is separate geometric proxy.
512,582,a7ea7c3185f764b9936b650b,False,uncertain,not_semantically_reviewed,No semantic component/background assignment inferred from position or distance; padding_center is separate geometric proxy.
512,3379,736baaa0fc8d39ce48febcb6,False,uncertain,not_semantically_reviewed,No semantic component/background assignment inferred from position or distance; padding_center is separate geometric proxy.
512,2258,32b7b720203cd470bb8bf8d4,False,uncertain,not_semantically_reviewed,No semantic component/background assignment inferred from position or distance; padding_center is separate geometric proxy.
512,1375,ae415b74e5e6e7c755acefb9,False,uncertain,not_semantically_reviewed,No semantic component/background assignment inferred from position or distance; padding_center is separate geometric proxy.
512,2110,95360633a263e67da1d00ee7,False,uncertain,not_semantically_reviewed,No semantic component/background assignment inferred from position or distance; padding_center is separate geometric proxy.
512,914,9cfadab4e87bbbd7e3153890,False,uncertain,not_semantically_reviewed,No semantic component/background assignment inferred from position or distance; padding_center is separate geometric proxy.
512,449,341bda6eed5f4e8ac5903152,False,uncertain,not_semantically_reviewed,No semantic component/background assignment inferred from position or distance; padding_center is separate geometric proxy.
512,1541,abdbe0b50e7e46cdcd767f98,False,uncertain,not_semantically_reviewed,No semantic component/background assignment inferred from position or distance; padding_center is separate geometric proxy.
512,617,697ba8a446d4482c10f34f2f,False,uncertain,not_semantically_reviewed,No semantic component/background assignment inferred from position or distance; padding_center is separate geometric proxy.
512,2235,a07162736060762abf1cf681,False,uncertain,not_semantically_reviewed,No semantic component/background assignment inferred from position or distance; padding_center is separate geometric proxy.
512,1395,6b8d21c86207f8f468d728fc,False,uncertain,not_semantically_reviewed,No semantic component/background assignment inferred from position or distance; padding_center is separate geometric proxy.
512,943,a62dae09b2226f081de0d80f,False,uncertain,not_semantically_reviewed,No semantic component/background assignment inferred from position or distance; padding_center is separate geometric proxy.
512,916,5b19de312d23f0fa4ea50e0a,False,uncertain,not_semantically_reviewed,No semantic component/background assignment inferred from position or distance; padding_center is separate geometric proxy.
512,1556,fdafeeb2c1b1eb31aa6e7f70,False,uncertain,not_semantically_reviewed,No semantic component/background assignment inferred from position or distance; padding_center is separate geometric proxy.
512,1870,8e8d92bbef79ba9b4bd394b6,False,uncertain,not_semantically_reviewed,No semantic component/background assignment inferred from position or distance; padding_center is separate geometric proxy.
512,3117,0be80ee1017b556c602ee686,False,uncertain,not_semantically_reviewed,No semantic component/background assignment inferred from position or distance; padding_center is separate geometric proxy.
512,3093,f5d2ec1040dadd7428895d46,False,uncertain,not_semantically_reviewed,No semantic component/background assignment inferred from position or distance; padding_center is separate geometric proxy.
512,406,dfdb0d0f027bd00ec46eee2b,False,uncertain,not_semantically_reviewed,No semantic component/background assignment inferred from position or distance; padding_center is separate geometric proxy.
512,560,0f0d00e434b9e591bacd5b76,False,uncertain,not_semantically_reviewed,No semantic component/background assignment inferred from position or distance; padding_center is separate geometric proxy.
512,351,a62dae09b2226f081de0d80f,False,uncertain,not_semantically_reviewed,No semantic component/background assignment inferred from position or distance; padding_center is separate geometric proxy.
512,3312,d3eb81224cc529cd42fb69c4,False,uncertain,not_semantically_reviewed,No semantic component/background assignment inferred from position or distance; padding_center is separate geometric proxy.
512,3643,e1f9b73f0e97bbc50bbf5d91,False,uncertain,not_semantically_reviewed,No semantic component/background assignment inferred from position or distance; padding_center is separate geometric proxy.
512,653,b2e03eda5efa05c952ed92ff,False,uncertain,not_semantically_reviewed,No semantic component/background assignment inferred from position or distance; padding_center is separate geometric proxy.
512,2811,804d7e4a63baeaa6161b25d4,False,uncertain,not_semantically_reviewed,No semantic component/background assignment inferred from position or distance; padding_center is separate geometric proxy.
512,3189,475d3a39b0f5bde6f2638d17,False,uncertain,not_semantically_reviewed,No semantic component/background assignment inferred from position or distance; padding_center is separate geometric proxy.
512,2927,063f4dd86e1b0211f741d57a,False,uncertain,not_semantically_reviewed,No semantic component/background assignment inferred from position or distance; padding_center is separate geometric proxy.
512,4047,ae415b74e5e6e7c755acefb9,False,uncertain,not_semantically_reviewed,No semantic component/background assignment inferred from position or distance; padding_center is separate geometric proxy.
512,3589,48774be7a90d41f7a06ea83f,False,uncertain,not_semantically_reviewed,No semantic component/background assignment inferred from position or distance; padding_center is separate geometric proxy.
512,39,eadb893bf3cbdece1ec63262,False,uncertain,not_semantically_reviewed,No semantic component/background assignment inferred from position or distance; padding_center is separate geometric proxy.
512,1552,56f9f2e5af9215d836af847a,False,uncertain,not_semantically_reviewed,No semantic component/background assignment inferred from position or distance; padding_center is separate geometric proxy.
512,4080,3e9601c37c2513abd6a2f915,False,uncertain,not_semantically_reviewed,No semantic component/background assignment inferred from position or distance; padding_center is separate geometric proxy.
512,1968,7086c3b7f6936769b7d902ff,False,uncertain,not_semantically_reviewed,No semantic component/background assignment inferred from position or distance; padding_center is separate geometric proxy.
512,1281,be6ebaae0a4d131091ef07a9,False,uncertain,not_semantically_reviewed,No semantic component/background assignment inferred from position or distance; padding_center is separate geometric proxy.
512,3276,1c994702ace08090969d50ab,False,uncertain,not_semantically_reviewed,No semantic component/background assignment inferred from position or distance; padding_center is separate geometric proxy.
512,3903,64b8249d3fc0fe41daf96f8b,False,uncertain,not_semantically_reviewed,No semantic component/background assignment inferred from position or distance; padding_center is separate geometric proxy.
512,1154,9ebb9ce7311b3a545437391d,False,uncertain,not_semantically_reviewed,No semantic component/background assignment inferred from position or distance; padding_center is separate geometric proxy.
512,1521,1919d4ea4256585ce707a263,False,uncertain,not_semantically_reviewed,No semantic component/background assignment inferred from position or distance; padding_center is separate geometric proxy.
512,938,d8893f3a76156d238b88fc70,False,uncertain,not_semantically_reviewed,No semantic component/background assignment inferred from position or distance; padding_center is separate geometric proxy.
512,3671,952e25a8dcd8ce6055472946,False,uncertain,not_semantically_reviewed,No semantic component/background assignment inferred from position or distance; padding_center is separate geometric proxy.
512,3101,1cba8d93f940185037702633,False,uncertain,not_semantically_reviewed,No semantic component/background assignment inferred from position or distance; padding_center is separate geometric proxy.
512,3929,3600b9cdf68a783f08fd12aa,False,uncertain,not_semantically_reviewed,No semantic component/background assignment inferred from position or distance; padding_center is separate geometric proxy.
512,2011,1d9cb2be975171a54fb95c1c,False,uncertain,not_semantically_reviewed,No semantic component/background assignment inferred from position or distance; padding_center is separate geometric proxy.
512,579,f01c727dc745da31a592efa9,False,uncertain,not_semantically_reviewed,No semantic component/background assignment inferred from position or distance; padding_center is separate geometric proxy.
512,904,95360633a263e67da1d00ee7,False,uncertain,not_semantically_reviewed,No semantic component/background assignment inferred from position or distance; padding_center is separate geometric proxy.
512,3865,56f9f2e5af9215d836af847a,False,uncertain,not_semantically_reviewed,No semantic component/background assignment inferred from position or distance; padding_center is separate geometric proxy.
512,3631,d4932a350dba9b84741ad3c8,False,uncertain,not_semantically_reviewed,No semantic component/background assignment inferred from position or distance; padding_center is separate geometric proxy.
512,1650,1844fefcb7366ba42d363bb3,False,uncertain,not_semantically_reviewed,No semantic component/background assignment inferred from position or distance; padding_center is separate geometric proxy.
512,1524,d602999b8e479c0793a28343,False,uncertain,not_semantically_reviewed,No semantic component/background assignment inferred from position or distance; padding_center is separate geometric proxy.
512,1796,745062a06e1ba8cc958dbad9,False,uncertain,not_semantically_reviewed,No semantic component/background assignment inferred from position or distance; padding_center is separate geometric proxy.
512,2924,38f756ced54f06aaf28227f0,False,uncertain,not_semantically_reviewed,No semantic component/background assignment inferred from position or distance; padding_center is separate geometric proxy.
512,650,6e27bd35475fc44cb8ed2f15,False,uncertain,not_semantically_reviewed,No semantic component/background assignment inferred from position or distance; padding_center is separate geometric proxy.
512,2547,89c5720e09cc8adbb2278ca8,False,uncertain,not_semantically_reviewed,No semantic component/background assignment inferred from position or distance; padding_center is separate geometric proxy.
512,1733,fd4e2bfc1111ea48b494e402,False,uncertain,not_semantically_reviewed,No semantic component/background assignment inferred from position or distance; padding_center is separate geometric proxy.
512,1833,5bcde2503bb5c693ffaf38f1,False,uncertain,not_semantically_reviewed,No semantic component/background assignment inferred from position or distance; padding_center is separate geometric proxy.
512,448,6e2efbafb29a453dc464dd7b,False,uncertain,not_semantically_reviewed,No semantic component/background assignment inferred from position or distance; padding_center is separate geometric proxy.
512,3186,94ba7b6ade3b906ec1c3ebcb,False,uncertain,not_semantically_reviewed,No semantic component/background assignment inferred from position or distance; padding_center is separate geometric proxy.
512,4019,102663e26f80a48564cc609f,False,uncertain,not_semantically_reviewed,No semantic component/background assignment inferred from position or distance; padding_center is separate geometric proxy.
512,1311,3c5e07ed447124ae1994b8e7,False,uncertain,not_semantically_reviewed,No semantic component/background assignment inferred from position or distance; padding_center is separate geometric proxy.
512,553,89c5720e09cc8adbb2278ca8,False,uncertain,not_semantically_reviewed,No semantic component/background assignment inferred from position or distance; padding_center is separate geometric proxy.
512,3790,d23b085ff7689b51dcc4805b,False,uncertain,not_semantically_reviewed,No semantic component/background assignment inferred from position or distance; padding_center is separate geometric proxy.
512,1031,2d7f5f90a36f30e0096a3e8b,False,uncertain,not_semantically_reviewed,No semantic component/background assignment inferred from position or distance; padding_center is separate geometric proxy.
512,2389,38f756ced54f06aaf28227f0,False,uncertain,not_semantically_reviewed,No semantic component/background assignment inferred from position or distance; padding_center is separate geometric proxy.
512,1972,2e9fd00466fa648afac15ac8,False,uncertain,not_semantically_reviewed,No semantic component/background assignment inferred from position or distance; padding_center is separate geometric proxy.
512,3343,fd2430b8ee151628a4b18c1d,False,uncertain,not_semantically_reviewed,No semantic component/background assignment inferred from position or distance; padding_center is separate geometric proxy.
512,879,2214a9176a7102e6ca3472f0,False,uncertain,not_semantically_reviewed,No semantic component/background assignment inferred from position or distance; padding_center is separate geometric proxy.
512,1898,38f756ced54f06aaf28227f0,False,uncertain,not_semantically_reviewed,No semantic component/background assignment inferred from position or distance; padding_center is separate geometric proxy.
512,1537,577e306a2e950842cc7e0b3b,False,uncertain,not_semantically_reviewed,No semantic component/background assignment inferred from position or distance; padding_center is separate geometric proxy.
512,1230,6a33d51ff178335de31decc6,False,uncertain,not_semantically_reviewed,No semantic component/background assignment inferred from position or distance; padding_center is separate geometric proxy.
512,3331,963f48af8e1e7d6b67d5bc9e,False,uncertain,not_semantically_reviewed,No semantic component/background assignment inferred from position or distance; padding_center is separate geometric proxy.
512,911,f18d9fcdfa2282a3b6ad2aa8,False,uncertain,not_semantically_reviewed,No semantic component/background assignment inferred from position or distance; padding_center is separate geometric proxy.
512,3148,2d7f5f90a36f30e0096a3e8b,False,uncertain,not_semantically_reviewed,No semantic component/background assignment inferred from position or distance; padding_center is separate geometric proxy.
512,485,838c0e27eb13fae09a38d163,False,uncertain,not_semantically_reviewed,No semantic component/background assignment inferred from position or distance; padding_center is separate geometric proxy.
512,678,18bdd05b85f8030805542307,False,uncertain,not_semantically_reviewed,No semantic component/background assignment inferred from position or distance; padding_center is separate geometric proxy.
512,3371,16b0fac2884314e1383d6754,False,uncertain,not_semantically_reviewed,No semantic component/background assignment inferred from position or distance; padding_center is separate geometric proxy.
512,298,4dc8d3119ac06b59ca06d65a,False,uncertain,not_semantically_reviewed,No semantic component/background assignment inferred from position or distance; padding_center is separate geometric proxy.
512,4025,2214a9176a7102e6ca3472f0,False,uncertain,not_semantically_reviewed,No semantic component/background assignment inferred from position or distance; padding_center is separate geometric proxy.
512,3719,5bcde2503bb5c693ffaf38f1,False,uncertain,not_semantically_reviewed,No semantic component/background assignment inferred from position or distance; padding_center is separate geometric proxy.
512,3695,8682d1656525ffaf19b55b85,False,uncertain,not_semantically_reviewed,No semantic component/background assignment inferred from position or distance; padding_center is separate geometric proxy.
512,2525,2fbb329a34a08f0474ba271f,False,uncertain,not_semantically_reviewed,No semantic component/background assignment inferred from position or distance; padding_center is separate geometric proxy.
512,2881,39887316da7c5f8c5bf8c589,False,uncertain,not_semantically_reviewed,No semantic component/background assignment inferred from position or distance; padding_center is separate geometric proxy.
512,3191,3eae75012bae37b2cbc1664a,False,uncertain,not_semantically_reviewed,No semantic component/background assignment inferred from position or distance; padding_center is separate geometric proxy.
512,2442,6791f6649b9ca79b8b6ebb30,False,uncertain,not_semantically_reviewed,No semantic component/background assignment inferred from position or distance; padding_center is separate geometric proxy.
512,1579,6dc8a9fd69394147248823c3,False,uncertain,not_semantically_reviewed,No semantic component/background assignment inferred from position or distance; padding_center is separate geometric proxy.
512,2171,2db606b5eb3782f7a77bfbde,False,uncertain,not_semantically_reviewed,No semantic component/background assignment inferred from position or distance; padding_center is separate geometric proxy.
512,3581,be6ebaae0a4d131091ef07a9,False,uncertain,not_semantically_reviewed,No semantic component/background assignment inferred from position or distance; padding_center is separate geometric proxy.
512,1610,4b4b8a8b741d6f6b1bb77a85,False,uncertain,not_semantically_reviewed,No semantic component/background assignment inferred from position or distance; padding_center is separate geometric proxy.
512,3570,97492afa452815a66c123f50,False,uncertain,not_semantically_reviewed,No semantic component/background assignment inferred from position or distance; padding_center is separate geometric proxy.
512,3951,ccf56c81e5602eb5f8a3a46f,False,uncertain,not_semantically_reviewed,No semantic component/background assignment inferred from position or distance; padding_center is separate geometric proxy.
512,1602,56f9f2e5af9215d836af847a,False,uncertain,not_semantically_reviewed,No semantic component/background assignment inferred from position or distance; padding_center is separate geometric proxy.
512,2076,fb7a06aabef47b95703f7096,False,uncertain,not_semantically_reviewed,No semantic component/background assignment inferred from position or distance; padding_center is separate geometric proxy.
512,1860,51175d44934be4581a9f4b97,False,uncertain,not_semantically_reviewed,No semantic component/background assignment inferred from position or distance; padding_center is separate geometric proxy.
512,571,a614ab4df91a7205f34429c6,False,uncertain,not_semantically_reviewed,No semantic component/background assignment inferred from position or distance; padding_center is separate geometric proxy.
512,884,d8893f3a76156d238b88fc70,False,uncertain,not_semantically_reviewed,No semantic component/background assignment inferred from position or distance; padding_center is separate geometric proxy.
512,3461,1cba8d93f940185037702633,False,uncertain,not_semantically_reviewed,No semantic component/background assignment inferred from position or distance; padding_center is separate geometric proxy.
512,1079,f5d2ec1040dadd7428895d46,False,uncertain,not_semantically_reviewed,No semantic component/background assignment inferred from position or distance; padding_center is separate geometric proxy.
512,2753,a85b8f4d5500cae41064cdb7,False,uncertain,not_semantically_reviewed,No semantic component/background assignment inferred from position or distance; padding_center is separate geometric proxy.
512,667,ab724f399489bf66138904f4,False,uncertain,not_semantically_reviewed,No semantic component/background assignment inferred from position or distance; padding_center is separate geometric proxy.
512,3487,d8893f3a76156d238b88fc70,False,uncertain,not_semantically_reviewed,No semantic component/background assignment inferred from position or distance; padding_center is separate geometric proxy.
512,2864,fa42326a2355fea8534b8965,False,uncertain,not_semantically_reviewed,No semantic component/background assignment inferred from position or distance; padding_center is separate geometric proxy.
512,4087,682557b5ae2e3f96bdd6b93f,False,uncertain,not_semantically_reviewed,No semantic component/background assignment inferred from position or distance; padding_center is separate geometric proxy.
512,3604,1bcaa86fa604bcc293ebddb0,False,uncertain,not_semantically_reviewed,No semantic component/background assignment inferred from position or distance; padding_center is separate geometric proxy.
512,3273,ee83730bd28ade0b7d66d916,False,uncertain,not_semantically_reviewed,No semantic component/background assignment inferred from position or distance; padding_center is separate geometric proxy.
512,1872,66d10c1a1a2e920f3353605b,False,uncertain,not_semantically_reviewed,No semantic component/background assignment inferred from position or distance; padding_center is separate geometric proxy.
512,1607,ab724f399489bf66138904f4,False,uncertain,not_semantically_reviewed,No semantic component/background assignment inferred from position or distance; padding_center is separate geometric proxy.
512,1550,7d79606700d0aef327681d62,False,uncertain,not_semantically_reviewed,No semantic component/background assignment inferred from position or distance; padding_center is separate geometric proxy.
512,3864,05b629a925176bfd19da1356,False,uncertain,not_semantically_reviewed,No semantic component/background assignment inferred from position or distance; padding_center is separate geometric proxy.
512,349,a17e0ba4778eef07cbf3a8fb,False,uncertain,not_semantically_reviewed,No semantic component/background assignment inferred from position or distance; padding_center is separate geometric proxy.
512,1848,4c7ebec199ba9cbea02ba2e3,False,uncertain,not_semantically_reviewed,No semantic component/background assignment inferred from position or distance; padding_center is separate geometric proxy.
512,607,05b629a925176bfd19da1356,False,uncertain,not_semantically_reviewed,No semantic component/background assignment inferred from position or distance; padding_center is separate geometric proxy.
512,2390,e937b5b7a5273fc864ee64e1,False,uncertain,not_semantically_reviewed,No semantic component/background assignment inferred from position or distance; padding_center is separate geometric proxy.
512,30,a8c2ef44f6ce442f4d507c77,False,uncertain,not_semantically_reviewed,No semantic component/background assignment inferred from position or distance; padding_center is separate geometric proxy.
512,1534,53553f400f2058be52468beb,False,uncertain,not_semantically_reviewed,No semantic component/background assignment inferred from position or distance; padding_center is separate geometric proxy.
512,1864,9fe445512fa237026af20b61,False,uncertain,not_semantically_reviewed,No semantic component/background assignment inferred from position or distance; padding_center is separate geometric proxy.
512,1532,3f878bbef72af5608097eed1,False,uncertain,not_semantically_reviewed,No semantic component/background assignment inferred from position or distance; padding_center is separate geometric proxy.
512,744,66b007b118c0f706871e39e2,False,uncertain,not_semantically_reviewed,No semantic component/background assignment inferred from position or distance; padding_center is separate geometric proxy.
512,2853,5f958a67a461a12163dd611a,False,uncertain,not_semantically_reviewed,No semantic component/background assignment inferred from position or distance; padding_center is separate geometric proxy.
512,2677,9fd931e296c23b935c80a2db,False,uncertain,not_semantically_reviewed,No semantic component/background assignment inferred from position or distance; padding_center is separate geometric proxy.
512,2574,d1e231159824f7a79ef4d5e2,False,uncertain,not_semantically_reviewed,No semantic component/background assignment inferred from position or distance; padding_center is separate geometric proxy.
512,3873,4665969bbaacc0e03564a0b5,False,uncertain,not_semantically_reviewed,No semantic component/background assignment inferred from position or distance; padding_center is separate geometric proxy.
512,711,97178ba8ff37f79be8d05cb6,False,uncertain,not_semantically_reviewed,No semantic component/background assignment inferred from position or distance; padding_center is separate geometric proxy.
512,3408,2d232dbda80155a5597435da,False,uncertain,not_semantically_reviewed,No semantic component/background assignment inferred from position or distance; padding_center is separate geometric proxy.
512,2083,7d530f82804bd5827f7d06d5,False,uncertain,not_semantically_reviewed,No semantic component/background assignment inferred from position or distance; padding_center is separate geometric proxy.
512,2669,94ba7b6ade3b906ec1c3ebcb,False,uncertain,not_semantically_reviewed,No semantic component/background assignment inferred from position or distance; padding_center is separate geometric proxy.
512,2276,45c2b928b082147ebac543f6,False,uncertain,not_semantically_reviewed,No semantic component/background assignment inferred from position or distance; padding_center is separate geometric proxy.
512,1531,9052050bccc72553c66e8144,False,uncertain,not_semantically_reviewed,No semantic component/background assignment inferred from position or distance; padding_center is separate geometric proxy.
512,3928,d3a5f8bf7739e1c3d5b54614,False,uncertain,not_semantically_reviewed,No semantic component/background assignment inferred from position or distance; padding_center is separate geometric proxy.
512,2697,9a8a356dc70914ddb654a576,False,uncertain,not_semantically_reviewed,No semantic component/background assignment inferred from position or distance; padding_center is separate geometric proxy.
512,3535,96cffa1f95e03ab0d2337cd9,False,uncertain,not_semantically_reviewed,No semantic component/background assignment inferred from position or distance; padding_center is separate geometric proxy.
512,1159,816bd32e6af258821450f1f6,False,uncertain,not_semantically_reviewed,No semantic component/background assignment inferred from position or distance; padding_center is separate geometric proxy.
512,3736,4665969bbaacc0e03564a0b5,False,uncertain,not_semantically_reviewed,No semantic component/background assignment inferred from position or distance; padding_center is separate geometric proxy.
512,1357,e242ffcf72bc34f118ad3b08,False,uncertain,not_semantically_reviewed,No semantic component/background assignment inferred from position or distance; padding_center is separate geometric proxy.
512,3105,71e172b953d23eba9b7b5a2a,False,uncertain,not_semantically_reviewed,No semantic component/background assignment inferred from position or distance; padding_center is separate geometric proxy.
512,388,c7ee197309993fe770fe3b77,False,uncertain,not_semantically_reviewed,No semantic component/background assignment inferred from position or distance; padding_center is separate geometric proxy.
512,1035,56abb3edb284c2344e16fc3c,False,uncertain,not_semantically_reviewed,No semantic component/background assignment inferred from position or distance; padding_center is separate geometric proxy.
512,42,20ff5c4cb6790d5e8a299f16,False,uncertain,not_semantically_reviewed,No semantic component/background assignment inferred from position or distance; padding_center is separate geometric proxy.
512,3582,8f6fbfd2fcc60504ec689e6c,False,uncertain,not_semantically_reviewed,No semantic component/background assignment inferred from position or distance; padding_center is separate geometric proxy.
512,2472,1326fa12b1d2547c7553b237,False,uncertain,not_semantically_reviewed,No semantic component/background assignment inferred from position or distance; padding_center is separate geometric proxy.
512,993,53553f400f2058be52468beb,False,uncertain,not_semantically_reviewed,No semantic component/background assignment inferred from position or distance; padding_center is separate geometric proxy.
512,2341,a626ddea82058ff3ee702c26,False,uncertain,not_semantically_reviewed,No semantic component/background assignment inferred from position or distance; padding_center is separate geometric proxy.
512,3742,16b0fac2884314e1383d6754,False,uncertain,not_semantically_reviewed,No semantic component/background assignment inferred from position or distance; padding_center is separate geometric proxy.
512,1680,d8be0033ff7b478a79cc5965,False,uncertain,not_semantically_reviewed,No semantic component/background assignment inferred from position or distance; padding_center is separate geometric proxy.
512,964,97178ba8ff37f79be8d05cb6,False,uncertain,not_semantically_reviewed,No semantic component/background assignment inferred from position or distance; padding_center is separate geometric proxy.
512,2961,cdbfcd2b080f9ca9ec20c7df,False,uncertain,not_semantically_reviewed,No semantic component/background assignment inferred from position or distance; padding_center is separate geometric proxy.
512,2088,f7ab54038434a0fb639afdd3,False,uncertain,not_semantically_reviewed,No semantic component/background assignment inferred from position or distance; padding_center is separate geometric proxy.
512,3094,341bda6eed5f4e8ac5903152,False,uncertain,not_semantically_reviewed,No semantic component/background assignment inferred from position or distance; padding_center is separate geometric proxy.
512,519,4ba9cb9a1f838882aceda47d,False,uncertain,not_semantically_reviewed,No semantic component/background assignment inferred from position or distance; padding_center is separate geometric proxy.
512,227,b85de907e22280ce106c071c,False,uncertain,not_semantically_reviewed,No semantic component/background assignment inferred from position or distance; padding_center is separate geometric proxy.
512,1791,a2b0545a6deb48e57bb709a2,False,uncertain,not_semantically_reviewed,No semantic component/background assignment inferred from position or distance; padding_center is separate geometric proxy.
512,3838,736baaa0fc8d39ce48febcb6,False,uncertain,not_semantically_reviewed,No semantic component/background assignment inferred from position or distance; padding_center is separate geometric proxy.
512,1616,a17e0ba4778eef07cbf3a8fb,False,uncertain,not_semantically_reviewed,No semantic component/background assignment inferred from position or distance; padding_center is separate geometric proxy.
512,3165,4c7ebec199ba9cbea02ba2e3,False,uncertain,not_semantically_reviewed,No semantic component/background assignment inferred from position or distance; padding_center is separate geometric proxy.
512,162,8863cf8ce2b243b58bb78daf,False,uncertain,not_semantically_reviewed,No semantic component/background assignment inferred from position or distance; padding_center is separate geometric proxy.
512,2123,2cf8cce88069ba0b3f1a6ec3,False,uncertain,not_semantically_reviewed,No semantic component/background assignment inferred from position or distance; padding_center is separate geometric proxy.
512,3345,0eaf2d19aa0c775d62a83644,False,uncertain,not_semantically_reviewed,No semantic component/background assignment inferred from position or distance; padding_center is separate geometric proxy.
512,1353,736baaa0fc8d39ce48febcb6,False,uncertain,not_semantically_reviewed,No semantic component/background assignment inferred from position or distance; padding_center is separate geometric proxy.
512,326,18bdd05b85f8030805542307,False,uncertain,not_semantically_reviewed,No semantic component/background assignment inferred from position or distance; padding_center is separate geometric proxy.
512,1865,06076aa4ee79cdfe208a650e,False,uncertain,not_semantically_reviewed,No semantic component/background assignment inferred from position or distance; padding_center is separate geometric proxy.
512,1386,b797141e90d5975ca6eb24ff,False,uncertain,not_semantically_reviewed,No semantic component/background assignment inferred from position or distance; padding_center is separate geometric proxy.
512,2743,e937b5b7a5273fc864ee64e1,False,uncertain,not_semantically_reviewed,No semantic component/background assignment inferred from position or distance; padding_center is separate geometric proxy.
512,3859,2195b9a0e1359435a2584500,False,uncertain,not_semantically_reviewed,No semantic component/background assignment inferred from position or distance; padding_center is separate geometric proxy.
512,3900,abdbe0b50e7e46cdcd767f98,False,uncertain,not_semantically_reviewed,No semantic component/background assignment inferred from position or distance; padding_center is separate geometric proxy.
512,1960,89c5720e09cc8adbb2278ca8,False,uncertain,not_semantically_reviewed,No semantic component/background assignment inferred from position or distance; padding_center is separate geometric proxy.
512,3696,7d530f82804bd5827f7d06d5,False,uncertain,not_semantically_reviewed,No semantic component/background assignment inferred from position or distance; padding_center is separate geometric proxy.
512,3482,0e99ffa8f06c7a68057e9f19,False,uncertain,not_semantically_reviewed,No semantic component/background assignment inferred from position or distance; padding_center is separate geometric proxy.
512,1751,dd165541fbc074981d278ca8,False,uncertain,not_semantically_reviewed,No semantic component/background assignment inferred from position or distance; padding_center is separate geometric proxy.
512,2503,772ca7380c6ef905c50a98b0,False,uncertain,not_semantically_reviewed,No semantic component/background assignment inferred from position or distance; padding_center is separate geometric proxy.
512,1337,7865271a8a6ac130c7e55bd5,False,uncertain,not_semantically_reviewed,No semantic component/background assignment inferred from position or distance; padding_center is separate geometric proxy.
512,2134,a14cef6698ded057d17c4a65,False,uncertain,not_semantically_reviewed,No semantic component/background assignment inferred from position or distance; padding_center is separate geometric proxy.
512,2519,ccd21b822082f2aa58411062,False,uncertain,not_semantically_reviewed,No semantic component/background assignment inferred from position or distance; padding_center is separate geometric proxy.
512,3921,d09f70c5c98778c8f04627bc,False,uncertain,not_semantically_reviewed,No semantic component/background assignment inferred from position or distance; padding_center is separate geometric proxy.
512,328,fc73f20a80be611a6bc12640,False,uncertain,not_semantically_reviewed,No semantic component/background assignment inferred from position or distance; padding_center is separate geometric proxy.
512,1274,d317d011cacc00508fbd6099,False,uncertain,not_semantically_reviewed,No semantic component/background assignment inferred from position or distance; padding_center is separate geometric proxy.
512,1333,f3ab3668841a39a487fb092d,False,uncertain,not_semantically_reviewed,No semantic component/background assignment inferred from position or distance; padding_center is separate geometric proxy.
512,2383,8069600c7d77cc9c241150c9,False,uncertain,not_semantically_reviewed,No semantic component/background assignment inferred from position or distance; padding_center is separate geometric proxy.
512,647,14d604ef2597847aa09fa2ae,False,uncertain,not_semantically_reviewed,No semantic component/background assignment inferred from position or distance; padding_center is separate geometric proxy.
512,3584,14f6a0c3392df9da95bb6c4c,False,uncertain,not_semantically_reviewed,No semantic component/background assignment inferred from position or distance; padding_center is separate geometric proxy.
512,2798,078eaae5270ec7de043ba802,False,uncertain,not_semantically_reviewed,No semantic component/background assignment inferred from position or distance; padding_center is separate geometric proxy.
512,2431,078eaae5270ec7de043ba802,False,uncertain,not_semantically_reviewed,No semantic component/background assignment inferred from position or distance; padding_center is separate geometric proxy.
512,2665,7ff10d5fa9617322c74f0a6b,False,uncertain,not_semantically_reviewed,No semantic component/background assignment inferred from position or distance; padding_center is separate geometric proxy.
512,674,2adc2b219e02a58946be06ef,False,uncertain,not_semantically_reviewed,No semantic component/background assignment inferred from position or distance; padding_center is separate geometric proxy.
512,1126,4665969bbaacc0e03564a0b5,False,uncertain,not_semantically_reviewed,No semantic component/background assignment inferred from position or distance; padding_center is separate geometric proxy.
512,78,5c59499c183f6a71dd770ba6,False,uncertain,not_semantically_reviewed,No semantic component/background assignment inferred from position or distance; padding_center is separate geometric proxy.
512,1520,3e988861d357da3578512243,False,uncertain,not_semantically_reviewed,No semantic component/background assignment inferred from position or distance; padding_center is separate geometric proxy.
512,1049,39a90dd38ab3f71ef7c0ac36,False,uncertain,not_semantically_reviewed,No semantic component/background assignment inferred from position or distance; padding_center is separate geometric proxy.
512,2249,aaa56edfa2f1c45d67d88d62,False,uncertain,not_semantically_reviewed,No semantic component/background assignment inferred from position or distance; padding_center is separate geometric proxy.
512,286,a9882ba5f6abddd4efe9e3a9,False,uncertain,not_semantically_reviewed,No semantic component/background assignment inferred from position or distance; padding_center is separate geometric proxy.
512,386,fd2430b8ee151628a4b18c1d,False,uncertain,not_semantically_reviewed,No semantic component/background assignment inferred from position or distance; padding_center is separate geometric proxy.
512,3221,fc73f20a80be611a6bc12640,False,uncertain,not_semantically_reviewed,No semantic component/background assignment inferred from position or distance; padding_center is separate geometric proxy.
512,3815,d8be0033ff7b478a79cc5965,False,uncertain,not_semantically_reviewed,No semantic component/background assignment inferred from position or distance; padding_center is separate geometric proxy.
512,1877,9958e07889a24c816b55dfd0,False,uncertain,not_semantically_reviewed,No semantic component/background assignment inferred from position or distance; padding_center is separate geometric proxy.
512,4066,5c15ccf66b55ebcefa392ce3,False,uncertain,not_semantically_reviewed,No semantic component/background assignment inferred from position or distance; padding_center is separate geometric proxy.
512,2474,067b9572e3a74a95bade581f,False,uncertain,not_semantically_reviewed,No semantic component/background assignment inferred from position or distance; padding_center is separate geometric proxy.
512,2115,79bc2e4e01676ea5281bcec0,False,uncertain,not_semantically_reviewed,No semantic component/background assignment inferred from position or distance; padding_center is separate geometric proxy.
512,514,1061ec3ba29886b2060ea2a9,False,uncertain,not_semantically_reviewed,No semantic component/background assignment inferred from position or distance; padding_center is separate geometric proxy.
512,2880,84085310ca1360c7c2b4367a,False,uncertain,not_semantically_reviewed,No semantic component/background assignment inferred from position or distance; padding_center is separate geometric proxy.
512,3982,eb04afef9b1b9923e7faabaf,False,uncertain,not_semantically_reviewed,No semantic component/background assignment inferred from position or distance; padding_center is separate geometric proxy.
512,3137,816bd32e6af258821450f1f6,False,uncertain,not_semantically_reviewed,No semantic component/background assignment inferred from position or distance; padding_center is separate geometric proxy.
512,1363,b9526745b0c99106496a464f,False,uncertain,not_semantically_reviewed,No semantic component/background assignment inferred from position or distance; padding_center is separate geometric proxy.
512,3869,82682fb34aad94edccaf5aa4,False,uncertain,not_semantically_reviewed,No semantic component/background assignment inferred from position or distance; padding_center is separate geometric proxy.
512,111,39a90dd38ab3f71ef7c0ac36,False,uncertain,not_semantically_reviewed,No semantic component/background assignment inferred from position or distance; padding_center is separate geometric proxy.
512,2702,8a741e49868bfba12a9e45a0,False,uncertain,not_semantically_reviewed,No semantic component/background assignment inferred from position or distance; padding_center is separate geometric proxy.
512,272,0161225fef57b7ce6ba4e2f9,False,uncertain,not_semantically_reviewed,No semantic component/background assignment inferred from position or distance; padding_center is separate geometric proxy.
512,681,8863cf8ce2b243b58bb78daf,False,uncertain,not_semantically_reviewed,No semantic component/background assignment inferred from position or distance; padding_center is separate geometric proxy.
512,1012,7dadd00de53eaf25d2e2c3ff,False,uncertain,not_semantically_reviewed,No semantic component/background assignment inferred from position or distance; padding_center is separate geometric proxy.
512,1305,907be88c00be9a37e6fffdf9,False,uncertain,not_semantically_reviewed,No semantic component/background assignment inferred from position or distance; padding_center is separate geometric proxy.
512,2886,5f958a67a461a12163dd611a,False,uncertain,not_semantically_reviewed,No semantic component/background assignment inferred from position or distance; padding_center is separate geometric proxy.
512,274,9b93c9d152fcf59e8aa8e077,False,uncertain,not_semantically_reviewed,No semantic component/background assignment inferred from position or distance; padding_center is separate geometric proxy.
512,2746,063f4dd86e1b0211f741d57a,False,uncertain,not_semantically_reviewed,No semantic component/background assignment inferred from position or distance; padding_center is separate geometric proxy.
512,442,a863c9813c83ed2e5086e6f1,False,uncertain,not_semantically_reviewed,No semantic component/background assignment inferred from position or distance; padding_center is separate geometric proxy.
512,2368,82682fb34aad94edccaf5aa4,False,uncertain,not_semantically_reviewed,No semantic component/background assignment inferred from position or distance; padding_center is separate geometric proxy.
512,231,dbc6731e5f46123310a69ffd,False,uncertain,not_semantically_reviewed,No semantic component/background assignment inferred from position or distance; padding_center is separate geometric proxy.
512,3751,1e0ffefcfdd517c97c69ba7b,False,uncertain,not_semantically_reviewed,No semantic component/background assignment inferred from position or distance; padding_center is separate geometric proxy.
512,1559,66adfe65b3d9331a5da888c9,False,uncertain,not_semantically_reviewed,No semantic component/background assignment inferred from position or distance; padding_center is separate geometric proxy.
512,567,a17e0ba4778eef07cbf3a8fb,False,uncertain,not_semantically_reviewed,No semantic component/background assignment inferred from position or distance; padding_center is separate geometric proxy.
512,1285,02ffc1eeb54c049fd65b4627,False,uncertain,not_semantically_reviewed,No semantic component/background assignment inferred from position or distance; padding_center is separate geometric proxy.
512,2367,a17e0ba4778eef07cbf3a8fb,False,uncertain,not_semantically_reviewed,No semantic component/background assignment inferred from position or distance; padding_center is separate geometric proxy.
512,3255,f18d9fcdfa2282a3b6ad2aa8,False,uncertain,not_semantically_reviewed,No semantic component/background assignment inferred from position or distance; padding_center is separate geometric proxy.
512,1522,4b4b8a8b741d6f6b1bb77a85,False,uncertain,not_semantically_reviewed,No semantic component/background assignment inferred from position or distance; padding_center is separate geometric proxy.
512,1147,9fb46ec42ed54096e8cf5f17,False,uncertain,not_semantically_reviewed,No semantic component/background assignment inferred from position or distance; padding_center is separate geometric proxy.
512,169,4543b64f24e19620ddfe58fe,False,uncertain,not_semantically_reviewed,No semantic component/background assignment inferred from position or distance; padding_center is separate geometric proxy.
512,3730,dfa76a8c21b877080895d047,False,uncertain,not_semantically_reviewed,No semantic component/background assignment inferred from position or distance; padding_center is separate geometric proxy.
512,2595,b906f45e3df48b0c353a24ed,False,uncertain,not_semantically_reviewed,No semantic component/background assignment inferred from position or distance; padding_center is separate geometric proxy.
512,3895,488bd8045c660b3964c2e1a2,False,uncertain,not_semantically_reviewed,No semantic component/background assignment inferred from position or distance; padding_center is separate geometric proxy.
512,2682,b4cd2a6e3103a666c330b5fc,False,uncertain,not_semantically_reviewed,No semantic component/background assignment inferred from position or distance; padding_center is separate geometric proxy.
512,2445,d49d42a8254910de87c125a4,False,uncertain,not_semantically_reviewed,No semantic component/background assignment inferred from position or distance; padding_center is separate geometric proxy.
512,624,72ac6b38b6693e5fc323e6d7,False,uncertain,not_semantically_reviewed,No semantic component/background assignment inferred from position or distance; padding_center is separate geometric proxy.
512,2017,20cf9b53ea244f2a77bc7d41,False,uncertain,not_semantically_reviewed,No semantic component/background assignment inferred from position or distance; padding_center is separate geometric proxy.
512,2973,8a741e49868bfba12a9e45a0,False,uncertain,not_semantically_reviewed,No semantic component/background assignment inferred from position or distance; padding_center is separate geometric proxy.
512,1615,5de687b7a3586a55713120f9,False,uncertain,not_semantically_reviewed,No semantic component/background assignment inferred from position or distance; padding_center is separate geometric proxy.
512,1914,c7633ba2b0624fc95a5a5341,False,uncertain,not_semantically_reviewed,No semantic component/background assignment inferred from position or distance; padding_center is separate geometric proxy.
512,3256,5fc1aadc9e2e9f7d4a76bdd4,False,uncertain,not_semantically_reviewed,No semantic component/background assignment inferred from position or distance; padding_center is separate geometric proxy.
512,2967,c3c53608557237a3987b79e4,False,uncertain,not_semantically_reviewed,No semantic component/background assignment inferred from position or distance; padding_center is separate geometric proxy.
512,882,952e25a8dcd8ce6055472946,False,uncertain,not_semantically_reviewed,No semantic component/background assignment inferred from position or distance; padding_center is separate geometric proxy.
512,1493,c6175a761ad4823c6ccf1423,False,uncertain,not_semantically_reviewed,No semantic component/background assignment inferred from position or distance; padding_center is separate geometric proxy.
512,3158,3145cb9ae6c92469f05d2c3a,False,uncertain,not_semantically_reviewed,No semantic component/background assignment inferred from position or distance; padding_center is separate geometric proxy.
512,661,b584411aa36a75c87774c596,False,uncertain,not_semantically_reviewed,No semantic component/background assignment inferred from position or distance; padding_center is separate geometric proxy.
512,1495,450e8df956ee04062e45d89e,False,uncertain,not_semantically_reviewed,No semantic component/background assignment inferred from position or distance; padding_center is separate geometric proxy.
512,3708,1ab50a979f605f4f4dd51494,False,uncertain,not_semantically_reviewed,No semantic component/background assignment inferred from position or distance; padding_center is separate geometric proxy.
512,773,97178ba8ff37f79be8d05cb6,False,uncertain,not_semantically_reviewed,No semantic component/background assignment inferred from position or distance; padding_center is separate geometric proxy.
512,1816,f4b41463bd280c09530fb8d5,False,uncertain,not_semantically_reviewed,No semantic component/background assignment inferred from position or distance; padding_center is separate geometric proxy.
512,3219,f5fd54bef0452118ba626eb5,False,uncertain,not_semantically_reviewed,No semantic component/background assignment inferred from position or distance; padding_center is separate geometric proxy.
512,3626,58133cd36d4de1c8fbea2575,False,uncertain,not_semantically_reviewed,No semantic component/background assignment inferred from position or distance; padding_center is separate geometric proxy.
512,3464,f3ab3668841a39a487fb092d,False,uncertain,not_semantically_reviewed,No semantic component/background assignment inferred from position or distance; padding_center is separate geometric proxy.
512,2910,a9882ba5f6abddd4efe9e3a9,False,uncertain,not_semantically_reviewed,No semantic component/background assignment inferred from position or distance; padding_center is separate geometric proxy.
512,1596,a8c2ef44f6ce442f4d507c77,False,uncertain,not_semantically_reviewed,No semantic component/background assignment inferred from position or distance; padding_center is separate geometric proxy.
512,241,99d31b5ee8588de7092eec14,False,uncertain,not_semantically_reviewed,No semantic component/background assignment inferred from position or distance; padding_center is separate geometric proxy.
512,1788,e1f9b73f0e97bbc50bbf5d91,False,uncertain,not_semantically_reviewed,No semantic component/background assignment inferred from position or distance; padding_center is separate geometric proxy.
512,2670,2eef98a9d346928b836efe63,False,uncertain,not_semantically_reviewed,No semantic component/background assignment inferred from position or distance; padding_center is separate geometric proxy.
512,2981,4543b64f24e19620ddfe58fe,False,uncertain,not_semantically_reviewed,No semantic component/background assignment inferred from position or distance; padding_center is separate geometric proxy.
512,2536,0a4ecb1e7208c018c987723b,False,uncertain,not_semantically_reviewed,No semantic component/background assignment inferred from position or distance; padding_center is separate geometric proxy.
512,404,8e46c5ffa65a69e217cfbaed,False,uncertain,not_semantically_reviewed,No semantic component/background assignment inferred from position or distance; padding_center is separate geometric proxy.
512,2596,f756bde9ffb095b387193187,False,uncertain,not_semantically_reviewed,No semantic component/background assignment inferred from position or distance; padding_center is separate geometric proxy.
512,1163,5f958a67a461a12163dd611a,False,uncertain,not_semantically_reviewed,No semantic component/background assignment inferred from position or distance; padding_center is separate geometric proxy.
512,1037,23c5900b7e57117a3f69a3e8,False,uncertain,not_semantically_reviewed,No semantic component/background assignment inferred from position or distance; padding_center is separate geometric proxy.
512,952,e0b899fd61dbe99f13611570,False,uncertain,not_semantically_reviewed,No semantic component/background assignment inferred from position or distance; padding_center is separate geometric proxy.
512,1910,475d3a39b0f5bde6f2638d17,False,uncertain,not_semantically_reviewed,No semantic component/background assignment inferred from position or distance; padding_center is separate geometric proxy.
512,888,58133cd36d4de1c8fbea2575,False,uncertain,not_semantically_reviewed,No semantic component/background assignment inferred from position or distance; padding_center is separate geometric proxy.
512,316,73cd7731bfdf8ff0623d2222,False,uncertain,not_semantically_reviewed,No semantic component/background assignment inferred from position or distance; padding_center is separate geometric proxy.
512,2945,6e27bd35475fc44cb8ed2f15,False,uncertain,visually_reviewed_selected_trace,Full source plus3x3gridcell context; redcenter. Component=visible package/body centered; emptyboard=unpopulated blue substrate centered; mixed/boundary/lowdetail=uncertain. This is not receptivefield or semantic correspondence.
512,3092,4ba9cb9a1f838882aceda47d,False,uncertain,not_semantically_reviewed,No semantic component/background assignment inferred from position or distance; padding_center is separate geometric proxy.
512,2081,0726fc7b3dbfa39abe4d246a,False,uncertain,visually_reviewed_selected_trace,Full source plus3x3gridcell context; redcenter. Component=visible package/body centered; emptyboard=unpopulated blue substrate centered; mixed/boundary/lowdetail=uncertain. This is not receptivefield or semantic correspondence.
512,3520,be6ebaae0a4d131091ef07a9,False,uncertain,not_semantically_reviewed,No semantic component/background assignment inferred from position or distance; padding_center is separate geometric proxy.
512,2541,06076aa4ee79cdfe208a650e,False,uncertain,not_semantically_reviewed,No semantic component/background assignment inferred from position or distance; padding_center is separate geometric proxy.
512,1130,dd165541fbc074981d278ca8,False,uncertain,not_semantically_reviewed,No semantic component/background assignment inferred from position or distance; padding_center is separate geometric proxy.
512,793,24f473302a6e1be520d19f6b,False,uncertain,not_semantically_reviewed,No semantic component/background assignment inferred from position or distance; padding_center is separate geometric proxy.
512,252,e1332eb5c86461f086004c34,False,uncertain,not_semantically_reviewed,No semantic component/background assignment inferred from position or distance; padding_center is separate geometric proxy.
512,1251,d2cf6d7cc0c3cad21c2a7b3b,False,uncertain,visually_reviewed_selected_trace,Full source plus3x3gridcell context; redcenter. Component=visible package/body centered; emptyboard=unpopulated blue substrate centered; mixed/boundary/lowdetail=uncertain. This is not receptivefield or semantic correspondence.
512,3829,4a465dea132db9bde579a435,False,uncertain,not_semantically_reviewed,No semantic component/background assignment inferred from position or distance; padding_center is separate geometric proxy.
512,1533,d2d0b78258d04f01f729bef3,False,uncertain,not_semantically_reviewed,No semantic component/background assignment inferred from position or distance; padding_center is separate geometric proxy.
512,4021,93f67a2d05281d7b8a6af7d3,False,uncertain,not_semantically_reviewed,No semantic component/background assignment inferred from position or distance; padding_center is separate geometric proxy.
512,4086,1b48d18e6062224513aef7d5,False,uncertain,visually_reviewed_selected_trace,Full source plus3x3gridcell context; redcenter. Component=visible package/body centered; emptyboard=unpopulated blue substrate centered; mixed/boundary/lowdetail=uncertain. This is not receptivefield or semantic correspondence.
512,422,93f67a2d05281d7b8a6af7d3,False,component,visually_reviewed_selected_trace,Full source plus3x3gridcell context; redcenter. Component=visible package/body centered; emptyboard=unpopulated blue substrate centered; mixed/boundary/lowdetail=uncertain. This is not receptivefield or semantic correspondence.
512,3411,772ca7380c6ef905c50a98b0,False,uncertain,visually_reviewed_selected_trace,Full source plus3x3gridcell context; redcenter. Component=visible package/body centered; emptyboard=unpopulated blue substrate centered; mixed/boundary/lowdetail=uncertain. This is not receptivefield or semantic correspondence.
512,1062,577e306a2e950842cc7e0b3b,False,uncertain,not_semantically_reviewed,No semantic component/background assignment inferred from position or distance; padding_center is separate geometric proxy.
512,2279,ad185f2ff4331025f376ee84,False,uncertain,not_semantically_reviewed,No semantic component/background assignment inferred from position or distance; padding_center is separate geometric proxy.
512,3160,2ae77eca7538f09acbdde106,False,uncertain,not_semantically_reviewed,No semantic component/background assignment inferred from position or distance; padding_center is separate geometric proxy.
512,379,0c7e1b72803ad61dccb12da2,False,uncertain,not_semantically_reviewed,No semantic component/background assignment inferred from position or distance; padding_center is separate geometric proxy.
512,2382,bfae5cd848e6184dadfcd3c4,False,uncertain,not_semantically_reviewed,No semantic component/background assignment inferred from position or distance; padding_center is separate geometric proxy.
512,2748,766b495ea99f75997c14b363,False,uncertain,not_semantically_reviewed,No semantic component/background assignment inferred from position or distance; padding_center is separate geometric proxy.
512,2999,53af98416cb0b2869d8f7539,False,uncertain,not_semantically_reviewed,No semantic component/background assignment inferred from position or distance; padding_center is separate geometric proxy.
512,464,8c45dd494acbb106ab4500e8,False,uncertain,not_semantically_reviewed,No semantic component/background assignment inferred from position or distance; padding_center is separate geometric proxy.
512,2993,475d3a39b0f5bde6f2638d17,False,uncertain,not_semantically_reviewed,No semantic component/background assignment inferred from position or distance; padding_center is separate geometric proxy.
512,1566,bb4b07de411b2680a1ddea8d,False,uncertain,not_semantically_reviewed,No semantic component/background assignment inferred from position or distance; padding_center is separate geometric proxy.
512,2484,2e69345129be94487b89eff4,False,uncertain,not_semantically_reviewed,No semantic component/background assignment inferred from position or distance; padding_center is separate geometric proxy.
512,936,1c7b305b4d497e495b32efb5,False,uncertain,not_semantically_reviewed,No semantic component/background assignment inferred from position or distance; padding_center is separate geometric proxy.
512,2946,f9f9e95751bae3a9222c9770,False,uncertain,not_semantically_reviewed,No semantic component/background assignment inferred from position or distance; padding_center is separate geometric proxy.
512,3014,1bf0f2223e141aab9e8118b4,False,uncertain,not_semantically_reviewed,No semantic component/background assignment inferred from position or distance; padding_center is separate geometric proxy.
512,1246,c6a8d7dccd602dc757343e7a,False,uncertain,not_semantically_reviewed,No semantic component/background assignment inferred from position or distance; padding_center is separate geometric proxy.
512,1999,6de6d91fd06b0303903d8d7c,False,uncertain,not_semantically_reviewed,No semantic component/background assignment inferred from position or distance; padding_center is separate geometric proxy.
512,1755,5c6d3466c6986a59ea1677b0,False,uncertain,not_semantically_reviewed,No semantic component/background assignment inferred from position or distance; padding_center is separate geometric proxy.
512,366,69718c2cbcdee661e85e894b,False,uncertain,not_semantically_reviewed,No semantic component/background assignment inferred from position or distance; padding_center is separate geometric proxy.
512,179,e67ceddf65cff5ddf42e56f5,False,uncertain,not_semantically_reviewed,No semantic component/background assignment inferred from position or distance; padding_center is separate geometric proxy.
512,2498,a17e0ba4778eef07cbf3a8fb,False,uncertain,not_semantically_reviewed,No semantic component/background assignment inferred from position or distance; padding_center is separate geometric proxy.
512,2378,abdbe0b50e7e46cdcd767f98,False,uncertain,not_semantically_reviewed,No semantic component/background assignment inferred from position or distance; padding_center is separate geometric proxy.
512,327,a9120cb6af58868bd63ad1b5,False,uncertain,not_semantically_reviewed,No semantic component/background assignment inferred from position or distance; padding_center is separate geometric proxy.
512,2950,80cbb4aa4ba2f071dd3e274f,False,uncertain,not_semantically_reviewed,No semantic component/background assignment inferred from position or distance; padding_center is separate geometric proxy.
512,3935,48bdd16c4e8d4e727d51a80d,False,uncertain,not_semantically_reviewed,No semantic component/background assignment inferred from position or distance; padding_center is separate geometric proxy.
512,2004,f4d7eb9f2381c80709083042,False,uncertain,not_semantically_reviewed,No semantic component/background assignment inferred from position or distance; padding_center is separate geometric proxy.
512,1635,4dc8d3119ac06b59ca06d65a,False,uncertain,not_semantically_reviewed,No semantic component/background assignment inferred from position or distance; padding_center is separate geometric proxy.
512,3085,53553f400f2058be52468beb,False,uncertain,not_semantically_reviewed,No semantic component/background assignment inferred from position or distance; padding_center is separate geometric proxy.
512,1497,a2c409ed134d22ebfc50749e,False,uncertain,not_semantically_reviewed,No semantic component/background assignment inferred from position or distance; padding_center is separate geometric proxy.
512,2551,a1b6a915c8abf8262561460d,False,uncertain,not_semantically_reviewed,No semantic component/background assignment inferred from position or distance; padding_center is separate geometric proxy.
512,2840,38ba23814a02507d72f28ea0,False,uncertain,not_semantically_reviewed,No semantic component/background assignment inferred from position or distance; padding_center is separate geometric proxy.
512,2452,2e6ec4882e89f00a95812589,False,uncertain,not_semantically_reviewed,No semantic component/background assignment inferred from position or distance; padding_center is separate geometric proxy.
512,874,b03c9fefe383d5f0e4dcf8d2,False,uncertain,not_semantically_reviewed,No semantic component/background assignment inferred from position or distance; padding_center is separate geometric proxy.
512,3812,c5e225b07acb2bb5310860f9,False,uncertain,not_semantically_reviewed,No semantic component/background assignment inferred from position or distance; padding_center is separate geometric proxy.
512,228,0636db959e4144490b43aec5,False,uncertain,not_semantically_reviewed,No semantic component/background assignment inferred from position or distance; padding_center is separate geometric proxy.
512,3531,7086c3b7f6936769b7d902ff,False,uncertain,not_semantically_reviewed,No semantic component/background assignment inferred from position or distance; padding_center is separate geometric proxy.
512,3204,51173f769f1433b029e67775,False,uncertain,not_semantically_reviewed,No semantic component/background assignment inferred from position or distance; padding_center is separate geometric proxy.
512,3682,4965160adcfb13a2bec036fe,False,uncertain,not_semantically_reviewed,No semantic component/background assignment inferred from position or distance; padding_center is separate geometric proxy.
512,2508,3c02528f81f248ea1e58abc5,False,uncertain,not_semantically_reviewed,No semantic component/background assignment inferred from position or distance; padding_center is separate geometric proxy.
512,305,9fe445512fa237026af20b61,False,uncertain,not_semantically_reviewed,No semantic component/background assignment inferred from position or distance; padding_center is separate geometric proxy.
512,1908,18bdd05b85f8030805542307,False,uncertain,not_semantically_reviewed,No semantic component/background assignment inferred from position or distance; padding_center is separate geometric proxy.
512,3127,fa5b97c7b631912abe2948ea,False,uncertain,not_semantically_reviewed,No semantic component/background assignment inferred from position or distance; padding_center is separate geometric proxy.
512,3339,3b739922cafc7c1c1b6bf5af,False,uncertain,not_semantically_reviewed,No semantic component/background assignment inferred from position or distance; padding_center is separate geometric proxy.
512,2035,8e8d92bbef79ba9b4bd394b6,False,uncertain,not_semantically_reviewed,No semantic component/background assignment inferred from position or distance; padding_center is separate geometric proxy.
512,1022,11b58bbc909e5dd0a7548fda,False,uncertain,not_semantically_reviewed,No semantic component/background assignment inferred from position or distance; padding_center is separate geometric proxy.
512,2220,3f878bbef72af5608097eed1,False,uncertain,not_semantically_reviewed,No semantic component/background assignment inferred from position or distance; padding_center is separate geometric proxy.
512,3451,c6175a761ad4823c6ccf1423,False,uncertain,not_semantically_reviewed,No semantic component/background assignment inferred from position or distance; padding_center is separate geometric proxy.
512,1811,6a33d51ff178335de31decc6,False,uncertain,not_semantically_reviewed,No semantic component/background assignment inferred from position or distance; padding_center is separate geometric proxy.
512,1652,17e036176f079d10fff39929,False,uncertain,not_semantically_reviewed,No semantic component/background assignment inferred from position or distance; padding_center is separate geometric proxy.
512,3021,be6ebaae0a4d131091ef07a9,False,uncertain,not_semantically_reviewed,No semantic component/background assignment inferred from position or distance; padding_center is separate geometric proxy.
512,2717,d49d42a8254910de87c125a4,False,uncertain,not_semantically_reviewed,No semantic component/background assignment inferred from position or distance; padding_center is separate geometric proxy.
512,4048,0161225fef57b7ce6ba4e2f9,False,uncertain,not_semantically_reviewed,No semantic component/background assignment inferred from position or distance; padding_center is separate geometric proxy.
512,2087,cca771af93c39392f6e272bb,False,uncertain,not_semantically_reviewed,No semantic component/background assignment inferred from position or distance; padding_center is separate geometric proxy.
512,1388,4965160adcfb13a2bec036fe,False,uncertain,not_semantically_reviewed,No semantic component/background assignment inferred from position or distance; padding_center is separate geometric proxy.
512,898,fc3ce2e3495fde5e3ca176db,False,uncertain,not_semantically_reviewed,No semantic component/background assignment inferred from position or distance; padding_center is separate geometric proxy.
512,1028,07726a75a06f75abf5b695d4,False,uncertain,not_semantically_reviewed,No semantic component/background assignment inferred from position or distance; padding_center is separate geometric proxy.
512,3554,cbdf67e4b84fdebb3d0e28af,False,uncertain,not_semantically_reviewed,No semantic component/background assignment inferred from position or distance; padding_center is separate geometric proxy.
512,2334,80cbb4aa4ba2f071dd3e274f,False,uncertain,not_semantically_reviewed,No semantic component/background assignment inferred from position or distance; padding_center is separate geometric proxy.
512,2214,22820254a0f5f2b764cfa047,False,uncertain,not_semantically_reviewed,No semantic component/background assignment inferred from position or distance; padding_center is separate geometric proxy.
512,2570,5f958a67a461a12163dd611a,False,uncertain,not_semantically_reviewed,No semantic component/background assignment inferred from position or distance; padding_center is separate geometric proxy.
512,1503,73cd7731bfdf8ff0623d2222,False,uncertain,not_semantically_reviewed,No semantic component/background assignment inferred from position or distance; padding_center is separate geometric proxy.
512,1954,fc3ce2e3495fde5e3ca176db,False,uncertain,not_semantically_reviewed,No semantic component/background assignment inferred from position or distance; padding_center is separate geometric proxy.
512,1209,4665969bbaacc0e03564a0b5,False,uncertain,not_semantically_reviewed,No semantic component/background assignment inferred from position or distance; padding_center is separate geometric proxy.
512,3084,aed9429f62b275db586a9235,False,uncertain,not_semantically_reviewed,No semantic component/background assignment inferred from position or distance; padding_center is separate geometric proxy.
512,1117,66d10c1a1a2e920f3353605b,False,uncertain,not_semantically_reviewed,No semantic component/background assignment inferred from position or distance; padding_center is separate geometric proxy.
512,3913,e47e5b1177f091fde9ec844d,False,uncertain,not_semantically_reviewed,No semantic component/background assignment inferred from position or distance; padding_center is separate geometric proxy.
512,2770,cef040880b0ffa6310501ad5,False,uncertain,not_semantically_reviewed,No semantic component/background assignment inferred from position or distance; padding_center is separate geometric proxy.
512,787,8c45dd494acbb106ab4500e8,False,uncertain,not_semantically_reviewed,No semantic component/background assignment inferred from position or distance; padding_center is separate geometric proxy.
512,59,eb04afef9b1b9923e7faabaf,False,uncertain,not_semantically_reviewed,No semantic component/background assignment inferred from position or distance; padding_center is separate geometric proxy.
512,1107,1d9cb2be975171a54fb95c1c,False,uncertain,not_semantically_reviewed,No semantic component/background assignment inferred from position or distance; padding_center is separate geometric proxy.
512,3090,d317d011cacc00508fbd6099,False,uncertain,not_semantically_reviewed,No semantic component/background assignment inferred from position or distance; padding_center is separate geometric proxy.
512,982,68c0fc0efbb93f1c3720c26f,False,uncertain,not_semantically_reviewed,No semantic component/background assignment inferred from position or distance; padding_center is separate geometric proxy.
512,2274,d1fa68036b523c08be8338a1,False,uncertain,not_semantically_reviewed,No semantic component/background assignment inferred from position or distance; padding_center is separate geometric proxy.
512,3883,160172b217507c69da1dcd4c,False,uncertain,not_semantically_reviewed,No semantic component/background assignment inferred from position or distance; padding_center is separate geometric proxy.
512,280,952e25a8dcd8ce6055472946,False,uncertain,not_semantically_reviewed,No semantic component/background assignment inferred from position or distance; padding_center is separate geometric proxy.
512,1346,9b93c9d152fcf59e8aa8e077,False,uncertain,not_semantically_reviewed,No semantic component/background assignment inferred from position or distance; padding_center is separate geometric proxy.
512,256,92d614d6b465751b11ba5b84,False,uncertain,not_semantically_reviewed,No semantic component/background assignment inferred from position or distance; padding_center is separate geometric proxy.
512,2100,0ae1b927c1d255e20ddca7e9,False,uncertain,not_semantically_reviewed,No semantic component/background assignment inferred from position or distance; padding_center is separate geometric proxy.
512,2660,f452c19e12cf29465d64292b,False,uncertain,not_semantically_reviewed,No semantic component/background assignment inferred from position or distance; padding_center is separate geometric proxy.
512,1504,475d3a39b0f5bde6f2638d17,False,uncertain,not_semantically_reviewed,No semantic component/background assignment inferred from position or distance; padding_center is separate geometric proxy.
512,173,bbbde7bf5487a3433dcea610,False,uncertain,not_semantically_reviewed,No semantic component/background assignment inferred from position or distance; padding_center is separate geometric proxy.
512,2205,97492afa452815a66c123f50,False,uncertain,not_semantically_reviewed,No semantic component/background assignment inferred from position or distance; padding_center is separate geometric proxy.
512,1965,a8c2ef44f6ce442f4d507c77,False,uncertain,not_semantically_reviewed,No semantic component/background assignment inferred from position or distance; padding_center is separate geometric proxy.
512,748,e28781384ed976608771c132,False,uncertain,not_semantically_reviewed,No semantic component/background assignment inferred from position or distance; padding_center is separate geometric proxy.
512,2034,9958e07889a24c816b55dfd0,False,uncertain,not_semantically_reviewed,No semantic component/background assignment inferred from position or distance; padding_center is separate geometric proxy.
512,2970,dd165541fbc074981d278ca8,False,uncertain,not_semantically_reviewed,No semantic component/background assignment inferred from position or distance; padding_center is separate geometric proxy.
512,3275,45dc6fdfab82e2a0f77a8f68,False,uncertain,not_semantically_reviewed,No semantic component/background assignment inferred from position or distance; padding_center is separate geometric proxy.
512,3983,b7eabc5fda3c972292fffe73,False,uncertain,not_semantically_reviewed,No semantic component/background assignment inferred from position or distance; padding_center is separate geometric proxy.
512,3209,32b7b720203cd470bb8bf8d4,False,uncertain,not_semantically_reviewed,No semantic component/background assignment inferred from position or distance; padding_center is separate geometric proxy.
512,3054,74c9ac3186de7dd54be4711b,False,uncertain,not_semantically_reviewed,No semantic component/background assignment inferred from position or distance; padding_center is separate geometric proxy.
512,1896,90d64231ee573eace92fc2da,False,uncertain,not_semantically_reviewed,No semantic component/background assignment inferred from position or distance; padding_center is separate geometric proxy.
512,2236,21c722dcc1e220ccbc6b85cc,False,uncertain,not_semantically_reviewed,No semantic component/background assignment inferred from position or distance; padding_center is separate geometric proxy.
512,841,7af5cfe2789ad8884c2c680c,False,uncertain,not_semantically_reviewed,No semantic component/background assignment inferred from position or distance; padding_center is separate geometric proxy.
512,1506,cbdf67e4b84fdebb3d0e28af,False,uncertain,not_semantically_reviewed,No semantic component/background assignment inferred from position or distance; padding_center is separate geometric proxy.
512,1176,66d10c1a1a2e920f3353605b,False,uncertain,not_semantically_reviewed,No semantic component/background assignment inferred from position or distance; padding_center is separate geometric proxy.
512,304,e1f9b73f0e97bbc50bbf5d91,False,uncertain,not_semantically_reviewed,No semantic component/background assignment inferred from position or distance; padding_center is separate geometric proxy.
512,1254,22820254a0f5f2b764cfa047,False,uncertain,not_semantically_reviewed,No semantic component/background assignment inferred from position or distance; padding_center is separate geometric proxy.
512,2045,c6a8d7dccd602dc757343e7a,False,uncertain,not_semantically_reviewed,No semantic component/background assignment inferred from position or distance; padding_center is separate geometric proxy.
512,3943,af49eb9854b04f51dbeac8a0,False,uncertain,not_semantically_reviewed,No semantic component/background assignment inferred from position or distance; padding_center is separate geometric proxy.
512,831,fecd368aa554ca8953b94c20,False,uncertain,not_semantically_reviewed,No semantic component/background assignment inferred from position or distance; padding_center is separate geometric proxy.
512,3784,aaa56edfa2f1c45d67d88d62,False,uncertain,not_semantically_reviewed,No semantic component/background assignment inferred from position or distance; padding_center is separate geometric proxy.
512,958,5fddef488d9bbdb34d9dab3b,False,uncertain,not_semantically_reviewed,No semantic component/background assignment inferred from position or distance; padding_center is separate geometric proxy.
512,2022,2e6ec4882e89f00a95812589,False,uncertain,not_semantically_reviewed,No semantic component/background assignment inferred from position or distance; padding_center is separate geometric proxy.
512,2243,1341a4d254c5ed4e53f9cc0a,False,uncertain,not_semantically_reviewed,No semantic component/background assignment inferred from position or distance; padding_center is separate geometric proxy.
512,561,64b4c24d09b3948d7383f74d,False,uncertain,not_semantically_reviewed,No semantic component/background assignment inferred from position or distance; padding_center is separate geometric proxy.
512,3376,b4cd2a6e3103a666c330b5fc,False,uncertain,not_semantically_reviewed,No semantic component/background assignment inferred from position or distance; padding_center is separate geometric proxy.
512,2347,d8893f3a76156d238b88fc70,False,uncertain,not_semantically_reviewed,No semantic component/background assignment inferred from position or distance; padding_center is separate geometric proxy.
512,2032,1cb1b53e30ac8d3979c2aa35,False,uncertain,not_semantically_reviewed,No semantic component/background assignment inferred from position or distance; padding_center is separate geometric proxy.
512,2958,27be3e5be19a2b4c335ab973,False,uncertain,not_semantically_reviewed,No semantic component/background assignment inferred from position or distance; padding_center is separate geometric proxy.
512,3242,9052050bccc72553c66e8144,False,uncertain,not_semantically_reviewed,No semantic component/background assignment inferred from position or distance; padding_center is separate geometric proxy.
512,2843,c4993e4cd869a138c0953fbe,False,uncertain,not_semantically_reviewed,No semantic component/background assignment inferred from position or distance; padding_center is separate geometric proxy.
512,3608,e1f9b73f0e97bbc50bbf5d91,False,uncertain,not_semantically_reviewed,No semantic component/background assignment inferred from position or distance; padding_center is separate geometric proxy.
512,1021,d3eb81224cc529cd42fb69c4,False,uncertain,not_semantically_reviewed,No semantic component/background assignment inferred from position or distance; padding_center is separate geometric proxy.
512,3011,4b4b8a8b741d6f6b1bb77a85,False,uncertain,not_semantically_reviewed,No semantic component/background assignment inferred from position or distance; padding_center is separate geometric proxy.
512,3181,f18d9fcdfa2282a3b6ad2aa8,False,uncertain,not_semantically_reviewed,No semantic component/background assignment inferred from position or distance; padding_center is separate geometric proxy.
512,3823,00f1aa2318c0169ace9c04bb,False,uncertain,not_semantically_reviewed,No semantic component/background assignment inferred from position or distance; padding_center is separate geometric proxy.
512,1661,341bda6eed5f4e8ac5903152,False,uncertain,not_semantically_reviewed,No semantic component/background assignment inferred from position or distance; padding_center is separate geometric proxy.
512,3664,a62dae09b2226f081de0d80f,False,uncertain,not_semantically_reviewed,No semantic component/background assignment inferred from position or distance; padding_center is separate geometric proxy.
512,2031,beb27fbfbc890e3ec777a8aa,False,uncertain,not_semantically_reviewed,No semantic component/background assignment inferred from position or distance; padding_center is separate geometric proxy.
512,343,1bcaa86fa604bcc293ebddb0,False,uncertain,not_semantically_reviewed,No semantic component/background assignment inferred from position or distance; padding_center is separate geometric proxy.
512,2549,b257061f4690add78829b537,False,uncertain,not_semantically_reviewed,No semantic component/background assignment inferred from position or distance; padding_center is separate geometric proxy.
512,3775,bc54e154db4d13f20e6d6cd9,False,uncertain,not_semantically_reviewed,No semantic component/background assignment inferred from position or distance; padding_center is separate geometric proxy.
512,2754,73cd7731bfdf8ff0623d2222,False,uncertain,not_semantically_reviewed,No semantic component/background assignment inferred from position or distance; padding_center is separate geometric proxy.
512,3763,816bd32e6af258821450f1f6,False,uncertain,not_semantically_reviewed,No semantic component/background assignment inferred from position or distance; padding_center is separate geometric proxy.
512,3769,a991e270256c0dffcfaa3b6e,False,uncertain,not_semantically_reviewed,No semantic component/background assignment inferred from position or distance; padding_center is separate geometric proxy.
512,3065,47f7f789909036fc50871be6,False,uncertain,not_semantically_reviewed,No semantic component/background assignment inferred from position or distance; padding_center is separate geometric proxy.
512,1983,94ba7b6ade3b906ec1c3ebcb,False,uncertain,not_semantically_reviewed,No semantic component/background assignment inferred from position or distance; padding_center is separate geometric proxy.
512,1643,c6a8d7dccd602dc757343e7a,False,uncertain,not_semantically_reviewed,No semantic component/background assignment inferred from position or distance; padding_center is separate geometric proxy.
512,1665,3784d9ce84ce2d5e27775986,False,uncertain,not_semantically_reviewed,No semantic component/background assignment inferred from position or distance; padding_center is separate geometric proxy.
512,2515,f38dca7075dc836507f28958,False,uncertain,not_semantically_reviewed,No semantic component/background assignment inferred from position or distance; padding_center is separate geometric proxy.
512,3561,90980ace2ddb899842b5027e,False,uncertain,not_semantically_reviewed,No semantic component/background assignment inferred from position or distance; padding_center is separate geometric proxy.
512,3457,1c7b305b4d497e495b32efb5,False,uncertain,not_semantically_reviewed,No semantic component/background assignment inferred from position or distance; padding_center is separate geometric proxy.
512,1481,4980c72ca67d8e631768e86d,False,uncertain,not_semantically_reviewed,No semantic component/background assignment inferred from position or distance; padding_center is separate geometric proxy.
512,2156,5ff80a6410090b3b9d57f4f7,False,uncertain,not_semantically_reviewed,No semantic component/background assignment inferred from position or distance; padding_center is separate geometric proxy.
512,4052,66b007b118c0f706871e39e2,False,uncertain,not_semantically_reviewed,No semantic component/background assignment inferred from position or distance; padding_center is separate geometric proxy.
512,157,41dbf2d73094489f88f6490a,False,uncertain,not_semantically_reviewed,No semantic component/background assignment inferred from position or distance; padding_center is separate geometric proxy.
512,2095,b4cd2a6e3103a666c330b5fc,False,uncertain,not_semantically_reviewed,No semantic component/background assignment inferred from position or distance; padding_center is separate geometric proxy.
512,1588,6b8d21c86207f8f468d728fc,False,uncertain,not_semantically_reviewed,No semantic component/background assignment inferred from position or distance; padding_center is separate geometric proxy.
512,3975,4ded01ce9f8ee20f2618b620,False,uncertain,not_semantically_reviewed,No semantic component/background assignment inferred from position or distance; padding_center is separate geometric proxy.
512,163,114a81f2e5bb531cc37f5f0d,False,uncertain,not_semantically_reviewed,No semantic component/background assignment inferred from position or distance; padding_center is separate geometric proxy.
512,1711,7b9272db08a41f6c5e8105f2,False,uncertain,not_semantically_reviewed,No semantic component/background assignment inferred from position or distance; padding_center is separate geometric proxy.
512,3832,e1f9b73f0e97bbc50bbf5d91,False,uncertain,not_semantically_reviewed,No semantic component/background assignment inferred from position or distance; padding_center is separate geometric proxy.
512,3438,07726a75a06f75abf5b695d4,False,uncertain,not_semantically_reviewed,No semantic component/background assignment inferred from position or distance; padding_center is separate geometric proxy.
512,2251,beb27fbfbc890e3ec777a8aa,False,uncertain,not_semantically_reviewed,No semantic component/background assignment inferred from position or distance; padding_center is separate geometric proxy.
512,414,dfa76a8c21b877080895d047,False,uncertain,not_semantically_reviewed,No semantic component/background assignment inferred from position or distance; padding_center is separate geometric proxy.
512,2538,40ac2f00add0e400ade31e24,False,uncertain,not_semantically_reviewed,No semantic component/background assignment inferred from position or distance; padding_center is separate geometric proxy.
512,3922,87b2aa4f8802bf19be874c02,False,uncertain,not_semantically_reviewed,No semantic component/background assignment inferred from position or distance; padding_center is separate geometric proxy.
512,1096,7e61ea81f0f1120629741738,False,uncertain,not_semantically_reviewed,No semantic component/background assignment inferred from position or distance; padding_center is separate geometric proxy.
512,527,37ad80fc0edb79a099308f16,False,uncertain,not_semantically_reviewed,No semantic component/background assignment inferred from position or distance; padding_center is separate geometric proxy.
512,3556,f819b5d38b92c526e4ce0b71,False,uncertain,not_semantically_reviewed,No semantic component/background assignment inferred from position or distance; padding_center is separate geometric proxy.
512,166,74638a61aa0665d0f887c089,False,uncertain,not_semantically_reviewed,No semantic component/background assignment inferred from position or distance; padding_center is separate geometric proxy.
512,1697,bfae5cd848e6184dadfcd3c4,False,uncertain,not_semantically_reviewed,No semantic component/background assignment inferred from position or distance; padding_center is separate geometric proxy.
512,2827,6dc8a9fd69394147248823c3,False,uncertain,not_semantically_reviewed,No semantic component/background assignment inferred from position or distance; padding_center is separate geometric proxy.
512,504,4665969bbaacc0e03564a0b5,False,uncertain,not_semantically_reviewed,No semantic component/background assignment inferred from position or distance; padding_center is separate geometric proxy.
512,2009,47f7f789909036fc50871be6,False,uncertain,not_semantically_reviewed,No semantic component/background assignment inferred from position or distance; padding_center is separate geometric proxy.
512,3040,8ff7deb4a5cd8ce8d4686013,False,uncertain,not_semantically_reviewed,No semantic component/background assignment inferred from position or distance; padding_center is separate geometric proxy.
512,3825,f01c727dc745da31a592efa9,False,uncertain,not_semantically_reviewed,No semantic component/background assignment inferred from position or distance; padding_center is separate geometric proxy.
512,2842,12f90f549991fd9c4757eb8f,False,uncertain,not_semantically_reviewed,No semantic component/background assignment inferred from position or distance; padding_center is separate geometric proxy.
512,3389,7b33276c4bdd148e1ea33f6d,False,uncertain,not_semantically_reviewed,No semantic component/background assignment inferred from position or distance; padding_center is separate geometric proxy.
512,1604,6b8d21c86207f8f468d728fc,False,uncertain,not_semantically_reviewed,No semantic component/background assignment inferred from position or distance; padding_center is separate geometric proxy.
512,1060,7dadd00de53eaf25d2e2c3ff,False,uncertain,not_semantically_reviewed,No semantic component/background assignment inferred from position or distance; padding_center is separate geometric proxy.
512,153,66d05d9c3f5b6674d314eb61,False,uncertain,not_semantically_reviewed,No semantic component/background assignment inferred from position or distance; padding_center is separate geometric proxy.
512,1767,80c777298f2c73197c736a06,False,uncertain,not_semantically_reviewed,No semantic component/background assignment inferred from position or distance; padding_center is separate geometric proxy.
512,827,e1f9b73f0e97bbc50bbf5d91,False,uncertain,not_semantically_reviewed,No semantic component/background assignment inferred from position or distance; padding_center is separate geometric proxy.
512,1144,6224d209aa1d004e0788419a,False,uncertain,not_semantically_reviewed,No semantic component/background assignment inferred from position or distance; padding_center is separate geometric proxy.
512,3673,254536513decef8c3de87336,False,uncertain,not_semantically_reviewed,No semantic component/background assignment inferred from position or distance; padding_center is separate geometric proxy.
512,2765,736baaa0fc8d39ce48febcb6,False,uncertain,not_semantically_reviewed,No semantic component/background assignment inferred from position or distance; padding_center is separate geometric proxy.
512,1853,1ab50a979f605f4f4dd51494,False,uncertain,not_semantically_reviewed,No semantic component/background assignment inferred from position or distance; padding_center is separate geometric proxy.
512,2395,984bb121479f5ea9179cd315,False,uncertain,not_semantically_reviewed,No semantic component/background assignment inferred from position or distance; padding_center is separate geometric proxy.
512,463,cb01fb613c5f07cbcc170fad,False,uncertain,not_semantically_reviewed,No semantic component/background assignment inferred from position or distance; padding_center is separate geometric proxy.
512,548,3e988861d357da3578512243,False,uncertain,not_semantically_reviewed,No semantic component/background assignment inferred from position or distance; padding_center is separate geometric proxy.
512,2253,546fa92166277933cf129cf3,False,uncertain,not_semantically_reviewed,No semantic component/background assignment inferred from position or distance; padding_center is separate geometric proxy.
512,3909,4c7ebec199ba9cbea02ba2e3,False,uncertain,not_semantically_reviewed,No semantic component/background assignment inferred from position or distance; padding_center is separate geometric proxy.
512,2488,736baaa0fc8d39ce48febcb6,False,uncertain,not_semantically_reviewed,No semantic component/background assignment inferred from position or distance; padding_center is separate geometric proxy.
512,2340,2db606b5eb3782f7a77bfbde,False,uncertain,not_semantically_reviewed,No semantic component/background assignment inferred from position or distance; padding_center is separate geometric proxy.
512,3739,475d3a39b0f5bde6f2638d17,False,uncertain,not_semantically_reviewed,No semantic component/background assignment inferred from position or distance; padding_center is separate geometric proxy.
512,988,9052050bccc72553c66e8144,False,uncertain,not_semantically_reviewed,No semantic component/background assignment inferred from position or distance; padding_center is separate geometric proxy.
512,2042,af49eb9854b04f51dbeac8a0,False,uncertain,not_semantically_reviewed,No semantic component/background assignment inferred from position or distance; padding_center is separate geometric proxy.
512,2566,1cba8d93f940185037702633,False,uncertain,not_semantically_reviewed,No semantic component/background assignment inferred from position or distance; padding_center is separate geometric proxy.
512,1218,11b58bbc909e5dd0a7548fda,False,uncertain,not_semantically_reviewed,No semantic component/background assignment inferred from position or distance; padding_center is separate geometric proxy.
512,383,02c4095f91086ef5dec2355d,False,uncertain,not_semantically_reviewed,No semantic component/background assignment inferred from position or distance; padding_center is separate geometric proxy.
512,3835,beb27fbfbc890e3ec777a8aa,False,uncertain,not_semantically_reviewed,No semantic component/background assignment inferred from position or distance; padding_center is separate geometric proxy.
512,1525,c90363705751a79167614ca3,False,uncertain,not_semantically_reviewed,No semantic component/background assignment inferred from position or distance; padding_center is separate geometric proxy.
512,299,5f958a67a461a12163dd611a,False,uncertain,not_semantically_reviewed,No semantic component/background assignment inferred from position or distance; padding_center is separate geometric proxy.
512,795,fa42326a2355fea8534b8965,False,uncertain,not_semantically_reviewed,No semantic component/background assignment inferred from position or distance; padding_center is separate geometric proxy.
512,1975,3600b9cdf68a783f08fd12aa,False,uncertain,not_semantically_reviewed,No semantic component/background assignment inferred from position or distance; padding_center is separate geometric proxy.
512,239,6b5412ef1aff907d587d4786,False,uncertain,not_semantically_reviewed,No semantic component/background assignment inferred from position or distance; padding_center is separate geometric proxy.
512,2364,3bf3eb5962d83c5ef8223bac,False,uncertain,not_semantically_reviewed,No semantic component/background assignment inferred from position or distance; padding_center is separate geometric proxy.
512,1027,237c596b591254405a69e540,False,uncertain,not_semantically_reviewed,No semantic component/background assignment inferred from position or distance; padding_center is separate geometric proxy.
512,1370,087e4032140db250860dbcf0,False,uncertain,not_semantically_reviewed,No semantic component/background assignment inferred from position or distance; padding_center is separate geometric proxy.
512,3711,fed00a53aeeabd21ae3fe655,False,uncertain,not_semantically_reviewed,No semantic component/background assignment inferred from position or distance; padding_center is separate geometric proxy.
512,3016,8e8d92bbef79ba9b4bd394b6,False,uncertain,not_semantically_reviewed,No semantic component/background assignment inferred from position or distance; padding_center is separate geometric proxy.
512,79,2d9c4db1d44072bdce0400f9,False,uncertain,not_semantically_reviewed,No semantic component/background assignment inferred from position or distance; padding_center is separate geometric proxy.
512,2388,fed31d93bb4be99f88c95226,False,uncertain,not_semantically_reviewed,No semantic component/background assignment inferred from position or distance; padding_center is separate geometric proxy.
512,1844,6ad43ba2a899aeae4165e4ff,False,uncertain,not_semantically_reviewed,No semantic component/background assignment inferred from position or distance; padding_center is separate geometric proxy.
512,798,62ab7fdd11dcdda074fae2ae,False,uncertain,not_semantically_reviewed,No semantic component/background assignment inferred from position or distance; padding_center is separate geometric proxy.
512,3605,2d9c4db1d44072bdce0400f9,False,uncertain,not_semantically_reviewed,No semantic component/background assignment inferred from position or distance; padding_center is separate geometric proxy.
512,3000,53af98416cb0b2869d8f7539,False,uncertain,not_semantically_reviewed,No semantic component/background assignment inferred from position or distance; padding_center is separate geometric proxy.
512,2053,14b6b0d9a38c1c29adba90a9,False,uncertain,not_semantically_reviewed,No semantic component/background assignment inferred from position or distance; padding_center is separate geometric proxy.
512,3733,64b4c24d09b3948d7383f74d,False,uncertain,not_semantically_reviewed,No semantic component/background assignment inferred from position or distance; padding_center is separate geometric proxy.
512,1015,df06519967abd59089e35864,False,uncertain,not_semantically_reviewed,No semantic component/background assignment inferred from position or distance; padding_center is separate geometric proxy.
512,3260,d9a9a14bb0802a8212c744e4,False,uncertain,not_semantically_reviewed,No semantic component/background assignment inferred from position or distance; padding_center is separate geometric proxy.
512,2782,f7ab54038434a0fb639afdd3,False,uncertain,not_semantically_reviewed,No semantic component/background assignment inferred from position or distance; padding_center is separate geometric proxy.
512,721,0f0d00e434b9e591bacd5b76,False,uncertain,not_semantically_reviewed,No semantic component/background assignment inferred from position or distance; padding_center is separate geometric proxy.
512,3418,76016013ac2f39f19fd5e707,False,uncertain,not_semantically_reviewed,No semantic component/background assignment inferred from position or distance; padding_center is separate geometric proxy.
512,1102,9d2568d421729a597011f1aa,False,uncertain,not_semantically_reviewed,No semantic component/background assignment inferred from position or distance; padding_center is separate geometric proxy.
512,2848,3ca9848d2ddf762ea1ca374e,False,uncertain,not_semantically_reviewed,No semantic component/background assignment inferred from position or distance; padding_center is separate geometric proxy.
512,700,6bb2e1e28d946d43104440ab,False,uncertain,not_semantically_reviewed,No semantic component/background assignment inferred from position or distance; padding_center is separate geometric proxy.
512,3564,97492afa452815a66c123f50,False,uncertain,not_semantically_reviewed,No semantic component/background assignment inferred from position or distance; padding_center is separate geometric proxy.
512,2329,475d3a39b0f5bde6f2638d17,False,uncertain,not_semantically_reviewed,No semantic component/background assignment inferred from position or distance; padding_center is separate geometric proxy.
512,1275,105cbc422d6aff7a633c1188,False,uncertain,not_semantically_reviewed,No semantic component/background assignment inferred from position or distance; padding_center is separate geometric proxy.
512,403,a1b6a915c8abf8262561460d,False,uncertain,not_semantically_reviewed,No semantic component/background assignment inferred from position or distance; padding_center is separate geometric proxy.
512,3412,94ba7b6ade3b906ec1c3ebcb,False,uncertain,not_semantically_reviewed,No semantic component/background assignment inferred from position or distance; padding_center is separate geometric proxy.
512,3672,fc3ce2e3495fde5e3ca176db,False,uncertain,not_semantically_reviewed,No semantic component/background assignment inferred from position or distance; padding_center is separate geometric proxy.
512,97,475d3a39b0f5bde6f2638d17,False,uncertain,not_semantically_reviewed,No semantic component/background assignment inferred from position or distance; padding_center is separate geometric proxy.
512,951,1e2d07b1eeca611720eec5b1,False,uncertain,not_semantically_reviewed,No semantic component/background assignment inferred from position or distance; padding_center is separate geometric proxy.
512,3468,8a537772fd9140be6467cba8,False,uncertain,not_semantically_reviewed,No semantic component/background assignment inferred from position or distance; padding_center is separate geometric proxy.
512,1139,0ae1b927c1d255e20ddca7e9,False,uncertain,not_semantically_reviewed,No semantic component/background assignment inferred from position or distance; padding_center is separate geometric proxy.
512,2616,e67ceddf65cff5ddf42e56f5,False,uncertain,not_semantically_reviewed,No semantic component/background assignment inferred from position or distance; padding_center is separate geometric proxy.
512,1005,a626ddea82058ff3ee702c26,False,uncertain,not_semantically_reviewed,No semantic component/background assignment inferred from position or distance; padding_center is separate geometric proxy.
512,2335,cf9d2ab5a56166e58e048bad,False,uncertain,not_semantically_reviewed,No semantic component/background assignment inferred from position or distance; padding_center is separate geometric proxy.
512,2654,d09f70c5c98778c8f04627bc,False,uncertain,not_semantically_reviewed,No semantic component/background assignment inferred from position or distance; padding_center is separate geometric proxy.
512,3150,6327aa444536ad6d2e5386c2,False,uncertain,not_semantically_reviewed,No semantic component/background assignment inferred from position or distance; padding_center is separate geometric proxy.
512,2959,067b9572e3a74a95bade581f,False,uncertain,not_semantically_reviewed,No semantic component/background assignment inferred from position or distance; padding_center is separate geometric proxy.
512,822,b88ddbaebaded26c32e87fcd,False,uncertain,not_semantically_reviewed,No semantic component/background assignment inferred from position or distance; padding_center is separate geometric proxy.
512,1567,26e1106de8a9c217ce63f34c,False,uncertain,not_semantically_reviewed,No semantic component/background assignment inferred from position or distance; padding_center is separate geometric proxy.
512,3747,a626ddea82058ff3ee702c26,False,uncertain,not_semantically_reviewed,No semantic component/background assignment inferred from position or distance; padding_center is separate geometric proxy.
512,1371,97492afa452815a66c123f50,False,uncertain,not_semantically_reviewed,No semantic component/background assignment inferred from position or distance; padding_center is separate geometric proxy.
512,1573,72ac6b38b6693e5fc323e6d7,False,uncertain,not_semantically_reviewed,No semantic component/background assignment inferred from position or distance; padding_center is separate geometric proxy.
512,2938,ad185f2ff4331025f376ee84,False,uncertain,not_semantically_reviewed,No semantic component/background assignment inferred from position or distance; padding_center is separate geometric proxy.
512,3431,18bdd05b85f8030805542307,False,uncertain,not_semantically_reviewed,No semantic component/background assignment inferred from position or distance; padding_center is separate geometric proxy.
512,3374,b8540c2b902e1e4e0505b847,False,uncertain,not_semantically_reviewed,No semantic component/background assignment inferred from position or distance; padding_center is separate geometric proxy.
512,2852,32c34806fa593c9b1f866350,False,uncertain,not_semantically_reviewed,No semantic component/background assignment inferred from position or distance; padding_center is separate geometric proxy.
512,3300,5de687b7a3586a55713120f9,False,uncertain,not_semantically_reviewed,No semantic component/background assignment inferred from position or distance; padding_center is separate geometric proxy.
512,2005,cd2ce2b777e1f8eb292bb311,False,uncertain,not_semantically_reviewed,No semantic component/background assignment inferred from position or distance; padding_center is separate geometric proxy.
512,2905,7b9272db08a41f6c5e8105f2,False,uncertain,not_semantically_reviewed,No semantic component/background assignment inferred from position or distance; padding_center is separate geometric proxy.
512,350,92de296e20733f6eb94d79cd,False,uncertain,not_semantically_reviewed,No semantic component/background assignment inferred from position or distance; padding_center is separate geometric proxy.
512,763,4077ec452d26039c2728a6f7,False,uncertain,not_semantically_reviewed,No semantic component/background assignment inferred from position or distance; padding_center is separate geometric proxy.
512,2810,71e172b953d23eba9b7b5a2a,False,uncertain,not_semantically_reviewed,No semantic component/background assignment inferred from position or distance; padding_center is separate geometric proxy.
512,1301,475d3a39b0f5bde6f2638d17,False,uncertain,not_semantically_reviewed,No semantic component/background assignment inferred from position or distance; padding_center is separate geometric proxy.
512,3177,0f0d00e434b9e591bacd5b76,False,uncertain,not_semantically_reviewed,No semantic component/background assignment inferred from position or distance; padding_center is separate geometric proxy.
512,3950,a2714149024e9795f6aad46d,False,uncertain,not_semantically_reviewed,No semantic component/background assignment inferred from position or distance; padding_center is separate geometric proxy.
512,3226,4965160adcfb13a2bec036fe,False,uncertain,not_semantically_reviewed,No semantic component/background assignment inferred from position or distance; padding_center is separate geometric proxy.
512,2834,beb27fbfbc890e3ec777a8aa,False,uncertain,not_semantically_reviewed,No semantic component/background assignment inferred from position or distance; padding_center is separate geometric proxy.
512,1402,5548c51f79d497a17f292c50,False,uncertain,not_semantically_reviewed,No semantic component/background assignment inferred from position or distance; padding_center is separate geometric proxy.
512,2674,8d21850c283f248e197a3812,False,uncertain,not_semantically_reviewed,No semantic component/background assignment inferred from position or distance; padding_center is separate geometric proxy.
512,3798,87df030a4039ee1e841509cd,False,uncertain,not_semantically_reviewed,No semantic component/background assignment inferred from position or distance; padding_center is separate geometric proxy.
512,2763,3e9601c37c2513abd6a2f915,False,uncertain,not_semantically_reviewed,No semantic component/background assignment inferred from position or distance; padding_center is separate geometric proxy.
512,300,4e5695252fe1cae7b4b7cf06,False,uncertain,not_semantically_reviewed,No semantic component/background assignment inferred from position or distance; padding_center is separate geometric proxy.
512,1679,68c0fc0efbb93f1c3720c26f,False,uncertain,not_semantically_reviewed,No semantic component/background assignment inferred from position or distance; padding_center is separate geometric proxy.
512,1385,f2af6124467ff2aa5b2ef3a2,False,uncertain,not_semantically_reviewed,No semantic component/background assignment inferred from position or distance; padding_center is separate geometric proxy.
512,426,14d604ef2597847aa09fa2ae,False,uncertain,not_semantically_reviewed,No semantic component/background assignment inferred from position or distance; padding_center is separate geometric proxy.
512,2420,2953f7797bef78b367bc1f2c,False,uncertain,not_semantically_reviewed,No semantic component/background assignment inferred from position or distance; padding_center is separate geometric proxy.
512,3525,da4aa46a79918d3cd2297454,False,uncertain,not_semantically_reviewed,No semantic component/background assignment inferred from position or distance; padding_center is separate geometric proxy.
512,2159,12196e78def6040041f13f61,False,uncertain,not_semantically_reviewed,No semantic component/background assignment inferred from position or distance; padding_center is separate geometric proxy.
512,1047,8a7498ab9ecdc653edfde807,False,uncertain,not_semantically_reviewed,No semantic component/background assignment inferred from position or distance; padding_center is separate geometric proxy.
512,1621,874d6eabd5e75378c3fea8be,False,uncertain,not_semantically_reviewed,No semantic component/background assignment inferred from position or distance; padding_center is separate geometric proxy.
512,2802,edf0a93f3a39471634c4f6c4,False,uncertain,not_semantically_reviewed,No semantic component/background assignment inferred from position or distance; padding_center is separate geometric proxy.
512,3252,141eb4e29fb93b1a99e315c8,False,uncertain,not_semantically_reviewed,No semantic component/background assignment inferred from position or distance; padding_center is separate geometric proxy.
512,987,79bc2e4e01676ea5281bcec0,False,uncertain,not_semantically_reviewed,No semantic component/background assignment inferred from position or distance; padding_center is separate geometric proxy.
512,3796,18986155df3bc4d5931597b1,False,uncertain,not_semantically_reviewed,No semantic component/background assignment inferred from position or distance; padding_center is separate geometric proxy.
512,534,f2af6124467ff2aa5b2ef3a2,False,uncertain,not_semantically_reviewed,No semantic component/background assignment inferred from position or distance; padding_center is separate geometric proxy.
512,3167,ee83730bd28ade0b7d66d916,False,uncertain,not_semantically_reviewed,No semantic component/background assignment inferred from position or distance; padding_center is separate geometric proxy.
512,1951,edf0a93f3a39471634c4f6c4,False,uncertain,not_semantically_reviewed,No semantic component/background assignment inferred from position or distance; padding_center is separate geometric proxy.
512,3503,18986155df3bc4d5931597b1,False,uncertain,not_semantically_reviewed,No semantic component/background assignment inferred from position or distance; padding_center is separate geometric proxy.
512,1134,d4932a350dba9b84741ad3c8,False,uncertain,not_semantically_reviewed,No semantic component/background assignment inferred from position or distance; padding_center is separate geometric proxy.
512,28,80c777298f2c73197c736a06,False,uncertain,not_semantically_reviewed,No semantic component/background assignment inferred from position or distance; padding_center is separate geometric proxy.
512,2998,fd4e2bfc1111ea48b494e402,False,uncertain,not_semantically_reviewed,No semantic component/background assignment inferred from position or distance; padding_center is separate geometric proxy.
512,2870,a5e8cf73e552544d0aeaab12,False,uncertain,not_semantically_reviewed,No semantic component/background assignment inferred from position or distance; padding_center is separate geometric proxy.
512,2964,5fddef488d9bbdb34d9dab3b,False,uncertain,not_semantically_reviewed,No semantic component/background assignment inferred from position or distance; padding_center is separate geometric proxy.
512,1494,f2a60dda47da8c5ea9cd3abb,False,uncertain,not_semantically_reviewed,No semantic component/background assignment inferred from position or distance; padding_center is separate geometric proxy.
512,3550,39c5953011e4ad6a04b721b8,False,uncertain,not_semantically_reviewed,No semantic component/background assignment inferred from position or distance; padding_center is separate geometric proxy.
512,1256,66adfe65b3d9331a5da888c9,False,uncertain,not_semantically_reviewed,No semantic component/background assignment inferred from position or distance; padding_center is separate geometric proxy.
512,1138,475d3a39b0f5bde6f2638d17,False,uncertain,not_semantically_reviewed,No semantic component/background assignment inferred from position or distance; padding_center is separate geometric proxy.
512,2140,b88ddbaebaded26c32e87fcd,False,uncertain,not_semantically_reviewed,No semantic component/background assignment inferred from position or distance; padding_center is separate geometric proxy.
512,2287,e1f9b73f0e97bbc50bbf5d91,False,uncertain,not_semantically_reviewed,No semantic component/background assignment inferred from position or distance; padding_center is separate geometric proxy.
512,3200,14f6a0c3392df9da95bb6c4c,False,uncertain,not_semantically_reviewed,No semantic component/background assignment inferred from position or distance; padding_center is separate geometric proxy.
512,1293,8069600c7d77cc9c241150c9,False,uncertain,not_semantically_reviewed,No semantic component/background assignment inferred from position or distance; padding_center is separate geometric proxy.
512,702,4dc8d3119ac06b59ca06d65a,False,uncertain,not_semantically_reviewed,No semantic component/background assignment inferred from position or distance; padding_center is separate geometric proxy.
512,1241,63960923c232394fd8e99843,False,uncertain,not_semantically_reviewed,No semantic component/background assignment inferred from position or distance; padding_center is separate geometric proxy.
512,2875,da4aa46a79918d3cd2297454,False,uncertain,not_semantically_reviewed,No semantic component/background assignment inferred from position or distance; padding_center is separate geometric proxy.
512,19,3e9601c37c2513abd6a2f915,False,uncertain,not_semantically_reviewed,No semantic component/background assignment inferred from position or distance; padding_center is separate geometric proxy.
512,2553,04395c53f5e9e20a0c01695f,False,uncertain,not_semantically_reviewed,No semantic component/background assignment inferred from position or distance; padding_center is separate geometric proxy.
512,2286,c6175a761ad4823c6ccf1423,False,uncertain,not_semantically_reviewed,No semantic component/background assignment inferred from position or distance; padding_center is separate geometric proxy.
512,2804,38f756ced54f06aaf28227f0,False,uncertain,not_semantically_reviewed,No semantic component/background assignment inferred from position or distance; padding_center is separate geometric proxy.
512,310,cb6c269e400c00894a2f2e9d,False,uncertain,not_semantically_reviewed,No semantic component/background assignment inferred from position or distance; padding_center is separate geometric proxy.
512,1939,66d10c1a1a2e920f3353605b,False,uncertain,not_semantically_reviewed,No semantic component/background assignment inferred from position or distance; padding_center is separate geometric proxy.
512,3642,5f958a67a461a12163dd611a,False,uncertain,not_semantically_reviewed,No semantic component/background assignment inferred from position or distance; padding_center is separate geometric proxy.
512,1689,69718c2cbcdee661e85e894b,False,uncertain,not_semantically_reviewed,No semantic component/background assignment inferred from position or distance; padding_center is separate geometric proxy.
512,3292,1bcaa86fa604bcc293ebddb0,False,uncertain,not_semantically_reviewed,No semantic component/background assignment inferred from position or distance; padding_center is separate geometric proxy.
512,3744,66aa231e5d1632c5819ca59b,False,uncertain,not_semantically_reviewed,No semantic component/background assignment inferred from position or distance; padding_center is separate geometric proxy.
512,312,93f67a2d05281d7b8a6af7d3,False,uncertain,not_semantically_reviewed,No semantic component/background assignment inferred from position or distance; padding_center is separate geometric proxy.
512,3755,3439aceae50a9e8e69e43437,False,uncertain,not_semantically_reviewed,No semantic component/background assignment inferred from position or distance; padding_center is separate geometric proxy.
512,3555,32b7b720203cd470bb8bf8d4,False,uncertain,not_semantically_reviewed,No semantic component/background assignment inferred from position or distance; padding_center is separate geometric proxy.
512,1417,12f90f549991fd9c4757eb8f,False,uncertain,not_semantically_reviewed,No semantic component/background assignment inferred from position or distance; padding_center is separate geometric proxy.
512,3635,f9681aff366a2f1f518c2a8c,False,uncertain,not_semantically_reviewed,No semantic component/background assignment inferred from position or distance; padding_center is separate geometric proxy.
512,2460,0636db959e4144490b43aec5,False,uncertain,not_semantically_reviewed,No semantic component/background assignment inferred from position or distance; padding_center is separate geometric proxy.
512,3644,7fc56a4f194b9a523baf95ca,False,uncertain,not_semantically_reviewed,No semantic component/background assignment inferred from position or distance; padding_center is separate geometric proxy.
512,1970,82682fb34aad94edccaf5aa4,False,uncertain,not_semantically_reviewed,No semantic component/background assignment inferred from position or distance; padding_center is separate geometric proxy.
512,3128,11b58bbc909e5dd0a7548fda,False,uncertain,not_semantically_reviewed,No semantic component/background assignment inferred from position or distance; padding_center is separate geometric proxy.
512,3280,c5c881e5184121a3553fc84d,False,uncertain,not_semantically_reviewed,No semantic component/background assignment inferred from position or distance; padding_center is separate geometric proxy.
512,2303,8f6fbfd2fcc60504ec689e6c,False,uncertain,not_semantically_reviewed,No semantic component/background assignment inferred from position or distance; padding_center is separate geometric proxy.
512,3802,7ec2eb6ab2903115adc2f477,False,uncertain,not_semantically_reviewed,No semantic component/background assignment inferred from position or distance; padding_center is separate geometric proxy.
512,670,79bc2e4e01676ea5281bcec0,False,uncertain,not_semantically_reviewed,No semantic component/background assignment inferred from position or distance; padding_center is separate geometric proxy.
512,823,18986155df3bc4d5931597b1,False,uncertain,not_semantically_reviewed,No semantic component/background assignment inferred from position or distance; padding_center is separate geometric proxy.
512,373,be6ebaae0a4d131091ef07a9,False,uncertain,not_semantically_reviewed,No semantic component/background assignment inferred from position or distance; padding_center is separate geometric proxy.
512,1421,1341a4d254c5ed4e53f9cc0a,False,uncertain,not_semantically_reviewed,No semantic component/background assignment inferred from position or distance; padding_center is separate geometric proxy.
512,3680,1cb1b53e30ac8d3979c2aa35,False,uncertain,not_semantically_reviewed,No semantic component/background assignment inferred from position or distance; padding_center is separate geometric proxy.
512,2311,63960923c232394fd8e99843,False,uncertain,not_semantically_reviewed,No semantic component/background assignment inferred from position or distance; padding_center is separate geometric proxy.
512,4049,0c144d51405a795a7330203f,False,uncertain,not_semantically_reviewed,No semantic component/background assignment inferred from position or distance; padding_center is separate geometric proxy.
512,1462,c6175a761ad4823c6ccf1423,False,uncertain,not_semantically_reviewed,No semantic component/background assignment inferred from position or distance; padding_center is separate geometric proxy.
512,2640,736baaa0fc8d39ce48febcb6,False,uncertain,not_semantically_reviewed,No semantic component/background assignment inferred from position or distance; padding_center is separate geometric proxy.
512,1325,c23d7ae024bdee362bd4bbf5,False,uncertain,not_semantically_reviewed,No semantic component/background assignment inferred from position or distance; padding_center is separate geometric proxy.
512,3163,0e8af7517a41c57191930b50,False,uncertain,not_semantically_reviewed,No semantic component/background assignment inferred from position or distance; padding_center is separate geometric proxy.
512,2185,5c15ccf66b55ebcefa392ce3,False,uncertain,not_semantically_reviewed,No semantic component/background assignment inferred from position or distance; padding_center is separate geometric proxy.
512,3616,a5e8cf73e552544d0aeaab12,False,uncertain,not_semantically_reviewed,No semantic component/background assignment inferred from position or distance; padding_center is separate geometric proxy.
512,2495,1e2d07b1eeca611720eec5b1,False,uncertain,not_semantically_reviewed,No semantic component/background assignment inferred from position or distance; padding_center is separate geometric proxy.
512,2829,f18d9fcdfa2282a3b6ad2aa8,False,uncertain,not_semantically_reviewed,No semantic component/background assignment inferred from position or distance; padding_center is separate geometric proxy.
512,3024,edf0a93f3a39471634c4f6c4,False,uncertain,not_semantically_reviewed,No semantic component/background assignment inferred from position or distance; padding_center is separate geometric proxy.
512,3724,772ca7380c6ef905c50a98b0,False,uncertain,not_semantically_reviewed,No semantic component/background assignment inferred from position or distance; padding_center is separate geometric proxy.
512,699,838c0e27eb13fae09a38d163,False,uncertain,not_semantically_reviewed,No semantic component/background assignment inferred from position or distance; padding_center is separate geometric proxy.
512,1087,a88a25248879338f42b7b8d5,False,uncertain,not_semantically_reviewed,No semantic component/background assignment inferred from position or distance; padding_center is separate geometric proxy.
512,3222,9958e07889a24c816b55dfd0,False,uncertain,not_semantically_reviewed,No semantic component/background assignment inferred from position or distance; padding_center is separate geometric proxy.
512,3853,eadb893bf3cbdece1ec63262,False,uncertain,not_semantically_reviewed,No semantic component/background assignment inferred from position or distance; padding_center is separate geometric proxy.
512,3647,fc73f20a80be611a6bc12640,False,uncertain,not_semantically_reviewed,No semantic component/background assignment inferred from position or distance; padding_center is separate geometric proxy.
512,2914,20cf9b53ea244f2a77bc7d41,False,uncertain,not_semantically_reviewed,No semantic component/background assignment inferred from position or distance; padding_center is separate geometric proxy.
512,2046,f38dca7075dc836507f28958,False,uncertain,not_semantically_reviewed,No semantic component/background assignment inferred from position or distance; padding_center is separate geometric proxy.
512,1439,e47e5b1177f091fde9ec844d,False,uncertain,not_semantically_reviewed,No semantic component/background assignment inferred from position or distance; padding_center is separate geometric proxy.
512,3805,92d614d6b465751b11ba5b84,False,uncertain,not_semantically_reviewed,No semantic component/background assignment inferred from position or distance; padding_center is separate geometric proxy.
512,1858,d36c34acc0ec82f687bfb3ed,False,uncertain,not_semantically_reviewed,No semantic component/background assignment inferred from position or distance; padding_center is separate geometric proxy.
512,3901,1866aa1f73748f11e9700fcb,False,uncertain,not_semantically_reviewed,No semantic component/background assignment inferred from position or distance; padding_center is separate geometric proxy.
512,83,697ba8a446d4482c10f34f2f,False,uncertain,not_semantically_reviewed,No semantic component/background assignment inferred from position or distance; padding_center is separate geometric proxy.
512,2082,2eef98a9d346928b836efe63,False,uncertain,not_semantically_reviewed,No semantic component/background assignment inferred from position or distance; padding_center is separate geometric proxy.
512,2720,605a0169b9bac60a8a4d66a6,False,uncertain,not_semantically_reviewed,No semantic component/background assignment inferred from position or distance; padding_center is separate geometric proxy.
512,3081,f9f9e95751bae3a9222c9770,False,uncertain,not_semantically_reviewed,No semantic component/background assignment inferred from position or distance; padding_center is separate geometric proxy.
512,2063,56abb3edb284c2344e16fc3c,False,uncertain,not_semantically_reviewed,No semantic component/background assignment inferred from position or distance; padding_center is separate geometric proxy.
512,668,eadb893bf3cbdece1ec63262,False,uncertain,not_semantically_reviewed,No semantic component/background assignment inferred from position or distance; padding_center is separate geometric proxy.
512,325,9cef4df78ea0a7188577ce02,False,uncertain,not_semantically_reviewed,No semantic component/background assignment inferred from position or distance; padding_center is separate geometric proxy.
512,1859,bee91dfe41693941789a0d0a,False,uncertain,not_semantically_reviewed,No semantic component/background assignment inferred from position or distance; padding_center is separate geometric proxy.
512,2530,9cef4df78ea0a7188577ce02,False,uncertain,not_semantically_reviewed,No semantic component/background assignment inferred from position or distance; padding_center is separate geometric proxy.
512,1781,9ebb9ce7311b3a545437391d,False,uncertain,not_semantically_reviewed,No semantic component/background assignment inferred from position or distance; padding_center is separate geometric proxy.
512,3762,5704beb34b7700bdf69b68d7,False,uncertain,not_semantically_reviewed,No semantic component/background assignment inferred from position or distance; padding_center is separate geometric proxy.
512,1066,5b19de312d23f0fa4ea50e0a,False,uncertain,not_semantically_reviewed,No semantic component/background assignment inferred from position or distance; padding_center is separate geometric proxy.
512,925,577e306a2e950842cc7e0b3b,False,uncertain,not_semantically_reviewed,No semantic component/background assignment inferred from position or distance; padding_center is separate geometric proxy.
512,3592,14f6a0c3392df9da95bb6c4c,False,uncertain,not_semantically_reviewed,No semantic component/background assignment inferred from position or distance; padding_center is separate geometric proxy.
512,1517,8e8d92bbef79ba9b4bd394b6,False,uncertain,not_semantically_reviewed,No semantic component/background assignment inferred from position or distance; padding_center is separate geometric proxy.
512,2742,d317d011cacc00508fbd6099,False,uncertain,not_semantically_reviewed,No semantic component/background assignment inferred from position or distance; padding_center is separate geometric proxy.
512,2953,b257061f4690add78829b537,False,uncertain,not_semantically_reviewed,No semantic component/background assignment inferred from position or distance; padding_center is separate geometric proxy.
512,3056,3f878bbef72af5608097eed1,False,uncertain,not_semantically_reviewed,No semantic component/background assignment inferred from position or distance; padding_center is separate geometric proxy.
512,769,3f878bbef72af5608097eed1,False,uncertain,not_semantically_reviewed,No semantic component/background assignment inferred from position or distance; padding_center is separate geometric proxy.
512,2098,6e27bd35475fc44cb8ed2f15,False,uncertain,not_semantically_reviewed,No semantic component/background assignment inferred from position or distance; padding_center is separate geometric proxy.
512,1008,d1424fc72c8078a6537c9ca1,False,uncertain,not_semantically_reviewed,No semantic component/background assignment inferred from position or distance; padding_center is separate geometric proxy.
512,3174,e0b899fd61dbe99f13611570,False,uncertain,not_semantically_reviewed,No semantic component/background assignment inferred from position or distance; padding_center is separate geometric proxy.
512,3729,cfb161f7b1e28203aabf26e9,False,uncertain,not_semantically_reviewed,No semantic component/background assignment inferred from position or distance; padding_center is separate geometric proxy.
512,3329,84442fa91f2c20b34ab4e0dd,False,uncertain,not_semantically_reviewed,No semantic component/background assignment inferred from position or distance; padding_center is separate geometric proxy.
512,184,c7633ba2b0624fc95a5a5341,False,uncertain,not_semantically_reviewed,No semantic component/background assignment inferred from position or distance; padding_center is separate geometric proxy.
512,710,602cbebbca89fbaf713dd997,False,uncertain,not_semantically_reviewed,No semantic component/background assignment inferred from position or distance; padding_center is separate geometric proxy.
512,2744,f38dca7075dc836507f28958,False,uncertain,not_semantically_reviewed,No semantic component/background assignment inferred from position or distance; padding_center is separate geometric proxy.
512,1046,eccf2bd67fceb17929d34048,False,uncertain,not_semantically_reviewed,No semantic component/background assignment inferred from position or distance; padding_center is separate geometric proxy.
512,1203,cbdf67e4b84fdebb3d0e28af,False,uncertain,not_semantically_reviewed,No semantic component/background assignment inferred from position or distance; padding_center is separate geometric proxy.
512,1570,82c3c01c638ac534deeb4f7e,False,uncertain,not_semantically_reviewed,No semantic component/background assignment inferred from position or distance; padding_center is separate geometric proxy.
512,2795,fdafeeb2c1b1eb31aa6e7f70,False,uncertain,not_semantically_reviewed,No semantic component/background assignment inferred from position or distance; padding_center is separate geometric proxy.
512,273,9412a704f2762b667355f60b,False,uncertain,not_semantically_reviewed,No semantic component/background assignment inferred from position or distance; padding_center is separate geometric proxy.
512,2290,3e95b18816069f70ba00df39,False,uncertain,not_semantically_reviewed,No semantic component/background assignment inferred from position or distance; padding_center is separate geometric proxy.
512,2102,4c7ebec199ba9cbea02ba2e3,False,uncertain,not_semantically_reviewed,No semantic component/background assignment inferred from position or distance; padding_center is separate geometric proxy.
512,1155,4dc8d3119ac06b59ca06d65a,False,uncertain,not_semantically_reviewed,No semantic component/background assignment inferred from position or distance; padding_center is separate geometric proxy.
512,3809,b5a2fb30928ad5646f9f4eb3,False,uncertain,not_semantically_reviewed,No semantic component/background assignment inferred from position or distance; padding_center is separate geometric proxy.
512,1512,9eb03521553a622f7a33bed1,False,uncertain,not_semantically_reviewed,No semantic component/background assignment inferred from position or distance; padding_center is separate geometric proxy.
512,1708,2e80dd1300326adece68fede,False,uncertain,not_semantically_reviewed,No semantic component/background assignment inferred from position or distance; padding_center is separate geometric proxy.
512,2043,1f5f2029b5a9b7fa882293dc,False,uncertain,not_semantically_reviewed,No semantic component/background assignment inferred from position or distance; padding_center is separate geometric proxy.
512,1966,105cbc422d6aff7a633c1188,False,uncertain,not_semantically_reviewed,No semantic component/background assignment inferred from position or distance; padding_center is separate geometric proxy.
512,1476,4980c72ca67d8e631768e86d,False,uncertain,not_semantically_reviewed,No semantic component/background assignment inferred from position or distance; padding_center is separate geometric proxy.
512,1953,907b198fa3ef3c60ce98f192,False,uncertain,not_semantically_reviewed,No semantic component/background assignment inferred from position or distance; padding_center is separate geometric proxy.
512,1927,475d3a39b0f5bde6f2638d17,False,uncertain,not_semantically_reviewed,No semantic component/background assignment inferred from position or distance; padding_center is separate geometric proxy.
512,3741,3e95b18816069f70ba00df39,False,uncertain,not_semantically_reviewed,No semantic component/background assignment inferred from position or distance; padding_center is separate geometric proxy.
512,3097,d6a9ed3c4cbab0d699af403a,False,uncertain,not_semantically_reviewed,No semantic component/background assignment inferred from position or distance; padding_center is separate geometric proxy.
512,2225,71e172b953d23eba9b7b5a2a,False,uncertain,not_semantically_reviewed,No semantic component/background assignment inferred from position or distance; padding_center is separate geometric proxy.
512,2516,9a8a356dc70914ddb654a576,False,uncertain,not_semantically_reviewed,No semantic component/background assignment inferred from position or distance; padding_center is separate geometric proxy.
512,2582,d6a9ed3c4cbab0d699af403a,False,uncertain,not_semantically_reviewed,No semantic component/background assignment inferred from position or distance; padding_center is separate geometric proxy.
512,2206,43c3352d430e10a47c8fd947,False,uncertain,not_semantically_reviewed,No semantic component/background assignment inferred from position or distance; padding_center is separate geometric proxy.
512,3141,d8893f3a76156d238b88fc70,False,uncertain,not_semantically_reviewed,No semantic component/background assignment inferred from position or distance; padding_center is separate geometric proxy.
512,1659,8054ca96d8472cde33311981,False,uncertain,not_semantically_reviewed,No semantic component/background assignment inferred from position or distance; padding_center is separate geometric proxy.
512,3190,f5d57420c3c86277890c81c0,False,uncertain,not_semantically_reviewed,No semantic component/background assignment inferred from position or distance; padding_center is separate geometric proxy.
512,3566,da4aa46a79918d3cd2297454,False,uncertain,not_semantically_reviewed,No semantic component/background assignment inferred from position or distance; padding_center is separate geometric proxy.
512,447,151e5e214d958c416c9a5c08,False,uncertain,not_semantically_reviewed,No semantic component/background assignment inferred from position or distance; padding_center is separate geometric proxy.
512,3424,f3d87453cdfcc5cff9c97418,False,uncertain,not_semantically_reviewed,No semantic component/background assignment inferred from position or distance; padding_center is separate geometric proxy.
512,4084,4665969bbaacc0e03564a0b5,False,uncertain,not_semantically_reviewed,No semantic component/background assignment inferred from position or distance; padding_center is separate geometric proxy.
512,3176,dfdb0d0f027bd00ec46eee2b,False,uncertain,not_semantically_reviewed,No semantic component/background assignment inferred from position or distance; padding_center is separate geometric proxy.
512,3966,89c5720e09cc8adbb2278ca8,False,uncertain,not_semantically_reviewed,No semantic component/background assignment inferred from position or distance; padding_center is separate geometric proxy.
512,1214,141eb4e29fb93b1a99e315c8,False,uncertain,not_semantically_reviewed,No semantic component/background assignment inferred from position or distance; padding_center is separate geometric proxy.
512,872,54d04aaf9210fb2c2cb77d33,False,uncertain,not_semantically_reviewed,No semantic component/background assignment inferred from position or distance; padding_center is separate geometric proxy.
512,1645,74c9ac3186de7dd54be4711b,False,uncertain,not_semantically_reviewed,No semantic component/background assignment inferred from position or distance; padding_center is separate geometric proxy.
512,746,1d9cb2be975171a54fb95c1c,False,uncertain,not_semantically_reviewed,No semantic component/background assignment inferred from position or distance; padding_center is separate geometric proxy.
512,2160,1ab50a979f605f4f4dd51494,False,uncertain,not_semantically_reviewed,No semantic component/background assignment inferred from position or distance; padding_center is separate geometric proxy.
512,249,fc3ce2e3495fde5e3ca176db,False,uncertain,not_semantically_reviewed,No semantic component/background assignment inferred from position or distance; padding_center is separate geometric proxy.
512,104,8c45ec5369b2b83df2c51d55,False,uncertain,not_semantically_reviewed,No semantic component/background assignment inferred from position or distance; padding_center is separate geometric proxy.
512,1188,9958e07889a24c816b55dfd0,False,uncertain,not_semantically_reviewed,No semantic component/background assignment inferred from position or distance; padding_center is separate geometric proxy.
512,2618,9fd931e296c23b935c80a2db,False,uncertain,not_semantically_reviewed,No semantic component/background assignment inferred from position or distance; padding_center is separate geometric proxy.
512,2182,0bd1488a56c156a4ffd4362f,False,uncertain,not_semantically_reviewed,No semantic component/background assignment inferred from position or distance; padding_center is separate geometric proxy.
512,3700,0b0b50a1812398015efd4283,False,uncertain,not_semantically_reviewed,No semantic component/background assignment inferred from position or distance; padding_center is separate geometric proxy.
512,2391,9cef4df78ea0a7188577ce02,False,uncertain,not_semantically_reviewed,No semantic component/background assignment inferred from position or distance; padding_center is separate geometric proxy.
512,772,2e6ec4882e89f00a95812589,False,uncertain,not_semantically_reviewed,No semantic component/background assignment inferred from position or distance; padding_center is separate geometric proxy.
512,2659,5242642f61dc9f3dccd7c5f1,False,uncertain,not_semantically_reviewed,No semantic component/background assignment inferred from position or distance; padding_center is separate geometric proxy.
512,85,b676edc592ddaac800d4513e,False,uncertain,not_semantically_reviewed,No semantic component/background assignment inferred from position or distance; padding_center is separate geometric proxy.
512,2267,3b7f4b0ef6e9931bb0a60233,False,uncertain,not_semantically_reviewed,No semantic component/background assignment inferred from position or distance; padding_center is separate geometric proxy.
512,3898,cd2ce2b777e1f8eb292bb311,False,uncertain,not_semantically_reviewed,No semantic component/background assignment inferred from position or distance; padding_center is separate geometric proxy.
512,2561,6b41ac9a929e84b8a5c54474,False,uncertain,not_semantically_reviewed,No semantic component/background assignment inferred from position or distance; padding_center is separate geometric proxy.
512,2217,f4b41463bd280c09530fb8d5,False,uncertain,not_semantically_reviewed,No semantic component/background assignment inferred from position or distance; padding_center is separate geometric proxy.
512,2822,66b007b118c0f706871e39e2,False,uncertain,not_semantically_reviewed,No semantic component/background assignment inferred from position or distance; padding_center is separate geometric proxy.
512,3041,a85b8f4d5500cae41064cdb7,False,uncertain,not_semantically_reviewed,No semantic component/background assignment inferred from position or distance; padding_center is separate geometric proxy.
512,2894,f01c727dc745da31a592efa9,False,uncertain,not_semantically_reviewed,No semantic component/background assignment inferred from position or distance; padding_center is separate geometric proxy.
512,3717,d1424fc72c8078a6537c9ca1,False,uncertain,not_semantically_reviewed,No semantic component/background assignment inferred from position or distance; padding_center is separate geometric proxy.
512,1731,c7633ba2b0624fc95a5a5341,False,uncertain,not_semantically_reviewed,No semantic component/background assignment inferred from position or distance; padding_center is separate geometric proxy.
512,53,7865271a8a6ac130c7e55bd5,False,uncertain,not_semantically_reviewed,No semantic component/background assignment inferred from position or distance; padding_center is separate geometric proxy.
512,3541,04b0f0bc641300949ff06626,False,uncertain,not_semantically_reviewed,No semantic component/background assignment inferred from position or distance; padding_center is separate geometric proxy.
512,3916,a55c764b9b773225c24ff95d,False,uncertain,not_semantically_reviewed,No semantic component/background assignment inferred from position or distance; padding_center is separate geometric proxy.
512,2904,2574dfa7386d8e50a2dc5719,False,uncertain,not_semantically_reviewed,No semantic component/background assignment inferred from position or distance; padding_center is separate geometric proxy.
512,847,a14cef6698ded057d17c4a65,False,uncertain,not_semantically_reviewed,No semantic component/background assignment inferred from position or distance; padding_center is separate geometric proxy.
512,1471,5f958a67a461a12163dd611a,False,uncertain,not_semantically_reviewed,No semantic component/background assignment inferred from position or distance; padding_center is separate geometric proxy.
512,3633,a863c9813c83ed2e5086e6f1,False,uncertain,not_semantically_reviewed,No semantic component/background assignment inferred from position or distance; padding_center is separate geometric proxy.
512,2116,c6a8d7dccd602dc757343e7a,False,uncertain,not_semantically_reviewed,No semantic component/background assignment inferred from position or distance; padding_center is separate geometric proxy.
512,1030,e937b5b7a5273fc864ee64e1,False,uncertain,not_semantically_reviewed,No semantic component/background assignment inferred from position or distance; padding_center is separate geometric proxy.
512,3737,b257061f4690add78829b537,False,uncertain,not_semantically_reviewed,No semantic component/background assignment inferred from position or distance; padding_center is separate geometric proxy.
512,1404,ab09c171d30bcdf55b687cd2,False,uncertain,not_semantically_reviewed,No semantic component/background assignment inferred from position or distance; padding_center is separate geometric proxy.
512,3216,18bdd05b85f8030805542307,False,uncertain,not_semantically_reviewed,No semantic component/background assignment inferred from position or distance; padding_center is separate geometric proxy.
512,2241,dfa76a8c21b877080895d047,False,uncertain,not_semantically_reviewed,No semantic component/background assignment inferred from position or distance; padding_center is separate geometric proxy.
512,3421,e47e5b1177f091fde9ec844d,False,uncertain,not_semantically_reviewed,No semantic component/background assignment inferred from position or distance; padding_center is separate geometric proxy.
512,2294,f819b5d38b92c526e4ce0b71,False,uncertain,not_semantically_reviewed,No semantic component/background assignment inferred from position or distance; padding_center is separate geometric proxy.
512,3068,c3c53608557237a3987b79e4,False,uncertain,not_semantically_reviewed,No semantic component/background assignment inferred from position or distance; padding_center is separate geometric proxy.
512,3498,9a718aa439dd189e7373aa0d,False,uncertain,not_semantically_reviewed,No semantic component/background assignment inferred from position or distance; padding_center is separate geometric proxy.
512,753,cbdf67e4b84fdebb3d0e28af,False,uncertain,not_semantically_reviewed,No semantic component/background assignment inferred from position or distance; padding_center is separate geometric proxy.
512,3871,53af98416cb0b2869d8f7539,False,uncertain,not_semantically_reviewed,No semantic component/background assignment inferred from position or distance; padding_center is separate geometric proxy.
512,2054,75ccabc7c7ebd7b743e9a864,False,uncertain,not_semantically_reviewed,No semantic component/background assignment inferred from position or distance; padding_center is separate geometric proxy.
512,2343,f5d2ec1040dadd7428895d46,False,uncertain,not_semantically_reviewed,No semantic component/background assignment inferred from position or distance; padding_center is separate geometric proxy.
512,2092,433809b14b745d53ec089421,False,uncertain,not_semantically_reviewed,No semantic component/background assignment inferred from position or distance; padding_center is separate geometric proxy.
512,3458,dd165541fbc074981d278ca8,False,uncertain,not_semantically_reviewed,No semantic component/background assignment inferred from position or distance; padding_center is separate geometric proxy.
512,3147,fc3ce2e3495fde5e3ca176db,False,uncertain,not_semantically_reviewed,No semantic component/background assignment inferred from position or distance; padding_center is separate geometric proxy.
512,1167,3600b9cdf68a783f08fd12aa,False,uncertain,not_semantically_reviewed,No semantic component/background assignment inferred from position or distance; padding_center is separate geometric proxy.
512,806,6df77ea1d8025cea10cdeab4,False,uncertain,not_semantically_reviewed,No semantic component/background assignment inferred from position or distance; padding_center is separate geometric proxy.
512,1225,6b41ac9a929e84b8a5c54474,False,uncertain,not_semantically_reviewed,No semantic component/background assignment inferred from position or distance; padding_center is separate geometric proxy.
512,3236,f4b41463bd280c09530fb8d5,False,uncertain,not_semantically_reviewed,No semantic component/background assignment inferred from position or distance; padding_center is separate geometric proxy.
512,2401,9958e07889a24c816b55dfd0,False,uncertain,not_semantically_reviewed,No semantic component/background assignment inferred from position or distance; padding_center is separate geometric proxy.
512,685,67dc9deda34890a8e735d460,False,uncertain,not_semantically_reviewed,No semantic component/background assignment inferred from position or distance; padding_center is separate geometric proxy.
512,2099,8ff7deb4a5cd8ce8d4686013,False,uncertain,not_semantically_reviewed,No semantic component/background assignment inferred from position or distance; padding_center is separate geometric proxy.
512,1073,9052050bccc72553c66e8144,False,uncertain,not_semantically_reviewed,No semantic component/background assignment inferred from position or distance; padding_center is separate geometric proxy.
512,2216,51175d44934be4581a9f4b97,False,uncertain,not_semantically_reviewed,No semantic component/background assignment inferred from position or distance; padding_center is separate geometric proxy.
512,2464,916ba7d461ab2c13bdf184d3,False,uncertain,not_semantically_reviewed,No semantic component/background assignment inferred from position or distance; padding_center is separate geometric proxy.
512,3172,e915375e3f2b08b8c79558d1,False,uncertain,not_semantically_reviewed,No semantic component/background assignment inferred from position or distance; padding_center is separate geometric proxy.
512,3687,3eae75012bae37b2cbc1664a,False,uncertain,not_semantically_reviewed,No semantic component/background assignment inferred from position or distance; padding_center is separate geometric proxy.
512,1076,feb57a45e8e6af73f1d2e2bd,False,uncertain,not_semantically_reviewed,No semantic component/background assignment inferred from position or distance; padding_center is separate geometric proxy.
512,3088,a45f7ec56768a817f0bb9744,False,uncertain,not_semantically_reviewed,No semantic component/background assignment inferred from position or distance; padding_center is separate geometric proxy.
512,2704,cb6c269e400c00894a2f2e9d,False,uncertain,not_semantically_reviewed,No semantic component/background assignment inferred from position or distance; padding_center is separate geometric proxy.
512,1562,abdbe0b50e7e46cdcd767f98,False,uncertain,not_semantically_reviewed,No semantic component/background assignment inferred from position or distance; padding_center is separate geometric proxy.
512,2165,76016013ac2f39f19fd5e707,False,uncertain,not_semantically_reviewed,No semantic component/background assignment inferred from position or distance; padding_center is separate geometric proxy.
512,3938,22eaa7df5e4b490e9a17adbb,False,uncertain,not_semantically_reviewed,No semantic component/background assignment inferred from position or distance; padding_center is separate geometric proxy.
512,2918,105cbc422d6aff7a633c1188,False,uncertain,not_semantically_reviewed,No semantic component/background assignment inferred from position or distance; padding_center is separate geometric proxy.
512,3781,90d64231ee573eace92fc2da,False,uncertain,not_semantically_reviewed,No semantic component/background assignment inferred from position or distance; padding_center is separate geometric proxy.
512,3087,d677e85653e506515ad8bddc,False,uncertain,not_semantically_reviewed,No semantic component/background assignment inferred from position or distance; padding_center is separate geometric proxy.
512,3139,f85a4d30cbe2d839d85caae0,False,uncertain,not_semantically_reviewed,No semantic component/background assignment inferred from position or distance; padding_center is separate geometric proxy.
512,803,736baaa0fc8d39ce48febcb6,False,uncertain,not_semantically_reviewed,No semantic component/background assignment inferred from position or distance; padding_center is separate geometric proxy.
512,2792,06be4552bec7255b8b861f03,False,uncertain,not_semantically_reviewed,No semantic component/background assignment inferred from position or distance; padding_center is separate geometric proxy.
512,1180,5b19de312d23f0fa4ea50e0a,False,uncertain,not_semantically_reviewed,No semantic component/background assignment inferred from position or distance; padding_center is separate geometric proxy.
512,3888,f55ce837ffdc773d16223cc9,False,uncertain,not_semantically_reviewed,No semantic component/background assignment inferred from position or distance; padding_center is separate geometric proxy.
512,2716,9fd931e296c23b935c80a2db,False,uncertain,not_semantically_reviewed,No semantic component/background assignment inferred from position or distance; padding_center is separate geometric proxy.
512,263,75ccabc7c7ebd7b743e9a864,False,uncertain,not_semantically_reviewed,No semantic component/background assignment inferred from position or distance; padding_center is separate geometric proxy.
512,1259,94ba7b6ade3b906ec1c3ebcb,False,uncertain,not_semantically_reviewed,No semantic component/background assignment inferred from position or distance; padding_center is separate geometric proxy.
512,3615,1c9bfc2e352f2340578ecb8c,False,uncertain,not_semantically_reviewed,No semantic component/background assignment inferred from position or distance; padding_center is separate geometric proxy.
512,1684,3e988861d357da3578512243,False,uncertain,not_semantically_reviewed,No semantic component/background assignment inferred from position or distance; padding_center is separate geometric proxy.
512,4077,d1fa68036b523c08be8338a1,False,uncertain,not_semantically_reviewed,No semantic component/background assignment inferred from position or distance; padding_center is separate geometric proxy.
512,1850,1bf0f2223e141aab9e8118b4,False,uncertain,not_semantically_reviewed,No semantic component/background assignment inferred from position or distance; padding_center is separate geometric proxy.
512,148,f9f9e95751bae3a9222c9770,False,uncertain,not_semantically_reviewed,No semantic component/background assignment inferred from position or distance; padding_center is separate geometric proxy.
512,1993,071a52275f1d4471593f9b83,False,uncertain,not_semantically_reviewed,No semantic component/background assignment inferred from position or distance; padding_center is separate geometric proxy.
512,3576,06be4552bec7255b8b861f03,False,uncertain,not_semantically_reviewed,No semantic component/background assignment inferred from position or distance; padding_center is separate geometric proxy.
512,3267,ab724f399489bf66138904f4,False,uncertain,not_semantically_reviewed,No semantic component/background assignment inferred from position or distance; padding_center is separate geometric proxy.
512,3611,1bcaa86fa604bcc293ebddb0,False,uncertain,not_semantically_reviewed,No semantic component/background assignment inferred from position or distance; padding_center is separate geometric proxy.
512,1178,3439aceae50a9e8e69e43437,False,uncertain,not_semantically_reviewed,No semantic component/background assignment inferred from position or distance; padding_center is separate geometric proxy.
512,1675,9cfadab4e87bbbd7e3153890,False,uncertain,not_semantically_reviewed,No semantic component/background assignment inferred from position or distance; padding_center is separate geometric proxy.
512,854,4665969bbaacc0e03564a0b5,False,uncertain,not_semantically_reviewed,No semantic component/background assignment inferred from position or distance; padding_center is separate geometric proxy.
512,2578,f55ce837ffdc773d16223cc9,False,uncertain,not_semantically_reviewed,No semantic component/background assignment inferred from position or distance; padding_center is separate geometric proxy.
512,1484,f4b41463bd280c09530fb8d5,False,uncertain,not_semantically_reviewed,No semantic component/background assignment inferred from position or distance; padding_center is separate geometric proxy.
512,2978,f85a4d30cbe2d839d85caae0,False,uncertain,not_semantically_reviewed,No semantic component/background assignment inferred from position or distance; padding_center is separate geometric proxy.
512,1911,66adfe65b3d9331a5da888c9,False,uncertain,not_semantically_reviewed,No semantic component/background assignment inferred from position or distance; padding_center is separate geometric proxy.
512,1080,5b19de312d23f0fa4ea50e0a,False,uncertain,not_semantically_reviewed,No semantic component/background assignment inferred from position or distance; padding_center is separate geometric proxy.
512,1075,3e988861d357da3578512243,False,uncertain,not_semantically_reviewed,No semantic component/background assignment inferred from position or distance; padding_center is separate geometric proxy.
512,3320,b702b5c2a0d53b0311f8251d,False,uncertain,not_semantically_reviewed,No semantic component/background assignment inferred from position or distance; padding_center is separate geometric proxy.
512,3842,5f958a67a461a12163dd611a,False,uncertain,not_semantically_reviewed,No semantic component/background assignment inferred from position or distance; padding_center is separate geometric proxy.
512,2283,766b495ea99f75997c14b363,False,uncertain,not_semantically_reviewed,No semantic component/background assignment inferred from position or distance; padding_center is separate geometric proxy.
512,592,d23b085ff7689b51dcc4805b,False,uncertain,not_semantically_reviewed,No semantic component/background assignment inferred from position or distance; padding_center is separate geometric proxy.
512,923,c6175a761ad4823c6ccf1423,False,uncertain,not_semantically_reviewed,No semantic component/background assignment inferred from position or distance; padding_center is separate geometric proxy.
512,1640,66d05d9c3f5b6674d314eb61,False,uncertain,not_semantically_reviewed,No semantic component/background assignment inferred from position or distance; padding_center is separate geometric proxy.
512,2273,a9120cb6af58868bd63ad1b5,False,uncertain,not_semantically_reviewed,No semantic component/background assignment inferred from position or distance; padding_center is separate geometric proxy.
512,1040,2adc2b219e02a58946be06ef,False,uncertain,not_semantically_reviewed,No semantic component/background assignment inferred from position or distance; padding_center is separate geometric proxy.
512,76,b4cd2a6e3103a666c330b5fc,False,uncertain,not_semantically_reviewed,No semantic component/background assignment inferred from position or distance; padding_center is separate geometric proxy.
512,2944,a55c764b9b773225c24ff95d,False,uncertain,not_semantically_reviewed,No semantic component/background assignment inferred from position or distance; padding_center is separate geometric proxy.
512,2587,63960923c232394fd8e99843,False,uncertain,not_semantically_reviewed,No semantic component/background assignment inferred from position or distance; padding_center is separate geometric proxy.
512,866,29dc8d4c0e70ced218f864d9,False,uncertain,not_semantically_reviewed,No semantic component/background assignment inferred from position or distance; padding_center is separate geometric proxy.
512,4072,d39e4c28510df90b7f38db78,False,uncertain,not_semantically_reviewed,No semantic component/background assignment inferred from position or distance; padding_center is separate geometric proxy.
512,861,200042ee3dd3defd68926f37,False,uncertain,not_semantically_reviewed,No semantic component/background assignment inferred from position or distance; padding_center is separate geometric proxy.
512,977,11b58bbc909e5dd0a7548fda,False,uncertain,not_semantically_reviewed,No semantic component/background assignment inferred from position or distance; padding_center is separate geometric proxy.
512,120,7d530f82804bd5827f7d06d5,False,uncertain,not_semantically_reviewed,No semantic component/background assignment inferred from position or distance; padding_center is separate geometric proxy.
512,1995,66b007b118c0f706871e39e2,False,uncertain,not_semantically_reviewed,No semantic component/background assignment inferred from position or distance; padding_center is separate geometric proxy.
512,3959,8863cf8ce2b243b58bb78daf,False,uncertain,not_semantically_reviewed,No semantic component/background assignment inferred from position or distance; padding_center is separate geometric proxy.
512,2533,fdad2167b4b6bf6d753dd060,False,uncertain,not_semantically_reviewed,No semantic component/background assignment inferred from position or distance; padding_center is separate geometric proxy.
512,1706,45dc6fdfab82e2a0f77a8f68,False,uncertain,not_semantically_reviewed,No semantic component/background assignment inferred from position or distance; padding_center is separate geometric proxy.
512,1969,b8540c2b902e1e4e0505b847,False,uncertain,not_semantically_reviewed,No semantic component/background assignment inferred from position or distance; padding_center is separate geometric proxy.
512,269,c6a8d7dccd602dc757343e7a,False,uncertain,not_semantically_reviewed,No semantic component/background assignment inferred from position or distance; padding_center is separate geometric proxy.
512,3588,cbdf67e4b84fdebb3d0e28af,False,uncertain,not_semantically_reviewed,No semantic component/background assignment inferred from position or distance; padding_center is separate geometric proxy.
512,3367,488bd8045c660b3964c2e1a2,False,uncertain,not_semantically_reviewed,No semantic component/background assignment inferred from position or distance; padding_center is separate geometric proxy.
512,2421,3da8a5b9d6054e744297b695,False,uncertain,not_semantically_reviewed,No semantic component/background assignment inferred from position or distance; padding_center is separate geometric proxy.
512,369,7e2d3336804b149b9089e670,False,uncertain,not_semantically_reviewed,No semantic component/background assignment inferred from position or distance; padding_center is separate geometric proxy.
512,2188,3c670fad112c759c272296d3,False,uncertain,not_semantically_reviewed,No semantic component/background assignment inferred from position or distance; padding_center is separate geometric proxy.
512,1738,4965160adcfb13a2bec036fe,False,uncertain,not_semantically_reviewed,No semantic component/background assignment inferred from position or distance; padding_center is separate geometric proxy.
512,3770,f170bde4bebf747879fec794,False,uncertain,not_semantically_reviewed,No semantic component/background assignment inferred from position or distance; padding_center is separate geometric proxy.
512,857,a55c764b9b773225c24ff95d,False,uncertain,not_semantically_reviewed,No semantic component/background assignment inferred from position or distance; padding_center is separate geometric proxy.
512,58,b5a2fb30928ad5646f9f4eb3,False,uncertain,not_semantically_reviewed,No semantic component/background assignment inferred from position or distance; padding_center is separate geometric proxy.
512,901,2a2ebe28454408e4b8e31f99,False,uncertain,not_semantically_reviewed,No semantic component/background assignment inferred from position or distance; padding_center is separate geometric proxy.
512,799,f23bbff4a8cfde5d0fbd7370,False,uncertain,not_semantically_reviewed,No semantic component/background assignment inferred from position or distance; padding_center is separate geometric proxy.
512,3462,d56cc29e759ac659a8147f7b,False,uncertain,not_semantically_reviewed,No semantic component/background assignment inferred from position or distance; padding_center is separate geometric proxy.
512,1599,836c931b8daff47ee81f701f,False,uncertain,not_semantically_reviewed,No semantic component/background assignment inferred from position or distance; padding_center is separate geometric proxy.
512,297,bee91dfe41693941789a0d0a,False,uncertain,not_semantically_reviewed,No semantic component/background assignment inferred from position or distance; padding_center is separate geometric proxy.
512,3725,5b19de312d23f0fa4ea50e0a,False,uncertain,not_semantically_reviewed,No semantic component/background assignment inferred from position or distance; padding_center is separate geometric proxy.
512,3077,f2af6124467ff2aa5b2ef3a2,False,uncertain,not_semantically_reviewed,No semantic component/background assignment inferred from position or distance; padding_center is separate geometric proxy.
512,3062,93f67a2d05281d7b8a6af7d3,False,uncertain,not_semantically_reviewed,No semantic component/background assignment inferred from position or distance; padding_center is separate geometric proxy.
512,4094,20ff5c4cb6790d5e8a299f16,False,uncertain,not_semantically_reviewed,No semantic component/background assignment inferred from position or distance; padding_center is separate geometric proxy.
512,3848,fa02af9f12e5c5dfce20f364,False,uncertain,not_semantically_reviewed,No semantic component/background assignment inferred from position or distance; padding_center is separate geometric proxy.
512,965,94ba7b6ade3b906ec1c3ebcb,False,uncertain,not_semantically_reviewed,No semantic component/background assignment inferred from position or distance; padding_center is separate geometric proxy.
512,1594,d8be0033ff7b478a79cc5965,False,uncertain,not_semantically_reviewed,No semantic component/background assignment inferred from position or distance; padding_center is separate geometric proxy.
512,652,714e6df65622e10ab0ab0e7f,False,uncertain,not_semantically_reviewed,No semantic component/background assignment inferred from position or distance; padding_center is separate geometric proxy.
512,3602,5f958a67a461a12163dd611a,False,uncertain,not_semantically_reviewed,No semantic component/background assignment inferred from position or distance; padding_center is separate geometric proxy.
512,3327,05b629a925176bfd19da1356,False,uncertain,not_semantically_reviewed,No semantic component/background assignment inferred from position or distance; padding_center is separate geometric proxy.
512,3545,16b0fac2884314e1383d6754,False,uncertain,not_semantically_reviewed,No semantic component/background assignment inferred from position or distance; padding_center is separate geometric proxy.
512,14,82c3c01c638ac534deeb4f7e,False,uncertain,not_semantically_reviewed,No semantic component/background assignment inferred from position or distance; padding_center is separate geometric proxy.
512,2270,ff2ced79066df248fa968991,False,uncertain,not_semantically_reviewed,No semantic component/background assignment inferred from position or distance; padding_center is separate geometric proxy.
512,2512,1341a4d254c5ed4e53f9cc0a,False,uncertain,not_semantically_reviewed,No semantic component/background assignment inferred from position or distance; padding_center is separate geometric proxy.
512,612,5242642f61dc9f3dccd7c5f1,False,uncertain,not_semantically_reviewed,No semantic component/background assignment inferred from position or distance; padding_center is separate geometric proxy.
512,840,14f6a0c3392df9da95bb6c4c,False,uncertain,not_semantically_reviewed,No semantic component/background assignment inferred from position or distance; padding_center is separate geometric proxy.
512,391,8d21850c283f248e197a3812,False,uncertain,not_semantically_reviewed,No semantic component/background assignment inferred from position or distance; padding_center is separate geometric proxy.
512,3492,8ef884f1eed8090e150500e8,False,uncertain,not_semantically_reviewed,No semantic component/background assignment inferred from position or distance; padding_center is separate geometric proxy.
512,604,4bbc0bc9496a4f24dfec4361,False,uncertain,not_semantically_reviewed,No semantic component/background assignment inferred from position or distance; padding_center is separate geometric proxy.
512,2386,93f67a2d05281d7b8a6af7d3,False,uncertain,not_semantically_reviewed,No semantic component/background assignment inferred from position or distance; padding_center is separate geometric proxy.
512,2132,dfdb0d0f027bd00ec46eee2b,False,uncertain,not_semantically_reviewed,No semantic component/background assignment inferred from position or distance; padding_center is separate geometric proxy.
512,2404,a2b0545a6deb48e57bb709a2,False,uncertain,not_semantically_reviewed,No semantic component/background assignment inferred from position or distance; padding_center is separate geometric proxy.
512,3435,6224d209aa1d004e0788419a,False,uncertain,not_semantically_reviewed,No semantic component/background assignment inferred from position or distance; padding_center is separate geometric proxy.
512,947,66d10c1a1a2e920f3353605b,False,uncertain,not_semantically_reviewed,No semantic component/background assignment inferred from position or distance; padding_center is separate geometric proxy.
512,125,93f67a2d05281d7b8a6af7d3,False,uncertain,not_semantically_reviewed,No semantic component/background assignment inferred from position or distance; padding_center is separate geometric proxy.
512,619,686aca559697cfd33db0eba9,False,uncertain,not_semantically_reviewed,No semantic component/background assignment inferred from position or distance; padding_center is separate geometric proxy.
512,3791,ff2ced79066df248fa968991,False,uncertain,not_semantically_reviewed,No semantic component/background assignment inferred from position or distance; padding_center is separate geometric proxy.
512,739,9ec48b7a0e77e839ce7c2563,False,uncertain,not_semantically_reviewed,No semantic component/background assignment inferred from position or distance; padding_center is separate geometric proxy.
512,1548,f7ab54038434a0fb639afdd3,False,uncertain,not_semantically_reviewed,No semantic component/background assignment inferred from position or distance; padding_center is separate geometric proxy.
512,3311,4b4b8a8b741d6f6b1bb77a85,False,uncertain,not_semantically_reviewed,No semantic component/background assignment inferred from position or distance; padding_center is separate geometric proxy.
512,2448,04b0f0bc641300949ff06626,False,uncertain,not_semantically_reviewed,No semantic component/background assignment inferred from position or distance; padding_center is separate geometric proxy.
512,776,6387f6ced1c40317d03fa204,False,uncertain,not_semantically_reviewed,No semantic component/background assignment inferred from position or distance; padding_center is separate geometric proxy.
512,3697,f4b41463bd280c09530fb8d5,False,uncertain,not_semantically_reviewed,No semantic component/background assignment inferred from position or distance; padding_center is separate geometric proxy.
512,171,1919d4ea4256585ce707a263,False,uncertain,not_semantically_reviewed,No semantic component/background assignment inferred from position or distance; padding_center is separate geometric proxy.
512,3694,71e172b953d23eba9b7b5a2a,False,uncertain,not_semantically_reviewed,No semantic component/background assignment inferred from position or distance; padding_center is separate geometric proxy.
512,4002,20cf9b53ea244f2a77bc7d41,False,uncertain,not_semantically_reviewed,No semantic component/background assignment inferred from position or distance; padding_center is separate geometric proxy.
512,3863,75ccabc7c7ebd7b743e9a864,False,uncertain,not_semantically_reviewed,No semantic component/background assignment inferred from position or distance; padding_center is separate geometric proxy.
512,1726,f170bde4bebf747879fec794,False,uncertain,not_semantically_reviewed,No semantic component/background assignment inferred from position or distance; padding_center is separate geometric proxy.
512,2295,21c722dcc1e220ccbc6b85cc,False,uncertain,not_semantically_reviewed,No semantic component/background assignment inferred from position or distance; padding_center is separate geometric proxy.
512,835,1fa498cf28f7a1c8be919a3b,False,uncertain,not_semantically_reviewed,No semantic component/background assignment inferred from position or distance; padding_center is separate geometric proxy.
512,736,edd8c2f2a1edb1d9b7902444,False,uncertain,not_semantically_reviewed,No semantic component/background assignment inferred from position or distance; padding_center is separate geometric proxy.
512,2931,19115fe57abbc35639d33208,False,uncertain,not_semantically_reviewed,No semantic component/background assignment inferred from position or distance; padding_center is separate geometric proxy.
512,2139,fc9a7b6e75a18bc59722c696,False,uncertain,not_semantically_reviewed,No semantic component/background assignment inferred from position or distance; padding_center is separate geometric proxy.
512,1366,11b58bbc909e5dd0a7548fda,False,uncertain,not_semantically_reviewed,No semantic component/background assignment inferred from position or distance; padding_center is separate geometric proxy.
512,2867,90f8d65a25ef405f68fb6798,False,uncertain,not_semantically_reviewed,No semantic component/background assignment inferred from position or distance; padding_center is separate geometric proxy.
512,917,907be88c00be9a37e6fffdf9,False,uncertain,not_semantically_reviewed,No semantic component/background assignment inferred from position or distance; padding_center is separate geometric proxy.
512,3337,72ac6b38b6693e5fc323e6d7,False,uncertain,not_semantically_reviewed,No semantic component/background assignment inferred from position or distance; padding_center is separate geometric proxy.
512,4046,b5a2fb30928ad5646f9f4eb3,False,uncertain,not_semantically_reviewed,No semantic component/background assignment inferred from position or distance; padding_center is separate geometric proxy.
512,1221,19115fe57abbc35639d33208,False,uncertain,not_semantically_reviewed,No semantic component/background assignment inferred from position or distance; padding_center is separate geometric proxy.
512,2155,4980c72ca67d8e631768e86d,False,uncertain,not_semantically_reviewed,No semantic component/background assignment inferred from position or distance; padding_center is separate geometric proxy.
512,3896,b676edc592ddaac800d4513e,False,uncertain,not_semantically_reviewed,No semantic component/background assignment inferred from position or distance; padding_center is separate geometric proxy.
512,727,ae415b74e5e6e7c755acefb9,False,uncertain,not_semantically_reviewed,No semantic component/background assignment inferred from position or distance; padding_center is separate geometric proxy.
512,896,8c45dd494acbb106ab4500e8,False,uncertain,not_semantically_reviewed,No semantic component/background assignment inferred from position or distance; padding_center is separate geometric proxy.
512,2124,b676edc592ddaac800d4513e,False,uncertain,not_semantically_reviewed,No semantic component/background assignment inferred from position or distance; padding_center is separate geometric proxy.
512,1873,18a0d6dc34942149287a8f9d,False,uncertain,not_semantically_reviewed,No semantic component/background assignment inferred from position or distance; padding_center is separate geometric proxy.
512,1658,7e2d3336804b149b9089e670,False,uncertain,not_semantically_reviewed,No semantic component/background assignment inferred from position or distance; padding_center is separate geometric proxy.
512,932,952e25a8dcd8ce6055472946,False,uncertain,not_semantically_reviewed,No semantic component/background assignment inferred from position or distance; padding_center is separate geometric proxy.
512,96,6b5412ef1aff907d587d4786,False,uncertain,not_semantically_reviewed,No semantic component/background assignment inferred from position or distance; padding_center is separate geometric proxy.
512,2980,3e9601c37c2513abd6a2f915,False,uncertain,not_semantically_reviewed,No semantic component/background assignment inferred from position or distance; padding_center is separate geometric proxy.
512,2969,17e036176f079d10fff39929,False,uncertain,not_semantically_reviewed,No semantic component/background assignment inferred from position or distance; padding_center is separate geometric proxy.
512,3705,a85b8f4d5500cae41064cdb7,False,uncertain,not_semantically_reviewed,No semantic component/background assignment inferred from position or distance; padding_center is separate geometric proxy.
512,2447,5f958a67a461a12163dd611a,False,uncertain,not_semantically_reviewed,No semantic component/background assignment inferred from position or distance; padding_center is separate geometric proxy.
512,3757,c3c53608557237a3987b79e4,False,uncertain,not_semantically_reviewed,No semantic component/background assignment inferred from position or distance; padding_center is separate geometric proxy.
512,2940,1a6c6fa7c8a001348abf771b,False,uncertain,not_semantically_reviewed,No semantic component/background assignment inferred from position or distance; padding_center is separate geometric proxy.
512,2409,46c3d28ad61bb05f7a88360b,False,uncertain,not_semantically_reviewed,No semantic component/background assignment inferred from position or distance; padding_center is separate geometric proxy.
512,1526,1f5f2029b5a9b7fa882293dc,False,uncertain,not_semantically_reviewed,No semantic component/background assignment inferred from position or distance; padding_center is separate geometric proxy.
512,3072,237c596b591254405a69e540,False,uncertain,not_semantically_reviewed,No semantic component/background assignment inferred from position or distance; padding_center is separate geometric proxy.
512,937,1844fefcb7366ba42d363bb3,False,uncertain,not_semantically_reviewed,No semantic component/background assignment inferred from position or distance; padding_center is separate geometric proxy.
512,1600,23c5900b7e57117a3f69a3e8,False,uncertain,not_semantically_reviewed,No semantic component/background assignment inferred from position or distance; padding_center is separate geometric proxy.
512,3178,2e9fd00466fa648afac15ac8,False,uncertain,not_semantically_reviewed,No semantic component/background assignment inferred from position or distance; padding_center is separate geometric proxy.
512,3368,2bf31984d1f330c9e5e3b556,False,uncertain,not_semantically_reviewed,No semantic component/background assignment inferred from position or distance; padding_center is separate geometric proxy.
512,3122,3f6f56b8a606fd443b9897c6,False,uncertain,not_semantically_reviewed,No semantic component/background assignment inferred from position or distance; padding_center is separate geometric proxy.
512,2550,a07162736060762abf1cf681,False,uncertain,not_semantically_reviewed,No semantic component/background assignment inferred from position or distance; padding_center is separate geometric proxy.
512,4009,21decaf607d356c6e48eaecb,False,uncertain,not_semantically_reviewed,No semantic component/background assignment inferred from position or distance; padding_center is separate geometric proxy.
512,3430,0eaf2d19aa0c775d62a83644,False,uncertain,not_semantically_reviewed,No semantic component/background assignment inferred from position or distance; padding_center is separate geometric proxy.
512,729,bbbde7bf5487a3433dcea610,False,uncertain,not_semantically_reviewed,No semantic component/background assignment inferred from position or distance; padding_center is separate geometric proxy.
512,32,a07162736060762abf1cf681,False,uncertain,not_semantically_reviewed,No semantic component/background assignment inferred from position or distance; padding_center is separate geometric proxy.
512,2942,b797141e90d5975ca6eb24ff,False,uncertain,not_semantically_reviewed,No semantic component/background assignment inferred from position or distance; padding_center is separate geometric proxy.
512,2666,94cd5f5169124127de475e5c,True,uncertain,not_semantically_reviewed,No semantic component/background assignment inferred from position or distance; padding_center is separate geometric proxy.
512,2922,9e8332606a03fe254ea768e1,False,uncertain,not_semantically_reviewed,No semantic component/background assignment inferred from position or distance; padding_center is separate geometric proxy.
512,1105,6dc8a9fd69394147248823c3,False,uncertain,not_semantically_reviewed,No semantic component/background assignment inferred from position or distance; padding_center is separate geometric proxy.
512,292,1326fa12b1d2547c7553b237,True,uncertain,not_semantically_reviewed,No semantic component/background assignment inferred from position or distance; padding_center is separate geometric proxy.
512,3511,b906f45e3df48b0c353a24ed,False,uncertain,not_semantically_reviewed,No semantic component/background assignment inferred from position or distance; padding_center is separate geometric proxy.
512,4028,d602999b8e479c0793a28343,False,uncertain,not_semantically_reviewed,No semantic component/background assignment inferred from position or distance; padding_center is separate geometric proxy.
512,894,94ba7b6ade3b906ec1c3ebcb,False,uncertain,not_semantically_reviewed,No semantic component/background assignment inferred from position or distance; padding_center is separate geometric proxy.
512,1630,8d8da59b0a99e887b532a674,False,uncertain,not_semantically_reviewed,No semantic component/background assignment inferred from position or distance; padding_center is separate geometric proxy.
512,195,8068d11c47ead790e41d7196,False,uncertain,not_semantically_reviewed,No semantic component/background assignment inferred from position or distance; padding_center is separate geometric proxy.
512,2929,3da8a5b9d6054e744297b695,False,uncertain,not_semantically_reviewed,No semantic component/background assignment inferred from position or distance; padding_center is separate geometric proxy.
512,2331,3da8a5b9d6054e744297b695,False,uncertain,not_semantically_reviewed,No semantic component/background assignment inferred from position or distance; padding_center is separate geometric proxy.
512,530,edd8c2f2a1edb1d9b7902444,False,uncertain,not_semantically_reviewed,No semantic component/background assignment inferred from position or distance; padding_center is separate geometric proxy.
512,2105,a14cef6698ded057d17c4a65,False,uncertain,not_semantically_reviewed,No semantic component/background assignment inferred from position or distance; padding_center is separate geometric proxy.
512,3007,16b0fac2884314e1383d6754,False,uncertain,not_semantically_reviewed,No semantic component/background assignment inferred from position or distance; padding_center is separate geometric proxy.
512,3146,bee91dfe41693941789a0d0a,False,uncertain,not_semantically_reviewed,No semantic component/background assignment inferred from position or distance; padding_center is separate geometric proxy.
512,2125,1cba8d93f940185037702633,False,uncertain,not_semantically_reviewed,No semantic component/background assignment inferred from position or distance; padding_center is separate geometric proxy.
512,1817,341bda6eed5f4e8ac5903152,False,uncertain,not_semantically_reviewed,No semantic component/background assignment inferred from position or distance; padding_center is separate geometric proxy.
512,3675,475d3a39b0f5bde6f2638d17,False,uncertain,not_semantically_reviewed,No semantic component/background assignment inferred from position or distance; padding_center is separate geometric proxy.
512,1723,ff2ced79066df248fa968991,False,uncertain,not_semantically_reviewed,No semantic component/background assignment inferred from position or distance; padding_center is separate geometric proxy.
512,1253,f4d7eb9f2381c80709083042,False,uncertain,not_semantically_reviewed,No semantic component/background assignment inferred from position or distance; padding_center is separate geometric proxy.
512,3752,b6b12792e7632ef2609e5e75,False,uncertain,not_semantically_reviewed,No semantic component/background assignment inferred from position or distance; padding_center is separate geometric proxy.
512,3173,e1332eb5c86461f086004c34,False,uncertain,not_semantically_reviewed,No semantic component/background assignment inferred from position or distance; padding_center is separate geometric proxy.
512,1782,69718c2cbcdee661e85e894b,False,uncertain,not_semantically_reviewed,No semantic component/background assignment inferred from position or distance; padding_center is separate geometric proxy.
512,1133,9d0fec5d4a23a4e1d1c3edf3,False,uncertain,not_semantically_reviewed,No semantic component/background assignment inferred from position or distance; padding_center is separate geometric proxy.
512,495,45dc6fdfab82e2a0f77a8f68,False,uncertain,not_semantically_reviewed,No semantic component/background assignment inferred from position or distance; padding_center is separate geometric proxy.
512,116,e929ae27ffd34899ed029309,False,uncertain,not_semantically_reviewed,No semantic component/background assignment inferred from position or distance; padding_center is separate geometric proxy.
512,2534,0334881c2a6072e337a55f97,False,uncertain,not_semantically_reviewed,No semantic component/background assignment inferred from position or distance; padding_center is separate geometric proxy.
512,4074,e0b899fd61dbe99f13611570,False,uncertain,not_semantically_reviewed,No semantic component/background assignment inferred from position or distance; padding_center is separate geometric proxy.
512,1412,f18d9fcdfa2282a3b6ad2aa8,False,uncertain,not_semantically_reviewed,No semantic component/background assignment inferred from position or distance; padding_center is separate geometric proxy.
512,287,0a4ecb1e7208c018c987723b,False,uncertain,not_semantically_reviewed,No semantic component/background assignment inferred from position or distance; padding_center is separate geometric proxy.
512,2374,4c7ebec199ba9cbea02ba2e3,False,uncertain,not_semantically_reviewed,No semantic component/background assignment inferred from position or distance; padding_center is separate geometric proxy.
512,635,d56cc29e759ac659a8147f7b,False,uncertain,not_semantically_reviewed,No semantic component/background assignment inferred from position or distance; padding_center is separate geometric proxy.
512,2658,7e61ea81f0f1120629741738,False,uncertain,not_semantically_reviewed,No semantic component/background assignment inferred from position or distance; padding_center is separate geometric proxy.
512,1108,6a94f7732c738d23f7748f52,False,uncertain,not_semantically_reviewed,No semantic component/background assignment inferred from position or distance; padding_center is separate geometric proxy.
512,1991,9d0fec5d4a23a4e1d1c3edf3,False,uncertain,not_semantically_reviewed,No semantic component/background assignment inferred from position or distance; padding_center is separate geometric proxy.
512,3502,bf06c5f5f686534fff0cb2ab,False,uncertain,not_semantically_reviewed,No semantic component/background assignment inferred from position or distance; padding_center is separate geometric proxy.
512,1947,e32ce629c77904b54ff57dac,False,uncertain,not_semantically_reviewed,No semantic component/background assignment inferred from position or distance; padding_center is separate geometric proxy.
512,610,e47e5b1177f091fde9ec844d,False,uncertain,not_semantically_reviewed,No semantic component/background assignment inferred from position or distance; padding_center is separate geometric proxy.
512,2128,6b8d21c86207f8f468d728fc,False,uncertain,not_semantically_reviewed,No semantic component/background assignment inferred from position or distance; padding_center is separate geometric proxy.
512,4056,bfae5cd848e6184dadfcd3c4,False,uncertain,not_semantically_reviewed,No semantic component/background assignment inferred from position or distance; padding_center is separate geometric proxy.
512,2060,5704beb34b7700bdf69b68d7,False,uncertain,not_semantically_reviewed,No semantic component/background assignment inferred from position or distance; padding_center is separate geometric proxy.
512,73,5c75350aed5b717062b17cae,False,uncertain,not_semantically_reviewed,No semantic component/background assignment inferred from position or distance; padding_center is separate geometric proxy.
512,3259,74b7ffff37e9526451719bfb,False,uncertain,not_semantically_reviewed,No semantic component/background assignment inferred from position or distance; padding_center is separate geometric proxy.
512,1564,32b7b720203cd470bb8bf8d4,False,uncertain,not_semantically_reviewed,No semantic component/background assignment inferred from position or distance; padding_center is separate geometric proxy.
512,1608,82c3c01c638ac534deeb4f7e,False,uncertain,not_semantically_reviewed,No semantic component/background assignment inferred from position or distance; padding_center is separate geometric proxy.
512,724,1327d6214b0219c36221ae31,False,uncertain,not_semantically_reviewed,No semantic component/background assignment inferred from position or distance; padding_center is separate geometric proxy.
512,3971,d8be0033ff7b478a79cc5965,False,uncertain,not_semantically_reviewed,No semantic component/background assignment inferred from position or distance; padding_center is separate geometric proxy.
512,3395,c5c57f704853728fb9cd7e37,False,uncertain,not_semantically_reviewed,No semantic component/background assignment inferred from position or distance; padding_center is separate geometric proxy.
512,1581,0d527f61bb705292e92641d6,False,uncertain,not_semantically_reviewed,No semantic component/background assignment inferred from position or distance; padding_center is separate geometric proxy.
512,338,1ab50a979f605f4f4dd51494,False,uncertain,not_semantically_reviewed,No semantic component/background assignment inferred from position or distance; padding_center is separate geometric proxy.
512,1011,6bcb8810eef36573291f3d5b,False,uncertain,not_semantically_reviewed,No semantic component/background assignment inferred from position or distance; padding_center is separate geometric proxy.
512,4076,a4adab20d42f236717549a1d,False,uncertain,not_semantically_reviewed,No semantic component/background assignment inferred from position or distance; padding_center is separate geometric proxy.
512,1928,ed850f55d146d883d6a79c45,False,uncertain,not_semantically_reviewed,No semantic component/background assignment inferred from position or distance; padding_center is separate geometric proxy.
512,2000,fd4e2bfc1111ea48b494e402,False,uncertain,not_semantically_reviewed,No semantic component/background assignment inferred from position or distance; padding_center is separate geometric proxy.
512,2450,89c5720e09cc8adbb2278ca8,False,uncertain,not_semantically_reviewed,No semantic component/background assignment inferred from position or distance; padding_center is separate geometric proxy.
512,1728,f170bde4bebf747879fec794,False,uncertain,not_semantically_reviewed,No semantic component/background assignment inferred from position or distance; padding_center is separate geometric proxy.
512,3702,a614ab4df91a7205f34429c6,False,uncertain,not_semantically_reviewed,No semantic component/background assignment inferred from position or distance; padding_center is separate geometric proxy.
512,2564,8c13b51d04efc858be6bd1fe,False,uncertain,not_semantically_reviewed,No semantic component/background assignment inferred from position or distance; padding_center is separate geometric proxy.
512,2768,94ba7b6ade3b906ec1c3ebcb,False,uncertain,not_semantically_reviewed,No semantic component/background assignment inferred from position or distance; padding_center is separate geometric proxy.
512,164,14b6b0d9a38c1c29adba90a9,False,uncertain,not_semantically_reviewed,No semantic component/background assignment inferred from position or distance; padding_center is separate geometric proxy.
512,3849,f170bde4bebf747879fec794,False,uncertain,not_semantically_reviewed,No semantic component/background assignment inferred from position or distance; padding_center is separate geometric proxy.
512,4053,79bc2e4e01676ea5281bcec0,False,uncertain,not_semantically_reviewed,No semantic component/background assignment inferred from position or distance; padding_center is separate geometric proxy.
512,918,c957e21dc70d6ab2000240ca,False,uncertain,not_semantically_reviewed,No semantic component/background assignment inferred from position or distance; padding_center is separate geometric proxy.
512,2694,74c9ac3186de7dd54be4711b,False,uncertain,not_semantically_reviewed,No semantic component/background assignment inferred from position or distance; padding_center is separate geometric proxy.
512,267,d8be0033ff7b478a79cc5965,False,uncertain,not_semantically_reviewed,No semantic component/background assignment inferred from position or distance; padding_center is separate geometric proxy.
512,1868,dfdb0d0f027bd00ec46eee2b,False,uncertain,not_semantically_reviewed,No semantic component/background assignment inferred from position or distance; padding_center is separate geometric proxy.
512,3082,475d3a39b0f5bde6f2638d17,False,uncertain,not_semantically_reviewed,No semantic component/background assignment inferred from position or distance; padding_center is separate geometric proxy.
512,2673,1b7a852f8174f39c849a124b,False,uncertain,not_semantically_reviewed,No semantic component/background assignment inferred from position or distance; padding_center is separate geometric proxy.
512,3407,1bcaa86fa604bcc293ebddb0,False,uncertain,not_semantically_reviewed,No semantic component/background assignment inferred from position or distance; padding_center is separate geometric proxy.
512,206,1cba8d93f940185037702633,False,uncertain,not_semantically_reviewed,No semantic component/background assignment inferred from position or distance; padding_center is separate geometric proxy.
512,3797,7086c3b7f6936769b7d902ff,False,uncertain,not_semantically_reviewed,No semantic component/background assignment inferred from position or distance; padding_center is separate geometric proxy.
512,3034,fd2430b8ee151628a4b18c1d,False,uncertain,not_semantically_reviewed,No semantic component/background assignment inferred from position or distance; padding_center is separate geometric proxy.
512,3847,9f3e91eb61fafa2aefda8e5c,False,uncertain,not_semantically_reviewed,No semantic component/background assignment inferred from position or distance; padding_center is separate geometric proxy.
512,1430,5f958a67a461a12163dd611a,False,uncertain,not_semantically_reviewed,No semantic component/background assignment inferred from position or distance; padding_center is separate geometric proxy.
512,754,94ba7b6ade3b906ec1c3ebcb,False,uncertain,not_semantically_reviewed,No semantic component/background assignment inferred from position or distance; padding_center is separate geometric proxy.
512,2628,2e69345129be94487b89eff4,False,uncertain,not_semantically_reviewed,No semantic component/background assignment inferred from position or distance; padding_center is separate geometric proxy.
512,3402,2574dfa7386d8e50a2dc5719,False,uncertain,not_semantically_reviewed,No semantic component/background assignment inferred from position or distance; padding_center is separate geometric proxy.
512,499,2e5978f4da260374452ae8a2,False,uncertain,not_semantically_reviewed,No semantic component/background assignment inferred from position or distance; padding_center is separate geometric proxy.
512,3196,6e2efbafb29a453dc464dd7b,False,uncertain,not_semantically_reviewed,No semantic component/background assignment inferred from position or distance; padding_center is separate geometric proxy.
512,212,92d614d6b465751b11ba5b84,False,uncertain,not_semantically_reviewed,No semantic component/background assignment inferred from position or distance; padding_center is separate geometric proxy.
512,2925,fd2430b8ee151628a4b18c1d,False,uncertain,not_semantically_reviewed,No semantic component/background assignment inferred from position or distance; padding_center is separate geometric proxy.
512,89,18986155df3bc4d5931597b1,False,uncertain,not_semantically_reviewed,No semantic component/background assignment inferred from position or distance; padding_center is separate geometric proxy.
512,2028,3e9601c37c2513abd6a2f915,False,uncertain,not_semantically_reviewed,No semantic component/background assignment inferred from position or distance; padding_center is separate geometric proxy.
512,1112,c9f52ea667435d78e3feea88,False,uncertain,not_semantically_reviewed,No semantic component/background assignment inferred from position or distance; padding_center is separate geometric proxy.
512,3019,c957e21dc70d6ab2000240ca,False,uncertain,not_semantically_reviewed,No semantic component/background assignment inferred from position or distance; padding_center is separate geometric proxy.
512,644,fd2430b8ee151628a4b18c1d,False,uncertain,not_semantically_reviewed,No semantic component/background assignment inferred from position or distance; padding_center is separate geometric proxy.
512,3944,9a718aa439dd189e7373aa0d,False,uncertain,not_semantically_reviewed,No semantic component/background assignment inferred from position or distance; padding_center is separate geometric proxy.
512,1701,841cbb396d21645ac11b6b7b,False,uncertain,not_semantically_reviewed,No semantic component/background assignment inferred from position or distance; padding_center is separate geometric proxy.
512,703,f2af6124467ff2aa5b2ef3a2,False,uncertain,not_semantically_reviewed,No semantic component/background assignment inferred from position or distance; padding_center is separate geometric proxy.
512,4030,66b007b118c0f706871e39e2,False,uncertain,not_semantically_reviewed,No semantic component/background assignment inferred from position or distance; padding_center is separate geometric proxy.
512,3505,dfa76a8c21b877080895d047,False,uncertain,not_semantically_reviewed,No semantic component/background assignment inferred from position or distance; padding_center is separate geometric proxy.
512,1967,9d0fec5d4a23a4e1d1c3edf3,False,uncertain,not_semantically_reviewed,No semantic component/background assignment inferred from position or distance; padding_center is separate geometric proxy.
512,3579,736baaa0fc8d39ce48febcb6,False,uncertain,not_semantically_reviewed,No semantic component/background assignment inferred from position or distance; padding_center is separate geometric proxy.
512,3198,66b007b118c0f706871e39e2,False,uncertain,not_semantically_reviewed,No semantic component/background assignment inferred from position or distance; padding_center is separate geometric proxy.
512,3954,c9f52ea667435d78e3feea88,False,uncertain,not_semantically_reviewed,No semantic component/background assignment inferred from position or distance; padding_center is separate geometric proxy.
512,1220,90f8d65a25ef405f68fb6798,False,uncertain,not_semantically_reviewed,No semantic component/background assignment inferred from position or distance; padding_center is separate geometric proxy.
512,516,e1f9b73f0e97bbc50bbf5d91,False,uncertain,not_semantically_reviewed,No semantic component/background assignment inferred from position or distance; padding_center is separate geometric proxy.
512,4060,12196e78def6040041f13f61,False,uncertain,not_semantically_reviewed,No semantic component/background assignment inferred from position or distance; padding_center is separate geometric proxy.
512,3698,3b739922cafc7c1c1b6bf5af,False,uncertain,not_semantically_reviewed,No semantic component/background assignment inferred from position or distance; padding_center is separate geometric proxy.
512,3537,f6aa06cfa3790728d4b95f50,False,uncertain,not_semantically_reviewed,No semantic component/background assignment inferred from position or distance; padding_center is separate geometric proxy.
512,2231,b03c9fefe383d5f0e4dcf8d2,False,uncertain,not_semantically_reviewed,No semantic component/background assignment inferred from position or distance; padding_center is separate geometric proxy.
512,3891,99d31b5ee8588de7092eec14,False,uncertain,not_semantically_reviewed,No semantic component/background assignment inferred from position or distance; padding_center is separate geometric proxy.
512,3820,2cf91654e3d7631b17354d42,False,uncertain,not_semantically_reviewed,No semantic component/background assignment inferred from position or distance; padding_center is separate geometric proxy.
512,2543,dd4c20b6f96d03dc74c82c00,False,uncertain,not_semantically_reviewed,No semantic component/background assignment inferred from position or distance; padding_center is separate geometric proxy.
512,4044,f3ab3668841a39a487fb092d,False,uncertain,not_semantically_reviewed,No semantic component/background assignment inferred from position or distance; padding_center is separate geometric proxy.
512,3370,3e9601c37c2513abd6a2f915,False,uncertain,not_semantically_reviewed,No semantic component/background assignment inferred from position or distance; padding_center is separate geometric proxy.
512,1952,694629f0aa74ceda2a15ba21,False,uncertain,not_semantically_reviewed,No semantic component/background assignment inferred from position or distance; padding_center is separate geometric proxy.
512,3544,1866aa1f73748f11e9700fcb,False,uncertain,not_semantically_reviewed,No semantic component/background assignment inferred from position or distance; padding_center is separate geometric proxy.
512,1328,1844fefcb7366ba42d363bb3,False,uncertain,not_semantically_reviewed,No semantic component/background assignment inferred from position or distance; padding_center is separate geometric proxy.
512,121,a8c2ef44f6ce442f4d507c77,False,uncertain,not_semantically_reviewed,No semantic component/background assignment inferred from position or distance; padding_center is separate geometric proxy.
512,1787,0334881c2a6072e337a55f97,False,uncertain,not_semantically_reviewed,No semantic component/background assignment inferred from position or distance; padding_center is separate geometric proxy.
512,3992,6387f6ced1c40317d03fa204,False,uncertain,not_semantically_reviewed,No semantic component/background assignment inferred from position or distance; padding_center is separate geometric proxy.
512,2575,d56cc29e759ac659a8147f7b,False,uncertain,not_semantically_reviewed,No semantic component/background assignment inferred from position or distance; padding_center is separate geometric proxy.
512,1806,6224d209aa1d004e0788419a,False,uncertain,not_semantically_reviewed,No semantic component/background assignment inferred from position or distance; padding_center is separate geometric proxy.
512,1448,4965160adcfb13a2bec036fe,False,uncertain,not_semantically_reviewed,No semantic component/background assignment inferred from position or distance; padding_center is separate geometric proxy.
512,785,d8893f3a76156d238b88fc70,False,uncertain,not_semantically_reviewed,No semantic component/background assignment inferred from position or distance; padding_center is separate geometric proxy.
512,1871,0161225fef57b7ce6ba4e2f9,False,uncertain,not_semantically_reviewed,No semantic component/background assignment inferred from position or distance; padding_center is separate geometric proxy.
512,2529,fc73f20a80be611a6bc12640,False,uncertain,not_semantically_reviewed,No semantic component/background assignment inferred from position or distance; padding_center is separate geometric proxy.
512,596,8c45dd494acbb106ab4500e8,False,uncertain,not_semantically_reviewed,No semantic component/background assignment inferred from position or distance; padding_center is separate geometric proxy.
512,802,233bfad0fb0de2c9a2833c26,False,uncertain,not_semantically_reviewed,No semantic component/background assignment inferred from position or distance; padding_center is separate geometric proxy.
512,1846,d4932a350dba9b84741ad3c8,False,uncertain,not_semantically_reviewed,No semantic component/background assignment inferred from position or distance; padding_center is separate geometric proxy.
512,503,b3ae56bdf7c8ea243704b1e2,False,uncertain,not_semantically_reviewed,No semantic component/background assignment inferred from position or distance; padding_center is separate geometric proxy.
512,2306,694629f0aa74ceda2a15ba21,False,uncertain,not_semantically_reviewed,No semantic component/background assignment inferred from position or distance; padding_center is separate geometric proxy.
512,1724,17e036176f079d10fff39929,False,uncertain,not_semantically_reviewed,No semantic component/background assignment inferred from position or distance; padding_center is separate geometric proxy.
512,3980,0e8af7517a41c57191930b50,False,uncertain,not_semantically_reviewed,No semantic component/background assignment inferred from position or distance; padding_center is separate geometric proxy.
512,2455,7af5cfe2789ad8884c2c680c,False,uncertain,not_semantically_reviewed,No semantic component/background assignment inferred from position or distance; padding_center is separate geometric proxy.
512,641,7b9272db08a41f6c5e8105f2,False,uncertain,not_semantically_reviewed,No semantic component/background assignment inferred from position or distance; padding_center is separate geometric proxy.
512,2291,1919d4ea4256585ce707a263,False,uncertain,not_semantically_reviewed,No semantic component/background assignment inferred from position or distance; padding_center is separate geometric proxy.
512,880,d1fa68036b523c08be8338a1,False,uncertain,not_semantically_reviewed,No semantic component/background assignment inferred from position or distance; padding_center is separate geometric proxy.
512,3361,dd165541fbc074981d278ca8,False,uncertain,not_semantically_reviewed,No semantic component/background assignment inferred from position or distance; padding_center is separate geometric proxy.
512,3527,7d530f82804bd5827f7d06d5,False,uncertain,not_semantically_reviewed,No semantic component/background assignment inferred from position or distance; padding_center is separate geometric proxy.
512,1465,d8be0033ff7b478a79cc5965,False,uncertain,not_semantically_reviewed,No semantic component/background assignment inferred from position or distance; padding_center is separate geometric proxy.
512,3406,237c596b591254405a69e540,False,uncertain,not_semantically_reviewed,No semantic component/background assignment inferred from position or distance; padding_center is separate geometric proxy.
512,3397,dd6767c1fd38fd7c62f39c39,False,uncertain,not_semantically_reviewed,No semantic component/background assignment inferred from position or distance; padding_center is separate geometric proxy.
512,3637,90980ace2ddb899842b5027e,False,uncertain,not_semantically_reviewed,No semantic component/background assignment inferred from position or distance; padding_center is separate geometric proxy.
512,458,745062a06e1ba8cc958dbad9,False,uncertain,not_semantically_reviewed,No semantic component/background assignment inferred from position or distance; padding_center is separate geometric proxy.
512,1583,94cd5f5169124127de475e5c,False,uncertain,not_semantically_reviewed,No semantic component/background assignment inferred from position or distance; padding_center is separate geometric proxy.
512,2871,9052050bccc72553c66e8144,False,uncertain,not_semantically_reviewed,No semantic component/background assignment inferred from position or distance; padding_center is separate geometric proxy.
512,77,2574dfa7386d8e50a2dc5719,False,uncertain,not_semantically_reviewed,No semantic component/background assignment inferred from position or distance; padding_center is separate geometric proxy.
512,1026,7b9272db08a41f6c5e8105f2,False,uncertain,not_semantically_reviewed,No semantic component/background assignment inferred from position or distance; padding_center is separate geometric proxy.
512,2820,450e8df956ee04062e45d89e,False,uncertain,not_semantically_reviewed,No semantic component/background assignment inferred from position or distance; padding_center is separate geometric proxy.
512,759,8c45dd494acbb106ab4500e8,False,uncertain,not_semantically_reviewed,No semantic component/background assignment inferred from position or distance; padding_center is separate geometric proxy.
512,2531,e915375e3f2b08b8c79558d1,False,uncertain,not_semantically_reviewed,No semantic component/background assignment inferred from position or distance; padding_center is separate geometric proxy.
512,2280,c0090825b4c2646cac0ef1ca,False,uncertain,not_semantically_reviewed,No semantic component/background assignment inferred from position or distance; padding_center is separate geometric proxy.
512,3830,fb7a06aabef47b95703f7096,False,uncertain,not_semantically_reviewed,No semantic component/background assignment inferred from position or distance; padding_center is separate geometric proxy.
512,2963,66aa231e5d1632c5819ca59b,False,uncertain,not_semantically_reviewed,No semantic component/background assignment inferred from position or distance; padding_center is separate geometric proxy.
512,2040,9d2568d421729a597011f1aa,False,uncertain,not_semantically_reviewed,No semantic component/background assignment inferred from position or distance; padding_center is separate geometric proxy.
512,3098,d684f9a5a54c2625847e51dc,False,uncertain,not_semantically_reviewed,No semantic component/background assignment inferred from position or distance; padding_center is separate geometric proxy.
512,2602,3ca9848d2ddf762ea1ca374e,False,uncertain,not_semantically_reviewed,No semantic component/background assignment inferred from position or distance; padding_center is separate geometric proxy.
512,521,addbcbc2cd7e9982a136aa4c,False,uncertain,not_semantically_reviewed,No semantic component/background assignment inferred from position or distance; padding_center is separate geometric proxy.
512,929,fb12cb3f1430256bd1048fc8,False,uncertain,not_semantically_reviewed,No semantic component/background assignment inferred from position or distance; padding_center is separate geometric proxy.
512,2750,141eb4e29fb93b1a99e315c8,False,uncertain,not_semantically_reviewed,No semantic component/background assignment inferred from position or distance; padding_center is separate geometric proxy.
512,3325,feb57a45e8e6af73f1d2e2bd,False,uncertain,not_semantically_reviewed,No semantic component/background assignment inferred from position or distance; padding_center is separate geometric proxy.
512,1941,f85a4d30cbe2d839d85caae0,False,uncertain,not_semantically_reviewed,No semantic component/background assignment inferred from position or distance; padding_center is separate geometric proxy.
512,1378,66adfe65b3d9331a5da888c9,False,uncertain,not_semantically_reviewed,No semantic component/background assignment inferred from position or distance; padding_center is separate geometric proxy.
512,2356,af49eb9854b04f51dbeac8a0,False,uncertain,not_semantically_reviewed,No semantic component/background assignment inferred from position or distance; padding_center is separate geometric proxy.
512,1296,7b9272db08a41f6c5e8105f2,False,uncertain,not_semantically_reviewed,No semantic component/background assignment inferred from position or distance; padding_center is separate geometric proxy.
512,1613,09a7e5c161645e8357287a99,False,uncertain,not_semantically_reviewed,No semantic component/background assignment inferred from position or distance; padding_center is separate geometric proxy.
512,1546,f2a60dda47da8c5ea9cd3abb,False,uncertain,not_semantically_reviewed,No semantic component/background assignment inferred from position or distance; padding_center is separate geometric proxy.
512,2234,9d2568d421729a597011f1aa,False,uncertain,not_semantically_reviewed,No semantic component/background assignment inferred from position or distance; padding_center is separate geometric proxy.
512,2923,602cbebbca89fbaf713dd997,False,uncertain,not_semantically_reviewed,No semantic component/background assignment inferred from position or distance; padding_center is separate geometric proxy.
512,2598,b6b12792e7632ef2609e5e75,False,uncertain,not_semantically_reviewed,No semantic component/background assignment inferred from position or distance; padding_center is separate geometric proxy.
512,1598,fc73f20a80be611a6bc12640,False,uncertain,not_semantically_reviewed,No semantic component/background assignment inferred from position or distance; padding_center is separate geometric proxy.
512,3220,745062a06e1ba8cc958dbad9,False,uncertain,not_semantically_reviewed,No semantic component/background assignment inferred from position or distance; padding_center is separate geometric proxy.
512,2740,0eaf2d19aa0c775d62a83644,False,uncertain,not_semantically_reviewed,No semantic component/background assignment inferred from position or distance; padding_center is separate geometric proxy.
512,3319,fa5b97c7b631912abe2948ea,False,uncertain,not_semantically_reviewed,No semantic component/background assignment inferred from position or distance; padding_center is separate geometric proxy.
512,3772,fa42326a2355fea8534b8965,False,uncertain,not_semantically_reviewed,No semantic component/background assignment inferred from position or distance; padding_center is separate geometric proxy.
512,1146,cbdf67e4b84fdebb3d0e28af,False,uncertain,not_semantically_reviewed,No semantic component/background assignment inferred from position or distance; padding_center is separate geometric proxy.
512,129,a375497ad4c3128e063d9b2d,False,uncertain,not_semantically_reviewed,No semantic component/background assignment inferred from position or distance; padding_center is separate geometric proxy.
512,3079,90980ace2ddb899842b5027e,False,uncertain,not_semantically_reviewed,No semantic component/background assignment inferred from position or distance; padding_center is separate geometric proxy.
512,2807,7b9272db08a41f6c5e8105f2,False,uncertain,not_semantically_reviewed,No semantic component/background assignment inferred from position or distance; padding_center is separate geometric proxy.
512,2930,04e3ee6cc5b42a1312bef2c0,False,uncertain,not_semantically_reviewed,No semantic component/background assignment inferred from position or distance; padding_center is separate geometric proxy.
512,294,fdafeeb2c1b1eb31aa6e7f70,False,uncertain,not_semantically_reviewed,No semantic component/background assignment inferred from position or distance; padding_center is separate geometric proxy.
512,1219,b57b13df07ddb67b8ccdd7fe,False,uncertain,not_semantically_reviewed,No semantic component/background assignment inferred from position or distance; padding_center is separate geometric proxy.
512,509,fed00a53aeeabd21ae3fe655,False,uncertain,not_semantically_reviewed,No semantic component/background assignment inferred from position or distance; padding_center is separate geometric proxy.
512,3133,94cd5f5169124127de475e5c,False,uncertain,not_semantically_reviewed,No semantic component/background assignment inferred from position or distance; padding_center is separate geometric proxy.
512,2077,14b6b0d9a38c1c29adba90a9,False,uncertain,not_semantically_reviewed,No semantic component/background assignment inferred from position or distance; padding_center is separate geometric proxy.
512,3326,e1f9b73f0e97bbc50bbf5d91,False,uncertain,not_semantically_reviewed,No semantic component/background assignment inferred from position or distance; padding_center is separate geometric proxy.
512,1478,69718c2cbcdee661e85e894b,False,uncertain,not_semantically_reviewed,No semantic component/background assignment inferred from position or distance; padding_center is separate geometric proxy.
512,1729,af34493e5d5fee243f30b65d,False,uncertain,not_semantically_reviewed,No semantic component/background assignment inferred from position or distance; padding_center is separate geometric proxy.
512,643,5704beb34b7700bdf69b68d7,False,uncertain,not_semantically_reviewed,No semantic component/background assignment inferred from position or distance; padding_center is separate geometric proxy.
512,2679,e85d84ca65888ac2d9f2c565,False,uncertain,not_semantically_reviewed,No semantic component/background assignment inferred from position or distance; padding_center is separate geometric proxy.
512,3107,8ff7deb4a5cd8ce8d4686013,False,uncertain,not_semantically_reviewed,No semantic component/background assignment inferred from position or distance; padding_center is separate geometric proxy.
512,4027,02c4095f91086ef5dec2355d,False,uncertain,not_semantically_reviewed,No semantic component/background assignment inferred from position or distance; padding_center is separate geometric proxy.
512,1093,e67ceddf65cff5ddf42e56f5,False,uncertain,not_semantically_reviewed,No semantic component/background assignment inferred from position or distance; padding_center is separate geometric proxy.
512,346,c585e1df683afb1a9bf39cae,False,uncertain,not_semantically_reviewed,No semantic component/background assignment inferred from position or distance; padding_center is separate geometric proxy.
512,1223,64b8249d3fc0fe41daf96f8b,False,uncertain,not_semantically_reviewed,No semantic component/background assignment inferred from position or distance; padding_center is separate geometric proxy.
512,2960,53553f400f2058be52468beb,False,uncertain,not_semantically_reviewed,No semantic component/background assignment inferred from position or distance; padding_center is separate geometric proxy.
512,174,ca8c65d35b429efe7f6a580c,False,uncertain,not_semantically_reviewed,No semantic component/background assignment inferred from position or distance; padding_center is separate geometric proxy.
512,2138,3439aceae50a9e8e69e43437,False,uncertain,not_semantically_reviewed,No semantic component/background assignment inferred from position or distance; padding_center is separate geometric proxy.
512,1933,c5947c023ab6cb89058f87ba,False,uncertain,not_semantically_reviewed,No semantic component/background assignment inferred from position or distance; padding_center is separate geometric proxy.
512,3846,cd917aa0b2108ec00f030c1f,False,uncertain,not_semantically_reviewed,No semantic component/background assignment inferred from position or distance; padding_center is separate geometric proxy.
512,2555,488bd8045c660b3964c2e1a2,False,uncertain,not_semantically_reviewed,No semantic component/background assignment inferred from position or distance; padding_center is separate geometric proxy.
512,2605,838c0e27eb13fae09a38d163,False,uncertain,not_semantically_reviewed,No semantic component/background assignment inferred from position or distance; padding_center is separate geometric proxy.
512,2089,c5d76b45fe207b6216ee4905,False,uncertain,not_semantically_reviewed,No semantic component/background assignment inferred from position or distance; padding_center is separate geometric proxy.
512,3008,86167754816351afb9121870,False,uncertain,not_semantically_reviewed,No semantic component/background assignment inferred from position or distance; padding_center is separate geometric proxy.
512,3806,82c0b5277898a7d7e3602a57,False,uncertain,not_semantically_reviewed,No semantic component/background assignment inferred from position or distance; padding_center is separate geometric proxy.
512,3912,e1332eb5c86461f086004c34,False,uncertain,not_semantically_reviewed,No semantic component/background assignment inferred from position or distance; padding_center is separate geometric proxy.
512,2278,5e1d7231fed9766c68b295c7,False,uncertain,not_semantically_reviewed,No semantic component/background assignment inferred from position or distance; padding_center is separate geometric proxy.
512,628,922a2efe527fac5f65fd4c63,False,uncertain,not_semantically_reviewed,No semantic component/background assignment inferred from position or distance; padding_center is separate geometric proxy.
512,792,c5e225b07acb2bb5310860f9,False,uncertain,not_semantically_reviewed,No semantic component/background assignment inferred from position or distance; padding_center is separate geometric proxy.
512,2394,3eae75012bae37b2cbc1664a,False,uncertain,not_semantically_reviewed,No semantic component/background assignment inferred from position or distance; padding_center is separate geometric proxy.
512,3297,ed515ba82f9c62c172a1edea,False,uncertain,not_semantically_reviewed,No semantic component/background assignment inferred from position or distance; padding_center is separate geometric proxy.
512,209,18986155df3bc4d5931597b1,False,uncertain,not_semantically_reviewed,No semantic component/background assignment inferred from position or distance; padding_center is separate geometric proxy.
512,3475,a9120cb6af58868bd63ad1b5,False,uncertain,not_semantically_reviewed,No semantic component/background assignment inferred from position or distance; padding_center is separate geometric proxy.
512,3467,c19346058656e05db5478513,False,uncertain,not_semantically_reviewed,No semantic component/background assignment inferred from position or distance; padding_center is separate geometric proxy.
512,74,ab09c171d30bcdf55b687cd2,False,uncertain,not_semantically_reviewed,No semantic component/background assignment inferred from position or distance; padding_center is separate geometric proxy.
512,318,bf6086591a75ebada273153d,False,uncertain,not_semantically_reviewed,No semantic component/background assignment inferred from position or distance; padding_center is separate geometric proxy.
512,3089,18986155df3bc4d5931597b1,False,uncertain,not_semantically_reviewed,No semantic component/background assignment inferred from position or distance; padding_center is separate geometric proxy.
512,1776,82682fb34aad94edccaf5aa4,False,uncertain,not_semantically_reviewed,No semantic component/background assignment inferred from position or distance; padding_center is separate geometric proxy.
512,844,b702b5c2a0d53b0311f8251d,False,uncertain,not_semantically_reviewed,No semantic component/background assignment inferred from position or distance; padding_center is separate geometric proxy.
512,3334,c5947c023ab6cb89058f87ba,False,uncertain,not_semantically_reviewed,No semantic component/background assignment inferred from position or distance; padding_center is separate geometric proxy.
512,1165,e47e5b1177f091fde9ec844d,False,uncertain,not_semantically_reviewed,No semantic component/background assignment inferred from position or distance; padding_center is separate geometric proxy.
512,913,c585e1df683afb1a9bf39cae,False,uncertain,not_semantically_reviewed,No semantic component/background assignment inferred from position or distance; padding_center is separate geometric proxy.
512,2109,dfa76a8c21b877080895d047,False,uncertain,not_semantically_reviewed,No semantic component/background assignment inferred from position or distance; padding_center is separate geometric proxy.
512,3594,024fe7ceabf1c05c569f8882,False,uncertain,not_semantically_reviewed,No semantic component/background assignment inferred from position or distance; padding_center is separate geometric proxy.
512,2828,f3d87453cdfcc5cff9c97418,False,uncertain,not_semantically_reviewed,No semantic component/background assignment inferred from position or distance; padding_center is separate geometric proxy.
512,3562,45dc6fdfab82e2a0f77a8f68,False,uncertain,not_semantically_reviewed,No semantic component/background assignment inferred from position or distance; padding_center is separate geometric proxy.
512,3667,3c5e07ed447124ae1994b8e7,False,uncertain,not_semantically_reviewed,No semantic component/background assignment inferred from position or distance; padding_center is separate geometric proxy.
512,558,114a81f2e5bb531cc37f5f0d,False,uncertain,not_semantically_reviewed,No semantic component/background assignment inferred from position or distance; padding_center is separate geometric proxy.
512,3476,2a2ebe28454408e4b8e31f99,False,uncertain,not_semantically_reviewed,No semantic component/background assignment inferred from position or distance; padding_center is separate geometric proxy.
512,2179,abdbe0b50e7e46cdcd767f98,False,uncertain,not_semantically_reviewed,No semantic component/background assignment inferred from position or distance; padding_center is separate geometric proxy.
512,3064,66d05d9c3f5b6674d314eb61,False,uncertain,not_semantically_reviewed,No semantic component/background assignment inferred from position or distance; padding_center is separate geometric proxy.
512,306,3f878bbef72af5608097eed1,False,uncertain,not_semantically_reviewed,No semantic component/background assignment inferred from position or distance; padding_center is separate geometric proxy.
512,1195,487fb855420a23bbd66bb5c3,False,uncertain,not_semantically_reviewed,No semantic component/background assignment inferred from position or distance; padding_center is separate geometric proxy.
512,877,ad185f2ff4331025f376ee84,False,uncertain,not_semantically_reviewed,No semantic component/background assignment inferred from position or distance; padding_center is separate geometric proxy.
512,2027,e1332eb5c86461f086004c34,False,uncertain,not_semantically_reviewed,No semantic component/background assignment inferred from position or distance; padding_center is separate geometric proxy.
512,3227,f2af6124467ff2aa5b2ef3a2,False,uncertain,not_semantically_reviewed,No semantic component/background assignment inferred from position or distance; padding_center is separate geometric proxy.
512,393,766b495ea99f75997c14b363,False,uncertain,not_semantically_reviewed,No semantic component/background assignment inferred from position or distance; padding_center is separate geometric proxy.
512,1001,907be88c00be9a37e6fffdf9,False,uncertain,not_semantically_reviewed,No semantic component/background assignment inferred from position or distance; padding_center is separate geometric proxy.
512,3930,719f7d260f527335b97a24ec,False,uncertain,not_semantically_reviewed,No semantic component/background assignment inferred from position or distance; padding_center is separate geometric proxy.
512,1885,f3d87453cdfcc5cff9c97418,False,uncertain,not_semantically_reviewed,No semantic component/background assignment inferred from position or distance; padding_center is separate geometric proxy.
512,722,8ac17649dea347a107f0ba10,False,uncertain,not_semantically_reviewed,No semantic component/background assignment inferred from position or distance; padding_center is separate geometric proxy.
512,3738,b57b13df07ddb67b8ccdd7fe,False,uncertain,not_semantically_reviewed,No semantic component/background assignment inferred from position or distance; padding_center is separate geometric proxy.
512,3574,a07162736060762abf1cf681,False,uncertain,not_semantically_reviewed,No semantic component/background assignment inferred from position or distance; padding_center is separate geometric proxy.
512,1207,9fd931e296c23b935c80a2db,False,uncertain,not_semantically_reviewed,No semantic component/background assignment inferred from position or distance; padding_center is separate geometric proxy.
512,445,16b0fac2884314e1383d6754,False,uncertain,not_semantically_reviewed,No semantic component/background assignment inferred from position or distance; padding_center is separate geometric proxy.
512,926,200042ee3dd3defd68926f37,False,uncertain,not_semantically_reviewed,No semantic component/background assignment inferred from position or distance; padding_center is separate geometric proxy.
512,258,4bd72ef466f1588d325db08d,False,uncertain,not_semantically_reviewed,No semantic component/background assignment inferred from position or distance; padding_center is separate geometric proxy.
512,3123,c6a8d7dccd602dc757343e7a,False,uncertain,not_semantically_reviewed,No semantic component/background assignment inferred from position or distance; padding_center is separate geometric proxy.
512,2651,e929ae27ffd34899ed029309,False,uncertain,not_semantically_reviewed,No semantic component/background assignment inferred from position or distance; padding_center is separate geometric proxy.
512,1263,dfdb0d0f027bd00ec46eee2b,False,uncertain,not_semantically_reviewed,No semantic component/background assignment inferred from position or distance; padding_center is separate geometric proxy.
512,1821,ab36691fc78c5e64cc4b77a3,False,uncertain,not_semantically_reviewed,No semantic component/background assignment inferred from position or distance; padding_center is separate geometric proxy.
512,1173,ab36691fc78c5e64cc4b77a3,False,uncertain,not_semantically_reviewed,No semantic component/background assignment inferred from position or distance; padding_center is separate geometric proxy.
512,3109,874d6eabd5e75378c3fea8be,False,uncertain,not_semantically_reviewed,No semantic component/background assignment inferred from position or distance; padding_center is separate geometric proxy.
512,4068,e32ce629c77904b54ff57dac,False,uncertain,not_semantically_reviewed,No semantic component/background assignment inferred from position or distance; padding_center is separate geometric proxy.
512,1282,6e27bd35475fc44cb8ed2f15,False,uncertain,not_semantically_reviewed,No semantic component/background assignment inferred from position or distance; padding_center is separate geometric proxy.
512,186,fed31d93bb4be99f88c95226,False,uncertain,not_semantically_reviewed,No semantic component/background assignment inferred from position or distance; padding_center is separate geometric proxy.
512,2509,23c5900b7e57117a3f69a3e8,False,uncertain,not_semantically_reviewed,No semantic component/background assignment inferred from position or distance; padding_center is separate geometric proxy.
512,532,8863cf8ce2b243b58bb78daf,False,uncertain,not_semantically_reviewed,No semantic component/background assignment inferred from position or distance; padding_center is separate geometric proxy.
512,1847,a7ea7c3185f764b9936b650b,False,uncertain,not_semantically_reviewed,No semantic component/background assignment inferred from position or distance; padding_center is separate geometric proxy.
512,3856,ed515ba82f9c62c172a1edea,False,uncertain,not_semantically_reviewed,No semantic component/background assignment inferred from position or distance; padding_center is separate geometric proxy.
512,3632,a17e0ba4778eef07cbf3a8fb,False,uncertain,not_semantically_reviewed,No semantic component/background assignment inferred from position or distance; padding_center is separate geometric proxy.
512,3151,3600b9cdf68a783f08fd12aa,False,uncertain,not_semantically_reviewed,No semantic component/background assignment inferred from position or distance; padding_center is separate geometric proxy.
512,2809,e937b5b7a5273fc864ee64e1,False,uncertain,not_semantically_reviewed,No semantic component/background assignment inferred from position or distance; padding_center is separate geometric proxy.
512,1637,d317d011cacc00508fbd6099,False,uncertain,not_semantically_reviewed,No semantic component/background assignment inferred from position or distance; padding_center is separate geometric proxy.
512,2162,5ba769d6494640d0a423bba3,False,uncertain,not_semantically_reviewed,No semantic component/background assignment inferred from position or distance; padding_center is separate geometric proxy.
512,2118,fed31d93bb4be99f88c95226,False,uncertain,not_semantically_reviewed,No semantic component/background assignment inferred from position or distance; padding_center is separate geometric proxy.
512,2761,114a81f2e5bb531cc37f5f0d,False,uncertain,not_semantically_reviewed,No semantic component/background assignment inferred from position or distance; padding_center is separate geometric proxy.
512,1509,e242ffcf72bc34f118ad3b08,False,uncertain,not_semantically_reviewed,No semantic component/background assignment inferred from position or distance; padding_center is separate geometric proxy.
512,2876,a1b6a915c8abf8262561460d,False,uncertain,not_semantically_reviewed,No semantic component/background assignment inferred from position or distance; padding_center is separate geometric proxy.
512,1128,20ff5c4cb6790d5e8a299f16,False,uncertain,not_semantically_reviewed,No semantic component/background assignment inferred from position or distance; padding_center is separate geometric proxy.
512,2153,d1fa68036b523c08be8338a1,False,uncertain,not_semantically_reviewed,No semantic component/background assignment inferred from position or distance; padding_center is separate geometric proxy.
512,17,3c6b31275c72edda89ab5d21,False,uncertain,not_semantically_reviewed,No semantic component/background assignment inferred from position or distance; padding_center is separate geometric proxy.
512,4012,f4d7eb9f2381c80709083042,False,uncertain,not_semantically_reviewed,No semantic component/background assignment inferred from position or distance; padding_center is separate geometric proxy.
512,183,7ff10d5fa9617322c74f0a6b,False,uncertain,not_semantically_reviewed,No semantic component/background assignment inferred from position or distance; padding_center is separate geometric proxy.
512,2655,3ca9848d2ddf762ea1ca374e,False,uncertain,not_semantically_reviewed,No semantic component/background assignment inferred from position or distance; padding_center is separate geometric proxy.
512,3362,2c4820ed4166dca808a3e54b,False,uncertain,not_semantically_reviewed,No semantic component/background assignment inferred from position or distance; padding_center is separate geometric proxy.
512,265,2e80dd1300326adece68fede,False,uncertain,not_semantically_reviewed,No semantic component/background assignment inferred from position or distance; padding_center is separate geometric proxy.
512,2375,cd917aa0b2108ec00f030c1f,False,uncertain,not_semantically_reviewed,No semantic component/background assignment inferred from position or distance; padding_center is separate geometric proxy.
512,4039,fd4e2bfc1111ea48b494e402,False,uncertain,not_semantically_reviewed,No semantic component/background assignment inferred from position or distance; padding_center is separate geometric proxy.
512,3994,a621cdb63fac55d79a909b26,False,uncertain,not_semantically_reviewed,No semantic component/background assignment inferred from position or distance; padding_center is separate geometric proxy.
512,1024,5ba769d6494640d0a423bba3,False,uncertain,not_semantically_reviewed,No semantic component/background assignment inferred from position or distance; padding_center is separate geometric proxy.
512,80,ddfb2f3e6d300ef0b90aa1b3,False,uncertain,not_semantically_reviewed,No semantic component/background assignment inferred from position or distance; padding_center is separate geometric proxy.
512,307,c19346058656e05db5478513,False,uncertain,not_semantically_reviewed,No semantic component/background assignment inferred from position or distance; padding_center is separate geometric proxy.
512,3670,14b6b0d9a38c1c29adba90a9,False,uncertain,not_semantically_reviewed,No semantic component/background assignment inferred from position or distance; padding_center is separate geometric proxy.
512,2327,16b0fac2884314e1383d6754,False,uncertain,not_semantically_reviewed,No semantic component/background assignment inferred from position or distance; padding_center is separate geometric proxy.
