image_id,split,fallback,failure_reason,crop_area_fraction,crop_aspect_ratio,board_width,board_height,component_fraction,padding_fraction,crop_touches_source_boundary,board_touches_source_boundary
003a70a56fc2e5bf41362c4b,fit,False,,0.6283888489495966,1.3670276774969916,978,437,0.17986278044871795,0.26953125,False,False
005ec97a43997d0c058793fd,fit,False,,0.6105919003115264,1.3675213675213675,964,431,0.1833233173076923,0.26953125,False,False
00f1aa2318c0169ace9c04bb,fit,False,,0.6288308437841148,1.3516746411483254,974,440,0.1840995592948718,0.26171875,False,False
013e2e25b7fc0d2007ee5411,fit,False,,0.6183001837207445,1.3746958637469586,974,432,0.18467548076923077,0.2734375,False,False
0161225fef57b7ce6ba4e2f9,fit,False,,0.6269670101445802,1.3508982035928143,972,439,0.18127003205128206,0.2578125,False,False
01b5079b3c777f85fa9cf1c9,fit,False,,0.6283888489495966,1.3670276774969916,978,437,0.18133513621794872,0.26953125,False,False
0227d2efcecb388b841350cb,fit,False,,0.6139228372873232,1.364963503649635,966,432,0.17901642628205128,0.265625,False,False
024fe7ceabf1c05c569f8882,fit,False,,0.6118200335490055,1.3769889840881273,969,429,0.18297776442307692,0.2734375,False,False
02852e484ee514e76c650c22,calibration,False,,0.6288308437841148,1.3516746411483254,974,440,0.1800831330128205,0.26171875,False,False
02c4095f91086ef5dec2355d,fit,False,,0.6329738797028517,1.3380782918149465,972,443,0.1839092548076923,0.25390625,False,False
02d79935517fed305921e07c,fit,False,,0.6202092818915249,1.3656174334140436,972,434,0.1784805689102564,0.26953125,False,False
02ec5ea3ff745e80d5b8d02d,calibration,False,,0.6358601592246452,1.370059880239521,986,439,0.18705428685897435,0.26953125,False,False
02ffc1eeb54c049fd65b4627,fit,False,,0.6311546449396916,1.3730445246690735,983,437,0.18580228365384616,0.2734375,False,False
0304fb2bb6e4672109bf165f,fit,False,,0.6155643421998562,1.3686131386861313,969,432,0.18040865384615384,0.26953125,False,False
030a076475c41aea8efb97c5,fit,False,,0.6134515536384695,1.3806609547123623,972,429,0.1771885016025641,0.27734375,False,False
0334881c2a6072e337a55f97,fit,False,,0.6202092818915249,1.3656174334140436,972,434,0.1785907451923077,0.26953125,False,False
0405b6df602f043809bab624,fit,False,,0.620404984423676,1.3894993894993894,980,431,0.18391426282051282,0.28125,False,False
04395c53f5e9e20a0c01695f,fit,False,,0.604960460100647,1.385185185185185,966,426,0.18522135416666666,0.27734375,False,False
047a14a78c9e229f63018f3b,fit,False,,0.6283888489495966,1.3670276774969916,978,437,0.18350360576923078,0.26953125,False,False
04b0f0bc641300949ff06626,fit,False,,0.6246079292808264,1.3753026634382566,978,434,0.18083934294871795,0.2734375,False,False
04d45ca456caf136b967723e,calibration,False,,0.6476355938972761,1.3124274099883857,974,453,0.17784955929487178,0.23828125,False,False
04e3ee6cc5b42a1312bef2c0,fit,False,,0.6149532710280374,1.3772893772893773,972,431,0.17854567307692307,0.2734375,False,False
04e434cdfa05ca0ee14ee76b,fit,False,,0.6437015736081156,1.3321596244131455,977,448,0.18978866185897436,0.25,False,False
04fb2b0389d0dba176673cb5,calibration,False,,0.6277178688393642,1.3492822966507176,972,440,0.17901642628205128,0.2578125,False,False
05b629a925176bfd19da1356,fit,False,,0.6271613813669888,1.3480861244019138,971,440,0.1845703125,0.2578125,False,False
05eb2d9cf24708f714a70c34,calibration,False,,0.6321697686183667,1.3588516746411483,978,440,0.18239182692307693,0.265625,False,False
05f475da8df7efe992aa31fd,fit,False,,0.6412439758234151,1.3396226415094339,978,446,0.19233273237179488,0.25390625,False,False
06076aa4ee79cdfe208a650e,fit,False,,0.6318396038022206,1.3452380952380953,974,442,0.18657852564102564,0.2578125,False,False
0636db959e4144490b43aec5,fit,False,,0.6210360252416327,1.380778588807786,977,432,0.18341846955128205,0.27734375,False,False
063bab508413683d45ce0d61,fit,False,,0.6226116303219107,1.3675937122128174,975,435,0.18190604967948718,0.26953125,False,False
063f4dd86e1b0211f741d57a,fit,False,,0.6408658838565381,1.3262910798122065,974,448,0.1827774439102564,0.24609375,False,False
067b9572e3a74a95bade581f,fit,False,,0.6061186995766435,1.3776137761377614,964,427,0.18036358173076922,0.2734375,False,False
06be4552bec7255b8b861f03,fit,False,,0.6316132811459915,1.3576555023923444,977,440,0.18188601762820514,0.26171875,False,False
06fbf186a5127791b33b7487,fit,False,,0.6189851425832734,1.3465703971119134,963,437,0.18624298878205128,0.2578125,False,False
071a52275f1d4471593f9b83,fit,False,,0.6220611337433767,1.3663845223700122,974,435,0.18322315705128206,0.26953125,False,False
0726fc7b3dbfa39abe4d246a,fit,False,,0.6290438533429188,1.3392857142857142,969,442,0.1826973157051282,0.25390625,False,False
076f4e4592b7e72c839e121e,fit,False,,0.6098130841121495,1.3962962962962964,975,426,0.1843349358974359,0.28515625,False,False
07726a75a06f75abf5b695d4,fit,False,,0.639731607955907,1.323943661971831,972,448,0.1826872996794872,0.24609375,False,False
078eaae5270ec7de043ba802,fit,False,,0.6509019623505605,1.3313885647607935,983,451,0.1903495592948718,0.25,False,False
079b8fbb4926676e9fdd26be,fit,False,,0.6239635753654446,1.3574007220216606,972,437,0.18383413461538461,0.26171875,False,False
080c14cce25c52f2d4bacff0,calibration,False,,0.6008999653859467,1.3895781637717122,964,424,0.1791316105769231,0.28125,False,False
085fe9c452a02f2267c4694e,fit,False,,0.6398860398860399,1.3119158878504673,967,450,0.18274238782051283,0.23828125,False,False
086518127f0aeb09535dd64c,fit,False,,0.6226116303219107,1.3675937122128174,975,435,0.18552183493589744,0.26953125,False,False
087e4032140db250860dbcf0,fit,False,,0.636065180924994,1.3672248803827751,985,440,0.1812850560897436,0.26953125,False,False
08f9898e90c26b7fd4fa1450,fit,False,,0.6133177570093458,1.3736263736263736,969,431,0.18259715544871793,0.2734375,False,False
09550ea192256f459cca0c0b,fit,False,,0.6296069973640067,1.3309608540925266,966,443,0.18557191506410256,0.25,False,False
09a7e5c161645e8357287a99,fit,False,,0.6371049338339058,1.334120425029516,974,445,0.18548677884615383,0.25,False,False
09fdabb87d7d048b51262fc6,fit,False,,0.6293873312564902,1.3528708133971292,975,440,0.18186598557692307,0.26171875,False,False
0a4ecb1e7208c018c987723b,fit,False,,0.6095734483584951,1.382063882063882,969,428,0.17931690705128206,0.27734375,False,False
0ae1b927c1d255e20ddca7e9,fit,False,,0.612828500678968,1.362530413625304,964,432,0.18251201923076923,0.265625,False,False
0b0b50a1812398015efd4283,fit,False,,0.6316132811459915,1.3576555023923444,977,440,0.17908653846153846,0.26171875,False,False
0bd1488a56c156a4ffd4362f,fit,False,,0.6054996405463695,1.3864197530864197,967,426,0.17421374198717948,0.27734375,False,False
0be80ee1017b556c602ee686,fit,False,,0.6211977793753495,1.3513838748495788,967,437,0.1855068108974359,0.26171875,False,False
0c144d51405a795a7330203f,fit,False,,0.6256230529595016,1.3610108303249098,975,437,0.18041366185897437,0.265625,False,False
0c7e1b72803ad61dccb12da2,fit,False,,0.6780593497883217,1.3005649717514125,991,465,0.1838291266025641,0.23046875,False,False
0d527f61bb705292e92641d6,fit,False,,0.6185597891205368,1.3619854721549636,969,434,0.18132011217948718,0.265625,False,False
0e307396074a501b57718bb9,calibration,False,,0.6033429187634796,1.3814814814814815,963,426,0.17724358974358975,0.27734375,False,False
0e40eefeebd2d496ec5aa846,fit,False,,0.6446268338791703,1.3185530921820303,974,451,0.1803135016025641,0.2421875,False,False
0e53f40daa1b26d70774fbba,fit,False,,0.6122813323747903,1.3613138686131387,963,432,0.17704326923076924,0.265625,False,False
0e8af7517a41c57191930b50,fit,False,,0.6329738797028517,1.3380782918149465,972,443,0.18453525641025642,0.25390625,False,False
0e99ffa8f06c7a68057e9f19,fit,False,,0.6248136166360465,1.3724304715840387,977,435,0.18357371794871793,0.26953125,False,False
0ea3f41ba5a533f46fa077ac,calibration,False,,0.6417745027558112,1.3127187864644108,969,451,0.18419971955128206,0.23828125,False,False
0eaf2d19aa0c775d62a83644,fit,False,,0.6220611337433767,1.3663845223700122,974,435,0.1779346955128205,0.26953125,False,False
0f0d00e434b9e591bacd5b76,fit,False,,0.6619698058950395,1.3321759259259258,991,454,0.1806239983974359,0.25,False,False
0fc5aca1be08e6919b9f88f4,calibration,False,,0.637668743509865,1.3353010625737898,975,445,0.1854266826923077,0.25,False,False
0fd893055ef9ce302505e2b9,fit,False,,0.6288308437841148,1.3516746411483254,974,440,0.1788611778846154,0.26171875,False,False
0feaeef19db6b9d42173a82c,calibration,False,,0.6269670101445802,1.3508982035928143,972,439,0.17514022435897436,0.2578125,False,False
102663e26f80a48564cc609f,fit,False,,0.62735708389914,1.38135593220339,983,434,0.18387920673076924,0.27734375,False,False
105cbc422d6aff7a633c1188,fit,False,,0.6474791650025294,1.3243873978996499,977,451,0.18862179487179487,0.24609375,False,False
1061ec3ba29886b2060ea2a9,fit,False,,0.6288308437841148,1.3516746411483254,974,440,0.1786408253205128,0.26171875,False,False
108595e9fd41db025b06cfe4,fit,False,,0.6437015736081156,1.3321596244131455,977,448,0.1917167467948718,0.25,False,False
114a81f2e5bb531cc37f5f0d,fit,False,,0.6437015736081156,1.3321596244131455,977,448,0.18618790064102564,0.25,False,False
11afda0226ff6f318f17aa5f,fit,False,,0.6055129536437948,1.4037267080745341,974,423,0.17596153846153847,0.2890625,False,False
11b58bbc909e5dd0a7548fda,fit,False,,0.6250698937614826,1.3598074608904933,974,437,0.18989383012820513,0.265625,False,False
12196e78def6040041f13f61,fit,False,,0.6369019090981708,1.3463819691577699,977,443,0.18009314903846155,0.2578125,False,False
12c1fd4ba452b2f56aaf6534,fit,False,,0.6011861969805895,1.376543209876543,961,426,0.17961237980769232,0.2734375,False,False
12f90f549991fd9c4757eb8f,fit,False,,0.6249354314774875,1.3433014354066986,967,440,0.1880458733974359,0.25390625,False,False
13055a17361f0fda178844fd,fit,False,,0.6155643421998562,1.3686131386861313,969,432,0.18119491185897435,0.26953125,False,False
130eb32e1c4cd4100d818ad1,fit,False,,0.612828500678968,1.362530413625304,964,432,0.18173076923076922,0.265625,False,False
1326fa12b1d2547c7553b237,fit,False,,0.637668743509865,1.3353010625737898,975,445,0.1907451923076923,0.25,False,False
1327d6214b0219c36221ae31,fit,False,,0.6318396038022206,1.3452380952380953,974,442,0.18080428685897437,0.2578125,False,False
1341a4d254c5ed4e53f9cc0a,fit,False,,0.6317677130761243,1.3645083932853717,980,438,0.1867237580128205,0.265625,False,False
13b0f72161ab5a4b7c06c27c,calibration,False,,0.6183001837207445,1.3746958637469586,974,432,0.18990384615384615,0.2734375,False,False
141eb4e29fb93b1a99e315c8,fit,False,,0.6101885134595415,1.3733170134638923,966,429,0.1796474358974359,0.2734375,False,False
14b6b0d9a38c1c29adba90a9,fit,False,,0.6160436137071651,1.3797313797313797,974,431,0.18287259615384616,0.2734375,False,False
14cf08b896b91f837a8092be,calibration,False,,0.632398753894081,1.3464285714285715,975,442,0.1880058092948718,0.2578125,False,False
14d604ef2597847aa09fa2ae,fit,False,,0.6169102963495486,1.3583535108958837,966,434,0.17479467147435898,0.265625,False,False
14f6a0c3392df9da95bb6c4c,fit,False,,0.6325252283196209,1.362874251497006,980,439,0.17962239583333334,0.265625,False,False
151e5e214d958c416c9a5c08,fit,False,,0.6209601405863088,1.3639661426844014,972,435,0.18322816506410255,0.265625,False,False
160172b217507c69da1dcd4c,fit,False,,0.6145392336981123,1.383108935128519,974,429,0.18104967948717948,0.27734375,False,False
16b0fac2884314e1383d6754,fit,False,,0.6012261362728653,1.3937888198757764,966,423,0.17901141826923078,0.28125,False,False
17a90ebd8e551f2a8ee8f748,fit,False,,0.6065780014378145,1.3888888888888888,969,426,0.17419871794871794,0.28125,False,False
17e036176f079d10fff39929,fit,False,,0.6172058471123891,1.3722627737226278,972,432,0.18054887820512822,0.26953125,False,False
17f14a8068899d56ebb649f2,fit,False,,0.6145392336981123,1.383108935128519,974,429,0.18658353365384617,0.27734375,False,False
1844fefcb7366ba42d363bb3,fit,False,,0.6307213036184999,1.3428571428571427,972,442,0.18641826923076923,0.25390625,False,False
1866aa1f73748f11e9700fcb,fit,False,,0.6474791650025294,1.3243873978996499,977,451,0.18784054487179488,0.24609375,False,False
18986155df3bc4d5931597b1,fit,False,,0.6325944564262321,1.3246753246753247,966,445,0.18545673076923078,0.24609375,False,False
18a0d6dc34942149287a8f9d,fit,False,,0.6260484064222382,1.3456937799043063,969,440,0.1921073717948718,0.2578125,False,False
18bdd05b85f8030805542307,fit,False,,0.6451973001038421,1.3197199533255544,975,451,0.18989883814102565,0.2421875,False,False
190f4b38613f3eb3cc46ddc2,calibration,False,,0.6271613813669888,1.3480861244019138,971,440,0.1882762419871795,0.2578125,False,False
19115fe57abbc35639d33208,fit,False,,0.6183001837207445,1.3746958637469586,974,432,0.18542167467948717,0.2734375,False,False
1919d4ea4256585ce707a263,fit,False,,0.6218587746625129,1.3692493946731235,975,434,0.18316806891025642,0.26953125,False,False
194e0b2391453d2893e004f3,fit,False,,0.6464893362089624,1.3101045296167246,972,453,0.18028846153846154,0.23828125,False,False
1a6c6fa7c8a001348abf771b,fit,False,,0.6189851425832734,1.3465703971119134,963,437,0.17150941506410255,0.2578125,False,False
1ab50a979f605f4f4dd51494,fit,False,,0.6084897622280799,1.3796068796068797,967,428,0.18041366185897437,0.2734375,False,False
1ae00abc0027c0b2072eaca3,fit,False,,0.6118200335490055,1.3769889840881273,969,429,0.18020833333333333,0.2734375,False,False
1b48d18e6062224513aef7d5,fit,False,,0.6433068402694571,1.3471074380165289,983,445,0.17702323717948718,0.2578125,False,False
1b5943781105ad56b1d799cd,fit,False,,0.6408658838565381,1.3262910798122065,974,448,0.1869190705128205,0.24609375,False,False
1b7a852f8174f39c849a124b,fit,False,,0.6172584338472189,1.3892288861689106,977,429,0.18367888621794873,0.28125,False,False
1bcaa86fa604bcc293ebddb0,fit,False,,0.6185597891205368,1.3619854721549636,969,434,0.18208633814102565,0.265625,False,False
1bf0f2223e141aab9e8118b4,fit,False,,0.6116822429906542,1.36996336996337,966,431,0.18419971955128206,0.26953125,False,False
1bfab9625a9bf2964f2e71b2,fit,False,,0.6474791650025294,1.3243873978996499,977,451,0.18447516025641025,0.24609375,False,False
1c23ae6f329ab2de42183466,fit,False,,0.6172584338472189,1.3892288861689106,977,429,0.18373898237179487,0.28125,False,False
1c7b305b4d497e495b32efb5,fit,False,,0.6185597891205368,1.3619854721549636,969,434,0.1793369391025641,0.265625,False,False
1c994702ace08090969d50ab,fit,False,,0.6406795004925846,1.338443396226415,977,446,0.18240184294871795,0.25390625,False,False
1c9bfc2e352f2340578ecb8c,fit,False,,0.6092739036664271,1.3950617283950617,974,426,0.18037359775641026,0.28125,False,False
1cb1b53e30ac8d3979c2aa35,fit,False,,0.6250698937614826,1.3598074608904933,974,437,0.17513020833333334,0.265625,False,False
1cba8d93f940185037702633,fit,False,,0.6248136166360465,1.3724304715840387,977,435,0.18821614583333332,0.26953125,False,False
1d68882860a373ad4043fa1c,fit,False,,0.6209601405863088,1.3639661426844014,972,435,0.1814803685897436,0.265625,False,False
1d83c2e3d59201637ce3ab7c,calibration,False,,0.6133177570093458,1.3736263736263736,969,431,0.17619190705128204,0.2734375,False,False
1d9cb2be975171a54fb95c1c,fit,False,,0.6256230529595016,1.3610108303249098,975,437,0.1805038060897436,0.265625,False,False
1dab7e3067ac12af17cc1927,calibration,False,,0.6239635753654446,1.3574007220216606,972,437,0.180078125,0.26171875,False,False
1e0ffefcfdd517c97c69ba7b,fit,False,,0.6257075911281519,1.3777239709443099,980,434,0.17938201121794872,0.2734375,False,False
1e2d07b1eeca611720eec5b1,fit,False,,0.6308577628671087,1.3592814371257484,977,439,0.18556189903846154,0.265625,False,False
1ed4f660102ebdf8d5034b3c,calibration,False,,0.6185597891205368,1.3619854721549636,969,434,0.17779947916666666,0.265625,False,False
1f5f2029b5a9b7fa882293dc,fit,False,,0.6316132811459915,1.3576555023923444,977,440,0.18356870993589744,0.26171875,False,False
1fa498cf28f7a1c8be919a3b,fit,False,,0.6239635753654446,1.3574007220216606,972,437,0.18076422275641027,0.26171875,False,False
200042ee3dd3defd68926f37,fit,False,,0.6073208722741433,1.3601953601953602,960,431,0.17969751602564102,0.265625,False,False
203c1af7a4a6928e288d2d6f,fit,False,,0.6210360252416327,1.380778588807786,977,432,0.18313802083333333,0.27734375,False,False
20555df155e8097b1e5e8480,calibration,False,,0.6277178688393642,1.3492822966507176,972,440,0.18037860576923076,0.2578125,False,False
20cf9b53ea244f2a77bc7d41,fit,False,,0.6311546449396916,1.3730445246690735,983,437,0.1819110576923077,0.2734375,False,False
20ff5c4cb6790d5e8a299f16,fit,False,,0.6399239822137018,1.3400236127508856,977,445,0.18524138621794872,0.25390625,False,False
21629b699ad1489e60402ec6,calibration,False,,0.6412439758234151,1.3396226415094339,978,446,0.18897235576923077,0.25390625,False,False
2195b9a0e1359435a2584500,fit,False,,0.6294951673456346,1.3694344163658243,980,437,0.18083934294871795,0.26953125,False,False
21ad8dabda7558e0c32a41cd,fit,False,,0.616588785046729,1.380952380952381,975,431,0.1870242387820513,0.27734375,False,False
21c722dcc1e220ccbc6b85cc,fit,False,,0.6283888489495966,1.3670276774969916,978,437,0.18250200320512822,0.26953125,False,False
21decaf607d356c6e48eaecb,fit,False,,0.6480176797933808,1.3537735849056605,988,446,0.18830629006410257,0.26171875,False,False
2214a9176a7102e6ca3472f0,fit,False,,0.6480496312272013,1.325554259043174,978,451,0.18295272435897436,0.24609375,False,False
22302bbdb36ecee16d9a0592,calibration,False,,0.6129077136086482,1.3794369645042839,971,429,0.1843399439102564,0.2734375,False,False
2240932579537124706c2ffb,calibration,False,,0.6446268338791703,1.3185530921820303,974,451,0.18169571314102564,0.2421875,False,False
22820254a0f5f2b764cfa047,fit,False,,0.6243789440051122,1.3421052631578947,966,440,0.1936748798076923,0.25390625,False,False
22a04e9a4a5bd9286bf78784,fit,False,,0.6172584338472189,1.3892288861689106,977,429,0.18208133012820513,0.28125,False,False
22eaa7df5e4b490e9a17adbb,fit,False,,0.6329738797028517,1.3380782918149465,972,443,0.18483072916666668,0.25390625,False,False
230411525f34907d4d302e28,fit,False,,0.6134515536384695,1.3806609547123623,972,429,0.17357772435897437,0.27734375,False,False
233bfad0fb0de2c9a2833c26,fit,False,,0.6092739036664271,1.3950617283950617,974,426,0.17889623397435897,0.28125,False,False
23417d98734b6b0c613dc858,fit,False,,0.6116822429906542,1.36996336996337,966,431,0.1814903846153846,0.26953125,False,False
237c596b591254405a69e540,fit,False,,0.6611730170141386,1.3153049482163406,985,457,0.1814503205128205,0.23828125,False,False
23c5900b7e57117a3f69a3e8,fit,False,,0.6076563623292596,1.391358024691358,971,426,0.17539563301282052,0.28125,False,False
24328f8202417a420f17485d,calibration,False,,0.6172584338472189,1.3892288861689106,977,429,0.17940204326923076,0.28125,False,False
24410f0a0c4d5e77385a400c,calibration,False,,0.6346353542615225,1.3511904761904763,977,442,0.1819511217948718,0.26171875,False,False
24ea9f68eaff292ac300d28c,calibration,False,,0.6250698937614826,1.3598074608904933,974,437,0.18502103365384615,0.265625,False,False
24f473302a6e1be520d19f6b,fit,False,,0.6149532710280374,1.3772893772893773,972,431,0.18008814102564102,0.2734375,False,False
251a493c8d282731ba786ec4,fit,False,,0.6202092818915249,1.3656174334140436,972,434,0.18239683493589742,0.26953125,False,False
25325f943242923b524345c7,calibration,False,,0.6118200335490055,1.3769889840881273,969,429,0.18102463942307692,0.2734375,False,False
254536513decef8c3de87336,fit,False,,0.612828500678968,1.362530413625304,964,432,0.18347856570512822,0.265625,False,False
2574dfa7386d8e50a2dc5719,fit,False,,0.6374630561546449,1.3475682087781733,978,443,0.1835536858974359,0.2578125,False,False
258f37b0b0ad9791f1bcb678,calibration,False,,0.6133177570093458,1.3736263736263736,969,431,0.17406850961538461,0.2734375,False,False
26806af188919845260c2944,calibration,False,,0.6269670101445802,1.3508982035928143,972,439,0.18935296474358973,0.2578125,False,False
26e1106de8a9c217ce63f34c,fit,False,,0.6239635753654446,1.3574007220216606,972,437,0.18257211538461537,0.26171875,False,False
27b98eda94d325a550f27364,calibration,False,,0.6307213036184999,1.3428571428571427,972,442,0.1931991185897436,0.25390625,False,False
27be3e5be19a2b4c335ab973,fit,False,,0.6293873312564902,1.3528708133971292,975,440,0.17939202724358974,0.26171875,False,False
291d957bdc8d5ac371e7d5d6,fit,False,,0.6155643421998562,1.3686131386861313,969,432,0.17683293269230768,0.26953125,False,False
2953f7797bef78b367bc1f2c,fit,False,,0.6491905636765449,1.3278879813302218,980,451,0.18552684294871793,0.24609375,False,False
29dc8d4c0e70ced218f864d9,fit,False,,0.6288308437841148,1.3516746411483254,974,440,0.1891776842948718,0.26171875,False,False
2a2ebe28454408e4b8e31f99,fit,False,,0.6188473520249221,1.3759124087591241,975,432,0.1802033253205128,0.2734375,False,False
2aaa5bfab124a047f8aa6867,calibration,False,,0.652613361024576,1.3348891481913652,986,451,0.18326822916666666,0.25,False,False
2abc495166a8c059465a408a,fit,False,,0.6332827435631174,1.361244019138756,980,440,0.1791816907051282,0.265625,False,False
2ac616b07e8f0365dcd99252,fit,False,,0.6306014857416726,1.371841155234657,982,437,0.18282251602564104,0.26953125,False,False
2ad66efc84d9aef37f463e27,calibration,False,,0.6239635753654446,1.3574007220216606,972,437,0.18290264423076924,0.26171875,False,False
2adc2b219e02a58946be06ef,fit,False,,0.6256230529595016,1.3610108303249098,975,437,0.18579226762820514,0.265625,False,False
2ae77eca7538f09acbdde106,fit,False,,0.6239635753654446,1.3574007220216606,972,437,0.17801983173076924,0.26171875,False,False
2bf31984d1f330c9e5e3b556,fit,False,,0.6210360252416327,1.380778588807786,977,432,0.1759415064102564,0.27734375,False,False
2c4820ed4166dca808a3e54b,fit,False,,0.6119698058950396,1.4012345679012346,977,426,0.17622696314102565,0.28515625,False,False
2cf8cce88069ba0b3f1a6ec3,fit,False,,0.6172058471123891,1.3722627737226278,972,432,0.18094951923076924,0.26953125,False,False
2cf91654e3d7631b17354d42,fit,False,,0.6250698937614826,1.3598074608904933,974,437,0.1832431891025641,0.265625,False,False
2d232dbda80155a5597435da,fit,False,,0.6243789440051122,1.3421052631578947,966,440,0.18377904647435897,0.25390625,False,False
2d7f5f90a36f30e0096a3e8b,fit,False,,0.6133177570093458,1.3736263736263736,969,431,0.18471053685897437,0.2734375,False,False
2d9c4db1d44072bdce0400f9,fit,False,,0.6544931703810208,1.3171296296296295,980,454,0.18882211538461538,0.2421875,False,False
2db606b5eb3782f7a77bfbde,fit,False,,0.6307213036184999,1.3428571428571427,972,442,0.18983874198717948,0.25390625,False,False
2e5978f4da260374452ae8a2,fit,False,,0.6017619884442315,1.3950310559006212,967,423,0.17489983974358975,0.28125,False,False
2e69345129be94487b89eff4,fit,False,,0.6294951673456346,1.3694344163658243,980,437,0.18652844551282052,0.26953125,False,False
2e6ec4882e89f00a95812589,fit,False,,0.6416154112415795,1.343565525383707,980,445,0.1864833733974359,0.25390625,False,False
2e80dd1300326adece68fede,fit,False,,0.6281165961072503,1.3796856106408706,983,435,0.18623798076923076,0.2734375,False,False
2e9fd00466fa648afac15ac8,fit,False,,0.603882099209202,1.382716049382716,964,426,0.17845052083333332,0.27734375,False,False
2ec6b541acbbbcb014dfea27,fit,False,,0.6196594509678622,1.3644067796610169,971,434,0.17493489583333333,0.265625,False,False
2eef98a9d346928b836efe63,fit,False,,0.6160436137071651,1.3797313797313797,974,431,0.18530649038461539,0.2734375,False,False
2fbb329a34a08f0474ba271f,fit,False,,0.6172058471123891,1.3722627737226278,972,432,0.1782752403846154,0.26953125,False,False
303209d2be40fbac956e7d58,fit,False,,0.6250698937614826,1.3598074608904933,974,437,0.18549679487179488,0.265625,False,False
3077d86689d5a3505b74c51e,fit,False,,0.6650983837899725,1.296127562642369,980,462,0.1861027644230769,0.2265625,False,False
307941c45e44b5a2c40caf57,fit,False,,0.608195542774982,1.3925925925925926,972,426,0.17569110576923078,0.28125,False,False
3145cb9ae6c92469f05d2c3a,fit,False,,0.6130614798839098,1.3498789346246973,961,434,0.1824969951923077,0.2578125,False,False
32b7b720203cd470bb8bf8d4,fit,False,,0.6133177570093458,1.3736263736263736,969,431,0.17831029647435898,0.2734375,False,False
32c34806fa593c9b1f866350,fit,False,,0.6692227813723141,1.2836158192090394,978,465,0.18653846153846154,0.22265625,False,False
33afd70e65d60869e72d207d,calibration,False,,0.6369019090981708,1.3463819691577699,977,443,0.18334835737179486,0.2578125,False,False
341bda6eed5f4e8ac5903152,fit,False,,0.6118200335490055,1.3769889840881273,969,429,0.18088942307692307,0.2734375,False,False
3439aceae50a9e8e69e43437,fit,False,,0.6474791650025294,1.3243873978996499,977,451,0.18380408653846153,0.24609375,False,False
34d6c4b57e2110cb08e69caf,calibration,False,,0.6256230529595016,1.3610108303249098,975,437,0.18216646634615385,0.265625,False,False
353dc887c1149e7079bc0b55,calibration,False,,0.6446268338791703,1.3185530921820303,974,451,0.18623798076923076,0.2421875,False,False
3600b9cdf68a783f08fd12aa,fit,False,,0.6342858854541098,1.3282172373081464,969,445,0.18258713942307692,0.24609375,False,False
362f9c63ca5a6ccabc58225b,fit,False,,0.6215831935458104,1.3819951338199514,978,432,0.18264222756410256,0.27734375,False,False
36e059945efde3fe353c6ac6,fit,False,,0.6101885134595415,1.3733170134638923,966,429,0.18404447115384615,0.2734375,False,False
375c3b26f7adcdcc127b88f4,fit,False,,0.6260484064222382,1.3456937799043063,969,440,0.1819110576923077,0.2578125,False,False
3784d9ce84ce2d5e27775986,fit,False,,0.6367281731767713,1.330188679245283,972,446,0.17981270032051283,0.25,False,False
37a01811450992bd0655d907,calibration,False,,0.6314668370743137,1.322314049586777,964,445,0.1774589342948718,0.2421875,False,False
37ad80fc0edb79a099308f16,fit,False,,0.6234104161674255,1.3561973525872444,971,437,0.18033854166666666,0.26171875,False,False
382fabf709f0be513a1a1151,calibration,False,,0.6133177570093458,1.3736263736263736,969,431,0.18029847756410255,0.2734375,False,False
38ba23814a02507d72f28ea0,fit,False,,0.6206446201773305,1.3501805054151625,966,437,0.1873096955128205,0.2578125,False,False
38f756ced54f06aaf28227f0,fit,False,,0.6264111883270762,1.3497005988023951,971,439,0.17760416666666667,0.2578125,False,False
394b0c23f69316bd6bc92d1e,calibration,False,,0.6206446201773305,1.3501805054151625,966,437,0.18779046474358974,0.2578125,False,False
39887316da7c5f8c5bf8c589,fit,False,,0.6556593977154724,1.3286875725900116,986,453,0.17900641025641026,0.24609375,False,False
39a90dd38ab3f71ef7c0ac36,fit,False,,0.6220404984423676,1.393162393162393,983,431,0.17837039262820512,0.28125,False,False
39c397e4e84eb134798daf40,calibration,False,,0.6215831935458104,1.3819951338199514,978,432,0.18643329326923078,0.27734375,False,False
39c5953011e4ad6a04b721b8,fit,False,,0.6239635753654446,1.3574007220216606,972,437,0.17736378205128206,0.26171875,False,False
3a6cd7a0e9f96024b4c47e60,fit,False,,0.6172584338472189,1.3892288861689106,977,429,0.18020833333333333,0.28125,False,False
3ab22bbde3fae3c6ca981b86,fit,False,,0.6340961738158,1.3404507710557532,974,443,0.18364883814102564,0.25390625,False,False
3b159ab7191b91847ef2f753,calibration,False,,0.639731607955907,1.323943661971831,972,448,0.1873046875,0.24609375,False,False
3b739922cafc7c1c1b6bf5af,fit,False,,0.6114073275288229,1.4173913043478261,983,423,0.17897135416666668,0.29296875,False,False
3b7f4b0ef6e9931bb0a60233,fit,False,,0.6399239822137018,1.3400236127508856,977,445,0.19161658653846153,0.25390625,False,False
3bf3eb5962d83c5ef8223bac,fit,False,,0.6091008333998988,1.3708690330477356,964,429,0.18774038461538461,0.26953125,False,False
3c02528f81f248ea1e58abc5,fit,False,,0.6329738797028517,1.3380782918149465,972,443,0.1839092548076923,0.25390625,False,False
3c244fd1316e2a2caf2be38d,calibration,False,,0.6189851425832734,1.3465703971119134,963,437,0.17591145833333333,0.2578125,False,False
3c435aa17f27611e30eb75fe,calibration,False,,0.619308650850707,1.3603385731559854,969,435,0.17816005608974358,0.265625,False,False
3c5e07ed447124ae1994b8e7,fit,False,,0.6017619884442315,1.3950310559006212,967,423,0.1790264423076923,0.28125,False,False
3c670fad112c759c272296d3,fit,False,,0.619308650850707,1.3603385731559854,969,435,0.17544070512820512,0.265625,False,False
3c6b31275c72edda89ab5d21,fit,False,,0.6155643421998562,1.3686131386861313,969,432,0.1823818108974359,0.26953125,False,False
3c9f90ef62d804f2b28c1d80,calibration,False,,0.6226775301541657,1.3844282238442822,980,432,0.1833934294871795,0.27734375,False,False
3ca9848d2ddf762ea1ca374e,fit,False,,0.6668517187208776,1.2995444191343963,983,462,0.1844601362179487,0.23046875,False,False
3ce6cfeda64714684d591002,fit,False,,0.608195542774982,1.3925925925925926,972,426,0.17470953525641025,0.28125,False,False
3cf351a27f44a8ffec77376a,fit,False,,0.6243789440051122,1.3421052631578947,966,440,0.1799178685897436,0.25390625,False,False
3d2bae2e78445ed0dad7c67e,fit,False,,0.6277178688393642,1.3492822966507176,972,440,0.18646834935897436,0.2578125,False,False
3d637f06cfb1ed6a14a5256e,calibration,False,,0.6271613813669888,1.3480861244019138,971,440,0.18042367788461539,0.2578125,False,False
3da8a5b9d6054e744297b695,fit,False,,0.6234104161674255,1.3561973525872444,971,437,0.1762520032051282,0.26171875,False,False
3df5e279e6ff27c6202f19a5,calibration,False,,0.6363128045371036,1.3547619047619048,980,442,0.1823868189102564,0.26171875,False,False
3e75991bcc2afe6085df3d0b,fit,False,,0.6199776339963256,1.3953488372093024,982,429,0.1838691907051282,0.28515625,False,False
3e95b18816069f70ba00df39,fit,False,,0.6294951673456346,1.3694344163658243,980,437,0.18576722756410258,0.26953125,False,False
3e9601c37c2513abd6a2f915,fit,False,,0.6293873312564902,1.3528708133971292,975,440,0.18469551282051283,0.26171875,False,False
3e988861d357da3578512243,fit,False,,0.6332827435631174,1.361244019138756,980,440,0.18543169070512822,0.265625,False,False
3ea71a41dec65ea4e798509b,fit,False,,0.617657161115105,1.3567110036275696,966,435,0.17637219551282052,0.26171875,False,False
3eae75012bae37b2cbc1664a,fit,False,,0.6378571238384323,1.3325471698113207,974,446,0.1880008012820513,0.25,False,False
3ebead1363452c579c4f787b,fit,False,,0.6226775301541657,1.3844282238442822,980,432,0.18489082532051282,0.27734375,False,False
3f28509b5a80664a3714819a,calibration,False,,0.6100467289719627,1.3663003663003663,963,431,0.1867938701923077,0.26953125,False,False
3f6f56b8a606fd443b9897c6,fit,False,,0.6293873312564902,1.3528708133971292,975,440,0.18188601762820514,0.26171875,False,False
3f878bbef72af5608097eed1,fit,False,,0.6172058471123891,1.3722627737226278,972,432,0.1829276842948718,0.26953125,False,False
3fac79881905c423577bb68d,calibration,False,,0.6133177570093458,1.3736263736263736,969,431,0.1801582532051282,0.2734375,False,False
3fbe6039a30d3245bdca405b,fit,False,,0.6119698058950396,1.4012345679012346,977,426,0.1810997596153846,0.28515625,False,False
4076636edff1ff18d23dd18f,calibration,False,,0.6172058471123891,1.3722627737226278,972,432,0.17942708333333332,0.26953125,False,False
4077ec452d26039c2728a6f7,fit,False,,0.6256230529595016,1.3610108303249098,975,437,0.18274739583333333,0.265625,False,False
40ac2f00add0e400ade31e24,fit,False,,0.6218587746625129,1.3692493946731235,975,434,0.17526041666666667,0.26953125,False,False
4197a6cabf48b3ae4bbef3de,calibration,False,,0.6239635753654446,1.3574007220216606,972,437,0.17912159455128204,0.26171875,False,False
41dbf2d73094489f88f6490a,fit,False,,0.6079479191628724,1.3783783783783783,966,428,0.1804737580128205,0.2734375,False,False
41e66b110656c251cad97e19,fit,False,,0.6158106345022233,1.3559322033898304,964,434,0.18497095352564102,0.26171875,False,False
42a602029063d0b8b58797fb,fit,False,,0.6187694704049844,1.3858363858363858,977,431,0.18321814903846154,0.27734375,False,False
42c6c15be0baee7f48ea586c,calibration,False,,0.603882099209202,1.382716049382716,964,426,0.17451422275641026,0.27734375,False,False
433809b14b745d53ec089421,fit,False,,0.6206446201773305,1.3501805054151625,966,437,0.18791065705128204,0.2578125,False,False
4359ca9a8a1803fef0b24cd5,calibration,False,,0.6169102963495486,1.3583535108958837,966,434,0.1888271233974359,0.265625,False,False
43c3352d430e10a47c8fd947,fit,False,,0.6185597891205368,1.3619854721549636,969,434,0.17684294871794873,0.265625,False,False
4407335c08b60e1b6d338bd6,fit,False,,0.6134515536384695,1.3806609547123623,972,429,0.18345853365384615,0.27734375,False,False
4422d5f195a0ce81fe6d3c9c,calibration,False,,0.6158106345022233,1.3559322033898304,964,434,0.18810596955128206,0.26171875,False,False
4424ee2da09740d91f04a4c8,fit,False,,0.6354135048060282,1.3305785123966942,971,445,0.17891626602564104,0.25,False,False
44f04df400270057a88edded,calibration,False,,0.6227094815879862,1.3385167464114833,963,440,0.18251702724358973,0.25390625,False,False
450e8df956ee04062e45d89e,fit,False,,0.6106571344889102,1.3845208845208845,971,428,0.1745743189102564,0.27734375,False,False
4543b64f24e19620ddfe58fe,fit,False,,0.6091008333998988,1.3708690330477356,964,429,0.18880208333333334,0.26953125,False,False
45c2b928b082147ebac543f6,fit,False,,0.6185597891205368,1.3619854721549636,969,434,0.17965244391025642,0.265625,False,False
45dc6fdfab82e2a0f77a8f68,fit,False,,0.6630541576803259,1.306987399770905,983,459,0.18639322916666667,0.234375,False,False
45eac42512333b0249addc4d,calibration,False,,0.6346573208722741,1.3416370106761566,975,443,0.18232672275641026,0.25390625,False,False
460dfbc0e3456157cb3dafe6,calibration,False,,0.6097624943419336,1.3426150121065374,955,434,0.18071414262820512,0.25390625,False,False
4665969bbaacc0e03564a0b5,fit,False,,0.6582807465985037,1.3095512082853855,980,457,0.18412960737179487,0.23828125,False,False
46a841b81644cae221e532f9,fit,False,,0.608824586628325,1.3837638376383763,969,427,0.1817958733974359,0.27734375,False,False
46c3d28ad61bb05f7a88360b,fit,False,,0.6399239822137018,1.3400236127508856,977,445,0.18502103365384615,0.25390625,False,False
475add33bf8c52b1f76faf0e,calibration,False,,0.6174601272732114,1.3595641646489105,967,434,0.1801181891025641,0.265625,False,False
475d3a39b0f5bde6f2638d17,fit,False,,0.6234523524243151,1.3273809523809523,961,442,0.18196113782051282,0.24609375,False,False
47b5e4653acb3b76c69c7e2c,calibration,False,,0.6202092818915249,1.3656174334140436,972,434,0.18721454326923076,0.26953125,False,False
47e952b58b623834813e81be,fit,False,,0.6172584338472189,1.3892288861689106,977,429,0.1841396233974359,0.28125,False,False
47f7f789909036fc50871be6,fit,False,,0.6134515536384695,1.3806609547123623,972,429,0.17994290865384616,0.27734375,False,False
48774be7a90d41f7a06ea83f,fit,False,,0.6134515536384695,1.3806609547123623,972,429,0.18664863782051283,0.27734375,False,False
487fb855420a23bbd66bb5c3,fit,False,,0.6437015736081156,1.3321596244131455,977,448,0.1794170673076923,0.25,False,False
488bd8045c660b3964c2e1a2,fit,False,,0.6239635753654446,1.3574007220216606,972,437,0.1839092548076923,0.26171875,False,False
48bdd16c4e8d4e727d51a80d,fit,False,,0.6218587746625129,1.3692493946731235,975,434,0.18334334935897437,0.26953125,False,False
48e3ec1c4f6e6f0c62776e6c,fit,False,,0.6359773144819874,1.3317591499409682,972,445,0.17764923878205127,0.25,False,False
4922374fcc6db67895f5f7bd,calibration,False,,0.612828500678968,1.362530413625304,964,432,0.18861177884615385,0.265625,False,False
4965160adcfb13a2bec036fe,fit,False,,0.6245506829618979,1.3489208633093526,969,438,0.18182091346153847,0.2578125,False,False
4980c72ca67d8e631768e86d,fit,False,,0.6438746438746439,1.3200934579439252,974,450,0.18848157051282052,0.2421875,False,False
4a465dea132db9bde579a435,fit,False,,0.6246079292808264,1.3753026634382566,978,434,0.18454527243589744,0.2734375,False,False
4b27ef5bac93b1c1049afd11,fit,False,,0.6527677929547089,1.3136574074074074,977,454,0.18717948717948718,0.23828125,False,False
4b2b4fe3beeb82bedd80c4ca,calibration,False,,0.6189851425832734,1.3465703971119134,963,437,0.18821614583333332,0.2578125,False,False
4b4b8a8b741d6f6b1bb77a85,fit,False,,0.6065780014378145,1.3888888888888888,969,426,0.1782051282051282,0.28125,False,False
4ba9cb9a1f838882aceda47d,fit,False,,0.6174601272732114,1.3595641646489105,967,434,0.1783153044871795,0.265625,False,False
4bbc0bc9496a4f24dfec4361,fit,False,,0.6454029874590622,1.335680751173709,980,448,0.1884765625,0.25,False,False
4bd72ef466f1588d325db08d,fit,False,,0.6062651436483212,1.401985111662531,974,424,0.17924679487179487,0.28515625,False,False
4c7ebec199ba9cbea02ba2e3,fit,False,,0.6280786537795884,1.3532934131736527,974,439,0.1756209935897436,0.26171875,False,False
4c89a7e447da754594bbb3cd,calibration,False,,0.612828500678968,1.362530413625304,964,432,0.1733673878205128,0.265625,False,False
4d94920a4d61a8aaca117516,fit,False,,0.6220611337433767,1.3663845223700122,974,435,0.18201622596153846,0.26953125,False,False
4dc8d3119ac06b59ca06d65a,fit,False,,0.6533429187634795,1.3148148148148149,978,454,0.18255709134615383,0.23828125,False,False
4ded01ce9f8ee20f2618b620,fit,False,,0.6400631040817957,1.309218203033839,966,451,0.18306790865384615,0.234375,False,False
4e5695252fe1cae7b4b7cf06,fit,False,,0.6288308437841148,1.3516746411483254,974,440,0.17798477564102563,0.26171875,False,False
4e68d82a9913d783849b4a62,calibration,False,,0.6185597891205368,1.3619854721549636,969,434,0.17483974358974358,0.265625,False,False
4e7c4e164c4b08ef5f9b0751,calibration,False,,0.6240580983571637,1.37409200968523,977,434,0.18275240384615385,0.2734375,False,False
4ef0dc3204621c8f7fccfc43,fit,False,,0.6166174082061933,1.398034398034398,980,428,0.18533153044871795,0.28515625,False,False
4f0eb87c7afd4958fe4ca09e,fit,False,,0.6152608035785606,1.354721549636804,963,434,0.17510516826923078,0.26171875,False,False
4f38a91c91cb97fc73241168,calibration,False,,0.6149532710280374,1.3772893772893773,972,431,0.18269230769230768,0.2734375,False,False
4f3fb82547cbad8abcaf5a6f,calibration,False,,0.6448358495087467,1.3345070422535212,979,448,0.19001402243589743,0.25,False,False
4f47e51a7fbfbcf7d57ea77e,fit,False,,0.6301621535266395,1.3416666666666666,971,442,0.18118489583333333,0.25390625,False,False
4f5e0284e3de480ed0c8a248,calibration,False,,0.6226116303219107,1.3675937122128174,975,435,0.17801983173076924,0.26953125,False,False
4ff171ae3a845eb68a83516f,calibration,False,,0.6017619884442315,1.3950310559006212,967,423,0.18023838141025642,0.28125,False,False
51173f769f1433b029e67775,fit,False,,0.612828500678968,1.362530413625304,964,432,0.18240184294871795,0.265625,False,False
51175d44934be4581a9f4b97,fit,False,,0.6226116303219107,1.3675937122128174,975,435,0.18580228365384616,0.26953125,False,False
511e6afa03677f09b6d318a6,calibration,False,,0.6185597891205368,1.3619854721549636,969,434,0.18610777243589743,0.265625,False,False
5149baa58ed3a009537eb41a,fit,False,,0.6234104161674255,1.3561973525872444,971,437,0.1746444310897436,0.26171875,False,False
514bca41e512abcb720415b8,fit,False,,0.6277178688393642,1.3492822966507176,972,440,0.1821564503205128,0.2578125,False,False
51573d481758af653e6b2301,fit,False,,0.6404877918896611,1.3412042502951593,978,445,0.17932692307692308,0.25390625,False,False
523569515df9ae266b5cc18f,fit,False,,0.6484330484330484,1.3294392523364487,980,450,0.18346854967948717,0.24609375,False,False
523cb59f573f58fb7f7c6233,fit,False,,0.6346353542615225,1.3511904761904763,977,442,0.17862079326923078,0.26171875,False,False
5242642f61dc9f3dccd7c5f1,fit,False,,0.6408658838565381,1.3262910798122065,974,448,0.17911157852564102,0.24609375,False,False
525c506269f0acc2392c57d9,fit,False,,0.6410516015656202,1.3423848878394333,979,445,0.192002203525641,0.25390625,False,False
53553f400f2058be52468beb,fit,False,,0.6482386772106399,1.341549295774648,985,448,0.17971254006410256,0.25390625,False,False
53ad251d11b5ffde2ff0ea3a,fit,False,,0.6218587746625129,1.3692493946731235,975,434,0.18236177884615384,0.26953125,False,False
53af98416cb0b2869d8f7539,fit,False,,0.6202092818915249,1.3656174334140436,972,434,0.17974759615384617,0.26953125,False,False
53ee26b8f272cefa7ed325c6,fit,False,,0.6565453843491227,1.3060989643268124,977,457,0.1835136217948718,0.234375,False,False
541484a2871c53e1373d74c9,calibration,False,,0.619308650850707,1.3603385731559854,969,435,0.18334334935897437,0.265625,False,False
546fa92166277933cf129cf3,fit,False,,0.6182076576936391,1.3579201934703748,967,435,0.17721354166666667,0.26171875,False,False
54d04aaf9210fb2c2cb77d33,fit,False,,0.6321697686183667,1.3588516746411483,978,440,0.18141526442307693,0.265625,False,False
5542510a27d7cd34379b2b58,calibration,False,,0.6350347471842799,1.3266509433962264,969,446,0.18310797275641025,0.24609375,False,False
5548c51f79d497a17f292c50,fit,False,,0.6556593977154724,1.3286875725900116,986,453,0.1778145032051282,0.24609375,False,False
56abb3edb284c2344e16fc3c,fit,False,,0.6437015736081156,1.3321596244131455,977,448,0.18145532852564103,0.25,False,False
56f9f2e5af9215d836af847a,fit,False,,0.6095454908539021,1.3552311435523114,960,432,0.17573116987179488,0.26171875,False,False
5704beb34b7700bdf69b68d7,fit,False,,0.6118200335490055,1.3769889840881273,969,429,0.17743890224358974,0.2734375,False,False
572c4ec4f5b29bc07029310c,calibration,False,,0.6149532710280374,1.3772893772893773,972,431,0.18852664262820512,0.2734375,False,False
577e306a2e950842cc7e0b3b,fit,False,,0.632398753894081,1.3464285714285715,975,442,0.1806239983974359,0.2578125,False,False
58133cd36d4de1c8fbea2575,fit,False,,0.6202092818915249,1.3656174334140436,972,434,0.17622696314102565,0.26953125,False,False
586b3c4f915dd011d38fbe92,fit,False,,0.6133177570093458,1.3736263736263736,969,431,0.17782451923076922,0.2734375,False,False
5ad4aeb1331d49c964f85f38,calibration,False,,0.6474791650025294,1.3243873978996499,977,451,0.18353866185897436,0.24609375,False,False
5b19de312d23f0fa4ea50e0a,fit,False,,0.6406795004925846,1.338443396226415,977,446,0.17654246794871795,0.25390625,False,False
5ba769d6494640d0a423bba3,fit,False,,0.6236320792395559,1.3437125748502994,966,439,0.17835036057692308,0.25390625,False,False
5bcde2503bb5c693ffaf38f1,fit,False,,0.6278356897515776,1.3658243080625752,977,437,0.18822616185897437,0.26953125,False,False
5c15ccf66b55ebcefa392ce3,fit,False,,0.6178022738770402,1.390452876376989,978,429,0.178515625,0.28125,False,False
5c59499c183f6a71dd770ba6,fit,False,,0.6149532710280374,1.3772893772893773,972,431,0.1864132612179487,0.2734375,False,False
5c6d3466c6986a59ea1677b0,fit,False,,0.6307213036184999,1.3428571428571427,972,442,0.18588241185897436,0.25390625,False,False
5c75350aed5b717062b17cae,fit,False,,0.6091008333998988,1.3708690330477356,964,429,0.1786708733974359,0.26953125,False,False
5c9a7854033fd3b1954db99f,calibration,False,,0.6166586788082116,1.3710462287104623,971,432,0.18002804487179488,0.26953125,False,False
5d2c56793cd491da0cfe3315,fit,False,,0.6118200335490055,1.3769889840881273,969,429,0.17680789262820512,0.2734375,False,False
5d5ee24466d3ceccbbcb3574,calibration,False,,0.6283888489495966,1.3670276774969916,978,437,0.17982772435897437,0.26953125,False,False
5da2ac4a99b7ed04c59a3872,calibration,False,,0.6342858854541098,1.3282172373081464,969,445,0.18286758814102563,0.24609375,False,False
5dceb4553fdc75deb70c6d6d,fit,False,,0.653366882338845,1.32404181184669,982,453,0.18608273237179487,0.24609375,False,False
5de687b7a3586a55713120f9,fit,False,,0.6118200335490055,1.3769889840881273,969,429,0.1834735576923077,0.2734375,False,False
5e1d7231fed9766c68b295c7,fit,False,,0.6357536544452432,1.3535714285714286,979,442,0.18853665865384617,0.26171875,False,False
5f1743f097604949c2e2afdd,calibration,False,,0.6277178688393642,1.3492822966507176,972,440,0.18782051282051282,0.2578125,False,False
5f19dfc7921852e8bdb47c0f,fit,False,,0.6351945043533829,1.3523809523809525,978,442,0.18595753205128204,0.26171875,False,False
5f958a67a461a12163dd611a,fit,False,,0.6239635753654446,1.3574007220216606,972,437,0.1729717548076923,0.26171875,False,False
5fc1aadc9e2e9f7d4a76bdd4,fit,False,,0.6544931703810208,1.3171296296296295,980,454,0.18475060096153847,0.2421875,False,False
5fddef488d9bbdb34d9dab3b,fit,False,,0.6185597891205368,1.3619854721549636,969,434,0.18581229967948718,0.265625,False,False
5ff80a6410090b3b9d57f4f7,fit,False,,0.6134515536384695,1.3806609547123623,972,429,0.1827674278846154,0.27734375,False,False
602cbebbca89fbaf713dd997,fit,False,,0.637668743509865,1.3353010625737898,975,445,0.18518129006410255,0.25,False,False
605a0169b9bac60a8a4d66a6,fit,False,,0.6316132811459915,1.3576555023923444,977,440,0.18357872596153846,0.26171875,False,False
60a9a2d3a38d00e9f97430c1,calibration,False,,0.6342858854541098,1.3282172373081464,969,445,0.1889523237179487,0.24609375,False,False
616b37c1d40303fbfa1f9a32,fit,False,,0.6065780014378145,1.3888888888888888,969,426,0.17825520833333333,0.28125,False,False
6224d209aa1d004e0788419a,fit,False,,0.6404877918896611,1.3412042502951593,978,445,0.1911758814102564,0.25390625,False,False
62ab7fdd11dcdda074fae2ae,fit,False,,0.6243789440051122,1.3421052631578947,966,440,0.1850310496794872,0.25390625,False,False
6327aa444536ad6d2e5386c2,fit,False,,0.6223040977713875,1.3537906137184115,969,437,0.1842998798076923,0.26171875,False,False
6387eda1f48b9c2015039273,calibration,False,,0.6239635753654446,1.3574007220216606,972,437,0.18654346955128207,0.26171875,False,False
6387f6ced1c40317d03fa204,fit,False,,0.608195542774982,1.3925925925925926,972,426,0.18046875,0.28125,False,False
639596fcd9661db6e74da5b4,calibration,False,,0.6202092818915249,1.3656174334140436,972,434,0.17790965544871795,0.26953125,False,False
63960923c232394fd8e99843,fit,False,,0.6223040977713875,1.3537906137184115,969,437,0.18403445512820513,0.26171875,False,False
642224a48d4d7da247054be9,fit,False,,0.6307213036184999,1.3428571428571427,972,442,0.17861578525641025,0.25390625,False,False
64b4c24d09b3948d7383f74d,fit,False,,0.6399239822137018,1.3400236127508856,977,445,0.18543169070512822,0.25390625,False,False
64b8249d3fc0fe41daf96f8b,fit,False,,0.6592565966397742,1.314516129032258,983,456,0.1904997996794872,0.23828125,False,False
66aa231e5d1632c5819ca59b,fit,False,,0.6332827435631174,1.361244019138756,980,440,0.1812199519230769,0.265625,False,False
66adfe65b3d9331a5da888c9,fit,False,,0.6063816332507921,1.364749082007344,961,429,0.179306891025641,0.265625,False,False
66b007b118c0f706871e39e2,fit,False,,0.6165561679580371,1.3542926239419588,964,435,0.18682892628205128,0.26171875,False,False
66d05d9c3f5b6674d314eb61,fit,False,,0.6359773144819874,1.3317591499409682,972,445,0.1897686298076923,0.25,False,False
66d10c1a1a2e920f3353605b,fit,False,,0.6488058151609554,1.3427230046948357,986,448,0.1957481971153846,0.25390625,False,False
66f8ace62ff1176128fa2a02,fit,False,,0.6202092818915249,1.3656174334140436,972,434,0.1790214342948718,0.26953125,False,False
674e774cb5d47b9d5e7222da,calibration,False,,0.6437015736081156,1.3321596244131455,977,448,0.18270733173076922,0.25,False,False
677aa74297073fb830aa6956,fit,False,,0.6226116303219107,1.3675937122128174,975,435,0.178515625,0.26953125,False,False
6791f6649b9ca79b8b6ebb30,fit,False,,0.6145392336981123,1.383108935128519,974,429,0.1830378605769231,0.27734375,False,False
67dc9deda34890a8e735d460,fit,False,,0.6286344755970924,1.354491017964072,975,439,0.1862530048076923,0.26171875,False,False
682557b5ae2e3f96bdd6b93f,fit,False,,0.608195542774982,1.3925925925925926,972,426,0.18130508814102564,0.28125,False,False
686aca559697cfd33db0eba9,fit,False,,0.6446268338791703,1.3185530921820303,974,451,0.18967347756410258,0.2421875,False,False
68c0fc0efbb93f1c3720c26f,fit,False,,0.6193146417445483,1.387057387057387,978,431,0.19029447115384615,0.27734375,False,False
68f4609f8d843d48c771bbb7,fit,False,,0.6139228372873232,1.364963503649635,966,432,0.1808994391025641,0.265625,False,False
694629f0aa74ceda2a15ba21,fit,False,,0.5971722981068776,1.3982521847690388,964,421,0.17195012019230768,0.28515625,False,False
69718c2cbcdee661e85e894b,fit,False,,0.6307213036184999,1.3428571428571427,972,442,0.18685897435897436,0.25390625,False,False
697ba8a446d4482c10f34f2f,fit,False,,0.6240580983571637,1.37409200968523,977,434,0.1805038060897436,0.2734375,False,False
6a1754bc6609bb8e8c11b65b,fit,False,,0.6129077136086482,1.3794369645042839,971,429,0.17970252403846154,0.2734375,False,False
6a33d51ff178335de31decc6,fit,False,,0.6213089437388503,1.368038740920097,974,434,0.18428986378205128,0.26953125,False,False
6a50b57e104077eedc837722,calibration,False,,0.6459162073648055,1.3089430894308942,971,453,0.18292267628205128,0.234375,False,False
6a94f7732c738d23f7748f52,fit,False,,0.6243789440051122,1.3421052631578947,966,440,0.18350360576923078,0.25390625,False,False
6ad43ba2a899aeae4165e4ff,fit,False,,0.6332827435631174,1.361244019138756,980,440,0.1818709935897436,0.265625,False,False
6ae60da438a0b65e963dd5ab,fit,False,,0.608824586628325,1.3837638376383763,969,427,0.17976262019230768,0.27734375,False,False
6b41ac9a929e84b8a5c54474,fit,False,,0.6378571238384323,1.3325471698113207,974,446,0.18296274038461538,0.25,False,False
6b5412ef1aff907d587d4786,fit,False,,0.6246079292808264,1.3753026634382566,978,434,0.187119391025641,0.2734375,False,False
6b70c8fa2ac10acaecbef139,calibration,False,,0.6160436137071651,1.3797313797313797,974,431,0.17858072916666667,0.2734375,False,False
6b8d21c86207f8f468d728fc,fit,False,,0.6277178688393642,1.3492822966507176,972,440,0.18193609775641026,0.2578125,False,False
6b997b29df19df5c97bc6c5f,fit,False,,0.6152608035785606,1.354721549636804,963,434,0.19235777243589744,0.26171875,False,False
6bb2e1e28d946d43104440ab,fit,False,,0.6386392683121656,1.3760479041916167,989,439,0.1878104967948718,0.2734375,False,False
6bcb8810eef36573291f3d5b,fit,False,,0.6277178688393642,1.3492822966507176,972,440,0.18103465544871794,0.2578125,False,False
6bd772d85bd66c662ddb5980,fit,False,,0.6116822429906542,1.36996336996337,966,431,0.1886768830128205,0.26953125,False,False
6c08935d1f26d7d1da5b58ee,fit,False,,0.6169102963495486,1.3583535108958837,966,434,0.1769881810897436,0.265625,False,False
6c85d639e65adb7d4f053f76,fit,False,,0.5996185797587666,1.3900621118012422,963,423,0.18588241185897436,0.28125,False,False
6ca5b98cfc058bd4589ef5c7,fit,False,,0.6329738797028517,1.3380782918149465,972,443,0.1764823717948718,0.25390625,False,False
6caf1c56ad8d6ebeb77e573f,calibration,False,,0.6011861969805895,1.376543209876543,961,426,0.17919170673076923,0.2734375,False,False
6cba0c699d5228244c20ca12,calibration,False,,0.6011861969805895,1.376543209876543,961,426,0.1733974358974359,0.2734375,False,False
6d1147e01873945986d386c8,fit,False,,0.6091008333998988,1.3708690330477356,964,429,0.18083433493589743,0.26953125,False,False
6dc8a9fd69394147248823c3,fit,False,,0.639731607955907,1.323943661971831,972,448,0.18175580929487178,0.24609375,False,False
6de6d91fd06b0303903d8d7c,fit,False,,0.6239635753654446,1.3574007220216606,972,437,0.18262219551282052,0.26171875,False,False
6df77ea1d8025cea10cdeab4,fit,False,,0.6210360252416327,1.380778588807786,977,432,0.186328125,0.27734375,False,False
6e27bd35475fc44cb8ed2f15,fit,False,,0.6459681284447639,1.327485380116959,977,449,0.18752504006410256,0.24609375,False,False
6e2efbafb29a453dc464dd7b,fit,False,,0.6256230529595016,1.3610108303249098,975,437,0.1822616185897436,0.265625,False,False
7086c3b7f6936769b7d902ff,fit,False,,0.6484330484330484,1.3294392523364487,980,450,0.18139022435897437,0.24609375,False,False
70e3ac4c0304a131eac61ac5,calibration,False,,0.6332827435631174,1.361244019138756,980,440,0.1854366987179487,0.265625,False,False
70f6dd210be31e9fd5a0546d,calibration,False,,0.6234104161674255,1.3561973525872444,971,437,0.17772936698717948,0.26171875,False,False
714e6df65622e10ab0ab0e7f,fit,False,,0.629006576670128,1.3849878934624698,986,434,0.18764022435897437,0.27734375,False,False
717497c283c6e6b8ade19b76,fit,False,,0.6239635753654446,1.3574007220216606,972,437,0.1813701923076923,0.26171875,False,False
7194b681d1dde4eb4b3476c3,calibration,False,,0.6100926591580798,1.356447688564477,961,432,0.17962239583333334,0.26171875,False,False
719f7d260f527335b97a24ec,fit,False,,0.6260484064222382,1.3456937799043063,969,440,0.18786558493589745,0.2578125,False,False
71e172b953d23eba9b7b5a2a,fit,False,,0.6318396038022206,1.3452380952380953,974,442,0.18431991185897437,0.2578125,False,False
7285bea2eab806b6c0e7f2f0,fit,False,,0.6129077136086482,1.3794369645042839,971,429,0.18082932692307693,0.2734375,False,False
72ac6b38b6693e5fc323e6d7,fit,False,,0.6210360252416327,1.380778588807786,977,432,0.1778445512820513,0.27734375,False,False
736baaa0fc8d39ce48febcb6,fit,False,,0.6430505631440211,1.3031358885017421,966,453,0.17915164262820513,0.234375,False,False
73cd7731bfdf8ff0623d2222,fit,False,,0.6371049338339058,1.334120425029516,974,445,0.18747495993589744,0.25,False,False
74245903c0b5a82d2c29d44e,calibration,False,,0.6095734483584951,1.382063882063882,969,428,0.17970252403846154,0.27734375,False,False
745062a06e1ba8cc958dbad9,fit,False,,0.6249354314774875,1.3433014354066986,967,440,0.1868790064102564,0.25390625,False,False
74638a61aa0665d0f887c089,fit,False,,0.6385853502675932,1.34994068801898,980,443,0.180068108974359,0.2578125,False,False
74b7ffff37e9526451719bfb,fit,False,,0.6278356897515776,1.3658243080625752,977,437,0.18544170673076923,0.26953125,False,False
74c9ac3186de7dd54be4711b,fit,False,,0.6491905636765449,1.3278879813302218,980,451,0.18590745192307692,0.24609375,False,False
74ff6a01c7668fbcc00858e1,calibration,False,,0.6592565966397742,1.314516129032258,983,456,0.1823016826923077,0.23828125,False,False
7565130be3e796f17968d537,calibration,False,,0.6166586788082116,1.3710462287104623,971,432,0.17170472756410257,0.26953125,False,False
75ccabc7c7ebd7b743e9a864,fit,False,,0.6271613813669888,1.3480861244019138,971,440,0.18685396634615384,0.2578125,False,False
76016013ac2f39f19fd5e707,fit,False,,0.6196594509678622,1.3644067796610169,971,434,0.17853064903846153,0.265625,False,False
766b495ea99f75997c14b363,fit,False,,0.6185597891205368,1.3619854721549636,969,434,0.1823417467948718,0.265625,False,False
772ca7380c6ef905c50a98b0,fit,False,,0.6185597891205368,1.3619854721549636,969,434,0.18487580128205128,0.265625,False,False
774c8415eac029c447e8beea,calibration,False,,0.6503314961258887,1.3302217036172694,982,451,0.1906300080128205,0.25,False,False
77a6ce8dad22d95be65380c5,calibration,False,,0.6128245067497404,1.3894348894348894,975,428,0.18224659455128206,0.28125,False,False
7865271a8a6ac130c7e55bd5,fit,False,,0.6092739036664271,1.3950617283950617,974,426,0.1785506810897436,0.28125,False,False
7921a2523607b346c915e832,fit,False,,0.6065780014378145,1.3888888888888888,969,426,0.1785506810897436,0.28125,False,False
79bc2e4e01676ea5281bcec0,fit,False,,0.617657161115105,1.3567110036275696,966,435,0.18017327724358975,0.26171875,False,False
7a2213726b1ddb2d4e539d29,calibration,False,,0.6118200335490055,1.3769889840881273,969,429,0.1792518028846154,0.2734375,False,False
7a60cb192be52d74ef832b37,calibration,False,,0.6118200335490055,1.3769889840881273,969,429,0.1845703125,0.2734375,False,False
7a9350895082fecdb70eb5e0,fit,False,,0.603882099209202,1.382716049382716,964,426,0.1719451121794872,0.27734375,False,False
7ae3073e20e860b41f462134,fit,False,,0.6374630561546449,1.3475682087781733,978,443,0.17994290865384616,0.2578125,False,False
7af5cfe2789ad8884c2c680c,fit,False,,0.6210360252416327,1.380778588807786,977,432,0.18854166666666666,0.27734375,False,False
7afbc26da1dbba6cc7e92529,fit,False,,0.6279235561945843,1.3274021352313168,963,443,0.1879757612179487,0.24609375,False,False
7b33276c4bdd148e1ea33f6d,fit,False,,0.6149532710280374,1.3772893772893773,972,431,0.1817508012820513,0.2734375,False,False
7b9272db08a41f6c5e8105f2,fit,False,,0.6417745027558112,1.3127187864644108,969,451,0.18646334134615383,0.23828125,False,False
7ce77491ef71464a89bbe4f5,fit,False,,0.6293873312564902,1.3528708133971292,975,440,0.18229166666666666,0.26171875,False,False
7cfa84a50e04b2885c386eaa,fit,False,,0.6324127326463775,1.3368920521945433,971,443,0.18591746794871794,0.25390625,False,False
7d530f82804bd5827f7d06d5,fit,False,,0.6264651063716484,1.3760580411124546,980,435,0.18767027243589743,0.2734375,False,False
7d79606700d0aef327681d62,fit,False,,0.6188899539366829,1.3929008567931456,980,429,0.17847055288461539,0.28125,False,False
7dadd00de53eaf25d2e2c3ff,fit,False,,0.6293873312564902,1.3528708133971292,975,440,0.1805038060897436,0.26171875,False,False
7e2d3336804b149b9089e670,fit,False,,0.6454029874590622,1.335680751173709,980,448,0.17990284455128205,0.25,False,False
7e61ea81f0f1120629741738,fit,False,,0.637668743509865,1.3353010625737898,975,445,0.18412459935897435,0.25,False,False
7ec2eb6ab2903115adc2f477,fit,False,,0.608195542774982,1.3925925925925926,972,426,0.17986778846153847,0.28125,False,False
7fc56a4f194b9a523baf95ca,fit,False,,0.6065780014378145,1.3888888888888888,969,426,0.1800380608974359,0.28125,False,False
7ff10d5fa9617322c74f0a6b,fit,False,,0.6822330058311367,1.256921373200443,977,475,0.1851512419871795,0.203125,False,False
804d7e4a63baeaa6161b25d4,fit,False,,0.6288308437841148,1.3516746411483254,974,440,0.18520633012820512,0.26171875,False,False
8054ca96d8472cde33311981,fit,False,,0.6427430305934979,1.345926800472255,982,445,0.1869140625,0.2578125,False,False
8068d11c47ead790e41d7196,fit,False,,0.6085569933700775,1.3696450428396574,963,429,0.18011318108974358,0.26953125,False,False
8069600c7d77cc9c241150c9,fit,False,,0.6134515536384695,1.3806609547123623,972,429,0.18193108974358974,0.27734375,False,False
80c777298f2c73197c736a06,fit,False,,0.6509019623505605,1.3313885647607935,983,451,0.18561197916666666,0.25,False,False
80cbb4aa4ba2f071dd3e274f,fit,False,,0.6246079292808264,1.3753026634382566,978,434,0.1825370592948718,0.2734375,False,False
8157959e9015561736baed71,fit,False,,0.6133177570093458,1.3736263736263736,969,431,0.18335336538461539,0.2734375,False,False
816bd32e6af258821450f1f6,fit,False,,0.6264111883270762,1.3497005988023951,971,439,0.1806239983974359,0.2578125,False,False
8199ab85b14eae2afb607afa,calibration,False,,0.6404877918896611,1.3412042502951593,978,445,0.1883213141025641,0.25390625,False,False
819d72ed8a5344bd4e0d6bb8,fit,False,,0.62735708389914,1.38135593220339,983,434,0.18518129006410255,0.27734375,False,False
82682fb34aad94edccaf5aa4,fit,False,,0.6399239822137018,1.3400236127508856,977,445,0.17882612179487178,0.25390625,False,False
827aef055580c944141792d8,fit,False,,0.6331582661021913,1.3258559622195987,967,445,0.18243189102564103,0.24609375,False,False
82c0b5277898a7d7e3602a57,fit,False,,0.6240580983571637,1.37409200968523,977,434,0.17969250801282052,0.2734375,False,False
82c3c01c638ac534deeb4f7e,fit,False,,0.6183001837207445,1.3746958637469586,974,432,0.18799078525641025,0.2734375,False,False
836c931b8daff47ee81f701f,fit,False,,0.6434859014298266,1.3162193698949824,972,451,0.18597255608974358,0.2421875,False,False
838c0e27eb13fae09a38d163,fit,False,,0.6134515536384695,1.3806609547123623,972,429,0.1835536858974359,0.27734375,False,False
83be3227924384e1419ce485,calibration,False,,0.6471044013100088,1.3392018779342723,983,448,0.177734375,0.25390625,False,False
84085310ca1360c7c2b4367a,fit,False,,0.6239635753654446,1.3574007220216606,972,437,0.17942708333333332,0.26171875,False,False
841cbb396d21645ac11b6b7b,fit,False,,0.6325944564262321,1.3246753246753247,966,445,0.1817908653846154,0.24609375,False,False
84442fa91f2c20b34ab4e0dd,fit,False,,0.6408658838565381,1.3262910798122065,974,448,0.18118489583333333,0.24609375,False,False
85285d4ae0367585c4ad8a44,fit,False,,0.6134515536384695,1.3806609547123623,972,429,0.1766476362179487,0.27734375,False,False
86167754816351afb9121870,fit,False,,0.6491905636765449,1.3278879813302218,980,451,0.1860927483974359,0.24609375,False,False
8645c4c99730d4424f3e467c,fit,False,,0.6595674574646537,1.300114547537228,977,459,0.18329827724358974,0.23046875,False,False
8682d1656525ffaf19b55b85,fit,False,,0.6149532710280374,1.3772893772893773,972,431,0.17997295673076924,0.2734375,False,False
871f8ba9bfc8c501fb6d2705,fit,False,,0.6118200335490055,1.3769889840881273,969,429,0.18823617788461539,0.2734375,False,False
8721d8cf43719657af0cbf98,calibration,False,,0.6325252283196209,1.362874251497006,980,439,0.18034354967948718,0.265625,False,False
874d6eabd5e75378c3fea8be,fit,False,,0.632398753894081,1.3464285714285715,975,442,0.17748397435897437,0.2578125,False,False
87b2aa4f8802bf19be874c02,fit,False,,0.6271613813669888,1.3480861244019138,971,440,0.18170572916666666,0.2578125,False,False
87df030a4039ee1e841509cd,fit,False,,0.6342858854541098,1.3282172373081464,969,445,0.1766075721153846,0.24609375,False,False
880253b588499e4ba518be2b,calibration,False,,0.6312904385334291,1.3345195729537367,969,443,0.18893229166666667,0.25,False,False
8863cf8ce2b243b58bb78daf,fit,False,,0.6316132811459915,1.3576555023923444,977,440,0.18749499198717948,0.26171875,False,False
89bb5e962dd3595fb2b8c8d8,fit,False,,0.604960460100647,1.385185185185185,966,426,0.18385416666666668,0.27734375,False,False
89c5720e09cc8adbb2278ca8,fit,False,,0.6539400111830018,1.3252032520325203,983,453,0.17888621794871795,0.24609375,False,False
89df830e8a15cf60ce38bc93,fit,False,,0.6249354314774875,1.3433014354066986,967,440,0.18994891826923077,0.25390625,False,False
8a2051578cc1e9cee27126bf,calibration,False,,0.6243789440051122,1.3421052631578947,966,440,0.1814102564102564,0.25390625,False,False
8a537772fd9140be6467cba8,fit,False,,0.6172058471123891,1.3722627737226278,972,432,0.17247596153846154,0.26953125,False,False
8a741e49868bfba12a9e45a0,fit,False,,0.6283888489495966,1.3670276774969916,978,437,0.18273237179487178,0.26953125,False,False
8a7498ab9ecdc653edfde807,fit,False,,0.6380301941049604,1.3204225352112675,969,448,0.1877353766025641,0.2421875,False,False
8aa3d2f37ed6bb16a21a3fda,fit,False,,0.6220611337433767,1.3663845223700122,974,435,0.1843800080128205,0.26953125,False,False
8ac17649dea347a107f0ba10,fit,False,,0.6414330218068536,1.3274647887323943,975,448,0.18485076121794872,0.24609375,False,False
8af0af3edb5948be9d56dfd2,calibration,False,,0.6183001837207445,1.3746958637469586,974,432,0.17962239583333334,0.2734375,False,False
8b3d711d21737eddba34ea91,fit,False,,0.6240580983571637,1.37409200968523,977,434,0.18557692307692308,0.2734375,False,False
8bf35a3ba2e7469d76d6145b,calibration,False,,0.6155643421998562,1.3686131386861313,969,432,0.17951722756410257,0.26953125,False,False
8c13b51d04efc858be6bd1fe,fit,False,,0.6188899539366829,1.3929008567931456,980,429,0.1788311298076923,0.28125,False,False
8c214fcc3397184698a00ad0,fit,False,,0.6155643421998562,1.3686131386861313,969,432,0.18106470352564102,0.26953125,False,False
8c45dd494acbb106ab4500e8,fit,False,,0.6128245067497404,1.3894348894348894,975,428,0.1780899439102564,0.28125,False,False
8c45ec5369b2b83df2c51d55,fit,False,,0.6166586788082116,1.3710462287104623,971,432,0.17303685897435897,0.26953125,False,False
8c4a1d981ef1daf0054fcd30,fit,False,,0.616588785046729,1.380952380952381,975,431,0.17787459935897437,0.27734375,False,False
8d21850c283f248e197a3812,fit,False,,0.6491905636765449,1.3278879813302218,980,451,0.1785556891025641,0.24609375,False,False
8d8da59b0a99e887b532a674,fit,False,,0.6209601405863088,1.3639661426844014,972,435,0.1782001201923077,0.265625,False,False
8e46c5ffa65a69e217cfbaed,fit,False,,0.6325944564262321,1.3246753246753247,966,445,0.18359375,0.24609375,False,False
8e8d92bbef79ba9b4bd394b6,fit,False,,0.612828500678968,1.362530413625304,964,432,0.18170072115384617,0.265625,False,False
8ef884f1eed8090e150500e8,fit,False,,0.6196594509678622,1.3644067796610169,971,434,0.18359875801282052,0.265625,False,False
8f00afcf8e50a60b4103d8df,fit,False,,0.6433068402694571,1.3471074380165289,983,445,0.1873798076923077,0.2578125,False,False
8f6fbfd2fcc60504ec689e6c,fit,False,,0.6277178688393642,1.3492822966507176,972,440,0.17967247596153846,0.2578125,False,False
8ff7deb4a5cd8ce8d4686013,fit,False,,0.6218587746625129,1.3692493946731235,975,434,0.17964242788461537,0.26953125,False,False
90124f90940eb4203b5d731c,fit,False,,0.6134515536384695,1.3806609547123623,972,429,0.18515625,0.27734375,False,False
9052050bccc72553c66e8144,fit,False,,0.6264651063716484,1.3760580411124546,980,435,0.179306891025641,0.2734375,False,False
9053f7e0778b514e7d195df9,calibration,False,,0.6406795004925846,1.338443396226415,977,446,0.18383914262820514,0.25390625,False,False
907b198fa3ef3c60ce98f192,fit,False,,0.6391644700055915,1.3227699530516432,971,448,0.18200120192307692,0.2421875,False,False
907be88c00be9a37e6fffdf9,fit,False,,0.6183001837207445,1.3746958637469586,974,432,0.18331330128205128,0.2734375,False,False
90980ace2ddb899842b5027e,fit,False,,0.6329738797028517,1.3380782918149465,972,443,0.1846103766025641,0.25390625,False,False
90d64231ee573eace92fc2da,fit,False,,0.6325252283196209,1.362874251497006,980,439,0.18252704326923078,0.265625,False,False
90e8a907f547394a0a39da40,fit,False,,0.6256230529595016,1.3610108303249098,975,437,0.18175580929487178,0.265625,False,False
90f8d65a25ef405f68fb6798,fit,False,,0.6248136166360465,1.3724304715840387,977,435,0.17752904647435896,0.26953125,False,False
916ba7d461ab2c13bdf184d3,fit,False,,0.6160056713795031,1.3530834340991535,963,435,0.1871494391025641,0.26171875,False,False
922a2efe527fac5f65fd4c63,fit,False,,0.6206446201773305,1.3501805054151625,966,437,0.18346854967948717,0.2578125,False,False
9258544bdd5246f1adefe17a,calibration,False,,0.6414150491253295,1.3181286549707603,971,449,0.19084034455128204,0.2421875,False,False
92d614d6b465751b11ba5b84,fit,False,,0.6318396038022206,1.3452380952380953,974,442,0.18716947115384616,0.2578125,False,False
92de296e20733f6eb94d79cd,fit,False,,0.619308650850707,1.3603385731559854,969,435,0.18857672275641027,0.265625,False,False
9310adcee5c0e323ae84106b,calibration,False,,0.6183001837207445,1.3746958637469586,974,432,0.18354366987179488,0.2734375,False,False
9327c3abd7495bd8e3449931,calibration,False,,0.5982173762547595,1.3833746898263026,961,424,0.17782952724358975,0.27734375,False,False
93296945dbeccc245e26fb3a,calibration,False,,0.6256230529595016,1.3610108303249098,975,437,0.18123998397435898,0.265625,False,False
934b890bcd75e1257584858f,calibration,False,,0.6446268338791703,1.3185530921820303,974,451,0.18568709935897437,0.2421875,False,False
936284d821d8e5b66694ff5f,fit,False,,0.6243190350666986,1.3880778588807785,983,432,0.18100460737179488,0.28125,False,False
93f67a2d05281d7b8a6af7d3,fit,False,,0.6234104161674255,1.3561973525872444,971,437,0.17622696314102565,0.26171875,False,False
9412a704f2762b667355f60b,fit,False,,0.604960460100647,1.385185185185185,966,426,0.18479066506410258,0.27734375,False,False
94ba7b6ade3b906ec1c3ebcb,fit,False,,0.6277178688393642,1.3492822966507176,972,440,0.18426482371794872,0.2578125,False,False
94cd5f5169124127de475e5c,fit,False,,0.6474791650025294,1.3243873978996499,977,451,0.1829727564102564,0.24609375,False,False
94f42c7c3c2ffadf2c1d6ce5,fit,False,,0.6172058471123891,1.3722627737226278,972,432,0.1841346153846154,0.26953125,False,False
952e25a8dcd8ce6055472946,fit,False,,0.6278356897515776,1.3658243080625752,977,437,0.18327323717948718,0.26953125,False,False
952fe4ee528811cbda30ad5e,calibration,False,,0.6250698937614826,1.3598074608904933,974,437,0.18612279647435898,0.265625,False,False
95360633a263e67da1d00ee7,fit,False,,0.6325944564262321,1.3246753246753247,966,445,0.18254206730769232,0.24609375,False,False
9621057e9234773b63c78402,calibration,False,,0.632398753894081,1.3464285714285715,975,442,0.1799979967948718,0.2578125,False,False
963f48af8e1e7d6b67d5bc9e,fit,False,,0.6371049338339058,1.334120425029516,974,445,0.1802433894230769,0.25,False,False
96cffa1f95e03ab0d2337cd9,fit,False,,0.6033429187634796,1.3814814814814815,963,426,0.17899639423076924,0.27734375,False,False
97178ba8ff37f79be8d05cb6,fit,False,,0.6213089437388503,1.368038740920097,974,434,0.18078926282051283,0.26953125,False,False
97492afa452815a66c123f50,fit,False,,0.6280786537795884,1.3532934131736527,974,439,0.1813301282051282,0.26171875,False,False
97f86865374a74dc1b04b51c,calibration,False,,0.6480496312272013,1.325554259043174,978,451,0.17741386217948718,0.24609375,False,False
97fe1e8790d312b571056407,calibration,False,,0.6125116489602471,1.3486682808716708,960,434,0.18686398237179488,0.2578125,False,False
984bb121479f5ea9179cd315,fit,False,,0.6172584338472189,1.3892288861689106,977,429,0.18479567307692307,0.28125,False,False
98f148714182fd3780914a2c,calibration,False,,0.6234104161674255,1.3561973525872444,971,437,0.18171574519230768,0.26171875,False,False
9958e07889a24c816b55dfd0,fit,False,,0.6557898660702399,1.3076036866359446,977,456,0.18320813301282052,0.234375,False,False
99d31b5ee8588de7092eec14,fit,False,,0.6144700055915009,1.3661800486618005,967,432,0.18147536057692307,0.26953125,False,False
99d7489f912f57adcb8e4e9f,fit,False,,0.6065780014378145,1.3888888888888888,969,426,0.18001302083333334,0.28125,False,False
9a09efac72d9a535dd089700,fit,False,,0.6012261362728653,1.3937888198757764,966,423,0.17893129006410258,0.28125,False,False
9a24e7f434b4a0e89a37c93d,calibration,False,,0.6188473520249221,1.3759124087591241,975,432,0.1851913060897436,0.2734375,False,False
9a718aa439dd189e7373aa0d,fit,False,,0.6329738797028517,1.3380782918149465,972,443,0.18566205929487178,0.25390625,False,False
9a81708c98d0a348c7d712fb,fit,False,,0.6278356897515776,1.3658243080625752,977,437,0.1863681891025641,0.26953125,False,False
9a8a356dc70914ddb654a576,fit,False,,0.6150830737279336,1.3843329253365972,975,429,0.18330328525641026,0.27734375,False,False
9b93c9d152fcf59e8aa8e077,fit,False,,0.619308650850707,1.3603385731559854,969,435,0.17997796474358974,0.265625,False,False
9bfc696e2a2348a5bcfb1f8c,fit,False,,0.6404877918896611,1.3412042502951593,978,445,0.18373898237179487,0.25390625,False,False
9c6b5f8139a9eb79f949e7e6,calibration,False,,0.6332827435631174,1.361244019138756,980,440,0.19219751602564103,0.265625,False,False
9c96c5d986c47f85ecb63b1d,fit,False,,0.6278816199376948,1.356115107913669,975,438,0.17927183493589743,0.26171875,False,False
9c9a2cdbc697380ddd31e310,fit,False,,0.6436915887850467,1.3228070175438595,975,449,0.18273237179487178,0.2421875,False,False
9cef4df78ea0a7188577ce02,fit,False,,0.6416154112415795,1.343565525383707,980,445,0.18452524038461537,0.25390625,False,False
9cfadab4e87bbbd7e3153890,fit,False,,0.6613108075724898,1.3035509736540665,980,459,0.18340845352564103,0.234375,False,False
9d0fec5d4a23a4e1d1c3edf3,fit,False,,0.6250698937614826,1.3598074608904933,974,437,0.18351862980769232,0.265625,False,False
9d2568d421729a597011f1aa,fit,False,,0.6556434219985622,1.3194444444444444,982,454,0.1908253205128205,0.2421875,False,False
9e2a81dd9c0691ba6df2a6e9,fit,False,,0.6351945043533829,1.3523809523809525,978,442,0.17895132211538461,0.26171875,False,False
9e8332606a03fe254ea768e1,fit,False,,0.6288308437841148,1.3516746411483254,974,440,0.18400941506410257,0.26171875,False,False
9eb03521553a622f7a33bed1,fit,False,,0.6243190350666986,1.3880778588807785,983,432,0.1807842548076923,0.28125,False,False
9ebb9ce7311b3a545437391d,fit,False,,0.6474791650025294,1.3243873978996499,977,451,0.18341846955128205,0.24609375,False,False
9ec48b7a0e77e839ce7c2563,fit,False,,0.6246079292808264,1.3753026634382566,978,434,0.185166266025641,0.2734375,False,False
9ec83a4c50b3eefc77268af3,calibration,False,,0.6257075911281519,1.3777239709443099,980,434,0.175185296474359,0.2734375,False,False
9ef5021bb54f7eb27da21d6f,fit,False,,0.6399239822137018,1.3400236127508856,977,445,0.17963741987179488,0.25390625,False,False
9f02cd8e836f91b547d92fbd,fit,False,,0.6105919003115264,1.3675213675213675,964,431,0.18175580929487178,0.26953125,False,False
9f3e91eb61fafa2aefda8e5c,fit,False,,0.616588785046729,1.380952380952381,975,431,0.1784755608974359,0.27734375,False,False
9fb46ec42ed54096e8cf5f17,fit,False,,0.6279255531591981,1.3369047619047618,967,442,0.1755909455128205,0.25390625,False,False
9fd931e296c23b935c80a2db,fit,False,,0.6211977793753495,1.3513838748495788,967,437,0.18915765224358974,0.26171875,False,False
9fe445512fa237026af20b61,fit,False,,0.6195383017812924,1.3477737665463296,964,437,0.17674278846153846,0.2578125,False,False
a0073f21f634b6c9892fd8ae,calibration,False,,0.6209601405863088,1.3639661426844014,972,435,0.18052383814102563,0.265625,False,False
a07162736060762abf1cf681,fit,False,,0.639731607955907,1.323943661971831,972,448,0.1814052483974359,0.24609375,False,False
a10b76ffd86691bdee01e297,fit,False,,0.6308577628671087,1.3592814371257484,977,439,0.17650741185897437,0.265625,False,False
a10e069d75c85e77a6621120,calibration,False,,0.6085569933700775,1.3696450428396574,963,429,0.17350761217948718,0.26953125,False,False
a14cef6698ded057d17c4a65,fit,False,,0.6223040977713875,1.3537906137184115,969,437,0.17770933493589744,0.26171875,False,False
a17e0ba4778eef07cbf3a8fb,fit,False,,0.6240580983571637,1.37409200968523,977,434,0.1799629407051282,0.2734375,False,False
a198daa3fb858ddbaa2bc75b,calibration,False,,0.6279255531591981,1.3369047619047618,967,442,0.1917618189102564,0.25390625,False,False
a1a8badf72d5f7e19ad2db1b,calibration,False,,0.6003634475597093,1.3883374689826302,963,424,0.18151041666666667,0.28125,False,False
a1b6a915c8abf8262561460d,fit,False,,0.6259146097931144,1.3748488512696493,979,435,0.18040865384615384,0.2734375,False,False
a1bc54cce509f8c15cd664ec,fit,False,,0.6185597891205368,1.3619854721549636,969,434,0.18779046474358974,0.265625,False,False
a1fc97e206fa1ec0457aa865,calibration,False,,0.6202092818915249,1.3656174334140436,972,434,0.17674779647435898,0.26953125,False,False
a2714149024e9795f6aad46d,fit,False,,0.6248136166360465,1.3724304715840387,977,435,0.18681891025641026,0.26953125,False,False
a2b0545a6deb48e57bb709a2,fit,False,,0.6269670101445802,1.3508982035928143,972,439,0.1856670673076923,0.2578125,False,False
a2b569b822b82df570fe1d1d,fit,False,,0.6454029874590622,1.335680751173709,980,448,0.18038361378205128,0.25,False,False
a2c409ed134d22ebfc50749e,fit,False,,0.6239635753654446,1.3574007220216606,972,437,0.1814853766025641,0.26171875,False,False
a2d7f9f657810a0ad5b5b029,calibration,False,,0.6185597891205368,1.3619854721549636,969,434,0.17802483974358974,0.265625,False,False
a375497ad4c3128e063d9b2d,fit,False,,0.6592565966397742,1.314516129032258,983,456,0.18303285256410257,0.23828125,False,False
a4172581c1bf5e506e42c455,fit,False,,0.6319700721569881,1.388149939540508,988,435,0.18505608974358975,0.28125,False,False
a44c5164c6898d9014a0a4da,fit,False,,0.6316132811459915,1.3576555023923444,977,440,0.19031450320512822,0.26171875,False,False
a45f7ec56768a817f0bb9744,fit,False,,0.6294951673456346,1.3694344163658243,980,437,0.1866786858974359,0.26953125,False,False
a49385b4b61ea5e1a8ef6d04,fit,False,,0.619308650850707,1.3603385731559854,969,435,0.17850060096153847,0.265625,False,False
a4adab20d42f236717549a1d,fit,False,,0.6065780014378145,1.3888888888888888,969,426,0.1803135016025641,0.28125,False,False
a55c764b9b773225c24ff95d,fit,False,,0.6269670101445802,1.3508982035928143,972,439,0.1837039262820513,0.2578125,False,False
a5e8cf73e552544d0aeaab12,fit,False,,0.6185597891205368,1.3619854721549636,969,434,0.18021834935897435,0.265625,False,False
a614ab4df91a7205f34429c6,fit,False,,0.6404877918896611,1.3412042502951593,978,445,0.1869441105769231,0.25390625,False,False
a621cdb63fac55d79a909b26,fit,False,,0.6101885134595415,1.3733170134638923,966,429,0.18212640224358975,0.2734375,False,False
a626ddea82058ff3ee702c26,fit,False,,0.6427430305934979,1.345926800472255,982,445,0.18357872596153846,0.2578125,False,False
a62dae09b2226f081de0d80f,fit,False,,0.6465372633596933,1.3380281690140845,982,448,0.1957832532051282,0.25390625,False,False
a62e01956843a9cf42fc407e,fit,False,,0.6211977793753495,1.3513838748495788,967,437,0.18358373397435898,0.26171875,False,False
a69907990c12814baac15789,fit,False,,0.6312904385334291,1.3345195729537367,969,443,0.184375,0.25,False,False
a7ea7c3185f764b9936b650b,fit,False,,0.616588785046729,1.380952380952381,975,431,0.18154547275641025,0.27734375,False,False
a85b8f4d5500cae41064cdb7,fit,False,,0.6294951673456346,1.3694344163658243,980,437,0.17869090544871793,0.26953125,False,False
a863c9813c83ed2e5086e6f1,fit,False,,0.6202092818915249,1.3656174334140436,972,434,0.1798076923076923,0.26953125,False,False
a88a25248879338f42b7b8d5,fit,False,,0.5945063503474718,1.3920099875156056,961,421,0.17341746794871796,0.28125,False,False
a8bfc0c67c4b8b4343b64353,fit,False,,0.6283888489495966,1.3670276774969916,978,437,0.18810096153846154,0.26953125,False,False
a8c2ef44f6ce442f4d507c77,fit,False,,0.6399239822137018,1.3400236127508856,977,445,0.18923277243589742,0.25390625,False,False
a9120cb6af58868bd63ad1b5,fit,False,,0.6509019623505605,1.3313885647607935,983,451,0.1817908653846154,0.25,False,False
a954813041c0e8eb7774e5db,fit,False,,0.608195542774982,1.3925925925925926,972,426,0.17775941506410256,0.28125,False,False
a9882ba5f6abddd4efe9e3a9,fit,False,,0.6149532710280374,1.3772893772893773,972,431,0.18027844551282052,0.2734375,False,False
a991e270256c0dffcfaa3b6e,fit,False,,0.6209601405863088,1.3639661426844014,972,435,0.1752654246794872,0.265625,False,False
aa7f57ac3339014708113e9c,fit,False,,0.6150830737279336,1.3843329253365972,975,429,0.17853565705128205,0.27734375,False,False
aaa56edfa2f1c45d67d88d62,fit,False,,0.6095734483584951,1.382063882063882,969,428,0.18069911858974358,0.27734375,False,False
ab09c171d30bcdf55b687cd2,fit,False,,0.6529009239289613,1.3018433179723503,974,456,0.18546173878205127,0.23046875,False,False
ab36691fc78c5e64cc4b77a3,fit,False,,0.6371049338339058,1.334120425029516,974,445,0.18933794070512822,0.25,False,False
ab724f399489bf66138904f4,fit,False,,0.6253641132145805,1.373639661426844,978,435,0.18147035256410257,0.2734375,False,False
abdbe0b50e7e46cdcd767f98,fit,False,,0.6318396038022206,1.3452380952380953,974,442,0.17676282051282052,0.2578125,False,False
acb115216be78ca8313755a5,fit,False,,0.6278356897515776,1.3658243080625752,977,437,0.1850761217948718,0.26953125,False,False
acb9570c1c200dd02c2730ee,calibration,False,,0.6239635753654446,1.3574007220216606,972,437,0.18468549679487178,0.26171875,False,False
ad185f2ff4331025f376ee84,fit,False,,0.6223040977713875,1.3537906137184115,969,437,0.18267227564102564,0.26171875,False,False
ad5615a13cea8bc9db9d37cb,calibration,False,,0.6187694704049844,1.3858363858363858,977,431,0.1858223157051282,0.27734375,False,False
ad679819559d66961b0435b9,fit,False,,0.6359773144819874,1.3317591499409682,972,445,0.18310797275641025,0.25,False,False
addbcbc2cd7e9982a136aa4c,fit,False,,0.6349522059802434,1.3648325358851674,983,440,0.18149539262820513,0.265625,False,False
ae415b74e5e6e7c755acefb9,fit,False,,0.6271613813669888,1.3480861244019138,971,440,0.18896734775641025,0.2578125,False,False
aed9429f62b275db586a9235,fit,False,,0.6134515536384695,1.3806609547123623,972,429,0.17662760416666667,0.27734375,False,False
af090a358b779e7cec725a0e,calibration,False,,0.6350347471842799,1.3266509433962264,969,446,0.1832431891025641,0.24609375,False,False
af287991f9b1a24b26678799,calibration,False,,0.6239635753654446,1.3574007220216606,972,437,0.1802433894230769,0.26171875,False,False
af32136109bea4e9f7b4b5e3,calibration,False,,0.6239635753654446,1.3574007220216606,972,437,0.18452524038461537,0.26171875,False,False
af34493e5d5fee243f30b65d,fit,False,,0.6065780014378145,1.3888888888888888,969,426,0.17938201121794872,0.28125,False,False
af49eb9854b04f51dbeac8a0,fit,False,,0.6752063530100914,1.2834645669291338,983,467,0.18850661057692308,0.22265625,False,False
aff691708961e37bdeecde0e,fit,False,,0.6215831935458104,1.3819951338199514,978,432,0.18479567307692307,0.27734375,False,False
b03c9fefe383d5f0e4dcf8d2,fit,False,,0.6193146417445483,1.387057387057387,978,431,0.1824168669871795,0.27734375,False,False
b06c06afa1b1de6e1658d692,fit,False,,0.6399239822137018,1.3400236127508856,977,445,0.18033854166666666,0.25390625,False,False
b091a3c78093ce7cea0d8e55,calibration,False,,0.6318396038022206,1.3452380952380953,974,442,0.18514623397435898,0.2578125,False,False
b0c352eac1edbb3feddfabea,calibration,False,,0.6308577628671087,1.3592814371257484,977,439,0.18435997596153847,0.265625,False,False
b0dd0e462140c86096b7a0ea,fit,False,,0.6202092818915249,1.3656174334140436,972,434,0.18557191506410256,0.26953125,False,False
b1033572ff4ff4fdb85f6742,calibration,False,,0.6416154112415795,1.343565525383707,980,445,0.1843349358974359,0.25390625,False,False
b13e88ca06157c900e80f7ed,fit,False,,0.6183001837207445,1.3746958637469586,974,432,0.18694911858974358,0.2734375,False,False
b1a4650aa6057c0c4c7ff421,calibration,False,,0.6169102963495486,1.3583535108958837,966,434,0.1836338141025641,0.265625,False,False
b1e30b6b5bbc68b392ea0b9c,fit,False,,0.6318396038022206,1.3452380952380953,974,442,0.1859775641025641,0.2578125,False,False
b257061f4690add78829b537,fit,False,,0.6329738797028517,1.3380782918149465,972,443,0.17776943108974358,0.25390625,False,False
b2e03eda5efa05c952ed92ff,fit,False,,0.616588785046729,1.380952380952381,975,431,0.18693409455128204,0.27734375,False,False
b346efa700cbea47db728564,fit,False,,0.6312904385334291,1.3345195729537367,969,443,0.18072916666666666,0.25,False,False
b3ae56bdf7c8ea243704b1e2,fit,False,,0.6465372633596933,1.3380281690140845,982,448,0.18350360576923078,0.25390625,False,False
b3af8a4f55bbb801b7136f20,calibration,False,,0.6650983837899725,1.296127562642369,980,462,0.18551181891025642,0.2265625,False,False
b4612b4df75de83fb088f472,fit,False,,0.6205214740261469,1.3965728274173808,983,429,0.18008814102564102,0.28515625,False,False
b4cd2a6e3103a666c330b5fc,fit,False,,0.6178022738770402,1.390452876376989,978,429,0.18354366987179488,0.28125,False,False
b57b13df07ddb67b8ccdd7fe,fit,False,,0.6354135048060282,1.3305785123966942,971,445,0.18422976762820512,0.25,False,False
b584411aa36a75c87774c596,fit,False,,0.6134515536384695,1.3806609547123623,972,429,0.1817908653846154,0.27734375,False,False
b5a2fb30928ad5646f9f4eb3,fit,False,,0.6277178688393642,1.3492822966507176,972,440,0.18049379006410257,0.2578125,False,False
b5bf08c3ef9251b4da0b3b71,calibration,False,,0.6220611337433767,1.3663845223700122,974,435,0.1856270032051282,0.26953125,False,False
b5e6d955b061366db8465add,calibration,False,,0.6399239822137018,1.3400236127508856,977,445,0.18127504006410255,0.25390625,False,False
b61e406dd2210f1c1f1bcee0,calibration,False,,0.6301621535266395,1.3416666666666666,971,442,0.1821564503205128,0.25390625,False,False
b676edc592ddaac800d4513e,fit,False,,0.6557898660702399,1.3076036866359446,977,456,0.1840294471153846,0.234375,False,False
b6b12792e7632ef2609e5e75,fit,False,,0.6504672897196262,1.3090277777777777,975,454,0.18100460737179488,0.234375,False,False
b702b5c2a0d53b0311f8251d,fit,False,,0.6363128045371036,1.3547619047619048,980,442,0.18596254006410257,0.26171875,False,False
b760b6b8b5149392fc20e1f4,calibration,False,,0.5982173762547595,1.3833746898263026,961,424,0.1744140625,0.27734375,False,False
b797141e90d5975ca6eb24ff,fit,False,,0.6278356897515776,1.3658243080625752,977,437,0.18270232371794873,0.26953125,False,False
b7eabc5fda3c972292fffe73,fit,False,,0.6189851425832734,1.3465703971119134,963,437,0.18046875,0.2578125,False,False
b8067a956236806363089157,calibration,False,,0.6111989775541178,1.3857493857493857,972,428,0.18121494391025642,0.27734375,False,False
b835848ba6dc41fd039075a7,fit,False,,0.6133177570093458,1.3736263736263736,969,431,0.1840144230769231,0.2734375,False,False
b8506c1db133ec8e710e40f0,calibration,False,,0.6202092818915249,1.3656174334140436,972,434,0.1818409455128205,0.26953125,False,False
b8540c2b902e1e4e0505b847,fit,False,,0.6101885134595415,1.3733170134638923,966,429,0.17833533653846154,0.2734375,False,False
b85de907e22280ce106c071c,fit,False,,0.6294951673456346,1.3694344163658243,980,437,0.18186097756410258,0.26953125,False,False
b88abd26e172f57cb611d105,calibration,False,,0.632398753894081,1.3464285714285715,975,442,0.18102463942307692,0.2578125,False,False
b88ddbaebaded26c32e87fcd,fit,False,,0.6342858854541098,1.3282172373081464,969,445,0.18205128205128204,0.24609375,False,False
b89471ead14fc3274ce8265c,calibration,False,,0.6134515536384695,1.3806609547123623,972,429,0.1772586137820513,0.27734375,False,False
b8a280251af707d2122304cd,calibration,False,,0.6250698937614826,1.3598074608904933,974,437,0.1723908253205128,0.265625,False,False
b906f45e3df48b0c353a24ed,fit,False,,0.6504672897196262,1.3090277777777777,975,454,0.18201121794871794,0.234375,False,False
b9526745b0c99106496a464f,fit,False,,0.6213089437388503,1.368038740920097,974,434,0.18072916666666666,0.26953125,False,False
ba480274dc8c7546a20d6682,fit,False,,0.6234104161674255,1.3561973525872444,971,437,0.17974759615384617,0.26171875,False,False
ba6a825e452c9abd228937a0,calibration,False,,0.6332827435631174,1.361244019138756,980,440,0.18365384615384617,0.265625,False,False
bb4b07de411b2680a1ddea8d,fit,False,,0.6321697686183667,1.3588516746411483,978,440,0.1842998798076923,0.265625,False,False
bbbde7bf5487a3433dcea610,fit,False,,0.6332827435631174,1.361244019138756,980,440,0.18916766826923076,0.265625,False,False
bbc8f4fc37a1b84e7a9a2820,calibration,False,,0.6406795004925846,1.338443396226415,977,446,0.18351862980769232,0.25390625,False,False
bc161e679bf0ef4865042414,fit,False,,0.6301621535266395,1.3416666666666666,971,442,0.1810947516025641,0.25390625,False,False
bc54e154db4d13f20e6d6cd9,fit,False,,0.6434859014298266,1.3162193698949824,972,451,0.18892227564102565,0.2421875,False,False
bcf6e6dcfcc9271734861844,fit,False,,0.6206446201773305,1.3501805054151625,966,437,0.18354867788461537,0.2578125,False,False
be6ebaae0a4d131091ef07a9,fit,False,,0.6408658838565381,1.3262910798122065,974,448,0.1840244391025641,0.24609375,False,False
beb27fbfbc890e3ec777a8aa,fit,False,,0.6317677130761243,1.3645083932853717,980,438,0.18829627403846153,0.265625,False,False
bee91dfe41693941789a0d0a,fit,False,,0.6133177570093458,1.3736263736263736,969,431,0.1762469951923077,0.2734375,False,False
bf06c5f5f686534fff0cb2ab,fit,False,,0.6092739036664271,1.3950617283950617,974,426,0.17821514423076923,0.28125,False,False
bf3afe080c669a8a03a8f94b,calibration,False,,0.6454029874590622,1.335680751173709,980,448,0.17874599358974358,0.25,False,False
bf414085c14ccaed6fd19989,calibration,False,,0.6243789440051122,1.3421052631578947,966,440,0.17638221153846154,0.25390625,False,False
bf43fdcc406a1831a82b2878,fit,False,,0.6293873312564902,1.3528708133971292,975,440,0.1751953125,0.26171875,False,False
bf6086591a75ebada273153d,fit,False,,0.6139228372873232,1.364963503649635,966,432,0.17782451923076922,0.265625,False,False
bfae5cd848e6184dadfcd3c4,fit,False,,0.6346353542615225,1.3511904761904763,977,442,0.18058894230769232,0.26171875,False,False
bfb5f4684d99186b5f4eb7af,fit,False,,0.6145392336981123,1.383108935128519,974,429,0.17676282051282052,0.27734375,False,False
bffda0d481a374d08d04a995,calibration,False,,0.6196594509678622,1.3644067796610169,971,434,0.17735877403846154,0.265625,False,False
c0090825b4c2646cac0ef1ca,fit,False,,0.6269670101445802,1.3508982035928143,972,439,0.18404947916666667,0.2578125,False,False
c053cfb215c3a51257035200,fit,False,,0.6371049338339058,1.334120425029516,974,445,0.1707481971153846,0.25,False,False
c13353fdfccab31f805ed674,calibration,False,,0.6367281731767713,1.330188679245283,972,446,0.1834435096153846,0.25,False,False
c167b569771d10d7873f1982,fit,False,,0.62735708389914,1.38135593220339,983,434,0.18652844551282052,0.27734375,False,False
c19346058656e05db5478513,fit,False,,0.6122813323747903,1.3613138686131387,963,432,0.17340244391025642,0.265625,False,False
c19b570535405df869197505,calibration,False,,0.6481667864845435,1.3043981481481481,971,454,0.18463541666666666,0.234375,False,False
c23d7ae024bdee362bd4bbf5,fit,False,,0.6273664030673376,1.3357142857142856,966,442,0.18435496794871795,0.25,False,False
c26152583da51308f315c685,fit,False,,0.6101885134595415,1.3733170134638923,966,429,0.1886668669871795,0.2734375,False,False
c2647f49c234156c8a78fb6b,calibration,False,,0.637668743509865,1.3353010625737898,975,445,0.18446514423076923,0.25,False,False
c3bd26e16b02f62f2bc73fe3,fit,False,,0.6144700055915009,1.3661800486618005,967,432,0.18060396634615383,0.26953125,False,False
c3c53608557237a3987b79e4,fit,False,,0.6155643421998562,1.3686131386861313,969,432,0.17904146634615384,0.26953125,False,False
c3f8f6f82fbf7d433e5c4dbc,fit,False,,0.6280786537795884,1.3532934131736527,974,439,0.18363882211538463,0.26171875,False,False
c3fc11a5c977d35d47f5bc10,calibration,False,,0.6160436137071651,1.3797313797313797,974,431,0.18644831730769232,0.2734375,False,False
c4993e4cd869a138c0953fbe,fit,False,,0.6414330218068536,1.3274647887323943,975,448,0.1808143028846154,0.24609375,False,False
c585e1df683afb1a9bf39cae,fit,False,,0.6417745027558112,1.3127187864644108,969,451,0.18727964743589742,0.23828125,False,False
c5947c023ab6cb89058f87ba,fit,False,,0.6215831935458104,1.3819951338199514,978,432,0.18068910256410256,0.27734375,False,False
c5c57f704853728fb9cd7e37,fit,False,,0.6324127326463775,1.3368920521945433,971,443,0.18631310096153847,0.25390625,False,False
c5c881e5184121a3553fc84d,fit,False,,0.6384215991692627,1.3337264150943395,975,446,0.18944811698717948,0.25,False,False
c5d76b45fe207b6216ee4905,fit,False,,0.6408658838565381,1.3262910798122065,974,448,0.1798878205128205,0.24609375,False,False
c5e225b07acb2bb5310860f9,fit,False,,0.6437015736081156,1.3321596244131455,977,448,0.18227163461538462,0.25,False,False
c6175a761ad4823c6ccf1423,fit,False,,0.619308650850707,1.3603385731559854,969,435,0.18033854166666666,0.265625,False,False
c641d516cc7565e53f90ff55,fit,False,,0.6239635753654446,1.3574007220216606,972,437,0.1769481169871795,0.26171875,False,False
c6894d751a33d7bb444e43dd,calibration,False,,0.6195383017812924,1.3477737665463296,964,437,0.18447015224358973,0.2578125,False,False
c6a8d7dccd602dc757343e7a,fit,False,,0.6563676544984957,1.3087557603686637,978,456,0.1795322516025641,0.234375,False,False
c7633ba2b0624fc95a5a5341,fit,False,,0.6188473520249221,1.3759124087591241,975,432,0.1799178685897436,0.2734375,False,False
c784cb597ddcd13904b477c3,calibration,False,,0.6446268338791703,1.3185530921820303,974,451,0.18303285256410257,0.2421875,False,False
c7ee197309993fe770fe3b77,fit,False,,0.6155643421998562,1.3686131386861313,969,432,0.18316806891025642,0.26953125,False,False
c84cf88c76b7c2c748c64c9e,calibration,False,,0.6133177570093458,1.3736263736263736,969,431,0.1821113782051282,0.2734375,False,False
c8d3976a619df6bdcc6e057f,calibration,False,,0.6215831935458104,1.3819951338199514,978,432,0.18162560096153846,0.27734375,False,False
c90363705751a79167614ca3,fit,False,,0.6101885134595415,1.3733170134638923,966,429,0.17674278846153846,0.2734375,False,False
c957e21dc70d6ab2000240ca,fit,False,,0.637668743509865,1.3353010625737898,975,445,0.1838291266025641,0.25,False,False
c9b9fca89a094f87385d3663,fit,False,,0.632398753894081,1.3464285714285715,975,442,0.18302283653846155,0.2578125,False,False
c9f52ea667435d78e3feea88,fit,False,,0.6240580983571637,1.37409200968523,977,434,0.18014322916666667,0.2734375,False,False
ca360c42175a8261e2968b38,fit,False,,0.6202092818915249,1.3656174334140436,972,434,0.18118990384615385,0.26953125,False,False
ca8c65d35b429efe7f6a580c,fit,False,,0.6301621535266395,1.3416666666666666,971,442,0.17926181891025642,0.25390625,False,False
cae873008c745eff122b18d8,fit,False,,0.6139228372873232,1.364963503649635,966,432,0.1814903846153846,0.265625,False,False
cb01fb613c5f07cbcc170fad,fit,False,,0.6236320792395559,1.3437125748502994,966,439,0.18077924679487178,0.25390625,False,False
cb61754de88ebe9d276b14a0,calibration,False,,0.6406795004925846,1.338443396226415,977,446,0.18644831730769232,0.25390625,False,False
cb6c269e400c00894a2f2e9d,fit,False,,0.6399239822137018,1.3400236127508856,977,445,0.19009915865384616,0.25390625,False,False
cb82ccfbb9f760582009c325,fit,False,,0.6234104161674255,1.3561973525872444,971,437,0.18285757211538461,0.26171875,False,False
cb872062846f80e9b5fd116d,fit,False,,0.6239635753654446,1.3574007220216606,972,437,0.18530649038461539,0.26171875,False,False
cbdf67e4b84fdebb3d0e28af,fit,False,,0.6544931703810208,1.3171296296296295,980,454,0.18119491185897435,0.2421875,False,False
cbf2863ec6921223f35cd46a,fit,False,,0.6371049338339058,1.334120425029516,974,445,0.18368890224358975,0.25,False,False
cca771af93c39392f6e272bb,fit,False,,0.6257075911281519,1.3777239709443099,980,434,0.18385416666666668,0.2734375,False,False
ccd21b822082f2aa58411062,fit,False,,0.6328141225337487,1.3766546329723226,986,437,0.18638822115384615,0.2734375,False,False
ccf56c81e5602eb5f8a3a46f,fit,False,,0.6100926591580798,1.356447688564477,961,432,0.18377904647435897,0.26171875,False,False
cd2ce2b777e1f8eb292bb311,fit,False,,0.6283888489495966,1.3670276774969916,978,437,0.18946314102564102,0.26953125,False,False
cd917aa0b2108ec00f030c1f,fit,False,,0.6202092818915249,1.3656174334140436,972,434,0.18221654647435898,0.26953125,False,False
cdbfcd2b080f9ca9ec20c7df,fit,False,,0.6202092818915249,1.3656174334140436,972,434,0.18200120192307692,0.26953125,False,False
cddfa9f599a86fd65a363e55,calibration,False,,0.6308577628671087,1.3592814371257484,977,439,0.17847055288461539,0.265625,False,False
ce3eb16ef6bc3d1bc9a8e8cb,fit,False,,0.6150830737279336,1.3843329253365972,975,429,0.17582632211538463,0.27734375,False,False
cedb75b01b8df3eeb61c35c1,fit,False,,0.6118200335490055,1.3769889840881273,969,429,0.18430488782051282,0.2734375,False,False
cef040880b0ffa6310501ad5,fit,False,,0.6213089437388503,1.368038740920097,974,434,0.18393930288461538,0.26953125,False,False
cf75715626efeec41fc2bddf,fit,False,,0.6172058471123891,1.3722627737226278,972,432,0.17685797275641027,0.26953125,False,False
cf9d2ab5a56166e58e048bad,fit,False,,0.6155643421998562,1.3686131386861313,969,432,0.1782101362179487,0.26953125,False,False
cfb161f7b1e28203aabf26e9,fit,False,,0.6509019623505605,1.3313885647607935,983,451,0.19317407852564103,0.25,False,False
cfd7dfd4519a85c97d035279,fit,False,,0.6196594509678622,1.3644067796610169,971,434,0.18194110576923078,0.265625,False,False
d040f38f5a4cf8320210d613,fit,False,,0.6474791650025294,1.3243873978996499,977,451,0.18272235576923077,0.24609375,False,False
d09f70c5c98778c8f04627bc,fit,False,,0.6369019090981708,1.3463819691577699,977,443,0.1837540064102564,0.2578125,False,False
d0a8adb03af3958421c17331,calibration,False,,0.6544931703810208,1.3171296296296295,980,454,0.1852764423076923,0.2421875,False,False
d0cdbb44b12db8f2fcb248d4,fit,False,,0.6065780014378145,1.3888888888888888,969,426,0.18326322115384616,0.28125,False,False
d1424fc72c8078a6537c9ca1,fit,False,,0.6063816332507921,1.364749082007344,961,429,0.17583133012820512,0.265625,False,False
d1e231159824f7a79ef4d5e2,fit,False,,0.6371049338339058,1.334120425029516,974,445,0.18881710737179488,0.25,False,False
d1fa68036b523c08be8338a1,fit,False,,0.6206446201773305,1.3501805054151625,966,437,0.18357872596153846,0.2578125,False,False
d23b085ff7689b51dcc4805b,fit,False,,0.6294951673456346,1.3694344163658243,980,437,0.18033353365384616,0.26953125,False,False
d29beedbaeb3a15f40669eeb,calibration,False,,0.6165561679580371,1.3542926239419588,964,435,0.1755809294871795,0.26171875,False,False
d2b42782be0c779605a6a328,fit,False,,0.6058377932209708,1.3635250917992656,960,429,0.18373397435897437,0.265625,False,False
d2cf6d7cc0c3cad21c2a7b3b,fit,False,,0.6218587746625129,1.3692493946731235,975,434,0.18520633012820512,0.26953125,False,False
d2d0b78258d04f01f729bef3,fit,False,,0.6417745027558112,1.3127187864644108,969,451,0.17357271634615384,0.23828125,False,False
d317d011cacc00508fbd6099,fit,False,,0.6307213036184999,1.3428571428571427,972,442,0.17737379807692308,0.25390625,False,False
d31ad51637e092892214637c,fit,False,,0.6223040977713875,1.3537906137184115,969,437,0.17981770833333333,0.26171875,False,False
d31af009d1d1814190588dbf,calibration,False,,0.679003914050643,1.2762863534675615,983,470,0.1850761217948718,0.21484375,False,False
d36c34acc0ec82f687bfb3ed,fit,False,,0.6363128045371036,1.3547619047619048,980,442,0.1843399439102564,0.26171875,False,False
d38ca61eb91c2ab5177fe2d9,fit,False,,0.6399239822137018,1.3400236127508856,977,445,0.18740985576923078,0.25390625,False,False
d39e4c28510df90b7f38db78,fit,False,,0.6226116303219107,1.3675937122128174,975,435,0.18005308493589745,0.26953125,False,False
d3a5f8bf7739e1c3d5b54614,fit,False,,0.6562185478073329,1.3206018518518519,983,454,0.1839042467948718,0.2421875,False,False
d3eb81224cc529cd42fb69c4,fit,False,,0.6134515536384695,1.3806609547123623,972,429,0.18036858974358974,0.27734375,False,False
d4932a350dba9b84741ad3c8,fit,False,,0.6306574007508587,1.3621103117505995,978,438,0.18456530448717948,0.265625,False,False
d49d42a8254910de87c125a4,fit,False,,0.6209601405863088,1.3639661426844014,972,435,0.1808193108974359,0.265625,False,False
d5430c5566d0290460e83e55,calibration,False,,0.6250698937614826,1.3598074608904933,974,437,0.18971854967948718,0.265625,False,False
d5677faf55a1696d558d9ca4,fit,False,,0.6316132811459915,1.3576555023923444,977,440,0.18412960737179487,0.26171875,False,False
d56cc29e759ac659a8147f7b,fit,False,,0.6256230529595016,1.3610108303249098,975,437,0.17764923878205127,0.265625,False,False
d602999b8e479c0793a28343,fit,False,,0.6346353542615225,1.3511904761904763,977,442,0.19005408653846154,0.26171875,False,False
d64a32aecd2be54b7f2282a9,calibration,False,,0.6149532710280374,1.3772893772893773,972,431,0.17896133814102563,0.2734375,False,False
d677e85653e506515ad8bddc,fit,False,,0.6351945043533829,1.3523809523809525,978,442,0.1875,0.26171875,False,False
d684f9a5a54c2625847e51dc,fit,False,,0.6277178688393642,1.3492822966507176,972,440,0.18165564903846154,0.2578125,False,False
d6a9ed3c4cbab0d699af403a,fit,False,,0.6239635753654446,1.3574007220216606,972,437,0.17572616185897436,0.26171875,False,False
d8893f3a76156d238b88fc70,fit,False,,0.6104481188593338,1.3874538745387455,972,427,0.1785106169871795,0.27734375,False,False
d8be0033ff7b478a79cc5965,fit,False,,0.6277178688393642,1.3492822966507176,972,440,0.17686298076923077,0.2578125,False,False
d8f0f1700919edcee7539d36,fit,False,,0.6065780014378145,1.3888888888888888,969,426,0.18639823717948717,0.28125,False,False
d90ded23ee972ee48e1ffb80,fit,False,,0.6433068402694571,1.3471074380165289,983,445,0.1860877403846154,0.2578125,False,False
d9a9a14bb0802a8212c744e4,fit,False,,0.6351945043533829,1.3523809523809525,978,442,0.18239182692307693,0.26171875,False,False
d9e3a9a1d3d63711d9676f7d,fit,False,,0.604960460100647,1.385185185185185,966,426,0.18753505608974358,0.27734375,False,False
d9fa73e9347e9d84cfb105a7,calibration,False,,0.6314135846846127,1.3604790419161676,978,439,0.18060396634615383,0.265625,False,False
da4aa46a79918d3cd2297454,fit,False,,0.604960460100647,1.385185185185185,966,426,0.18591245993589745,0.27734375,False,False
dbc6731e5f46123310a69ffd,fit,False,,0.6374311047208243,1.3571428571428572,982,442,0.18208133012820513,0.26171875,False,False
dc76a7f4bae24da7f8cdad35,calibration,False,,0.6498921639108555,1.3078703703703705,974,454,0.17870092147435898,0.234375,False,False
dd165541fbc074981d278ca8,fit,False,,0.6384215991692627,1.3337264150943395,975,446,0.18446514423076923,0.25,False,False
dd4c20b6f96d03dc74c82c00,fit,False,,0.6454029874590622,1.335680751173709,980,448,0.1831630608974359,0.25,False,False
dd6767c1fd38fd7c62f39c39,fit,False,,0.6529009239289613,1.3018433179723503,974,456,0.18182091346153847,0.23046875,False,False
ddfb2f3e6d300ef0b90aa1b3,fit,False,,0.617657161115105,1.3567110036275696,966,435,0.18364383012820512,0.26171875,False,False
de68fa2e611020cb5b38684b,calibration,False,,0.6185597891205368,1.3619854721549636,969,434,0.17567608173076923,0.265625,False,False
de795c2c6984f08b6e496cd5,fit,False,,0.6098130841121495,1.3962962962962964,975,426,0.1780899439102564,0.28515625,False,False
dea16f81431ce1ebfd487f5c,fit,False,,0.6223040977713875,1.3537906137184115,969,437,0.18664863782051283,0.26171875,False,False
df06519967abd59089e35864,fit,False,,0.6240580983571637,1.37409200968523,977,434,0.18088942307692307,0.2734375,False,False
df4875a4bb414e53a8bba330,calibration,False,,0.6202092818915249,1.3656174334140436,972,434,0.18064403044871793,0.26953125,False,False
df5723911c098c3cf16dc7c4,fit,False,,0.6332827435631174,1.361244019138756,980,440,0.1787810496794872,0.265625,False,False
dfa76a8c21b877080895d047,fit,False,,0.632398753894081,1.3464285714285715,975,442,0.1892978766025641,0.2578125,False,False
dfba64ebcdddbff9c959ad43,calibration,False,,0.6349522059802434,1.3648325358851674,983,440,0.18662860576923077,0.265625,False,False
dfdb0d0f027bd00ec46eee2b,fit,False,,0.6288308437841148,1.3516746411483254,974,440,0.19110076121794872,0.26171875,False,False
e0b899fd61dbe99f13611570,fit,False,,0.6529009239289613,1.3018433179723503,974,456,0.18174579326923077,0.23046875,False,False
e0ccedbb9a5aeccd3668925d,calibration,False,,0.6316132811459915,1.3576555023923444,977,440,0.1840645032051282,0.26171875,False,False
e1332eb5c86461f086004c34,fit,False,,0.6529009239289613,1.3018433179723503,974,456,0.18305789262820513,0.23046875,False,False
e1f9b73f0e97bbc50bbf5d91,fit,False,,0.6202092818915249,1.3656174334140436,972,434,0.1775040064102564,0.26953125,False,False
e242ffcf72bc34f118ad3b08,fit,False,,0.6279235561945843,1.3274021352313168,963,443,0.17291666666666666,0.24609375,False,False
e28781384ed976608771c132,fit,False,,0.6028336927869639,1.3975155279503106,969,423,0.17298177083333333,0.28515625,False,False
e32ce629c77904b54ff57dac,fit,False,,0.6363287802540138,1.3169014084507042,966,448,0.1885566907051282,0.2421875,False,False
e3471d8dce15d02e7118423b,fit,False,,0.6277178688393642,1.3492822966507176,972,440,0.18902744391025642,0.2578125,False,False
e370264f9e5cb1641704570d,calibration,False,,0.6260484064222382,1.3456937799043063,969,440,0.18132011217948718,0.2578125,False,False
e3a5b96352670afcd647a6c6,fit,False,,0.6256230529595016,1.3610108303249098,975,437,0.18086939102564104,0.265625,False,False
e449fef81a55754d19fac2ff,fit,False,,0.616588785046729,1.380952380952381,975,431,0.1763621794871795,0.27734375,False,False
e47e5b1177f091fde9ec844d,fit,False,,0.6404877918896611,1.3412042502951593,978,445,0.18142528044871795,0.25390625,False,False
e5a66f35beb4b3b1aa4b2a38,fit,False,,0.6260484064222382,1.3456937799043063,969,440,0.18795072115384615,0.2578125,False,False
e67ceddf65cff5ddf42e56f5,fit,False,,0.6213089437388503,1.368038740920097,974,434,0.18444511217948717,0.26953125,False,False
e6ddba7c96b4e360f21886bd,fit,False,,0.6063816332507921,1.364749082007344,961,429,0.18181590544871795,0.265625,False,False
e81ba8a32ce3f45d99373f7a,calibration,False,,0.6385853502675932,1.34994068801898,980,443,0.17758914262820513,0.2578125,False,False
e8233e7f21f213acbbf96275,fit,False,,0.619308650850707,1.3603385731559854,969,435,0.1801081730769231,0.265625,False,False
e834e0a89bead0c2c70b7889,calibration,False,,0.6145392336981123,1.383108935128519,974,429,0.17947215544871795,0.27734375,False,False
e85d84ca65888ac2d9f2c565,fit,False,,0.6446268338791703,1.3185530921820303,974,451,0.1812900641025641,0.2421875,False,False
e915375e3f2b08b8c79558d1,fit,False,,0.616588785046729,1.380952380952381,975,431,0.17987279647435897,0.27734375,False,False
e929ae27ffd34899ed029309,fit,False,,0.6133177570093458,1.3736263736263736,969,431,0.17529547275641025,0.2734375,False,False
e937b5b7a5273fc864ee64e1,fit,False,,0.6256230529595016,1.3610108303249098,975,437,0.18676883012820514,0.265625,False,False
eadb893bf3cbdece1ec63262,fit,False,,0.6185597891205368,1.3619854721549636,969,434,0.1853565705128205,0.265625,False,False
eb04afef9b1b9923e7faabaf,fit,False,,0.6260484064222382,1.3456937799043063,969,440,0.18553685897435898,0.2578125,False,False
eb1a43f17e0083dcd828234f,fit,False,,0.6167725057911974,1.3417569193742478,961,437,0.1843349358974359,0.25390625,False,False
ec11142443ece0e51587eeb3,calibration,False,,0.6417745027558112,1.3127187864644108,969,451,0.1765625,0.23828125,False,False
ec88e9ea3a327dbef87aa872,calibration,False,,0.6256230529595016,1.3610108303249098,975,437,0.187119391025641,0.265625,False,False
eca6c3b136b929992aea1f65,calibration,False,,0.6165561679580371,1.3542926239419588,964,435,0.18335336538461539,0.26171875,False,False
eccf2bd67fceb17929d34048,fit,False,,0.6277178688393642,1.3492822966507176,972,440,0.18198617788461538,0.2578125,False,False
ecdfed46e1444b9044ee0bdf,calibration,False,,0.6033429187634796,1.3814814814814815,963,426,0.18334334935897437,0.27734375,False,False
ed4cd6332846f33c75569870,calibration,False,,0.6144080996884735,1.376068376068376,971,431,0.17766927083333334,0.2734375,False,False
ed515ba82f9c62c172a1edea,fit,False,,0.6342858854541098,1.3282172373081464,969,445,0.18447015224358973,0.24609375,False,False
ed73600d3c47c6ff9294732c,calibration,False,,0.6225204356045477,1.341317365269461,964,439,0.18844150641025642,0.25390625,False,False
ed850f55d146d883d6a79c45,fit,False,,0.6202092818915249,1.3656174334140436,972,434,0.18373397435897437,0.26953125,False,False
eda1bf0e0b848eb44a3df21d,fit,False,,0.6550862688713156,1.3275261324041812,985,453,0.17818509615384615,0.24609375,False,False
edd8c2f2a1edb1d9b7902444,fit,False,,0.6232659690603616,1.3397129186602872,964,440,0.1819961939102564,0.25390625,False,False
edf0a93f3a39471634c4f6c4,fit,False,,0.6085569933700775,1.3696450428396574,963,429,0.17904146634615384,0.26953125,False,False
ee83730bd28ade0b7d66d916,fit,False,,0.6144080996884735,1.376068376068376,971,431,0.17661258012820513,0.2734375,False,False
eeaf29d3b654bc04a89293a2,fit,False,,0.6183001837207445,1.3746958637469586,974,432,0.1802433894230769,0.2734375,False,False
f01c727dc745da31a592efa9,fit,False,,0.6205214740261469,1.3965728274173808,983,429,0.18682391826923078,0.28515625,False,False
f0efee30db5360706b96d09f,fit,False,,0.6134515536384695,1.3806609547123623,972,429,0.18080929487179487,0.27734375,False,False
f158b494303e5d5680fde647,calibration,False,,0.6063816332507921,1.364749082007344,961,429,0.18068409455128207,0.265625,False,False
f170bde4bebf747879fec794,fit,False,,0.6195383017812924,1.3477737665463296,964,437,0.18098457532051282,0.2578125,False,False
f17a86259d0b63b4c11d6fdc,fit,False,,0.6260484064222382,1.3456937799043063,969,440,0.1857822516025641,0.2578125,False,False
f18d9fcdfa2282a3b6ad2aa8,fit,False,,0.6211977793753495,1.3513838748495788,967,437,0.1783153044871795,0.26171875,False,False
f23bbff4a8cfde5d0fbd7370,fit,False,,0.6174601272732114,1.3595641646489105,967,434,0.1846905048076923,0.265625,False,False
f28360377ce80cb4adb5ca6f,calibration,False,,0.6256230529595016,1.3610108303249098,975,437,0.18411959134615385,0.265625,False,False
f2a60dda47da8c5ea9cd3abb,fit,False,,0.6734310514684346,1.2800899887514061,980,467,0.19083032852564102,0.21875,False,False
f2ad943c569d2bd5ccd7562b,fit,False,,0.6172058471123891,1.3722627737226278,972,432,0.18240685096153847,0.26953125,False,False
f2af6124467ff2aa5b2ef3a2,fit,False,,0.6293873312564902,1.3528708133971292,975,440,0.18836137820512822,0.26171875,False,False
f34b006562472e0580564839,calibration,False,,0.616588785046729,1.380952380952381,975,431,0.1831280048076923,0.27734375,False,False
f358fb8c91dfcf9357b8a3b9,fit,False,,0.6172058471123891,1.3722627737226278,972,432,0.18206630608974358,0.26953125,False,False
f38dca7075dc836507f28958,fit,False,,0.6134515536384695,1.3806609547123623,972,429,0.17506510416666668,0.27734375,False,False
f3ab3668841a39a487fb092d,fit,False,,0.6273664030673376,1.3357142857142856,966,442,0.1799178685897436,0.25,False,False
f3d87453cdfcc5cff9c97418,fit,False,,0.657523231355007,1.3110599078341014,980,456,0.18344851762820513,0.23828125,False,False
f452c19e12cf29465d64292b,fit,False,,0.6220404984423676,1.393162393162393,983,431,0.18290264423076924,0.28125,False,False
f4b41463bd280c09530fb8d5,fit,False,,0.6250698937614826,1.3598074608904933,974,437,0.1812850560897436,0.265625,False,False
f4d7eb9f2381c80709083042,fit,False,,0.6065780014378145,1.3888888888888888,969,426,0.17810997596153846,0.28125,False,False
f55ce837ffdc773d16223cc9,fit,False,,0.6369019090981708,1.3463819691577699,977,443,0.1811698717948718,0.2578125,False,False
f5d2ec1040dadd7428895d46,fit,False,,0.6416154112415795,1.343565525383707,980,445,0.18408954326923077,0.25390625,False,False
f5d57420c3c86277890c81c0,fit,False,,0.6366216683973693,1.368421052631579,986,440,0.18485576923076924,0.26953125,False,False
f5fd54bef0452118ba626eb5,fit,False,,0.6172058471123891,1.3722627737226278,972,432,0.17858573717948717,0.26953125,False,False
f6aa06cfa3790728d4b95f50,fit,False,,0.6277178688393642,1.3492822966507176,972,440,0.1792918669871795,0.2578125,False,False
f6b0918b296e2086174c29c3,fit,False,,0.6213089437388503,1.368038740920097,974,434,0.18189603365384616,0.26953125,False,False
f7068b501a1f85d83c38b0e7,fit,False,,0.603882099209202,1.382716049382716,964,426,0.18170072115384617,0.27734375,False,False
f756bde9ffb095b387193187,fit,False,,0.619308650850707,1.3603385731559854,969,435,0.18233173076923076,0.265625,False,False
f76725c9444e5022c2d4fd52,fit,False,,0.6111989775541178,1.3857493857493857,972,428,0.1791816907051282,0.27734375,False,False
f77c7a446a11ec7e78293fef,calibration,False,,0.6316132811459915,1.3576555023923444,977,440,0.1831730769230769,0.26171875,False,False
f7ab54038434a0fb639afdd3,fit,False,,0.6367281731767713,1.330188679245283,972,446,0.1694611378205128,0.25,False,False
f819b5d38b92c526e4ce0b71,fit,False,,0.6451973001038421,1.3197199533255544,975,451,0.1843399439102564,0.2421875,False,False
f83f3b94aaaf6c7c603196c9,calibration,False,,0.6172584338472189,1.3892288861689106,977,429,0.18418469551282052,0.28125,False,False
f85a4d30cbe2d839d85caae0,fit,False,,0.606048805815161,1.404968944099379,975,423,0.1788661858974359,0.2890625,False,False
f8694eb1861a924563e7a69c,calibration,False,,0.617657161115105,1.3567110036275696,966,435,0.17840544871794872,0.26171875,False,False
f8acf7932b113d91135ecd6c,calibration,False,,0.6239635753654446,1.3574007220216606,972,437,0.18225661057692308,0.26171875,False,False
f8eb4bbe7d228537c1e6a36b,calibration,False,,0.6441968208323349,1.361803084223013,988,443,0.18286258012820514,0.265625,False,False
f9681aff366a2f1f518c2a8c,fit,False,,0.6139228372873232,1.364963503649635,966,432,0.18161057692307692,0.265625,False,False
f9f9e95751bae3a9222c9770,fit,False,,0.6210360252416327,1.380778588807786,977,432,0.18357872596153846,0.27734375,False,False
fa02af9f12e5c5dfce20f364,fit,False,,0.6188473520249221,1.3759124087591241,975,432,0.18049379006410257,0.2734375,False,False
fa42326a2355fea8534b8965,fit,False,,0.6239635753654446,1.3574007220216606,972,437,0.18978866185897436,0.26171875,False,False
fa5b97c7b631912abe2948ea,fit,False,,0.6095734483584951,1.382063882063882,969,428,0.18253205128205127,0.27734375,False,False
faaae144235f24d80fc60583,fit,False,,0.6160436137071651,1.3797313797313797,974,431,0.1814102564102564,0.2734375,False,False
fb12cb3f1430256bd1048fc8,fit,False,,0.6454029874590622,1.335680751173709,980,448,0.18544671474358973,0.25,False,False
fb7a06aabef47b95703f7096,fit,False,,0.6406795004925846,1.338443396226415,977,446,0.18096454326923078,0.25390625,False,False
fc3ce2e3495fde5e3ca176db,fit,False,,0.6294951673456346,1.3694344163658243,980,437,0.1870793269230769,0.26953125,False,False
fc73f20a80be611a6bc12640,fit,False,,0.6165561679580371,1.3542926239419588,964,435,0.17379807692307692,0.26171875,False,False
fc9a7b6e75a18bc59722c696,fit,False,,0.6378571238384323,1.3325471698113207,974,446,0.18220653044871796,0.25,False,False
fcb8de321a0e8853826e7125,calibration,False,,0.6155643421998562,1.3686131386861313,969,432,0.17794471153846153,0.26953125,False,False
fd2430b8ee151628a4b18c1d,fit,False,,0.6188473520249221,1.3759124087591241,975,432,0.18550180288461537,0.2734375,False,False
fd4e2bfc1111ea48b494e402,fit,False,,0.6223040977713875,1.3537906137184115,969,437,0.1813701923076923,0.26171875,False,False
fdad2167b4b6bf6d753dd060,fit,False,,0.6185597891205368,1.3619854721549636,969,434,0.18393429487179488,0.265625,False,False
fdafeeb2c1b1eb31aa6e7f70,fit,False,,0.6118200335490055,1.3769889840881273,969,429,0.1703976362179487,0.2734375,False,False
fe89b5da0a3449b047aad894,fit,False,,0.6329738797028517,1.3380782918149465,972,443,0.1786007612179487,0.25390625,False,False
feb57a45e8e6af73f1d2e2bd,fit,False,,0.6202092818915249,1.3656174334140436,972,434,0.18602764423076923,0.26953125,False,False
feb62217c5c9e56e5a0501d7,fit,False,,0.6243789440051122,1.3421052631578947,966,440,0.18044370993589742,0.25390625,False,False
fecd368aa554ca8953b94c20,fit,False,,0.6226116303219107,1.3675937122128174,975,435,0.1788211137820513,0.26953125,False,False
fed00a53aeeabd21ae3fe655,fit,False,,0.6234104161674255,1.3561973525872444,971,437,0.1811698717948718,0.26171875,False,False
fed31d93bb4be99f88c95226,fit,False,,0.6437015736081156,1.3321596244131455,977,448,0.1875,0.25,False,False
ff2ced79066df248fa968991,fit,False,,0.6239635753654446,1.3574007220216606,972,437,0.1774989983974359,0.26171875,False,False
ff4a16b9ca88d0c110949e78,calibration,False,,0.6316132811459915,1.3576555023923444,977,440,0.1845002003205128,0.26171875,False,False
