reference_index,flat_index,source_image_id,selection_order,feature_map_x,feature_map_y,input_center_x,input_center_y,source_patch_x,source_patch_y,normalized_crop_x,normalized_crop_y,is_padding_patch_center_proxy,normalized_crop_region,content_width,content_height,pad_x,pad_y
0,593317,2eebabfc2544e47701bed697,0,5,13,44,108,292.546875,460.08900523560209,0.171875,0.39790575916230364,False,row1_col0,256,191,0,32
1,179833,88a7da897ac6bcbf16c8e69d,1,25,19,204,156,998.125,657.49738219895289,0.796875,0.64921465968586389,False,row1_col2,256,191,0,32
2,502170,5749ca6a1c4e4e10cf0ec75d,2,26,12,212,100,1056.453125,424.14285714285711,0.828125,0.35449735449735448,False,row1_col2,256,189,0,33
3,607829,63727db752b5ff12377d012c,3,21,18,172,148,879.109375,626.0625,0.671875,0.60416666666666663,False,row1_col2,256,192,0,32
4,676392,36bbd488b40fa9d32e6c7611,4,8,17,68,140,427.78125,596.87700534759369,0.265625,0.5668449197860963,False,row1_col0,256,187,0,34
5,41351,17ee0869be7e617b235e6587,5,7,12,60,100,387.453125,410.62433862433863,0.234375,0.35449735449735448,False,row1_col0,256,189,0,33
6,205475,ef9e40f88efa54ae539304c5,6,3,21,28,172,210.96875,730.95135135135138,0.109375,0.74054054054054053,False,row2_col0,256,185,0,35
7,567760,ce1b06db295c8aa47115048c,7,16,14,132,116,674.09375,491.64516129032256,0.515625,0.43548387096774194,False,row1_col1,256,186,0,35
8,473692,1d12ec902c3113b35c317ef8,8,28,18,228,148,1095.34375,621.26315789473688,0.890625,0.60526315789473684,False,row1_col2,256,190,0,33
9,156879,63f23e2fc4a87e66536e23d3,9,15,6,124,52,669.625,206.59562841530055,0.484375,0.087431693989071038,False,row0_col1,256,183,0,36
10,719429,f92f442ca28c1794b5281ba1,10,5,18,44,148,314.125,627.55263157894728,0.171875,0.60526315789473684,False,row1_col0,256,190,0,33
11,488079,cbe7415bc3817302e0c76f2d,11,15,20,124,164,658.90625,694.21243523316059,0.484375,0.68911917098445596,False,row2_col1,256,193,0,31
12,327155,829fa0ee35fbd7c1c841a103,12,19,15,156,124,762.53125,508.27419354838713,0.609375,0.478494623655914,False,row1_col1,256,186,0,35
13,588124,47ecb67f20914fe9324d2108,13,28,10,228,84,1107.375,345,0.890625,0.26984126984126983,False,row0_col2,256,189,0,33
14,599547,7e43c32828df193edc42ddff,14,27,15,220,124,1095.453125,525.85106382978734,0.859375,0.47872340425531917,False,row1_col2,256,188,0,34
15,84002,d97ecfbcd8824d84ea5eae90,15,2,1,20,12,170.5,33.607734806629821,0.078125,-0.13812154696132597,True,padding_center,256,181,0,37
16,565999,cdff67add7326ebbbabf8a48,16,15,23,124,188,647.8125,801.46153846153845,0.484375,0.82967032967032972,False,row2_col1,256,182,0,37
17,47532,b87c381e4a842e0b20bf5138,17,12,13,100,108,541.421875,443.5347593582888,0.390625,0.39572192513368987,False,row1_col1,256,187,0,34
18,521767,eb0351acb0beefb86ab98462,18,7,17,60,140,364.109375,588.88297872340422,0.234375,0.56382978723404253,False,row1_col0,256,188,0,34
19,576920,eebb80b7602a9bc51384c3b3,19,24,12,196,100,957.1875,421.09326424870466,0.765625,0.35751295336787564,False,row1_col2,256,193,0,31
20,480612,7361af587e04e93382fe2d91,20,4,11,36,92,261.96875,379.86597938144331,0.140625,0.31443298969072164,False,row0_col0,256,194,0,31
21,549481,b7cc7826ac85ae8215b61101,21,9,19,76,156,460.375,664.3105263157895,0.296875,0.64736842105263159,False,row1_col0,256,190,0,33
22,289438,d03b423ac174ea78bf4a6637,22,30,20,244,164,1171.96875,685.10362694300522,0.953125,0.68911917098445596,False,row2_col2,256,193,0,31
23,601474,cbbfcf781cf2e6b2a448637f,23,2,12,20,100,190.09375,408.89583333333337,0.078125,0.35416666666666669,False,row1_col0,256,192,0,32
24,591493,583fd37185c66e5b35d4ad0d,24,5,20,44,164,304.0625,689.4314720812182,0.171875,0.68527918781725883,False,row2_col0,256,197,0,29
25,484177,7b57de0d35adaa2f8254baa8,25,17,26,140,212,797.375,898.44919786096261,0.546875,0.95187165775401072,False,row2_col1,256,187,0,34
26,93673,e4622a2495fee2989741879a,26,9,15,76,124,442.640625,509.66666666666669,0.296875,0.478494623655914,False,row1_col0,256,186,0,35
27,595598,87721955af6f57a012d16d47,27,14,20,116,164,582.078125,679.42857142857144,0.453125,0.69312169312169314,False,row2_col1,256,189,0,33
28,467272,55697275b8b27562c9eb1a4c,28,8,10,68,84,396.1875,350.97916666666663,0.265625,0.27083333333333331,False,row0_col0,256,192,0,32
29,183661,9e7c13f8064b9fc62fe964d6,29,13,11,108,92,584.015625,384.47643979057591,0.421875,0.31413612565445026,False,row0_col1,256,191,0,32
30,598486,d38497f6cb09922f8f3dcf04,30,22,14,180,116,963.328125,488.30890052356023,0.703125,0.43979057591623039,False,row1_col2,256,191,0,32
31,247462,cd0de5b2186c92b842b4814a,31,6,21,52,172,374.84375,716.92063492063494,0.203125,0.73544973544973546,False,row2_col0,256,189,0,33
32,281811,802b8776e6e8022705bfa739,32,19,6,156,52,758.453125,194.63265306122449,0.609375,0.11224489795918367,False,row0_col1,256,196,0,30
33,521773,eb0351acb0beefb86ab98462,33,13,17,108,140,569.796875,588.88297872340422,0.421875,0.56382978723404253,False,row1_col1,256,188,0,34
34,506272,53e9a502e46a7b9e168d9115,34,0,13,4,108,111.125,462.86170212765961,0.015625,0.39361702127659576,False,row1_col0,256,188,0,34
35,538748,abac48c206f4f9db98c1c8cf,35,28,3,228,28,1104.796875,108.14948453608247,0.890625,-0.015463917525773196,True,padding_center,256,194,0,31
36,540016,e2b45792dfc5b8bb9ef98bca,36,16,11,132,92,698.796875,390.04232804232799,0.515625,0.31216931216931215,False,row0_col1,256,189,0,33
37,560796,c685b4a491f88fc79b166eaa,37,28,20,228,164,1133.34375,703.84491978609628,0.890625,0.69518716577540107,False,row2_col2,256,187,0,34
38,40521,d60c6fc93e9eed8f0286cc7b,38,9,18,76,148,458.125,629.70270270270271,0.296875,0.61081081081081079,False,row1_col0,256,185,0,35
39,635445,8bf8afec70e5fbe4d7956c1a,39,21,17,172,140,898.5,588.21311475409834,0.671875,0.56830601092896171,False,row1_col2,256,183,0,36
40,726469,81558ebcaaea05566ec9d393,40,5,14,44,116,326.265625,490.78835978835974,0.171875,0.43915343915343913,False,row1_col0,256,189,0,33
41,282914,f882a0ca74adfbbded05504a,41,2,9,20,76,201.109375,312.54838709677421,0.078125,0.22043010752688172,False,row0_col0,256,186,0,35
42,594736,d8e33de8429b55ebb8877642,42,16,25,132,204,640.671875,860.82978723404256,0.515625,0.9042553191489362,False,row2_col1,256,188,0,34
43,48739,70167206a708a11cfa66d657,43,3,19,28,156,260.078125,656.33333333333337,0.109375,0.65053763440860213,False,row1_col0,256,186,0,35
44,247451,cd0de5b2186c92b842b4814a,44,27,20,220,164,1098.03125,682.50793650793651,0.859375,0.69312169312169314,False,row2_col2,256,189,0,33
45,250301,537b9f873acf48eb2022de16,45,29,13,236,108,1133.90625,435.5,0.921875,0.39473684210526316,False,row1_col2,256,190,0,33
46,197167,819331f44b9bfe36ff4bf476,46,15,17,124,140,679.171875,591.91304347826076,0.484375,0.56521739130434778,False,row1_col1,256,184,0,36
47,187878,fb5a9755e142923997483e54,47,6,15,52,124,339.875,506.66666666666669,0.203125,0.478494623655914,False,row1_col0,256,186,0,35
48,382668,1da49d03909cfa1ff4462960,48,12,22,100,180,521.46875,748.94240837696339,0.390625,0.77486910994764402,False,row2_col1,256,191,0,32
49,101817,f7464ed5a8656ac375a0fb2d,49,25,13,204,108,1036.125,455.18032786885243,0.796875,0.39344262295081966,False,row1_col2,256,183,0,36
50,669187,69e9731cb1bb99f66cbbadef,50,3,16,28,132,268.078125,548.30526315789461,0.109375,0.52105263157894732,False,row1_col0,256,190,0,33
51,554626,edb01c151c563bb82cc5df9d,51,2,20,20,164,206.46875,694.64893617021278,0.078125,0.69148936170212771,False,row2_col0,256,188,0,34
52,482073,0493c50e4f0350b831275383,52,25,24,204,196,1028.734375,833.12,0.796875,0.83999999999999997,False,row2_col2,256,200,0,28
53,547189,57d3f410b6fcba2a57bda29d,53,21,11,172,92,877.09375,389.32105263157894,0.671875,0.31052631578947371,False,row0_col2,256,190,0,33
54,117318,7c41685bf488a58de2fe104b,54,6,18,52,148,327.859375,628.52631578947376,0.203125,0.60526315789473684,False,row1_col0,256,190,0,33
55,64145,389705dbbfe69bc29265ddd8,55,17,20,140,164,748.484375,686.53513513513508,0.546875,0.69729729729729728,False,row2_col1,256,185,0,35
56,190820,9e3ff6a52f10ae8e139d3c38,56,4,11,36,92,259.09375,383.6875,0.140625,0.3125,False,row0_col0,256,192,0,32
57,535916,7e48cd1658e4af2a0a4efc9b,57,12,11,100,92,565.515625,395.43850267379685,0.390625,0.31016042780748665,False,row0_col1,256,187,0,34
58,383245,525e253a65f0af92629166a4,58,13,8,108,68,589.59375,273.8125,0.421875,0.1875,False,row0_col1,256,192,0,32
59,461354,439720347b525b459d2cd2a2,59,10,17,84,140,521.625,610.58974358974365,0.328125,0.5641025641025641,False,row1_col0,256,195,0,30
60,564658,0ec02acd088fff4c4bbe590f,60,18,13,148,108,781.359375,463.97326203208559,0.578125,0.39572192513368987,False,row1_col1,256,187,0,34
61,513306,43a8d937bdc326d6174ea535,61,26,8,212,68,1056.453125,285.76595744680856,0.828125,0.18085106382978725,False,row0_col2,256,188,0,34
62,673697,5ddeb64b3381d9f94e5481f0,62,1,29,12,236,207.984375,999.91935483870964,0.046875,1.0806451612903225,True,padding_center,256,186,0,35
63,499202,fae0767fbbc62b038bf2e8d7,63,2,16,20,132,184.859375,563.77540106951869,0.078125,0.52406417112299464,False,row1_col0,256,187,0,34
64,552469,e1bd21e34648fdeb39895cd0,64,21,16,172,132,816.375,555.11827956989248,0.671875,0.521505376344086,False,row1_col2,256,186,0,35
65,523826,df913345c4c2be5eeed41459,65,18,17,148,140,772.140625,597.14507772020727,0.578125,0.56476683937823835,False,row1_col1,256,193,0,31
66,592325,fe666fef2b8871f5528589d3,66,5,14,44,116,372.03125,504.78238341968915,0.171875,0.44041450777202074,False,row1_col0,256,193,0,31
67,476619,29967e147eb9c7a768964adf,67,11,14,92,116,501.953125,492.71428571428572,0.359375,0.43915343915343913,False,row1_col1,256,189,0,33
68,597155,bdd69774207d2ddbd41a3849,68,3,5,28,44,234.65625,177.81914893617022,0.109375,0.053191489361702128,False,row0_col0,256,188,0,34
69,230804,b7567bf06817bd7baf211db1,69,20,12,164,100,823.96875,413.36170212765956,0.640625,0.35106382978723405,False,row1_col1,256,188,0,34
70,549319,b7cc7826ac85ae8215b61101,70,7,14,60,116,391.875,493.15263157894736,0.234375,0.43684210526315792,False,row1_col0,256,190,0,33
71,539036,abac48c206f4f9db98c1c8cf,71,28,12,228,100,1104.796875,416.56185567010311,0.890625,0.35567010309278352,False,row1_col2,256,194,0,31
72,669338,69e9731cb1bb99f66cbbadef,72,26,20,212,164,1063.734375,686.74736842105267,0.828125,0.68947368421052635,False,row2_col2,256,190,0,33
73,506178,53e9a502e46a7b9e168d9115,73,2,10,20,84,179.625,360.09574468085106,0.078125,0.26595744680851063,False,row0_col0,256,188,0,34
74,512505,91decb18deafedf261951d4d,74,25,15,204,124,956.375,529.50802139037432,0.796875,0.48128342245989303,False,row1_col2,256,187,0,34
75,624035,3ecdc9847f50f75edffcb18b,75,3,13,28,108,233.53125,456.0972972972973,0.109375,0.39459459459459462,False,row1_col0,256,185,0,35
76,476584,29967e147eb9c7a768964adf,76,8,13,68,108,398.921875,458.42857142857139,0.265625,0.3968253968253968,False,row1_col0,256,189,0,33
77,310743,a20f73f6def040c457130121,77,23,14,188,116,957.28125,484.82258064516128,0.734375,0.43548387096774194,False,row1_col2,256,186,0,35
78,296368,e198308262ce13324faec9fd,78,16,13,132,108,690.28125,452.07027027027027,0.515625,0.39459459459459462,False,row1_col1,256,185,0,35
79,585295,c977bea10bf03c99460cec13,79,15,18,124,148,636.8125,623.5,0.484375,0.60526315789473684,False,row1_col1,256,190,0,33
80,221844,1ecac2e7140d516b873b5746,80,20,20,164,164,804.171875,690.872340425532,0.640625,0.69148936170212771,False,row2_col1,256,188,0,34
81,518809,8e28fe67259d0c825fe1bd0b,81,25,20,204,164,949.359375,701.13402061855675,0.796875,0.68556701030927836,False,row2_col2,256,194,0,31
82,470414,7b4398b5f7d90eaafd6f9de7,82,14,12,116,100,658.625,418.87096774193549,0.453125,0.34946236559139787,False,row1_col1,256,186,0,35
83,601531,cbbfcf781cf2e6b2a448637f,83,27,13,220,108,1051.03125,443.35416666666663,0.859375,0.39583333333333331,False,row1_col2,256,192,0,32
84,491095,f93c3ed6d29f639d27608bfa,84,23,18,188,148,903.078125,630.5204081632653,0.734375,0.60204081632653061,False,row1_col2,256,196,0,30
85,598308,d38497f6cb09922f8f3dcf04,85,4,9,36,76,346.265625,317.20942408376959,0.140625,0.23036649214659685,False,row0_col0,256,191,0,32
86,446781,d20cb62a0da43f7b5a35995c,86,29,9,236,76,1160.96875,314.85492227979273,0.921875,0.23316062176165803,False,row0_col2,256,193,0,31
87,115290,89b989a81f1da592d59cc87b,87,26,18,212,148,1051.875,631.56521739130437,0.828125,0.60869565217391308,False,row1_col2,256,184,0,36
88,119545,7f3d7c6e6a7b6f584a7abbea,88,25,23,204,188,1010.15625,796.5567010309278,0.796875,0.80927835051546393,False,row2_col2,256,194,0,31
89,697975,0aefb854b741b33901ea1e52,89,23,19,188,156,929.953125,651.44919786096261,0.734375,0.65240641711229952,False,row1_col2,256,187,0,34
90,489847,113ae33369eea4ce7f0b6955,90,23,11,188,92,903.078125,389.85714285714283,0.734375,0.31216931216931215,False,row0_col2,256,189,0,33
91,139884,9cc1a3ed2a8e6c5e9def5c8e,91,12,19,100,156,515.46875,660.18716577540113,0.390625,0.65240641711229952,False,row1_col1,256,187,0,34
92,406671,837b596140a1742b25c45e12,92,15,4,124,36,639.203125,129.66483516483515,0.484375,-0.0054945054945054949,True,padding_center,256,182,0,37
93,603869,02b8d585b96bf351d6297716,93,29,22,236,180,1126.53125,751.68911917098444,0.921875,0.772020725388601,False,row2_col2,256,193,0,31
94,80422,f228eee20ee0df690a4e51b6,94,6,17,52,140,342.265625,601.14438502673806,0.203125,0.5668449197860963,False,row1_col0,256,187,0,34
95,550451,25243d794ab291df05447bc6,95,19,17,156,140,785.3125,589.57142857142867,0.609375,0.56613756613756616,False,row1_col1,256,189,0,33
96,581245,9a1ad63dc381c61153abcebd,96,29,19,236,156,1096.53125,650.36842105263156,0.921875,0.64736842105263159,False,row1_col2,256,190,0,33
97,689765,3bfdd25cbb71671f75e39ff5,97,5,19,44,156,302.09375,654.19473684210527,0.171875,0.64736842105263159,False,row1_col0,256,190,0,33
98,587442,37faa40414dba1a334ec7ebb,98,18,21,148,172,768.625,731.30107526881716,0.578125,0.73655913978494625,False,row2_col1,256,186,0,35
99,480619,7361af587e04e93382fe2d91,99,11,11,92,92,503.03125,379.86597938144331,0.359375,0.31443298969072164,False,row0_col1,256,194,0,31
100,6480,b6eaf5e811a0be7062ed1bb3,100,16,10,132,84,653.828125,343.57512953367871,0.515625,0.27461139896373055,False,row0_col1,256,193,0,31
101,332359,4a2e77ff95f9a40d8e136e34,101,7,18,60,148,399.625,627.16939890710387,0.234375,0.61202185792349728,False,row1_col0,256,183,0,36
102,395969,a737d81a01b3a431788a0073,102,1,22,12,180,133.984375,756.95652173913049,0.046875,0.78260869565217395,False,row2_col0,256,184,0,36
103,518852,8e28fe67259d0c825fe1bd0b,103,4,22,36,180,226.828125,770.08247422680415,0.140625,0.76804123711340211,False,row2_col0,256,194,0,31
104,14798,8d4d5e9c6f62a7f7f0b95cb7,104,14,14,116,116,585.875,492.97814207650271,0.453125,0.43715846994535518,False,row1_col1,256,183,0,36
105,163191,558c1de5d92b5f300ff8d7a4,105,23,11,188,92,929.15625,371.26086956521738,0.734375,0.30434782608695654,False,row0_col2,256,184,0,36
106,557360,d81cb231e10288659e7909e8,106,16,9,132,76,715.09375,322.59067357512953,0.515625,0.23316062176165803,False,row0_col1,256,193,0,31
107,518012,f4df64b5ff783c747eb82df3,107,28,27,228,220,1129.796875,940.42553191489367,0.890625,0.98936170212765961,False,row2_col2,256,188,0,34
108,671353,9a9832c17e186ccd3563cf20,108,25,19,204,156,1023.359375,651.63829787234044,0.796875,0.64893617021276595,False,row1_col2,256,188,0,34
109,429593,026bf89f372e56e84406ddb9,109,25,16,204,132,1007.140625,534.84065934065939,0.796875,0.52197802197802201,False,row1_col2,256,182,0,37
110,606795,07487879b83ab8bf265d8c1f,110,11,18,92,148,553.953125,641.88717948717954,0.359375,0.60512820512820509,False,row1_col1,256,195,0,30
111,605798,37007bcf2d5f43196d17bd6c,111,6,19,52,156,338.4375,666.04255319148933,0.203125,0.64893617021276595,False,row1_col0,256,188,0,34
112,520844,faf3e3da73ae229e7fc9da66,112,12,20,100,164,546.515625,700.84491978609628,0.390625,0.69518716577540107,False,row2_col1,256,187,0,34
113,445940,7fc04af711a80e358348051d,113,20,15,164,124,837.171875,501.18817204301075,0.640625,0.478494623655914,False,row1_col1,256,186,0,35
114,359915,4d84e8bbae7d2af42353df02,114,11,15,92,124,464.625,510.33333333333331,0.359375,0.48148148148148145,False,row1_col1,256,189,0,33
115,114111,f36ce6afecf1a683931bba6d,115,31,13,252,108,1214.578125,461.44736842105266,0.984375,0.39473684210526316,False,row1_col2,256,190,0,33
116,693786,cefaf5a44ecfd5ed51bd547c,116,26,16,212,132,1046.90625,542.79787234042556,0.828125,0.52127659574468088,False,row1_col2,256,188,0,34
117,534319,8213a75d6bb493befa13560d,117,15,25,124,204,662.875,867.375,0.484375,0.89583333333333337,False,row2_col1,256,192,0,32
118,531874,e74d21355c7851af07172a36,118,2,13,20,108,168.859375,454.0972972972973,0.078125,0.39459459459459462,False,row1_col0,256,185,0,35
119,137451,d2039782b7096a17e967307e,119,11,7,92,60,492.625,234.8219895287958,0.359375,0.14659685863874344,False,row0_col1,256,191,0,32
120,315771,989a37c8050457fbad77b5fc,120,27,11,220,92,1048.90625,387.79459459459463,0.859375,0.30810810810810813,False,row0_col2,256,185,0,35
121,423464,8e016ce8a91e1722991e0302,121,8,17,68,140,389.84375,565,0.265625,0.56451612903225812,False,row1_col0,256,186,0,35
122,314963,ef59d1cbf4b57d08ba6bcb44,122,19,18,156,148,817.796875,629.26178010471199,0.609375,0.60732984293193715,False,row1_col1,256,191,0,32
123,67825,a5e44a049f152deb435edd40,123,17,7,140,60,720.125,237.87096774193549,0.546875,0.13440860215053763,False,row0_col1,256,186,0,35
124,474550,5b0c8102bd3a2a571e7c2c76,124,22,13,180,108,927.625,460.25531914893617,0.703125,0.39361702127659576,False,row1_col2,256,188,0,34
125,502141,5749ca6a1c4e4e10cf0ec75d,125,29,11,236,92,1159.296875,389.85714285714283,0.921875,0.31216931216931215,False,row0_col2,256,189,0,33
126,466460,f811b6561edd9f797ff5e802,126,28,16,228,132,1096.796875,552.14893617021278,0.890625,0.52127659574468088,False,row1_col2,256,188,0,34
127,587255,37faa40414dba1a334ec7ebb,127,23,15,188,124,939.875,525.88172043010752,0.734375,0.478494623655914,False,row1_col2,256,186,0,35
128,599411,7e43c32828df193edc42ddff,128,19,11,156,92,820.703125,388.65957446808511,0.609375,0.30851063829787234,False,row0_col1,256,188,0,34
129,416431,06a76bf899fbda6d8aa83969,129,15,21,124,172,647.71875,715.77659574468089,0.484375,0.73404255319148937,False,row2_col1,256,188,0,34
130,179496,88a7da897ac6bcbf16c8e69d,130,8,9,68,76,407.375,309.43455497382195,0.265625,0.23036649214659685,False,row0_col0,256,191,0,32
131,366107,b9fd7826307ce6bb94f27b18,131,27,16,220,132,1086.203125,548.41935483870964,0.859375,0.521505376344086,False,row1_col2,256,186,0,35
132,84357,d97ecfbcd8824d84ea5eae90,132,5,12,44,100,275.5,418.66850828729281,0.171875,0.34806629834254144,False,row1_col0,256,181,0,37
133,475565,73937759020f473dae5c179a,133,13,13,108,108,541.109375,448.73684210526318,0.421875,0.39473684210526316,False,row1_col1,256,190,0,33
134,430748,c0a7a3a62c3795f511c0eafd,134,28,20,228,164,1140.703125,664.10160427807489,0.890625,0.69518716577540107,False,row2_col2,256,187,0,34
135,465475,f4ac4da33960d6b1e1780732,135,3,18,28,148,185.65625,625.18848167539272,0.109375,0.60732984293193715,False,row1_col0,256,191,0,32
136,587290,37faa40414dba1a334ec7ebb,136,26,16,212,132,1042.625,560.11827956989248,0.828125,0.521505376344086,False,row1_col2,256,186,0,35
137,404136,83857231f379f6809fc9639f,137,8,21,68,172,441.84375,727.24725274725279,0.265625,0.74175824175824179,False,row2_col0,256,182,0,37
138,339463,e011d89cc836ba1aa1bc02a9,138,7,16,60,132,363.859375,550.91304347826087,0.234375,0.52173913043478259,False,row1_col0,256,184,0,36
139,365189,462b47fa3de976e72a9b5115,139,5,20,44,164,332.609375,675.10160427807489,0.171875,0.69518716577540107,False,row2_col0,256,187,0,34
140,419425,d03761371d8aa9c1e3445f8d,140,1,19,12,156,154.890625,640.89729729729731,0.046875,0.65405405405405403,False,row1_col0,256,185,0,35
141,589190,87a418aeb28937346e884495,141,6,12,52,100,403.265625,426.06598984771574,0.203125,0.3604060913705584,False,row1_col0,256,197,0,29
142,465289,f4ac4da33960d6b1e1780732,142,9,12,76,100,390.78125,419.86910994764395,0.296875,0.35602094240837695,False,row1_col0,256,191,0,32
143,501263,d8aec49d4eabf940e94e99b9,143,15,16,124,132,639.90625,560.77540106951869,0.484375,0.52406417112299464,False,row1_col1,256,187,0,34
144,181769,9dc7738247217dd257b2b574,144,9,16,76,132,413.53125,554.46073298429314,0.296875,0.52356020942408377,False,row1_col0,256,191,0,32
145,731341,8e91dc5ebf61a30260770c9c,145,13,6,108,52,555.90625,200.55319148936172,0.421875,0.095744680851063829,False,row0_col1,256,188,0,34
146,636738,eaebcbae772a8146aa9919c7,146,2,26,20,212,184.484375,907.75531914893611,0.078125,0.94680851063829785,False,row2_col0,256,188,0,34
147,542074,736df5902e9879b38b3b9634,147,26,11,212,92,1012.109375,382.70000000000005,0.828125,0.31052631578947371,False,row0_col2,256,190,0,33
148,592197,fe666fef2b8871f5528589d3,148,5,10,44,84,372.03125,367.82901554404145,0.171875,0.27461139896373055,False,row0_col0,256,193,0,31
149,558899,27299ddb09d845cec194fcb0,149,19,25,156,204,795.65625,861.2380952380953,0.609375,0.90476190476190477,False,row2_col1,256,189,0,33
150,458214,efab8b57a05312e6e2d6ff9c,150,6,15,52,124,286.234375,520.29999999999995,0.203125,0.47894736842105262,False,row1_col0,256,190,0,33
151,515512,0e2145f7a61e9d7634649dca,151,24,13,196,108,925.59375,464.33513513513515,0.765625,0.39459459459459462,False,row1_col2,256,185,0,35
152,99979,27e6733bbab4a1b0477f8b26,152,11,20,92,164,506.828125,694.66666666666663,0.359375,0.69312169312169314,False,row2_col1,256,189,0,33
153,362799,53f85fa89c59271d3ffb3641,153,15,9,124,76,673.78125,276.95744680851067,0.484375,0.22340425531914893,False,row0_col1,256,188,0,34
154,141943,15d9508324337b875670f947,154,23,19,188,156,913.828125,671.49738219895289,0.734375,0.64921465968586389,False,row1_col2,256,191,0,32
155,339338,e011d89cc836ba1aa1bc02a9,155,10,12,84,100,468.203125,411.60869565217388,0.328125,0.34782608695652173,False,row1_col0,256,184,0,36
156,657864,c530cb0c0e739b7c0af0415d,156,8,14,68,116,375.453125,484.29787234042556,0.265625,0.43617021276595747,False,row1_col0,256,188,0,34
157,458280,efab8b57a05312e6e2d6ff9c,157,8,17,68,140,354.921875,589.09999999999991,0.265625,0.56315789473684208,False,row1_col0,256,190,0,33
158,439948,91b902f7a2f5112ece6e0093,158,12,20,100,164,578.203125,694.53513513513508,0.390625,0.69729729729729728,False,row2_col1,256,185,0,35
159,523738,df913345c4c2be5eeed41459,159,26,14,212,116,1049.390625,493.18652849740931,0.828125,0.44041450777202074,False,row1_col2,256,193,0,31
160,581209,9a1ad63dc381c61153abcebd,160,25,18,204,148,959.78125,616.26315789473688,0.796875,0.60526315789473684,False,row1_col2,256,190,0,33
161,596566,068d42fadee7759ebbad25c7,161,22,18,180,148,913.625,625.18848167539272,0.703125,0.60732984293193715,False,row1_col2,256,191,0,32
162,5544,cc828a68ca0395b4acfbcc94,162,8,13,68,108,413.71875,462.0972972972973,0.265625,0.39459459459459462,False,row1_col0,256,185,0,35
163,351909,4f1c77f5d121ab64501fbab2,163,5,21,44,172,318.265625,722.93010752688178,0.171875,0.73655913978494625,False,row2_col0,256,186,0,35
164,601691,cbbfcf781cf2e6b2a448637f,164,27,18,220,148,1051.03125,615.64583333333326,0.859375,0.60416666666666663,False,row1_col2,256,192,0,32
165,526893,5d258a6d34f1b116ab308ce4,165,13,17,108,140,572.375,572.88297872340422,0.421875,0.56382978723404253,False,row1_col1,256,188,0,34
166,220740,32f11b88ebf1c0d458dad8d3,166,4,18,36,148,268.375,608.08333333333326,0.140625,0.60416666666666663,False,row1_col0,256,192,0,32
167,523927,df913345c4c2be5eeed41459,167,23,20,188,164,945.421875,701.10362694300522,0.734375,0.68911917098445596,False,row2_col2,256,193,0,31
168,119340,7f3d7c6e6a7b6f584a7abbea,168,12,17,100,140,562.46875,589.71134020618558,0.390625,0.56185567010309279,False,row1_col1,256,194,0,31
169,549335,b7cc7826ac85ae8215b61101,169,23,14,188,116,939.875,493.15263157894736,0.734375,0.43684210526315792,False,row1_col2,256,190,0,33
170,576980,eebb80b7602a9bc51384c3b3,170,20,14,164,116,819.6875,489.98445595854923,0.640625,0.44041450777202074,False,row1_col1,256,193,0,31
171,217594,f393274be3847e33f5ac073b,171,26,15,212,124,997.90625,515.90270270270275,0.828125,0.48108108108108111,False,row1_col2,256,185,0,35
172,127197,f5fa9934c3d9553bf163df86,172,29,6,236,52,1118.515625,203.13227513227514,0.921875,0.10052910052910052,False,row0_col2,256,189,0,33
173,90373,9e5249a3b4a0aeea24774e82,173,5,8,44,68,297.125,278.78260869565213,0.171875,0.17391304347826086,False,row0_col0,256,184,0,36
174,487943,cbe7415bc3817302e0c76f2d,174,7,16,60,132,385.40625,557.259067357513,0.234375,0.52331606217616577,False,row1_col0,256,193,0,31
175,502148,5749ca6a1c4e4e10cf0ec75d,175,4,12,36,100,302.265625,424.14285714285711,0.140625,0.35449735449735448,False,row1_col0,256,189,0,33
176,463540,f06dd4b0ff466537119cc2af,176,20,21,164,172,804.125,728.30107526881716,0.640625,0.73655913978494625,False,row2_col1,256,186,0,35
177,575180,677cd183b987906faf2e530c,177,12,22,100,180,571.421875,768.81081081081084,0.390625,0.78378378378378377,False,row2_col1,256,185,0,35
178,152175,009cd3639a67c3e8ac9da12b,178,15,19,124,156,662.65625,659.18085106382978,0.484375,0.64893617021276595,False,row1_col1,256,188,0,34
179,650590,4b2633be99f67ebb463d227e,179,30,10,244,84,1141.34375,347.83243243243248,0.953125,0.26486486486486488,False,row0_col2,256,185,0,35
180,693848,cefaf5a44ecfd5ed51bd547c,180,24,18,196,148,977.78125,611.98936170212767,0.765625,0.6063829787234043,False,row1_col2,256,188,0,34
181,595537,87721955af6f57a012d16d47,181,17,18,140,148,684.921875,610.85714285714289,0.546875,0.60846560846560849,False,row1_col1,256,189,0,33
182,656869,82da62713a0e4c22cbd7efd6,182,5,15,44,124,291.09375,518.34594594594591,0.171875,0.48108108108108111,False,row1_col0,256,185,0,35
183,481311,0493c50e4f0350b831275383,183,31,0,252,4,1236.671875,-0.15999999999999659,0.984375,-0.12,True,padding_center,256,200,0,28
184,78195,fbfdec218cbf0635738d2c12,184,19,11,156,92,788.578125,381.23204419889504,0.609375,0.30386740331491713,False,row0_col1,256,181,0,37
185,329433,e7c724e78fb9d4020c4926bf,185,25,22,204,180,980.140625,752.81081081081084,0.796875,0.78378378378378377,False,row2_col2,256,185,0,35
186,738738,46a12f7a348173b31e79d614,186,18,13,148,108,762.40625,440.47826086956525,0.578125,0.39130434782608697,False,row1_col1,256,184,0,36
187,277778,825a1b23f7b0d75436750d93,187,18,8,148,68,792.40625,266.68586387434556,0.578125,0.18848167539267016,False,row0_col1,256,191,0,32
188,347677,8406bcde35f072bc956e4b05,188,29,16,236,132,1120.359375,545.84065934065939,0.921875,0.52197802197802201,False,row1_col2,256,182,0,37
189,704291,3610a7a8fae8831f175ef8a6,189,3,25,28,204,230.53125,874.44680851063833,0.109375,0.9042553191489362,False,row2_col0,256,188,0,34
190,581338,9a1ad63dc381c61153abcebd,190,26,22,212,180,993.96875,752.68421052631572,0.828125,0.77368421052631575,False,row2_col2,256,190,0,33
191,344612,2c3f234377604e8dcb2d2a73,191,4,17,36,140,258.671875,583.91304347826076,0.140625,0.56521739130434778,False,row1_col0,256,184,0,36
192,373173,03b92d95da6694e6f43e0193,192,21,13,172,108,844.40625,433.53886010362692,0.671875,0.39896373056994816,False,row1_col2,256,193,0,31
193,560462,c685b4a491f88fc79b166eaa,193,14,10,116,84,654.71875,361.17112299465242,0.453125,0.26737967914438504,False,row0_col1,256,187,0,34
194,473335,1d12ec902c3113b35c317ef8,194,23,7,188,60,924.40625,246.10526315789474,0.734375,0.14210526315789473,False,row0_col2,256,190,0,33
195,543164,eedf98ccb5a364857973747a,195,28,13,228,108,1141.453125,460.4086021505376,0.890625,0.39247311827956988,False,row1_col2,256,186,0,35
196,412964,46e52c7cd794f51a462fb9f6,196,4,9,36,76,258.671875,286.11475409836066,0.140625,0.21857923497267759,False,row0_col0,256,183,0,36
197,523553,df913345c4c2be5eeed41459,197,1,9,12,76,182.984375,319.92227979274611,0.046875,0.23316062176165803,False,row0_col0,256,193,0,31
198,292454,81f7959be88c5f860c5fc715,198,6,19,52,156,322.859375,636.69841269841277,0.203125,0.65079365079365081,False,row1_col0,256,189,0,33
199,337539,347841146c8588b3b0ef8cd2,199,3,20,28,164,197.953125,693.32978723404256,0.109375,0.69148936170212771,False,row2_col0,256,188,0,34
200,460172,220c8ee1c69449f9af0ae7f1,200,12,12,100,100,499.46875,430.89583333333337,0.390625,0.35416666666666669,False,row1_col1,256,192,0,32
201,304459,fa425b55ae4649a7440cdfd7,201,11,10,92,84,503.03125,339.50802139037432,0.359375,0.26737967914438504,False,row0_col1,256,187,0,34
202,535018,e6a42e7bbe1942d90ee3b93f,202,10,15,84,124,459.609375,531.372340425532,0.328125,0.47872340425531917,False,row1_col0,256,188,0,34
203,726597,81558ebcaaea05566ec9d393,203,5,18,44,148,326.265625,629.11640211640213,0.171875,0.60846560846560849,False,row1_col0,256,189,0,33
204,422392,adea380903a21f32cbcdb240,204,24,15,196,124,960.375,491.625,0.765625,0.47916666666666669,False,row1_col2,256,192,0,32
205,514536,80f88014c0d14ab592726fe3,205,8,15,68,124,393.921875,532.50802139037432,0.265625,0.48128342245989303,False,row1_col0,256,187,0,34
206,516662,8bb55828650e42ce1359edc9,206,22,17,180,140,908.328125,587.04278074866306,0.703125,0.5668449197860963,False,row1_col2,256,187,0,34
207,356931,896ecacb2e63e157dc4e35d7,207,3,18,28,148,263.953125,628.69109947643983,0.109375,0.60732984293193715,False,row1_col0,256,191,0,32
208,648541,0a002938726018c2f380fd7f,208,29,10,236,84,1108.984375,342.83243243243248,0.921875,0.26486486486486488,False,row0_col2,256,185,0,35
209,71243,9993d74e02e8a5dd35aaa9d4,209,11,18,92,148,538.625,626.09677419354841,0.359375,0.60752688172043012,False,row1_col1,256,186,0,35
210,476709,29967e147eb9c7a768964adf,210,5,17,44,140,295.890625,595.57142857142867,0.171875,0.56613756613756616,False,row1_col0,256,189,0,33
211,470340,7b4398b5f7d90eaafd6f9de7,211,4,10,36,84,316.125,350.22580645161293,0.140625,0.26344086021505375,False,row0_col0,256,186,0,35
212,523801,df913345c4c2be5eeed41459,212,25,16,204,132,1014.734375,562.4922279792745,0.796875,0.52331606217616577,False,row1_col2,256,193,0,31
213,608756,28b53dd19c8f65de13e95cab,213,20,15,164,124,823.125,529.50802139037432,0.640625,0.48128342245989303,False,row1_col1,256,187,0,34
214,523866,df913345c4c2be5eeed41459,214,26,18,212,148,1049.390625,631.79792746113992,0.828125,0.60621761658031093,False,row1_col2,256,193,0,31
215,536037,7e48cd1658e4af2a0a4efc9b,215,5,15,44,124,325.546875,532.50802139037432,0.171875,0.48128342245989303,False,row1_col0,256,187,0,34
216,573882,2608d95da3b3a020babab4a4,216,26,13,212,108,1059.140625,449.4086021505376,0.828125,0.39247311827956988,False,row1_col2,256,186,0,35
217,16969,f4edc4be6ad1d9afc66e3637,217,9,18,76,148,437.640625,625.52631578947376,0.296875,0.60526315789473684,False,row1_col0,256,190,0,33
218,523893,df913345c4c2be5eeed41459,218,21,19,172,156,876.109375,666.45077720207246,0.671875,0.64766839378238339,False,row1_col2,256,193,0,31
219,602648,4353ce725c8d749885d3c4b7,219,24,16,196,132,905.125,552.1368421052631,0.765625,0.52105263157894732,False,row1_col2,256,190,0,33
220,546703,e47bf05116ca1e4921049cf3,220,15,28,124,228,671.171875,975,0.484375,1,True,padding_center,256,201,0,27
221,114293,f36ce6afecf1a683931bba6d,221,21,19,172,156,866.140625,670.37368421052633,0.671875,0.64736842105263159,False,row1_col2,256,190,0,33
222,482043,0493c50e4f0350b831275383,222,27,23,220,188,1098.046875,798.40000000000009,0.859375,0.80000000000000004,False,row2_col2,256,200,0,28
223,581373,9a1ad63dc381c61153abcebd,223,29,23,236,188,1096.53125,786.78947368421052,0.921875,0.81578947368421051,False,row2_col2,256,190,0,33
224,584084,7413f29906bbedeb019fea89,224,20,12,164,100,842.125,421.56185567010311,0.640625,0.35567010309278352,False,row1_col1,256,194,0,31
225,205013,ef9e40f88efa54ae539304c5,225,21,6,172,52,833.09375,213.32972972972973,0.671875,0.091891891891891897,False,row0_col2,256,185,0,35
226,532423,e74d21355c7851af07172a36,226,7,30,60,244,340.578125,1039.2648648648649,0.234375,1.1297297297297297,True,padding_center,256,185,0,35
227,272901,12def0a47aa043439d178972,227,5,16,44,132,333.125,543.88297872340422,0.171875,0.52127659574468088,False,row1_col0,256,188,0,34
228,533977,8213a75d6bb493befa13560d,228,25,14,204,116,1005.375,490.625,0.796875,0.4375,False,row1_col2,256,192,0,32
229,485752,8ce9e51dbad44f0e4107d965,229,24,11,196,92,924.890625,388.64921465968587,0.765625,0.31413612565445026,False,row0_col2,256,191,0,32
230,496955,2b2d0a01139cb06591c16929,230,27,9,220,76,1036.578125,321.14814814814815,0.859375,0.2275132275132275,False,row0_col2,256,189,0,33
231,294310,2e3c583d219c937858797cbc,231,6,13,52,108,323.875,439.91666666666663,0.203125,0.39583333333333331,False,row1_col0,256,192,0,32
232,684698,5f992fdd05552118b4d67202,232,26,20,212,164,1044.21875,685.73913043478262,0.828125,0.69565217391304346,False,row2_col2,256,184,0,36
233,473630,1d12ec902c3113b35c317ef8,233,30,16,244,132,1163.71875,553.05263157894728,0.953125,0.52105263157894732,False,row1_col2,256,190,0,33
234,473715,1d12ec902c3113b35c317ef8,234,19,19,156,156,787.65625,655.36842105263156,0.609375,0.64736842105263159,False,row1_col1,256,190,0,33
235,280152,7c82c52bae96e3de9eb55c46,235,24,18,196,148,950.546875,618.52173913043475,0.765625,0.60869565217391308,False,row1_col2,256,184,0,36
236,444739,68156206f643fb334d0eae7f,236,3,10,28,84,203.84375,329.21621621621625,0.109375,0.26486486486486488,False,row0_col0,256,185,0,35
237,508586,f5b4ddaa2084fc1c86822eb6,237,10,21,84,172,507.953125,727.375,0.328125,0.72916666666666663,False,row2_col0,256,192,0,32
238,569699,5676e48fb1caa42ecdd07480,238,3,11,28,92,189.296875,384.86934673366835,0.109375,0.32160804020100503,False,row0_col0,256,199,0,28
239,101880,f7464ed5a8656ac375a0fb2d,239,24,15,196,124,1001.375,524.77595628415293,0.765625,0.48087431693989069,False,row1_col2,256,183,0,36
240,516631,8bb55828650e42ce1359edc9,240,23,16,188,132,942.609375,552.77540106951869,0.734375,0.52406417112299464,False,row1_col2,256,187,0,34
241,246468,eec0fc6ef0bb51e01c77b789,241,4,22,36,180,268.65625,759.45876288659792,0.140625,0.76804123711340211,False,row2_col0,256,194,0,31
242,65080,db58b895d25ece9db831dde2,242,24,17,196,140,937.671875,596.73913043478251,0.765625,0.56521739130434778,False,row1_col2,256,184,0,36
243,582987,9fbe77467132d5c93ee01128,243,11,10,92,84,553.953125,349.57142857142856,0.359375,0.26984126984126983,False,row0_col1,256,189,0,33
244,98480,7193a011383f62c1ab378a8f,244,16,5,132,44,661.828125,175.52307692307693,0.515625,0.07179487179487179,False,row0_col1,256,195,0,30
245,664283,3f0b56e3daead59ea51a5d24,245,27,22,220,180,1087.328125,761.5625,0.859375,0.77083333333333337,False,row2_col2,256,192,0,32
246,461153,439720347b525b459d2cd2a2,246,1,11,12,92,213.375,404.8051282051282,0.046875,0.31794871794871793,False,row0_col0,256,195,0,30
247,536998,a4df32cda65d6caec503e150,247,6,13,52,108,305.625,451.86170212765961,0.203125,0.39361702127659576,False,row1_col0,256,188,0,34
248,473900,1d12ec902c3113b35c317ef8,248,12,25,100,204,548.34375,860,0.390625,0.90000000000000002,False,row2_col1,256,190,0,33
249,16953,f4edc4be6ad1d9afc66e3637,249,25,17,204,140,991.140625,590.91578947368419,0.796875,0.56315789473684208,False,row1_col2,256,190,0,33
250,685654,f1ca105fe73c64e1d617894e,250,22,18,180,148,892.84375,609.17021276595756,0.703125,0.6063829787234043,False,row1_col2,256,188,0,34
251,558702,27299ddb09d845cec194fcb0,251,14,19,116,156,624.71875,656.53968253968253,0.453125,0.65079365079365081,False,row1_col1,256,189,0,33
252,538031,b082c61b6f6397804ebe9514,252,15,13,124,108,664.421875,456.28723404255322,0.484375,0.39361702127659576,False,row1_col1,256,188,0,34
253,226905,97a12b10cd4059a0d96d7b1c,253,25,18,204,148,1015.34375,614.25945945945944,0.796875,0.61081081081081079,False,row1_col2,256,185,0,35
254,426472,d8ff8af48bd325dbbb696129,254,8,15,68,124,430.84375,512.83957219251329,0.265625,0.48128342245989303,False,row1_col0,256,187,0,34
255,596552,068d42fadee7759ebbad25c7,255,8,18,68,148,434.125,625.18848167539272,0.265625,0.60732984293193715,False,row1_col0,256,191,0,32
256,549584,b7cc7826ac85ae8215b61101,256,16,22,132,180,700.125,767.00526315789466,0.515625,0.77368421052631575,False,row2_col1,256,190,0,33
257,452137,36a1385eef8168000ac9d2ff,257,9,17,76,140,418.015625,585.64432989690727,0.296875,0.56185567010309279,False,row1_col0,256,194,0,31
258,463335,f06dd4b0ff466537119cc2af,258,7,15,60,124,358.875,522.88172043010752,0.234375,0.478494623655914,False,row1_col0,256,186,0,35
259,537073,a4df32cda65d6caec503e150,259,17,15,140,124,682.375,520.372340425532,0.546875,0.47872340425531917,False,row1_col1,256,188,0,34
260,551366,51a10a40effe2814ad9fdc08,260,6,14,52,116,295.234375,486.71428571428572,0.203125,0.43915343915343913,False,row1_col0,256,189,0,33
261,560648,c685b4a491f88fc79b166eaa,261,8,16,68,132,449.59375,566.77540106951869,0.265625,0.52406417112299464,False,row1_col0,256,187,0,34
262,600765,e23c7263422caa21794c6b96,262,29,21,236,172,1148.296875,726.71428571428578,0.921875,0.73544973544973546,False,row2_col2,256,189,0,33
263,463050,f06dd4b0ff466537119cc2af,263,10,6,84,52,461.625,214.75268817204301,0.328125,0.091397849462365593,False,row0_col0,256,186,0,35
264,298407,e2d24e5a47106bd7023a7d65,264,7,13,60,108,370.328125,454.19047619047615,0.234375,0.3968253968253968,False,row1_col0,256,189,0,33
265,166229,21a65ebf59d2ba6f5a645963,265,21,10,172,84,829.828125,342.83673469387753,0.671875,0.27551020408163263,False,row0_col2,256,196,0,30
266,721758,aaa015ca6a44f303044cb7bf,266,30,26,244,212,1191.015625,902.77248677248679,0.953125,0.94708994708994709,False,row2_col2,256,189,0,33
267,701052,e9bb5bb030daf0c555014200,267,28,19,228,156,1104.703125,659.44919786096261,0.890625,0.65240641711229952,False,row1_col2,256,187,0,34
268,132743,1aa0d91925dd72251d174919,268,7,20,60,164,357.453125,681.18085106382978,0.234375,0.69148936170212771,False,row2_col0,256,188,0,34
269,99915,27e6733bbab4a1b0477f8b26,269,11,18,92,148,506.828125,625.33333333333337,0.359375,0.60846560846560849,False,row1_col1,256,189,0,33
270,544035,e3ecaf99c788239f18c8a991,270,3,9,28,76,215.984375,315.67015706806285,0.109375,0.23036649214659685,False,row0_col0,256,191,0,32
271,704209,3610a7a8fae8831f175ef8a6,271,17,22,140,180,712.65625,771.04255319148933,0.546875,0.77659574468085102,False,row2_col1,256,188,0,34
272,409059,f1b1a21a9d97d3eb8ef2a36a,272,3,15,28,124,255.84375,513.27225130890054,0.109375,0.48167539267015708,False,row1_col0,256,191,0,32
273,194058,aefb29f0a27380abd8a7072a,273,10,16,84,132,490.59375,558.36649214659678,0.328125,0.52356020942408377,False,row1_col0,256,191,0,32
274,639425,2f3e9ad50350b43cdcf05159,274,1,14,12,116,127.890625,483.66666666666663,0.046875,0.43915343915343913,False,row1_col0,256,189,0,33
275,563956,1882c154e2fd7debcc259ddf,275,20,23,164,188,861.765625,810.37435897435898,0.640625,0.81025641025641026,False,row2_col1,256,195,0,30
276,737520,3b48ef0496b9e19ef057c3dd,276,16,7,132,60,681.21875,240.66129032258064,0.515625,0.13440860215053763,False,row0_col1,256,186,0,35
277,461187,439720347b525b459d2cd2a2,277,3,12,28,100,281.875,439.10256410256409,0.109375,0.35897435897435898,False,row1_col0,256,195,0,30
278,162359,60611d165a78aab7eb01b780,278,23,17,188,140,902.21875,605.53439153439149,0.734375,0.56613756613756616,False,row1_col2,256,189,0,33
279,245083,9950038ac10495ac90e01fd8,279,27,10,220,84,1067.625,343.71578947368425,0.859375,0.26842105263157895,False,row0_col2,256,190,0,33
280,702094,8add5feca183d695007a94e7,280,14,20,116,164,613.15625,693.73913043478262,0.453125,0.69565217391304346,False,row2_col1,256,184,0,36
281,461201,439720347b525b459d2cd2a2,281,17,12,140,100,761.375,439.10256410256409,0.546875,0.35897435897435898,False,row1_col1,256,195,0,30
282,488758,49f213bf9b926dc2b4b2d138,282,22,9,180,76,923.734375,323.063829787234,0.703125,0.22340425531914893,False,row0_col2,256,188,0,34
283,720578,92aabc20a6f4499561293f2f,283,2,22,20,180,215.09375,746.89189189189187,0.078125,0.78378378378378377,False,row2_col0,256,185,0,35
284,380361,d78a35ec684695d072d6b211,284,9,14,76,116,429.34375,474.43315508021391,0.296875,0.43850267379679142,False,row1_col0,256,187,0,34
285,495091,17686a11fc83b9f929d8d85e,285,19,15,156,124,829.875,525.88172043010752,0.609375,0.478494623655914,False,row1_col1,256,186,0,35
286,138319,970a0e63436f260f3c624f80,286,15,2,124,20,668.171875,73.754098360655732,0.484375,-0.087431693989071038,True,padding_center,256,183,0,36
287,326979,829fa0ee35fbd7c1c841a103,287,3,10,28,84,211.53125,336.01612903225805,0.109375,0.26344086021505375,False,row0_col0,256,186,0,35
288,200405,3d9a63ef1fa66bf91e525440,288,21,22,172,180,876.109375,780.40641711229944,0.671875,0.78074866310160429,False,row2_col2,256,187,0,34
289,506372,53e9a502e46a7b9e168d9115,289,4,16,36,132,248.125,565.62765957446811,0.140625,0.52127659574468088,False,row1_col0,256,188,0,34
290,185914,04b10b19c991ff0f07deda16,290,26,17,212,140,1035.90625,596.14438502673806,0.828125,0.5668449197860963,False,row1_col2,256,187,0,34
291,729660,8d10243544cfbd17a41b803a,291,28,17,228,140,1085.46875,588.78378378378375,0.890625,0.56756756756756754,False,row1_col2,256,185,0,35
292,80346,f228eee20ee0df690a4e51b6,292,26,14,212,116,1035.390625,497.18716577540107,0.828125,0.43850267379679142,False,row1_col2,256,187,0,34
293,598584,d38497f6cb09922f8f3dcf04,293,24,17,196,140,1031.890625,590.96858638743458,0.765625,0.56544502617801051,False,row1_col2,256,191,0,32
294,658659,ee0789a261852bef9369707a,294,3,7,28,60,262.96875,249.24324324324326,0.109375,0.13513513513513514,False,row0_col0,256,185,0,35
295,602771,4353ce725c8d749885d3c4b7,295,19,20,156,164,733.875,689.23157894736846,0.609375,0.68947368421052635,False,row2_col1,256,190,0,33
296,488250,cbe7415bc3817302e0c76f2d,296,26,25,212,204,1034.96875,865.40414507772016,0.828125,0.89637305699481862,False,row2_col2,256,193,0,31
297,596335,068d42fadee7759ebbad25c7,297,15,11,124,92,673.875,385.64921465968587,0.484375,0.31413612565445026,False,row0_col1,256,191,0,32
298,353782,f2a63220b9188d0728d33d45,298,22,15,180,124,859.84375,507.93717277486911,0.703125,0.48167539267015708,False,row1_col2,256,191,0,32
299,725544,4e68548ea0608614aa35b760,299,8,17,68,140,378.84375,583.04347826086951,0.265625,0.56521739130434778,False,row1_col0,256,184,0,36
300,67758,a5e44a049f152deb435edd40,300,14,5,116,44,615.875,168.19354838709677,0.453125,0.048387096774193547,False,row0_col1,256,186,0,35
301,685658,f1ca105fe73c64e1d617894e,301,26,18,212,148,1030.59375,609.17021276595756,0.828125,0.6063829787234043,False,row1_col2,256,188,0,34
302,253590,5f54a832376b920cdc467195,302,22,20,180,164,883.46875,704.94680851063833,0.703125,0.69148936170212771,False,row2_col2,256,188,0,34
303,320923,c334dd8d45005b5a85e577b3,303,27,12,220,100,1059.203125,403.74242424242425,0.859375,0.35858585858585856,False,row1_col2,256,198,0,29
304,470373,7b4398b5f7d90eaafd6f9de7,304,5,11,44,92,350.375,384.54838709677421,0.171875,0.30645161290322581,False,row0_col0,256,186,0,35
305,565628,cdff67add7326ebbbabf8a48,305,28,11,228,92,1094.6875,387.92307692307691,0.890625,0.30219780219780218,False,row0_col2,256,182,0,37
306,452146,36a1385eef8168000ac9d2ff,306,18,17,148,140,731.609375,585.64432989690727,0.578125,0.56185567010309279,False,row1_col1,256,194,0,31
307,549650,b7cc7826ac85ae8215b61101,307,18,24,148,196,768.625,835.46842105263158,0.578125,0.85789473684210527,False,row2_col1,256,190,0,33
308,495124,17686a11fc83b9f929d8d85e,308,20,16,164,132,864.125,560.11827956989248,0.640625,0.521505376344086,False,row1_col1,256,186,0,35
309,563513,1882c154e2fd7debcc259ddf,309,25,9,204,76,1033.171875,330.21025641025642,0.796875,0.23589743589743589,False,row0_col2,256,195,0,30
310,499025,fae0767fbbc62b038bf2e8d7,310,17,10,140,84,700.015625,358.17112299465242,0.546875,0.26737967914438504,False,row0_col1,256,187,0,34
311,406833,837b596140a1742b25c45e12,311,17,9,140,76,708.390625,303.07142857142856,0.546875,0.21428571428571427,False,row0_col1,256,182,0,37
312,601671,cbbfcf781cf2e6b2a448637f,312,7,18,60,148,362.28125,615.64583333333326,0.234375,0.60416666666666663,False,row1_col0,256,192,0,32
313,526948,5d258a6d34f1b116ab308ce4,313,4,19,36,156,264.125,641.39361702127655,0.140625,0.64893617021276595,False,row1_col0,256,188,0,34
314,570056,5676e48fb1caa42ecdd07480,314,8,22,68,180,362.578125,766.9396984924623,0.265625,0.76381909547738691,False,row2_col0,256,199,0,28
315,543176,eedf98ccb5a364857973747a,315,8,14,68,116,458.328125,494.64516129032256,0.265625,0.43548387096774194,False,row1_col0,256,186,0,35
316,304795,fa425b55ae4649a7440cdfd7,316,27,20,220,164,1054.03125,684.32085561497331,0.859375,0.69518716577540107,False,row2_col2,256,187,0,34
317,303378,6d1104b9ed5d737c509d9e3c,317,18,8,148,68,760.515625,275.48936170212767,0.578125,0.18085106382978725,False,row0_col1,256,188,0,34
318,476731,29967e147eb9c7a768964adf,318,27,17,220,140,1051.453125,595.57142857142867,0.859375,0.56613756613756616,False,row1_col2,256,189,0,33
319,565880,cdff67add7326ebbbabf8a48,319,24,19,196,156,957.1875,663.61538461538464,0.765625,0.65384615384615385,False,row1_col2,256,182,0,37
320,571011,0b5210b7f75c32ce0315b40b,320,3,20,28,164,257.203125,685.79487179487182,0.109375,0.68717948717948718,False,row2_col0,256,195,0,30
321,403808,83857231f379f6809fc9639f,321,0,11,4,92,164.34375,380.43406593406593,0.015625,0.30219780219780218,False,row0_col0,256,182,0,37
322,119669,7f3d7c6e6a7b6f584a7abbea,322,21,27,172,220,872.40625,934.45360824742261,0.671875,0.97422680412371132,False,row2_col2,256,194,0,31
323,266923,7b748b5aa4e5e5bc0cc83a80,323,11,21,92,172,515.546875,731.5901639344263,0.359375,0.74316939890710387,False,row2_col1,256,183,0,36
324,514832,80f88014c0d14ab592726fe3,324,16,24,132,196,668.671875,840.91443850267376,0.515625,0.86631016042780751,False,row2_col1,256,187,0,34
325,575976,79609d9f8ec519016767e49f,325,8,15,68,124,445.125,517.86315789473679,0.265625,0.47894736842105262,False,row1_col0,256,190,0,33
326,608597,28b53dd19c8f65de13e95cab,326,21,10,172,84,857.375,358.17112299465242,0.671875,0.26737967914438504,False,row0_col2,256,187,0,34
327,469449,621fde1bd00dce28d45409a7,327,9,14,76,116,450.859375,489.82258064516128,0.296875,0.43548387096774194,False,row1_col0,256,186,0,35
328,466403,f811b6561edd9f797ff5e802,328,3,15,28,124,238.203125,517.85106382978734,0.109375,0.47872340425531917,False,row1_col0,256,188,0,34
329,635447,8bf8afec70e5fbe4d7956c1a,329,23,17,188,140,968.5,588.21311475409834,0.734375,0.56830601092896171,False,row1_col2,256,183,0,36
330,225902,2b4b6352c349b3d52ed92754,330,14,19,116,156,625.515625,667.14285714285722,0.453125,0.6428571428571429,False,row1_col1,256,196,0,30
331,282165,802b8776e6e8022705bfa739,331,21,17,172,140,828.140625,577.16326530612241,0.671875,0.56122448979591832,False,row1_col2,256,196,0,30
332,603792,02b8d585b96bf351d6297716,332,16,20,132,164,682.09375,683.21243523316059,0.515625,0.68911917098445596,False,row2_col1,256,193,0,31
333,181744,9dc7738247217dd257b2b574,333,16,15,132,124,656.34375,519.86387434554968,0.515625,0.48167539267015708,False,row1_col1,256,191,0,32
334,458219,efab8b57a05312e6e2d6ff9c,334,11,15,92,124,457.953125,520.29999999999995,0.359375,0.47894736842105262,False,row1_col1,256,190,0,33
335,125478,229f325dcd93d8f5586d69ba,335,6,17,52,140,325.84375,592.91891891891896,0.203125,0.56756756756756754,False,row1_col0,256,185,0,35
336,713483,069b4f28705cc7284f44ae3b,336,11,24,92,196,506.03125,828.97872340425533,0.359375,0.86170212765957444,False,row2_col1,256,188,0,34
337,350681,fb0fc8380eda2b3a475c35eb,337,25,14,204,116,980.15625,471.29787234042556,0.796875,0.43617021276595747,False,row1_col2,256,188,0,34
338,511510,7e205d3f86dfa2c6e030bdfc,338,22,16,180,132,892.515625,554.17801047120417,0.703125,0.52356020942408377,False,row1_col2,256,191,0,32
339,43450,d140f47bc847b703c1b20aec,339,26,13,212,108,1074.390625,438.5347593582888,0.828125,0.39572192513368987,False,row1_col2,256,187,0,34
340,703846,3610a7a8fae8831f175ef8a6,340,6,11,52,92,333.84375,391.89361702127655,0.203125,0.30851063829787234,False,row0_col0,256,188,0,34
341,133689,2f583ef3203d5ac90b59a547,341,25,17,204,140,1029.15625,586.31016042780755,0.796875,0.5668449197860963,False,row1_col2,256,187,0,34
342,460143,220c8ee1c69449f9af0ae7f1,342,15,11,124,92,602.78125,396.4375,0.484375,0.3125,False,row0_col1,256,192,0,32
343,425372,0acf69b3484e7f24b68c1255,343,28,12,228,100,1124.046875,405.08333333333337,0.890625,0.35416666666666669,False,row1_col2,256,192,0,32
344,596220,068d42fadee7759ebbad25c7,344,28,7,228,60,1119.125,248.7696335078534,0.890625,0.14659685863874344,False,row0_col2,256,191,0,32
345,493013,bc5170b2dbd4e825a4bfa3ef,345,21,14,172,116,832.390625,486.375,0.671875,0.4375,False,row1_col2,256,192,0,32
346,121384,acce3e29a49a891a750d40b5,346,8,17,68,140,403.046875,599.53439153439149,0.265625,0.56613756613756616,False,row1_col0,256,189,0,33
347,256402,a5544cf8c3f4495df7d798ea,347,18,12,148,100,756.875,416.08333333333337,0.578125,0.35416666666666669,False,row1_col1,256,192,0,32
348,327064,829fa0ee35fbd7c1c841a103,348,24,12,196,100,934.71875,404.91935483870969,0.765625,0.34946236559139787,False,row1_col2,256,186,0,35
349,534919,e6a42e7bbe1942d90ee3b93f,349,7,12,60,100,356.578125,428.60638297872339,0.234375,0.35106382978723405,False,row1_col0,256,188,0,34
350,574066,2608d95da3b3a020babab4a4,350,18,19,148,156,785.890625,654.82795698924724,0.578125,0.65053763440860213,False,row1_col1,256,186,0,35
351,504296,5ab20c40b2d117b504740ca4,351,8,15,68,124,402.71875,529.4098360655737,0.265625,0.48087431693989069,False,row1_col0,256,183,0,36
352,84420,d97ecfbcd8824d84ea5eae90,352,4,14,36,116,240.5,488.67955801104972,0.140625,0.43646408839779005,False,row1_col0,256,181,0,37
353,512439,91decb18deafedf261951d4d,353,23,13,188,108,887.875,460.97326203208559,0.734375,0.39572192513368987,False,row1_col2,256,187,0,34
354,79113,c45bca2ff1189b57883f62b3,354,9,8,76,68,450.859375,275.11290322580646,0.296875,0.17741935483870969,False,row0_col0,256,186,0,35
355,495142,17686a11fc83b9f929d8d85e,355,6,17,52,140,384.625,594.35483870967744,0.203125,0.56451612903225812,False,row1_col0,256,186,0,35
356,603703,02b8d585b96bf351d6297716,356,23,17,188,140,921.40625,580.49740932642487,0.734375,0.56476683937823835,False,row1_col2,256,193,0,31
357,524763,6393cda3292692bfb1ba6fc7,357,27,14,220,116,1091.15625,482.84210526315792,0.859375,0.43684210526315792,False,row1_col2,256,190,0,33
358,704132,3610a7a8fae8831f175ef8a6,358,4,20,36,164,264.96875,702.10638297872345,0.140625,0.69148936170212771,False,row2_col0,256,188,0,34
359,719294,f92f442ca28c1794b5281ba1,359,30,13,244,108,1182.875,453.44736842105266,0.953125,0.39473684210526316,False,row1_col2,256,190,0,33
360,671916,d692f72fe45c727cb0757d5a,360,12,5,100,44,608.296875,161.02051282051281,0.390625,0.07179487179487179,False,row0_col1,256,195,0,30
361,327318,829fa0ee35fbd7c1c841a103,361,22,20,180,164,865.84375,680.53225806451621,0.703125,0.69354838709677424,False,row2_col2,256,186,0,35
362,411241,4edadd04331e7debbee7dbc0,362,9,19,76,156,420.859375,657.7460317460318,0.296875,0.65079365079365081,False,row1_col0,256,189,0,33
363,564574,0ec02acd088fff4c4bbe590f,363,30,10,244,84,1193.484375,361.17112299465242,0.953125,0.26737967914438504,False,row0_col2,256,187,0,34
364,692990,b03b20f2cfe9c76ed5856a60,364,30,23,244,188,1194.109375,802.02645502645498,0.953125,0.82010582010582012,False,row2_col2,256,189,0,33
365,393785,fc56ae52e06ade318ea4d493,365,25,17,204,140,985.15625,563.17741935483878,0.796875,0.56451612903225812,False,row1_col2,256,186,0,35
366,150924,6aacc3e88c7b1fee9f8c4019,366,12,12,100,100,557.375,416.85340314136124,0.390625,0.35602094240837695,False,row1_col1,256,191,0,32
367,588384,47ecb67f20914fe9324d2108,367,0,19,4,156,134.375,657,0.015625,0.65079365079365081,False,row1_col0,256,189,0,33
368,577036,eebb80b7602a9bc51384c3b3,368,12,16,100,132,544.6875,558.87564766839375,0.390625,0.52331606217616577,False,row1_col1,256,193,0,31
369,506341,53e9a502e46a7b9e168d9115,369,5,15,44,124,282.375,531.372340425532,0.171875,0.47872340425531917,False,row1_col0,256,188,0,34
370,76310,7362ade95f32642a9f44c44a,370,22,16,180,132,926.90625,561.24120603015081,0.703125,0.52261306532663321,False,row1_col2,256,199,0,28
371,583276,9fbe77467132d5c93ee01128,371,12,19,100,156,588.296875,658.14285714285711,0.390625,0.65079365079365081,False,row1_col1,256,189,0,33
372,523923,df913345c4c2be5eeed41459,372,19,20,156,164,806.796875,701.10362694300522,0.609375,0.68911917098445596,False,row2_col1,256,193,0,31
373,729669,8d10243544cfbd17a41b803a,373,5,18,44,148,293.40625,623.20540540540537,0.171875,0.61081081081081079,False,row1_col0,256,185,0,35
374,477625,4232070a33fbc4fa24180e8d,374,25,13,204,108,977.15625,455.53886010362692,0.796875,0.39896373056994816,False,row1_col2,256,193,0,31
375,350674,fb0fc8380eda2b3a475c35eb,375,18,14,148,116,739.09375,471.29787234042556,0.578125,0.43617021276595747,False,row1_col1,256,188,0,34
376,625813,6e40a5c5b295ccc3dce76395,376,21,4,172,36,863.09375,140,0.671875,0,False,row0_col2,256,184,0,36
377,546479,e47bf05116ca1e4921049cf3,377,15,21,124,172,671.171875,732.89054726368158,0.484375,0.72139303482587069,False,row2_col1,256,201,0,27
378,506378,53e9a502e46a7b9e168d9115,378,10,16,84,132,453.625,565.62765957446811,0.328125,0.52127659574468088,False,row1_col0,256,188,0,34
379,725577,4e68548ea0608614aa35b760,379,9,18,76,148,413.53125,617.73913043478262,0.296875,0.60869565217391308,False,row1_col0,256,184,0,36
380,460203,220c8ee1c69449f9af0ae7f1,380,11,13,92,108,465.03125,465.35416666666663,0.359375,0.39583333333333331,False,row1_col1,256,192,0,32
381,641642,a96e8fbb128dc3f4ea56a755,381,10,19,84,156,449.59375,657.7460317460318,0.328125,0.65079365079365081,False,row1_col0,256,189,0,33
382,469468,621fde1bd00dce28d45409a7,382,28,14,228,116,1104.578125,489.82258064516128,0.890625,0.43548387096774194,False,row1_col2,256,186,0,35
383,672232,d692f72fe45c727cb0757d5a,383,8,15,68,124,470.921875,503.99487179487181,0.265625,0.48205128205128206,False,row1_col0,256,195,0,30
384,59066,7381cb78aaec6db422f04d3f,384,26,21,212,172,1036.109375,718.70000000000005,0.828125,0.73157894736842111,False,row2_col2,256,190,0,33
385,32429,d81b3f05cb672cfc776b9aa0,385,13,21,108,172,584.859375,725.3478260869565,0.421875,0.73913043478260865,False,row2_col1,256,184,0,36
386,526852,5d258a6d34f1b116ab308ce4,386,4,16,36,132,264.125,538.62765957446811,0.140625,0.52127659574468088,False,row1_col0,256,188,0,34
387,476632,29967e147eb9c7a768964adf,387,24,14,196,116,948.421875,492.71428571428572,0.765625,0.43915343915343913,False,row1_col2,256,189,0,33
388,512636,91decb18deafedf261951d4d,388,28,19,228,156,1059.125,666.57754010695191,0.890625,0.65240641711229952,False,row1_col2,256,187,0,34
389,575203,677cd183b987906faf2e530c,389,3,23,28,188,260.078125,803.4486486486486,0.109375,0.82702702702702702,False,row2_col0,256,185,0,35
390,482136,0493c50e4f0350b831275383,390,24,26,196,212,994.078125,902.56000000000006,0.765625,0.92000000000000004,False,row2_col2,256,200,0,28
391,520750,faf3e3da73ae229e7fc9da66,391,14,17,116,140,615.078125,598.04278074866306,0.453125,0.5668449197860963,False,row1_col1,256,187,0,34
392,124374,49300051975ddaf699eca8d9,392,22,14,180,116,881.84375,500.39459459459459,0.703125,0.43783783783783786,False,row1_col2,256,185,0,35
393,192826,6a57e03e1905b5c4210bc584,393,26,9,212,76,1041.734375,299.92513368983958,0.828125,0.22459893048128343,False,row0_col2,256,187,0,34
394,546109,e47bf05116ca1e4921049cf3,394,29,9,236,76,1156.359375,317.84577114427861,0.921875,0.24378109452736318,False,row0_col2,256,201,0,27
395,585360,c977bea10bf03c99460cec13,395,16,20,132,164,671.1875,692.30000000000007,0.515625,0.68947368421052635,False,row2_col1,256,190,0,33
396,512222,91decb18deafedf261951d4d,396,30,6,244,52,1127.625,221.10160427807486,0.953125,0.096256684491978606,False,row0_col2,256,187,0,34
397,594520,d8e33de8429b55ebb8877642,397,24,18,196,148,915.421875,620.74468085106389,0.765625,0.6063829787234043,False,row1_col2,256,188,0,34
398,633545,129602615670ca169c5d2adf,398,9,22,76,180,400.234375,765.55376344086017,0.296875,0.77956989247311825,False,row2_col0,256,186,0,35
399,481488,0493c50e4f0350b831275383,399,16,6,132,52,716.828125,208.16,0.515625,0.12,False,row0_col1,256,200,0,28
400,84675,d97ecfbcd8824d84ea5eae90,400,3,22,28,180,205.5,768.72375690607737,0.109375,0.79005524861878451,False,row2_col0,256,181,0,37
401,598423,d38497f6cb09922f8f3dcf04,401,23,12,188,100,997.609375,419.86910994764395,0.734375,0.35602094240837695,False,row1_col2,256,191,0,32
402,182882,baa55f7c3696feb74db32bba,402,2,19,20,156,209.40625,654.19473684210527,0.078125,0.64736842105263159,False,row1_col0,256,190,0,33
403,606711,07487879b83ab8bf265d8c1f,403,23,15,188,124,966.078125,538.99487179487187,0.734375,0.48205128205128206,False,row1_col2,256,195,0,30
404,181772,9dc7738247217dd257b2b574,404,12,16,100,132,517.59375,554.46073298429314,0.390625,0.52356020942408377,False,row1_col1,256,191,0,32
405,648746,0a002938726018c2f380fd7f,405,10,17,84,140,455.265625,583.78378378378375,0.328125,0.56756756756756754,False,row1_col0,256,185,0,35
406,391832,1fae9ba9c99bf430c1e582d7,406,24,20,196,164,950.546875,695.28042328042329,0.765625,0.69312169312169314,False,row2_col2,256,189,0,33
407,551325,51a10a40effe2814ad9fdc08,407,29,12,236,100,1085.140625,418.14285714285711,0.921875,0.35449735449735448,False,row1_col2,256,189,0,33
408,193177,6a57e03e1905b5c4210bc584,408,25,20,204,164,1007.140625,681.10160427807489,0.796875,0.69518716577540107,False,row2_col2,256,187,0,34
409,218643,8ac236c9482943a0fd765323,409,19,16,156,132,778.625,568.88297872340422,0.609375,0.52127659574468088,False,row1_col1,256,188,0,34
410,464390,7a0f74886ddf2564aac2dcae,410,6,16,52,132,318.828125,563.77540106951869,0.203125,0.52406417112299464,False,row1_col0,256,187,0,34
411,572827,8430cec5bf6a0ee7d4c4b34e,411,27,12,220,100,1096.296875,408.63157894736838,0.859375,0.35263157894736841,False,row1_col2,256,190,0,33
412,292343,81f7959be88c5f860c5fc715,412,23,15,188,124,910.953125,498.37037037037032,0.734375,0.48148148148148145,False,row1_col2,256,189,0,33
413,285306,02942ca02fdcb799d7cb7726,413,26,19,212,156,1021.875,641.71428571428578,0.828125,0.6428571428571429,False,row1_col2,256,196,0,30
414,575758,79609d9f8ec519016767e49f,414,14,8,116,68,650.625,277.9473684210526,0.453125,0.18421052631578946,False,row0_col1,256,190,0,33
415,629405,a4a1ff5a510d9f0f6ff44d92,415,29,20,236,164,1181.515625,690.28042328042329,0.921875,0.69312169312169314,False,row2_col2,256,189,0,33
416,243955,2d869e49280e98d4f624cdc6,416,19,7,156,60,765.5,256.95939086294413,0.609375,0.15736040609137056,False,row0_col1,256,197,0,29
417,104932,5016a1680615b7fc52e8b7da,417,4,15,36,124,267.953125,515.18817204301081,0.140625,0.478494623655914,False,row1_col0,256,186,0,35
418,56785,40471d6b4d3d450e63bc3466,418,17,14,140,116,707.765625,474.75,0.546875,0.4375,False,row1_col1,256,192,0,32
419,554520,edb01c151c563bb82cc5df9d,419,24,16,196,132,958.59375,557.62765957446811,0.765625,0.52127659574468088,False,row1_col2,256,188,0,34
420,101910,f7464ed5a8656ac375a0fb2d,420,22,16,180,132,931.875,559.57377049180332,0.703125,0.52459016393442626,False,row1_col2,256,183,0,36
421,92586,cee542fc544d914ecb84340b,421,10,13,84,108,464.890625,447.67015706806279,0.328125,0.39790575916230364,False,row1_col0,256,191,0,32
422,433751,31e8cac167e6b2b2b11352b3,422,23,18,188,148,924.28125,616.22513089005236,0.734375,0.60732984293193715,False,row1_col2,256,191,0,32
423,99944,27e6733bbab4a1b0477f8b26,423,8,19,68,156,403.046875,660,0.265625,0.65079365079365081,False,row1_col0,256,189,0,33
424,76322,7362ade95f32642a9f44c44a,424,2,17,20,140,225.65625,596.3366834170854,0.078125,0.56281407035175879,False,row1_col0,256,199,0,28
425,304515,fa425b55ae4649a7440cdfd7,425,3,12,28,100,227.53125,408.47058823529414,0.109375,0.35294117647058826,False,row1_col0,256,187,0,34
426,101812,f7464ed5a8656ac375a0fb2d,426,20,13,164,108,862.375,455.18032786885243,0.640625,0.39344262295081966,False,row1_col1,256,183,0,36
427,562736,feae8edd69230ba2d038a705,427,16,17,132,140,711.125,590.96858638743458,0.515625,0.56544502617801051,False,row1_col1,256,191,0,32
428,348911,aeb6f3350dd903eec76c1d2f,428,15,23,124,188,646.171875,785.6098901098901,0.484375,0.82967032967032972,False,row2_col1,256,182,0,37
429,584279,7413f29906bbedeb019fea89,429,23,18,188,148,944.875,627.17010309278339,0.734375,0.60309278350515461,False,row1_col2,256,194,0,31
430,605967,37007bcf2d5f43196d17bd6c,430,15,24,124,196,647.8125,837.531914893617,0.484375,0.86170212765957444,False,row2_col1,256,188,0,34
431,490901,f93c3ed6d29f639d27608bfa,431,21,12,172,100,834.390625,424.07142857142856,0.671875,0.35714285714285715,False,row1_col2,256,196,0,30
432,492164,af227d5d2da548642af3d8e8,432,4,20,36,164,209.953125,695.84816753926702,0.140625,0.69109947643979053,False,row2_col0,256,191,0,32
433,120429,630be0f098a5ec263bec1d35,433,13,19,108,156,595.015625,652.80310880829018,0.421875,0.64766839378238339,False,row1_col1,256,193,0,31
434,241242,a295a8c6aa450d3d4f552f13,434,26,18,212,148,1081.359375,620.15873015873012,0.828125,0.60846560846560849,False,row1_col2,256,189,0,33
435,587646,37faa40414dba1a334ec7ebb,435,30,27,244,220,1179.625,936.72043010752691,0.953125,0.9946236559139785,False,row2_col2,256,186,0,35
436,574208,2608d95da3b3a020babab4a4,436,0,24,4,196,171.078125,826.01075268817203,0.015625,0.86559139784946237,False,row2_col0,256,186,0,35
437,68239,a5e44a049f152deb435edd40,437,15,20,124,164,650.625,690.77419354838719,0.484375,0.69354838709677424,False,row2_col1,256,186,0,35
438,302751,e98f1317607860c501b2cee1,438,31,20,252,164,1244.71875,688.67894736842106,0.984375,0.68947368421052635,False,row2_col2,256,190,0,33
439,238103,6e2433682189e3d2ce556573,439,23,16,188,132,970.953125,558.49197860962568,0.734375,0.52406417112299464,False,row1_col2,256,187,0,34
440,523765,df913345c4c2be5eeed41459,440,21,15,172,124,876.109375,527.83937823834196,0.671875,0.48186528497409326,False,row1_col2,256,193,0,31
441,486873,9ac9ebb9578650063235ec30,441,25,14,204,116,969.765625,492.50785340314138,0.796875,0.43979057591623039,False,row1_col2,256,191,0,32
442,714492,1e20d9fe7440f3007d646560,442,28,23,228,188,1110.46875,797.51063829787233,0.890625,0.81914893617021278,False,row2_col2,256,188,0,34
443,10787,ca1191675acfe9ec5285967b,443,3,17,28,140,208.53125,600.09999999999991,0.109375,0.56315789473684208,False,row1_col0,256,190,0,33
444,292452,81f7959be88c5f860c5fc715,444,4,19,36,156,253.671875,636.69841269841277,0.140625,0.65079365079365081,False,row1_col0,256,189,0,33
445,246158,eec0fc6ef0bb51e01c77b789,445,14,12,116,100,616.78125,411.82989690721649,0.453125,0.35567010309278352,False,row1_col1,256,194,0,31
446,592292,fe666fef2b8871f5528589d3,446,4,13,36,108,337.84375,470.54404145077717,0.140625,0.39896373056994816,False,row1_col0,256,193,0,31
447,320865,c334dd8d45005b5a85e577b3,447,1,11,12,92,153.265625,368.95454545454544,0.046875,0.31818181818181818,False,row0_col0,256,198,0,29
448,546340,e47bf05116ca1e4921049cf3,448,4,17,36,140,289.953125,594.54228855721385,0.140625,0.56218905472636815,False,row1_col0,256,201,0,27
449,534800,e6a42e7bbe1942d90ee3b93f,449,16,8,132,68,665.671875,291.58510638297872,0.515625,0.18085106382978725,False,row0_col1,256,188,0,34
450,206406,7c3fa4f3ec7844bba589fc1b,450,6,18,52,148,341.84375,617.17021276595756,0.203125,0.6063829787234043,False,row1_col0,256,188,0,34
451,537149,a4df32cda65d6caec503e150,451,29,17,236,140,1093.375,588.88297872340422,0.921875,0.56382978723404253,False,row1_col2,256,188,0,34
452,557448,d81cb231e10288659e7909e8,452,8,12,68,100,441.59375,425.3056994818653,0.265625,0.35751295336787564,False,row1_col0,256,193,0,31
453,156943,63f23e2fc4a87e66536e23d3,453,15,8,124,68,669.625,276.19125683060111,0.484375,0.17486338797814208,False,row0_col1,256,183,0,36
454,709195,7731cbaac561ffb2001abafb,454,11,18,92,148,514.703125,611.08333333333326,0.359375,0.60416666666666663,False,row1_col1,256,192,0,32
455,476570,29967e147eb9c7a768964adf,455,26,12,212,100,1017.109375,424.14285714285711,0.828125,0.35449735449735448,False,row1_col2,256,189,0,33
456,140937,83ce9a3b86c3675c94925a4e,456,9,20,76,164,463.234375,693.30645161290329,0.296875,0.69354838709677424,False,row2_col0,256,186,0,35
457,162285,60611d165a78aab7eb01b780,457,13,15,108,124,556.59375,536.37037037037032,0.421875,0.48148148148148145,False,row1_col1,256,189,0,33
458,716197,3c6223fad65553c89976049b,458,5,13,44,108,293.265625,456.1347150259067,0.171875,0.39896373056994816,False,row1_col0,256,193,0,31
459,550189,25243d794ab291df05447bc6,459,13,9,108,76,579.0625,315.28571428571428,0.421875,0.2275132275132275,False,row0_col1,256,189,0,33
460,234972,4f2e92e1b80cd39c3cba6440,460,28,14,228,116,1072.46875,479.29787234042556,0.890625,0.43617021276595747,False,row1_col2,256,188,0,34
461,490935,f93c3ed6d29f639d27608bfa,461,23,13,188,108,903.078125,458.4795918367347,0.734375,0.39795918367346939,False,row1_col2,256,196,0,30
462,519781,f90b9ab0071176524a75e54f,462,5,19,44,156,282.375,667.40837696335075,0.171875,0.64921465968586389,False,row1_col0,256,191,0,32
463,193108,6a57e03e1905b5c4210bc584,463,20,18,164,148,834.171875,611.79679144385022,0.640625,0.60962566844919786,False,row1_col1,256,187,0,34
464,596536,068d42fadee7759ebbad25c7,464,24,17,196,140,982.125,590.96858638743458,0.765625,0.56544502617801051,False,row1_col2,256,191,0,32
465,670263,9cb4460b3d110d026116cef5,465,23,17,188,140,953.421875,582.62162162162167,0.734375,0.56756756756756754,False,row1_col2,256,185,0,35
466,577065,eebb80b7602a9bc51384c3b3,466,9,17,76,140,441.5625,593.32124352331607,0.296875,0.56476683937823835,False,row1_col0,256,193,0,31
467,613185,9eb7c57cc60b7fe25deb2951,467,1,26,12,212,133.984375,903.304347826087,0.046875,0.95652173913043481,False,row2_col0,256,184,0,36
468,395927,a737d81a01b3a431788a0073,468,23,20,188,164,896.421875,687.73913043478262,0.734375,0.69565217391304346,False,row2_col2,256,184,0,36
469,572781,8430cec5bf6a0ee7d4c4b34e,469,13,11,108,92,618.109375,374.5263157894737,0.421875,0.31052631578947371,False,row0_col1,256,190,0,33
470,638188,d51f5564f4e76c5f59463abb,470,12,7,100,60,562.375,233.77083333333334,0.390625,0.14583333333333334,False,row0_col1,256,192,0,32
471,523639,df913345c4c2be5eeed41459,471,23,11,188,92,945.421875,389.22797927461141,0.734375,0.31606217616580312,False,row0_col2,256,193,0,31
472,159174,ee66320bf7eb01a991a1e561,472,6,14,52,116,370.875,481.74193548387098,0.203125,0.43548387096774194,False,row1_col0,256,186,0,35
473,476581,29967e147eb9c7a768964adf,473,5,13,44,108,295.890625,458.42857142857139,0.171875,0.3968253968253968,False,row1_col0,256,189,0,33
474,209106,c7d7069e6440bce13d75f421,474,18,6,148,52,739.140625,208.49214659685862,0.578125,0.10471204188481675,False,row0_col1,256,191,0,32
475,87591,e1c9abec502219412e89243a,475,7,17,60,140,362.453125,581.25824175824175,0.234375,0.56593406593406592,False,row1_col0,256,182,0,37
476,606467,07487879b83ab8bf265d8c1f,476,3,8,28,68,279.203125,298.91282051282053,0.109375,0.19487179487179487,False,row0_col0,256,195,0,30
477,459107,c3cb302619dac53bc3e9a2b8,477,3,11,28,92,218.65625,394.35106382978722,0.109375,0.30851063829787234,False,row0_col0,256,188,0,34
478,533930,8213a75d6bb493befa13560d,478,10,13,84,108,491.625,456.375,0.328125,0.39583333333333331,False,row1_col0,256,192,0,32
479,522713,84260c9ea667e4b1cdc99d6e,479,25,14,204,116,989.171875,486.11702127659578,0.796875,0.43617021276595747,False,row1_col2,256,188,0,34
480,92854,cee542fc544d914ecb84340b,480,22,21,180,172,880.765625,724.44502617801049,0.703125,0.73298429319371727,False,row2_col2,256,191,0,32
481,350737,fb0fc8380eda2b3a475c35eb,481,17,16,140,132,704.65625,540.23404255319156,0.546875,0.52127659574468088,False,row1_col1,256,188,0,34
482,465628,f4ac4da33960d6b1e1780732,482,28,22,228,180,1040.34375,762.06806282722516,0.890625,0.77486910994764402,False,row2_col2,256,191,0,32
483,633654,129602615670ca169c5d2adf,483,22,25,180,204,850.765625,869.42473118279565,0.703125,0.90860215053763438,False,row2_col2,256,186,0,35
484,117284,7c41685bf488a58de2fe104b,484,4,17,36,140,258.671875,593.91578947368419,0.140625,0.56315789473684208,False,row1_col0,256,190,0,33
485,523767,df913345c4c2be5eeed41459,485,23,15,188,124,945.421875,527.83937823834196,0.734375,0.48186528497409326,False,row1_col2,256,193,0,31
486,607726,63727db752b5ff12377d012c,486,14,15,116,124,636.515625,522.1875,0.453125,0.47916666666666669,False,row1_col1,256,192,0,32
487,43557,d140f47bc847b703c1b20aec,487,5,17,44,140,346.609375,577.14438502673806,0.171875,0.5668449197860963,False,row1_col0,256,187,0,34
488,217465,f393274be3847e33f5ac073b,488,25,11,204,92,963.34375,377.87027027027028,0.796875,0.30810810810810813,False,row0_col2,256,185,0,35
489,495027,17686a11fc83b9f929d8d85e,489,19,13,156,108,829.875,457.4086021505376,0.609375,0.39247311827956988,False,row1_col1,256,186,0,35
490,542514,736df5902e9879b38b3b9634,490,18,25,148,204,737.359375,864.30000000000007,0.578125,0.90000000000000002,False,row2_col1,256,190,0,33
491,380322,d78a35ec684695d072d6b211,491,2,13,20,108,187.40625,439.95187165775405,0.078125,0.39572192513368987,False,row1_col0,256,187,0,34
492,465717,f4ac4da33960d6b1e1780732,492,21,25,172,204,801.03125,864.72774869109946,0.671875,0.90052356020942403,False,row2_col2,256,191,0,32
493,245106,9950038ac10495ac90e01fd8,493,18,11,148,92,754.875,378.49473684210528,0.578125,0.31052631578947371,False,row0_col1,256,190,0,33
494,599498,7e43c32828df193edc42ddff,494,10,14,84,116,511.609375,491.55319148936172,0.328125,0.43617021276595747,False,row1_col0,256,188,0,34
495,113253,df25d625c991e5e7eb0f6dc4,495,5,19,44,156,300.125,655.39130434782612,0.171875,0.65217391304347827,False,row1_col0,256,184,0,36
496,511324,7e205d3f86dfa2c6e030bdfc,496,28,10,228,84,1097.453125,349.61256544502618,0.890625,0.27225130890052357,False,row0_col2,256,191,0,32
497,235137,4f2e92e1b80cd39c3cba6440,497,1,20,12,164,142.65625,686.10638297872345,0.046875,0.69148936170212771,False,row2_col0,256,188,0,34
498,555853,442850a2087d62c7e9453fcd,498,13,26,108,212,602.375,894.48387096774195,0.421875,0.95161290322580649,False,row2_col1,256,186,0,35
499,534090,8213a75d6bb493befa13560d,499,10,18,84,148,491.625,627.625,0.328125,0.60416666666666663,False,row1_col0,256,192,0,32
500,591483,583fd37185c66e5b35d4ad0d,500,27,19,220,156,1060.3125,655.03553299492387,0.859375,0.64467005076142136,False,row1_col2,256,197,0,29
501,497001,2b2d0a01139cb06591c16929,501,9,11,76,92,422.890625,389.2962962962963,0.296875,0.31216931216931215,False,row0_col0,256,189,0,33
502,206360,7c3fa4f3ec7844bba589fc1b,502,24,16,196,132,961.71875,548.23404255319156,0.765625,0.52127659574468088,False,row1_col2,256,188,0,34
503,572077,9183cf46ec95f7416fc2cadd,503,13,21,108,172,568.53125,718.57894736842104,0.421875,0.73157894736842111,False,row2_col1,256,190,0,33
504,186024,04b10b19c991ff0f07deda16,504,8,21,68,172,413.78125,734.75401069518716,0.265625,0.73796791443850263,False,row2_col0,256,187,0,34
505,506281,53e9a502e46a7b9e168d9115,505,9,13,76,108,419.375,462.86170212765961,0.296875,0.39361702127659576,False,row1_col0,256,188,0,34
506,320330,105a0d805d335f73991581b8,506,10,26,84,212,510.234375,897.42931937172773,0.328125,0.94240837696335078,False,row2_col0,256,191,0,32
507,250556,537b9f873acf48eb2022de16,507,28,21,228,172,1099.46875,710.70000000000005,0.890625,0.73157894736842111,False,row2_col2,256,190,0,33
508,256333,a5544cf8c3f4495df7d798ea,508,13,10,108,84,583.125,346.41666666666663,0.421875,0.27083333333333331,False,row0_col1,256,192,0,32
509,251196,2fb5196803f6c730af314161,509,28,9,228,76,1118.46875,321.89999999999998,0.890625,0.22631578947368422,False,row0_col2,256,190,0,33
510,257596,f8040df5a0c034645db9d18b,510,28,17,228,140,1115.578125,594.31016042780755,0.890625,0.5668449197860963,False,row1_col2,256,187,0,34
511,521970,eb0351acb0beefb86ab98462,511,18,23,148,188,741.203125,794.41489361702133,0.578125,0.81914893617021278,False,row2_col1,256,188,0,34
512,146949,6d36a77190afe991bdd3beaf,512,5,16,44,132,299.609375,541.33333333333326,0.171875,0.521505376344086,False,row1_col0,256,186,0,35
513,357832,bacd8d5cf67fb7f5bb3c16e1,513,8,14,68,116,413.78125,474.43315508021391,0.265625,0.43850267379679142,False,row1_col0,256,187,0,34
514,657946,c530cb0c0e739b7c0af0415d,514,26,16,212,132,994.765625,553.23404255319156,0.828125,0.52127659574468088,False,row1_col2,256,188,0,34
515,354956,8deef7cbf795dc5034389593,515,12,20,100,164,501.296875,695.42857142857144,0.390625,0.69312169312169314,False,row2_col1,256,189,0,33
516,598521,d38497f6cb09922f8f3dcf04,516,25,15,204,124,1066.171875,522.52879581151831,0.796875,0.48167539267015708,False,row1_col2,256,191,0,32
517,289288,d03b423ac174ea78bf4a6637,517,8,16,68,132,408.84375,546.4922279792745,0.265625,0.52331606217616577,False,row1_col0,256,193,0,31
518,46672,08ad318603104514ade6d68b,518,16,18,132,148,705.828125,631.0625,0.515625,0.60416666666666663,False,row1_col1,256,192,0,32
519,222643,327de82fac55468d2d3a7dd7,519,19,13,156,108,803.796875,441.7967032967033,0.609375,0.39010989010989011,False,row1_col1,256,182,0,37
520,433429,31e8cac167e6b2b2b11352b3,520,21,8,172,68,855.40625,271.93193717277484,0.671875,0.18848167539267016,False,row0_col2,256,191,0,32
521,490206,113ae33369eea4ce7f0b6955,521,30,22,244,180,1143.484375,767,0.953125,0.77777777777777779,False,row2_col2,256,189,0,33
522,521784,eb0351acb0beefb86ab98462,522,24,17,196,140,946.890625,588.88297872340422,0.765625,0.56382978723404253,False,row1_col2,256,188,0,34
523,571894,9183cf46ec95f7416fc2cadd,523,22,15,180,124,876.21875,513.9473684210526,0.703125,0.47894736842105262,False,row1_col2,256,190,0,33
524,365033,462b47fa3de976e72a9b5115,524,9,15,76,124,471.234375,501.83957219251334,0.296875,0.48128342245989303,False,row1_col0,256,187,0,34
525,107112,64082b571f8f93ab5240a042,525,8,19,68,156,411.046875,653.93513513513517,0.265625,0.65405405405405403,False,row1_col0,256,185,0,35
526,474682,5b0c8102bd3a2a571e7c2c76,526,26,17,212,140,1064.625,597.44680851063822,0.828125,0.56382978723404253,False,row1_col2,256,188,0,34
527,174613,88c4bf09a5d57231f89b045c,527,21,16,172,132,857.765625,539.49197860962568,0.671875,0.52406417112299464,False,row1_col2,256,187,0,34
528,528668,7ed463394b5acb61e1574507,528,28,8,228,68,1062.015625,285.125,0.890625,0.1875,False,row0_col2,256,192,0,32
529,237070,38e660db89e34c52bdd410d7,529,14,16,116,132,629.609375,553.8125,0.453125,0.52083333333333337,False,row1_col1,256,192,0,32
530,368989,84660a36fd2a77d5af219fa3,530,29,10,236,84,1164.359375,347.57754010695191,0.921875,0.26737967914438504,False,row0_col2,256,187,0,34
531,19977,50686f2742e029d8a5849b18,531,9,16,76,132,440.15625,549.20833333333337,0.296875,0.52083333333333337,False,row1_col0,256,192,0,32
532,738505,46a12f7a348173b31e79d614,532,9,6,76,52,451.34375,198.21739130434781,0.296875,0.086956521739130432,False,row0_col0,256,184,0,36
533,261734,c1ff20ff899dc91318e1d07f,533,6,19,52,156,364.265625,657,0.203125,0.65079365079365081,False,row1_col0,256,189,0,33
534,382640,1da49d03909cfa1ff4462960,534,16,21,132,172,659.21875,714.51308900523554,0.515625,0.73298429319371727,False,row2_col1,256,191,0,32
535,339571,e011d89cc836ba1aa1bc02a9,535,19,19,156,156,781.234375,655.39130434782612,0.609375,0.65217391304347827,False,row1_col1,256,184,0,36
536,6826,b6eaf5e811a0be7062ed1bb3,536,10,21,84,172,445.890625,724.75647668393788,0.328125,0.73056994818652854,False,row2_col0,256,193,0,31
537,32366,d81b3f05cb672cfc776b9aa0,537,14,19,116,156,619.515625,656.13043478260875,0.453125,0.65217391304347827,False,row1_col1,256,184,0,36
538,676358,36bbd488b40fa9d32e6c7611,538,6,16,52,132,358.65625,562.39572192513367,0.203125,0.52406417112299464,False,row1_col0,256,187,0,34
539,547306,57d3f410b6fcba2a57bda29d,539,10,15,84,124,496.90625,527.2578947368421,0.328125,0.47894736842105262,False,row1_col0,256,190,0,33
540,572821,8430cec5bf6a0ee7d4c4b34e,540,21,12,172,100,891.359375,408.63157894736838,0.671875,0.35263157894736841,False,row1_col2,256,190,0,33
541,504167,5ab20c40b2d117b504740ca4,541,7,11,60,92,368.28125,391.44262295081967,0.234375,0.30601092896174864,False,row0_col0,256,183,0,36
542,435828,f5b415202f9796d16305892d,542,20,19,164,156,836.046875,648.56521739130437,0.640625,0.65217391304347827,False,row1_col1,256,184,0,36
543,98416,7193a011383f62c1ab378a8f,543,16,3,132,28,661.828125,106.35384615384615,0.515625,-0.010256410256410256,True,padding_center,256,195,0,30
544,492980,bc5170b2dbd4e825a4bfa3ef,544,20,13,164,108,798.046875,451.95833333333331,0.640625,0.39583333333333331,False,row1_col1,256,192,0,32
545,739898,b612bc23f04a82e4e9573610,545,26,17,212,140,963.875,598.66666666666674,0.828125,0.56613756613756616,False,row1_col2,256,189,0,33
546,464242,7a0f74886ddf2564aac2dcae,546,18,11,148,92,730.203125,392.43850267379685,0.578125,0.31016042780748665,False,row0_col1,256,187,0,34
547,638365,d51f5564f4e76c5f59463abb,547,29,12,236,100,1153.125,407.72916666666669,0.921875,0.35416666666666669,False,row1_col2,256,192,0,32
548,178810,dd4ad461de197a243a121525,548,26,19,212,156,1046.765625,645.65445026178008,0.828125,0.64921465968586389,False,row1_col2,256,191,0,32
549,602836,4353ce725c8d749885d3c4b7,549,20,22,164,180,768.125,757.77894736842097,0.640625,0.77368421052631575,False,row2_col1,256,190,0,33
550,282978,f882a0ca74adfbbded05504a,550,2,11,20,92,201.109375,382.22580645161293,0.078125,0.30645161290322581,False,row0_col0,256,186,0,35
551,659228,ee0789a261852bef9369707a,551,28,24,228,196,1127.03125,838.08648648648648,0.890625,0.87027027027027026,False,row2_col2,256,185,0,35
552,322867,18b34aa0fc8c8af8138154fe,552,19,9,156,76,796.96875,313.04347826086956,0.609375,0.21739130434782608,False,row0_col1,256,184,0,36
553,596454,068d42fadee7759ebbad25c7,553,6,15,52,124,365.625,522.52879581151831,0.203125,0.48167539267015708,False,row1_col0,256,191,0,32
554,181755,9dc7738247217dd257b2b574,554,27,15,220,124,1037.90625,519.86387434554968,0.859375,0.48167539267015708,False,row1_col2,256,191,0,32
555,276807,8d1384cdea9081ff9ee66728,555,7,10,60,84,379.21875,345.57754010695191,0.234375,0.26737967914438504,False,row0_col0,256,187,0,34
556,569606,5676e48fb1caa42ecdd07480,556,6,8,52,68,293.265625,280.6683417085427,0.203125,0.20100502512562815,False,row0_col0,256,199,0,28
557,332325,4a2e77ff95f9a40d8e136e34,557,5,17,44,140,330.125,592.37158469945348,0.171875,0.56830601092896171,False,row1_col0,256,183,0,36
558,592356,fe666fef2b8871f5528589d3,558,4,15,36,124,337.84375,539.02072538860102,0.140625,0.48186528497409326,False,row1_col0,256,193,0,31
559,569830,5676e48fb1caa42ecdd07480,559,6,15,52,124,293.265625,523.8040201005025,0.203125,0.48241206030150752,False,row1_col0,256,199,0,28
560,610462,7d13fb8e53e7ca10995faafd,560,30,4,244,36,1157.625,146.27956989247312,0.953125,0.0053763440860215058,False,row0_col2,256,186,0,35
561,544411,e3ecaf99c788239f18c8a991,561,27,20,220,164,1038.734375,693.01047120418843,0.859375,0.69109947643979053,False,row2_col2,256,191,0,32
562,544099,e3ecaf99c788239f18c8a991,562,3,11,28,92,215.984375,384.27748691099475,0.109375,0.31413612565445026,False,row0_col0,256,191,0,32
563,424361,bcf903efa792910c09f1c106,563,9,13,76,108,428.125,416.7967032967033,0.296875,0.39010989010989011,False,row1_col0,256,182,0,37
564,701338,e9bb5bb030daf0c555014200,564,26,28,212,228,1035.390625,971.3208556149732,0.828125,1.0374331550802138,True,padding_center,256,187,0,34
565,500251,94b7f239fa8a30f58007d290,565,27,16,220,132,1036.15625,567.74869109947645,0.859375,0.52356020942408377,False,row1_col2,256,191,0,32
566,69241,25b175f8a0414b88adf3bbf2,566,25,19,204,156,1001.34375,662.44919786096261,0.796875,0.65240641711229952,False,row1_col2,256,187,0,34
567,591134,583fd37185c66e5b35d4ad0d,567,30,8,244,68,1163.4375,276.68020304568529,0.953125,0.19796954314720813,False,row0_col2,256,197,0,29
568,534953,e6a42e7bbe1942d90ee3b93f,568,9,13,76,108,425.265625,462.86170212765961,0.296875,0.39361702127659576,False,row1_col0,256,188,0,34
569,512521,91decb18deafedf261951d4d,569,9,16,76,132,408.375,563.77540106951869,0.296875,0.52406417112299464,False,row1_col0,256,187,0,34
570,468449,ef419c8f615496747f6510c0,570,1,15,12,124,180.28125,524.06417112299459,0.046875,0.48128342245989303,False,row1_col0,256,187,0,34
571,280149,7c82c52bae96e3de9eb55c46,571,21,18,172,148,846.765625,618.52173913043475,0.671875,0.60869565217391308,False,row1_col2,256,184,0,36
572,472906,77f12352984de874b6cd5378,572,10,26,84,212,507.953125,901.14285714285711,0.328125,0.94708994708994709,False,row2_col0,256,189,0,33
573,56884,40471d6b4d3d450e63bc3466,573,20,17,164,140,812.296875,579.25,0.640625,0.5625,False,row1_col1,256,192,0,32
574,365083,462b47fa3de976e72a9b5115,574,27,16,220,132,1095.046875,536.49197860962568,0.859375,0.52406417112299464,False,row1_col2,256,187,0,34
575,684635,5f992fdd05552118b4d67202,575,27,18,220,148,1078.90625,616.52173913043475,0.859375,0.60869565217391308,False,row1_col2,256,184,0,36
576,143028,1e5e68e0329b0ca73274b4b5,576,20,21,164,172,834.96875,723.16315789473686,0.640625,0.73157894736842111,False,row2_col1,256,190,0,33
577,257574,f8040df5a0c034645db9d18b,577,6,17,52,140,358.640625,594.31016042780755,0.203125,0.5668449197860963,False,row1_col0,256,187,0,34
578,366073,b9fd7826307ce6bb94f27b18,578,25,15,204,124,1016.515625,513.58064516129036,0.796875,0.478494623655914,False,row1_col2,256,186,0,35
579,507399,61f217f44bf2fb9b5077b9b6,579,7,16,60,132,380.875,561.61578947368412,0.234375,0.52105263157894732,False,row1_col0,256,190,0,33
580,548194,31f176914f7ef2559f447dab,580,2,11,20,92,198.625,393.91256830601094,0.078125,0.30601092896174864,False,row0_col0,256,183,0,36
581,284284,b8c1aa202c435cfafd7ff1ed,581,28,19,228,156,1121.703125,656.33333333333337,0.890625,0.65053763440860213,False,row1_col2,256,186,0,35
582,617094,55d9a5ec969dbb3e47e1a2cb,582,6,20,52,164,349.859375,693.73913043478262,0.203125,0.69565217391304346,False,row2_col0,256,184,0,36
583,591227,583fd37185c66e5b35d4ad0d,583,27,11,220,92,1060.3125,379.86802030456852,0.859375,0.31979695431472083,False,row0_col2,256,197,0,29
584,496039,152a6af5fd08ee8687052c5c,584,7,13,60,108,380.171875,462.28723404255322,0.234375,0.39361702127659576,False,row1_col0,256,188,0,34
585,69144,25b175f8a0414b88adf3bbf2,585,24,16,196,132,966.78125,558.49197860962568,0.765625,0.52406417112299464,False,row1_col2,256,187,0,34
586,133655,2f583ef3203d5ac90b59a547,586,23,16,188,132,960.28125,551.8716577540107,0.734375,0.52406417112299464,False,row1_col2,256,187,0,34
587,664121,3f0b56e3daead59ea51a5d24,587,25,17,204,140,1018.140625,588.4375,0.796875,0.5625,False,row1_col2,256,192,0,32
588,645850,05f41bd57337a78242d25d3e,588,26,22,212,180,1030.734375,767.81675392670161,0.828125,0.77486910994764402,False,row2_col2,256,191,0,32
589,480550,7361af587e04e93382fe2d91,589,6,9,52,76,330.84375,310.91752577319585,0.203125,0.23195876288659795,False,row0_col0,256,194,0,31
590,526863,5d258a6d34f1b116ab308ce4,590,15,16,124,132,640.875,538.62765957446811,0.484375,0.52127659574468088,False,row1_col1,256,188,0,34
591,544086,e3ecaf99c788239f18c8a991,591,22,10,180,84,867.328125,349.9738219895288,0.703125,0.27225130890052357,False,row0_col2,256,191,0,32
592,671355,9a9832c17e186ccd3563cf20,592,27,19,220,156,1092.171875,651.63829787234044,0.859375,0.64893617021276595,False,row1_col2,256,188,0,34
593,345692,d966074aac618fed4e291ae3,593,28,18,228,148,1066.796875,622.88717948717954,0.890625,0.60512820512820509,False,row1_col2,256,195,0,30
594,257546,f8040df5a0c034645db9d18b,594,10,16,84,132,496.265625,559.8716577540107,0.328125,0.52406417112299464,False,row1_col0,256,187,0,34
595,303343,6d1104b9ed5d737c509d9e3c,595,15,7,124,60,657.296875,241.02127659574467,0.484375,0.13829787234042554,False,row0_col1,256,188,0,34
596,538970,abac48c206f4f9db98c1c8cf,596,26,10,212,84,1036.109375,348.02577319587624,0.828125,0.27319587628865977,False,row0_col2,256,194,0,31
597,317649,989ae53a83cf97dc6d08dbe9,597,17,6,140,52,711.390625,196.84042553191489,0.546875,0.095744680851063829,False,row0_col1,256,188,0,34
598,217652,f393274be3847e33f5ac073b,598,20,17,164,140,790.53125,584.91891891891896,0.640625,0.56756756756756754,False,row1_col1,256,185,0,35
599,473738,1d12ec902c3113b35c317ef8,599,10,20,84,164,479.96875,689.47368421052636,0.328125,0.68947368421052635,False,row2_col0,256,190,0,33
600,117221,7c41685bf488a58de2fe104b,600,5,15,44,124,293.265625,524.69473684210527,0.171875,0.47894736842105262,False,row1_col0,256,190,0,33
601,528793,7ed463394b5acb61e1574507,601,25,12,204,100,959.171875,422.125,0.796875,0.35416666666666669,False,row1_col2,256,192,0,32
602,486903,9ac9ebb9578650063235ec30,602,23,15,188,124,901.078125,526.93717277486917,0.734375,0.48167539267015708,False,row1_col2,256,191,0,32
603,635511,8bf8afec70e5fbe4d7956c1a,603,23,19,188,156,968.5,658.2459016393442,0.734375,0.65573770491803274,False,row1_col2,256,183,0,36
604,644786,7d6050d5579cb6deb88d8cf8,604,18,21,148,172,735.875,737.96791443850259,0.578125,0.73796791443850263,False,row2_col1,256,187,0,34
605,478806,246ad0c43ef94471a87d00f3,605,22,18,180,148,916.625,629.31016042780743,0.703125,0.60962566844919786,False,row1_col2,256,187,0,34
606,435901,f5b415202f9796d16305892d,606,29,21,236,172,1145.140625,717.17391304347825,0.921875,0.73913043478260865,False,row2_col2,256,184,0,36
607,351943,4f1c77f5d121ab64501fbab2,607,7,22,60,180,387.453125,757.55376344086017,0.234375,0.77956989247311825,False,row2_col0,256,186,0,35
608,410180,05ca24cc6157d09d27f43cc5,608,4,18,36,148,254.78125,617,0.140625,0.60869565217391308,False,row1_col0,256,184,0,36
609,603853,02b8d585b96bf351d6297716,609,13,22,108,180,579.53125,751.68911917098444,0.421875,0.772020725388601,False,row2_col1,256,193,0,31
610,95502,bf67a8c3d85ddf53723e2a60,610,14,8,116,68,608.234375,260.75531914893617,0.453125,0.18085106382978725,False,row0_col1,256,188,0,34
611,705126,1259266d27a1502f5814f674,611,6,19,52,156,310.484375,655.71428571428578,0.203125,0.6428571428571429,False,row1_col0,256,196,0,30
612,577048,eebb80b7602a9bc51384c3b3,612,24,16,196,132,957.1875,558.87564766839375,0.765625,0.52331606217616577,False,row1_col2,256,193,0,31
613,460494,220c8ee1c69449f9af0ae7f1,613,14,22,116,180,568.34375,775.47916666666674,0.453125,0.77083333333333337,False,row2_col1,256,192,0,32
614,138761,970a0e63436f260f3c624f80,614,9,16,76,132,460.234375,558.47540983606564,0.296875,0.52459016393442626,False,row1_col0,256,183,0,36
615,642690,ca518dedba290221845d80f3,615,2,20,20,164,187.40625,685.73913043478262,0.078125,0.69565217391304346,False,row2_col0,256,184,0,36
616,339574,e011d89cc836ba1aa1bc02a9,616,22,19,180,156,885.578125,655.39130434782612,0.703125,0.65217391304347827,False,row1_col2,256,184,0,36
617,513332,43a8d937bdc326d6174ea535,617,20,9,164,76,850.765625,320.063829787234,0.640625,0.22340425531914893,False,row0_col1,256,188,0,34
618,584061,7413f29906bbedeb019fea89,618,29,11,236,92,1150.375,387.29381443298968,0.921875,0.31443298969072164,False,row0_col2,256,194,0,31
619,592327,fe666fef2b8871f5528589d3,619,7,14,60,116,440.40625,504.78238341968915,0.234375,0.44041450777202074,False,row1_col0,256,193,0,31
620,576802,eebb80b7602a9bc51384c3b3,620,2,9,20,76,200.9375,317.75647668393782,0.078125,0.23316062176165803,False,row0_col0,256,193,0,31
621,537106,a4df32cda65d6caec503e150,621,18,16,148,132,716.625,554.62765957446811,0.578125,0.52127659574468088,False,row1_col1,256,188,0,34
622,502213,5749ca6a1c4e4e10cf0ec75d,622,5,14,44,116,336.546875,492.71428571428572,0.171875,0.43915343915343913,False,row1_col0,256,189,0,33
623,469479,621fde1bd00dce28d45409a7,623,7,15,60,124,382.046875,524.27419354838707,0.234375,0.478494623655914,False,row1_col0,256,186,0,35
624,272652,12def0a47aa043439d178972,624,12,8,100,68,576.375,265.75531914893617,0.390625,0.18085106382978725,False,row0_col1,256,188,0,34
625,548688,31f176914f7ef2559f447dab,625,16,26,132,212,678.125,908.01092896174862,0.515625,0.96174863387978138,False,row2_col1,256,183,0,36
626,117289,7c41685bf488a58de2fe104b,626,9,17,76,140,431.640625,593.91578947368419,0.296875,0.56315789473684208,False,row1_col0,256,190,0,33
627,555450,442850a2087d62c7e9453fcd,627,26,13,212,108,1047.625,449.4086021505376,0.828125,0.39247311827956988,False,row1_col2,256,186,0,35
628,545240,17ff7079be9b18b062834cfc,628,24,14,196,116,979.828125,493.37234042553195,0.765625,0.43617021276595747,False,row1_col2,256,188,0,34
629,464488,7a0f74886ddf2564aac2dcae,629,8,19,68,156,387.390625,666.57754010695191,0.265625,0.65240641711229952,False,row1_col0,256,187,0,34
630,433675,31e8cac167e6b2b2b11352b3,630,11,16,92,132,511.03125,547.36649214659678,0.359375,0.52356020942408377,False,row1_col1,256,191,0,32
631,412028,01b9e97e851cf4e057950e28,631,28,11,228,92,1061.46875,353.21989528795814,0.890625,0.31413612565445026,False,row0_col2,256,191,0,32
632,101038,76884f70ebe18c8dbf09d6a5,632,14,21,116,172,586.78125,730.78974358974358,0.453125,0.72820512820512817,False,row2_col1,256,195,0,30
633,731502,8e91dc5ebf61a30260770c9c,633,14,11,116,92,590.34375,372.89361702127655,0.453125,0.30851063829787234,False,row0_col1,256,188,0,34
634,715400,94aacc4991ca8c49186c4c97,634,8,20,68,164,397.046875,691.53513513513508,0.265625,0.69729729729729728,False,row2_col0,256,185,0,35
635,366998,7d4e47ad65dc99387ba61cb2,635,22,12,180,100,906.359375,407.11538461538458,0.703125,0.34615384615384615,False,row1_col2,256,182,0,37
636,562849,feae8edd69230ba2d038a705,636,1,21,12,172,197.375,727.84816753926702,0.046875,0.73298429319371727,False,row2_col0,256,191,0,32
637,436714,a037fe56d4697f5f86f87b22,637,10,15,84,124,472.234375,511.37037037037032,0.328125,0.48148148148148145,False,row1_col0,256,189,0,33
638,251652,2fb5196803f6c730af314161,638,4,24,36,196,291.96875,837.89999999999998,0.140625,0.85789473684210527,False,row2_col0,256,190,0,33
639,469528,621fde1bd00dce28d45409a7,639,24,16,196,132,966.953125,558.72580645161293,0.765625,0.521505376344086,False,row1_col2,256,186,0,35
640,543174,eedf98ccb5a364857973747a,640,6,14,52,116,390.015625,494.64516129032256,0.203125,0.43548387096774194,False,row1_col0,256,186,0,35
641,514601,80f88014c0d14ab592726fe3,641,9,17,76,140,428.265625,601.04278074866306,0.296875,0.5668449197860963,False,row1_col0,256,187,0,34
642,731672,8e91dc5ebf61a30260770c9c,642,24,16,196,132,934.71875,545.23404255319156,0.765625,0.52127659574468088,False,row1_col2,256,188,0,34
643,711855,62d6d7251de0b9863368086e,643,15,5,124,44,661.203125,173.95161290322579,0.484375,0.048387096774193547,False,row0_col1,256,186,0,35
644,100941,76884f70ebe18c8dbf09d6a5,644,13,18,108,148,551.96875,626.54358974358968,0.421875,0.60512820512820509,False,row1_col1,256,195,0,30
645,546297,e47bf05116ca1e4921049cf3,645,25,15,204,124,1017.734375,525.3681592039801,0.796875,0.48258706467661694,False,row1_col2,256,201,0,27
646,92758,cee542fc544d914ecb84340b,646,22,18,180,148,880.765625,620.65445026178008,0.703125,0.60732984293193715,False,row1_col2,256,191,0,32
647,29889,52572823a115b1268cfb144d,647,1,6,12,52,149.984375,196.5625,0.046875,0.10416666666666667,False,row0_col0,256,192,0,32
648,495127,17686a11fc83b9f929d8d85e,648,23,16,188,132,966.875,560.11827956989248,0.734375,0.521505376344086,False,row1_col2,256,186,0,35
649,663359,792cd13f9196dd3204ade0a9,649,31,25,252,204,1189.671875,860.19047619047615,0.984375,0.90476190476190477,False,row2_col2,256,189,0,33
650,339569,e011d89cc836ba1aa1bc02a9,650,17,19,140,156,711.671875,655.39130434782612,0.546875,0.65217391304347827,False,row1_col1,256,184,0,36
651,569716,5676e48fb1caa42ecdd07480,651,20,11,164,92,778.453125,384.86934673366835,0.640625,0.32160804020100503,False,row0_col1,256,199,0,28
652,363880,64e11d7683e404d870ca400b,652,8,11,68,92,436.578125,373.47643979057591,0.265625,0.31413612565445026,False,row0_col0,256,191,0,32
653,619096,6130e546ed79e4d9fee7cb83,653,24,18,196,148,974.84375,633.25945945945944,0.765625,0.61081081081081079,False,row1_col2,256,185,0,35
654,485131,0d760570a7d92d299c04d427,654,11,24,92,196,524.796875,830.74611398963737,0.359375,0.85492227979274615,False,row2_col1,256,193,0,31
655,117287,7c41685bf488a58de2fe104b,655,7,17,60,140,362.453125,593.91578947368419,0.234375,0.56315789473684208,False,row1_col0,256,190,0,33
656,382522,1da49d03909cfa1ff4462960,656,26,17,212,140,1003.59375,576.79581151832463,0.828125,0.56544502617801051,False,row1_col2,256,191,0,32
657,92598,cee542fc544d914ecb84340b,657,22,13,180,108,880.765625,447.67015706806279,0.703125,0.39790575916230364,False,row1_col2,256,191,0,32
658,583221,9fbe77467132d5c93ee01128,658,21,17,172,140,897.390625,589.57142857142867,0.671875,0.56613756613756616,False,row1_col2,256,189,0,33
659,637534,b672bab83cdd2e2fd3e3b92b,659,30,18,244,148,1180.109375,612.65445026178008,0.953125,0.60732984293193715,False,row1_col2,256,191,0,32
660,639623,2f3e9ad50350b43cdcf05159,660,7,20,60,164,335.453125,691.66666666666663,0.234375,0.69312169312169314,False,row2_col0,256,189,0,33
661,480918,7361af587e04e93382fe2d91,661,22,20,180,164,881.84375,690.13402061855675,0.703125,0.68556701030927836,False,row2_col2,256,194,0,31
662,151204,6aacc3e88c7b1fee9f8c4019,662,4,21,36,172,279.375,730.10994764397901,0.140625,0.73298429319371727,False,row2_col0,256,191,0,32
663,332297,4a2e77ff95f9a40d8e136e34,663,9,16,76,132,469.125,557.57377049180332,0.296875,0.52459016393442626,False,row1_col0,256,183,0,36
664,101847,f7464ed5a8656ac375a0fb2d,664,23,14,188,116,966.625,489.97814207650271,0.734375,0.43715846994535518,False,row1_col2,256,183,0,36
665,502210,5749ca6a1c4e4e10cf0ec75d,665,2,14,20,116,233.703125,492.71428571428572,0.078125,0.43915343915343913,False,row1_col0,256,189,0,33
666,77426,766454c47ae7c9d62021ae41,666,18,19,148,156,760.515625,657.08064516129025,0.578125,0.65053763440860213,False,row1_col1,256,186,0,35
667,569801,5676e48fb1caa42ecdd07480,667,9,14,76,116,397.234375,489.070351758794,0.296875,0.44221105527638194,False,row1_col0,256,199,0,28
668,572753,8430cec5bf6a0ee7d4c4b34e,668,17,10,140,84,754.734375,340.42105263157896,0.546875,0.26842105263157895,False,row0_col1,256,190,0,33
669,430681,c0a7a3a62c3795f511c0eafd,669,25,18,204,148,1036.734375,594.79679144385022,0.796875,0.60962566844919786,False,row1_col2,256,187,0,34
670,513575,43a8d937bdc326d6174ea535,670,7,17,60,140,405.109375,594.44680851063822,0.234375,0.56382978723404253,False,row1_col0,256,188,0,34
671,175422,b1e12102411c176bd5c55672,671,30,9,244,76,1191.015625,313.33333333333331,0.953125,0.2275132275132275,False,row0_col2,256,189,0,33
672,467300,55697275b8b27562c9eb1a4c,672,4,11,36,92,258.6875,385.4375,0.140625,0.3125,False,row0_col0,256,192,0,32
673,532879,830ee1acd4627b4aa99fcc61,673,15,12,124,100,651.875,422.66321243523316,0.484375,0.35751295336787564,False,row1_col1,256,193,0,31
674,585039,c977bea10bf03c99460cec13,674,15,10,124,84,636.8125,348.30000000000001,0.484375,0.26842105263157895,False,row0_col1,256,190,0,33
675,563497,1882c154e2fd7debcc259ddf,675,9,9,76,76,484.671875,330.21025641025642,0.296875,0.23589743589743589,False,row0_col0,256,195,0,30
676,519512,f90b9ab0071176524a75e54f,676,24,10,196,84,933.125,359.42931937172773,0.765625,0.27225130890052357,False,row0_col2,256,191,0,32
677,423589,8e016ce8a91e1722991e0302,677,5,21,44,172,285.78125,703.66666666666663,0.171875,0.73655913978494625,False,row2_col0,256,186,0,35
678,225948,2b4b6352c349b3d52ed92754,678,28,20,228,164,1110.703125,701.75510204081627,0.890625,0.68367346938775508,False,row2_col2,256,196,0,30
679,324232,e926571edbf8ab4ef6827bb2,679,8,20,68,164,403.03125,697.68393782383419,0.265625,0.68911917098445596,False,row2_col0,256,193,0,31
680,21032,27a3e701575d464723171cfc,680,8,17,68,140,391.71875,594.31016042780755,0.265625,0.5668449197860963,False,row1_col0,256,187,0,34
681,294245,2e3c583d219c937858797cbc,681,5,11,44,92,289.125,370.25,0.171875,0.3125,False,row0_col0,256,192,0,32
682,460558,220c8ee1c69449f9af0ae7f1,682,14,24,116,196,568.34375,844.39583333333326,0.453125,0.85416666666666663,False,row2_col1,256,192,0,32
683,467267,55697275b8b27562c9eb1a4c,683,3,10,28,84,224.3125,350.97916666666663,0.109375,0.27083333333333331,False,row0_col0,256,192,0,32
684,268466,de9b5b17edfdfe734011cfa4,684,18,5,148,44,788.09375,176.97409326424872,0.578125,0.067357512953367879,False,row0_col1,256,193,0,31
685,580966,9a1ad63dc381c61153abcebd,685,6,11,52,92,310.21875,377.5263157894737,0.203125,0.31052631578947371,False,row0_col0,256,190,0,33
686,461269,439720347b525b459d2cd2a2,686,21,14,172,116,898.375,507.69743589743587,0.671875,0.44102564102564101,False,row1_col2,256,195,0,30
687,516536,8bb55828650e42ce1359edc9,687,24,13,196,108,976.890625,449.97326203208559,0.765625,0.39572192513368987,False,row1_col2,256,187,0,34
688,334459,7b4cc3d763377e93f41b6962,688,27,19,220,156,1043.03125,671.627027027027,0.859375,0.65405405405405403,False,row1_col2,256,185,0,35
689,593474,2eebabfc2544e47701bed697,689,2,18,20,148,189.703125,631.18848167539272,0.078125,0.60732984293193715,False,row1_col0,256,191,0,32
690,71178,9993d74e02e8a5dd35aaa9d4,690,10,16,84,132,503.875,556.41935483870964,0.328125,0.521505376344086,False,row1_col0,256,186,0,35
691,284184,b8c1aa202c435cfafd7ff1ed,691,24,16,196,132,983.078125,552.33333333333326,0.765625,0.521505376344086,False,row1_col2,256,186,0,35
692,248390,da9443ca80beecb493467926,692,6,18,52,148,323.265625,636.52631578947376,0.203125,0.60526315789473684,False,row1_col0,256,190,0,33
693,298574,e2d24e5a47106bd7023a7d65,693,14,18,116,148,614.234375,628.15873015873012,0.453125,0.60846560846560849,False,row1_col1,256,189,0,33
694,407045,837b596140a1742b25c45e12,694,5,16,44,132,293.265625,545.84065934065939,0.171875,0.52197802197802201,False,row1_col0,256,182,0,37
695,298660,e2d24e5a47106bd7023a7d65,695,4,21,36,172,265.796875,732.53968253968253,0.140625,0.73544973544973546,False,row2_col0,256,189,0,33
696,536808,a4df32cda65d6caec503e150,696,8,7,68,60,374.125,246.32978723404256,0.265625,0.13829787234042554,False,row0_col0,256,188,0,34
697,235708,450e892105e6d6a38e7e129c,697,28,5,228,44,1102.046875,173.85714285714286,0.890625,0.071428571428571425,False,row0_col2,256,196,0,30
698,227800,0336057f9171642b8e58ca9b,698,24,14,196,116,993.375,497.875,0.765625,0.4375,False,row1_col2,256,192,0,32
699,523828,df913345c4c2be5eeed41459,699,20,17,164,140,841.453125,597.14507772020727,0.640625,0.56476683937823835,False,row1_col1,256,193,0,31
700,536379,7e48cd1658e4af2a0a4efc9b,700,27,25,220,204,1079.734375,875.18181818181813,0.859375,0.90909090909090906,False,row2_col2,256,187,0,34
701,513522,43a8d937bdc326d6174ea535,701,18,15,148,124,782.203125,525.85106382978734,0.578125,0.47872340425531917,False,row1_col1,256,188,0,34
702,166507,21a65ebf59d2ba6f5a645963,702,11,19,92,156,480.140625,657.28571428571433,0.359375,0.6428571428571429,False,row1_col1,256,196,0,30
703,588424,47ecb67f20914fe9324d2108,703,8,20,68,164,412.375,691.66666666666663,0.265625,0.69312169312169314,False,row2_col0,256,189,0,33
704,55895,6d76d8f8a00db7e46f92f530,704,23,18,188,148,921.953125,630.98936170212767,0.734375,0.6063829787234043,False,row1_col2,256,188,0,34
705,678345,29885a385c0c3cb416f20ecb,705,9,14,76,116,473.34375,481.39459459459459,0.296875,0.43783783783783786,False,row1_col0,256,185,0,35
706,476257,29967e147eb9c7a768964adf,706,1,3,12,28,158.515625,115.57142857142857,0.046875,-0.026455026455026454,True,padding_center,256,189,0,33
707,691874,26b9524860e2f239e66cf060,707,2,21,20,172,200.71875,720.9375,0.078125,0.72916666666666663,False,row2_col0,256,192,0,32
708,468452,ef419c8f615496747f6510c0,708,4,15,36,124,282.84375,524.06417112299459,0.140625,0.48128342245989303,False,row1_col0,256,187,0,34
709,569839,5676e48fb1caa42ecdd07480,709,15,15,124,124,605.171875,523.8040201005025,0.484375,0.48241206030150752,False,row1_col1,256,199,0,28
710,305636,e18500f9d7040f601d0fb801,710,4,15,36,124,258.96875,516.9405405405405,0.140625,0.48108108108108111,False,row1_col0,256,185,0,35
711,599543,7e43c32828df193edc42ddff,711,23,15,188,124,958.078125,525.85106382978734,0.734375,0.47872340425531917,False,row1_col2,256,188,0,34
712,700984,e9bb5bb030daf0c555014200,712,24,17,196,140,966.078125,590.14438502673806,0.765625,0.5668449197860963,False,row1_col2,256,187,0,34
713,494331,af3de41611057662e83c573b,713,27,23,220,188,1014.15625,794.41489361702133,0.859375,0.81914893617021278,False,row2_col2,256,188,0,34
714,83497,587b74bfc019c7be94717f25,714,9,17,76,140,429.015625,580.25806451612902,0.296875,0.56451612903225812,False,row1_col0,256,186,0,35
715,92662,cee542fc544d914ecb84340b,715,22,15,180,124,880.765625,516.86387434554968,0.703125,0.48167539267015708,False,row1_col2,256,191,0,32
716,530956,dc0b4ccd38f08660aa595e39,716,12,16,100,132,515.34375,567.05263157894728,0.390625,0.52105263157894732,False,row1_col1,256,190,0,33
717,538483,b082c61b6f6397804ebe9514,717,19,27,156,220,801.046875,933.47872340425533,0.609375,0.98936170212765961,False,row2_col1,256,188,0,34
718,395864,a737d81a01b3a431788a0073,718,24,18,196,148,931.078125,618.52173913043475,0.765625,0.60869565217391308,False,row1_col2,256,184,0,36
719,223736,b984b329871f0e84f5fd4de2,719,24,15,196,124,948.671875,514.27027027027032,0.765625,0.48108108108108111,False,row1_col2,256,185,0,35
720,351843,4f1c77f5d121ab64501fbab2,720,3,19,28,156,249.078125,653.68279569892468,0.109375,0.65053763440860213,False,row1_col0,256,186,0,35
721,433434,31e8cac167e6b2b2b11352b3,721,26,8,212,68,1027.59375,271.93193717277484,0.828125,0.18848167539267016,False,row0_col2,256,191,0,32
722,158051,e5c18f32ffcf933947d02a58,722,3,11,28,92,266.84375,384.19672131147541,0.109375,0.30601092896174864,False,row0_col0,256,183,0,36
723,575102,677cd183b987906faf2e530c,723,30,19,244,156,1194.109375,664.89729729729731,0.953125,0.65405405405405403,False,row1_col2,256,185,0,35
724,527011,5d258a6d34f1b116ab308ce4,724,3,21,28,172,229.875,709.90425531914889,0.109375,0.73404255319148937,False,row2_col0,256,188,0,34
725,321774,e366b8893ee234784cfdf96a,725,14,7,116,60,632.859375,237.3819095477387,0.453125,0.16080402010050251,False,row0_col1,256,199,0,28
726,603470,02b8d585b96bf351d6297716,726,14,10,116,84,613.71875,340.82901554404145,0.453125,0.27461139896373055,False,row0_col1,256,193,0,31
727,10886,ca1191675acfe9ec5285967b,727,6,20,52,164,311.84375,703.30000000000007,0.203125,0.68947368421052635,False,row2_col0,256,190,0,33
728,448074,558b808638166f54dfdd8633,728,10,18,84,148,473.875,617.69109947643983,0.328125,0.60732984293193715,False,row1_col0,256,191,0,32
729,602515,4353ce725c8d749885d3c4b7,729,19,12,156,100,733.875,415.04210526315791,0.609375,0.35263157894736841,False,row1_col1,256,190,0,33
730,416310,06a76bf899fbda6d8aa83969,730,22,17,180,140,889.65625,577.39361702127655,0.703125,0.56382978723404253,False,row1_col2,256,188,0,34
731,574115,2608d95da3b3a020babab4a4,731,3,21,28,172,273.546875,723.30107526881716,0.109375,0.73655913978494625,False,row2_col0,256,186,0,35
732,717211,9dd6c00d22421262fb390d57,732,27,12,220,100,1084.046875,417.56521739130432,0.859375,0.34782608695652173,False,row1_col2,256,184,0,36
733,542262,736df5902e9879b38b3b9634,733,22,17,180,140,874.734375,589.09999999999991,0.703125,0.56315789473684208,False,row1_col2,256,190,0,33
734,602664,4353ce725c8d749885d3c4b7,734,8,17,68,140,357.125,586.41052631578941,0.265625,0.56315789473684208,False,row1_col0,256,190,0,33
735,351869,4f1c77f5d121ab64501fbab2,735,29,19,236,156,1148.515625,653.68279569892468,0.921875,0.65053763440860213,False,row1_col2,256,186,0,35
736,646663,78320b73d7e5345b4fe8afe9,736,7,16,60,132,341.921875,564.95238095238096,0.234375,0.52380952380952384,False,row1_col0,256,189,0,33
737,80262,f228eee20ee0df690a4e51b6,737,6,12,52,100,342.265625,427.88235294117646,0.203125,0.35294117647058826,False,row1_col0,256,187,0,34
738,433851,31e8cac167e6b2b2b11352b3,738,27,21,220,172,1062.03125,719.51308900523554,0.859375,0.73298429319371727,False,row2_col2,256,191,0,32
739,619867,c71b7281815add7bc72e0af6,739,27,10,220,84,1073.03125,348.30000000000001,0.859375,0.26842105263157895,False,row0_col2,256,190,0,33
740,570604,0b5210b7f75c32ce0315b40b,740,12,7,100,60,566.296875,240.46153846153848,0.390625,0.15384615384615385,False,row0_col1,256,195,0,30
741,264776,85585001e772ec3cedc01ff3,741,8,18,68,148,454.71875,617.08695652173924,0.265625,0.60869565217391308,False,row1_col0,256,184,0,36
742,134759,334d09cec1e33736f5ceeeae,742,7,19,60,156,371.21875,663.80310880829018,0.234375,0.64766839378238339,False,row1_col0,256,193,0,31
743,543237,eedf98ccb5a364857973747a,743,5,16,44,132,355.859375,563.11827956989248,0.171875,0.521505376344086,False,row1_col0,256,186,0,35
744,429627,026bf89f372e56e84406ddb9,744,27,17,220,140,1076.328125,569.52197802197793,0.859375,0.56593406593406592,False,row1_col2,256,182,0,37
745,449167,a54c971a682d36aeda7976b7,745,15,20,124,164,628.71875,679.86885245901635,0.484375,0.69945355191256831,False,row2_col1,256,183,0,36
746,75809,7362ade95f32642a9f44c44a,746,1,1,12,12,190.59375,34.80904522613065,0.046875,-0.080402010050251257,True,padding_center,256,199,0,28
747,539521,abac48c206f4f9db98c1c8cf,747,1,28,12,228,177.515625,964.85051546391753,0.046875,1.0154639175257731,True,padding_center,256,194,0,31
748,99941,27e6733bbab4a1b0477f8b26,748,5,19,44,156,299.265625,660,0.171875,0.65079365079365081,False,row1_col0,256,189,0,33
749,482008,0493c50e4f0350b831275383,749,24,22,196,180,994.078125,763.68000000000006,0.765625,0.76000000000000001,False,row2_col2,256,200,0,28
750,609934,4b2934de204003644e1cf7cc,750,14,20,116,164,656.078125,694.06451612903231,0.453125,0.69354838709677424,False,row2_col1,256,186,0,35
751,606899,07487879b83ab8bf265d8c1f,751,19,21,156,172,828.703125,744.77948717948721,0.609375,0.72820512820512817,False,row2_col1,256,195,0,30
752,545242,17ff7079be9b18b062834cfc,752,26,14,212,116,1048.140625,493.37234042553195,0.828125,0.43617021276595747,False,row1_col2,256,188,0,34
753,538973,abac48c206f4f9db98c1c8cf,753,29,10,236,84,1139.140625,348.02577319587624,0.921875,0.27319587628865977,False,row0_col2,256,194,0,31
754,368186,0f6e303814c6beca4197c87d,754,26,17,212,140,1008.390625,583.04347826086951,0.828125,0.56521739130434778,False,row1_col2,256,184,0,36
755,253625,5f54a832376b920cdc467195,755,25,21,204,172,987.53125,739.71276595744678,0.796875,0.73404255319148937,False,row2_col2,256,188,0,34
756,535187,e6a42e7bbe1942d90ee3b93f,756,19,20,156,164,768.703125,702.64893617021278,0.609375,0.69148936170212771,False,row2_col1,256,188,0,34
757,3673,72b360ece29c2500d5726a30,757,25,18,204,148,993.34375,621.11640211640213,0.796875,0.60846560846560849,False,row1_col2,256,189,0,33
758,134728,334d09cec1e33736f5ceeeae,758,8,18,68,148,405.78125,629.19170984455968,0.265625,0.60621761658031093,False,row1_col0,256,193,0,31
759,320082,105a0d805d335f73991581b8,759,18,18,148,148,786.984375,620.65445026178008,0.578125,0.60732984293193715,False,row1_col1,256,191,0,32
760,553405,71189113f916283b21e2571b,760,29,13,236,108,1159.296875,453.19354838709677,0.921875,0.39247311827956988,False,row1_col2,256,186,0,35
761,116977,7c41685bf488a58de2fe104b,761,17,7,140,60,708.390625,247.81052631578947,0.546875,0.14210526315789473,False,row0_col1,256,190,0,33
762,523830,df913345c4c2be5eeed41459,762,22,17,180,140,910.765625,597.14507772020727,0.703125,0.56476683937823835,False,row1_col2,256,193,0,31
763,738146,3b48ef0496b9e19ef057c3dd,763,2,27,20,220,199.09375,929.69354838709683,0.078125,0.9946236559139785,False,row2_col0,256,186,0,35
764,424476,bcf903efa792910c09f1c106,764,28,16,228,132,1088.375,520.84065934065939,0.890625,0.52197802197802201,False,row1_col2,256,182,0,37
765,549261,b7cc7826ac85ae8215b61101,765,13,12,108,100,597.375,424.6894736842105,0.421875,0.35263157894736841,False,row1_col1,256,190,0,33
766,523672,df913345c4c2be5eeed41459,766,24,12,196,100,980.078125,423.88082901554401,0.765625,0.35751295336787564,False,row1_col2,256,193,0,31
767,486810,9ac9ebb9578650063235ec30,767,26,12,212,100,1004.109375,423.64921465968587,0.828125,0.35602094240837695,False,row1_col2,256,191,0,32
768,694617,2ee12c1915309e3c1ad2d6ae,768,25,10,204,84,1021.140625,344.48936170212767,0.796875,0.26595744680851063,False,row0_col2,256,188,0,34
769,242307,b84c63039a63bf730ebdebb1,769,3,20,28,164,227.625,659.30366492146595,0.109375,0.69109947643979053,False,row2_col0,256,191,0,32
770,76189,7362ade95f32642a9f44c44a,770,29,12,236,100,1172.34375,420.85929648241205,0.921875,0.36180904522613067,False,row1_col2,256,199,0,28
771,594677,d8e33de8429b55ebb8877642,771,21,23,172,188,812.390625,792.23404255319156,0.671875,0.81914893617021278,False,row2_col2,256,188,0,34
772,517626,f4df64b5ff783c747eb82df3,772,26,15,212,124,1061.109375,528.85106382978734,0.828125,0.47872340425531917,False,row1_col2,256,188,0,34
773,69173,25b175f8a0414b88adf3bbf2,773,21,17,172,140,863.09375,593.14438502673806,0.671875,0.5668449197860963,False,row1_col2,256,187,0,34
774,113159,df25d625c991e5e7eb0f6dc4,774,7,16,60,132,369.625,550.91304347826087,0.234375,0.52173913043478259,False,row1_col0,256,184,0,36
775,531928,e74d21355c7851af07172a36,775,24,14,196,116,924.421875,488.51891891891893,0.765625,0.43783783783783786,False,row1_col2,256,185,0,35
776,459254,c3cb302619dac53bc3e9a2b8,776,22,15,180,124,868.21875,531.372340425532,0.703125,0.47872340425531917,False,row1_col2,256,188,0,34
777,452112,36a1385eef8168000ac9d2ff,777,16,16,132,132,661.921875,550.88144329896909,0.515625,0.52061855670103097,False,row1_col1,256,194,0,31
778,599640,7e43c32828df193edc42ddff,778,24,18,196,148,992.421875,628.74468085106389,0.765625,0.6063829787234043,False,row1_col2,256,188,0,34
779,722216,d73bb5badea2954e76301142,779,8,9,68,76,418.375,304.54838709677421,0.265625,0.22043010752688172,False,row0_col0,256,186,0,35
780,467381,55697275b8b27562c9eb1a4c,780,21,13,172,108,843.0625,454.35416666666663,0.671875,0.39583333333333331,False,row1_col2,256,192,0,32
781,35560,2943c088e8878c50a249592d,781,8,23,68,188,426.375,793.24468085106389,0.265625,0.81914893617021278,False,row2_col0,256,188,0,34
782,117224,7c41685bf488a58de2fe104b,782,8,15,68,124,397.046875,524.69473684210527,0.265625,0.47894736842105262,False,row1_col0,256,190,0,33
783,591250,583fd37185c66e5b35d4ad0d,783,18,12,148,100,750.9375,414.26395939086296,0.578125,0.3604060913705584,False,row1_col1,256,197,0,29
784,455273,beb1e4bf2c0ec18579f745bf,784,9,19,76,156,423.640625,640.13043478260875,0.296875,0.65217391304347827,False,row1_col0,256,184,0,36
785,462206,cdd3402e4d0aa4a5fbc61954,785,30,11,244,92,1119.484375,383.85714285714283,0.953125,0.31216931216931215,False,row0_col2,256,189,0,33
786,492682,bc5170b2dbd4e825a4bfa3ef,786,10,4,84,36,454.609375,142.20833333333334,0.328125,0.020833333333333332,False,row0_col0,256,192,0,32
787,473411,1d12ec902c3113b35c317ef8,787,3,10,28,84,240.65625,348.42105263157896,0.109375,0.26842105263157895,False,row0_col0,256,190,0,33
788,398871,966b649722faf3cd9026b729,788,23,16,188,132,942.421875,523,0.734375,0.52380952380952384,False,row1_col2,256,189,0,33
789,569730,5676e48fb1caa42ecdd07480,789,2,12,20,100,154.640625,419.6030150753769,0.078125,0.36180904522613067,False,row1_col0,256,199,0,28
790,515571,0e2145f7a61e9d7634649dca,790,19,15,156,124,754.65625,532.57297297297305,0.609375,0.48108108108108111,False,row1_col1,256,185,0,35
791,593416,2eebabfc2544e47701bed697,791,8,16,68,132,395.390625,562.74869109947645,0.265625,0.52356020942408377,False,row1_col0,256,191,0,32
792,699990,3298125517c7a54235ced2e8,792,22,18,180,148,900.84375,617.17021276595756,0.703125,0.6063829787234043,False,row1_col2,256,188,0,34
793,458161,efab8b57a05312e6e2d6ff9c,793,17,13,140,108,664.015625,451.5,0.546875,0.39473684210526316,False,row1_col1,256,190,0,33
794,604963,e13e69b4c17cd750194fa4bb,794,3,25,28,204,246.203125,871.23036649214657,0.109375,0.90052356020942403,False,row2_col0,256,191,0,32
795,410997,4edadd04331e7debbee7dbc0,795,21,11,172,92,833.734375,382.1058201058201,0.671875,0.31216931216931215,False,row0_col2,256,189,0,33
796,511704,7e205d3f86dfa2c6e030bdfc,796,24,22,196,180,960.828125,758.74345549738223,0.765625,0.77486910994764402,False,row2_col2,256,191,0,32
797,626250,6e40a5c5b295ccc3dce76395,797,10,18,84,148,482.90625,624.52173913043475,0.328125,0.60869565217391308,False,row1_col0,256,184,0,36
798,569755,5676e48fb1caa42ecdd07480,798,27,12,220,100,1021.046875,419.6030150753769,0.859375,0.36180904522613067,False,row1_col2,256,199,0,28
799,317020,571ee3662d24063a85881fe9,799,28,18,228,148,1118.703125,617.25945945945944,0.890625,0.61081081081081079,False,row1_col2,256,185,0,35
800,467399,55697275b8b27562c9eb1a4c,800,7,14,60,116,361.8125,488.8125,0.234375,0.4375,False,row1_col0,256,192,0,32
801,17562,48ce223cf3f0cef91d4f9d9c,801,26,4,212,36,1038.90625,147,0.828125,0,False,row0_col2,256,183,0,36
802,357698,bacd8d5cf67fb7f5bb3c16e1,802,2,10,20,84,206.40625,336.50802139037432,0.078125,0.26737967914438504,False,row0_col0,256,187,0,34
803,565816,cdff67add7326ebbbabf8a48,803,24,17,196,140,957.1875,594.69230769230762,0.765625,0.56593406593406592,False,row1_col2,256,182,0,37
804,494115,af3de41611057662e83c573b,804,3,17,28,140,193.65625,588.88297872340422,0.109375,0.56382978723404253,False,row1_col0,256,188,0,34
805,571973,9183cf46ec95f7416fc2cadd,805,5,18,44,148,295.03125,616.26315789473688,0.171875,0.60526315789473684,False,row1_col0,256,190,0,33
806,176664,1f4ef5622d6a1f36e4aa5bbe,806,24,16,196,132,980.078125,549.304347826087,0.765625,0.52173913043478259,False,row1_col2,256,184,0,36
807,693819,cefaf5a44ecfd5ed51bd547c,807,27,17,220,140,1081.46875,577.39361702127655,0.859375,0.56382978723404253,False,row1_col2,256,188,0,34
808,572918,8430cec5bf6a0ee7d4c4b34e,808,22,15,180,124,925.515625,510.9473684210526,0.703125,0.47894736842105262,False,row1_col2,256,190,0,33
809,332294,4a2e77ff95f9a40d8e136e34,809,6,16,52,132,364.875,557.57377049180332,0.203125,0.52459016393442626,False,row1_col0,256,183,0,36
810,548497,31f176914f7ef2559f447dab,810,17,20,140,164,712.375,702.37158469945359,0.546875,0.69945355191256831,False,row2_col1,256,183,0,36
811,572693,8430cec5bf6a0ee7d4c4b34e,811,21,8,172,68,891.359375,272.21052631578948,0.671875,0.18421052631578946,False,row0_col2,256,190,0,33
812,468677,ef419c8f615496747f6510c0,812,5,22,44,180,317.03125,763.03743315508018,0.171875,0.78074866310160429,False,row2_col0,256,187,0,34
813,532860,830ee1acd4627b4aa99fcc61,813,28,11,228,92,1097.125,388.38341968911919,0.890625,0.31606217616580312,False,row0_col2,256,193,0,31
814,535051,e6a42e7bbe1942d90ee3b93f,814,11,16,92,132,493.953125,565.62765957446811,0.359375,0.52127659574468088,False,row1_col1,256,188,0,34
815,440854,78b30cfbd744741692ca9e79,815,22,16,180,132,876.359375,541.304347826087,0.703125,0.52173913043478259,False,row1_col2,256,184,0,36
816,599576,7e43c32828df193edc42ddff,816,24,16,196,132,992.421875,560.14893617021278,0.765625,0.52127659574468088,False,row1_col2,256,188,0,34
817,627472,25186f0fe5a6a8eb590010cb,817,16,24,132,196,684.796875,846.45901639344265,0.515625,0.87431693989071035,False,row2_col1,256,183,0,36
818,460108,220c8ee1c69449f9af0ae7f1,818,12,10,100,84,499.46875,361.97916666666663,0.390625,0.27083333333333331,False,row0_col1,256,192,0,32
819,521887,eb0351acb0beefb86ab98462,819,31,20,252,164,1186.859375,691.64893617021278,0.984375,0.69148936170212771,False,row2_col2,256,188,0,34
820,600697,e23c7263422caa21794c6b96,820,25,19,204,156,1011.171875,658.14285714285711,0.796875,0.65079365079365081,False,row1_col2,256,189,0,33
821,99865,27e6733bbab4a1b0477f8b26,821,25,16,204,132,991.140625,556,0.796875,0.52380952380952384,False,row1_col2,256,189,0,33
822,679581,f6a612467fd1531566860d2f,822,29,20,236,164,1155.890625,680.94680851063833,0.921875,0.69148936170212771,False,row2_col2,256,188,0,34
823,268458,de9b5b17edfdfe734011cfa4,823,10,5,84,44,512.59375,176.97409326424872,0.328125,0.067357512953367879,False,row0_col0,256,193,0,31
824,338221,f22091c6ec1059e3844fce4e,824,13,9,108,76,601.390625,295.52127659574467,0.421875,0.22340425531914893,False,row0_col1,256,188,0,34
825,253655,5f54a832376b920cdc467195,825,23,22,188,180,918.15625,774.47872340425533,0.734375,0.77659574468085102,False,row2_col2,256,188,0,34
826,598519,d38497f6cb09922f8f3dcf04,826,23,15,188,124,997.609375,522.52879581151831,0.734375,0.48167539267015708,False,row1_col2,256,191,0,32
827,275061,b15ae60e68dff16aade2e419,827,21,19,172,156,873.109375,664.33333333333337,0.671875,0.65053763440860213,False,row1_col2,256,186,0,35
828,697892,0aefb854b741b33901ea1e52,828,4,17,36,140,272.671875,582.14438502673806,0.140625,0.5668449197860963,False,row1_col0,256,187,0,34
829,706948,d1b696acc3c7aa007b3f1439,829,4,12,36,100,273.375,419.85340314136124,0.140625,0.35602094240837695,False,row1_col0,256,191,0,32
830,514422,80f88014c0d14ab592726fe3,830,22,11,180,92,874.734375,395.43850267379685,0.703125,0.31016042780748665,False,row0_col2,256,187,0,34
831,298365,e2d24e5a47106bd7023a7d65,831,29,11,236,92,1136.890625,384.60317460317458,0.921875,0.31216931216931215,False,row0_col2,256,189,0,33
832,423401,8e016ce8a91e1722991e0302,832,9,15,76,124,424.53125,495.66666666666669,0.296875,0.478494623655914,False,row1_col0,256,186,0,35
833,119353,7f3d7c6e6a7b6f584a7abbea,833,25,17,204,140,1010.15625,589.71134020618558,0.796875,0.56185567010309279,False,row1_col2,256,194,0,31
834,625177,ba9db5a3245e9a9afea5743b,834,25,16,204,132,985.15625,543.39572192513367,0.796875,0.52406417112299464,False,row1_col2,256,187,0,34
835,280068,7c82c52bae96e3de9eb55c46,835,4,16,36,132,258.671875,549.304347826087,0.140625,0.52173913043478259,False,row1_col0,256,184,0,36
836,199124,1521c7bdee93d552208d03d3,836,20,14,164,116,815.171875,492.5625,0.640625,0.4375,False,row1_col1,256,192,0,32
837,151018,6aacc3e88c7b1fee9f8c4019,837,10,15,84,124,487.875,521.27225130890054,0.328125,0.48167539267015708,False,row1_col0,256,191,0,32
838,461461,439720347b525b459d2cd2a2,838,21,20,172,164,898.375,713.48205128205132,0.671875,0.68717948717948718,False,row2_col2,256,195,0,30
839,526959,5d258a6d34f1b116ab308ce4,839,15,19,124,156,640.875,641.39361702127655,0.484375,0.64893617021276595,False,row1_col1,256,188,0,34
840,413413,46e52c7cd794f51a462fb9f6,840,5,23,44,188,293.265625,770.8360655737705,0.171875,0.8306010928961749,False,row2_col0,256,183,0,36
841,200150,3d9a63ef1fa66bf91e525440,841,22,14,180,116,910.765625,503.18716577540107,0.703125,0.43850267379679142,False,row1_col2,256,187,0,34
842,504020,5ab20c40b2d117b504740ca4,842,20,6,164,52,815.96875,218.98360655737704,0.640625,0.087431693989071038,False,row0_col1,256,183,0,36
843,563703,1882c154e2fd7debcc259ddf,843,23,15,188,124,964.609375,535.99487179487187,0.734375,0.48205128205128206,False,row1_col2,256,195,0,30
844,481482,0493c50e4f0350b831275383,844,10,6,84,52,508.890625,208.16,0.328125,0.12,False,row0_col0,256,200,0,28
845,446844,d20cb62a0da43f7b5a35995c,845,28,11,228,92,1126.15625,384.49222797927462,0.890625,0.31606217616580312,False,row0_col2,256,193,0,31
846,477688,4232070a33fbc4fa24180e8d,846,24,15,196,124,942.71875,524.43005181347144,0.765625,0.48186528497409326,False,row1_col2,256,193,0,31
847,607548,63727db752b5ff12377d012c,847,28,9,228,76,1121.703125,314.4375,0.890625,0.22916666666666666,False,row0_col2,256,192,0,32
848,143032,1e5e68e0329b0ca73274b4b5,848,24,21,196,172,972.71875,723.16315789473686,0.765625,0.73157894736842111,False,row2_col2,256,190,0,33
849,495063,17686a11fc83b9f929d8d85e,849,23,14,188,116,966.875,491.64516129032256,0.734375,0.43548387096774194,False,row1_col2,256,186,0,35
850,671950,d692f72fe45c727cb0757d5a,850,14,6,116,52,676.984375,195.31794871794872,0.453125,0.11282051282051282,False,row0_col1,256,195,0,30
851,545115,17ff7079be9b18b062834cfc,851,27,10,220,84,1082.296875,357.031914893617,0.859375,0.26595744680851063,False,row0_col2,256,188,0,34
852,55697,6d76d8f8a00db7e46f92f530,852,17,12,140,100,714.390625,423.41489361702128,0.546875,0.35106382978723405,False,row1_col1,256,188,0,34
853,100876,76884f70ebe18c8dbf09d6a5,853,12,16,100,132,517.15625,557.04615384615386,0.390625,0.52307692307692311,False,row1_col1,256,195,0,30
854,603787,02b8d585b96bf351d6297716,854,11,20,92,164,511.15625,683.21243523316059,0.359375,0.68911917098445596,False,row2_col1,256,193,0,31
855,6793,b6eaf5e811a0be7062ed1bb3,855,9,20,76,164,411.234375,690.10362694300522,0.296875,0.68911917098445596,False,row2_col0,256,193,0,31
856,132585,1aa0d91925dd72251d174919,856,9,15,76,124,426.640625,508.2021276595745,0.296875,0.47872340425531917,False,row1_col0,256,188,0,34
857,473482,1d12ec902c3113b35c317ef8,857,10,12,84,100,479.96875,416.63157894736838,0.328125,0.35263157894736841,False,row1_col0,256,190,0,33
858,369293,84660a36fd2a77d5af219fa3,858,13,20,108,164,609.859375,694.10160427807489,0.421875,0.69518716577540107,False,row2_col1,256,187,0,34
859,133486,2f583ef3203d5ac90b59a547,859,14,11,116,92,650.34375,379.67914438502675,0.453125,0.31016042780748665,False,row0_col1,256,187,0,34
860,395898,a737d81a01b3a431788a0073,860,26,19,212,156,1000.390625,653.13043478260875,0.828125,0.65217391304347827,False,row1_col2,256,184,0,36
861,289306,d03b423ac174ea78bf4a6637,861,26,16,212,132,1033.21875,546.4922279792745,0.828125,0.52331606217616577,False,row1_col2,256,193,0,31
862,576005,79609d9f8ec519016767e49f,862,5,16,44,132,342.375,552.1368421052631,0.171875,0.52105263157894732,False,row1_col0,256,190,0,33
863,583145,9fbe77467132d5c93ee01128,863,9,15,76,124,485.265625,521,0.296875,0.48148148148148145,False,row1_col0,256,189,0,33
864,33067,b2a130710318388be2620233,864,11,9,92,76,503.03125,308.41081081081086,0.359375,0.22162162162162163,False,row0_col1,256,185,0,35
865,465760,f4ac4da33960d6b1e1780732,865,0,27,4,220,83.09375,933.16753926701574,0.015625,0.98429319371727753,False,row2_col0,256,191,0,32
866,461389,439720347b525b459d2cd2a2,866,13,18,108,148,624.375,644.88717948717954,0.421875,0.60512820512820509,False,row1_col1,256,195,0,30
867,599572,7e43c32828df193edc42ddff,867,20,16,164,132,855.046875,560.14893617021278,0.640625,0.52127659574468088,False,row1_col1,256,188,0,34
868,235049,4f2e92e1b80cd39c3cba6440,868,9,17,76,140,418.15625,582.70212765957444,0.296875,0.56382978723404253,False,row1_col0,256,188,0,34
869,584247,7413f29906bbedeb019fea89,869,23,17,188,140,944.875,592.90206185567013,0.734375,0.56185567010309279,False,row1_col2,256,194,0,31
870,727513,922064a26912754f70ed0696,870,25,14,204,116,980.140625,483.08695652173913,0.796875,0.43478260869565216,False,row1_col2,256,184,0,36
871,624099,3ecdc9847f50f75edffcb18b,871,3,15,28,124,233.53125,524.9405405405405,0.109375,0.48108108108108111,False,row1_col0,256,185,0,35
872,586588,feca696a5660a740402e9811,872,28,26,228,212,1130.453125,901.88108108108111,0.890625,0.95675675675675675,False,row2_col2,256,185,0,35
873,606896,07487879b83ab8bf265d8c1f,873,16,21,132,172,725.671875,744.77948717948721,0.515625,0.72820512820512817,False,row2_col1,256,195,0,30
874,329272,e7c724e78fb9d4020c4926bf,874,24,17,196,140,945.546875,579.62162162162167,0.765625,0.56756756756756754,False,row1_col2,256,185,0,35
875,223718,b984b329871f0e84f5fd4de2,875,6,15,52,124,321.484375,514.27027027027032,0.203125,0.48108108108108111,False,row1_col0,256,185,0,35
876,545304,17ff7079be9b18b062834cfc,876,24,16,196,132,979.828125,561.54255319148933,0.765625,0.52127659574468088,False,row1_col2,256,188,0,34
877,16858,f4edc4be6ad1d9afc66e3637,877,26,14,212,116,1025.734375,487.08421052631581,0.828125,0.43684210526315792,False,row1_col2,256,190,0,33
878,351737,4f1c77f5d121ab64501fbab2,878,25,15,204,124,1010.140625,515.18817204301081,0.796875,0.478494623655914,False,row1_col2,256,186,0,35
879,358822,6dc9bf8ff05d6f7df0e30315,879,6,13,52,108,326.265625,429.20634920634922,0.203125,0.3968253968253968,False,row1_col0,256,189,0,33
880,371223,dbf24df1fbf05890f62cb775,880,23,16,188,132,947.625,560.42222222222222,0.734375,0.52222222222222225,False,row1_col2,256,180,0,38
881,534086,8213a75d6bb493befa13560d,881,6,18,52,148,354.625,627.625,0.203125,0.60416666666666663,False,row1_col0,256,192,0,32
882,426535,d8ff8af48bd325dbbb696129,882,7,17,60,140,396.15625,582.14438502673806,0.234375,0.5668449197860963,False,row1_col0,256,187,0,34
883,281938,802b8776e6e8022705bfa739,883,18,10,148,84,723.609375,333.73469387755097,0.578125,0.27551020408163263,False,row0_col1,256,196,0,30
884,533198,830ee1acd4627b4aa99fcc61,884,14,22,116,180,617.625,765.46113989637308,0.453125,0.772020725388601,False,row2_col1,256,193,0,31
885,603505,02b8d585b96bf351d6297716,885,17,11,140,92,716.28125,375.06735751295338,0.546875,0.31606217616580312,False,row0_col1,256,193,0,31
886,398843,966b649722faf3cd9026b729,886,27,15,220,124,1081.046875,488.33333333333331,0.859375,0.48148148148148145,False,row1_col2,256,189,0,33
887,686775,e05c476bdaaa88a4e12af225,887,23,21,188,172,934.421875,721.86243386243382,0.734375,0.73544973544973546,False,row2_col2,256,189,0,33
888,482108,0493c50e4f0350b831275383,888,28,25,228,204,1132.703125,867.84000000000003,0.890625,0.88,False,row2_col2,256,200,0,28
889,543145,eedf98ccb5a364857973747a,889,9,13,76,108,492.484375,460.4086021505376,0.296875,0.39247311827956988,False,row1_col0,256,186,0,35
890,699068,1003aab33f20bcdbe2120a89,890,28,21,228,172,1113.375,743.01578947368421,0.890625,0.73157894736842111,False,row2_col2,256,190,0,33
891,598476,d38497f6cb09922f8f3dcf04,891,12,14,100,116,620.515625,488.30890052356023,0.390625,0.43979057591623039,False,row1_col1,256,191,0,32
892,30340,52572823a115b1268cfb144d,892,4,20,36,164,253.953125,681.3125,0.140625,0.6875,False,row2_col0,256,192,0,32
893,547288,57d3f410b6fcba2a57bda29d,893,24,14,196,116,980.78125,492.77368421052631,0.765625,0.43684210526315792,False,row1_col2,256,190,0,33
894,459077,c3cb302619dac53bc3e9a2b8,894,5,10,44,84,287.03125,360.09574468085106,0.171875,0.26595744680851063,False,row0_col0,256,188,0,34
895,263778,f8d5bac9c8363fd36181c874,895,2,19,20,156,236.65625,661.2459016393442,0.078125,0.65573770491803274,False,row1_col0,256,183,0,36
896,694934,2ee12c1915309e3c1ad2d6ae,896,22,20,180,164,917.359375,690.872340425532,0.703125,0.69148936170212771,False,row2_col2,256,188,0,34
897,56613,40471d6b4d3d450e63bc3466,897,5,9,44,76,289.640625,300.58333333333331,0.171875,0.22916666666666666,False,row0_col0,256,192,0,32
898,560488,c685b4a491f88fc79b166eaa,898,8,11,68,92,449.59375,395.43850267379685,0.265625,0.31016042780748665,False,row0_col0,256,187,0,34
899,143963,36eb7440912b14f82d4f0a68,899,27,18,220,148,1049.03125,611.22513089005236,0.859375,0.60732984293193715,False,row1_col2,256,191,0,32
900,514490,80f88014c0d14ab592726fe3,900,26,13,212,108,1012.109375,463.97326203208559,0.828125,0.39572192513368987,False,row1_col2,256,187,0,34
901,543111,eedf98ccb5a364857973747a,901,7,12,60,100,424.171875,426.1720430107527,0.234375,0.34946236559139787,False,row1_col0,256,186,0,35
902,178510,dd4ad461de197a243a121525,902,14,10,116,84,633.890625,335.79057591623041,0.453125,0.27225130890052357,False,row0_col1,256,191,0,32
903,166251,21a65ebf59d2ba6f5a645963,903,11,11,92,92,480.140625,377.77551020408163,0.359375,0.31632653061224492,False,row0_col1,256,196,0,30
904,739928,b612bc23f04a82e4e9573610,904,24,18,196,148,894.375,633.33333333333337,0.765625,0.60846560846560849,False,row1_col2,256,189,0,33
905,434639,7140572419651ba542cd1fdf,905,15,14,124,116,671.171875,471.70680628272254,0.484375,0.43979057591623039,False,row1_col1,256,191,0,32
906,112005,72516b14bd4f8c49162a07e5,906,5,12,44,100,304.40625,411.67567567567568,0.171875,0.35135135135135137,False,row1_col0,256,185,0,35
907,503211,d6dbdc0bd6330963f936dfc9,907,11,13,92,108,495.828125,449.20000000000005,0.359375,0.40000000000000002,False,row1_col1,256,195,0,30
908,594439,d8e33de8429b55ebb8877642,908,7,16,60,132,331.578125,552.14893617021278,0.234375,0.52127659574468088,False,row1_col0,256,188,0,34
909,523719,df913345c4c2be5eeed41459,909,7,14,60,116,390.921875,493.18652849740931,0.234375,0.44041450777202074,False,row1_col0,256,193,0,31
910,56965,40471d6b4d3d450e63bc3466,910,5,20,44,164,289.640625,683.75,0.171875,0.6875,False,row2_col0,256,192,0,32
911,538203,b082c61b6f6397804ebe9514,911,27,18,220,148,1074.296875,626.71276595744689,0.859375,0.6063829787234043,False,row1_col2,256,188,0,34
912,547630,57d3f410b6fcba2a57bda29d,912,14,25,116,204,635.15625,872.10000000000002,0.453125,0.90000000000000002,False,row2_col1,256,190,0,33
913,552350,e1bd21e34648fdeb39895cd0,913,30,12,244,100,1124.625,418.1720430107527,0.953125,0.34946236559139787,False,row1_col2,256,186,0,35
914,471499,c7f35be6760fdb85307e2d49,914,11,14,92,116,501.234375,494.55319148936172,0.359375,0.43617021276595747,False,row1_col1,256,188,0,34
915,463472,f06dd4b0ff466537119cc2af,915,16,19,132,156,667.125,659.82795698924724,0.515625,0.65053763440860213,False,row1_col1,256,186,0,35
916,534984,e6a42e7bbe1942d90ee3b93f,916,8,14,68,116,390.921875,497.11702127659578,0.265625,0.43617021276595747,False,row1_col0,256,188,0,34
917,598457,d38497f6cb09922f8f3dcf04,917,25,13,204,108,1066.171875,454.08900523560209,0.796875,0.39790575916230364,False,row1_col2,256,191,0,32
918,556816,b412565dd5f18a8e4ce8533b,918,16,24,132,196,665.671875,827.7783505154639,0.515625,0.85051546391752575,False,row2_col1,256,194,0,31
919,489910,113ae33369eea4ce7f0b6955,919,22,13,180,108,868.734375,458.42857142857139,0.703125,0.3968253968253968,False,row1_col2,256,189,0,33
920,380503,d78a35ec684695d072d6b211,920,23,18,188,148,913.21875,612.35828877005349,0.734375,0.60962566844919786,False,row1_col2,256,187,0,34
921,726475,81558ebcaaea05566ec9d393,921,11,14,92,116,533.828125,490.78835978835974,0.359375,0.43915343915343913,False,row1_col1,256,189,0,33
922,253658,5f54a832376b920cdc467195,922,26,22,212,180,1022.21875,774.47872340425533,0.828125,0.77659574468085102,False,row2_col2,256,188,0,34
923,519664,f90b9ab0071176524a75e54f,923,16,15,132,124,659.125,530.52879581151831,0.515625,0.48167539267015708,False,row1_col1,256,191,0,32
924,470405,7b4398b5f7d90eaafd6f9de7,924,5,12,44,100,350.375,418.87096774193549,0.171875,0.34946236559139787,False,row1_col0,256,186,0,35
925,581063,9a1ad63dc381c61153abcebd,925,7,14,60,116,344.40625,479.84210526315792,0.234375,0.43684210526315792,False,row1_col0,256,190,0,33
926,29322,8beb03d8a5bb47d4e9a2581d,926,10,20,84,164,463.90625,691.53513513513508,0.328125,0.69729729729729728,False,row2_col0,256,185,0,35
927,554551,edb01c151c563bb82cc5df9d,927,23,17,188,140,924.40625,591.88297872340422,0.734375,0.56382978723404253,False,row1_col2,256,188,0,34
928,572808,8430cec5bf6a0ee7d4c4b34e,928,8,12,68,100,447.328125,408.63157894736838,0.265625,0.35263157894736841,False,row1_col0,256,190,0,33
929,489849,113ae33369eea4ce7f0b6955,929,25,11,204,92,971.765625,389.85714285714283,0.796875,0.31216931216931215,False,row0_col2,256,189,0,33
930,54507,d1458cc139bf5041872709d8,930,11,7,92,60,481.625,247.37894736842105,0.359375,0.14210526315789473,False,row0_col1,256,190,0,33
931,596534,068d42fadee7759ebbad25c7,931,22,17,180,140,913.625,590.96858638743458,0.703125,0.56544502617801051,False,row1_col2,256,191,0,32
932,720424,92aabc20a6f4499561293f2f,932,8,17,68,140,421.71875,574.78378378378375,0.265625,0.56756756756756754,False,row1_col0,256,185,0,35
933,321783,e366b8893ee234784cfdf96a,933,23,7,188,60,948.703125,237.3819095477387,0.734375,0.16080402010050251,False,row0_col2,256,199,0,28
934,516503,8bb55828650e42ce1359edc9,934,23,12,188,100,942.609375,415.70588235294122,0.734375,0.35294117647058826,False,row1_col2,256,187,0,34
935,684665,5f992fdd05552118b4d67202,935,25,19,204,156,1009.53125,651.13043478260875,0.796875,0.65217391304347827,False,row1_col2,256,184,0,36
936,247318,cd0de5b2186c92b842b4814a,936,22,16,180,132,925.84375,544.85714285714289,0.703125,0.52380952380952384,False,row1_col2,256,189,0,33
937,539063,abac48c206f4f9db98c1c8cf,937,23,13,188,108,933.078125,450.82989690721649,0.734375,0.39690721649484534,False,row1_col2,256,194,0,31
938,396872,84f95a6d6caa9fedd81a91ce,938,8,18,68,148,411.046875,597.79679144385022,0.265625,0.60962566844919786,False,row1_col0,256,187,0,34
939,503462,d6dbdc0bd6330963f936dfc9,939,6,21,52,172,322.859375,725.87692307692305,0.203125,0.72820512820512817,False,row2_col0,256,195,0,30
940,638243,d51f5564f4e76c5f59463abb,940,3,9,28,76,249.625,303.35416666666663,0.109375,0.22916666666666666,False,row0_col0,256,192,0,32
941,127578,f5fa9934c3d9553bf163df86,941,26,18,212,148,1014.734375,618.11640211640213,0.828125,0.60846560846560849,False,row1_col2,256,189,0,33
942,514716,80f88014c0d14ab592726fe3,942,28,20,228,164,1080.796875,703.84491978609628,0.890625,0.69518716577540107,False,row2_col2,256,187,0,34
943,573976,2608d95da3b3a020babab4a4,943,24,16,196,132,990.828125,552.11827956989248,0.765625,0.521505376344086,False,row1_col2,256,186,0,35
944,277678,825a1b23f7b0d75436750d93,944,14,5,116,44,654.15625,162.89528795811518,0.453125,0.062827225130890049,False,row0_col1,256,191,0,32
945,358961,6dc9bf8ff05d6f7df0e30315,945,17,17,140,140,707.484375,567.53439153439149,0.546875,0.56613756613756616,False,row1_col1,256,189,0,33
946,574998,677cd183b987906faf2e530c,946,22,16,180,132,917.359375,560.98378378378379,0.703125,0.5243243243243243,False,row1_col2,256,185,0,35
947,602534,4353ce725c8d749885d3c4b7,947,6,13,52,108,288.625,449.31578947368422,0.203125,0.39473684210526316,False,row1_col0,256,190,0,33
948,151048,6aacc3e88c7b1fee9f8c4019,948,8,16,68,132,418.375,556.0785340314136,0.265625,0.52356020942408377,False,row1_col0,256,191,0,32
949,717383,9dd6c00d22421262fb390d57,949,7,18,60,148,390.921875,625.73913043478262,0.234375,0.60869565217391308,False,row1_col0,256,184,0,36
950,706817,d1b696acc3c7aa007b3f1439,950,1,8,12,68,169.125,280.62827225130889,0.046875,0.18848167539267016,False,row0_col0,256,191,0,32
951,601575,cbbfcf781cf2e6b2a448637f,951,7,15,60,124,362.28125,512.27083333333337,0.234375,0.47916666666666669,False,row1_col0,256,192,0,32
952,404090,83857231f379f6809fc9639f,952,26,19,212,156,1066.21875,657.88461538461536,0.828125,0.65384615384615385,False,row1_col2,256,182,0,37
953,657050,82da62713a0e4c22cbd7efd6,953,26,20,212,164,1016.90625,691.53513513513508,0.828125,0.69729729729729728,False,row2_col2,256,185,0,35
954,84688,d97ecfbcd8824d84ea5eae90,954,16,22,132,180,660.5,768.72375690607737,0.515625,0.79005524861878451,False,row2_col1,256,181,0,37
955,547173,57d3f410b6fcba2a57bda29d,955,5,11,44,92,324.09375,389.32105263157894,0.171875,0.31052631578947371,False,row0_col0,256,190,0,33
956,467416,55697275b8b27562c9eb1a4c,956,24,14,196,116,946.1875,488.8125,0.765625,0.4375,False,row1_col2,256,192,0,32
957,464375,7a0f74886ddf2564aac2dcae,957,23,15,188,124,901.609375,529.50802139037432,0.734375,0.48128342245989303,False,row1_col2,256,187,0,34
958,126707,74dba489b837409bdc9002e2,958,19,23,156,188,811.625,788.72251308900525,0.609375,0.81675392670157065,False,row2_col1,256,191,0,32
959,665108,227969fa61ff286c2e58e4b7,959,20,16,164,132,826.96875,550.41081081081074,0.640625,0.5243243243243243,False,row1_col1,256,185,0,35
960,591371,583fd37185c66e5b35d4ad0d,960,11,16,92,132,510.3125,551.84771573604064,0.359375,0.52284263959390864,False,row1_col1,256,197,0,29
961,599246,7e43c32828df193edc42ddff,961,14,6,116,52,648.984375,217.17021276595744,0.453125,0.095744680851063829,False,row0_col1,256,188,0,34
962,486877,9ac9ebb9578650063235ec30,962,29,14,236,116,1107.140625,492.50785340314138,0.921875,0.43979057591623039,False,row1_col2,256,191,0,32
963,169648,0995d605d7742fc0e60c12be,963,16,21,132,172,663.28125,715.75401069518716,0.515625,0.73796791443850263,False,row2_col1,256,187,0,34
964,303641,6d1104b9ed5d737c509d9e3c,964,25,16,204,132,1001.359375,551.23404255319156,0.796875,0.52127659574468088,False,row1_col2,256,188,0,34
965,729722,8d10243544cfbd17a41b803a,965,26,19,212,156,1016.59375,657.627027027027,0.828125,0.65405405405405403,False,row1_col2,256,185,0,35
966,308605,7490ef8c3e3d243f5abc226b,966,29,11,236,92,1167.359375,367.25263157894739,0.921875,0.31052631578947371,False,row0_col2,256,190,0,33
967,520522,faf3e3da73ae229e7fc9da66,967,10,10,84,84,477.953125,358.17112299465242,0.328125,0.26737967914438504,False,row0_col0,256,187,0,34
968,526888,5d258a6d34f1b116ab308ce4,968,8,17,68,140,401.125,572.88297872340422,0.265625,0.56382978723404253,False,row1_col0,256,188,0,34
969,482012,0493c50e4f0350b831275383,969,28,22,228,180,1132.703125,763.68000000000006,0.890625,0.76000000000000001,False,row2_col2,256,200,0,28
970,541987,736df5902e9879b38b3b9634,970,3,9,28,76,222.203125,313.89999999999998,0.109375,0.22631578947368422,False,row0_col0,256,190,0,33
971,542508,736df5902e9879b38b3b9634,971,12,25,100,204,531.296875,864.30000000000007,0.390625,0.90000000000000002,False,row2_col1,256,190,0,33
972,490971,f93c3ed6d29f639d27608bfa,972,27,14,220,116,1040.453125,492.88775510204079,0.859375,0.43877551020408162,False,row1_col2,256,196,0,30
973,98839,7193a011383f62c1ab378a8f,973,23,16,188,132,904.421875,555.95384615384614,0.734375,0.52307692307692311,False,row1_col2,256,195,0,30
974,483010,08e2b3b386fb9b49a55d363c,974,2,22,20,180,211.703125,757.77894736842097,0.078125,0.77368421052631575,False,row2_col0,256,190,0,33
975,489943,113ae33369eea4ce7f0b6955,975,23,14,188,116,903.078125,492.71428571428572,0.734375,0.43915343915343913,False,row1_col2,256,189,0,33
976,344682,2c3f234377604e8dcb2d2a73,976,10,19,84,156,466.234375,653.13043478260875,0.328125,0.65217391304347827,False,row1_col0,256,184,0,36
977,43578,d140f47bc847b703c1b20aec,977,26,17,212,140,1074.390625,577.14438502673806,0.828125,0.5668449197860963,False,row1_col2,256,187,0,34
978,526789,5d258a6d34f1b116ab308ce4,978,5,14,44,116,298.375,470.11702127659578,0.171875,0.43617021276595747,False,row1_col0,256,188,0,34
979,490041,113ae33369eea4ce7f0b6955,979,25,17,204,140,971.765625,595.57142857142867,0.796875,0.56613756613756616,False,row1_col2,256,189,0,33
980,555494,442850a2087d62c7e9453fcd,980,6,15,52,124,362.625,517.88172043010752,0.203125,0.478494623655914,False,row1_col0,256,186,0,35
981,303584,6d1104b9ed5d737c509d9e3c,981,0,15,4,124,141.203125,516.76595744680856,0.015625,0.47872340425531917,False,row1_col0,256,188,0,34
982,261946,c1ff20ff899dc91318e1d07f,982,26,25,212,204,1057.390625,865,0.828125,0.90476190476190477,False,row2_col2,256,189,0,33
983,499107,fae0767fbbc62b038bf2e8d7,983,3,13,28,108,219.203125,460.97326203208559,0.109375,0.39572192513368987,False,row1_col0,256,187,0,34
984,282007,802b8776e6e8022705bfa739,984,23,12,188,100,897.828125,403.28571428571428,0.734375,0.35714285714285715,False,row1_col2,256,196,0,30
985,691753,26b9524860e2f239e66cf060,985,9,17,76,140,443.53125,582.4375,0.296875,0.5625,False,row1_col0,256,192,0,32
986,513512,43a8d937bdc326d6174ea535,986,8,15,68,124,439.390625,525.85106382978734,0.265625,0.47872340425531917,False,row1_col0,256,188,0,34
987,138462,970a0e63436f260f3c624f80,987,30,6,244,52,1188.015625,212.24590163934425,0.953125,0.087431693989071038,False,row0_col2,256,183,0,36
988,664090,3f0b56e3daead59ea51a5d24,988,26,16,212,132,1052.734375,553.8125,0.828125,0.52083333333333337,False,row1_col2,256,192,0,32
989,126539,74dba489b837409bdc9002e2,989,11,18,92,148,533.625,614.69109947643983,0.359375,0.60732984293193715,False,row1_col1,256,191,0,32
990,473837,1d12ec902c3113b35c317ef8,990,13,23,108,188,582.53125,791.78947368421052,0.421875,0.81578947368421051,False,row2_col1,256,190,0,33
991,51832,c8bcbc95e371b76bfc0ccf6a,991,24,19,196,156,936.78125,645.89729729729731,0.765625,0.65405405405405403,False,row1_col2,256,185,0,35
992,91721,b707c1eb67ac9b8893cde411,992,9,18,76,148,465.53125,615.2032967032967,0.296875,0.60989010989010994,False,row1_col0,256,182,0,37
993,702158,8add5feca183d695007a94e7,993,14,22,116,180,613.15625,762.95652173913049,0.453125,0.78260869565217395,False,row2_col1,256,184,0,36
994,583172,9fbe77467132d5c93ee01128,994,4,16,36,132,313.546875,555.28571428571433,0.140625,0.52380952380952384,False,row1_col0,256,189,0,33
995,135798,ae10765eee319809f6e8d9ae,995,22,19,180,156,906.359375,658.68279569892468,0.703125,0.65053763440860213,False,row1_col2,256,186,0,35
996,319144,2ac609b41ab210f3c4173256,996,8,21,68,172,418.375,731.5628415300547,0.265625,0.74316939890710387,False,row2_col0,256,183,0,36
997,567956,ce1b06db295c8aa47115048c,997,20,20,164,164,810.84375,697.06451612903231,0.640625,0.69354838709677424,False,row2_col1,256,186,0,35
998,4750,0d71665cc32e00cbf316979e,998,14,20,116,164,637.875,696.76502732240442,0.453125,0.69945355191256831,False,row2_col1,256,183,0,36
999,549465,b7cc7826ac85ae8215b61101,999,25,18,204,148,1008.375,630.07894736842104,0.796875,0.60526315789473684,False,row1_col2,256,190,0,33
1000,106133,0f0e951d310459324ed1146f,1000,21,20,172,164,863.734375,687.30000000000007,0.671875,0.68947368421052635,False,row2_col2,256,190,0,33
1001,460206,220c8ee1c69449f9af0ae7f1,1001,14,13,116,108,568.34375,465.35416666666663,0.453125,0.39583333333333331,False,row1_col1,256,192,0,32
1002,650001,3f8c7ad9849e7d9320a48378,1002,17,24,140,196,682.484375,825.08648648648648,0.546875,0.87027027027027026,False,row2_col1,256,185,0,35
1003,60983,cb14ed724416e3ae9c8de0f8,1003,23,17,188,140,905.21875,592.91891891891896,0.734375,0.56756756756756754,False,row1_col2,256,185,0,35
1004,464208,7a0f74886ddf2564aac2dcae,1004,16,10,132,84,661.640625,358.17112299465242,0.515625,0.26737967914438504,False,row0_col1,256,187,0,34
1005,715124,94aacc4991ca8c49186c4c97,1005,20,11,164,92,812.171875,379.79459459459463,0.640625,0.30810810810810813,False,row0_col1,256,185,0,35
1006,383482,525e253a65f0af92629166a4,1006,26,15,212,124,1038.90625,516.1875,0.828125,0.47916666666666669,False,row1_col2,256,192,0,32
1007,632972,129602615670ca169c5d2adf,1007,12,4,100,36,504.203125,142.3279569892473,0.390625,0.0053763440860215058,False,row0_col1,256,186,0,35
1008,644692,7d6050d5579cb6deb88d8cf8,1008,20,18,164,148,805.375,633.62566844919786,0.640625,0.60962566844919786,False,row1_col1,256,187,0,34
1009,583143,9fbe77467132d5c93ee01128,1009,7,15,60,124,416.578125,521,0.234375,0.48148148148148145,False,row1_col0,256,189,0,33
1010,322862,18b34aa0fc8c8af8138154fe,1010,14,9,116,76,624.15625,313.04347826086956,0.453125,0.21739130434782608,False,row0_col1,256,184,0,36
1011,496073,152a6af5fd08ee8687052c5c,1011,9,14,76,116,448.484375,496.37234042553195,0.296875,0.43617021276595747,False,row1_col0,256,188,0,34
1012,102952,813b908ddf7d0066a8a11ef6,1012,8,17,68,140,405.78125,581.1436464088398,0.265625,0.56906077348066297,False,row1_col0,256,181,0,37
1013,693911,cefaf5a44ecfd5ed51bd547c,1013,23,20,188,164,943.21875,681.18085106382978,0.734375,0.69148936170212771,False,row2_col2,256,188,0,34
1014,35367,2943c088e8878c50a249592d,1014,7,17,60,140,391.625,584.64893617021278,0.234375,0.56382978723404253,False,row1_col0,256,188,0,34
1015,487830,cbe7415bc3817302e0c76f2d,1015,22,12,180,100,898.21875,420.3056994818653,0.703125,0.35751295336787564,False,row1_col2,256,193,0,31
1016,482797,08e2b3b386fb9b49a55d363c,1016,13,15,108,124,588.796875,517.86315789473679,0.421875,0.47894736842105262,False,row1_col1,256,190,0,33
1017,592199,fe666fef2b8871f5528589d3,1017,7,10,60,84,440.40625,367.82901554404145,0.234375,0.27461139896373055,False,row0_col0,256,193,0,31
1018,646697,78320b73d7e5345b4fe8afe9,1018,9,17,76,140,411.234375,599.53439153439149,0.296875,0.56613756613756616,False,row1_col0,256,189,0,33
1019,486808,9ac9ebb9578650063235ec30,1019,24,12,196,100,935.421875,423.64921465968587,0.765625,0.35602094240837695,False,row1_col2,256,191,0,32
1020,492270,af227d5d2da548642af3d8e8,1020,14,23,116,188,556.515625,799.63874345549732,0.453125,0.81675392670157065,False,row2_col1,256,191,0,32
1021,304358,fa425b55ae4649a7440cdfd7,1021,6,7,52,60,330.84375,236.06417112299465,0.203125,0.13903743315508021,False,row0_col0,256,187,0,34
1022,512501,91decb18deafedf261951d4d,1022,21,15,172,124,819.375,529.50802139037432,0.671875,0.48128342245989303,False,row1_col2,256,187,0,34
1023,426608,d8ff8af48bd325dbbb696129,1023,16,19,132,156,708.34375,651.44919786096261,0.515625,0.65240641711229952,False,row1_col1,256,187,0,34
1024,324902,f5cda31a858d786125df8e22,1024,6,9,52,76,357.90625,314.48704663212436,0.203125,0.23316062176165803,False,row0_col0,256,193,0,31
1025,327225,829fa0ee35fbd7c1c841a103,1025,25,17,204,140,969.15625,577.17741935483878,0.796875,0.56451612903225812,False,row1_col2,256,186,0,35
1026,596240,068d42fadee7759ebbad25c7,1026,16,8,132,68,708.125,282.98952879581151,0.515625,0.18848167539267016,False,row0_col1,256,191,0,32
1027,650854,4b2633be99f67ebb463d227e,1027,6,19,52,156,314.84375,657.627027027027,0.203125,0.65405405405405403,False,row1_col0,256,185,0,35
1028,93671,e4622a2495fee2989741879a,1028,7,15,60,124,373.453125,509.66666666666669,0.234375,0.478494623655914,False,row1_col0,256,186,0,35
1029,693687,cefaf5a44ecfd5ed51bd547c,1029,23,13,188,108,943.21875,439.01063829787233,0.734375,0.39361702127659576,False,row1_col2,256,188,0,34
1030,240015,21eca792f54b686012c5c7ae,1030,15,12,124,100,669.625,405.08333333333337,0.484375,0.35416666666666669,False,row1_col1,256,192,0,32
1031,475442,73937759020f473dae5c179a,1031,18,9,148,76,711.890625,312.31578947368422,0.578125,0.22631578947368422,False,row0_col1,256,190,0,33
1032,317065,571ee3662d24063a85881fe9,1032,9,20,76,164,460.234375,686.53513513513508,0.296875,0.69729729729729728,False,row2_col0,256,185,0,35
1033,728894,fede9202cd41f9fef004cc9a,1033,30,25,244,204,1135.34375,868.79032258064512,0.953125,0.90860215053763438,False,row2_col2,256,186,0,35
1034,147044,6d36a77190afe991bdd3beaf,1034,4,19,36,156,264.953125,645.33333333333337,0.140625,0.65053763440860213,False,row1_col0,256,186,0,35
1035,687878,c06d3ceaf63e1591e4fb4494,1035,6,24,52,196,353.265625,837.09424083769636,0.203125,0.8586387434554974,False,row2_col0,256,191,0,32
1036,617793,e9b79f16d364e3a2fa877ce7,1036,1,10,12,84,169.65625,342.83243243243248,0.046875,0.26486486486486488,False,row0_col0,256,185,0,35
1037,588037,47ecb67f20914fe9324d2108,1037,5,8,44,68,308.125,275.66666666666663,0.171875,0.18518518518518517,False,row0_col0,256,189,0,33
1038,521941,eb0351acb0beefb86ab98462,1038,21,22,172,180,844.046875,760.15957446808511,0.671875,0.77659574468085102,False,row2_col2,256,188,0,34
1039,227696,0336057f9171642b8e58ca9b,1039,16,11,132,92,715.375,393.625,0.515625,0.3125,False,row0_col1,256,192,0,32
1040,117254,7c41685bf488a58de2fe104b,1040,6,16,52,132,327.859375,559.30526315789461,0.203125,0.52105263157894732,False,row1_col0,256,190,0,33
1041,543081,eedf98ccb5a364857973747a,1041,9,11,76,92,492.484375,391.93548387096774,0.296875,0.30645161290322581,False,row0_col0,256,186,0,35
1042,113317,df25d625c991e5e7eb0f6dc4,1042,5,21,44,172,300.125,725.04347826086951,0.171875,0.73913043478260865,False,row2_col0,256,184,0,36
1043,275697,605944fd8272a0a3f3c61ab4,1043,17,7,140,60,726.109375,241.92513368983958,0.546875,0.13903743315508021,False,row0_col1,256,187,0,34
1044,225945,2b4b6352c349b3d52ed92754,1044,25,20,204,164,1006.734375,701.75510204081627,0.796875,0.68367346938775508,False,row2_col2,256,196,0,30
1045,606713,07487879b83ab8bf265d8c1f,1045,25,15,204,124,1034.765625,538.99487179487187,0.796875,0.48205128205128206,False,row1_col2,256,195,0,30
1046,124289,49300051975ddaf699eca8d9,1046,1,12,12,100,158.65625,431.37837837837839,0.046875,0.35135135135135137,False,row1_col0,256,185,0,35
1047,426474,d8ff8af48bd325dbbb696129,1047,10,15,84,124,500.21875,512.83957219251329,0.328125,0.48128342245989303,False,row1_col0,256,187,0,34
1048,420505,cca4df1af11b6f70d6b2fea3,1048,25,20,204,164,987.53125,667.74736842105267,0.796875,0.68947368421052635,False,row2_col2,256,190,0,33
1049,10893,ca1191675acfe9ec5285967b,1049,13,20,108,164,552.90625,703.30000000000007,0.421875,0.68947368421052635,False,row2_col1,256,190,0,33
1050,729904,8d10243544cfbd17a41b803a,1050,16,25,132,204,672.21875,864.15675675675675,0.515625,0.91351351351351351,False,row2_col1,256,185,0,35
1051,602581,4353ce725c8d749885d3c4b7,1051,21,14,172,116,802.375,483.58947368421053,0.671875,0.43684210526315792,False,row1_col2,256,190,0,33
1052,571814,9183cf46ec95f7416fc2cadd,1052,6,13,52,108,329.21875,445.73684210526318,0.203125,0.39473684210526316,False,row1_col0,256,190,0,33
1053,321093,c334dd8d45005b5a85e577b3,1053,5,18,44,148,292.640625,612.469696969697,0.171875,0.60101010101010099,False,row1_col0,256,198,0,29
1054,365997,b9fd7826307ce6bb94f27b18,1054,13,13,108,108,598.390625,443.90322580645159,0.421875,0.39247311827956988,False,row1_col1,256,186,0,35
1055,117351,7c41685bf488a58de2fe104b,1055,7,19,60,156,362.453125,663.13684210526321,0.234375,0.64736842105263159,False,row1_col0,256,190,0,33
1056,463728,f06dd4b0ff466537119cc2af,1056,16,27,132,220,667.125,933.72043010752691,0.515625,0.9946236559139785,False,row2_col1,256,186,0,35
1057,411179,4edadd04331e7debbee7dbc0,1057,11,17,92,140,489.671875,588.83597883597884,0.359375,0.56613756613756616,False,row1_col1,256,189,0,33
1058,727352,922064a26912754f70ed0696,1058,24,9,196,76,945.546875,310.04347826086956,0.765625,0.21739130434782608,False,row0_col2,256,184,0,36
1059,571051,0b5210b7f75c32ce0315b40b,1059,11,21,92,172,531.953125,720.05128205128199,0.359375,0.72820512820512817,False,row2_col1,256,195,0,30
1060,714412,1e20d9fe7440f3007d646560,1060,12,21,100,172,559.46875,728.57446808510633,0.390625,0.73404255319148937,False,row2_col1,256,188,0,34
1061,317585,989ae53a83cf97dc6d08dbe9,1061,17,4,140,36,711.390625,127.64893617021276,0.546875,0.010638297872340425,False,row0_col1,256,188,0,34
1062,178712,dd4ad461de197a243a121525,1062,24,16,196,132,977.953125,542.36649214659678,0.765625,0.52356020942408377,False,row1_col2,256,191,0,32
1063,681593,adaa8ed3d22e57fc4d08fec5,1063,25,19,204,156,1020.53125,652.43478260869563,0.796875,0.65217391304347827,False,row1_col2,256,184,0,36
1064,293276,50086bd6ca8500ae698af9ac,1064,28,12,228,100,1119.03125,406.34020618556701,0.890625,0.35567010309278352,False,row1_col2,256,194,0,31
1065,328347,b68be114738359817943c9b2,1065,27,20,220,164,1057.328125,684.28042328042329,0.859375,0.69312169312169314,False,row2_col2,256,189,0,33
1066,720606,92aabc20a6f4499561293f2f,1066,30,22,244,180,1179.34375,746.89189189189187,0.953125,0.78378378378378377,False,row2_col2,256,185,0,35
1067,721488,aaa015ca6a44f303044cb7bf,1067,16,18,132,148,705.828125,626.11640211640213,0.515625,0.60846560846560849,False,row1_col1,256,189,0,33
1068,176305,1f4ef5622d6a1f36e4aa5bbe,1068,17,5,140,44,737.484375,168.60869565217391,0.546875,0.043478260869565216,False,row0_col1,256,184,0,36
1069,2599,a2e7834787baf26ee424c739,1069,7,17,60,140,352.21875,598.62162162162167,0.234375,0.56756756756756754,False,row1_col0,256,185,0,35
1070,507334,61f217f44bf2fb9b5077b9b6,1070,6,14,52,116,346.625,493.15263157894736,0.203125,0.43684210526315792,False,row1_col0,256,190,0,33
1071,27141,6ac91469a3c514313640a2f3,1071,5,16,44,132,302.609375,552.98378378378379,0.171875,0.5243243243243243,False,row1_col0,256,185,0,35
1072,79302,c45bca2ff1189b57883f62b3,1072,6,14,52,116,347.640625,481.82258064516128,0.203125,0.43548387096774194,False,row1_col0,256,186,0,35
1073,546262,e47bf05116ca1e4921049cf3,1073,22,14,180,116,913.765625,490.78109452736317,0.703125,0.44278606965174128,False,row1_col2,256,201,0,27
1074,574968,677cd183b987906faf2e530c,1074,24,15,196,124,986.546875,526.34594594594591,0.765625,0.48108108108108111,False,row1_col2,256,185,0,35
1075,47780,b87c381e4a842e0b20bf5138,1075,4,21,36,172,264.671875,720.75401069518716,0.140625,0.73796791443850263,False,row2_col0,256,187,0,34
1076,690531,7518c6376e2146766b15e23d,1076,3,11,28,92,222.625,391.80526315789473,0.109375,0.31052631578947371,False,row0_col0,256,190,0,33
1077,501222,d8aec49d4eabf940e94e99b9,1077,6,15,52,124,332.21875,526.50802139037432,0.203125,0.48128342245989303,False,row1_col0,256,187,0,34
1078,80359,f228eee20ee0df690a4e51b6,1078,7,15,60,124,376.921875,531.83957219251329,0.234375,0.48128342245989303,False,row1_col0,256,187,0,34
1079,609799,4b2934de204003644e1cf7cc,1079,7,16,60,132,416.109375,557.11827956989248,0.234375,0.521505376344086,False,row1_col0,256,186,0,35
1080,599681,7e43c32828df193edc42ddff,1080,1,20,12,164,202.515625,697.34042553191489,0.046875,0.69148936170212771,False,row2_col0,256,188,0,34
1081,101927,f7464ed5a8656ac375a0fb2d,1081,7,17,60,140,410.625,594.37158469945348,0.234375,0.56830601092896171,False,row1_col0,256,183,0,36
1082,521867,eb0351acb0beefb86ab98462,1082,11,20,92,164,501.234375,691.64893617021278,0.359375,0.69148936170212771,False,row2_col1,256,188,0,34
1083,115208,89b989a81f1da592d59cc87b,1083,8,16,68,132,426.375,561.91304347826087,0.265625,0.52173913043478259,False,row1_col0,256,184,0,36
1084,476772,29967e147eb9c7a768964adf,1084,4,19,36,156,261.546875,664.14285714285711,0.140625,0.65079365079365081,False,row1_col0,256,189,0,33
1085,144963,f7f29bc516d8bf1032c86519,1085,3,18,28,148,230.296875,629.19170984455968,0.109375,0.60621761658031093,False,row1_col0,256,193,0,31
1086,272591,12def0a47aa043439d178972,1086,15,6,124,52,680.625,196.22340425531917,0.484375,0.095744680851063829,False,row0_col1,256,188,0,34
1087,517591,f4df64b5ff783c747eb82df3,1087,23,14,188,116,958.078125,494.55319148936172,0.734375,0.43617021276595747,False,row1_col2,256,188,0,34
1088,253370,5f54a832376b920cdc467195,1088,26,13,212,108,1022.21875,461.58510638297872,0.828125,0.39361702127659576,False,row1_col2,256,188,0,34
1089,646600,78320b73d7e5345b4fe8afe9,1089,8,14,68,116,376.578125,495.78835978835974,0.265625,0.43915343915343913,False,row1_col0,256,189,0,33
1090,464291,7a0f74886ddf2564aac2dcae,1090,3,13,28,108,215.984375,460.97326203208559,0.109375,0.39572192513368987,False,row1_col0,256,187,0,34
1091,482705,08e2b3b386fb9b49a55d363c,1091,17,12,140,100,725.921875,415.04210526315791,0.546875,0.35263157894736841,False,row1_col1,256,190,0,33
1092,488247,cbe7415bc3817302e0c76f2d,1092,23,25,188,204,932.40625,865.40414507772016,0.734375,0.89637305699481862,False,row2_col2,256,193,0,31
1093,84388,d97ecfbcd8824d84ea5eae90,1093,4,13,36,108,240.5,453.67403314917129,0.140625,0.39226519337016574,False,row1_col0,256,181,0,37
1094,342565,1b4772939ca9ecd9e08d219a,1094,5,17,44,140,278.125,587.16842105263163,0.171875,0.56315789473684208,False,row1_col0,256,190,0,33
1095,717337,9dd6c00d22421262fb390d57,1095,25,16,204,132,1014.734375,556.3478260869565,0.796875,0.52173913043478259,False,row1_col2,256,184,0,36
1096,387704,22ab2c684f502bb67ac25bda,1096,24,19,196,156,943.5,651.74742268041246,0.765625,0.64432989690721654,False,row1_col2,256,194,0,31
1097,596597,068d42fadee7759ebbad25c7,1097,21,19,172,156,879.375,659.40837696335075,0.671875,0.64921465968586389,False,row1_col2,256,191,0,32
1098,506345,53e9a502e46a7b9e168d9115,1098,9,15,76,124,419.375,531.372340425532,0.296875,0.47872340425531917,False,row1_col0,256,188,0,34
1099,78409,fbfdec218cbf0635738d2c12,1099,9,18,76,148,442.640625,623.79558011049721,0.296875,0.61325966850828728,False,row1_col0,256,181,0,37
1100,147014,6d36a77190afe991bdd3beaf,1100,6,18,52,148,334.265625,610.66666666666674,0.203125,0.60752688172043012,False,row1_col0,256,186,0,35
1101,542384,736df5902e9879b38b3b9634,1101,16,21,132,172,668.671875,726.70000000000005,0.515625,0.73157894736842111,False,row2_col1,256,190,0,33
1102,470267,7b4398b5f7d90eaafd6f9de7,1102,27,7,220,60,1103.875,247.25806451612902,0.859375,0.13440860215053763,False,row0_col2,256,186,0,35
1103,486929,9ac9ebb9578650063235ec30,1103,17,16,140,132,695.015625,561.36649214659678,0.546875,0.52356020942408377,False,row1_col1,256,191,0,32
1104,581958,45bfb62d2b8a12a9724eb563,1104,6,10,52,84,321.21875,352.09574468085106,0.203125,0.26595744680851063,False,row0_col0,256,188,0,34
1105,175420,b1e12102411c176bd5c55672,1105,28,9,228,76,1121.703125,313.33333333333331,0.890625,0.2275132275132275,False,row0_col2,256,189,0,33
1106,17117,f4edc4be6ad1d9afc66e3637,1106,29,22,236,180,1129.515625,763.96842105263158,0.921875,0.77368421052631575,False,row2_col2,256,190,0,33
1107,672263,d692f72fe45c727cb0757d5a,1107,7,16,60,132,436.578125,538.29230769230776,0.234375,0.52307692307692311,False,row1_col0,256,195,0,30
1108,410241,05ca24cc6157d09d27f43cc5,1108,1,20,12,164,149.59375,687,0.046875,0.69565217391304346,False,row2_col0,256,184,0,36
1109,481784,0493c50e4f0350b831275383,1109,24,15,196,124,994.078125,520.63999999999999,0.765625,0.47999999999999998,False,row1_col2,256,200,0,28
1110,229994,e5ea460098f78f89058a7af5,1110,10,19,84,156,493.90625,661.13043478260875,0.328125,0.65217391304347827,False,row1_col0,256,184,0,36
1111,574307,2608d95da3b3a020babab4a4,1111,3,27,28,220,273.546875,928.72043010752691,0.109375,0.9946236559139785,False,row2_col0,256,186,0,35
1112,526773,5d258a6d34f1b116ab308ce4,1112,21,13,172,108,846.375,435.86170212765961,0.671875,0.39361702127659576,False,row1_col2,256,188,0,34
1113,118233,b732c57615def8f4ab818c3f,1113,25,14,204,116,1022.125,490.45945945945948,0.796875,0.43783783783783786,False,row1_col2,256,185,0,35
1114,133560,2f583ef3203d5ac90b59a547,1114,24,13,196,108,994.71875,448.55614973262033,0.765625,0.39572192513368987,False,row1_col2,256,187,0,34
1115,719644,f92f442ca28c1794b5281ba1,1115,28,24,228,196,1113.375,836.47894736842102,0.890625,0.85789473684210527,False,row2_col2,256,190,0,33
1116,565626,cdff67add7326ebbbabf8a48,1116,26,11,212,92,1025.9375,387.92307692307691,0.828125,0.30219780219780218,False,row0_col2,256,182,0,37
1117,133719,2f583ef3203d5ac90b59a547,1117,23,18,188,148,960.28125,620.74866310160428,0.734375,0.60962566844919786,False,row1_col2,256,187,0,34
1118,157180,63f23e2fc4a87e66536e23d3,1118,28,15,228,124,1121.375,519.77595628415293,0.890625,0.48087431693989069,False,row1_col2,256,183,0,36
1119,542049,736df5902e9879b38b3b9634,1119,1,11,12,92,153.515625,382.70000000000005,0.046875,0.31052631578947371,False,row0_col0,256,190,0,33
1120,674380,187703c2aaaaa1fd86865fe2,1120,12,18,100,148,579.421875,615.65445026178008,0.390625,0.60732984293193715,False,row1_col1,256,191,0,32
1121,83252,587b74bfc019c7be94717f25,1121,20,9,164,76,812.296875,301.54838709677421,0.640625,0.22043010752688172,False,row0_col1,256,186,0,35
1122,559471,61b5465c722b8b833ec48621,1122,15,11,124,92,675.421875,383.93548387096774,0.484375,0.30645161290322581,False,row0_col1,256,186,0,35
1123,495409,17686a11fc83b9f929d8d85e,1123,17,25,140,204,761.375,868.24731182795699,0.546875,0.90860215053763438,False,row2_col1,256,186,0,35
1124,383512,525e253a65f0af92629166a4,1124,24,16,196,132,969.78125,550.8125,0.765625,0.52083333333333337,False,row1_col2,256,192,0,32
1125,534949,e6a42e7bbe1942d90ee3b93f,1125,5,13,44,108,287.890625,462.86170212765961,0.171875,0.39361702127659576,False,row1_col0,256,188,0,34
1126,569173,d25a12404a5aa914a7906fd6,1126,21,26,172,212,879.375,900.18085106382978,0.671875,0.94680851063829785,False,row2_col2,256,188,0,34
1127,474586,5b0c8102bd3a2a571e7c2c76,1127,26,14,212,116,1064.625,494.55319148936172,0.828125,0.43617021276595747,False,row1_col2,256,188,0,34
1128,596500,068d42fadee7759ebbad25c7,1128,20,16,164,132,845.125,556.74869109947645,0.640625,0.52356020942408377,False,row1_col1,256,191,0,32
1129,424293,bcf903efa792910c09f1c106,1129,5,11,44,92,289.125,347.43406593406593,0.171875,0.30219780219780218,False,row0_col0,256,182,0,37
1130,154168,ce80ae72436d84596ffaa522,1130,24,17,196,140,952.84375,595.62162162162167,0.765625,0.56756756756756754,False,row1_col2,256,185,0,35
1131,408995,f1b1a21a9d97d3eb8ef2a36a,1131,3,13,28,108,255.84375,443.6596858638743,0.109375,0.39790575916230364,False,row1_col0,256,191,0,32
1132,350977,fb0fc8380eda2b3a475c35eb,1132,1,24,12,196,153.65625,815.97872340425533,0.046875,0.86170212765957444,False,row2_col0,256,188,0,34
1133,485800,8ce9e51dbad44f0e4107d965,1133,8,13,68,108,376.390625,457.08900523560209,0.265625,0.39790575916230364,False,row1_col0,256,191,0,32
1134,491899,af227d5d2da548642af3d8e8,1134,27,11,220,92,1007.046875,384.47643979057591,0.859375,0.31413612565445026,False,row0_col2,256,191,0,32
1135,296431,e198308262ce13324faec9fd,1135,15,15,124,124,655.71875,521.34594594594591,0.484375,0.48108108108108111,False,row1_col1,256,185,0,35
1136,739853,b612bc23f04a82e4e9573610,1136,13,16,108,132,512.125,564,0.421875,0.52380952380952384,False,row1_col1,256,189,0,33
1137,577046,eebb80b7602a9bc51384c3b3,1137,22,16,180,132,888.4375,558.87564766839375,0.703125,0.52331606217616577,False,row1_col2,256,193,0,31
1138,174653,88c4bf09a5d57231f89b045c,1138,29,17,236,140,1134.515625,574.14438502673806,0.921875,0.5668449197860963,False,row1_col2,256,187,0,34
1139,590426,a17fa7ec81831aabb30abf4e,1139,26,18,212,148,1100.453125,628.74468085106389,0.828125,0.6063829787234043,False,row1_col2,256,188,0,34
1140,735863,b775ec910e16d493500239f2,1140,23,19,188,156,907.421875,671.90052356020942,0.734375,0.64921465968586389,False,row1_col2,256,191,0,32
1141,566778,163f27e0d1466030dadaebb8,1141,26,15,212,124,1052.734375,528.66666666666674,0.828125,0.478494623655914,False,row1_col2,256,186,0,35
1142,371291,dbf24df1fbf05890f62cb775,1142,27,18,220,148,1086.625,630.11111111111109,0.859375,0.61111111111111116,False,row1_col2,256,180,0,38
1143,709041,7731cbaac561ffb2001abafb,1143,17,13,140,108,723.765625,436.91666666666663,0.546875,0.39583333333333331,False,row1_col1,256,192,0,32
1144,162196,60611d165a78aab7eb01b780,1144,20,12,164,100,798.53125,432.62433862433863,0.640625,0.35449735449735448,False,row1_col1,256,189,0,33
1145,58605,7381cb78aaec6db422f04d3f,1145,13,7,108,60,589.640625,237.09999999999999,0.421875,0.14210526315789473,False,row0_col1,256,190,0,33
1146,516567,8bb55828650e42ce1359edc9,1146,23,14,188,116,942.609375,484.24064171122996,0.734375,0.43850267379679142,False,row1_col2,256,187,0,34
1147,116386,7ca059b6fa1e54dd4a7dcf3f,1147,2,21,20,172,206.640625,726.9375,0.078125,0.72916666666666663,False,row2_col0,256,192,0,32
1148,108811,35015470ada828bd02e3e08b,1148,11,8,92,68,510.546875,269.26943005181346,0.359375,0.19170984455958548,False,row0_col1,256,193,0,31
1149,497003,2b2d0a01139cb06591c16929,1149,11,11,92,92,491.078125,389.2962962962963,0.359375,0.31216931216931215,False,row0_col1,256,189,0,33
1150,389736,58941e2ed5798562410c5326,1150,8,19,68,156,425.578125,655.25130890052355,0.265625,0.64921465968586389,False,row1_col0,256,191,0,32
1151,191063,9e3ff6a52f10ae8e139d3c38,1151,23,18,188,148,918.15625,626.0625,0.734375,0.60416666666666663,False,row1_col2,256,192,0,32
1152,135676,ae10765eee319809f6e8d9ae,1152,28,15,228,124,1113.921875,520.18817204301081,0.890625,0.478494623655914,False,row1_col2,256,186,0,35
1153,314253,cfe68510ca15cd1473d0ef71,1153,13,28,108,228,556.59375,961.64285714285711,0.421875,1.010204081632653,True,padding_center,256,196,0,30
1154,602630,4353ce725c8d749885d3c4b7,1154,6,16,52,132,288.625,552.1368421052631,0.203125,0.52105263157894732,False,row1_col0,256,190,0,33
1155,596568,068d42fadee7759ebbad25c7,1155,24,18,196,148,982.125,625.18848167539272,0.765625,0.60732984293193715,False,row1_col2,256,191,0,32
1156,486967,9ac9ebb9578650063235ec30,1156,23,17,188,140,901.078125,595.79581151832463,0.734375,0.56544502617801051,False,row1_col2,256,191,0,32
1157,440972,78b30cfbd744741692ca9e79,1157,12,20,100,164,530.421875,679.73913043478262,0.390625,0.69565217391304346,False,row2_col1,256,184,0,36
1158,585485,c977bea10bf03c99460cec13,1158,13,24,108,196,568.0625,829.89999999999998,0.421875,0.85789473684210527,False,row2_col1,256,190,0,33
1159,724478,6310504d1bce92bd2609676d,1159,30,15,244,124,1132.390625,521.76595744680856,0.953125,0.47872340425531917,False,row1_col2,256,188,0,34
1160,706884,d1b696acc3c7aa007b3f1439,1160,4,10,36,84,273.375,350.24083769633512,0.140625,0.27225130890052357,False,row0_col0,256,191,0,32
1161,43416,d140f47bc847b703c1b20aec,1161,24,12,196,100,1005.078125,403.88235294117646,0.765625,0.35294117647058826,False,row1_col2,256,187,0,34
1162,491018,f93c3ed6d29f639d27608bfa,1162,10,16,84,132,456.609375,561.70408163265301,0.328125,0.52040816326530615,False,row1_col0,256,196,0,30
1163,206404,7c3fa4f3ec7844bba589fc1b,1163,4,18,36,148,272.96875,617.17021276595756,0.140625,0.6063829787234043,False,row1_col0,256,188,0,34
1164,513545,43a8d937bdc326d6174ea535,1164,9,16,76,132,473.671875,560.14893617021278,0.296875,0.52127659574468088,False,row1_col0,256,188,0,34
1165,555508,442850a2087d62c7e9453fcd,1165,20,15,164,124,842.125,517.88172043010752,0.640625,0.478494623655914,False,row1_col1,256,186,0,35
1166,349607,178406615aaeb3e456e1b3cc,1166,7,13,60,108,355.625,435.19047619047615,0.234375,0.3968253968253968,False,row1_col0,256,189,0,33
1167,487976,cbe7415bc3817302e0c76f2d,1167,8,17,68,140,419.59375,591.49740932642487,0.265625,0.56476683937823835,False,row1_col0,256,193,0,31
1168,633410,129602615670ca169c5d2adf,1168,2,18,20,148,157.640625,627.05913978494618,0.078125,0.60752688172043012,False,row1_col0,256,186,0,35
1169,244099,2d869e49280e98d4f624cdc6,1169,3,12,28,100,205.5,432.39086294416245,0.109375,0.3604060913705584,False,row1_col0,256,197,0,29
1170,511288,7e205d3f86dfa2c6e030bdfc,1170,24,9,196,76,960.828125,315.51832460732987,0.765625,0.23036649214659685,False,row0_col2,256,191,0,32
1171,572209,9183cf46ec95f7416fc2cadd,1171,17,25,140,204,705.28125,855,0.546875,0.90000000000000002,False,row2_col1,256,190,0,33
1172,76280,7362ade95f32642a9f44c44a,1172,24,15,196,124,997.03125,526.14572864321599,0.765625,0.48241206030150752,False,row1_col2,256,199,0,28
1173,487716,cbe7415bc3817302e0c76f2d,1173,4,9,36,76,282.84375,317.59067357512953,0.140625,0.23316062176165803,False,row0_col0,256,193,0,31
1174,525833,e8abeda485644b2b7acbf9f4,1174,9,16,76,132,407.484375,554.17801047120417,0.296875,0.52356020942408377,False,row1_col0,256,191,0,32
1175,526806,5d258a6d34f1b116ab308ce4,1175,22,14,180,116,880.625,470.11702127659578,0.703125,0.43617021276595747,False,row1_col2,256,188,0,34
1176,466274,f811b6561edd9f797ff5e802,1176,2,11,20,92,203.859375,380.65957446808511,0.078125,0.30851063829787234,False,row0_col0,256,188,0,34
1177,418460,985af2bec00e007d5a2584c9,1177,28,20,228,164,1107.703125,673.84816753926702,0.890625,0.69109947643979053,False,row2_col2,256,191,0,32
1178,258703,dfbe513d6531461f0ef29a6a,1178,15,20,124,164,653.203125,693.73913043478262,0.484375,0.69565217391304346,False,row2_col1,256,184,0,36
1179,349829,178406615aaeb3e456e1b3cc,1179,5,20,44,164,286.125,678.7460317460318,0.171875,0.69312169312169314,False,row2_col0,256,189,0,33
1180,80565,f228eee20ee0df690a4e51b6,1180,21,21,172,172,862.109375,739.75401069518716,0.671875,0.73796791443850263,False,row2_col2,256,187,0,34
1181,214586,5a18d7e0e87db7400eaa225c,1181,26,17,212,140,1027.390625,581.4354838709678,0.828125,0.56451612903225812,False,row1_col2,256,186,0,35
1182,730675,21db2b7a45a0e29417a469f0,1182,19,17,156,140,770.625,585.3650793650794,0.609375,0.56613756613756616,False,row1_col1,256,189,0,33
1183,562562,feae8edd69230ba2d038a705,1183,2,12,20,100,231.625,419.86910994764395,0.078125,0.35602094240837695,False,row1_col0,256,191,0,32
1184,330294,084113d51f52939d74d2a4fd,1184,22,17,180,140,856.65625,601.14438502673806,0.703125,0.5668449197860963,False,row1_col2,256,187,0,34
1185,281846,802b8776e6e8022705bfa739,1185,22,7,180,60,862.984375,229.40816326530611,0.703125,0.15306122448979592,False,row0_col2,256,196,0,30
1186,356889,896ecacb2e63e157dc4e35d7,1186,25,16,204,132,1030.515625,559.0785340314136,0.796875,0.52356020942408377,False,row1_col2,256,191,0,32
1187,325336,f5cda31a858d786125df8e22,1187,24,22,196,180,989.03125,770.90155440414503,0.765625,0.772020725388601,False,row2_col2,256,193,0,31
1188,120408,630be0f098a5ec263bec1d35,1188,24,18,196,148,975.546875,618.19170984455968,0.765625,0.60621761658031093,False,row1_col2,256,193,0,31
1189,555412,442850a2087d62c7e9453fcd,1189,20,12,164,100,842.125,415.1720430107527,0.640625,0.34946236559139787,False,row1_col1,256,186,0,35
1190,286219,52ed4da2285d211f61ff5e8e,1190,11,16,92,132,507.546875,547.49197860962568,0.359375,0.52406417112299464,False,row1_col1,256,187,0,34
1191,559566,61b5465c722b8b833ec48621,1191,14,14,116,116,641.265625,486.64516129032256,0.453125,0.43548387096774194,False,row1_col1,256,186,0,35
1192,253592,5f54a832376b920cdc467195,1192,24,20,196,164,952.84375,704.94680851063833,0.765625,0.69148936170212771,False,row2_col2,256,188,0,34
1193,459091,c3cb302619dac53bc3e9a2b8,1193,19,10,156,84,765.65625,360.09574468085106,0.609375,0.26595744680851063,False,row0_col1,256,188,0,34
1194,120471,630be0f098a5ec263bec1d35,1194,23,20,188,164,940.953125,687.41450777202078,0.734375,0.68911917098445596,False,row2_col2,256,193,0,31
1195,533826,8213a75d6bb493befa13560d,1195,2,10,20,84,217.625,353.625,0.078125,0.27083333333333331,False,row0_col0,256,192,0,32
1196,522004,eb0351acb0beefb86ab98462,1196,20,24,164,196,809.765625,828.67021276595744,0.640625,0.86170212765957444,False,row2_col1,256,188,0,34
1197,725610,4e68548ea0608614aa35b760,1197,10,19,84,156,448.21875,652.43478260869563,0.328125,0.65217391304347827,False,row1_col0,256,184,0,36
1198,247122,cd0de5b2186c92b842b4814a,1198,18,10,148,84,788.09375,338.38095238095241,0.578125,0.26984126984126983,False,row0_col1,256,189,0,33
1199,694651,2ee12c1915309e3c1ad2d6ae,1199,27,11,220,92,1090.328125,379.12765957446811,0.859375,0.30851063829787234,False,row0_col2,256,188,0,34
1200,487121,9ac9ebb9578650063235ec30,1200,17,22,140,180,695.015625,767.94240837696339,0.546875,0.77486910994764402,False,row2_col1,256,191,0,32
1201,526950,5d258a6d34f1b116ab308ce4,1201,6,19,52,156,332.625,641.39361702127655,0.203125,0.64893617021276595,False,row1_col0,256,188,0,34
1202,491283,f93c3ed6d29f639d27608bfa,1202,19,24,156,196,765.703125,836.96938775510205,0.609375,0.84693877551020413,False,row2_col1,256,196,0,30
1203,677418,4d5d55e234be8f30903864ed,1203,10,17,84,140,479.59375,587.70212765957444,0.328125,0.56382978723404253,False,row1_col0,256,188,0,34
1204,40505,d60c6fc93e9eed8f0286cc7b,1204,25,17,204,140,1014.125,594.89189189189187,0.796875,0.56756756756756754,False,row1_col2,256,185,0,35
1205,101107,76884f70ebe18c8dbf09d6a5,1205,19,23,156,188,760.84375,800.28717948717951,0.609375,0.81025641025641026,False,row2_col1,256,195,0,30
1206,437870,c192edd74fe8165b22e50c5a,1206,14,19,116,156,613.15625,641.23711340206194,0.453125,0.64432989690721654,False,row1_col1,256,194,0,31
1207,506436,53e9a502e46a7b9e168d9115,1207,4,18,36,148,248.125,634.13829787234044,0.140625,0.6063829787234043,False,row1_col0,256,188,0,34
1208,523588,df913345c4c2be5eeed41459,1208,4,10,36,84,286.953125,354.57512953367871,0.140625,0.27461139896373055,False,row0_col0,256,193,0,31
1209,117258,7c41685bf488a58de2fe104b,1209,10,16,84,132,466.234375,559.30526315789461,0.328125,0.52105263157894732,False,row1_col0,256,190,0,33
1210,699960,3298125517c7a54235ced2e8,1210,24,17,196,140,969.71875,582.70212765957444,0.765625,0.56382978723404253,False,row1_col2,256,188,0,34
1211,635481,8bf8afec70e5fbe4d7956c1a,1211,25,18,204,148,1038.5,623.22950819672133,0.796875,0.61202185792349728,False,row1_col2,256,183,0,36
1212,485788,8ce9e51dbad44f0e4107d965,1212,28,12,228,100,1062.015625,422.86910994764395,0.890625,0.35602094240837695,False,row1_col2,256,191,0,32
1213,462330,cdd3402e4d0aa4a5fbc61954,1213,26,15,212,124,982.109375,521,0.828125,0.48148148148148145,False,row1_col2,256,189,0,33
1214,461251,439720347b525b459d2cd2a2,1214,3,14,28,116,281.875,507.69743589743587,0.109375,0.44102564102564101,False,row1_col0,256,195,0,30
1215,655036,d76501c670a10ab364d9061e,1215,28,21,228,172,1074.578125,723.16315789473686,0.890625,0.73157894736842111,False,row2_col2,256,190,0,33
1216,272931,12def0a47aa043439d178972,1216,3,17,28,140,263.625,578.64893617021278,0.109375,0.56382978723404253,False,row1_col0,256,188,0,34
1217,633691,129602615670ca169c5d2adf,1217,27,26,220,212,1024.046875,904.04838709677426,0.859375,0.95161290322580649,False,row2_col2,256,186,0,35
1218,704722,1259266d27a1502f5814f674,1218,18,6,148,52,728.609375,203.63265306122449,0.578125,0.11224489795918367,False,row0_col1,256,196,0,30
1219,526834,5d258a6d34f1b116ab308ce4,1219,18,15,148,124,743.625,504.37234042553195,0.578125,0.47872340425531917,False,row1_col1,256,188,0,34
1220,488207,cbe7415bc3817302e0c76f2d,1220,15,24,124,196,658.90625,831.16580310880829,0.484375,0.85492227979274615,False,row2_col1,256,193,0,31
1221,464260,7a0f74886ddf2564aac2dcae,1221,4,12,36,100,250.265625,426.70588235294122,0.140625,0.35294117647058826,False,row1_col0,256,187,0,34
1222,560798,c685b4a491f88fc79b166eaa,1222,30,20,244,164,1201.71875,703.84491978609628,0.953125,0.69518716577540107,False,row2_col2,256,187,0,34
1223,354923,8deef7cbf795dc5034389593,1223,11,19,92,156,466.953125,661.14285714285711,0.359375,0.65079365079365081,False,row1_col1,256,189,0,33
1224,492884,bc5170b2dbd4e825a4bfa3ef,1224,20,10,164,84,798.046875,348.70833333333331,0.640625,0.27083333333333331,False,row0_col1,256,192,0,32
1225,194024,aefb29f0a27380abd8a7072a,1225,8,15,68,124,421.71875,523.93717277486917,0.265625,0.48167539267015708,False,row1_col0,256,191,0,32
1226,614952,57c1f270dff8706bef20031f,1226,8,17,68,140,419.84375,595,0.265625,0.56451612903225812,False,row1_col0,256,186,0,35
1227,545873,e47bf05116ca1e4921049cf3,1227,17,2,140,20,740.484375,75.736318407960198,0.546875,-0.03482587064676617,True,padding_center,256,201,0,27
1228,592358,fe666fef2b8871f5528589d3,1228,6,15,52,124,406.21875,539.02072538860102,0.203125,0.48186528497409326,False,row1_col0,256,193,0,31
1229,717639,9dd6c00d22421262fb390d57,1229,7,26,60,212,390.921875,903.304347826087,0.234375,0.95652173913043481,False,row2_col0,256,184,0,36
1230,263618,f8d5bac9c8363fd36181c874,1230,2,14,20,116,236.65625,486.1639344262295,0.078125,0.43715846994535518,False,row1_col0,256,183,0,36
1231,280118,7c82c52bae96e3de9eb55c46,1231,22,17,180,140,881.359375,583.91304347826076,0.703125,0.56521739130434778,False,row1_col2,256,184,0,36
1232,537924,b082c61b6f6397804ebe9514,1232,4,10,36,84,288.703125,354.031914893617,0.140625,0.26595744680851063,False,row0_col0,256,188,0,34
1233,270933,ea6c797466588fd922c5de39,1233,21,18,172,148,841.46875,620.62765957446811,0.671875,0.6063829787234043,False,row1_col2,256,188,0,34
1234,596470,068d42fadee7759ebbad25c7,1234,22,15,180,124,913.625,522.52879581151831,0.703125,0.48167539267015708,False,row1_col2,256,191,0,32
1235,683715,af97ad278b11dd6829adda17,1235,3,22,28,180,197.078125,758.92857142857144,0.109375,0.7857142857142857,False,row2_col0,256,182,0,37
1236,528837,7ed463394b5acb61e1574507,1236,5,14,44,116,273.546875,490.625,0.171875,0.4375,False,row1_col0,256,192,0,32
1237,650527,4b2633be99f67ebb463d227e,1237,31,8,252,68,1175.78125,278.98918918918923,0.984375,0.17837837837837839,False,row0_col2,256,185,0,35
1238,472601,77f12352984de874b6cd5378,1238,25,16,204,132,1022.171875,558.28571428571433,0.796875,0.52380952380952384,False,row1_col2,256,189,0,33
1239,166528,21a65ebf59d2ba6f5a645963,1239,0,20,4,164,95.484375,692.22448979591832,0.015625,0.68367346938775508,False,row2_col0,256,196,0,30
1240,258650,dfbe513d6531461f0ef29a6a,1240,26,18,212,148,1033.734375,624.52173913043475,0.828125,0.60869565217391308,False,row1_col2,256,184,0,36
1241,72962,fe93b73ddd86f0b267f37da8,1241,2,8,20,68,215.109375,280.22222222222217,0.078125,0.18518518518518517,False,row0_col0,256,189,0,33
1242,499078,fae0767fbbc62b038bf2e8d7,1242,6,12,52,100,322.234375,426.70588235294122,0.203125,0.35294117647058826,False,row1_col0,256,187,0,34
1243,325322,f5cda31a858d786125df8e22,1243,10,22,84,180,498.15625,770.90155440414503,0.328125,0.772020725388601,False,row2_col0,256,193,0,31
1244,523857,df913345c4c2be5eeed41459,1244,17,18,140,148,737.484375,631.79792746113992,0.546875,0.60621761658031093,False,row1_col1,256,193,0,31
1245,223921,b984b329871f0e84f5fd4de2,1245,17,21,140,172,704.765625,723.1351351351351,0.546875,0.74054054054054053,False,row2_col1,256,185,0,35
1246,655914,2ee1148cf2bfb979a3c11be3,1246,10,17,84,140,462.875,577.73913043478251,0.328125,0.56521739130434778,False,row1_col0,256,184,0,36
1247,549400,b7cc7826ac85ae8215b61101,1247,24,16,196,132,974.125,561.61578947368412,0.765625,0.52105263157894732,False,row1_col2,256,190,0,33
1248,508734,f5b4ddaa2084fc1c86822eb6,1248,30,25,244,204,1193.578125,864.375,0.953125,0.89583333333333337,False,row2_col2,256,192,0,32
1249,202685,8d754e60af04c510870195a0,1249,29,29,236,236,1134.515625,994.99999999999989,0.921875,1.0806451612903225,True,padding_center,256,186,0,35
1250,491346,f93c3ed6d29f639d27608bfa,1250,18,26,148,212,731.359375,905.78571428571433,0.578125,0.9285714285714286,False,row2_col1,256,196,0,30
1251,6427,b6eaf5e811a0be7062ed1bb3,1251,27,8,220,68,1035.046875,274.26943005181346,0.859375,0.19170984455958548,False,row0_col2,256,193,0,31
1252,526919,5d258a6d34f1b116ab308ce4,1252,7,18,60,148,366.875,607.13829787234044,0.234375,0.6063829787234043,False,row1_col0,256,188,0,34
1253,502215,5749ca6a1c4e4e10cf0ec75d,1253,7,14,60,116,405.109375,492.71428571428572,0.234375,0.43915343915343913,False,row1_col0,256,189,0,33
1254,676344,36bbd488b40fa9d32e6c7611,1254,24,15,196,124,980.78125,527.91443850267376,0.765625,0.48128342245989303,False,row1_col2,256,187,0,34
1255,569541,5676e48fb1caa42ecdd07480,1255,5,6,44,52,258.609375,211.20100502512562,0.171875,0.12060301507537688,False,row0_col0,256,199,0,28
1256,322171,e366b8893ee234784cfdf96a,1256,27,19,220,156,1089.078125,658.5276381909548,0.859375,0.64321608040201006,False,row1_col2,256,199,0,28
1257,80455,f228eee20ee0df690a4e51b6,1257,7,18,60,148,376.921875,635.79679144385022,0.234375,0.60962566844919786,False,row1_col0,256,187,0,34
1258,117382,7c41685bf488a58de2fe104b,1258,6,20,52,164,327.859375,697.74736842105267,0.203125,0.68947368421052635,False,row2_col0,256,190,0,33
1259,166594,21a65ebf59d2ba6f5a645963,1259,2,22,20,180,165.421875,762.10204081632651,0.078125,0.76530612244897955,False,row2_col0,256,196,0,30
1260,395961,a737d81a01b3a431788a0073,1260,25,21,204,172,965.734375,722.3478260869565,0.796875,0.73913043478260865,False,row2_col2,256,184,0,36
1261,608993,28b53dd19c8f65de13e95cab,1261,1,23,12,188,172.375,803.64705882352939,0.046875,0.82352941176470584,False,row2_col0,256,187,0,34
1262,533910,8213a75d6bb493befa13560d,1262,22,12,180,100,902.625,422.125,0.703125,0.35416666666666669,False,row1_col2,256,192,0,32
1263,83530,587b74bfc019c7be94717f25,1263,10,18,84,148,463.859375,615.09677419354841,0.328125,0.60752688172043012,False,row1_col0,256,186,0,35
1264,206329,7c3fa4f3ec7844bba589fc1b,1264,25,15,204,124,996.15625,513.76595744680856,0.796875,0.47872340425531917,False,row1_col2,256,188,0,34
1265,558873,27299ddb09d845cec194fcb0,1265,25,24,204,196,1000.78125,827.12169312169317,0.796875,0.86243386243386244,False,row2_col2,256,189,0,33
1266,304523,fa425b55ae4649a7440cdfd7,1266,11,12,92,100,503.03125,408.47058823529414,0.359375,0.35294117647058826,False,row1_col1,256,187,0,34
1267,594507,d8e33de8429b55ebb8877642,1267,11,18,92,148,468.953125,620.74468085106389,0.359375,0.6063829787234043,False,row1_col1,256,188,0,34
1268,730586,21db2b7a45a0e29417a469f0,1268,26,14,212,116,1013.875,480.98412698412699,0.828125,0.43915343915343913,False,row1_col2,256,189,0,33
1269,87622,e1c9abec502219412e89243a,1269,6,18,52,148,327.859375,615.76373626373629,0.203125,0.60989010989010994,False,row1_col0,256,182,0,37
1270,514555,80f88014c0d14ab592726fe3,1270,27,15,220,124,1046.453125,532.50802139037432,0.859375,0.48128342245989303,False,row1_col2,256,187,0,34
1271,491128,f93c3ed6d29f639d27608bfa,1271,24,19,196,156,937.421875,664.92857142857144,0.765625,0.6428571428571429,False,row1_col2,256,196,0,30
1272,585091,c977bea10bf03c99460cec13,1272,3,12,28,100,224.3125,417.09999999999997,0.109375,0.35263157894736841,False,row1_col0,256,190,0,33
1273,471357,c7f35be6760fdb85307e2d49,1273,29,9,236,76,1118.296875,323.063829787234,0.921875,0.22340425531914893,False,row0_col2,256,188,0,34
1274,582209,45bfb62d2b8a12a9724eb563,1274,1,18,12,148,150.28125,626.13829787234044,0.046875,0.6063829787234043,False,row1_col0,256,188,0,34
1275,466473,f811b6561edd9f797ff5e802,1275,9,17,76,140,444.265625,586.44680851063822,0.296875,0.56382978723404253,False,row1_col0,256,188,0,34
1276,67755,a5e44a049f152deb435edd40,1276,11,5,92,44,511.625,168.19354838709677,0.359375,0.048387096774193547,False,row0_col1,256,186,0,35
1277,80424,f228eee20ee0df690a4e51b6,1277,8,17,68,140,411.578125,601.14438502673806,0.265625,0.5668449197860963,False,row1_col0,256,187,0,34
1278,697956,0aefb854b741b33901ea1e52,1278,4,19,36,156,272.671875,651.44919786096261,0.140625,0.65240641711229952,False,row1_col0,256,187,0,34
1279,241240,a295a8c6aa450d3d4f552f13,1279,24,18,196,148,1011.671875,620.15873015873012,0.765625,0.60846560846560849,False,row1_col2,256,189,0,33
1280,547304,57d3f410b6fcba2a57bda29d,1280,8,15,68,124,427.78125,527.2578947368421,0.265625,0.47894736842105262,False,row1_col0,256,190,0,33
1281,671986,d692f72fe45c727cb0757d5a,1281,18,7,148,60,814.359375,229.61538461538461,0.578125,0.15384615384615385,False,row0_col1,256,195,0,30
1282,586195,feca696a5660a740402e9811,1282,19,14,156,116,823.046875,492.4540540540541,0.609375,0.43783783783783786,False,row1_col1,256,185,0,35
1283,693752,cefaf5a44ecfd5ed51bd547c,1283,24,15,196,124,977.78125,508.2021276595745,0.765625,0.47872340425531917,False,row1_col2,256,188,0,34
1284,659617,e529d504569d28a662f4d013,1284,1,5,12,44,172.65625,173.048128342246,0.046875,0.053475935828877004,False,row0_col0,256,187,0,34
1285,657943,c530cb0c0e739b7c0af0415d,1285,23,16,188,132,891.546875,553.23404255319156,0.734375,0.52127659574468088,False,row1_col2,256,188,0,34
1286,65200,db58b895d25ece9db831dde2,1286,16,21,132,172,658.921875,736.04347826086951,0.515625,0.73913043478260865,False,row2_col1,256,184,0,36
1287,731524,8e91dc5ebf61a30260770c9c,1287,4,12,36,100,245.96875,407.36170212765956,0.140625,0.35106382978723405,False,row1_col0,256,188,0,34
1288,88830,5477e1d816f3af5d3adf2b48,1288,30,23,244,188,1163.96875,813.06217616580307,0.953125,0.81347150259067358,False,row2_col2,256,193,0,31
1289,473674,1d12ec902c3113b35c317ef8,1289,10,18,84,148,479.96875,621.26315789473688,0.328125,0.60526315789473684,False,row1_col0,256,190,0,33
1290,510440,1159f92ec9c55b3c4702769b,1290,8,15,68,124,412.125,531.88172043010752,0.265625,0.478494623655914,False,row1_col0,256,186,0,35
1291,496165,152a6af5fd08ee8687052c5c,1291,5,17,44,140,311.859375,598.627659574468,0.171875,0.56382978723404253,False,row1_col0,256,188,0,34
1292,314919,ef59d1cbf4b57d08ba6bcb44,1292,7,17,60,140,401.921875,594.62303664921467,0.234375,0.56544502617801051,False,row1_col0,256,191,0,32
1293,225731,2b4b6352c349b3d52ed92754,1293,3,14,28,116,244.296875,494.08163265306121,0.109375,0.43877551020408162,False,row1_col0,256,196,0,30
1294,641786,a96e8fbb128dc3f4ea56a755,1294,26,23,212,188,1000.59375,795.56613756613763,0.828125,0.82010582010582012,False,row2_col2,256,189,0,33
1295,177502,d3087ca15c39ea0c8f15bf17,1295,30,10,244,84,1160.734375,347.52747252747258,0.953125,0.25824175824175827,False,row0_col2,256,182,0,37
1296,197851,75eaffb01baa039eb6d5f71b,1296,27,6,220,52,1092.046875,203.96791443850267,0.859375,0.096256684491978606,False,row0_col2,256,187,0,34
1297,501255,d8aec49d4eabf940e94e99b9,1297,7,16,60,132,366.40625,560.77540106951869,0.234375,0.52406417112299464,False,row1_col0,256,187,0,34
1298,582015,45bfb62d2b8a12a9724eb563,1298,31,11,252,92,1175.90625,386.35106382978722,0.984375,0.30851063829787234,False,row0_col2,256,188,0,34
1299,68162,a5e44a049f152deb435edd40,1299,2,18,20,148,198.875,621.09677419354841,0.078125,0.60752688172043012,False,row1_col0,256,186,0,35
1300,289290,d03b423ac174ea78bf4a6637,1300,10,16,84,132,478.21875,546.4922279792745,0.328125,0.52331606217616577,False,row1_col0,256,193,0,31
1301,685625,f1ca105fe73c64e1d617894e,1301,25,17,204,140,996.15625,574.70212765957444,0.796875,0.56382978723404253,False,row1_col2,256,188,0,34
1302,88598,5477e1d816f3af5d3adf2b48,1302,22,16,180,132,886.46875,570.4922279792745,0.703125,0.52331606217616577,False,row1_col2,256,193,0,31
1303,638164,d51f5564f4e76c5f59463abb,1303,20,6,164,52,840.375,198.97916666666669,0.640625,0.10416666666666667,False,row0_col1,256,192,0,32
1304,236025,450e892105e6d6a38e7e129c,1304,25,15,204,124,997.515625,521.61224489795916,0.796875,0.47959183673469385,False,row1_col2,256,196,0,30
1305,576904,eebb80b7602a9bc51384c3b3,1305,8,12,68,100,407.1875,421.09326424870466,0.265625,0.35751295336787564,False,row1_col0,256,193,0,31
1306,158122,e5c18f32ffcf933947d02a58,1306,10,13,84,108,510.53125,453.96721311475409,0.328125,0.39344262295081966,False,row1_col0,256,183,0,36
1307,292421,81f7959be88c5f860c5fc715,1307,5,18,44,148,288.265625,602.11640211640213,0.171875,0.60846560846560849,False,row1_col0,256,189,0,33
1308,486716,9ac9ebb9578650063235ec30,1308,28,9,228,76,1072.796875,320.36125654450262,0.890625,0.23036649214659685,False,row0_col2,256,191,0,32
1309,250172,537b9f873acf48eb2022de16,1309,28,9,228,76,1099.46875,297.89999999999998,0.890625,0.22631578947368422,False,row0_col2,256,190,0,33
1310,157420,63f23e2fc4a87e66536e23d3,1310,12,23,100,188,565.375,798.15846994535525,0.390625,0.8306010928961749,False,row2_col1,256,183,0,36
1311,225838,2b4b6352c349b3d52ed92754,1311,14,17,116,140,625.515625,597.91836734693879,0.453125,0.56122448979591832,False,row1_col1,256,196,0,30
1312,247340,cd0de5b2186c92b842b4814a,1312,12,17,100,140,581.46875,579.26984126984121,0.390625,0.56613756613756616,False,row1_col1,256,189,0,33
1313,601786,cbbfcf781cf2e6b2a448637f,1313,26,21,212,172,1016.59375,719.02083333333326,0.828125,0.72916666666666663,False,row2_col2,256,192,0,32
1314,616045,af9d0070e54aed81fc79e4ef,1314,13,19,108,156,598.859375,647.69841269841277,0.421875,0.65079365079365081,False,row1_col1,256,189,0,33
1315,10883,ca1191675acfe9ec5285967b,1315,3,20,28,164,208.53125,703.30000000000007,0.109375,0.68947368421052635,False,row2_col0,256,190,0,33
1316,593480,2eebabfc2544e47701bed697,1316,8,18,68,148,395.390625,631.18848167539272,0.265625,0.60732984293193715,False,row1_col0,256,191,0,32
1317,511494,7e205d3f86dfa2c6e030bdfc,1317,6,16,52,132,346.015625,554.17801047120417,0.203125,0.52356020942408377,False,row1_col0,256,191,0,32
1318,448143,558b808638166f54dfdd8633,1318,15,20,124,164,647.625,687.30366492146595,0.484375,0.69109947643979053,False,row2_col1,256,191,0,32
1319,467303,55697275b8b27562c9eb1a4c,1319,7,11,60,92,361.8125,385.4375,0.234375,0.3125,False,row0_col0,256,192,0,32
1320,400890,414d9b02f6f9676c4dd52a63,1320,26,15,212,124,1014.59375,503.94054054054055,0.828125,0.48108108108108111,False,row1_col2,256,185,0,35
1321,328166,b68be114738359817943c9b2,1321,6,15,52,124,330.859375,511.37037037037032,0.203125,0.48148148148148145,False,row1_col0,256,189,0,33
1322,485877,8ce9e51dbad44f0e4107d965,1322,21,15,172,124,822.046875,525.52879581151831,0.671875,0.48167539267015708,False,row1_col2,256,191,0,32
1323,673,1398a14ef7fc9ad146f80638,1323,1,21,12,172,166.65625,720.36065573770497,0.046875,0.74316939890710387,False,row2_col0,256,183,0,36
1324,514519,80f88014c0d14ab592726fe3,1324,23,14,188,116,909.078125,498.24064171122996,0.734375,0.43850267379679142,False,row1_col2,256,187,0,34
1325,398904,966b649722faf3cd9026b729,1325,24,17,196,140,977.078125,557.66666666666674,0.765625,0.56613756613756616,False,row1_col2,256,189,0,33
1326,572790,8430cec5bf6a0ee7d4c4b34e,1326,22,11,180,92,925.515625,374.5263157894737,0.703125,0.31052631578947371,False,row0_col2,256,190,0,33
1327,345685,d966074aac618fed4e291ae3,1327,21,18,172,148,826.390625,622.88717948717954,0.671875,0.60512820512820509,False,row1_col2,256,195,0,30
1328,118267,b732c57615def8f4ab818c3f,1328,27,15,220,124,1091.625,525.27027027027032,0.859375,0.48108108108108111,False,row1_col2,256,185,0,35
1329,354958,8deef7cbf795dc5034389593,1329,14,20,116,164,569.984375,695.42857142857144,0.453125,0.69312169312169314,False,row2_col1,256,189,0,33
1330,577000,eebb80b7602a9bc51384c3b3,1330,8,15,68,124,407.1875,524.43005181347144,0.265625,0.48186528497409326,False,row1_col0,256,193,0,31
1331,86529,77a85f3771060390b13f8469,1331,1,16,12,132,168.984375,553.49197860962568,0.046875,0.52406417112299464,False,row1_col0,256,187,0,34
1332,345668,d966074aac618fed4e291ae3,1332,4,18,36,148,242.546875,622.88717948717954,0.140625,0.60512820512820509,False,row1_col0,256,195,0,30
1333,240915,a295a8c6aa450d3d4f552f13,1333,19,8,156,68,837.453125,272.22222222222217,0.609375,0.18518518518518517,False,row0_col1,256,189,0,33
1334,481346,0493c50e4f0350b831275383,1334,2,2,20,20,231.640625,69.280000000000001,0.078125,-0.040000000000000001,True,padding_center,256,200,0,28
1335,633609,129602615670ca169c5d2adf,1335,9,24,76,196,400.234375,834.80107526881716,0.296875,0.86559139784946237,False,row2_col0,256,186,0,35
1336,366224,b9fd7826307ce6bb94f27b18,1336,16,20,132,164,702.921875,687.77419354838719,0.515625,0.69354838709677424,False,row2_col1,256,186,0,35
1337,487880,cbe7415bc3817302e0c76f2d,1337,8,14,68,116,419.59375,488.78238341968915,0.265625,0.44041450777202074,False,row1_col0,256,193,0,31
1338,515611,0e2145f7a61e9d7634649dca,1338,27,16,220,132,1028.15625,566.69189189189183,0.859375,0.5243243243243243,False,row1_col2,256,185,0,35
1339,513476,43a8d937bdc326d6174ea535,1339,4,14,36,116,302.265625,491.55319148936172,0.140625,0.43617021276595747,False,row1_col0,256,188,0,34
1340,576207,79609d9f8ec519016767e49f,1340,15,22,124,180,684.875,757.77894736842097,0.484375,0.77368421052631575,False,row2_col1,256,190,0,33
1341,487867,cbe7415bc3817302e0c76f2d,1341,27,13,220,108,1069.15625,454.54404145077717,0.859375,0.39896373056994816,False,row1_col2,256,193,0,31
1342,557493,d81cb231e10288659e7909e8,1342,21,13,172,108,886.03125,459.54404145077717,0.671875,0.39896373056994816,False,row1_col2,256,193,0,31
1343,55830,6d76d8f8a00db7e46f92f530,1343,22,16,180,132,887.359375,561.79787234042556,0.703125,0.52127659574468088,False,row1_col2,256,188,0,34
1344,352824,0e73d5b73d8a048c26edff31,1344,24,17,196,140,964.546875,570.91304347826076,0.765625,0.56521739130434778,False,row1_col2,256,184,0,36
1345,608680,28b53dd19c8f65de13e95cab,1345,8,13,68,108,412.125,460.97326203208559,0.265625,0.39572192513368987,False,row1_col0,256,187,0,34
1346,527978,cb1ccdc8b44488333fc76f45,1346,10,19,84,156,466.953125,659.40837696335075,0.328125,0.64921465968586389,False,row1_col0,256,191,0,32
1347,727388,922064a26912754f70ed0696,1347,28,10,228,84,1083.921875,344.6521739130435,0.890625,0.2608695652173913,False,row0_col2,256,184,0,36
1348,577961,78a32a3097554d80ef1bac9c,1348,9,13,76,108,448.484375,457.4444444444444,0.296875,0.3968253968253968,False,row1_col0,256,189,0,33
1349,501092,d8aec49d4eabf940e94e99b9,1349,4,11,36,92,263.84375,389.43850267379685,0.140625,0.31016042780748665,False,row0_col0,256,187,0,34
1350,520455,faf3e3da73ae229e7fc9da66,1350,7,8,60,68,375.109375,289.63636363636363,0.234375,0.18181818181818182,False,row0_col0,256,187,0,34
1351,387450,22ab2c684f502bb67ac25bda,1351,26,11,212,92,1013.5,372.32474226804123,0.828125,0.31443298969072164,False,row0_col2,256,194,0,31
1352,538073,b082c61b6f6397804ebe9514,1352,25,14,204,116,1005.984375,490.37234042553195,0.796875,0.43617021276595747,False,row1_col2,256,188,0,34
1353,671319,9a9832c17e186ccd3563cf20,1353,23,18,188,148,954.546875,617.17021276595756,0.734375,0.6063829787234043,False,row1_col2,256,188,0,34
1354,602633,4353ce725c8d749885d3c4b7,1354,9,16,76,132,391.375,552.1368421052631,0.296875,0.52105263157894732,False,row1_col0,256,190,0,33
1355,705724,745e27be1c9edae1c661541a,1355,28,5,228,44,1148.703125,169.34615384615384,0.890625,0.038461538461538464,False,row0_col2,256,182,0,37
1356,485987,8ce9e51dbad44f0e4107d965,1356,3,19,28,156,204.984375,662.40837696335075,0.109375,0.64921465968586389,False,row1_col0,256,191,0,32
1357,298301,e2d24e5a47106bd7023a7d65,1357,29,9,236,76,1136.890625,315.01587301587301,0.921875,0.2275132275132275,False,row0_col2,256,189,0,33
1358,83578,587b74bfc019c7be94717f25,1358,26,19,212,156,1021.359375,649.93548387096769,0.828125,0.65053763440860213,False,row1_col2,256,186,0,35
1359,516564,8bb55828650e42ce1359edc9,1359,20,14,164,116,839.765625,484.24064171122996,0.640625,0.43850267379679142,False,row1_col1,256,187,0,34
1360,464275,7a0f74886ddf2564aac2dcae,1360,19,12,156,100,764.484375,426.70588235294122,0.609375,0.35294117647058826,False,row1_col1,256,187,0,34
1361,458325,efab8b57a05312e6e2d6ff9c,1361,21,18,172,148,801.390625,623.5,0.671875,0.60526315789473684,False,row1_col2,256,190,0,33
1362,327128,829fa0ee35fbd7c1c841a103,1362,24,14,196,116,934.71875,473.82258064516128,0.765625,0.43548387096774194,False,row1_col2,256,186,0,35
1363,506552,53e9a502e46a7b9e168d9115,1363,24,21,196,172,933.125,736.90425531914889,0.765625,0.73404255319148937,False,row2_col2,256,188,0,34
1364,186917,5c1bf30bc1a4f784d36c8062,1364,5,17,44,140,304.265625,585.14438502673806,0.171875,0.5668449197860963,False,row1_col0,256,187,0,34
1365,261671,c1ff20ff899dc91318e1d07f,1365,7,17,60,140,398.921875,587.66666666666674,0.234375,0.56613756613756616,False,row1_col0,256,189,0,33
1366,542324,736df5902e9879b38b3b9634,1366,20,19,164,156,806.046875,657.89999999999998,0.640625,0.64736842105263159,False,row1_col1,256,190,0,33
1367,526833,5d258a6d34f1b116ab308ce4,1367,17,15,140,124,709.375,504.37234042553195,0.546875,0.47872340425531917,False,row1_col1,256,188,0,34
1368,618022,e9b79f16d364e3a2fa877ce7,1368,6,17,52,140,341.84375,583.78378378378375,0.203125,0.56756756756756754,False,row1_col0,256,185,0,35
1369,601718,cbbfcf781cf2e6b2a448637f,1369,22,19,180,156,878.84375,650.10416666666674,0.703125,0.64583333333333337,False,row1_col2,256,192,0,32
1370,577111,eebb80b7602a9bc51384c3b3,1370,23,18,188,148,922.8125,627.76683937823839,0.734375,0.60621761658031093,False,row1_col2,256,193,0,31
1371,215636,c0d503761e44e89054546681,1371,20,18,164,148,844.453125,618.11640211640213,0.640625,0.60846560846560849,False,row1_col1,256,189,0,33
1372,266887,7b748b5aa4e5e5bc0cc83a80,1372,7,20,60,164,376.921875,696.96721311475414,0.234375,0.69945355191256831,False,row2_col0,256,183,0,36
1373,570873,0b5210b7f75c32ce0315b40b,1373,25,15,204,124,1012.765625,514.51282051282055,0.796875,0.48205128205128206,False,row1_col2,256,195,0,30
1374,120220,630be0f098a5ec263bec1d35,1374,28,12,228,100,1113.921875,410.52331606217615,0.890625,0.35751295336787564,False,row1_col2,256,193,0,31
1375,100647,76884f70ebe18c8dbf09d6a5,1375,7,9,60,76,343.09375,313.8051282051282,0.234375,0.23589743589743589,False,row0_col0,256,195,0,30
1376,602384,4353ce725c8d749885d3c4b7,1376,16,8,132,68,631.125,277.9473684210526,0.515625,0.18421052631578946,False,row0_col1,256,190,0,33
1377,585238,c977bea10bf03c99460cec13,1377,22,16,180,132,877.4375,554.70000000000005,0.703125,0.52105263157894732,False,row1_col2,256,190,0,33
1378,539158,abac48c206f4f9db98c1c8cf,1378,22,16,180,132,898.734375,553.63402061855675,0.703125,0.52061855670103097,False,row1_col2,256,194,0,31
1379,675511,0a3535e7cb0948b575c9ea8e,1379,23,21,188,172,966.625,722.78974358974358,0.734375,0.72820512820512817,False,row2_col2,256,195,0,30
1380,162376,60611d165a78aab7eb01b780,1380,8,18,68,148,383.78125,640.11640211640213,0.265625,0.60846560846560849,False,row1_col0,256,189,0,33
1381,132712,1aa0d91925dd72251d174919,1381,8,19,68,156,392.046875,646.58510638297867,0.265625,0.64893617021276595,False,row1_col0,256,188,0,34
1382,544004,e3ecaf99c788239f18c8a991,1382,4,8,36,68,250.265625,281.3664921465969,0.140625,0.18848167539267016,False,row0_col0,256,191,0,32
1383,693945,cefaf5a44ecfd5ed51bd547c,1383,25,21,204,172,1012.34375,715.77659574468089,0.796875,0.73404255319148937,False,row2_col2,256,188,0,34
1384,308746,7490ef8c3e3d243f5abc226b,1384,10,16,84,132,508.890625,540.30526315789461,0.328125,0.52105263157894732,False,row1_col0,256,190,0,33
1385,161220,a93f8f679f4821573346dd3a,1385,4,14,36,116,305.96875,484.82258064516128,0.140625,0.43548387096774194,False,row1_col0,256,186,0,35
1386,534856,e6a42e7bbe1942d90ee3b93f,1386,8,10,68,84,390.921875,360.09574468085106,0.265625,0.26595744680851063,False,row0_col0,256,188,0,34
1387,586216,feca696a5660a740402e9811,1387,8,15,68,124,447.328125,526.57297297297305,0.265625,0.48108108108108111,False,row1_col0,256,185,0,35
1388,168144,8ddb86f33af46de74f6cb3c0,1388,16,6,132,52,715.28125,208.90000000000001,0.515625,0.10000000000000001,False,row0_col1,256,190,0,33
1389,72539,fd8fe61532624c2989845031,1389,27,26,220,212,1081.46875,900.01604278074865,0.859375,0.95187165775401072,False,row2_col2,256,187,0,34
1390,527087,5d258a6d34f1b116ab308ce4,1390,15,23,124,188,640.875,778.41489361702133,0.484375,0.81914893617021278,False,row2_col1,256,188,0,34
1391,345607,d966074aac618fed4e291ae3,1391,7,16,60,132,345.578125,554.29230769230776,0.234375,0.52307692307692311,False,row1_col0,256,195,0,30
1392,480046,516089d2e2e2c9755fbd5142,1392,14,25,116,204,615.984375,868.82978723404256,0.453125,0.9042553191489362,False,row2_col1,256,188,0,34
1393,120413,630be0f098a5ec263bec1d35,1393,29,18,236,148,1148.515625,618.19170984455968,0.921875,0.60621761658031093,False,row1_col2,256,193,0,31
1394,555474,442850a2087d62c7e9453fcd,1394,18,14,148,116,773.625,483.64516129032256,0.578125,0.43548387096774194,False,row1_col1,256,186,0,35
1395,517593,f4df64b5ff783c747eb82df3,1395,25,14,204,116,1026.765625,494.55319148936172,0.796875,0.43617021276595747,False,row1_col2,256,188,0,34
1396,216367,9b6ce10b25e555cba4aba46a,1396,15,9,124,76,647.71875,313.51891891891893,0.484375,0.22162162162162163,False,row0_col1,256,185,0,35
1397,606678,07487879b83ab8bf265d8c1f,1397,22,14,180,116,931.734375,504.69743589743587,0.703125,0.44102564102564101,False,row1_col2,256,195,0,30
1398,555449,442850a2087d62c7e9453fcd,1398,25,13,204,108,1013.375,449.4086021505376,0.796875,0.39247311827956988,False,row1_col2,256,186,0,35
1399,340442,13b0152a68a53d6271f1d621,1399,26,14,212,116,959.734375,471.08421052631581,0.828125,0.43684210526315792,False,row1_col2,256,190,0,33
1400,7632,a108220fc21cc09e9e4400ef,1400,16,14,132,116,705.921875,471.75,0.515625,0.4375,False,row1_col1,256,192,0,32
1401,435899,f5b415202f9796d16305892d,1401,27,21,220,172,1076.453125,717.17391304347825,0.859375,0.73913043478260865,False,row2_col2,256,184,0,36
1402,546137,e47bf05116ca1e4921049cf3,1402,25,10,204,84,1017.734375,352.43283582089555,0.796875,0.28358208955223879,False,row0_col2,256,201,0,27
1403,467296,55697275b8b27562c9eb1a4c,1403,0,11,4,92,121.1875,385.4375,0.015625,0.3125,False,row0_col0,256,192,0,32
1404,596392,068d42fadee7759ebbad25c7,1404,8,13,68,108,434.125,454.08900523560209,0.265625,0.39790575916230364,False,row1_col0,256,191,0,32
1405,56682,40471d6b4d3d450e63bc3466,1405,10,11,84,92,463.859375,370.25,0.328125,0.3125,False,row0_col0,256,192,0,32
1406,585124,c977bea10bf03c99460cec13,1406,4,13,36,108,258.6875,451.5,0.140625,0.39473684210526316,False,row1_col0,256,190,0,33
1407,463524,f06dd4b0ff466537119cc2af,1407,4,21,36,172,256.125,728.30107526881716,0.140625,0.73655913978494625,False,row2_col0,256,186,0,35
1408,605839,37007bcf2d5f43196d17bd6c,1408,15,20,124,164,647.8125,700.34042553191489,0.484375,0.69148936170212771,False,row2_col1,256,188,0,34
1409,536009,7e48cd1658e4af2a0a4efc9b,1409,9,14,76,116,462.671875,498.24064171122996,0.296875,0.43850267379679142,False,row1_col0,256,187,0,34
1410,447880,558b808638166f54dfdd8633,1410,8,12,68,100,404.375,408.85340314136124,0.265625,0.35602094240837695,False,row1_col0,256,191,0,32
1411,603373,02b8d585b96bf351d6297716,1411,13,7,108,60,579.53125,238.11398963730571,0.421875,0.15025906735751296,False,row0_col1,256,193,0,31
1412,596472,068d42fadee7759ebbad25c7,1412,24,15,196,124,982.125,522.52879581151831,0.765625,0.48167539267015708,False,row1_col2,256,191,0,32
1413,380578,d78a35ec684695d072d6b211,1413,2,21,20,172,187.40625,715.80213903743311,0.078125,0.73796791443850263,False,row2_col0,256,187,0,34
1414,76560,7362ade95f32642a9f44c44a,1414,16,24,132,196,716.53125,842.00502512562809,0.515625,0.84422110552763818,False,row2_col1,256,199,0,28
1415,632801,5b1f5c81c875f06122031a4b,1415,1,31,12,252,163.984375,1072.3333333333335,0.046875,1.1666666666666667,True,padding_center,256,186,0,35
1416,609832,4b2934de204003644e1cf7cc,1416,8,17,68,140,450.390625,591.35483870967744,0.265625,0.56451612903225812,False,row1_col0,256,186,0,35
1417,505590,5addf17fbe747cbcb767afaf,1417,22,23,180,188,882.734375,795.9214659685864,0.703125,0.81675392670157065,False,row2_col2,256,191,0,32
1418,345725,d966074aac618fed4e291ae3,1418,29,19,236,156,1101.140625,657.18461538461543,0.921875,0.64615384615384619,False,row1_col2,256,195,0,30
1419,118358,b732c57615def8f4ab818c3f,1419,22,18,180,148,917.875,629.70270270270271,0.703125,0.61081081081081079,False,row1_col2,256,185,0,35
1420,546270,e47bf05116ca1e4921049cf3,1420,30,14,244,116,1191.015625,490.78109452736317,0.953125,0.44278606965174128,False,row1_col2,256,201,0,27
1421,686633,e05c476bdaaa88a4e12af225,1421,9,17,76,140,449.234375,583.53439153439149,0.296875,0.56613756613756616,False,row1_col0,256,189,0,33
1422,137701,d2039782b7096a17e967307e,1422,5,15,44,124,284.125,513.27225130890054,0.171875,0.48167539267015708,False,row1_col0,256,191,0,32
1423,569862,5676e48fb1caa42ecdd07480,1423,6,16,52,132,293.265625,558.53768844221111,0.203125,0.52261306532663321,False,row1_col0,256,199,0,28
1424,422490,adea380903a21f32cbcdb240,1424,26,18,212,148,1029.875,595.875,0.828125,0.60416666666666663,False,row1_col2,256,192,0,32
1425,363961,64e11d7683e404d870ca400b,1425,25,13,204,108,1025.734375,442.67015706806279,0.796875,0.39790575916230364,False,row1_col2,256,191,0,32
1426,523769,df913345c4c2be5eeed41459,1426,25,15,204,124,1014.734375,527.83937823834196,0.796875,0.48186528497409326,False,row1_col2,256,193,0,31
1427,667273,dbf09619c576033279939c88,1427,9,20,76,164,431.15625,696.08376963350781,0.296875,0.69109947643979053,False,row2_col0,256,191,0,32
1428,367218,7d4e47ad65dc99387ba61cb2,1428,18,19,148,156,767.984375,649.88461538461536,0.578125,0.65384615384615385,False,row1_col1,256,182,0,37
1429,234153,1c3b47236e79243b77075512,1429,9,21,76,172,412.15625,721.06417112299459,0.296875,0.73796791443850263,False,row2_col0,256,187,0,34
1430,133717,2f583ef3203d5ac90b59a547,1430,21,18,172,148,891.40625,620.74866310160428,0.671875,0.60962566844919786,False,row1_col2,256,187,0,34
1431,491928,af227d5d2da548642af3d8e8,1431,24,12,196,100,903.078125,419.07329842931938,0.765625,0.35602094240837695,False,row1_col2,256,191,0,32
1432,526743,5d258a6d34f1b116ab308ce4,1432,23,12,188,100,914.875,401.60638297872339,0.734375,0.35106382978723405,False,row1_col2,256,188,0,34
1433,484855,0d760570a7d92d299c04d427,1433,23,15,188,124,934.671875,524.0932642487046,0.734375,0.48186528497409326,False,row1_col2,256,193,0,31
1434,349641,178406615aaeb3e456e1b3cc,1434,9,14,76,116,425.125,469.98412698412699,0.296875,0.43915343915343913,False,row1_col0,256,189,0,33
1435,496101,152a6af5fd08ee8687052c5c,1435,5,15,44,124,311.859375,530.45744680851067,0.171875,0.47872340425531917,False,row1_col0,256,188,0,34
1436,69111,25b175f8a0414b88adf3bbf2,1436,23,15,188,124,932.21875,523.83957219251329,0.734375,0.48128342245989303,False,row1_col2,256,187,0,34
1437,430766,c0a7a3a62c3795f511c0eafd,1437,14,21,116,172,655.515625,698.75401069518716,0.453125,0.73796791443850263,False,row2_col1,256,187,0,34
1438,188051,fb5a9755e142923997483e54,1438,19,20,156,164,791.625,680,0.609375,0.69354838709677424,False,row2_col1,256,186,0,35
1439,482070,0493c50e4f0350b831275383,1439,22,24,180,196,924.765625,833.12,0.703125,0.83999999999999997,False,row2_col2,256,200,0,28
1440,602471,4353ce725c8d749885d3c4b7,1440,7,11,60,92,322.875,380.7684210526316,0.234375,0.31052631578947371,False,row0_col0,256,190,0,33
1441,577050,eebb80b7602a9bc51384c3b3,1441,26,16,212,132,1025.9375,558.87564766839375,0.828125,0.52331606217616577,False,row1_col2,256,193,0,31
1442,232164,b7e5c36b0fcc32f8da70f625,1442,4,23,36,188,240.796875,798.58378378378382,0.140625,0.82702702702702702,False,row2_col0,256,185,0,35
1443,551368,51a10a40effe2814ad9fdc08,1443,8,14,68,116,363.921875,486.71428571428572,0.265625,0.43915343915343913,False,row1_col0,256,189,0,33
1444,202082,8d754e60af04c510870195a0,1444,2,11,20,92,200.484375,371,0.078125,0.30645161290322581,False,row0_col0,256,186,0,35
1445,83513,587b74bfc019c7be94717f25,1445,25,17,204,140,986.515625,580.25806451612902,0.796875,0.56451612903225812,False,row1_col2,256,186,0,35
1446,16666,f4edc4be6ad1d9afc66e3637,1446,26,8,212,68,1025.734375,279.42105263157896,0.828125,0.18421052631578946,False,row0_col2,256,190,0,33
1447,499352,fae0767fbbc62b038bf2e8d7,1447,24,20,196,164,940.421875,700.84491978609628,0.765625,0.69518716577540107,False,row2_col2,256,187,0,34
1448,101943,f7464ed5a8656ac375a0fb2d,1448,23,17,188,140,966.625,594.37158469945348,0.734375,0.56830601092896171,False,row1_col2,256,183,0,36
1449,255279,e76382313fb64f5a0099633f,1449,15,9,124,76,647.5,314.5,0.484375,0.22916666666666666,False,row0_col1,256,192,0,32
1450,576891,eebb80b7602a9bc51384c3b3,1450,27,11,220,92,1060.3125,386.6476683937824,0.859375,0.31606217616580312,False,row0_col2,256,193,0,31
1451,91691,b707c1eb67ac9b8893cde411,1451,11,17,92,140,534.90625,580.52197802197793,0.359375,0.56593406593406592,False,row1_col1,256,182,0,37
1452,704768,1259266d27a1502f5814f674,1452,0,8,4,68,101.421875,273.18367346938771,0.015625,0.19387755102040816,False,row0_col0,256,196,0,30
1453,599670,7e43c32828df193edc42ddff,1453,22,19,180,156,923.734375,663.04255319148933,0.703125,0.64893617021276595,False,row1_col2,256,188,0,34
1454,720485,92aabc20a6f4499561293f2f,1454,5,19,44,156,318.40625,643.627027027027,0.171875,0.65405405405405403,False,row1_col0,256,185,0,35
1455,292377,81f7959be88c5f860c5fc715,1455,25,16,204,132,980.140625,532.95238095238096,0.796875,0.52380952380952384,False,row1_col2,256,189,0,33
1456,230843,b7567bf06817bd7baf211db1,1456,27,13,220,108,1065.03125,447.82978723404256,0.859375,0.39361702127659576,False,row1_col2,256,188,0,34
1457,257619,f8040df5a0c034645db9d18b,1457,19,18,156,148,805.921875,628.74866310160428,0.609375,0.60962566844919786,False,row1_col1,256,187,0,34
1458,321884,e366b8893ee234784cfdf96a,1458,28,10,228,84,1124.171875,342.6683417085427,0.890625,0.28140703517587939,False,row0_col2,256,199,0,28
1459,367061,7d4e47ad65dc99387ba61cb2,1459,21,14,172,116,871.765625,476.47802197802201,0.671875,0.43406593406593408,False,row1_col2,256,182,0,37
1460,322122,e366b8893ee234784cfdf96a,1460,10,18,84,148,492.484375,623.4321608040201,0.328125,0.60301507537688437,False,row1_col0,256,199,0,28
1461,462412,cdd3402e4d0aa4a5fbc61954,1461,12,18,100,148,501.296875,623.85714285714289,0.390625,0.60846560846560849,False,row1_col1,256,189,0,33
1462,463302,f06dd4b0ff466537119cc2af,1462,6,14,52,116,324.625,488.64516129032256,0.203125,0.43548387096774194,False,row1_col0,256,186,0,35
1463,239888,21eca792f54b686012c5c7ae,1463,16,8,132,68,704.375,265.75,0.515625,0.1875,False,row0_col1,256,192,0,32
1464,85548,c9fce8b47dde33b4fc8fb311,1464,12,17,100,140,528.59375,598.91578947368419,0.390625,0.56315789473684208,False,row1_col1,256,190,0,33
1465,76375,7362ade95f32642a9f44c44a,1465,23,18,188,148,961.96875,631.4321608040201,0.734375,0.60301507537688437,False,row1_col2,256,199,0,28
1466,583983,7413f29906bbedeb019fea89,1466,15,9,124,76,670.875,318.75773195876286,0.484375,0.23195876288659795,False,row0_col1,256,194,0,31
1467,726599,81558ebcaaea05566ec9d393,1467,7,18,60,148,395.453125,629.11640211640213,0.234375,0.60846560846560849,False,row1_col0,256,189,0,33
1468,83460,587b74bfc019c7be94717f25,1468,4,16,36,132,254.796875,545.41935483870964,0.140625,0.521505376344086,False,row1_col0,256,186,0,35
1469,113221,df25d625c991e5e7eb0f6dc4,1469,5,18,44,148,300.125,620.56521739130437,0.171875,0.60869565217391308,False,row1_col0,256,184,0,36
1470,627887,51c32ff783d3d94292851b8f,1470,15,5,124,44,651.78125,174.08510638297872,0.484375,0.053191489361702128,False,row0_col1,256,188,0,34
1471,592435,fe666fef2b8871f5528589d3,1471,19,17,156,140,850.65625,607.49740932642487,0.609375,0.56476683937823835,False,row1_col1,256,193,0,31
1472,638610,d51f5564f4e76c5f59463abb,1472,18,20,148,164,770.875,686.0625,0.578125,0.6875,False,row2_col1,256,192,0,32
1473,144875,f7f29bc516d8bf1032c86519,1473,11,15,92,124,507.546875,525.35751295336786,0.359375,0.48186528497409326,False,row1_col1,256,193,0,31
1474,682587,35218b9430d5988bdbd5cbcd,1474,27,18,220,148,1060.3125,634.5,0.859375,0.60526315789473684,False,row1_col2,256,190,0,33
1475,304797,fa425b55ae4649a7440cdfd7,1475,29,20,236,164,1122.90625,684.32085561497331,0.921875,0.69518716577540107,False,row2_col2,256,187,0,34
1476,239275,a9d0ff3cc6fb5dab5212ac12,1476,11,21,92,172,519.671875,723.16315789473686,0.359375,0.73157894736842111,False,row2_col1,256,190,0,33
1477,395894,a737d81a01b3a431788a0073,1477,22,19,180,156,861.765625,653.13043478260875,0.703125,0.65217391304347827,False,row1_col2,256,184,0,36
1478,682536,35218b9430d5988bdbd5cbcd,1478,8,17,68,140,407.1875,600.09999999999991,0.265625,0.56315789473684208,False,row1_col0,256,190,0,33
1479,476744,29967e147eb9c7a768964adf,1479,8,18,68,148,398.921875,629.85714285714289,0.265625,0.60846560846560849,False,row1_col0,256,189,0,33
1480,538120,b082c61b6f6397804ebe9514,1480,8,16,68,132,425.328125,558.54255319148933,0.265625,0.52127659574468088,False,row1_col0,256,188,0,34
1481,616236,af9d0070e54aed81fc79e4ef,1481,12,25,100,204,564.203125,855.19047619047615,0.390625,0.90476190476190477,False,row2_col1,256,189,0,33
1482,570987,0b5210b7f75c32ce0315b40b,1482,11,19,92,156,531.953125,651.53846153846155,0.359375,0.64615384615384619,False,row1_col1,256,195,0,30
1483,29159,8beb03d8a5bb47d4e9a2581d,1483,7,15,60,124,360.21875,518.34594594594591,0.234375,0.48108108108108111,False,row1_col0,256,185,0,35
1484,731555,8e91dc5ebf61a30260770c9c,1484,3,13,28,108,211.53125,441.82978723404256,0.109375,0.39361702127659576,False,row1_col0,256,188,0,34
1485,345748,d966074aac618fed4e291ae3,1485,20,20,164,164,792.046875,691.48205128205132,0.640625,0.68717948717948718,False,row2_col1,256,195,0,30
1486,142705,1e5e68e0329b0ca73274b4b5,1486,17,11,140,92,731.65625,378.32105263157894,0.546875,0.31052631578947371,False,row0_col1,256,190,0,33
1487,223792,b984b329871f0e84f5fd4de2,1487,16,17,132,140,669.921875,583.89189189189187,0.515625,0.56756756756756754,False,row1_col1,256,185,0,35
1488,312660,71b008a0a7521ff27fd58de8,1488,20,10,164,84,834.171875,349.46031746031747,0.640625,0.26984126984126983,False,row0_col1,256,189,0,33
1489,320730,c334dd8d45005b5a85e577b3,1489,26,6,212,52,1024.359375,195.0151515151515,0.828125,0.11616161616161616,False,row0_col2,256,198,0,29
1490,525750,e8abeda485644b2b7acbf9f4,1490,22,13,180,108,851.515625,451.89528795811515,0.703125,0.39790575916230364,False,row1_col2,256,191,0,32
1491,239380,a9d0ff3cc6fb5dab5212ac12,1491,20,24,164,196,829.328125,826.61578947368423,0.640625,0.85789473684210527,False,row2_col1,256,190,0,33
1492,498032,df2dd66a2f9f4acffc6fdb65,1492,16,11,132,92,698.578125,387.50802139037432,0.515625,0.31016042780748665,False,row0_col1,256,187,0,34
1493,351889,4f1c77f5d121ab64501fbab2,1493,17,20,140,164,733.390625,688.30645161290329,0.546875,0.69354838709677424,False,row2_col1,256,186,0,35
1494,675137,0a3535e7cb0948b575c9ea8e,1494,1,10,12,84,202.125,340.55384615384617,0.046875,0.27692307692307694,False,row0_col0,256,195,0,30
1495,595609,87721955af6f57a012d16d47,1495,25,20,204,164,959.171875,679.42857142857144,0.796875,0.69312169312169314,False,row2_col2,256,189,0,33
1496,502233,5749ca6a1c4e4e10cf0ec75d,1496,25,14,204,116,1022.171875,492.71428571428572,0.796875,0.43915343915343913,False,row1_col2,256,189,0,33
1497,598615,d38497f6cb09922f8f3dcf04,1497,23,18,188,148,997.609375,625.18848167539272,0.734375,0.60732984293193715,False,row1_col2,256,191,0,32
1498,569803,5676e48fb1caa42ecdd07480,1498,11,14,92,116,466.546875,489.070351758794,0.359375,0.44221105527638194,False,row1_col1,256,199,0,28
1499,601467,cbbfcf781cf2e6b2a448637f,1499,27,11,220,92,1051.03125,374.4375,0.859375,0.3125,False,row0_col2,256,192,0,32
1500,506216,53e9a502e46a7b9e168d9115,1500,8,11,68,92,385.125,394.35106382978722,0.265625,0.30851063829787234,False,row0_col0,256,188,0,34
1501,496142,152a6af5fd08ee8687052c5c,1501,14,16,116,132,619.265625,564.54255319148933,0.453125,0.52127659574468088,False,row1_col1,256,188,0,34
1502,492924,bc5170b2dbd4e825a4bfa3ef,1502,28,11,228,92,1072.796875,383.125,0.890625,0.3125,False,row0_col2,256,192,0,32
1503,670215,9cb4460b3d110d026116cef5,1503,7,16,60,132,398.921875,547.98378378378379,0.234375,0.5243243243243243,False,row1_col0,256,185,0,35
1504,185849,04b10b19c991ff0f07deda16,1504,25,15,204,124,1001.34375,526.83957219251329,0.796875,0.48128342245989303,False,row1_col2,256,187,0,34
1505,315029,ef59d1cbf4b57d08ba6bcb44,1505,21,20,172,164,887.109375,698.53926701570674,0.671875,0.69109947643979053,False,row2_col2,256,191,0,32
1506,719396,f92f442ca28c1794b5281ba1,1506,4,17,36,140,279.375,592.73157894736846,0.140625,0.56315789473684208,False,row1_col0,256,190,0,33
1507,522674,84260c9ea667e4b1cdc99d6e,1507,18,13,148,108,749.203125,451.86170212765961,0.578125,0.39361702127659576,False,row1_col1,256,188,0,34
1508,607640,63727db752b5ff12377d012c,1508,24,12,196,100,983.078125,418.3125,0.765625,0.35416666666666669,False,row1_col2,256,192,0,32
1509,43419,d140f47bc847b703c1b20aec,1509,27,12,220,100,1109.046875,403.88235294117646,0.859375,0.35294117647058826,False,row1_col2,256,187,0,34
1510,166210,21a65ebf59d2ba6f5a645963,1510,2,10,20,84,165.421875,342.83673469387753,0.078125,0.27551020408163263,False,row0_col0,256,196,0,30
1511,610762,7d13fb8e53e7ca10995faafd,1511,10,14,84,116,472.625,488.64516129032256,0.328125,0.43548387096774194,False,row1_col0,256,186,0,35
1512,650793,4b2633be99f67ebb463d227e,1512,9,17,76,140,418.15625,588.78378378378375,0.296875,0.56756756756756754,False,row1_col0,256,185,0,35
1513,467269,55697275b8b27562c9eb1a4c,1513,5,10,44,84,293.0625,350.97916666666663,0.171875,0.27083333333333331,False,row0_col0,256,192,0,32
1514,122421,e14263e312b5e2338aece9d3,1514,21,17,172,140,860.765625,585.14438502673806,0.671875,0.5668449197860963,False,row1_col2,256,187,0,34
1515,596457,068d42fadee7759ebbad25c7,1515,9,15,76,124,468.375,522.52879581151831,0.296875,0.48167539267015708,False,row1_col0,256,191,0,32
1516,485864,8ce9e51dbad44f0e4107d965,1516,8,15,68,124,376.390625,525.52879581151831,0.265625,0.48167539267015708,False,row1_col0,256,191,0,32
1517,57029,40471d6b4d3d450e63bc3466,1517,5,22,44,180,289.640625,753.41666666666674,0.171875,0.77083333333333337,False,row2_col0,256,192,0,32
1518,200313,3d9a63ef1fa66bf91e525440,1518,25,19,204,156,1014.734375,676.44919786096261,0.796875,0.65240641711229952,False,row1_col2,256,187,0,34
1519,453206,6cdb89370c1447e2daa1d31d,1519,22,18,180,148,867.65625,623.35828877005349,0.703125,0.60962566844919786,False,row1_col2,256,187,0,34
1520,639524,2f3e9ad50350b43cdcf05159,1520,4,17,36,140,231.671875,587.66666666666674,0.140625,0.56613756613756616,False,row1_col0,256,189,0,33
1521,228675,5f82d1a18d37b5b71f0e3e13,1521,3,10,28,84,202.96875,351.0625,0.109375,0.27083333333333331,False,row0_col0,256,192,0,32
1522,127262,f5fa9934c3d9553bf163df86,1522,30,8,244,68,1153.109375,272.2962962962963,0.953125,0.18518518518518517,False,row0_col2,256,189,0,33
1523,689734,3bfdd25cbb71671f75e39ff5,1523,6,18,52,148,336.65625,619.71052631578948,0.203125,0.60526315789473684,False,row1_col0,256,190,0,33
1524,8606,24af453e607e44b054917896,1524,30,12,244,100,1201.34375,416.67567567567568,0.953125,0.35135135135135137,False,row1_col2,256,185,0,35
1525,569783,5676e48fb1caa42ecdd07480,1525,23,13,188,108,882.421875,454.33668341708545,0.734375,0.4020100502512563,False,row1_col2,256,199,0,28
1526,337569,347841146c8588b3b0ef8cd2,1526,1,21,12,172,128.265625,728.18085106382978,0.046875,0.73404255319148937,False,row2_col0,256,188,0,34
1527,725711,4e68548ea0608614aa35b760,1527,15,22,124,180,621.65625,756.52173913043475,0.484375,0.78260869565217395,False,row2_col1,256,184,0,36
1528,71177,9993d74e02e8a5dd35aaa9d4,1528,9,16,76,132,469.125,556.41935483870964,0.296875,0.521505376344086,False,row1_col0,256,186,0,35
1529,382502,1da49d03909cfa1ff4462960,1529,6,17,52,140,314.84375,576.79581151832463,0.203125,0.56544502617801051,False,row1_col0,256,191,0,32
1530,655518,2ee1148cf2bfb979a3c11be3,1530,30,4,244,36,1157.875,125,0.953125,0,False,row0_col2,256,184,0,36
1531,596503,068d42fadee7759ebbad25c7,1531,23,16,188,132,947.875,556.74869109947645,0.734375,0.52356020942408377,False,row1_col2,256,191,0,32
1532,435768,f5b415202f9796d16305892d,1532,24,17,196,140,973.421875,579.95652173913038,0.765625,0.56521739130434778,False,row1_col2,256,184,0,36
1533,709762,e9a770d135ddbd041172d1f8,1533,2,4,20,36,196.09375,128.20833333333334,0.078125,0.020833333333333332,False,row0_col0,256,192,0,32
1534,377421,e940fcfae63e53b190a0bb8e,1534,13,18,108,148,603.015625,611.25945945945944,0.421875,0.61081081081081079,False,row1_col1,256,185,0,35
1535,322058,e366b8893ee234784cfdf96a,1535,10,16,84,132,492.484375,553.24120603015081,0.328125,0.52261306532663321,False,row1_col0,256,199,0,28
1536,144011,36eb7440912b14f82d4f0a68,1536,11,20,92,164,498.03125,680.08376963350781,0.359375,0.69109947643979053,False,row2_col1,256,191,0,32
1537,416293,06a76bf899fbda6d8aa83969,1537,5,17,44,140,302.09375,577.39361702127655,0.171875,0.56382978723404253,False,row1_col0,256,188,0,34
1538,491047,f93c3ed6d29f639d27608bfa,1538,7,17,60,140,353.578125,596.11224489795916,0.234375,0.56122448979591832,False,row1_col0,256,196,0,30
1539,596423,068d42fadee7759ebbad25c7,1539,7,14,60,116,399.875,488.30890052356023,0.234375,0.43979057591623039,False,row1_col0,256,191,0,32
1540,549436,b7cc7826ac85ae8215b61101,1540,28,17,228,140,1111.125,595.84736842105258,0.890625,0.56315789473684208,False,row1_col2,256,190,0,33
1541,603858,02b8d585b96bf351d6297716,1541,18,22,148,180,750.46875,751.68911917098444,0.578125,0.772020725388601,False,row2_col1,256,193,0,31
1542,401772,8595161ed5c1f96662a7e12e,1542,12,11,100,92,522.03125,364.12371134020617,0.390625,0.31443298969072164,False,row0_col1,256,194,0,31
1543,478783,246ad0c43ef94471a87d00f3,1543,31,17,252,140,1224.875,595.04278074866306,0.984375,0.5668449197860963,False,row1_col2,256,187,0,34
1544,283145,f882a0ca74adfbbded05504a,1544,9,16,76,132,445.015625,556.41935483870964,0.296875,0.521505376344086,False,row1_col0,256,186,0,35
1545,584112,7413f29906bbedeb019fea89,1545,16,13,132,108,705.125,455.82989690721649,0.515625,0.39690721649484534,False,row1_col1,256,194,0,31
1546,678459,29885a385c0c3cb416f20ecb,1546,27,17,220,140,1095.46875,584.91891891891896,0.859375,0.56756756756756754,False,row1_col2,256,185,0,35
1547,534927,e6a42e7bbe1942d90ee3b93f,1547,15,12,124,100,631.328125,428.60638297872339,0.484375,0.35106382978723405,False,row1_col1,256,188,0,34
1548,512426,91decb18deafedf261951d4d,1548,10,13,84,108,442.625,460.97326203208559,0.328125,0.39572192513368987,False,row1_col0,256,187,0,34
1549,666203,1f71908a38f1553f04f21601,1549,27,18,220,148,1095.046875,610.11640211640213,0.859375,0.60846560846560849,False,row1_col2,256,189,0,33
1550,513466,43a8d937bdc326d6174ea535,1550,26,13,212,108,1056.453125,457.25531914893617,0.828125,0.39361702127659576,False,row1_col2,256,188,0,34
1551,37366,a7fd04dc104dc13f285e6901,1551,22,15,180,124,881.84375,519.91443850267376,0.703125,0.48128342245989303,False,row1_col2,256,187,0,34
1552,55897,6d76d8f8a00db7e46f92f530,1552,25,18,204,148,991.140625,630.98936170212767,0.796875,0.6063829787234043,False,row1_col2,256,188,0,34
1553,547182,57d3f410b6fcba2a57bda29d,1553,14,11,116,92,635.15625,389.32105263157894,0.453125,0.31052631578947371,False,row0_col1,256,190,0,33
1554,638444,d51f5564f4e76c5f59463abb,1554,12,15,100,124,562.375,512.10416666666674,0.390625,0.47916666666666669,False,row1_col1,256,192,0,32
1555,92885,cee542fc544d914ecb84340b,1555,21,22,172,180,846.109375,759.04188481675396,0.671875,0.77486910994764402,False,row2_col2,256,191,0,32
1556,565754,cdff67add7326ebbbabf8a48,1556,26,15,212,124,1025.9375,525.76923076923072,0.828125,0.47802197802197804,False,row1_col2,256,182,0,37
1557,415373,84a3e62ce078286ce2c7c91e,1557,13,20,108,164,551.125,692.93298969072168,0.421875,0.68556701030927836,False,row2_col1,256,194,0,31
1558,117348,7c41685bf488a58de2fe104b,1558,4,19,36,156,258.671875,663.13684210526321,0.140625,0.64736842105263159,False,row1_col0,256,190,0,33
1559,691719,26b9524860e2f239e66cf060,1559,7,16,60,132,374.15625,547.8125,0.234375,0.52083333333333337,False,row1_col0,256,192,0,32
1560,51754,c8bcbc95e371b76bfc0ccf6a,1560,10,17,84,140,452.90625,576.62162162162167,0.328125,0.56756756756756754,False,row1_col0,256,185,0,35
1561,585393,c977bea10bf03c99460cec13,1561,17,21,140,172,705.5625,726.70000000000005,0.546875,0.73157894736842111,False,row2_col1,256,190,0,33
1562,602468,4353ce725c8d749885d3c4b7,1562,4,11,36,92,220.125,380.7684210526316,0.140625,0.31052631578947371,False,row0_col0,256,190,0,33
1563,502156,5749ca6a1c4e4e10cf0ec75d,1563,12,12,100,100,576.515625,424.14285714285711,0.390625,0.35449735449735448,False,row1_col1,256,189,0,33
1564,701151,e9bb5bb030daf0c555014200,1564,31,22,252,180,1208.671875,763.40641711229944,0.984375,0.78074866310160429,False,row2_col2,256,187,0,34
1565,619715,c71b7281815add7bc72e0af6,1565,3,6,28,52,246.53125,210.69999999999999,0.109375,0.10000000000000001,False,row0_col0,256,190,0,33
1566,738803,46a12f7a348173b31e79d614,1566,19,15,156,124,796.96875,509.69565217391306,0.609375,0.47826086956521741,False,row1_col1,256,184,0,36
1567,326256,c2b2f0fd9e97490a1ce9143a,1567,16,19,132,156,669.828125,657,0.515625,0.65079365079365081,False,row1_col1,256,189,0,33
1568,459237,c3cb302619dac53bc3e9a2b8,1568,5,15,44,124,287.03125,531.372340425532,0.171875,0.47872340425531917,False,row1_col0,256,188,0,34
1569,546578,e47bf05116ca1e4921049cf3,1569,18,24,148,196,775.140625,836.65174129353227,0.578125,0.84079601990049746,False,row2_col1,256,201,0,27
1570,364966,462b47fa3de976e72a9b5115,1570,6,13,52,108,367.265625,432.5347593582888,0.203125,0.39572192513368987,False,row1_col0,256,187,0,34
1571,506279,53e9a502e46a7b9e168d9115,1571,7,13,60,108,350.875,462.86170212765961,0.234375,0.39361702127659576,False,row1_col0,256,188,0,34
1572,491646,af227d5d2da548642af3d8e8,1572,30,3,244,28,1111.015625,107.70157068062827,0.953125,-0.020942408376963352,True,padding_center,256,191,0,32
1573,472632,77f12352984de874b6cd5378,1573,24,17,196,140,987.890625,592.57142857142867,0.765625,0.56613756613756616,False,row1_col2,256,189,0,33
1574,310806,a20f73f6def040c457130121,1574,22,16,180,132,922.84375,553.72580645161293,0.703125,0.521505376344086,False,row1_col2,256,186,0,35
1575,488952,49f213bf9b926dc2b4b2d138,1575,24,15,196,124,992.421875,528.85106382978734,0.765625,0.47872340425531917,False,row1_col2,256,188,0,34
1576,678408,29885a385c0c3cb416f20ecb,1576,8,16,68,132,438.78125,550.41081081081074,0.265625,0.5243243243243243,False,row1_col0,256,185,0,35
1577,516505,8bb55828650e42ce1359edc9,1577,25,12,204,100,1011.171875,415.70588235294122,0.796875,0.35294117647058826,False,row1_col2,256,187,0,34
1578,140772,83ce9a3b86c3675c94925a4e,1578,4,15,36,124,289.953125,520.18817204301081,0.140625,0.478494623655914,False,row1_col0,256,186,0,35
1579,550407,25243d794ab291df05447bc6,1579,7,16,60,132,372.8125,555.28571428571433,0.234375,0.52380952380952384,False,row1_col0,256,189,0,33
1580,292293,81f7959be88c5f860c5fc715,1580,5,14,44,116,288.265625,463.78835978835974,0.171875,0.43915343915343913,False,row1_col0,256,189,0,33
1581,542450,736df5902e9879b38b3b9634,1581,18,23,148,188,737.359375,795.5,0.578125,0.81578947368421051,False,row2_col1,256,190,0,33
1582,572903,8430cec5bf6a0ee7d4c4b34e,1582,7,15,60,124,413.171875,510.9473684210526,0.234375,0.47894736842105262,False,row1_col0,256,190,0,33
1583,570822,0b5210b7f75c32ce0315b40b,1583,6,14,52,116,360.234375,480.25641025641022,0.203125,0.44102564102564101,False,row1_col0,256,195,0,30
1584,609767,4b2934de204003644e1cf7cc,1584,7,15,60,124,416.109375,522.88172043010752,0.234375,0.478494623655914,False,row1_col0,256,186,0,35
1585,106326,0f0e951d310459324ed1146f,1585,22,26,180,212,898.140625,893.70000000000005,0.703125,0.94210526315789478,False,row2_col2,256,190,0,33
1586,351797,4f1c77f5d121ab64501fbab2,1586,21,17,172,140,871.765625,584.4354838709678,0.671875,0.56451612903225812,False,row1_col2,256,186,0,35
1587,549479,b7cc7826ac85ae8215b61101,1587,7,19,60,156,391.875,664.3105263157895,0.234375,0.64736842105263159,False,row1_col0,256,190,0,33
1588,458311,efab8b57a05312e6e2d6ff9c,1588,7,18,60,148,320.578125,623.5,0.234375,0.60526315789473684,False,row1_col0,256,190,0,33
1589,555539,442850a2087d62c7e9453fcd,1589,19,16,156,132,807.875,552.11827956989248,0.609375,0.521505376344086,False,row1_col1,256,186,0,35
1590,24104,2a8e2d654846ae67277a627f,1590,8,17,68,140,402.71875,580.17741935483878,0.265625,0.56451612903225812,False,row1_col0,256,186,0,35
1591,196175,8ea3847f318908af74ca363c,1591,15,18,124,148,661.203125,623.65445026178008,0.484375,0.60732984293193715,False,row1_col1,256,191,0,32
1592,41635,17ee0869be7e617b235e6587,1592,3,21,28,172,249.078125,721.86243386243382,0.109375,0.73544973544973546,False,row2_col0,256,189,0,33
1593,566790,163f27e0d1466030dadaebb8,1593,6,16,52,132,360.859375,563.33333333333326,0.203125,0.521505376344086,False,row1_col0,256,186,0,35
1594,339607,e011d89cc836ba1aa1bc02a9,1594,23,20,188,164,920.359375,690.21739130434776,0.734375,0.69565217391304346,False,row2_col2,256,184,0,36
1595,168236,8ddb86f33af46de74f6cb3c0,1595,12,9,100,76,577.03125,312.35263157894735,0.390625,0.22631578947368422,False,row0_col1,256,190,0,33
1596,161352,a93f8f679f4821573346dd3a,1596,8,18,68,148,443.71875,622.62903225806451,0.265625,0.60752688172043012,False,row1_col0,256,186,0,35
1597,620056,c71b7281815add7bc72e0af6,1597,24,16,196,132,969.71875,554.70000000000005,0.765625,0.52105263157894732,False,row1_col2,256,190,0,33
1598,473693,1d12ec902c3113b35c317ef8,1598,29,18,236,148,1129.53125,621.26315789473688,0.921875,0.60526315789473684,False,row1_col2,256,190,0,33
1599,549434,b7cc7826ac85ae8215b61101,1599,26,17,212,140,1042.625,595.84736842105258,0.828125,0.56315789473684208,False,row1_col2,256,190,0,33
1600,297795,5f34a712a16e40dddf28b3ba,1600,3,26,28,212,240.96875,902.77248677248679,0.109375,0.94708994708994709,False,row2_col0,256,189,0,33
1601,581030,9a1ad63dc381c61153abcebd,1601,6,13,52,108,310.21875,445.73684210526318,0.203125,0.39473684210526316,False,row1_col0,256,190,0,33
1602,54851,d1458cc139bf5041872709d8,1602,3,18,28,148,203.625,629.9473684210526,0.109375,0.60526315789473684,False,row1_col0,256,190,0,33
1603,528702,7ed463394b5acb61e1574507,1603,30,9,244,76,1130.578125,319.375,0.953125,0.22916666666666666,False,row0_col2,256,192,0,32
1604,539457,abac48c206f4f9db98c1c8cf,1604,1,26,12,212,177.515625,896.31443298969077,0.046875,0.9329896907216495,False,row2_col0,256,194,0,31
1605,327095,829fa0ee35fbd7c1c841a103,1605,23,13,188,108,900.28125,439.37096774193549,0.734375,0.39247311827956988,False,row1_col2,256,186,0,35
1606,595631,87721955af6f57a012d16d47,1606,15,21,124,172,616.359375,713.71428571428578,0.484375,0.73544973544973546,False,row2_col1,256,189,0,33
1607,310805,a20f73f6def040c457130121,1607,21,16,172,132,888.40625,553.72580645161293,0.671875,0.521505376344086,False,row1_col2,256,186,0,35
1608,542557,736df5902e9879b38b3b9634,1608,29,26,236,212,1115.140625,898.70000000000005,0.921875,0.94210526315789478,False,row2_col2,256,190,0,33
1609,669402,69e9731cb1bb99f66cbbadef,1609,26,22,212,180,1063.734375,755.96842105263158,0.828125,0.77368421052631575,False,row2_col2,256,190,0,33
1610,364186,64e11d7683e404d870ca400b,1610,26,20,212,164,1060.390625,684.84816753926702,0.828125,0.69109947643979053,False,row2_col2,256,191,0,32
1611,557808,d81cb231e10288659e7909e8,1611,16,23,132,188,715.09375,801.92746113989642,0.515625,0.81347150259067358,False,row2_col1,256,193,0,31
1612,138669,970a0e63436f260f3c624f80,1612,13,13,108,108,598.859375,454.60655737704917,0.421875,0.39344262295081966,False,row1_col1,256,183,0,36
1613,237097,38e660db89e34c52bdd410d7,1613,9,17,76,140,456.640625,588.4375,0.296875,0.5625,False,row1_col0,256,192,0,32
1614,685595,f1ca105fe73c64e1d617894e,1614,27,16,220,132,1065.03125,540.23404255319156,0.859375,0.52127659574468088,False,row1_col2,256,188,0,34
1615,76345,7362ade95f32642a9f44c44a,1615,25,17,204,140,1032.09375,596.3366834170854,0.796875,0.56281407035175879,False,row1_col2,256,199,0,28
1616,601638,cbbfcf781cf2e6b2a448637f,1616,6,17,52,140,327.84375,581.1875,0.203125,0.5625,False,row1_col0,256,192,0,32
1617,509709,df64943a259e759b69c57f25,1617,13,24,108,196,581.640625,829.57142857142856,0.421875,0.86243386243386244,False,row2_col1,256,189,0,33
1618,78718,fbfdec218cbf0635738d2c12,1618,30,27,244,220,1169.109375,935.66298342541438,0.953125,1.011049723756906,True,padding_center,256,181,0,37
1619,383515,525e253a65f0af92629166a4,1619,27,16,220,132,1073.46875,550.8125,0.859375,0.52083333333333337,False,row1_col2,256,192,0,32
1620,695926,f4ea954c51ce0e258f3d741b,1620,22,19,180,156,881.84375,674.18716577540113,0.703125,0.65240641711229952,False,row1_col2,256,187,0,34
1621,322828,18b34aa0fc8c8af8138154fe,1621,12,8,100,68,555.03125,278.43478260869563,0.390625,0.17391304347826086,False,row0_col1,256,184,0,36
1622,554374,edb01c151c563bb82cc5df9d,1622,6,12,52,100,343.21875,420.60638297872339,0.203125,0.35106382978723405,False,row1_col0,256,188,0,34
1623,256418,a5544cf8c3f4495df7d798ea,1623,2,13,20,108,200.875,450.91666666666663,0.078125,0.39583333333333331,False,row1_col0,256,192,0,32
1624,676409,36bbd488b40fa9d32e6c7611,1624,25,17,204,140,1015.34375,596.87700534759369,0.796875,0.5668449197860963,False,row1_col2,256,187,0,34
1625,71884,fd8fe61532624c2989845031,1625,12,6,100,52,563.03125,206.96791443850267,0.390625,0.096256684491978606,False,row0_col1,256,187,0,34
1626,564605,0ec02acd088fff4c4bbe590f,1626,29,11,236,92,1159.140625,395.43850267379685,0.921875,0.31016042780748665,False,row0_col2,256,187,0,34
1627,485945,8ce9e51dbad44f0e4107d965,1627,25,17,204,140,959.171875,593.96858638743458,0.796875,0.56544502617801051,False,row1_col2,256,191,0,32
1628,234901,4f2e92e1b80cd39c3cba6440,1628,21,12,172,100,831.40625,410.36170212765956,0.671875,0.35106382978723405,False,row1_col2,256,188,0,34
1629,569756,5676e48fb1caa42ecdd07480,1629,28,12,228,100,1055.703125,419.6030150753769,0.890625,0.36180904522613067,False,row1_col2,256,199,0,28
1630,304825,fa425b55ae4649a7440cdfd7,1630,25,21,204,172,985.15625,718.80213903743311,0.796875,0.73796791443850263,False,row2_col2,256,187,0,34
1631,125212,229f325dcd93d8f5586d69ba,1631,28,8,228,68,1083.46875,282.34594594594591,0.890625,0.17837837837837839,False,row0_col2,256,185,0,35
1632,415545,84a3e62ce078286ce2c7c91e,1632,25,25,204,204,968.125,866.74742268041246,0.796875,0.89175257731958768,False,row2_col2,256,194,0,31
1633,100871,76884f70ebe18c8dbf09d6a5,1633,7,16,60,132,343.09375,557.04615384615386,0.234375,0.52307692307692311,False,row1_col0,256,195,0,30
1634,111207,2c26a77005e1ed9b640e64e2,1634,7,19,60,156,375.578125,664.14285714285711,0.234375,0.65079365079365081,False,row1_col0,256,189,0,33
1635,592262,fe666fef2b8871f5528589d3,1635,6,12,52,100,406.21875,436.3056994818653,0.203125,0.35751295336787564,False,row1_col0,256,193,0,31
1636,574966,677cd183b987906faf2e530c,1636,22,15,180,124,917.359375,526.34594594594591,0.703125,0.48108108108108111,False,row1_col2,256,185,0,35
1637,577161,eebb80b7602a9bc51384c3b3,1637,9,20,76,164,441.5625,696.65803108808291,0.296875,0.68911917098445596,False,row2_col0,256,193,0,31
1638,494071,af3de41611057662e83c573b,1638,23,15,188,124,877.40625,520.372340425532,0.734375,0.47872340425531917,False,row1_col2,256,188,0,34
1639,589068,87a418aeb28937346e884495,1639,12,8,100,68,611.203125,287.67005076142129,0.390625,0.19796954314720813,False,row0_col1,256,197,0,29
1640,95523,bf67a8c3d85ddf53723e2a60,1640,3,9,28,76,224.953125,295.52127659574467,0.109375,0.22340425531914893,False,row0_col0,256,188,0,34
1641,563052,feae8edd69230ba2d038a705,1641,12,27,100,220,574.125,933.16753926701574,0.390625,0.98429319371727753,False,row2_col1,256,191,0,32
1642,385625,8f1c99d05825e89d71c9284b,1642,25,18,204,148,1000.125,610.09677419354841,0.796875,0.60752688172043012,False,row1_col2,256,186,0,35
1643,192038,13d984a7b264eb7393bb4bbb,1643,6,17,52,140,328.46875,588.14438502673806,0.203125,0.5668449197860963,False,row1_col0,256,187,0,34
1644,461253,439720347b525b459d2cd2a2,1644,5,14,44,116,350.375,507.69743589743587,0.171875,0.44102564102564101,False,row1_col0,256,195,0,30
1645,258506,dfbe513d6531461f0ef29a6a,1645,10,14,84,116,480.234375,486.08695652173913,0.328125,0.43478260869565216,False,row1_col0,256,184,0,36
1646,490965,f93c3ed6d29f639d27608bfa,1646,21,14,172,116,834.390625,492.88775510204079,0.671875,0.43877551020408162,False,row1_col2,256,196,0,30
1647,681511,adaa8ed3d22e57fc4d08fec5,1647,7,17,60,140,396.15625,583.04347826086951,0.234375,0.56521739130434778,False,row1_col0,256,184,0,36
1648,22137,883516beb4b2df8a83debd55,1648,25,19,204,156,1000.734375,655.45077720207246,0.796875,0.64766839378238339,False,row1_col2,256,193,0,31
1649,498185,df2dd66a2f9f4acffc6fdb65,1649,9,16,76,132,459.484375,558.20320855614978,0.296875,0.52406417112299464,False,row1_col0,256,187,0,34
1650,466243,f811b6561edd9f797ff5e802,1650,3,10,28,84,238.203125,346.36170212765956,0.109375,0.26595744680851063,False,row0_col0,256,188,0,34
1651,354695,8deef7cbf795dc5034389593,1651,7,12,60,100,329.578125,421.14285714285711,0.234375,0.35449735449735448,False,row1_col0,256,189,0,33
1652,366433,b9fd7826307ce6bb94f27b18,1652,1,27,12,220,180.265625,931.64516129032256,0.046875,0.9946236559139785,False,row2_col0,256,186,0,35
1653,282040,802b8776e6e8022705bfa739,1653,24,13,196,108,932.671875,438.0612244897959,0.765625,0.39795918367346939,False,row1_col2,256,196,0,30
1654,459287,c3cb302619dac53bc3e9a2b8,1654,23,16,188,132,902.40625,565.62765957446811,0.734375,0.52127659574468088,False,row1_col2,256,188,0,34
1655,277062,8d1384cdea9081ff9ee66728,1655,6,18,52,148,344.65625,622.79679144385022,0.203125,0.60962566844919786,False,row1_col0,256,187,0,34
1656,285271,02942ca02fdcb799d7cb7726,1656,23,18,188,148,917.625,606.9387755102041,0.734375,0.60204081632653061,False,row1_col2,256,196,0,30
1657,187665,fb5a9755e142923997483e54,1657,17,8,140,68,722.125,264,0.546875,0.17741935483870969,False,row0_col1,256,186,0,35
1658,441588,15b75700160ecc173a4d52a1,1658,20,7,164,60,807.171875,235.62032085561498,0.640625,0.13903743315508021,False,row0_col1,256,187,0,34
1659,605818,37007bcf2d5f43196d17bd6c,1659,26,19,212,156,1025.9375,666.04255319148933,0.828125,0.64893617021276595,False,row1_col2,256,188,0,34
1660,552473,e1bd21e34648fdeb39895cd0,1660,25,16,204,132,953.375,555.11827956989248,0.796875,0.521505376344086,False,row1_col2,256,186,0,35
1661,235109,4f2e92e1b80cd39c3cba6440,1661,5,19,44,156,280.40625,651.63829787234044,0.171875,0.64893617021276595,False,row1_col0,256,188,0,34
1662,693881,cefaf5a44ecfd5ed51bd547c,1662,25,19,204,156,1012.34375,646.58510638297867,0.796875,0.64893617021276595,False,row1_col2,256,188,0,34
1663,322765,18b34aa0fc8c8af8138154fe,1663,13,6,108,52,589.59375,209.21739130434781,0.421875,0.086956521739130432,False,row0_col1,256,184,0,36
1664,636540,eaebcbae772a8146aa9919c7,1664,28,19,228,156,1083.921875,665.58510638297867,0.890625,0.64893617021276595,False,row1_col2,256,188,0,34
1665,94398,e8ddd34887fc884dcb436a60,1665,30,5,244,44,1165.875,171,0.953125,0.048387096774193547,False,row0_col2,256,186,0,35
1666,451291,522e7bdad7dff218da16d20c,1666,27,22,220,180,1056.90625,758.21311475409834,0.859375,0.78688524590163933,False,row2_col2,256,183,0,36
1667,463337,f06dd4b0ff466537119cc2af,1667,9,15,76,124,427.375,522.88172043010752,0.296875,0.478494623655914,False,row1_col0,256,186,0,35
1668,720466,92aabc20a6f4499561293f2f,1668,18,18,148,148,766.09375,609.20540540540537,0.578125,0.61081081081081079,False,row1_col1,256,185,0,35
1669,146950,6d36a77190afe991bdd3beaf,1669,6,16,52,132,334.265625,541.33333333333326,0.203125,0.521505376344086,False,row1_col0,256,186,0,35
1670,427589,a8bb3126ece458be91eaa829,1670,5,18,44,148,314.890625,611.22513089005236,0.171875,0.60732984293193715,False,row1_col0,256,191,0,32
1671,181703,9dc7738247217dd257b2b574,1671,7,14,60,116,344.15625,485.26701570680632,0.234375,0.43979057591623039,False,row1_col0,256,191,0,32
1672,496033,152a6af5fd08ee8687052c5c,1672,1,13,12,108,175.234375,462.28723404255322,0.046875,0.39361702127659576,False,row1_col0,256,188,0,34
1673,211579,af05ccec25502117ca3f9a04,1673,27,19,220,156,1094.625,667.33333333333337,0.859375,0.65053763440860213,False,row1_col2,256,186,0,35
1674,344631,2c3f234377604e8dcb2d2a73,1674,23,17,188,140,915.953125,583.91304347826076,0.734375,0.56521739130434778,False,row1_col2,256,184,0,36
1675,231941,b7e5c36b0fcc32f8da70f625,1675,5,16,44,132,275.640625,554.60540540540546,0.171875,0.5243243243243243,False,row1_col0,256,185,0,35
1676,176741,1f4ef5622d6a1f36e4aa5bbe,1676,5,19,44,156,321.609375,653.13043478260875,0.171875,0.65217391304347827,False,row1_col0,256,184,0,36
1677,218497,8ac236c9482943a0fd765323,1677,1,12,12,100,153.125,429.81914893617022,0.046875,0.35106382978723405,False,row1_col0,256,188,0,34
1678,339579,e011d89cc836ba1aa1bc02a9,1678,27,19,220,156,1059.484375,655.39130434782612,0.859375,0.65217391304347827,False,row1_col2,256,184,0,36
1679,671290,9a9832c17e186ccd3563cf20,1679,26,17,212,140,1057.765625,582.70212765957444,0.828125,0.56382978723404253,False,row1_col2,256,188,0,34
1680,699874,3298125517c7a54235ced2e8,1680,2,15,20,124,212.09375,513.76595744680856,0.078125,0.47872340425531917,False,row1_col0,256,188,0,34
1681,596505,068d42fadee7759ebbad25c7,1681,25,16,204,132,1016.375,556.74869109947645,0.796875,0.52356020942408377,False,row1_col2,256,191,0,32
1682,523653,df913345c4c2be5eeed41459,1682,5,12,44,100,321.609375,423.88082901554401,0.171875,0.35751295336787564,False,row1_col0,256,193,0,31
1683,168487,8ddb86f33af46de74f6cb3c0,1683,7,17,60,140,404.21875,588.22631578947369,0.234375,0.56315789473684208,False,row1_col0,256,190,0,33
1684,196104,8ea3847f318908af74ca363c,1684,8,16,68,132,419.046875,554.46073298429314,0.265625,0.52356020942408377,False,row1_col0,256,191,0,32
1685,244387,2d869e49280e98d4f624cdc6,1685,3,21,28,172,205.5,748.16751269035524,0.109375,0.7258883248730964,False,row2_col0,256,197,0,29
1686,113223,df25d625c991e5e7eb0f6dc4,1686,7,18,60,148,369.625,620.56521739130437,0.234375,0.60869565217391308,False,row1_col0,256,184,0,36
1687,140624,83ce9a3b86c3675c94925a4e,1687,16,10,132,84,705.828125,347.06989247311827,0.515625,0.26344086021505375,False,row0_col1,256,186,0,35
1688,641544,a96e8fbb128dc3f4ea56a755,1688,8,16,68,132,380.71875,554.38095238095241,0.265625,0.52380952380952384,False,row1_col0,256,189,0,33
1689,480547,7361af587e04e93382fe2d91,1689,3,9,28,76,227.53125,310.91752577319585,0.109375,0.23195876288659795,False,row0_col0,256,194,0,31
1690,582102,45bfb62d2b8a12a9724eb563,1690,22,14,180,116,868.21875,489.11702127659578,0.703125,0.43617021276595747,False,row1_col2,256,188,0,34
1691,120313,630be0f098a5ec263bec1d35,1691,25,15,204,124,1010.140625,514.35751295336786,0.796875,0.48186528497409326,False,row1_col2,256,193,0,31
1692,599671,7e43c32828df193edc42ddff,1692,23,19,188,156,958.078125,663.04255319148933,0.734375,0.64893617021276595,False,row1_col2,256,188,0,34
1693,373133,03b92d95da6694e6f43e0193,1693,13,12,108,100,568.90625,399.09326424870466,0.421875,0.35751295336787564,False,row1_col1,256,193,0,31
1694,470315,7b4398b5f7d90eaafd6f9de7,1694,11,9,92,76,555.875,315.90322580645159,0.359375,0.22043010752688172,False,row0_col1,256,186,0,35
1695,473444,1d12ec902c3113b35c317ef8,1695,4,11,36,92,274.84375,382.5263157894737,0.140625,0.31052631578947371,False,row0_col0,256,190,0,33
1696,555574,442850a2087d62c7e9453fcd,1696,22,17,180,140,910.625,586.35483870967744,0.703125,0.56451612903225812,False,row1_col2,256,186,0,35
1697,491190,f93c3ed6d29f639d27608bfa,1697,22,21,180,172,868.734375,733.74489795918373,0.703125,0.72448979591836737,False,row2_col2,256,196,0,30
1698,570792,0b5210b7f75c32ce0315b40b,1698,8,13,68,108,428.921875,446,0.265625,0.40000000000000002,False,row1_col0,256,195,0,30
1699,406269,e764a382e06a2d9870d6385d,1699,29,23,236,188,1114.90625,789.34426229508199,0.921875,0.8306010928961749,False,row2_col2,256,183,0,36
1700,463792,f06dd4b0ff466537119cc2af,1700,16,29,132,236,667.125,1002.1935483870967,0.515625,1.0806451612903225,True,padding_center,256,186,0,35
1701,23088,aa559f98e5ee1a0c7cc457cf,1701,16,17,132,140,705.21875,585.78378378378375,0.515625,0.56756756756756754,False,row1_col1,256,185,0,35
1702,69095,25b175f8a0414b88adf3bbf2,1702,7,15,60,124,379.21875,523.83957219251329,0.234375,0.48128342245989303,False,row1_col0,256,187,0,34
1703,481008,7361af587e04e93382fe2d91,1703,16,23,132,188,675.21875,793.5567010309278,0.515625,0.80927835051546393,False,row2_col1,256,194,0,31
1704,512400,91decb18deafedf261951d4d,1704,16,12,132,100,648.125,426.70588235294122,0.515625,0.35294117647058826,False,row1_col1,256,187,0,34
1705,719402,f92f442ca28c1794b5281ba1,1705,10,17,84,140,487.875,592.73157894736846,0.328125,0.56315789473684208,False,row1_col0,256,190,0,33
1706,696369,9d07c1fef6d1259f6fa6a262,1706,17,1,140,12,664.84375,36.173913043478265,0.546875,-0.13043478260869565,True,padding_center,256,184,0,36
1707,344664,2c3f234377604e8dcb2d2a73,1707,24,18,196,148,950.546875,618.52173913043475,0.765625,0.60869565217391308,False,row1_col2,256,184,0,36
1708,135409,ae10765eee319809f6e8d9ae,1708,17,7,140,60,733.390625,243.19892473118279,0.546875,0.13440860215053763,False,row0_col1,256,186,0,35
1709,542355,736df5902e9879b38b3b9634,1709,19,20,156,164,771.703125,692.30000000000007,0.609375,0.68947368421052635,False,row2_col1,256,190,0,33
1710,320113,105a0d805d335f73991581b8,1710,17,19,140,156,752.390625,655.25130890052355,0.546875,0.64921465968586389,False,row1_col1,256,191,0,32
1711,527021,5d258a6d34f1b116ab308ce4,1711,13,21,108,172,572.375,709.90425531914889,0.421875,0.73404255319148937,False,row2_col1,256,188,0,34
1712,345624,d966074aac618fed4e291ae3,1712,24,16,196,132,929.421875,554.29230769230776,0.765625,0.52307692307692311,False,row1_col2,256,195,0,30
1713,446051,7fc04af711a80e358348051d,1713,3,19,28,156,249.078125,639.68279569892468,0.109375,0.65053763440860213,False,row1_col0,256,186,0,35
1714,507432,61f217f44bf2fb9b5077b9b6,1714,8,17,68,140,415.125,595.84736842105258,0.265625,0.56315789473684208,False,row1_col0,256,190,0,33
1715,15683,9ce76d5db5c11961db1ca677,1715,3,10,28,84,238.625,343.71578947368425,0.109375,0.26842105263157895,False,row0_col0,256,190,0,33
1716,550452,25243d794ab291df05447bc6,1716,20,17,164,140,819.6875,589.57142857142867,0.640625,0.56613756613756616,False,row1_col1,256,189,0,33
1717,83461,587b74bfc019c7be94717f25,1717,5,16,44,132,289.640625,545.41935483870964,0.171875,0.521505376344086,False,row1_col0,256,186,0,35
1718,585221,c977bea10bf03c99460cec13,1718,5,16,44,132,293.0625,554.70000000000005,0.171875,0.52105263157894732,False,row1_col0,256,190,0,33
1719,599843,7e43c32828df193edc42ddff,1719,3,25,28,204,271.203125,868.82978723404256,0.109375,0.9042553191489362,False,row2_col0,256,188,0,34
1720,565580,cdff67add7326ebbbabf8a48,1720,12,10,100,84,544.6875,353.46153846153845,0.390625,0.25824175824175827,False,row0_col1,256,182,0,37
1721,171491,a0f12f3555715d52a9a54e99,1721,3,15,28,124,219.625,510.27225130890054,0.109375,0.48167539267015708,False,row1_col0,256,191,0,32
1722,589135,87a418aeb28937346e884495,1722,15,10,124,84,715.171875,356.86802030456852,0.484375,0.27918781725888325,False,row0_col1,256,197,0,29
1723,686874,e05c476bdaaa88a4e12af225,1723,26,24,212,196,1038.390625,825.60846560846562,0.828125,0.86243386243386244,False,row2_col2,256,189,0,33
1724,162424,60611d165a78aab7eb01b780,1724,24,19,196,156,936.78125,674.69841269841277,0.765625,0.65079365079365081,False,row1_col2,256,189,0,33
1725,408022,e235136cfdcae670bc7ef694,1725,22,14,180,116,903.84375,471.29787234042556,0.703125,0.43617021276595747,False,row1_col2,256,188,0,34
1726,602615,4353ce725c8d749885d3c4b7,1726,23,15,188,124,870.875,517.86315789473679,0.734375,0.47894736842105262,False,row1_col2,256,190,0,33
1727,693768,cefaf5a44ecfd5ed51bd547c,1727,8,16,68,132,424.78125,542.79787234042556,0.265625,0.52127659574468088,False,row1_col0,256,188,0,34
1728,499256,fae0767fbbc62b038bf2e8d7,1728,24,17,196,140,940.421875,598.04278074866306,0.765625,0.5668449197860963,False,row1_col2,256,187,0,34
1729,583158,9fbe77467132d5c93ee01128,1729,22,15,180,124,931.734375,521,0.703125,0.48148148148148145,False,row1_col2,256,189,0,33
1730,595332,87721955af6f57a012d16d47,1730,4,12,36,100,239.265625,405.14285714285711,0.140625,0.35449735449735448,False,row1_col0,256,189,0,33
1731,75971,7362ade95f32642a9f44c44a,1731,3,6,28,52,260.71875,210.286432160804,0.109375,0.12060301507537688,False,row0_col0,256,199,0,28
1732,565597,cdff67add7326ebbbabf8a48,1732,29,10,236,84,1129.0625,353.46153846153845,0.921875,0.25824175824175827,False,row0_col2,256,182,0,37
1733,506665,53e9a502e46a7b9e168d9115,1733,9,25,76,204,419.375,873.92553191489367,0.296875,0.9042553191489362,False,row2_col0,256,188,0,34
1734,603803,02b8d585b96bf351d6297716,1734,27,20,220,164,1058.15625,683.21243523316059,0.859375,0.68911917098445596,False,row2_col2,256,193,0,31
1735,598551,d38497f6cb09922f8f3dcf04,1735,23,16,188,132,997.609375,556.74869109947645,0.734375,0.52356020942408377,False,row1_col2,256,191,0,32
1736,638567,d51f5564f4e76c5f59463abb,1736,7,19,60,156,388.625,651.27083333333337,0.234375,0.64583333333333337,False,row1_col0,256,192,0,32
1737,171248,a0f12f3555715d52a9a54e99,1737,16,7,132,60,671.375,231.8219895287958,0.515625,0.14659685863874344,False,row0_col1,256,191,0,32
1738,588460,47ecb67f20914fe9324d2108,1738,12,21,100,172,551.375,726.33333333333337,0.390625,0.73544973544973546,False,row2_col1,256,189,0,33
1739,625304,ba9db5a3245e9a9afea5743b,1739,24,20,196,164,950.71875,681.32085561497331,0.765625,0.69518716577540107,False,row2_col2,256,187,0,34
1740,69206,25b175f8a0414b88adf3bbf2,1740,22,18,180,148,897.65625,627.79679144385022,0.703125,0.60962566844919786,False,row1_col2,256,187,0,34
1741,312855,71b008a0a7521ff27fd58de8,1741,23,16,188,132,937.953125,556.95238095238096,0.734375,0.52380952380952384,False,row1_col2,256,189,0,33
1742,356015,e10a5a39c537eaf14c46b2be,1742,15,21,124,172,643.78125,731.57446808510633,0.484375,0.73404255319148937,False,row2_col1,256,188,0,34
1743,575044,677cd183b987906faf2e530c,1743,4,18,36,148,294.671875,630.25945945945944,0.140625,0.61081081081081079,False,row1_col0,256,185,0,35
1744,92605,cee542fc544d914ecb84340b,1744,29,13,236,108,1123.359375,447.67015706806279,0.921875,0.39790575916230364,False,row1_col2,256,191,0,32
1745,730665,21db2b7a45a0e29417a469f0,1745,9,17,76,140,423.125,585.3650793650794,0.296875,0.56613756613756616,False,row1_col0,256,189,0,33
1746,542082,736df5902e9879b38b3b9634,1746,2,12,20,100,187.859375,417.09999999999997,0.078125,0.35263157894736841,False,row1_col0,256,190,0,33
1747,600444,e23c7263422caa21794c6b96,1747,28,11,228,92,1114.015625,383.85714285714283,0.890625,0.31216931216931215,False,row0_col2,256,189,0,33
1748,512472,91decb18deafedf261951d4d,1748,24,14,196,116,922.125,495.24064171122996,0.765625,0.43850267379679142,False,row1_col2,256,187,0,34
1749,686665,e05c476bdaaa88a4e12af225,1749,9,18,76,148,449.234375,618.11640211640213,0.296875,0.60846560846560849,False,row1_col0,256,189,0,33
1750,603956,02b8d585b96bf351d6297716,1750,20,25,164,204,818.84375,854.40414507772016,0.640625,0.89637305699481862,False,row2_col1,256,193,0,31
1751,559342,61b5465c722b8b833ec48621,1751,14,7,116,60,641.265625,246.98924731182797,0.453125,0.13440860215053763,False,row0_col1,256,186,0,35
1752,591515,583fd37185c66e5b35d4ad0d,1752,27,20,220,164,1060.3125,689.4314720812182,0.859375,0.68527918781725883,False,row2_col2,256,197,0,29
1753,563899,1882c154e2fd7debcc259ddf,1753,27,21,220,172,1101.734375,741.77948717948721,0.859375,0.72820512820512817,False,row2_col2,256,195,0,30
1754,523736,df913345c4c2be5eeed41459,1754,24,14,196,116,980.078125,493.18652849740931,0.765625,0.44041450777202074,False,row1_col2,256,193,0,31
1755,133575,2f583ef3203d5ac90b59a547,1755,7,14,60,116,409.28125,482.99465240641712,0.234375,0.43850267379679142,False,row1_col0,256,187,0,34
1756,631429,b63e42826d3c50ac6f3ed58b,1756,5,20,44,164,293.40625,702.53225806451621,0.171875,0.69354838709677424,False,row2_col0,256,186,0,35
1757,526886,5d258a6d34f1b116ab308ce4,1757,6,17,52,140,332.625,572.88297872340422,0.203125,0.56382978723404253,False,row1_col0,256,188,0,34
1758,534008,8213a75d6bb493befa13560d,1758,24,15,196,124,971.125,524.875,0.765625,0.47916666666666669,False,row1_col2,256,192,0,32
1759,627535,25186f0fe5a6a8eb590010cb,1759,15,26,124,212,650.203125,915.70491803278685,0.484375,0.96174863387978138,False,row2_col1,256,183,0,36
1760,523734,df913345c4c2be5eeed41459,1760,22,14,180,116,910.765625,493.18652849740931,0.703125,0.44041450777202074,False,row1_col2,256,193,0,31
1761,526769,5d258a6d34f1b116ab308ce4,1761,17,13,140,108,709.375,435.86170212765961,0.546875,0.39361702127659576,False,row1_col1,256,188,0,34
1762,176417,1f4ef5622d6a1f36e4aa5bbe,1762,1,9,12,76,182.984375,307.04347826086956,0.046875,0.21739130434782608,False,row0_col0,256,184,0,36
1763,592347,fe666fef2b8871f5528589d3,1763,27,14,220,116,1124.15625,504.78238341968915,0.859375,0.44041450777202074,False,row1_col2,256,193,0,31
1764,632318,5b1f5c81c875f06122031a4b,1764,30,15,244,124,1169.015625,517.66666666666674,0.953125,0.478494623655914,False,row1_col2,256,186,0,35
1765,10959,ca1191675acfe9ec5285967b,1765,15,22,124,180,621.78125,772.10000000000002,0.484375,0.77368421052631575,False,row2_col1,256,190,0,33
1766,514455,80f88014c0d14ab592726fe3,1766,23,12,188,100,909.078125,429.70588235294122,0.734375,0.35294117647058826,False,row1_col2,256,187,0,34
1767,165754,6257a4d8f1cbc9c83fba2d60,1767,26,27,212,220,1014.734375,944,0.828125,1,True,padding_center,256,184,0,36
1768,465352,f4ac4da33960d6b1e1780732,1768,8,14,68,116,356.59375,488.30890052356023,0.265625,0.43979057591623039,False,row1_col0,256,191,0,32
1769,687752,c06d3ceaf63e1591e4fb4494,1769,8,20,68,164,422.578125,698.53926701570674,0.265625,0.69109947643979053,False,row2_col0,256,191,0,32
1770,679578,f6a612467fd1531566860d2f,1770,26,20,212,164,1051.359375,680.94680851063833,0.828125,0.69148936170212771,False,row2_col2,256,188,0,34
1771,551303,51a10a40effe2814ad9fdc08,1771,7,12,60,100,329.578125,418.14285714285711,0.234375,0.35449735449735448,False,row1_col0,256,189,0,33
1772,569718,5676e48fb1caa42ecdd07480,1772,22,11,180,92,847.765625,384.86934673366835,0.703125,0.32160804020100503,False,row0_col2,256,199,0,28
1773,444803,68156206f643fb334d0eae7f,1773,3,12,28,100,203.84375,398.83783783783787,0.109375,0.35135135135135137,False,row1_col0,256,185,0,35
1774,502296,5749ca6a1c4e4e10cf0ec75d,1774,24,16,196,132,987.890625,561.28571428571433,0.765625,0.52380952380952384,False,row1_col2,256,189,0,33
1775,409195,f1b1a21a9d97d3eb8ef2a36a,1775,11,19,92,156,534.34375,652.49738219895289,0.359375,0.64921465968586389,False,row1_col1,256,191,0,32
1776,594474,d8e33de8429b55ebb8877642,1776,10,17,84,140,434.609375,586.44680851063822,0.328125,0.56382978723404253,False,row1_col0,256,188,0,34
1777,530871,dc0b4ccd38f08660aa595e39,1777,23,13,188,108,891.40625,464.73684210526318,0.734375,0.39473684210526316,False,row1_col2,256,190,0,33
1778,560893,c685b4a491f88fc79b166eaa,1778,29,23,236,188,1167.53125,806.64705882352939,0.921875,0.82352941176470584,False,row2_col2,256,187,0,34
1779,530991,dc0b4ccd38f08660aa595e39,1779,15,17,124,140,617.90625,601.15789473684208,0.484375,0.56315789473684208,False,row1_col1,256,190,0,33
1780,146054,b4219175d4f101deb62b1e1b,1780,6,20,52,164,311.859375,697.10160427807489,0.203125,0.69518716577540107,False,row2_col0,256,187,0,34
1781,467319,55697275b8b27562c9eb1a4c,1781,23,11,188,92,911.8125,385.4375,0.734375,0.3125,False,row0_col2,256,192,0,32
1782,592362,fe666fef2b8871f5528589d3,1782,10,15,84,124,542.96875,539.02072538860102,0.328125,0.48186528497409326,False,row1_col0,256,193,0,31
1783,133624,2f583ef3203d5ac90b59a547,1783,24,15,196,124,994.71875,517.43315508021396,0.765625,0.48128342245989303,False,row1_col2,256,187,0,34
1784,585458,c977bea10bf03c99460cec13,1784,18,23,148,188,739.9375,795.5,0.578125,0.81578947368421051,False,row2_col1,256,190,0,33
1785,592516,fe666fef2b8871f5528589d3,1785,4,20,36,164,337.84375,710.21243523316059,0.140625,0.68911917098445596,False,row2_col0,256,193,0,31
1786,312892,71b008a0a7521ff27fd58de8,1786,28,17,228,140,1110.921875,591.53439153439149,0.890625,0.56613756613756616,False,row1_col2,256,189,0,33
1787,572112,9183cf46ec95f7416fc2cadd,1787,16,22,132,180,671.09375,752.68421052631572,0.515625,0.77368421052631575,False,row2_col1,256,190,0,33
1788,351859,4f1c77f5d121ab64501fbab2,1788,19,19,156,156,802.578125,653.68279569892468,0.609375,0.65053763440860213,False,row1_col1,256,186,0,35
1789,488034,cbe7415bc3817302e0c76f2d,1789,2,19,20,156,214.46875,659.97409326424872,0.078125,0.64766839378238339,False,row1_col0,256,193,0,31
1790,308548,7490ef8c3e3d243f5abc226b,1790,4,10,36,84,300.953125,332.64210526315787,0.140625,0.26842105263157895,False,row0_col0,256,190,0,33
1791,126162,74dba489b837409bdc9002e2,1791,18,6,148,52,776.875,197.01570680628271,0.578125,0.10471204188481675,False,row0_col1,256,191,0,32
1792,138387,970a0e63436f260f3c624f80,1792,19,4,156,36,806.796875,143,0.609375,0,False,row0_col1,256,183,0,36
1793,83560,587b74bfc019c7be94717f25,1793,8,19,68,156,394.171875,649.93548387096769,0.265625,0.65053763440860213,False,row1_col0,256,186,0,35
1794,684599,5f992fdd05552118b4d67202,1794,23,17,188,140,940.15625,581.91304347826076,0.734375,0.56521739130434778,False,row1_col2,256,184,0,36
1795,430736,c0a7a3a62c3795f511c0eafd,1795,16,20,132,164,724.828125,664.10160427807489,0.515625,0.69518716577540107,False,row2_col1,256,187,0,34
1796,601656,cbbfcf781cf2e6b2a448637f,1796,24,17,196,140,947.71875,581.1875,0.765625,0.5625,False,row1_col2,256,192,0,32
1797,367028,7d4e47ad65dc99387ba61cb2,1797,20,13,164,108,837.171875,441.7967032967033,0.640625,0.39010989010989011,False,row1_col1,256,182,0,37
1798,518513,8e28fe67259d0c825fe1bd0b,1798,17,11,140,92,674.109375,390.86597938144331,0.546875,0.31443298969072164,False,row0_col1,256,194,0,31
1799,487900,cbe7415bc3817302e0c76f2d,1799,28,14,228,116,1103.34375,488.78238341968915,0.890625,0.44041450777202074,False,row1_col2,256,193,0,31
1800,587964,47ecb67f20914fe9324d2108,1800,28,5,228,44,1107.375,171.66666666666666,0.890625,0.058201058201058198,False,row0_col2,256,189,0,33
1801,592391,fe666fef2b8871f5528589d3,1801,7,16,60,132,440.40625,573.259067357513,0.234375,0.52331606217616577,False,row1_col0,256,193,0,31
1802,127216,f5fa9934c3d9553bf163df86,1802,16,7,132,60,668.796875,237.71428571428572,0.515625,0.14285714285714285,False,row0_col1,256,189,0,33
1803,637451,b672bab83cdd2e2fd3e3b92b,1803,11,16,92,132,522.828125,543.46073298429314,0.359375,0.52356020942408377,False,row1_col1,256,191,0,32
1804,437476,c192edd74fe8165b22e50c5a,1804,4,7,36,60,267.53125,225.56701030927834,0.140625,0.14948453608247422,False,row0_col0,256,194,0,31
1805,524578,6393cda3292692bfb1ba6fc7,1805,2,9,20,76,236.46875,312.31578947368422,0.078125,0.22631578947368422,False,row0_col0,256,190,0,33
1806,130565,7d21f597b4b4043eb6e57f0e,1806,5,16,44,132,304.78125,555.49197860962568,0.171875,0.52406417112299464,False,row1_col0,256,187,0,34
1807,327098,829fa0ee35fbd7c1c841a103,1807,26,13,212,108,1003.59375,439.37096774193549,0.828125,0.39247311827956988,False,row1_col2,256,186,0,35
1808,595272,87721955af6f57a012d16d47,1808,8,10,68,84,376.390625,336.57142857142856,0.265625,0.26984126984126983,False,row0_col0,256,189,0,33
1809,506499,53e9a502e46a7b9e168d9115,1809,3,20,28,164,213.875,702.64893617021278,0.109375,0.69148936170212771,False,row2_col0,256,188,0,34
1810,84554,d97ecfbcd8824d84ea5eae90,1810,10,18,84,148,450.5,628.70165745856355,0.328125,0.61325966850828728,False,row1_col0,256,181,0,37
1811,371018,dbf24df1fbf05890f62cb775,1811,10,10,84,84,495.875,351.35555555555555,0.328125,0.25555555555555554,False,row0_col0,256,180,0,38
1812,312821,71b008a0a7521ff27fd58de8,1812,21,15,172,124,868.765625,522.37037037037032,0.671875,0.48148148148148145,False,row1_col2,256,189,0,33
1813,502181,5749ca6a1c4e4e10cf0ec75d,1813,5,13,44,108,336.546875,458.42857142857139,0.171875,0.3968253968253968,False,row1_col0,256,189,0,33
1814,277645,825a1b23f7b0d75436750d93,1814,13,4,108,36,619.59375,128.29842931937173,0.421875,0.020942408376963352,False,row0_col1,256,191,0,32
1815,386365,76906f430110ea676ee84663,1815,29,9,236,76,1139.359375,309.85106382978722,0.921875,0.22340425531914893,False,row0_col2,256,188,0,34
1816,592591,fe666fef2b8871f5528589d3,1816,15,22,124,180,713.90625,778.68911917098444,0.484375,0.772020725388601,False,row2_col1,256,193,0,31
1817,691843,26b9524860e2f239e66cf060,1817,3,20,28,164,235.40625,686.3125,0.109375,0.6875,False,row2_col0,256,192,0,32
1818,557309,d81cb231e10288659e7909e8,1818,29,7,236,60,1159.53125,254.11398963730571,0.921875,0.15025906735751296,False,row0_col2,256,193,0,31
1819,572936,8430cec5bf6a0ee7d4c4b34e,1819,8,16,68,132,447.328125,545.05263157894728,0.265625,0.52105263157894732,False,row1_col0,256,190,0,33
1820,478000,4232070a33fbc4fa24180e8d,1820,16,25,132,204,667.21875,868.88601036269426,0.515625,0.89637305699481862,False,row2_col1,256,193,0,31
1821,506375,53e9a502e46a7b9e168d9115,1821,7,16,60,132,350.875,565.62765957446811,0.234375,0.52127659574468088,False,row1_col0,256,188,0,34
1822,264365,85585001e772ec3cedc01ff3,1822,13,5,108,44,626.90625,169.43478260869566,0.421875,0.043478260869565216,False,row0_col1,256,184,0,36
1823,253527,5f54a832376b920cdc467195,1823,23,18,188,148,918.15625,635.41489361702133,0.734375,0.6063829787234043,False,row1_col2,256,188,0,34
1824,467316,55697275b8b27562c9eb1a4c,1824,20,11,164,92,808.6875,385.4375,0.640625,0.3125,False,row0_col1,256,192,0,32
1825,322178,e366b8893ee234784cfdf96a,1825,2,20,20,164,211.734375,693.62311557788939,0.078125,0.68341708542713564,False,row2_col0,256,199,0,28
1826,546232,e47bf05116ca1e4921049cf3,1826,24,13,196,108,983.078125,456.19402985074629,0.765625,0.40298507462686567,False,row1_col2,256,201,0,27
1827,560682,c685b4a491f88fc79b166eaa,1827,10,17,84,140,517.96875,601.04278074866306,0.328125,0.5668449197860963,False,row1_col0,256,187,0,34
1828,113177,df25d625c991e5e7eb0f6dc4,1828,25,16,204,132,995.125,550.91304347826087,0.796875,0.52173913043478259,False,row1_col2,256,184,0,36
1829,601510,cbbfcf781cf2e6b2a448637f,1829,6,13,52,108,327.84375,443.35416666666663,0.203125,0.39583333333333331,False,row1_col0,256,192,0,32
1830,543211,eedf98ccb5a364857973747a,1830,11,15,92,124,560.796875,528.88172043010752,0.359375,0.478494623655914,False,row1_col1,256,186,0,35
1831,471634,c7f35be6760fdb85307e2d49,1831,18,18,148,148,741.203125,631.74468085106389,0.578125,0.6063829787234043,False,row1_col1,256,188,0,34
1832,436854,a037fe56d4697f5f86f87b22,1832,22,19,180,156,887.359375,649.69841269841277,0.703125,0.65079365079365081,False,row1_col2,256,189,0,33
1833,240910,a295a8c6aa450d3d4f552f13,1833,14,8,116,68,663.234375,272.22222222222217,0.453125,0.18518518518518517,False,row0_col1,256,189,0,33
1834,29934,52572823a115b1268cfb144d,1834,14,7,116,60,600.515625,231.1875,0.453125,0.14583333333333334,False,row0_col1,256,192,0,32
1835,507416,61f217f44bf2fb9b5077b9b6,1835,24,16,196,132,963.125,561.61578947368412,0.765625,0.52105263157894732,False,row1_col2,256,190,0,33
1836,459047,c3cb302619dac53bc3e9a2b8,1836,7,9,60,76,355.40625,325.84042553191489,0.234375,0.22340425531914893,False,row0_col0,256,188,0,34
1837,380456,d78a35ec684695d072d6b211,1837,8,17,68,140,394.78125,577.87700534759369,0.265625,0.5668449197860963,False,row1_col0,256,187,0,34
1838,506312,53e9a502e46a7b9e168d9115,1838,8,14,68,116,385.125,497.11702127659578,0.265625,0.43617021276595747,False,row1_col0,256,188,0,34
1839,602711,4353ce725c8d749885d3c4b7,1839,23,18,188,148,870.875,620.68421052631584,0.734375,0.60526315789473684,False,row1_col2,256,190,0,33
1840,46187,08ad318603104514ade6d68b,1840,11,3,92,28,532.546875,111.6875,0.359375,-0.020833333333333332,True,padding_center,256,192,0,32
1841,655878,2ee1148cf2bfb979a3c11be3,1841,6,16,52,132,323.875,542.91304347826087,0.203125,0.52173913043478259,False,row1_col0,256,184,0,36
1842,660640,09b397b83ed83e6306d85ec0,1842,0,5,4,44,137.328125,168.60869565217391,0.015625,0.043478260869565216,False,row0_col0,256,184,0,36
1843,565594,cdff67add7326ebbbabf8a48,1843,26,10,212,84,1025.9375,353.46153846153845,0.828125,0.25824175824175827,False,row0_col2,256,182,0,37
1844,225884,2b4b6352c349b3d52ed92754,1844,28,18,228,148,1110.703125,632.53061224489795,0.890625,0.60204081632653061,False,row1_col2,256,196,0,30
1845,615021,57c1f270dff8706bef20031f,1845,13,19,108,156,593.28125,664.33333333333337,0.421875,0.65053763440860213,False,row1_col1,256,186,0,35
1846,608587,28b53dd19c8f65de13e95cab,1846,11,10,92,84,514.875,358.17112299465242,0.359375,0.26737967914438504,False,row0_col1,256,187,0,34
1847,432662,e858091360537aba1a4ec74e,1847,22,16,180,132,905.46875,552.33333333333326,0.703125,0.521505376344086,False,row1_col2,256,186,0,35
1848,460138,220c8ee1c69449f9af0ae7f1,1848,10,11,84,92,430.59375,396.4375,0.328125,0.3125,False,row0_col0,256,192,0,32
1849,555446,442850a2087d62c7e9453fcd,1849,22,13,180,108,910.625,449.4086021505376,0.703125,0.39247311827956988,False,row1_col2,256,186,0,35
1850,594406,d8e33de8429b55ebb8877642,1850,6,15,52,124,297.234375,517.85106382978734,0.203125,0.47872340425531917,False,row1_col0,256,188,0,34
1851,545273,17ff7079be9b18b062834cfc,1851,25,15,204,124,1013.984375,527.45744680851067,0.796875,0.47872340425531917,False,row1_col2,256,188,0,34
1852,679516,f6a612467fd1531566860d2f,1852,28,18,228,148,1121.046875,611.41489361702133,0.890625,0.6063829787234043,False,row1_col2,256,188,0,34
1853,289321,d03b423ac174ea78bf4a6637,1853,9,17,76,140,443.53125,581.14507772020727,0.296875,0.56476683937823835,False,row1_col0,256,193,0,31
1854,210516,1240ac28d17f51ba5c00837b,1854,20,18,164,148,859.171875,603.33333333333337,0.640625,0.60846560846560849,False,row1_col1,256,189,0,33
1855,476652,29967e147eb9c7a768964adf,1855,12,15,100,124,536.296875,527,0.390625,0.48148148148148145,False,row1_col1,256,189,0,33
1856,383448,525e253a65f0af92629166a4,1856,24,14,196,116,969.78125,481.5625,0.765625,0.4375,False,row1_col2,256,192,0,32
1857,97540,e8aecbbad790f36193dfc2a6,1857,4,8,36,68,268.375,271.05641025641023,0.140625,0.19487179487179487,False,row0_col0,256,195,0,30
1858,730732,21db2b7a45a0e29417a469f0,1858,12,19,100,156,527.375,654.95238095238096,0.390625,0.65079365079365081,False,row1_col1,256,189,0,33
1859,515545,0e2145f7a61e9d7634649dca,1859,25,14,204,116,959.78125,498.4540540540541,0.796875,0.43783783783783786,False,row1_col2,256,185,0,35
1860,479727,516089d2e2e2c9755fbd5142,1860,15,15,124,124,650.328125,525.85106382978734,0.484375,0.47872340425531917,False,row1_col1,256,188,0,34
1861,546139,e47bf05116ca1e4921049cf3,1861,27,10,220,84,1087.046875,352.43283582089555,0.859375,0.28358208955223879,False,row0_col2,256,201,0,27
1862,515805,0e2145f7a61e9d7634649dca,1862,29,22,236,180,1096.53125,771.40540540540542,0.921875,0.78378378378378377,False,row2_col2,256,185,0,35
1863,544444,e3ecaf99c788239f18c8a991,1863,28,21,228,172,1073.015625,727.3141361256545,0.890625,0.73298429319371727,False,row2_col2,256,191,0,32
1864,607609,63727db752b5ff12377d012c,1864,25,11,204,92,1017.734375,383.6875,0.796875,0.3125,False,row0_col2,256,192,0,32
1865,54854,d1458cc139bf5041872709d8,1865,6,18,52,148,307.875,629.9473684210526,0.203125,0.60526315789473684,False,row1_col0,256,190,0,33
1866,671421,9a9832c17e186ccd3563cf20,1866,29,21,236,172,1160.984375,720.57446808510633,0.921875,0.73404255319148937,False,row2_col2,256,188,0,34
1867,544276,e3ecaf99c788239f18c8a991,1867,20,16,164,132,798.765625,555.79581151832463,0.640625,0.52356020942408377,False,row1_col1,256,191,0,32
1868,559275,61b5465c722b8b833ec48621,1868,11,5,92,44,538.796875,178.51612903225805,0.359375,0.048387096774193547,False,row0_col1,256,186,0,35
1869,522825,84260c9ea667e4b1cdc99d6e,1869,9,18,76,148,440.671875,623.13829787234044,0.296875,0.6063829787234043,False,row1_col0,256,188,0,34
1870,417258,fa058e2ffd62b94a6405ac61,1870,10,15,84,124,489.875,494.11855670103097,0.328125,0.47938144329896909,False,row1_col0,256,194,0,31
1871,670044,9cb4460b3d110d026116cef5,1871,28,10,228,84,1126.703125,340.15675675675675,0.890625,0.26486486486486488,False,row0_col2,256,185,0,35
1872,132906,1aa0d91925dd72251d174919,1872,10,25,84,204,461.234375,854.15957446808511,0.328125,0.9042553191489362,False,row2_col0,256,188,0,34
1873,285853,52ed4da2285d211f61ff5e8e,1873,29,4,236,36,1131.359375,131.66310160427807,0.921875,0.0106951871657754,False,row0_col2,256,187,0,34
1874,606677,07487879b83ab8bf265d8c1f,1874,21,14,172,116,897.390625,504.69743589743587,0.671875,0.44102564102564101,False,row1_col2,256,195,0,30
1875,688728,932274c0ff4cbf8cb7b96e8d,1875,24,18,196,148,975.546875,627.72131147540983,0.765625,0.61202185792349728,False,row1_col2,256,183,0,36
1876,467265,55697275b8b27562c9eb1a4c,1876,1,10,12,84,155.5625,350.97916666666663,0.046875,0.27083333333333331,False,row0_col0,256,192,0,32
1877,114006,f36ce6afecf1a683931bba6d,1877,22,10,180,84,900.984375,356.98421052631579,0.703125,0.26842105263157895,False,row0_col2,256,190,0,33
1878,192134,13d984a7b264eb7393bb4bbb,1878,6,20,52,164,328.46875,692.10160427807489,0.203125,0.69518716577540107,False,row2_col0,256,187,0,34
1879,537891,b082c61b6f6397804ebe9514,1879,3,9,28,76,254.546875,319.94680851063828,0.109375,0.22340425531914893,False,row0_col0,256,188,0,34
1880,583211,9fbe77467132d5c93ee01128,1880,11,17,92,140,553.953125,589.57142857142867,0.359375,0.56613756613756616,False,row1_col1,256,189,0,33
1881,466241,f811b6561edd9f797ff5e802,1881,1,10,12,84,169.515625,346.36170212765956,0.046875,0.26595744680851063,False,row0_col0,256,188,0,34
1882,527019,5d258a6d34f1b116ab308ce4,1882,11,21,92,172,503.875,709.90425531914889,0.359375,0.73404255319148937,False,row2_col1,256,188,0,34
1883,507368,61f217f44bf2fb9b5077b9b6,1883,8,15,68,124,415.125,527.38421052631577,0.265625,0.47894736842105262,False,row1_col0,256,190,0,33
1884,200250,3d9a63ef1fa66bf91e525440,1884,26,17,212,140,1049.390625,607.14438502673806,0.828125,0.5668449197860963,False,row1_col2,256,187,0,34
1885,569785,5676e48fb1caa42ecdd07480,1885,25,13,204,108,951.734375,454.33668341708545,0.796875,0.4020100502512563,False,row1_col2,256,199,0,28
1886,542294,736df5902e9879b38b3b9634,1886,22,18,180,148,874.734375,623.5,0.703125,0.60526315789473684,False,row1_col2,256,190,0,33
1887,257577,f8040df5a0c034645db9d18b,1887,9,17,76,140,461.859375,594.31016042780755,0.296875,0.5668449197860963,False,row1_col0,256,187,0,34
1888,535056,e6a42e7bbe1942d90ee3b93f,1888,16,16,132,132,665.671875,565.62765957446811,0.515625,0.52127659574468088,False,row1_col1,256,188,0,34
1889,491977,af227d5d2da548642af3d8e8,1889,9,14,76,116,383.234375,488.26701570680632,0.296875,0.43979057591623039,False,row1_col0,256,191,0,32
1890,549543,b7cc7826ac85ae8215b61101,1890,7,21,60,172,391.875,732.77368421052631,0.234375,0.73157894736842111,False,row2_col0,256,190,0,33
1891,484874,0d760570a7d92d299c04d427,1891,10,16,84,132,490.640625,558.16580310880829,0.328125,0.52331606217616577,False,row1_col0,256,193,0,31
1892,132355,1aa0d91925dd72251d174919,1892,3,8,28,68,219.078125,266.031914893617,0.109375,0.18085106382978725,False,row0_col0,256,188,0,34
1893,487034,9ac9ebb9578650063235ec30,1893,26,19,212,156,1004.109375,664.65445026178008,0.828125,0.64921465968586389,False,row1_col2,256,191,0,32
1894,151174,6aacc3e88c7b1fee9f8c4019,1894,6,20,52,164,348.875,695.30366492146595,0.203125,0.69109947643979053,False,row2_col0,256,191,0,32
1895,489912,113ae33369eea4ce7f0b6955,1895,24,13,196,108,937.421875,458.42857142857139,0.765625,0.3968253968253968,False,row1_col2,256,189,0,33
1896,30250,52572823a115b1268cfb144d,1896,10,17,84,140,461.890625,577.4375,0.328125,0.5625,False,row1_col0,256,192,0,32
1897,489942,113ae33369eea4ce7f0b6955,1897,22,14,180,116,868.734375,492.71428571428572,0.703125,0.43915343915343913,False,row1_col2,256,189,0,33
1898,602532,4353ce725c8d749885d3c4b7,1898,4,13,36,108,220.125,449.31578947368422,0.140625,0.39473684210526316,False,row1_col0,256,190,0,33
1899,539097,abac48c206f4f9db98c1c8cf,1899,25,14,204,116,1001.765625,485.09793814432987,0.796875,0.43814432989690721,False,row1_col2,256,194,0,31
1900,497095,2b2d0a01139cb06591c16929,1900,7,14,60,116,354.703125,491.51851851851848,0.234375,0.43915343915343913,False,row1_col0,256,189,0,33
1901,601641,cbbfcf781cf2e6b2a448637f,1901,9,17,76,140,431.15625,581.1875,0.296875,0.5625,False,row1_col0,256,192,0,32
1902,42761,cbcb40349280f379f97f72d4,1902,9,24,76,196,464.15625,837.73513513513512,0.296875,0.87027027027027026,False,row2_col0,256,185,0,35
1903,166532,21a65ebf59d2ba6f5a645963,1903,4,20,36,164,235.359375,692.22448979591832,0.140625,0.68367346938775508,False,row2_col0,256,196,0,30
1904,528698,7ed463394b5acb61e1574507,1904,26,9,212,76,993.453125,319.375,0.828125,0.22916666666666666,False,row0_col2,256,192,0,32
1905,185977,04b10b19c991ff0f07deda16,1905,25,19,204,156,1001.34375,665.44919786096261,0.796875,0.65240641711229952,False,row1_col2,256,187,0,34
1906,69160,25b175f8a0414b88adf3bbf2,1906,8,17,68,140,413.78125,593.14438502673806,0.265625,0.5668449197860963,False,row1_col0,256,187,0,34
1907,206409,7c3fa4f3ec7844bba589fc1b,1907,9,18,76,148,445.15625,617.17021276595756,0.296875,0.6063829787234043,False,row1_col0,256,188,0,34
1908,739993,b612bc23f04a82e4e9573610,1908,25,20,204,164,929.125,702.66666666666663,0.796875,0.69312169312169314,False,row2_col2,256,189,0,33
1909,324088,e926571edbf8ab4ef6827bb2,1909,24,15,196,124,964.03125,522.13989637305701,0.765625,0.48186528497409326,False,row1_col2,256,193,0,31
1910,387772,22ab2c684f502bb67ac25bda,1910,28,21,228,172,1083.5,721.60309278350508,0.890625,0.72680412371134018,False,row2_col2,256,194,0,31
1911,694900,2ee12c1915309e3c1ad2d6ae,1911,20,19,164,156,848.171875,656.23404255319144,0.640625,0.64893617021276595,False,row1_col1,256,188,0,34
1912,174549,88c4bf09a5d57231f89b045c,1912,21,14,172,116,857.765625,470.18716577540107,0.671875,0.43850267379679142,False,row1_col2,256,187,0,34
1913,31239,ebe3ff0005b73eeff00e86a2,1913,7,16,60,132,384.28125,550.41081081081074,0.234375,0.5243243243243243,False,row1_col0,256,185,0,35
1914,536967,a4df32cda65d6caec503e150,1914,7,12,60,100,339.875,417.60638297872339,0.234375,0.35106382978723405,False,row1_col0,256,188,0,34
1915,467260,55697275b8b27562c9eb1a4c,1915,28,9,228,76,1083.6875,316.52083333333331,0.890625,0.22916666666666666,False,row0_col2,256,192,0,32
1916,501201,d8aec49d4eabf940e94e99b9,1916,17,14,140,116,708.28125,492.24064171122996,0.546875,0.43850267379679142,False,row1_col1,256,187,0,34
1917,345531,d966074aac618fed4e291ae3,1917,27,13,220,108,1032.453125,451.40000000000003,0.859375,0.40000000000000002,False,row1_col2,256,195,0,30
1918,602600,4353ce725c8d749885d3c4b7,1918,8,15,68,124,357.125,517.86315789473679,0.265625,0.47894736842105262,False,row1_col0,256,190,0,33
1919,485199,0d760570a7d92d299c04d427,1919,15,26,124,212,661.421875,898.89119170984452,0.484375,0.93782383419689119,False,row2_col1,256,193,0,31
1920,513478,43a8d937bdc326d6174ea535,1920,6,14,52,116,370.828125,491.55319148936172,0.203125,0.43617021276595747,False,row1_col0,256,188,0,34
1921,22073,883516beb4b2df8a83debd55,1921,25,17,204,140,1000.734375,586.14507772020727,0.796875,0.56476683937823835,False,row1_col2,256,193,0,31
1922,489941,113ae33369eea4ce7f0b6955,1922,21,14,172,116,834.390625,492.71428571428572,0.671875,0.43915343915343913,False,row1_col2,256,189,0,33
1923,159108,ee66320bf7eb01a991a1e561,1923,4,12,36,100,301.375,412.06451612903226,0.140625,0.34946236559139787,False,row1_col0,256,186,0,35
1924,601544,cbbfcf781cf2e6b2a448637f,1924,8,14,68,116,396.71875,477.8125,0.265625,0.4375,False,row1_col0,256,192,0,32
1925,269935,d541e836f6ba68faa6688c9d,1925,15,19,124,156,644.625,643.95238095238096,0.484375,0.65079365079365081,False,row1_col1,256,189,0,33
1926,89331,bafa334c6c43147b890e28ed,1926,19,7,156,60,777.578125,236.81052631578947,0.609375,0.14210526315789473,False,row0_col1,256,190,0,33
1927,684568,5f992fdd05552118b4d67202,1927,24,16,196,132,974.84375,547.304347826087,0.765625,0.52173913043478259,False,row1_col2,256,184,0,36
1928,575824,79609d9f8ec519016767e49f,1928,16,10,132,84,719.125,346.49473684210523,0.515625,0.26842105263157895,False,row0_col1,256,190,0,33
1929,229960,e5ea460098f78f89058a7af5,1929,8,18,68,148,424.78125,626.52173913043475,0.265625,0.60869565217391308,False,row1_col0,256,184,0,36
1930,361127,1219cb310706faa103ce419b,1930,7,21,60,172,352.21875,706.36065573770497,0.234375,0.74316939890710387,False,row2_col0,256,183,0,36
1931,46616,08ad318603104514ade6d68b,1931,24,16,196,132,983.078125,561.8125,0.765625,0.52083333333333337,False,row1_col2,256,192,0,32
1932,327192,829fa0ee35fbd7c1c841a103,1932,24,16,196,132,934.71875,542.72580645161293,0.765625,0.521505376344086,False,row1_col2,256,186,0,35
1933,577118,eebb80b7602a9bc51384c3b3,1933,30,18,244,148,1163.4375,627.76683937823839,0.953125,0.60621761658031093,False,row1_col2,256,193,0,31
1934,43621,d140f47bc847b703c1b20aec,1934,5,19,44,156,346.609375,646.44919786096261,0.171875,0.65240641711229952,False,row1_col0,256,187,0,34
1935,225909,2b4b6352c349b3d52ed92754,1935,21,19,172,156,868.109375,667.14285714285722,0.671875,0.6428571428571429,False,row1_col2,256,196,0,30
1936,146939,6d36a77190afe991bdd3beaf,1936,27,15,220,124,1062.046875,506.66666666666669,0.859375,0.478494623655914,False,row1_col2,256,186,0,35
1937,528728,7ed463394b5acb61e1574507,1937,24,10,196,84,924.890625,353.625,0.765625,0.27083333333333331,False,row0_col2,256,192,0,32
1938,217299,f393274be3847e33f5ac073b,1938,19,6,156,52,755.96875,205.32972972972973,0.609375,0.091891891891891897,False,row0_col1,256,185,0,35
1939,22734,aa559f98e5ee1a0c7cc457cf,1939,14,6,116,52,636.34375,207.14594594594595,0.453125,0.091891891891891897,False,row0_col1,256,185,0,35
1940,734735,fe6f136289ff3cf96e9fa7fa,1940,15,16,124,132,635.171875,555.49197860962568,0.484375,0.52406417112299464,False,row1_col1,256,187,0,34
1941,528903,7ed463394b5acb61e1574507,1941,7,16,60,132,342.109375,559.125,0.234375,0.52083333333333337,False,row1_col0,256,192,0,32
1942,569720,5676e48fb1caa42ecdd07480,1942,24,11,196,92,917.078125,384.86934673366835,0.765625,0.32160804020100503,False,row0_col2,256,199,0,28
1943,725615,4e68548ea0608614aa35b760,1943,15,19,124,156,621.65625,652.43478260869563,0.484375,0.65217391304347827,False,row1_col1,256,184,0,36
1944,294342,2e3c583d219c937858797cbc,1944,6,14,52,116,323.875,474.75,0.203125,0.4375,False,row1_col0,256,192,0,32
1945,651753,419d4372c4c0bfbddc5d5b65,1945,9,15,76,124,448.15625,516.76595744680856,0.296875,0.47872340425531917,False,row1_col0,256,188,0,34
1946,467414,55697275b8b27562c9eb1a4c,1946,22,14,180,116,877.4375,488.8125,0.703125,0.4375,False,row1_col2,256,192,0,32
1947,514729,80f88014c0d14ab592726fe3,1947,9,21,76,172,428.265625,738.11229946524065,0.296875,0.73796791443850263,False,row2_col0,256,187,0,34
1948,438940,0aef4825947bf8ad603e523a,1948,28,20,228,164,1121.375,679.77419354838719,0.890625,0.69354838709677424,False,row2_col2,256,186,0,35
1949,461189,439720347b525b459d2cd2a2,1949,5,12,44,100,350.375,439.10256410256409,0.171875,0.35897435897435898,False,row1_col0,256,195,0,30
1950,514584,80f88014c0d14ab592726fe3,1950,24,16,196,132,943.421875,566.77540106951869,0.765625,0.52406417112299464,False,row1_col2,256,187,0,34
1951,564678,0ec02acd088fff4c4bbe590f,1951,6,14,52,116,369.234375,498.24064171122996,0.203125,0.43850267379679142,False,row1_col0,256,187,0,34
1952,194021,aefb29f0a27380abd8a7072a,1952,5,15,44,124,318.40625,523.93717277486917,0.171875,0.48167539267015708,False,row1_col0,256,191,0,32
1953,615016,57c1f270dff8706bef20031f,1953,8,19,68,156,419.84375,664.33333333333337,0.265625,0.65053763440860213,False,row1_col0,256,186,0,35
1954,550422,25243d794ab291df05447bc6,1954,22,16,180,132,888.4375,555.28571428571433,0.703125,0.52380952380952384,False,row1_col2,256,189,0,33
1955,729657,8d10243544cfbd17a41b803a,1955,25,17,204,140,982.15625,588.78378378378375,0.796875,0.56756756756756754,False,row1_col2,256,185,0,35
1956,304555,fa425b55ae4649a7440cdfd7,1956,11,13,92,108,503.03125,442.95187165775405,0.359375,0.39572192513368987,False,row1_col1,256,187,0,34
1957,599591,7e43c32828df193edc42ddff,1957,7,17,60,140,408.578125,594.44680851063822,0.234375,0.56382978723404253,False,row1_col0,256,188,0,34
1958,130602,7d21f597b4b4043eb6e57f0e,1958,10,17,84,140,478.21875,590.14438502673806,0.328125,0.5668449197860963,False,row1_col0,256,187,0,34
1959,637327,b672bab83cdd2e2fd3e3b92b,1959,15,12,124,100,661.203125,405.07329842931938,0.484375,0.35602094240837695,False,row1_col1,256,191,0,32
1960,351940,4f1c77f5d121ab64501fbab2,1960,4,22,36,180,283.671875,757.55376344086017,0.140625,0.77956989247311825,False,row2_col0,256,186,0,35
1961,181683,9dc7738247217dd257b2b574,1961,19,13,156,108,760.40625,450.67015706806279,0.609375,0.39790575916230364,False,row1_col1,256,191,0,32
1962,575166,677cd183b987906faf2e530c,1962,30,21,244,172,1194.109375,734.17297297297296,0.953125,0.74054054054054053,False,row2_col2,256,185,0,35
1963,523831,df913345c4c2be5eeed41459,1963,23,17,188,140,945.421875,597.14507772020727,0.734375,0.56476683937823835,False,row1_col2,256,193,0,31
1964,721305,aaa015ca6a44f303044cb7bf,1964,25,12,204,100,1017.734375,418.62433862433863,0.796875,0.35449735449735448,False,row1_col2,256,189,0,33
1965,601542,cbbfcf781cf2e6b2a448637f,1965,6,14,52,116,327.84375,477.8125,0.203125,0.4375,False,row1_col0,256,192,0,32
1966,146918,6d36a77190afe991bdd3beaf,1966,6,15,52,124,334.265625,506.66666666666669,0.203125,0.478494623655914,False,row1_col0,256,186,0,35
1967,16919,f4edc4be6ad1d9afc66e3637,1967,23,16,188,132,921.953125,556.30526315789461,0.734375,0.52105263157894732,False,row1_col2,256,190,0,33
1968,458278,efab8b57a05312e6e2d6ff9c,1968,6,17,52,140,286.234375,589.09999999999991,0.203125,0.56315789473684208,False,row1_col0,256,190,0,33
1969,678508,29885a385c0c3cb416f20ecb,1969,12,19,100,156,577.03125,653.93513513513517,0.390625,0.65405405405405403,False,row1_col1,256,185,0,35
1970,135766,ae10765eee319809f6e8d9ae,1970,22,18,180,148,906.359375,624.05913978494618,0.703125,0.60752688172043012,False,row1_col2,256,186,0,35
1971,363180,53f85fa89c59271d3ffb3641,1971,12,21,100,172,570.46875,690.57446808510633,0.390625,0.73404255319148937,False,row2_col1,256,188,0,34
1972,565878,cdff67add7326ebbbabf8a48,1972,22,19,180,156,888.4375,663.61538461538464,0.703125,0.65384615384615385,False,row1_col2,256,182,0,37
1973,601692,cbbfcf781cf2e6b2a448637f,1973,28,18,228,148,1085.46875,615.64583333333326,0.890625,0.60416666666666663,False,row1_col2,256,192,0,32
1974,546200,e47bf05116ca1e4921049cf3,1974,24,12,196,100,983.078125,421.60696517412936,0.765625,0.36318407960199006,False,row1_col2,256,201,0,27
1975,664099,3f0b56e3daead59ea51a5d24,1975,3,17,28,140,257.078125,588.4375,0.109375,0.5625,False,row1_col0,256,192,0,32
1976,417262,fa058e2ffd62b94a6405ac61,1976,14,15,116,124,628.875,494.11855670103097,0.453125,0.47938144329896909,False,row1_col1,256,194,0,31
1977,373051,03b92d95da6694e6f43e0193,1977,27,9,220,76,1051.03125,295.75647668393782,0.859375,0.23316062176165803,False,row0_col2,256,193,0,31
1978,470372,7b4398b5f7d90eaafd6f9de7,1978,4,11,36,92,316.125,384.54838709677421,0.140625,0.30645161290322581,False,row0_col0,256,186,0,35
1979,683609,af97ad278b11dd6829adda17,1979,25,18,204,148,958.140625,620.2032967032967,0.796875,0.60989010989010994,False,row1_col2,256,182,0,37
1980,534024,8213a75d6bb493befa13560d,1980,8,16,68,132,423.125,559.125,0.265625,0.52083333333333337,False,row1_col0,256,192,0,32
1981,670280,9cb4460b3d110d026116cef5,1981,8,18,68,148,433.578125,617.25945945945944,0.265625,0.61081081081081079,False,row1_col0,256,185,0,35
1982,501425,d8aec49d4eabf940e94e99b9,1982,17,21,140,172,708.28125,732.11229946524065,0.546875,0.73796791443850263,False,row2_col1,256,187,0,34
1983,619701,c71b7281815add7bc72e0af6,1983,21,5,172,44,866.40625,176.30000000000001,0.671875,0.057894736842105263,False,row0_col2,256,190,0,33
1984,721268,aaa015ca6a44f303044cb7bf,1984,20,11,164,92,844.453125,384.04232804232799,0.640625,0.31216931216931215,False,row0_col1,256,189,0,33
1985,166500,21a65ebf59d2ba6f5a645963,1985,4,19,36,156,235.359375,657.28571428571433,0.140625,0.6428571428571429,False,row1_col0,256,196,0,30
1986,607890,63727db752b5ff12377d012c,1986,18,20,148,164,775.140625,695.3125,0.578125,0.6875,False,row2_col1,256,192,0,32
1987,540072,e2b45792dfc5b8bb9ef98bca,1987,8,13,68,108,422.046875,459.20634920634922,0.265625,0.3968253968253968,False,row1_col0,256,189,0,33
1988,26151,2f242eafe4e64dd1538bc0df,1988,7,17,60,140,349.921875,590.62162162162167,0.234375,0.56756756756756754,False,row1_col0,256,185,0,35
1989,472787,77f12352984de874b6cd5378,1989,19,22,156,180,816.484375,764,0.609375,0.77777777777777779,False,row2_col1,256,189,0,33
1990,654972,d76501c670a10ab364d9061e,1990,28,19,228,156,1074.578125,654.19473684210527,0.890625,0.64736842105263159,False,row1_col2,256,190,0,33
1991,393815,fc56ae52e06ade318ea4d493,1991,23,18,188,148,916.28125,597.62903225806451,0.734375,0.60752688172043012,False,row1_col2,256,186,0,35
1992,464557,7a0f74886ddf2564aac2dcae,1992,13,21,108,172,558.796875,735.11229946524065,0.421875,0.73796791443850263,False,row2_col1,256,187,0,34
1993,645767,05f41bd57337a78242d25d3e,1993,7,20,60,164,373.453125,698.53926701570674,0.234375,0.69109947643979053,False,row2_col0,256,191,0,32
1994,669205,69e9731cb1bb99f66cbbadef,1994,21,16,172,132,890.765625,548.30526315789461,0.671875,0.52105263157894732,False,row1_col2,256,190,0,33
1995,476676,29967e147eb9c7a768964adf,1995,4,16,36,132,261.546875,561.28571428571433,0.140625,0.52380952380952384,False,row1_col0,256,189,0,33
1996,142857,1e5e68e0329b0ca73274b4b5,1996,9,16,76,132,456.15625,550.74210526315778,0.296875,0.52105263157894732,False,row1_col0,256,190,0,33
1997,639757,2f3e9ad50350b43cdcf05159,1997,13,24,108,196,543.015625,830.33333333333337,0.421875,0.86243386243386244,False,row2_col1,256,189,0,33
1998,238136,6e2433682189e3d2ce556573,1998,24,17,196,140,1005.546875,593.14438502673806,0.765625,0.5668449197860963,False,row1_col2,256,187,0,34
1999,10788,ca1191675acfe9ec5285967b,1999,4,17,36,140,242.96875,600.09999999999991,0.140625,0.56315789473684208,False,row1_col0,256,190,0,33
2000,502169,5749ca6a1c4e4e10cf0ec75d,2000,25,12,204,100,1022.171875,424.14285714285711,0.796875,0.35449735449735448,False,row1_col2,256,189,0,33
2001,68137,a5e44a049f152deb435edd40,2001,9,17,76,140,442.125,586.25806451612902,0.296875,0.56451612903225812,False,row1_col0,256,186,0,35
2002,12669,5335429b96f92c225a06686c,2002,29,11,236,92,1136.90625,396.25405405405411,0.921875,0.30810810810810813,False,row0_col2,256,185,0,35
2003,251558,2fb5196803f6c730af314161,2003,6,21,52,172,360.84375,734.70000000000005,0.203125,0.73157894736842111,False,row2_col0,256,190,0,33
2004,602725,4353ce725c8d749885d3c4b7,2004,5,19,44,156,254.375,654.95789473684215,0.171875,0.64736842105263159,False,row1_col0,256,190,0,33
2005,509564,df64943a259e759b69c57f25,2005,28,19,228,156,1096.796875,658.14285714285711,0.890625,0.65079365079365081,False,row1_col2,256,189,0,33
2006,545177,17ff7079be9b18b062834cfc,2006,25,12,204,100,1013.984375,425.2021276595745,0.796875,0.35106382978723405,False,row1_col2,256,188,0,34
2007,483982,7b57de0d35adaa2f8254baa8,2007,14,20,116,164,694.625,692.84491978609628,0.453125,0.69518716577540107,False,row2_col1,256,187,0,34
2008,526108,e8abeda485644b2b7acbf9f4,2008,28,24,228,196,1056.453125,826.93193717277484,0.890625,0.8586387434554974,False,row2_col2,256,191,0,32
2009,608579,28b53dd19c8f65de13e95cab,2009,3,10,28,84,240.875,358.17112299465242,0.109375,0.26737967914438504,False,row0_col0,256,187,0,34
2010,617827,e9b79f16d364e3a2fa877ce7,2010,3,11,28,92,238.53125,377.25405405405411,0.109375,0.30810810810810813,False,row0_col0,256,185,0,35
2011,348614,aeb6f3350dd903eec76c1d2f,2011,6,14,52,116,334.265625,473.47802197802201,0.203125,0.43406593406593408,False,row1_col0,256,182,0,37
2012,605063,e13e69b4c17cd750194fa4bb,2012,7,28,60,228,383.578125,974.51832460732987,0.234375,1.0261780104712042,True,padding_center,256,191,0,32
2013,567718,ce1b06db295c8aa47115048c,2013,6,13,52,108,332.21875,457.4086021505376,0.203125,0.39247311827956988,False,row1_col0,256,186,0,35
2014,506509,53e9a502e46a7b9e168d9115,2014,13,20,108,164,556.375,702.64893617021278,0.421875,0.69148936170212771,False,row2_col1,256,188,0,34
2015,602696,4353ce725c8d749885d3c4b7,2015,8,18,68,148,357.125,620.68421052631584,0.265625,0.60526315789473684,False,row1_col0,256,190,0,33
2016,138650,970a0e63436f260f3c624f80,2016,26,12,212,100,1049.390625,419.98360655737707,0.828125,0.34972677595628415,False,row1_col2,256,183,0,36
2017,92822,cee542fc544d914ecb84340b,2017,22,20,180,164,880.765625,689.84816753926702,0.703125,0.69109947643979053,False,row2_col2,256,191,0,32
2018,584122,7413f29906bbedeb019fea89,2018,26,13,212,108,1047.625,455.82989690721649,0.828125,0.39690721649484534,False,row1_col2,256,194,0,31
2019,603542,02b8d585b96bf351d6297716,2019,22,12,180,100,887.21875,409.3056994818653,0.703125,0.35751295336787564,False,row1_col2,256,193,0,31
2020,512623,91decb18deafedf261951d4d,2020,15,19,124,156,613.875,666.57754010695191,0.484375,0.65240641711229952,False,row1_col1,256,187,0,34
2021,684696,5f992fdd05552118b4d67202,2021,24,20,196,164,974.84375,685.73913043478262,0.765625,0.69565217391304346,False,row2_col2,256,184,0,36
2022,660545,09b397b83ed83e6306d85ec0,2022,1,2,12,20,171.984375,64.782608695652172,0.046875,-0.086956521739130432,True,padding_center,256,184,0,36
2023,144653,f7f29bc516d8bf1032c86519,2023,13,8,108,68,576.859375,283.07772020725383,0.421875,0.19170984455958548,False,row0_col1,256,193,0,31
2024,339546,e011d89cc836ba1aa1bc02a9,2024,26,18,212,148,1024.703125,620.56521739130437,0.828125,0.60869565217391308,False,row1_col2,256,184,0,36
2025,526993,5d258a6d34f1b116ab308ce4,2025,17,20,140,164,709.375,675.64893617021278,0.546875,0.69148936170212771,False,row2_col1,256,188,0,34
2026,58936,7381cb78aaec6db422f04d3f,2026,24,17,196,140,967.421875,581.09999999999991,0.765625,0.56315789473684208,False,row1_col2,256,190,0,33
2027,461271,439720347b525b459d2cd2a2,2027,23,14,188,116,966.875,507.69743589743587,0.734375,0.44102564102564101,False,row1_col2,256,195,0,30
2028,512367,91decb18deafedf261951d4d,2028,15,11,124,92,613.875,392.43850267379685,0.484375,0.31016042780748665,False,row0_col1,256,187,0,34
2029,53766,7d6e953eea6aeb102463c263,2029,6,16,52,132,339.46875,548.30526315789461,0.203125,0.52105263157894732,False,row1_col0,256,190,0,33
2030,491225,f93c3ed6d29f639d27608bfa,2030,25,22,204,180,971.765625,768.15306122448976,0.796875,0.76530612244897955,False,row2_col2,256,196,0,30
2031,162293,60611d165a78aab7eb01b780,2031,21,15,172,124,833.09375,536.37037037037032,0.671875,0.48148148148148145,False,row1_col2,256,189,0,33
2032,322180,e366b8893ee234784cfdf96a,2032,4,20,36,164,281.921875,693.62311557788939,0.140625,0.68341708542713564,False,row2_col0,256,199,0,28
2033,457287,8edb3f5616a73b2e02e42c87,2033,7,18,60,148,357.921875,622.79679144385022,0.234375,0.60962566844919786,False,row1_col0,256,187,0,34
2034,545053,17ff7079be9b18b062834cfc,2034,29,8,236,68,1150.609375,288.86170212765956,0.921875,0.18085106382978725,False,row0_col2,256,188,0,34
2035,512337,91decb18deafedf261951d4d,2035,17,10,140,84,682.375,358.17112299465242,0.546875,0.26737967914438504,False,row0_col1,256,187,0,34
2036,598553,d38497f6cb09922f8f3dcf04,2036,25,16,204,132,1066.171875,556.74869109947645,0.796875,0.52356020942408377,False,row1_col2,256,191,0,32
2037,231732,b7e5c36b0fcc32f8da70f625,2037,20,9,164,76,798.296875,310.627027027027,0.640625,0.22162162162162163,False,row0_col1,256,185,0,35
2038,600536,e23c7263422caa21794c6b96,2038,24,14,196,116,976.890625,486.71428571428572,0.765625,0.43915343915343913,False,row1_col2,256,189,0,33
2039,557558,d81cb231e10288659e7909e8,2039,22,15,180,124,920.21875,528.02072538860102,0.703125,0.48186528497409326,False,row1_col2,256,193,0,31
2040,476615,29967e147eb9c7a768964adf,2040,7,14,60,116,364.578125,492.71428571428572,0.234375,0.43915343915343913,False,row1_col0,256,189,0,33
2041,525506,e8abeda485644b2b7acbf9f4,2041,2,6,20,52,168.390625,213.23560209424085,0.078125,0.10471204188481675,False,row0_col0,256,191,0,32
2042,569861,5676e48fb1caa42ecdd07480,2042,5,16,44,132,258.609375,558.53768844221111,0.171875,0.52261306532663321,False,row1_col0,256,199,0,28
2043,517595,f4df64b5ff783c747eb82df3,2043,27,14,220,116,1095.453125,494.55319148936172,0.859375,0.43617021276595747,False,row1_col2,256,188,0,34
2044,76438,7362ade95f32642a9f44c44a,2044,22,20,180,164,926.90625,701.62311557788939,0.703125,0.68341708542713564,False,row2_col2,256,199,0,28
2045,473509,1d12ec902c3113b35c317ef8,2045,5,13,44,108,309.03125,450.73684210526318,0.171875,0.39473684210526316,False,row1_col0,256,190,0,33
2046,215201,c0d503761e44e89054546681,2046,1,5,12,44,185.984375,168.55026455026456,0.046875,0.058201058201058198,False,row0_col0,256,189,0,33
2047,159207,ee66320bf7eb01a991a1e561,2047,7,15,60,124,405.625,516.58064516129036,0.234375,0.478494623655914,False,row1_col0,256,186,0,35
2048,528967,7ed463394b5acb61e1574507,2048,7,18,60,148,342.109375,627.625,0.234375,0.60416666666666663,False,row1_col0,256,192,0,32
2049,676378,36bbd488b40fa9d32e6c7611,2049,26,16,212,132,1049.90625,562.39572192513367,0.828125,0.52406417112299464,False,row1_col2,256,187,0,34
2050,602548,4353ce725c8d749885d3c4b7,2050,20,13,164,108,768.125,449.31578947368422,0.640625,0.39473684210526316,False,row1_col1,256,190,0,33
2051,175357,b1e12102411c176bd5c55672,2051,29,7,236,60,1156.359375,244,0.921875,0.14285714285714285,False,row0_col2,256,189,0,33
2052,154990,dd2f8e22a40ca28b716d3418,2052,14,11,116,92,596.875,390.16042780748666,0.453125,0.31016042780748665,False,row0_col1,256,187,0,34
2053,15804,9ce76d5db5c11961db1ca677,2053,28,13,228,108,1107.375,448.0526315789474,0.890625,0.39473684210526316,False,row1_col2,256,190,0,33
2054,133690,2f583ef3203d5ac90b59a547,2054,26,17,212,140,1063.59375,586.31016042780755,0.828125,0.5668449197860963,False,row1_col2,256,187,0,34
2055,468740,ef419c8f615496747f6510c0,2055,4,24,36,196,282.84375,831.31550802139043,0.140625,0.86631016042780751,False,row2_col0,256,187,0,34
2056,506310,53e9a502e46a7b9e168d9115,2056,6,14,52,116,316.625,497.11702127659578,0.203125,0.43617021276595747,False,row1_col0,256,188,0,34
2057,559531,61b5465c722b8b833ec48621,2057,11,13,92,108,538.796875,452.4086021505376,0.359375,0.39247311827956988,False,row1_col1,256,186,0,35
2058,592297,fe666fef2b8871f5528589d3,2058,9,13,76,108,508.78125,470.54404145077717,0.296875,0.39896373056994816,False,row1_col0,256,193,0,31
2059,356886,896ecacb2e63e157dc4e35d7,2059,22,16,180,132,925.984375,559.0785340314136,0.703125,0.52356020942408377,False,row1_col2,256,191,0,32
2060,489878,113ae33369eea4ce7f0b6955,2060,22,12,180,100,868.734375,424.14285714285711,0.703125,0.35449735449735448,False,row1_col2,256,189,0,33
2061,486954,9ac9ebb9578650063235ec30,2061,10,17,84,140,454.609375,595.79581151832463,0.328125,0.56544502617801051,False,row1_col0,256,191,0,32
2062,638582,d51f5564f4e76c5f59463abb,2062,22,19,180,156,909.875,651.27083333333337,0.703125,0.64583333333333337,False,row1_col2,256,192,0,32
2063,574872,677cd183b987906faf2e530c,2063,24,12,196,100,986.546875,422.43243243243245,0.765625,0.35135135135135137,False,row1_col2,256,185,0,35
2064,554553,edb01c151c563bb82cc5df9d,2064,25,17,204,140,992.78125,591.88297872340422,0.796875,0.56382978723404253,False,row1_col2,256,188,0,34
2065,652794,54f228b2ef6b12f663053845,2065,26,15,212,124,1023.109375,521.49214659685867,0.828125,0.48167539267015708,False,row1_col2,256,191,0,32
2066,177690,d3087ca15c39ea0c8f15bf17,2066,26,16,212,132,1021.359375,556.4065934065934,0.828125,0.52197802197802201,False,row1_col2,256,182,0,37
2067,653943,8a106526a24206c71ac97fc4,2067,23,19,188,156,891.546875,660.18716577540113,0.734375,0.65240641711229952,False,row1_col2,256,187,0,34
2068,498019,df2dd66a2f9f4acffc6fdb65,2068,3,11,28,92,254.546875,387.50802139037432,0.109375,0.31016042780748665,False,row0_col0,256,187,0,34
2069,228849,5f82d1a18d37b5b71f0e3e13,2069,17,15,140,124,686.84375,524.1875,0.546875,0.47916666666666669,False,row1_col1,256,192,0,32
2070,132741,1aa0d91925dd72251d174919,2070,5,20,44,164,288.265625,681.18085106382978,0.171875,0.69148936170212771,False,row2_col0,256,188,0,34
2071,209463,c7d7069e6440bce13d75f421,2071,23,17,188,140,912.421875,589.05759162303661,0.734375,0.56544502617801051,False,row1_col2,256,191,0,32
2072,574843,677cd183b987906faf2e530c,2072,27,11,220,92,1090.328125,387.79459459459463,0.859375,0.30810810810810813,False,row0_col2,256,185,0,35
2073,322332,e366b8893ee234784cfdf96a,2073,28,24,228,196,1124.171875,834.00502512562809,0.890625,0.84422110552763818,False,row2_col2,256,199,0,28
2074,449770,5dcfc0e65ab4ebc09fc86fbe,2074,10,7,84,60,483.890625,219.70879120879121,0.328125,0.12637362637362637,False,row0_col0,256,182,0,37
2075,410211,05ca24cc6157d09d27f43cc5,2075,3,19,28,156,219.71875,652,0.109375,0.65217391304347827,False,row1_col0,256,184,0,36
2076,43548,d140f47bc847b703c1b20aec,2076,28,16,228,132,1143.703125,542.49197860962568,0.890625,0.52406417112299464,False,row1_col2,256,187,0,34
2077,15764,9ce76d5db5c11961db1ca677,2077,20,12,164,100,829.375,413.27368421052631,0.640625,0.35263157894736841,False,row1_col1,256,190,0,33
2078,43569,d140f47bc847b703c1b20aec,2078,17,17,140,140,762.484375,577.14438502673806,0.546875,0.5668449197860963,False,row1_col1,256,187,0,34
2079,336361,e5f9395628709ae9079eeba0,2079,9,15,76,124,449.234375,514.695652173913,0.296875,0.47826086956521741,False,row1_col0,256,184,0,36
2080,707248,d1b696acc3c7aa007b3f1439,2080,16,21,132,172,690.375,733.10994764397901,0.515625,0.73298429319371727,False,row2_col1,256,191,0,32
2081,69177,25b175f8a0414b88adf3bbf2,2081,25,17,204,140,1001.34375,593.14438502673806,0.796875,0.5668449197860963,False,row1_col2,256,187,0,34
2082,514457,80f88014c0d14ab592726fe3,2082,25,12,204,100,977.765625,429.70588235294122,0.796875,0.35294117647058826,False,row1_col2,256,187,0,34
2083,126691,74dba489b837409bdc9002e2,2083,3,23,28,188,255.625,788.72251308900525,0.109375,0.81675392670157065,False,row2_col0,256,191,0,32
2084,272589,12def0a47aa043439d178972,2084,13,6,108,52,611.125,196.22340425531917,0.421875,0.095744680851063829,False,row0_col1,256,188,0,34
2085,611730,7febf4fe97b272661ab00643,2085,18,12,148,100,753.984375,409.86315789473684,0.578125,0.35263157894736841,False,row1_col1,256,190,0,33
2086,478712,246ad0c43ef94471a87d00f3,2086,24,15,196,124,985.125,526.50802139037432,0.765625,0.48128342245989303,False,row1_col2,256,187,0,34
2087,410274,05ca24cc6157d09d27f43cc5,2087,2,21,20,172,184.65625,722,0.078125,0.73913043478260865,False,row2_col0,256,184,0,36
2088,638538,d51f5564f4e76c5f59463abb,2088,10,18,84,148,492.875,616.47916666666663,0.328125,0.60416666666666663,False,row1_col0,256,192,0,32
2089,675355,0a3535e7cb0948b575c9ea8e,2089,27,16,220,132,1105.625,549.04615384615386,0.859375,0.52307692307692311,False,row1_col2,256,195,0,30
2090,324964,f5cda31a858d786125df8e22,2090,4,11,36,92,287.78125,384.70466321243526,0.140625,0.31606217616580312,False,row0_col0,256,193,0,31
2091,684159,5f992fdd05552118b4d67202,2091,31,3,252,28,1217.65625,97.391304347826093,0.984375,-0.043478260869565216,True,padding_center,256,184,0,36
2092,533975,8213a75d6bb493befa13560d,2092,23,14,188,116,936.875,490.625,0.734375,0.4375,False,row1_col2,256,192,0,32
2093,585162,c977bea10bf03c99460cec13,2093,10,14,84,116,464.9375,485.90000000000003,0.328125,0.43684210526315792,False,row1_col0,256,190,0,33
2094,242053,b84c63039a63bf730ebdebb1,2094,5,12,44,100,297.125,380.85340314136124,0.171875,0.35602094240837695,False,row1_col0,256,191,0,32
2095,719482,f92f442ca28c1794b5281ba1,2095,26,19,212,156,1043.875,662.37368421052633,0.828125,0.64736842105263159,False,row1_col2,256,190,0,33
2096,365130,462b47fa3de976e72a9b5115,2096,10,18,84,148,505.890625,605.79679144385022,0.328125,0.60962566844919786,False,row1_col0,256,187,0,34
2097,406120,e764a382e06a2d9870d6385d,2097,8,19,68,156,391.71875,651.37704918032784,0.265625,0.65573770491803274,False,row1_col0,256,183,0,36
2098,39587,2621e0e5fef600ad180b0661,2098,3,21,28,172,240.96875,738.93010752688178,0.109375,0.73655913978494625,False,row2_col0,256,186,0,35
2099,458247,efab8b57a05312e6e2d6ff9c,2099,7,16,60,132,320.578125,554.70000000000005,0.234375,0.52105263157894732,False,row1_col0,256,190,0,33
2100,582922,9fbe77467132d5c93ee01128,2100,10,8,84,68,519.609375,281,0.328125,0.18518518518518517,False,row0_col0,256,189,0,33
2101,473639,1d12ec902c3113b35c317ef8,2101,7,17,60,140,377.40625,587.15789473684208,0.234375,0.56315789473684208,False,row1_col0,256,190,0,33
2102,523939,df913345c4c2be5eeed41459,2102,3,21,28,172,252.296875,735.75647668393788,0.109375,0.73056994818652854,False,row2_col0,256,193,0,31
2103,521910,eb0351acb0beefb86ab98462,2103,22,21,180,172,878.328125,725.90425531914889,0.703125,0.73404255319148937,False,row2_col2,256,188,0,34
2104,473524,1d12ec902c3113b35c317ef8,2104,20,13,164,108,821.84375,450.73684210526318,0.640625,0.39473684210526316,False,row1_col1,256,190,0,33
2105,712119,62d6d7251de0b9863368086e,2105,23,13,188,108,937.953125,450.94086021505376,0.734375,0.39247311827956988,False,row1_col2,256,186,0,35
2106,47747,b87c381e4a842e0b20bf5138,2106,3,20,28,164,230.078125,686.10160427807489,0.109375,0.69518716577540107,False,row2_col0,256,187,0,34
2107,718457,ff622b143161a670803d7cbf,2107,25,19,204,156,980.140625,661.68279569892468,0.796875,0.65053763440860213,False,row1_col2,256,186,0,35
2108,384549,ba40733dea98fd31eaa0e5fe,2108,5,17,44,140,310.609375,576.62162162162167,0.171875,0.56756756756756754,False,row1_col0,256,185,0,35
2109,499045,fae0767fbbc62b038bf2e8d7,2109,5,11,44,92,287.890625,392.43850267379685,0.171875,0.31016042780748665,False,row0_col0,256,187,0,34
2110,569828,5676e48fb1caa42ecdd07480,2110,4,15,36,124,223.953125,523.8040201005025,0.140625,0.48241206030150752,False,row1_col0,256,199,0,28
2111,257610,f8040df5a0c034645db9d18b,2111,10,18,84,148,496.265625,628.74866310160428,0.328125,0.60962566844919786,False,row1_col0,256,187,0,34
2112,458982,c3cb302619dac53bc3e9a2b8,2112,6,7,52,60,321.21875,257.32978723404256,0.203125,0.13829787234042554,False,row0_col0,256,188,0,34
2113,314906,ef59d1cbf4b57d08ba6bcb44,2113,26,16,212,132,1060.390625,559.98429319371735,0.828125,0.52356020942408377,False,row1_col2,256,191,0,32
2114,337552,347841146c8588b3b0ef8cd2,2114,16,20,132,164,650.921875,693.32978723404256,0.515625,0.69148936170212771,False,row2_col1,256,188,0,34
2115,457972,efab8b57a05312e6e2d6ff9c,2115,20,7,164,60,767.046875,245.09999999999999,0.640625,0.14210526315789473,False,row0_col1,256,190,0,33
2116,100855,76884f70ebe18c8dbf09d6a5,2116,23,15,188,124,900.09375,522.29743589743589,0.734375,0.48205128205128206,False,row1_col2,256,195,0,30
2117,526661,5d258a6d34f1b116ab308ce4,2117,5,10,44,84,298.375,333.09574468085106,0.171875,0.26595744680851063,False,row0_col0,256,188,0,34
2118,345265,d966074aac618fed4e291ae3,2118,17,5,140,44,689.015625,177.02051282051281,0.546875,0.07179487179487179,False,row0_col1,256,195,0,30
2119,565788,cdff67add7326ebbbabf8a48,2119,28,16,228,132,1094.6875,560.23076923076928,0.890625,0.52197802197802201,False,row1_col2,256,182,0,37
2120,278103,825a1b23f7b0d75436750d93,2120,23,18,188,148,965.21875,612.65445026178008,0.734375,0.60732984293193715,False,row1_col2,256,191,0,32
2121,10823,ca1191675acfe9ec5285967b,2121,7,18,60,148,346.28125,634.5,0.234375,0.60526315789473684,False,row1_col0,256,190,0,33
2122,477623,4232070a33fbc4fa24180e8d,2122,23,13,188,108,908.28125,455.53886010362692,0.734375,0.39896373056994816,False,row1_col2,256,193,0,31
2123,570809,0b5210b7f75c32ce0315b40b,2123,25,13,204,108,1012.765625,446,0.796875,0.40000000000000002,False,row1_col2,256,195,0,30
2124,10889,ca1191675acfe9ec5285967b,2124,9,20,76,164,415.15625,703.30000000000007,0.296875,0.68947368421052635,False,row2_col0,256,190,0,33
2125,487913,cbe7415bc3817302e0c76f2d,2125,9,15,76,124,453.78125,523.02072538860102,0.296875,0.48186528497409326,False,row1_col0,256,193,0,31
2126,708942,7731cbaac561ffb2001abafb,2126,14,10,116,84,619.234375,332.41666666666663,0.453125,0.27083333333333331,False,row0_col1,256,192,0,32
2127,575812,79609d9f8ec519016767e49f,2127,4,10,36,84,308.125,346.49473684210523,0.140625,0.26842105263157895,False,row0_col0,256,190,0,33
2128,292327,81f7959be88c5f860c5fc715,2128,7,15,60,124,357.453125,498.37037037037032,0.234375,0.48148148148148145,False,row1_col0,256,189,0,33
2129,135960,ae10765eee319809f6e8d9ae,2129,24,24,196,196,975.546875,831.80107526881716,0.765625,0.86559139784946237,False,row2_col2,256,186,0,35
2130,99607,27e6733bbab4a1b0477f8b26,2130,23,8,188,68,921.953125,278.66666666666663,0.734375,0.18518518518518517,False,row0_col2,256,189,0,33
2131,560829,c685b4a491f88fc79b166eaa,2131,29,21,236,172,1167.53125,738.11229946524065,0.921875,0.73796791443850263,False,row2_col2,256,187,0,34
2132,517557,f4df64b5ff783c747eb82df3,2132,21,13,172,108,889.390625,460.25531914893617,0.671875,0.39361702127659576,False,row1_col2,256,188,0,34
2133,555414,442850a2087d62c7e9453fcd,2133,22,12,180,100,910.625,415.1720430107527,0.703125,0.34946236559139787,False,row1_col2,256,186,0,35
2134,253577,5f54a832376b920cdc467195,2134,9,20,76,164,432.53125,704.94680851063833,0.296875,0.69148936170212771,False,row2_col0,256,188,0,34
2135,163387,558c1de5d92b5f300ff8d7a4,2135,27,17,220,140,1067.90625,578.91304347826076,0.859375,0.56521739130434778,False,row1_col2,256,184,0,36
2136,147013,6d36a77190afe991bdd3beaf,2136,5,18,44,148,299.609375,610.66666666666674,0.171875,0.60752688172043012,False,row1_col0,256,186,0,35
2137,525800,e8abeda485644b2b7acbf9f4,2137,8,15,68,124,373.328125,520.08376963350793,0.265625,0.48167539267015708,False,row1_col0,256,191,0,32
2138,491002,f93c3ed6d29f639d27608bfa,2138,26,15,212,124,1006.109375,527.29591836734699,0.828125,0.47959183673469385,False,row1_col2,256,196,0,30
2139,605026,e13e69b4c17cd750194fa4bb,2139,2,27,20,220,211.859375,940.08900523560214,0.078125,0.98429319371727753,False,row2_col0,256,191,0,32
2140,526974,5d258a6d34f1b116ab308ce4,2140,30,19,244,156,1154.625,641.39361702127655,0.953125,0.64893617021276595,False,row1_col2,256,188,0,34
2141,317615,989ae53a83cf97dc6d08dbe9,2141,15,5,124,44,642.203125,162.24468085106383,0.484375,0.053191489361702128,False,row0_col1,256,188,0,34
2142,313752,cfe68510ca15cd1473d0ef71,2142,24,12,196,100,936.78125,408.5,0.765625,0.35714285714285715,False,row1_col2,256,196,0,30
2143,644659,7d6050d5579cb6deb88d8cf8,2143,19,17,156,140,770.625,598.84491978609628,0.609375,0.5668449197860963,False,row1_col1,256,187,0,34
2144,345742,d966074aac618fed4e291ae3,2144,14,20,116,164,585.984375,691.48205128205132,0.453125,0.68717948717948718,False,row2_col1,256,195,0,30
2145,676311,36bbd488b40fa9d32e6c7611,2145,23,14,188,116,946.21875,493.43315508021391,0.734375,0.43850267379679142,False,row1_col2,256,187,0,34
2146,11634,077aa432a213e8c3b3f6523a,2146,18,11,148,92,752.09375,393.25405405405411,0.578125,0.30810810810810813,False,row0_col1,256,185,0,35
2147,102754,813b908ddf7d0066a8a11ef6,2147,2,11,20,92,198.40625,373.23204419889504,0.078125,0.30386740331491713,False,row0_col0,256,181,0,37
2148,649933,3f8c7ad9849e7d9320a48378,2148,13,22,108,180,543.859375,755.81081081081084,0.421875,0.78378378378378377,False,row2_col1,256,185,0,35
2149,440953,78b30cfbd744741692ca9e79,2149,25,19,204,156,980.140625,645.13043478260875,0.796875,0.65217391304347827,False,row1_col2,256,184,0,36
2150,528954,7ed463394b5acb61e1574507,2150,26,17,212,140,993.453125,593.375,0.828125,0.5625,False,row1_col2,256,192,0,32
2151,99916,27e6733bbab4a1b0477f8b26,2151,12,18,100,148,541.421875,625.33333333333337,0.390625,0.60846560846560849,False,row1_col1,256,189,0,33
2152,601626,cbbfcf781cf2e6b2a448637f,2152,26,16,212,132,1016.59375,546.72916666666674,0.828125,0.52083333333333337,False,row1_col2,256,192,0,32
2153,639528,2f3e9ad50350b43cdcf05159,2153,8,17,68,140,370.046875,587.66666666666674,0.265625,0.56613756613756616,False,row1_col0,256,189,0,33
2154,479626,516089d2e2e2c9755fbd5142,2154,10,12,84,100,478.609375,422.95744680851067,0.328125,0.35106382978723405,False,row1_col0,256,188,0,34
2155,109277,35015470ada828bd02e3e08b,2155,29,22,236,180,1134.359375,754.40932642487041,0.921875,0.772020725388601,False,row2_col2,256,193,0,31
2156,266447,7b748b5aa4e5e5bc0cc83a80,2156,15,6,124,52,654.171875,212.24590163934425,0.484375,0.087431693989071038,False,row0_col1,256,183,0,36
2157,569849,5676e48fb1caa42ecdd07480,2157,25,15,204,124,951.734375,523.8040201005025,0.796875,0.48241206030150752,False,row1_col2,256,199,0,28
2158,117353,7c41685bf488a58de2fe104b,2158,9,19,76,156,431.640625,663.13684210526321,0.296875,0.64736842105263159,False,row1_col0,256,190,0,33
2159,594220,d8e33de8429b55ebb8877642,2159,12,9,100,76,503.296875,312.063829787234,0.390625,0.22340425531914893,False,row0_col1,256,188,0,34
2160,545302,17ff7079be9b18b062834cfc,2160,22,16,180,132,911.515625,561.54255319148933,0.703125,0.52127659574468088,False,row1_col2,256,188,0,34
2161,634412,de19dbe16ab3f3ee599806c3,2161,12,17,100,140,537.765625,593.3650793650794,0.390625,0.56613756613756616,False,row1_col1,256,189,0,33
2162,472156,77f12352984de874b6cd5378,2162,28,2,228,20,1125.015625,78.285714285714292,0.890625,-0.068783068783068779,True,padding_center,256,189,0,33
2163,452167,36a1385eef8168000ac9d2ff,2163,7,18,60,148,348.328125,620.40721649484533,0.234375,0.60309278350515461,False,row1_col0,256,194,0,31
2164,453415,6cdb89370c1447e2daa1d31d,2164,7,25,60,204,349.21875,864.72727272727275,0.234375,0.90909090909090906,False,row2_col0,256,187,0,34
2165,644743,7d6050d5579cb6deb88d8cf8,2165,7,20,60,164,353.625,703.18716577540113,0.234375,0.69518716577540107,False,row2_col0,256,187,0,34
2166,285207,02942ca02fdcb799d7cb7726,2166,23,16,188,132,917.625,537.38775510204084,0.734375,0.52040816326530615,False,row1_col2,256,196,0,30
2167,277713,825a1b23f7b0d75436750d93,2167,17,6,140,52,757.84375,197.49214659685862,0.546875,0.10471204188481675,False,row0_col1,256,191,0,32
2168,79335,c45bca2ff1189b57883f62b3,2168,7,15,60,124,382.046875,516.27419354838707,0.234375,0.478494623655914,False,row1_col0,256,186,0,35
2169,146787,6d36a77190afe991bdd3beaf,2169,3,11,28,92,230.296875,368,0.109375,0.30645161290322581,False,row0_col0,256,186,0,35
2170,88515,5477e1d816f3af5d3adf2b48,2170,3,14,28,116,227.40625,501.18652849740931,0.109375,0.44041450777202074,False,row1_col0,256,193,0,31
2171,423496,8e016ce8a91e1722991e0302,2171,8,18,68,148,389.84375,599.66666666666674,0.265625,0.60752688172043012,False,row1_col0,256,186,0,35
2172,327320,829fa0ee35fbd7c1c841a103,2172,24,20,196,164,934.71875,680.53225806451621,0.765625,0.69354838709677424,False,row2_col2,256,186,0,35
2173,32281,d81b3f05cb672cfc776b9aa0,2173,25,16,204,132,1000.734375,552.304347826087,0.796875,0.52173913043478259,False,row1_col2,256,184,0,36
2174,298638,e2d24e5a47106bd7023a7d65,2174,14,20,116,164,614.234375,697.7460317460318,0.453125,0.69312169312169314,False,row2_col1,256,189,0,33
2175,590994,583fd37185c66e5b35d4ad0d,2175,18,4,148,36,750.9375,139.09644670050761,0.578125,0.03553299492385787,False,row0_col1,256,197,0,29
2176,246013,eec0fc6ef0bb51e01c77b789,2176,29,7,236,60,1138.96875,238.01546391752578,0.921875,0.14948453608247422,False,row0_col2,256,194,0,31
2177,380613,d78a35ec684695d072d6b211,2177,5,22,44,180,291.09375,750.28342245989302,0.171875,0.78074866310160429,False,row2_col0,256,187,0,34
2178,697960,0aefb854b741b33901ea1e52,2178,8,19,68,156,411.046875,651.44919786096261,0.265625,0.65240641711229952,False,row1_col0,256,187,0,34
2179,612901,9eb7c57cc60b7fe25deb2951,2179,5,17,44,140,272.609375,591.04347826086951,0.171875,0.56521739130434778,False,row1_col0,256,184,0,36
2180,166406,21a65ebf59d2ba6f5a645963,2180,6,16,52,132,305.296875,552.46938775510205,0.203125,0.52040816326530615,False,row1_col0,256,196,0,30
2181,655881,2ee1148cf2bfb979a3c11be3,2181,9,16,76,132,428.125,542.91304347826087,0.296875,0.52173913043478259,False,row1_col0,256,184,0,36
2182,390745,69c3ab131f3d9924a0893b68,2182,25,18,204,148,1020.53125,608.05913978494618,0.796875,0.60752688172043012,False,row1_col2,256,186,0,35
2183,485913,8ce9e51dbad44f0e4107d965,2183,25,16,204,132,959.171875,559.74869109947645,0.796875,0.52356020942408377,False,row1_col2,256,191,0,32
2184,486977,9ac9ebb9578650063235ec30,2184,1,18,12,148,145.515625,630.22513089005236,0.046875,0.60732984293193715,False,row1_col0,256,191,0,32
2185,592455,fe666fef2b8871f5528589d3,2185,7,18,60,148,440.40625,641.73575129533674,0.234375,0.60621761658031093,False,row1_col0,256,193,0,31
2186,166530,21a65ebf59d2ba6f5a645963,2186,2,20,20,164,165.421875,692.22448979591832,0.078125,0.68367346938775508,False,row2_col0,256,196,0,30
2187,345640,d966074aac618fed4e291ae3,2187,8,17,68,140,379.921875,588.58974358974365,0.265625,0.5641025641025641,False,row1_col0,256,195,0,30
2188,701067,e9bb5bb030daf0c555014200,2188,11,20,92,164,515.546875,694.10160427807489,0.359375,0.69518716577540107,False,row2_col1,256,187,0,34
2189,698873,1003aab33f20bcdbe2120a89,2189,25,15,204,124,1009.125,534.08947368421059,0.796875,0.47894736842105262,False,row1_col2,256,190,0,33
2190,576940,eebb80b7602a9bc51384c3b3,2190,12,13,100,108,544.6875,455.53886010362692,0.390625,0.39896373056994816,False,row1_col1,256,193,0,31
2191,351877,4f1c77f5d121ab64501fbab2,2191,5,20,44,164,318.265625,688.30645161290329,0.171875,0.69354838709677424,False,row2_col0,256,186,0,35
2192,481702,0493c50e4f0350b831275383,2192,6,13,52,108,370.265625,451.20000000000005,0.203125,0.40000000000000002,False,row1_col0,256,200,0,28
2193,541128,37c49f476ea9c80e5566cd34,2193,8,14,68,116,376.390625,492.71428571428572,0.265625,0.43915343915343913,False,row1_col0,256,189,0,33
2194,426606,d8ff8af48bd325dbbb696129,2194,14,19,116,156,638.96875,651.44919786096261,0.453125,0.65240641711229952,False,row1_col1,256,187,0,34
2195,516601,8bb55828650e42ce1359edc9,2195,25,15,204,124,1011.171875,518.50802139037432,0.796875,0.48128342245989303,False,row1_col2,256,187,0,34
2196,432959,e858091360537aba1a4ec74e,2196,31,25,252,204,1217.65625,864.33333333333326,0.984375,0.90860215053763438,False,row2_col2,256,186,0,35
2197,555708,442850a2087d62c7e9453fcd,2197,28,21,228,172,1116.125,723.30107526881716,0.890625,0.73655913978494625,False,row2_col2,256,186,0,35
2198,133721,2f583ef3203d5ac90b59a547,2198,25,18,204,148,1029.15625,620.74866310160428,0.796875,0.60962566844919786,False,row1_col2,256,187,0,34
2199,522746,84260c9ea667e4b1cdc99d6e,2199,26,15,212,124,1023.453125,520.372340425532,0.828125,0.47872340425531917,False,row1_col2,256,188,0,34
2200,543209,eedf98ccb5a364857973747a,2200,9,15,76,124,492.484375,528.88172043010752,0.296875,0.478494623655914,False,row1_col0,256,186,0,35
2201,347735,8406bcde35f072bc956e4b05,2201,23,18,188,148,912.421875,615.2032967032967,0.734375,0.60989010989010994,False,row1_col2,256,182,0,37
2202,653813,8a106526a24206c71ac97fc4,2202,21,15,172,124,822.734375,522.43315508021396,0.671875,0.48128342245989303,False,row1_col2,256,187,0,34
2203,691767,26b9524860e2f239e66cf060,2203,23,17,188,140,929.15625,582.4375,0.734375,0.5625,False,row1_col2,256,192,0,32
2204,444772,68156206f643fb334d0eae7f,2204,4,11,36,92,238.65625,364.02702702702703,0.140625,0.30810810810810813,False,row0_col0,256,185,0,35
2205,84659,d97ecfbcd8824d84ea5eae90,2205,19,21,156,172,765.5,733.71823204419888,0.609375,0.7458563535911602,False,row2_col1,256,181,0,37
2206,382553,1da49d03909cfa1ff4462960,2206,25,18,204,148,969.15625,611.22513089005236,0.796875,0.60732984293193715,False,row1_col2,256,191,0,32
2207,697796,0aefb854b741b33901ea1e52,2207,4,14,36,116,272.671875,478.18716577540107,0.140625,0.43850267379679142,False,row1_col0,256,187,0,34
2208,525667,e8abeda485644b2b7acbf9f4,2208,3,11,28,92,202.546875,383.70680628272248,0.109375,0.31413612565445026,False,row0_col0,256,191,0,32
2209,631399,b63e42826d3c50ac6f3ed58b,2209,7,19,60,156,362.28125,668.08064516129025,0.234375,0.65053763440860213,False,row1_col0,256,186,0,35
2210,539084,abac48c206f4f9db98c1c8cf,2210,12,14,100,116,555.296875,485.09793814432987,0.390625,0.43814432989690721,False,row1_col1,256,194,0,31
2211,645442,05f41bd57337a78242d25d3e,2211,2,10,20,84,200.484375,352.15183246073298,0.078125,0.27225130890052357,False,row0_col0,256,191,0,32
2212,595345,87721955af6f57a012d16d47,2212,17,12,140,100,684.921875,405.14285714285711,0.546875,0.35449735449735448,False,row1_col1,256,189,0,33
2213,321102,c334dd8d45005b5a85e577b3,2213,14,18,116,148,606.234375,612.469696969697,0.453125,0.60101010101010099,False,row1_col1,256,198,0,29
2214,481693,0493c50e4f0350b831275383,2214,29,12,236,100,1167.359375,416.47999999999996,0.921875,0.35999999999999999,False,row1_col2,256,200,0,28
2215,512536,91decb18deafedf261951d4d,2215,24,16,196,132,922.125,563.77540106951869,0.765625,0.52406417112299464,False,row1_col2,256,187,0,34
2216,410148,05ca24cc6157d09d27f43cc5,2216,4,17,36,140,254.78125,582,0.140625,0.56521739130434778,False,row1_col0,256,184,0,36
2217,486793,9ac9ebb9578650063235ec30,2217,9,12,76,100,420.265625,423.64921465968587,0.296875,0.35602094240837695,False,row1_col0,256,191,0,32
2218,222940,327de82fac55468d2d3a7dd7,2218,28,22,228,180,1115.703125,753.92857142857144,0.890625,0.7857142857142857,False,row2_col2,256,182,0,37
2219,233651,1c3b47236e79243b77075512,2219,19,5,156,44,756.53125,170.048128342246,0.609375,0.053475935828877004,False,row0_col1,256,187,0,34
2220,200238,3d9a63ef1fa66bf91e525440,2220,14,17,116,140,633.515625,607.14438502673806,0.453125,0.5668449197860963,False,row1_col1,256,187,0,34
2221,531961,e74d21355c7851af07172a36,2221,25,15,204,124,958.765625,522.9405405405405,0.796875,0.48108108108108111,False,row1_col2,256,185,0,35
2222,637509,b672bab83cdd2e2fd3e3b92b,2222,5,18,44,148,315.265625,612.65445026178008,0.171875,0.60732984293193715,False,row1_col0,256,191,0,32
2223,463383,f06dd4b0ff466537119cc2af,2223,23,16,188,132,906.875,557.11827956989248,0.734375,0.521505376344086,False,row1_col2,256,186,0,35
2224,114350,f36ce6afecf1a683931bba6d,2224,14,21,116,172,622.234375,740.01578947368421,0.453125,0.73157894736842111,False,row2_col1,256,190,0,33
2225,557836,d81cb231e10288659e7909e8,2225,12,24,100,196,578.34375,836.16580310880829,0.390625,0.85492227979274615,False,row2_col1,256,193,0,31
2226,503171,d6dbdc0bd6330963f936dfc9,2226,3,12,28,100,219.078125,414.61538461538464,0.109375,0.35897435897435898,False,row1_col0,256,195,0,30
2227,53949,7d6e953eea6aeb102463c263,2227,29,21,236,172,1137.28125,721.35789473684213,0.921875,0.73157894736842111,False,row2_col2,256,190,0,33
2228,587258,37faa40414dba1a334ec7ebb,2228,26,15,212,124,1042.625,525.88172043010752,0.828125,0.478494623655914,False,row1_col2,256,186,0,35
2229,665175,227969fa61ff286c2e58e4b7,2229,23,18,188,148,930.28125,619.42702702702695,0.734375,0.61081081081081079,False,row1_col2,256,185,0,35
2230,296662,e198308262ce13324faec9fd,2230,22,22,180,180,897.65625,763.81081081081084,0.703125,0.78378378378378377,False,row2_col2,256,185,0,35
2231,198971,1521c7bdee93d552208d03d3,2231,27,9,220,76,1057.328125,319.4375,0.859375,0.22916666666666666,False,row0_col2,256,192,0,32
2232,634386,de19dbe16ab3f3ee599806c3,2232,18,16,148,132,746.453125,558.57142857142867,0.578125,0.52380952380952384,False,row1_col1,256,189,0,33
2233,423021,8e016ce8a91e1722991e0302,2233,13,3,108,28,563.28125,79.666666666666657,0.421875,-0.037634408602150539,True,padding_center,256,186,0,35
2234,162184,60611d165a78aab7eb01b780,2234,8,12,68,100,383.78125,432.62433862433863,0.265625,0.35449735449735448,False,row1_col0,256,189,0,33
2235,578971,fd91ca2d579cd9fb68161c3b,2235,27,12,220,100,1096.578125,427.63157894736838,0.859375,0.35263157894736841,False,row1_col2,256,190,0,33
2236,555386,442850a2087d62c7e9453fcd,2236,26,11,212,92,1047.625,380.93548387096774,0.828125,0.30645161290322581,False,row0_col2,256,186,0,35
2237,281767,802b8776e6e8022705bfa739,2237,7,5,60,44,340.328125,159.85714285714286,0.234375,0.071428571428571425,False,row0_col0,256,196,0,30
2238,364164,64e11d7683e404d870ca400b,2238,4,20,36,164,297.953125,684.84816753926702,0.140625,0.69109947643979053,False,row2_col0,256,191,0,32
2239,284282,b8c1aa202c435cfafd7ff1ed,2239,26,19,212,156,1052.390625,656.33333333333337,0.828125,0.65053763440860213,False,row1_col2,256,186,0,35
2240,322040,e366b8893ee234784cfdf96a,2240,24,15,196,124,983.796875,518.14572864321599,0.765625,0.48241206030150752,False,row1_col2,256,199,0,28
2241,700029,3298125517c7a54235ced2e8,2241,29,19,236,156,1141.90625,651.63829787234044,0.921875,0.64893617021276595,False,row1_col2,256,188,0,34
2242,240943,a295a8c6aa450d3d4f552f13,2242,15,9,124,76,698.078125,307.01587301587301,0.484375,0.2275132275132275,False,row0_col1,256,189,0,33
2243,225938,2b4b6352c349b3d52ed92754,2243,18,20,148,164,764.140625,701.75510204081627,0.578125,0.68367346938775508,False,row2_col1,256,196,0,30
2244,461256,439720347b525b459d2cd2a2,2244,8,14,68,116,453.125,507.69743589743587,0.265625,0.44102564102564101,False,row1_col0,256,195,0,30
2245,485909,8ce9e51dbad44f0e4107d965,2245,21,16,172,132,822.046875,559.74869109947645,0.671875,0.52356020942408377,False,row1_col2,256,191,0,32
2246,378062,e57d11f09a8ab09cbe266496,2246,14,6,116,52,632.15625,210.49484536082474,0.453125,0.10824742268041238,False,row0_col1,256,194,0,31
2247,392724,2a108eb667fa6df333f44d0c,2247,20,16,164,132,804.171875,540.95238095238096,0.640625,0.52380952380952384,False,row1_col1,256,189,0,33
2248,97829,e8aecbbad790f36193dfc2a6,2248,5,17,44,140,303.125,583.79487179487182,0.171875,0.5641025641025641,False,row1_col0,256,195,0,30
2249,226855,97a12b10cd4059a0d96d7b1c,2249,7,17,60,140,393.21875,579.62162162162167,0.234375,0.56756756756756754,False,row1_col0,256,185,0,35
2250,368213,0f6e303814c6beca4197c87d,2250,21,18,172,148,835.109375,617.73913043478262,0.671875,0.60869565217391308,False,row1_col2,256,184,0,36
2251,400921,414d9b02f6f9676c4dd52a63,2251,25,16,204,132,980.15625,538.36216216216212,0.796875,0.5243243243243243,False,row1_col2,256,185,0,35
2252,153094,1b4035df675fd972579d4c16,2252,6,16,52,132,331.46875,554.46073298429314,0.203125,0.52356020942408377,False,row1_col0,256,191,0,32
2253,517998,f4df64b5ff783c747eb82df3,2253,14,27,116,220,648.984375,940.42553191489367,0.453125,0.98936170212765961,False,row2_col1,256,188,0,34
2254,158233,e5c18f32ffcf933947d02a58,2254,25,16,204,132,1032.71875,558.62295081967216,0.796875,0.52459016393442626,False,row1_col2,256,183,0,36
2255,492090,af227d5d2da548642af3d8e8,2255,26,17,212,140,972.390625,592.05759162303661,0.828125,0.56544502617801051,False,row1_col2,256,191,0,32
2256,38490,cd5f1e1ce722bde05617cea3,2256,26,18,212,148,1025.59375,629.5,0.828125,0.60526315789473684,False,row1_col2,256,190,0,33
2257,119364,7f3d7c6e6a7b6f584a7abbea,2257,4,18,36,148,286.96875,624.18556701030923,0.140625,0.60309278350515461,False,row1_col0,256,194,0,31
2258,717450,9dd6c00d22421262fb390d57,2258,10,20,84,164,494.890625,695.13043478260863,0.328125,0.69565217391304346,False,row2_col0,256,184,0,36
2259,193077,6a57e03e1905b5c4210bc584,2259,21,17,172,140,868.765625,577.14438502673806,0.671875,0.5668449197860963,False,row1_col2,256,187,0,34
2260,528717,7ed463394b5acb61e1574507,2260,13,10,108,84,547.796875,353.625,0.421875,0.27083333333333331,False,row0_col1,256,192,0,32
2261,536069,7e48cd1658e4af2a0a4efc9b,2261,5,16,44,132,325.546875,566.77540106951869,0.171875,0.52406417112299464,False,row1_col0,256,187,0,34
2262,104687,5016a1680615b7fc52e8b7da,2262,15,7,124,60,649.171875,238.19892473118279,0.484375,0.13440860215053763,False,row0_col1,256,186,0,35
2263,179462,88a7da897ac6bcbf16c8e69d,2263,6,8,52,68,337.875,274.62827225130889,0.203125,0.18848167539267016,False,row0_col0,256,191,0,32
2264,166376,21a65ebf59d2ba6f5a645963,2264,8,15,68,124,375.234375,517.53061224489795,0.265625,0.47959183673469385,False,row1_col0,256,196,0,30
2265,43625,d140f47bc847b703c1b20aec,2265,9,19,76,156,485.234375,646.44919786096261,0.296875,0.65240641711229952,False,row1_col0,256,187,0,34
2266,599494,7e43c32828df193edc42ddff,2266,6,14,52,116,374.234375,491.55319148936172,0.203125,0.43617021276595747,False,row1_col0,256,188,0,34
2267,554487,edb01c151c563bb82cc5df9d,2267,23,15,188,124,924.40625,523.372340425532,0.734375,0.47872340425531917,False,row1_col2,256,188,0,34
2268,712941,069b4f28705cc7284f44ae3b,2268,13,7,108,60,574.90625,243.02127659574467,0.421875,0.13829787234042554,False,row0_col1,256,188,0,34
2269,609830,4b2934de204003644e1cf7cc,2269,6,17,52,140,381.828125,591.35483870967744,0.203125,0.56451612903225812,False,row1_col0,256,186,0,35
2270,460177,220c8ee1c69449f9af0ae7f1,2270,17,12,140,100,671.65625,430.89583333333337,0.546875,0.35416666666666669,False,row1_col1,256,192,0,32
2271,391768,1fae9ba9c99bf430c1e582d7,2271,24,18,196,148,950.546875,626.11640211640213,0.765625,0.60846560846560849,False,row1_col2,256,189,0,33
2272,457222,8edb3f5616a73b2e02e42c87,2272,6,16,52,132,323.265625,553.49197860962568,0.203125,0.52406417112299464,False,row1_col0,256,187,0,34
2273,567686,ce1b06db295c8aa47115048c,2273,6,12,52,100,332.21875,423.1720430107527,0.203125,0.34946236559139787,False,row1_col0,256,186,0,35
2274,546637,e47bf05116ca1e4921049cf3,2274,13,26,108,212,601.859375,905.82587064676625,0.421875,0.92039800995024879,False,row2_col1,256,201,0,27
2275,482872,08e2b3b386fb9b49a55d363c,2275,24,17,196,140,965.890625,586.41052631578941,0.765625,0.56315789473684208,False,row1_col2,256,190,0,33
2276,37412,a7fd04dc104dc13f285e6901,2276,4,17,36,140,261.96875,588.87700534759369,0.140625,0.5668449197860963,False,row1_col0,256,187,0,34
2277,634599,de19dbe16ab3f3ee599806c3,2277,7,23,60,188,363.859375,802.1269841269841,0.234375,0.82010582010582012,False,row2_col0,256,189,0,33
2278,495428,17686a11fc83b9f929d8d85e,2278,4,26,36,212,316.125,902.48387096774195,0.140625,0.95161290322580649,False,row2_col0,256,186,0,35
2279,421244,819d5eb6d1fc6bee06f079d2,2279,28,11,228,92,1072.921875,353.03076923076924,0.890625,0.31794871794871793,False,row0_col2,256,195,0,30
2280,662072,a273599ec5e8931a631b6e7b,2280,24,17,196,140,991.078125,583.53439153439149,0.765625,0.56613756613756616,False,row1_col2,256,189,0,33
2281,573832,2608d95da3b3a020babab4a4,2281,8,12,68,100,444.328125,415.1720430107527,0.265625,0.34946236559139787,False,row1_col0,256,186,0,35
2282,461315,439720347b525b459d2cd2a2,2282,3,16,28,132,281.875,576.29230769230776,0.109375,0.52307692307692311,False,row1_col0,256,195,0,30
2283,93738,e4622a2495fee2989741879a,2283,10,17,84,140,477.234375,579,0.328125,0.56451612903225812,False,row1_col0,256,186,0,35
2284,206423,7c3fa4f3ec7844bba589fc1b,2284,23,18,188,148,927.28125,617.17021276595756,0.734375,0.6063829787234043,False,row1_col2,256,188,0,34
2285,514534,80f88014c0d14ab592726fe3,2285,6,15,52,124,325.234375,532.50802139037432,0.203125,0.48128342245989303,False,row1_col0,256,187,0,34
2286,315705,989a37c8050457fbad77b5fc,2286,25,9,204,76,979.53125,318.51891891891893,0.796875,0.22162162162162163,False,row0_col2,256,185,0,35
2287,43562,d140f47bc847b703c1b20aec,2287,10,17,84,140,519.890625,577.14438502673806,0.328125,0.5668449197860963,False,row1_col0,256,187,0,34
2288,608682,28b53dd19c8f65de13e95cab,2288,10,13,84,108,480.625,460.97326203208559,0.328125,0.39572192513368987,False,row1_col0,256,187,0,34
2289,569668,5676e48fb1caa42ecdd07480,2289,4,10,36,84,223.953125,350.1356783919598,0.140625,0.28140703517587939,False,row0_col0,256,199,0,28
2290,240019,21eca792f54b686012c5c7ae,2290,19,12,156,100,808.625,405.08333333333337,0.609375,0.35416666666666669,False,row1_col1,256,192,0,32
2291,147017,6d36a77190afe991bdd3beaf,2291,9,18,76,148,438.234375,610.66666666666674,0.296875,0.60752688172043012,False,row1_col0,256,186,0,35
2292,21234,27a3e701575d464723171cfc,2292,18,23,148,188,736.09375,800.94117647058818,0.578125,0.82352941176470584,False,row2_col1,256,187,0,34
2293,565800,cdff67add7326ebbbabf8a48,2293,8,17,68,140,407.1875,594.69230769230762,0.265625,0.56593406593406592,False,row1_col0,256,182,0,37
2294,514665,80f88014c0d14ab592726fe3,2294,9,19,76,156,428.265625,669.57754010695191,0.296875,0.65240641711229952,False,row1_col0,256,187,0,34
2295,115111,89b989a81f1da592d59cc87b,2295,7,13,60,108,391.625,457.43478260869568,0.234375,0.39130434782608697,False,row1_col0,256,184,0,36
2296,552442,e1bd21e34648fdeb39895cd0,2296,26,15,212,124,987.625,520.88172043010752,0.828125,0.478494623655914,False,row1_col2,256,186,0,35
2297,206263,7c3fa4f3ec7844bba589fc1b,2297,23,13,188,108,927.28125,444.82978723404256,0.734375,0.39361702127659576,False,row1_col2,256,188,0,34
2298,345717,d966074aac618fed4e291ae3,2298,21,19,172,156,826.390625,657.18461538461543,0.671875,0.64615384615384619,False,row1_col2,256,195,0,30
2299,219733,1f2456bc9a154f9512de9b64,2299,21,18,172,148,866.09375,623.35828877005349,0.671875,0.60962566844919786,False,row1_col2,256,187,0,34
2300,638518,d51f5564f4e76c5f59463abb,2300,22,17,180,140,909.875,581.6875,0.703125,0.5625,False,row1_col2,256,192,0,32
2301,163526,558c1de5d92b5f300ff8d7a4,2301,6,22,52,180,339.46875,751.95652173913049,0.203125,0.78260869565217395,False,row2_col0,256,184,0,36
2302,555476,442850a2087d62c7e9453fcd,2302,20,14,164,116,842.125,483.64516129032256,0.640625,0.43548387096774194,False,row1_col1,256,186,0,35
2303,485781,8ce9e51dbad44f0e4107d965,2303,21,12,172,100,822.046875,422.86910994764395,0.671875,0.35602094240837695,False,row1_col2,256,191,0,32
2304,174583,88c4bf09a5d57231f89b045c,2304,23,15,188,124,926.953125,504.83957219251334,0.734375,0.48128342245989303,False,row1_col2,256,187,0,34
2305,696529,9d07c1fef6d1259f6fa6a262,2305,17,6,140,52,664.84375,209.21739130434781,0.546875,0.086956521739130432,False,row0_col1,256,184,0,36
2306,420410,cca4df1af11b6f70d6b2fea3,2306,26,17,212,140,1022.21875,563.91578947368419,0.828125,0.56315789473684208,False,row1_col2,256,190,0,33
2307,38523,cd5f1e1ce722bde05617cea3,2307,27,19,220,156,1060.03125,663.89999999999998,0.859375,0.64736842105263159,False,row1_col2,256,190,0,33
2308,544309,e3ecaf99c788239f18c8a991,2308,21,17,172,140,833.046875,590.09947643979058,0.671875,0.56544502617801051,False,row1_col2,256,191,0,32
2309,587260,37faa40414dba1a334ec7ebb,2309,28,15,228,124,1111.125,525.88172043010752,0.890625,0.478494623655914,False,row1_col2,256,186,0,35
2310,100620,76884f70ebe18c8dbf09d6a5,2310,12,8,100,68,517.15625,279.05641025641023,0.390625,0.19487179487179487,False,row0_col1,256,195,0,30
2311,578275,78a32a3097554d80ef1bac9c,2311,3,23,28,188,243.546875,798.18518518518522,0.109375,0.82010582010582012,False,row2_col0,256,189,0,33
2312,249467,329683efc579c51b53f71da8,2312,27,19,220,156,1080.625,659.72631578947369,0.859375,0.64736842105263159,False,row1_col2,256,190,0,33
2313,181820,9dc7738247217dd257b2b574,2313,28,17,228,140,1072.59375,589.05759162303661,0.890625,0.56544502617801051,False,row1_col2,256,191,0,32
2314,577110,eebb80b7602a9bc51384c3b3,2314,22,18,180,148,888.4375,627.76683937823839,0.703125,0.60621761658031093,False,row1_col2,256,193,0,31
2315,44601,ab203b05744a96fec97462f3,2315,25,17,204,140,1001.34375,601.91578947368419,0.796875,0.56315789473684208,False,row1_col2,256,190,0,33
2316,159141,ee66320bf7eb01a991a1e561,2316,5,13,44,108,336.125,446.90322580645159,0.171875,0.39247311827956988,False,row1_col0,256,186,0,35
2317,469512,621fde1bd00dce28d45409a7,2317,8,16,68,132,416.453125,558.72580645161293,0.265625,0.521505376344086,False,row1_col0,256,186,0,35
2318,691722,26b9524860e2f239e66cf060,2318,10,16,84,132,478.21875,547.8125,0.328125,0.52083333333333337,False,row1_col0,256,192,0,32
2319,554470,edb01c151c563bb82cc5df9d,2319,6,15,52,124,343.21875,523.372340425532,0.203125,0.47872340425531917,False,row1_col0,256,188,0,34
2320,551397,51a10a40effe2814ad9fdc08,2320,5,15,44,124,260.890625,521,0.171875,0.48148148148148145,False,row1_col0,256,189,0,33
2321,467367,55697275b8b27562c9eb1a4c,2321,7,13,60,108,361.8125,454.35416666666663,0.234375,0.39583333333333331,False,row1_col0,256,192,0,32
2322,565598,cdff67add7326ebbbabf8a48,2322,30,10,244,84,1163.4375,353.46153846153845,0.953125,0.25824175824175827,False,row0_col2,256,182,0,37
2323,138827,970a0e63436f260f3c624f80,2323,11,18,92,148,529.546875,627.72131147540983,0.359375,0.61202185792349728,False,row1_col1,256,183,0,36
2324,539098,abac48c206f4f9db98c1c8cf,2324,26,14,212,116,1036.109375,485.09793814432987,0.828125,0.43814432989690721,False,row1_col2,256,194,0,31
2325,557725,d81cb231e10288659e7909e8,2325,29,20,236,164,1159.53125,699.21243523316059,0.921875,0.68911917098445596,False,row2_col2,256,193,0,31
2326,171428,a0f12f3555715d52a9a54e99,2326,4,13,36,108,254.375,440.6596858638743,0.140625,0.39790575916230364,False,row1_col0,256,191,0,32
2327,433720,31e8cac167e6b2b2b11352b3,2327,24,17,196,140,958.71875,581.79581151832463,0.765625,0.56544502617801051,False,row1_col2,256,191,0,32
2328,589287,87a418aeb28937346e884495,2328,7,15,60,124,437.921875,529.86294416243663,0.234375,0.48223350253807107,False,row1_col0,256,197,0,29
2329,250204,537b9f873acf48eb2022de16,2329,28,10,228,84,1099.46875,332.30000000000001,0.890625,0.26842105263157895,False,row0_col2,256,190,0,33
2330,595334,87721955af6f57a012d16d47,2330,6,12,52,100,307.828125,405.14285714285711,0.203125,0.35449735449735448,False,row1_col0,256,189,0,33
2331,285304,02942ca02fdcb799d7cb7726,2331,24,19,196,156,952.375,641.71428571428578,0.765625,0.6428571428571429,False,row1_col2,256,196,0,30
2332,605720,37007bcf2d5f43196d17bd6c,2332,24,16,196,132,957.1875,563.14893617021278,0.765625,0.52127659574468088,False,row1_col2,256,188,0,34
2333,351657,4f1c77f5d121ab64501fbab2,2333,9,13,76,108,456.640625,445.94086021505376,0.296875,0.39247311827956988,False,row1_col0,256,186,0,35
2334,100733,76884f70ebe18c8dbf09d6a5,2334,29,11,236,92,1108.96875,383.30256410256408,0.921875,0.31794871794871793,False,row0_col2,256,195,0,30
2335,641656,a96e8fbb128dc3f4ea56a755,2335,24,19,196,156,931.71875,657.7460317460318,0.765625,0.65079365079365081,False,row1_col2,256,189,0,33
2336,576835,eebb80b7602a9bc51384c3b3,2336,3,10,28,84,235.3125,352.20207253886008,0.109375,0.27461139896373055,False,row0_col0,256,193,0,31
2337,496070,152a6af5fd08ee8687052c5c,2337,6,14,52,116,346.015625,496.37234042553195,0.203125,0.43617021276595747,False,row1_col0,256,188,0,34
2338,624200,3ecdc9847f50f75edffcb18b,2338,8,18,68,148,405.71875,628.20540540540537,0.265625,0.61081081081081079,False,row1_col0,256,185,0,35
2339,449439,a54c971a682d36aeda7976b7,2339,31,28,252,228,1181.71875,955.80327868852464,0.984375,1.0491803278688525,True,padding_center,256,183,0,36
2340,538089,b082c61b6f6397804ebe9514,2340,9,15,76,124,459.484375,524.45744680851067,0.296875,0.47872340425531917,False,row1_col0,256,188,0,34
2341,54790,d1458cc139bf5041872709d8,2341,6,16,52,132,307.875,560.38947368421054,0.203125,0.52105263157894732,False,row1_col0,256,190,0,33
2342,672910,5ddeb64b3381d9f94e5481f0,2342,14,4,116,36,658.515625,134.3279569892473,0.453125,0.0053763440860215058,False,row0_col1,256,186,0,35
2343,284279,b8c1aa202c435cfafd7ff1ed,2343,23,19,188,156,948.421875,656.33333333333337,0.734375,0.65053763440860213,False,row1_col2,256,186,0,35
2344,352857,0e73d5b73d8a048c26edff31,2344,25,18,204,148,999.140625,605.52173913043475,0.796875,0.60869565217391308,False,row1_col2,256,184,0,36
2345,677308,4d5d55e234be8f30903864ed,2345,28,13,228,108,1099.46875,449.82978723404256,0.890625,0.39361702127659576,False,row1_col2,256,188,0,34
2346,691689,26b9524860e2f239e66cf060,2346,9,15,76,124,443.53125,513.1875,0.296875,0.47916666666666669,False,row1_col0,256,192,0,32
2347,222971,327de82fac55468d2d3a7dd7,2347,27,23,220,188,1081.046875,788.6098901098901,0.859375,0.82967032967032972,False,row2_col2,256,182,0,37
2348,288457,c743bb2801fc5b5e45261132,2348,9,22,76,180,459.15625,760.43548387096769,0.296875,0.77956989247311825,False,row2_col0,256,186,0,35
2349,177723,d3087ca15c39ea0c8f15bf17,2349,27,17,220,140,1056.203125,591.2197802197802,0.859375,0.56593406593406592,False,row1_col2,256,182,0,37
2350,120376,630be0f098a5ec263bec1d35,2350,24,17,196,140,975.546875,583.58031088082907,0.765625,0.56476683937823835,False,row1_col2,256,193,0,31
2351,322148,e366b8893ee234784cfdf96a,2351,4,19,36,156,281.921875,658.5276381909548,0.140625,0.64321608040201006,False,row1_col0,256,199,0,28
2352,82588,d04aeafeb9e728e609fa7a9e,2352,28,20,228,164,1052.703125,693.73913043478262,0.890625,0.69565217391304346,False,row2_col2,256,184,0,36
2353,523723,df913345c4c2be5eeed41459,2353,11,14,92,116,529.546875,493.18652849740931,0.359375,0.44041450777202074,False,row1_col1,256,193,0,31
2354,474616,5b0c8102bd3a2a571e7c2c76,2354,24,15,196,124,996.125,528.85106382978734,0.765625,0.47872340425531917,False,row1_col2,256,188,0,34
2355,602568,4353ce725c8d749885d3c4b7,2355,8,14,68,116,357.125,483.58947368421053,0.265625,0.43684210526315792,False,row1_col0,256,190,0,33
2356,473735,1d12ec902c3113b35c317ef8,2356,7,20,60,164,377.40625,689.47368421052636,0.234375,0.68947368421052635,False,row2_col0,256,190,0,33
2357,64007,389705dbbfe69bc29265ddd8,2357,7,16,60,132,401.921875,547.98378378378379,0.234375,0.5243243243243243,False,row1_col0,256,185,0,35
2358,555374,442850a2087d62c7e9453fcd,2358,14,11,116,92,636.625,380.93548387096774,0.453125,0.30645161290322581,False,row0_col1,256,186,0,35
2359,646796,78320b73d7e5345b4fe8afe9,2359,12,20,100,164,515.203125,703.28042328042329,0.390625,0.69312169312169314,False,row2_col1,256,189,0,33
2360,570982,0b5210b7f75c32ce0315b40b,2360,6,19,52,156,360.234375,651.53846153846155,0.203125,0.64615384615384619,False,row1_col0,256,195,0,30
2361,492008,af227d5d2da548642af3d8e8,2361,8,15,68,124,348.578125,522.86387434554968,0.265625,0.48167539267015708,False,row1_col0,256,191,0,32
2362,305701,e18500f9d7040f601d0fb801,2362,5,17,44,140,293.40625,585.78378378378375,0.171875,0.56756756756756754,False,row1_col0,256,185,0,35
2363,406952,837b596140a1742b25c45e12,2363,8,13,68,108,397.046875,441.7967032967033,0.265625,0.39010989010989011,False,row1_col0,256,182,0,37
2364,565691,cdff67add7326ebbbabf8a48,2364,27,13,220,108,1060.3125,456.84615384615387,0.859375,0.39010989010989011,False,row1_col2,256,182,0,37
2365,298663,e2d24e5a47106bd7023a7d65,2365,7,21,60,172,370.328125,732.53968253968253,0.234375,0.73544973544973546,False,row2_col0,256,189,0,33
2366,46770,08ad318603104514ade6d68b,2366,18,21,148,172,775.140625,734.9375,0.578125,0.72916666666666663,False,row2_col1,256,192,0,32
2367,482017,0493c50e4f0350b831275383,2367,1,23,12,188,196.984375,798.40000000000009,0.046875,0.80000000000000004,False,row2_col0,256,200,0,28
2368,84452,d97ecfbcd8824d84ea5eae90,2368,4,15,36,124,240.5,523.68508287292821,0.140625,0.48066298342541436,False,row1_col0,256,181,0,37
2369,592580,fe666fef2b8871f5528589d3,2369,4,22,36,180,337.84375,778.68911917098444,0.140625,0.772020725388601,False,row2_col0,256,193,0,31
2370,61821,644451a428137460b23f1c3a,2370,29,11,236,92,1123.359375,382.26086956521738,0.921875,0.30434782608695654,False,row0_col2,256,184,0,36
2371,648604,0a002938726018c2f380fd7f,2371,28,12,228,100,1074.578125,411.67567567567568,0.890625,0.35135135135135137,False,row1_col2,256,185,0,35
2372,213329,f08c47f4332a0ca4a5ddd327,2372,17,10,140,84,702.03125,339.57754010695191,0.546875,0.26737967914438504,False,row0_col1,256,187,0,34
2373,132586,1aa0d91925dd72251d174919,2373,10,15,84,124,461.234375,508.2021276595745,0.328125,0.47872340425531917,False,row1_col0,256,188,0,34
2374,595320,87721955af6f57a012d16d47,2374,24,11,196,92,924.890625,370.85714285714283,0.765625,0.31216931216931215,False,row0_col2,256,189,0,33
2375,327258,829fa0ee35fbd7c1c841a103,2375,26,18,212,148,1003.59375,611.62903225806451,0.828125,0.60752688172043012,False,row1_col2,256,186,0,35
2376,298438,e2d24e5a47106bd7023a7d65,2376,6,14,52,116,335.484375,488.98412698412699,0.203125,0.43915343915343913,False,row1_col0,256,189,0,33
2377,627210,25186f0fe5a6a8eb590010cb,2377,10,16,84,132,477.234375,569.47540983606564,0.328125,0.52459016393442626,False,row1_col0,256,183,0,36
2378,517562,f4df64b5ff783c747eb82df3,2378,26,13,212,108,1061.109375,460.25531914893617,0.828125,0.39361702127659576,False,row1_col2,256,188,0,34
2379,495188,17686a11fc83b9f929d8d85e,2379,20,18,164,148,864.125,628.5913978494624,0.640625,0.60752688172043012,False,row1_col1,256,186,0,35
2380,701788,8add5feca183d695007a94e7,2380,28,10,228,84,1097.03125,347.6521739130435,0.890625,0.2608695652173913,False,row0_col2,256,184,0,36
2381,519637,f90b9ab0071176524a75e54f,2381,21,14,172,116,830.375,496.30890052356023,0.671875,0.43979057591623039,False,row1_col2,256,191,0,32
2382,662154,a273599ec5e8931a631b6e7b,2382,10,20,84,164,505.890625,687.28042328042329,0.328125,0.69312169312169314,False,row2_col0,256,189,0,33
2383,669255,69e9731cb1bb99f66cbbadef,2383,7,18,60,148,406.453125,617.52631578947376,0.234375,0.60526315789473684,False,row1_col0,256,190,0,33
2384,504265,5ab20c40b2d117b504740ca4,2384,9,14,76,116,437.15625,494.91803278688525,0.296875,0.43715846994535518,False,row1_col0,256,183,0,36
2385,375320,98b721a6ed7b9a91ce5e0586,2385,24,16,196,132,939.78125,558.49197860962568,0.765625,0.52406417112299464,False,row1_col2,256,187,0,34
2386,482630,08e2b3b386fb9b49a55d363c,2386,6,10,52,84,348.828125,346.49473684210523,0.203125,0.26842105263157895,False,row0_col0,256,190,0,33
2387,616642,55d9a5ec969dbb3e47e1a2cb,2387,2,6,20,52,211.484375,209.21739130434781,0.078125,0.086956521739130432,False,row0_col0,256,184,0,36
2388,24249,2a8e2d654846ae67277a627f,2388,25,21,204,172,988.15625,717.98387096774195,0.796875,0.73655913978494625,False,row2_col2,256,186,0,35
2389,381362,07b130ea95144215cd673c8b,2389,18,13,148,108,763.09375,443.5,0.578125,0.39473684210526316,False,row1_col1,256,190,0,33
2390,298395,e2d24e5a47106bd7023a7d65,2390,27,12,220,100,1067.203125,419.39682539682536,0.859375,0.35449735449735448,False,row1_col2,256,189,0,33
2391,155274,dd2f8e22a40ca28b716d3418,2391,10,20,84,164,457.875,703.18716577540113,0.328125,0.69518716577540107,False,row2_col0,256,187,0,34
2392,569847,5676e48fb1caa42ecdd07480,2392,23,15,188,124,882.421875,523.8040201005025,0.734375,0.48241206030150752,False,row1_col2,256,199,0,28
2393,704818,1259266d27a1502f5814f674,2393,18,9,148,76,728.609375,307.9591836734694,0.578125,0.23469387755102042,False,row0_col1,256,196,0,30
2394,555530,442850a2087d62c7e9453fcd,2394,10,16,84,132,499.625,552.11827956989248,0.328125,0.521505376344086,False,row1_col0,256,186,0,35
2395,553414,71189113f916283b21e2571b,2395,6,14,52,116,370.828125,487.51612903225805,0.203125,0.43548387096774194,False,row1_col0,256,186,0,35
2396,467384,55697275b8b27562c9eb1a4c,2396,24,13,196,108,946.1875,454.35416666666663,0.765625,0.39583333333333331,False,row1_col2,256,192,0,32
2397,543434,eedf98ccb5a364857973747a,2397,10,22,84,180,526.640625,768.53763440860212,0.328125,0.77956989247311825,False,row2_col0,256,186,0,35
2398,625271,ba9db5a3245e9a9afea5743b,2398,23,19,188,156,916.28125,646.8395721925134,0.734375,0.65240641711229952,False,row1_col2,256,187,0,34
2399,517655,f4df64b5ff783c747eb82df3,2399,23,16,188,132,958.078125,563.14893617021278,0.734375,0.52127659574468088,False,row1_col2,256,188,0,34
2400,555677,442850a2087d62c7e9453fcd,2400,29,20,236,164,1150.375,689.06451612903231,0.921875,0.69354838709677424,False,row2_col2,256,186,0,35
2401,104764,5016a1680615b7fc52e8b7da,2401,28,9,228,76,1099.703125,307.44623655913978,0.890625,0.22043010752688172,False,row0_col2,256,186,0,35
2402,253627,5f54a832376b920cdc467195,2402,27,21,220,172,1056.90625,739.71276595744678,0.859375,0.73404255319148937,False,row2_col2,256,188,0,34
2403,476642,29967e147eb9c7a768964adf,2403,2,15,20,124,192.859375,527,0.078125,0.48148148148148145,False,row1_col0,256,189,0,33
2404,600901,e23c7263422caa21794c6b96,2404,5,26,44,212,325.546875,898.14285714285711,0.171875,0.94708994708994709,False,row2_col0,256,189,0,33
2405,720610,92aabc20a6f4499561293f2f,2405,2,23,20,188,215.09375,781.3135135135135,0.078125,0.82702702702702702,False,row2_col0,256,185,0,35
2406,347832,8406bcde35f072bc956e4b05,2406,24,21,196,172,947.078125,719.24725274725279,0.765625,0.74175824175824179,False,row2_col2,256,182,0,37
2407,424287,bcf903efa792910c09f1c106,2407,31,10,252,84,1192.625,312.75274725274727,0.984375,0.25824175824175827,False,row0_col2,256,182,0,37
2408,726596,81558ebcaaea05566ec9d393,2408,4,18,36,148,291.671875,629.11640211640213,0.140625,0.60846560846560849,False,row1_col0,256,189,0,33
2409,525863,e8abeda485644b2b7acbf9f4,2409,7,17,60,140,339.171875,588.27225130890054,0.234375,0.56544502617801051,False,row1_col0,256,191,0,32
2410,490906,f93c3ed6d29f639d27608bfa,2410,26,12,212,100,1006.109375,424.07142857142856,0.828125,0.35714285714285715,False,row1_col2,256,196,0,30
2411,519515,f90b9ab0071176524a75e54f,2411,27,10,220,84,1035.875,359.42931937172773,0.859375,0.27225130890052357,False,row0_col2,256,191,0,32
2412,64153,389705dbbfe69bc29265ddd8,2412,25,20,204,164,1025.734375,686.53513513513508,0.796875,0.69729729729729728,False,row2_col2,256,185,0,35
2413,580999,9a1ad63dc381c61153abcebd,2413,7,12,60,100,344.40625,411.63157894736838,0.234375,0.35263157894736841,False,row1_col0,256,190,0,33
2414,119381,7f3d7c6e6a7b6f584a7abbea,2414,21,18,172,148,872.40625,624.18556701030923,0.671875,0.60309278350515461,False,row1_col2,256,194,0,31
2415,658814,ee0789a261852bef9369707a,2415,30,11,244,92,1196.15625,387.79459459459463,0.953125,0.30810810810810813,False,row0_col2,256,185,0,35
2416,166539,21a65ebf59d2ba6f5a645963,2416,11,20,92,164,480.140625,692.22448979591832,0.359375,0.68367346938775508,False,row2_col1,256,196,0,30
2417,119331,7f3d7c6e6a7b6f584a7abbea,2417,3,17,28,140,252.53125,589.71134020618558,0.109375,0.56185567010309279,False,row1_col0,256,194,0,31
2418,516616,8bb55828650e42ce1359edc9,2418,8,16,68,132,428.390625,552.77540106951869,0.265625,0.52406417112299464,False,row1_col0,256,187,0,34
2419,685670,f1ca105fe73c64e1d617894e,2419,6,19,52,156,341.84375,643.63829787234044,0.203125,0.64893617021276595,False,row1_col0,256,188,0,34
2420,465714,f4ac4da33960d6b1e1780732,2420,18,25,148,204,698.46875,864.72774869109946,0.578125,0.90052356020942403,False,row2_col1,256,191,0,32
2421,633440,129602615670ca169c5d2adf,2421,0,19,4,156,88.328125,661.68279569892468,0.015625,0.65053763440860213,False,row1_col0,256,186,0,35
2422,700987,e9bb5bb030daf0c555014200,2422,27,17,220,140,1070.046875,590.14438502673806,0.859375,0.5668449197860963,False,row1_col2,256,187,0,34
2423,693877,cefaf5a44ecfd5ed51bd547c,2423,21,19,172,156,874.09375,646.58510638297867,0.671875,0.64893617021276595,False,row1_col2,256,188,0,34
2424,395831,a737d81a01b3a431788a0073,2424,23,17,188,140,896.421875,583.91304347826076,0.734375,0.56521739130434778,False,row1_col2,256,184,0,36
2425,514362,80f88014c0d14ab592726fe3,2425,26,9,212,76,1012.109375,326.903743315508,0.828125,0.22459893048128343,False,row0_col2,256,187,0,34
2426,10854,ca1191675acfe9ec5285967b,2426,6,19,52,156,311.84375,668.89999999999998,0.203125,0.64736842105263159,False,row1_col0,256,190,0,33
2427,219965,1f2456bc9a154f9512de9b64,2427,29,25,236,204,1142.59375,864.72727272727275,0.921875,0.90909090909090906,False,row2_col2,256,187,0,34
2428,520519,faf3e3da73ae229e7fc9da66,2428,7,10,60,84,375.109375,358.17112299465242,0.234375,0.26737967914438504,False,row0_col0,256,187,0,34
2429,671384,9a9832c17e186ccd3563cf20,2429,24,20,196,164,988.953125,686.10638297872345,0.765625,0.69148936170212771,False,row2_col2,256,188,0,34
2430,706021,745e27be1c9edae1c661541a,2430,5,15,44,124,351.609375,516.15934065934061,0.171875,0.47802197802197804,False,row1_col0,256,182,0,37
2431,331322,37365c15acdfe8cb778d226d,2431,26,17,212,140,1030.59375,588.17741935483878,0.828125,0.56451612903225812,False,row1_col2,256,186,0,35
2432,46647,08ad318603104514ade6d68b,2432,23,17,188,140,948.421875,596.4375,0.734375,0.5625,False,row1_col2,256,192,0,32
2433,565657,cdff67add7326ebbbabf8a48,2433,25,12,204,100,991.5625,422.38461538461536,0.796875,0.34615384615384615,False,row1_col2,256,182,0,37
2434,83495,587b74bfc019c7be94717f25,2434,7,17,60,140,359.328125,580.25806451612902,0.234375,0.56451612903225812,False,row1_col0,256,186,0,35
2435,435704,f5b415202f9796d16305892d,2435,24,15,196,124,973.421875,511.34782608695656,0.765625,0.47826086956521741,False,row1_col2,256,184,0,36
2436,195870,8ea3847f318908af74ca363c,2436,30,8,244,68,1180.109375,277.68586387434556,0.953125,0.18848167539267016,False,row0_col2,256,191,0,32
2437,483002,08e2b3b386fb9b49a55d363c,2437,26,21,212,172,1034.453125,723.50526315789477,0.828125,0.73157894736842111,False,row2_col2,256,190,0,33
2438,514503,80f88014c0d14ab592726fe3,2438,7,14,60,116,359.578125,498.24064171122996,0.234375,0.43850267379679142,False,row1_col0,256,187,0,34
2439,735797,b775ec910e16d493500239f2,2439,21,17,172,140,838.109375,602.62303664921467,0.671875,0.56544502617801051,False,row1_col2,256,191,0,32
2440,415396,84a3e62ce078286ce2c7c91e,2440,4,21,36,172,238.375,727.69587628865975,0.140625,0.72680412371134018,False,row2_col0,256,194,0,31
2441,486887,9ac9ebb9578650063235ec30,2441,7,15,60,124,351.578125,526.93717277486917,0.234375,0.48167539267015708,False,row1_col0,256,191,0,32
2442,477406,4232070a33fbc4fa24180e8d,2442,30,6,244,52,1149.34375,214.41968911917098,0.953125,0.10880829015544041,False,row0_col2,256,193,0,31
2443,99914,27e6733bbab4a1b0477f8b26,2443,10,18,84,148,472.234375,625.33333333333337,0.328125,0.60846560846560849,False,row1_col0,256,189,0,33
2444,325275,f5cda31a858d786125df8e22,2444,27,20,220,164,1094.21875,700.68393782383419,0.859375,0.68911917098445596,False,row2_col2,256,193,0,31
2445,676611,36bbd488b40fa9d32e6c7611,2445,3,24,28,196,254.96875,838.24598930481284,0.109375,0.86631016042780751,False,row2_col0,256,187,0,34
2446,534969,e6a42e7bbe1942d90ee3b93f,2446,25,13,204,108,974.765625,462.86170212765961,0.796875,0.39361702127659576,False,row1_col2,256,188,0,34
2447,546292,e47bf05116ca1e4921049cf3,2447,20,15,164,124,844.453125,525.3681592039801,0.640625,0.48258706467661694,False,row1_col1,256,201,0,27
2448,558971,27299ddb09d845cec194fcb0,2448,27,27,220,220,1069.15625,929.47089947089944,0.859375,0.98941798941798942,False,row2_col2,256,189,0,33
2449,601594,cbbfcf781cf2e6b2a448637f,2449,26,15,212,124,1016.59375,512.27083333333337,0.828125,0.47916666666666669,False,row1_col2,256,192,0,32
2450,652760,54f228b2ef6b12f663053845,2450,24,14,196,116,954.421875,487.18848167539267,0.765625,0.43979057591623039,False,row1_col2,256,191,0,32
2451,364025,64e11d7683e404d870ca400b,2451,25,15,204,124,1025.734375,511.86387434554973,0.796875,0.48167539267015708,False,row1_col2,256,191,0,32
2452,545270,17ff7079be9b18b062834cfc,2452,22,15,180,124,911.515625,527.45744680851067,0.703125,0.47872340425531917,False,row1_col2,256,188,0,34
2453,481655,0493c50e4f0350b831275383,2453,23,11,188,92,959.421875,381.75999999999999,0.734375,0.32000000000000001,False,row0_col2,256,200,0,28
2454,577326,eebb80b7602a9bc51384c3b3,2454,14,25,116,204,613.4375,868.88601036269426,0.453125,0.89637305699481862,False,row2_col1,256,193,0,31
2455,723760,603fbff3664fb22ba76787fc,2455,16,25,132,204,635.796875,860.98378378378379,0.515625,0.91351351351351351,False,row2_col1,256,185,0,35
2456,589303,87a418aeb28937346e884495,2456,23,15,188,124,992.421875,529.86294416243663,0.734375,0.48223350253807107,False,row1_col2,256,197,0,29
2457,548129,31f176914f7ef2559f447dab,2457,1,9,12,76,164.375,325.36612021857923,0.046875,0.21857923497267759,False,row0_col0,256,183,0,36
2458,509464,df64943a259e759b69c57f25,2458,24,16,196,132,959.421875,555.28571428571433,0.765625,0.52380952380952384,False,row1_col2,256,189,0,33
2459,417199,fa058e2ffd62b94a6405ac61,2459,15,13,124,108,663.625,424.59278350515461,0.484375,0.39690721649484534,False,row1_col1,256,194,0,31
2460,655924,2ee1148cf2bfb979a3c11be3,2460,20,17,164,140,810.375,577.73913043478251,0.640625,0.56521739130434778,False,row1_col1,256,184,0,36
2461,43610,d140f47bc847b703c1b20aec,2461,26,18,212,148,1074.390625,611.79679144385022,0.828125,0.60962566844919786,False,row1_col2,256,187,0,34
2462,513500,43a8d937bdc326d6174ea535,2462,28,14,228,116,1125.015625,491.55319148936172,0.890625,0.43617021276595747,False,row1_col2,256,188,0,34
2463,502327,5749ca6a1c4e4e10cf0ec75d,2463,23,17,188,140,953.609375,595.57142857142867,0.734375,0.56613756613756616,False,row1_col2,256,189,0,33
2464,282201,802b8776e6e8022705bfa739,2464,25,18,204,148,967.515625,611.9387755102041,0.796875,0.60204081632653061,False,row1_col2,256,196,0,30
2465,624381,3ecdc9847f50f75edffcb18b,2465,29,23,236,188,1128.90625,800.3135135135135,0.921875,0.82702702702702702,False,row2_col2,256,185,0,35
2466,380536,d78a35ec684695d072d6b211,2466,24,19,196,156,947.78125,646.8395721925134,0.765625,0.65240641711229952,False,row1_col2,256,187,0,34
2467,589285,87a418aeb28937346e884495,2467,5,15,44,124,368.609375,529.86294416243663,0.171875,0.48223350253807107,False,row1_col0,256,197,0,29
2468,125444,229f325dcd93d8f5586d69ba,2468,4,16,36,132,256.96875,558.41081081081074,0.140625,0.5243243243243243,False,row1_col0,256,185,0,35
2469,582282,45bfb62d2b8a12a9724eb563,2469,10,20,84,164,457.96875,694.64893617021278,0.328125,0.69148936170212771,False,row2_col0,256,188,0,34
2470,570840,0b5210b7f75c32ce0315b40b,2470,24,14,196,116,978.421875,480.25641025641022,0.765625,0.44102564102564101,False,row1_col2,256,195,0,30
2471,67447,795479733aefc40b934277a4,2471,23,27,188,220,924.21875,953.35106382978722,0.734375,0.98936170212765961,False,row2_col2,256,188,0,34
2472,385712,8f1c99d05825e89d71c9284b,2472,16,21,132,172,687.375,714.61290322580646,0.515625,0.73655913978494625,False,row2_col1,256,186,0,35
2473,35460,2943c088e8878c50a249592d,2473,4,20,36,164,287.375,688.94680851063833,0.140625,0.69148936170212771,False,row2_col0,256,188,0,34
2474,564616,0ec02acd088fff4c4bbe590f,2474,8,12,68,100,437.921875,429.70588235294122,0.265625,0.35294117647058826,False,row1_col0,256,187,0,34
2475,598648,d38497f6cb09922f8f3dcf04,2475,24,19,196,156,1031.890625,659.40837696335075,0.765625,0.64921465968586389,False,row1_col2,256,191,0,32
2476,654823,d76501c670a10ab364d9061e,2476,7,15,60,124,352.046875,516.2578947368421,0.234375,0.47894736842105262,False,row1_col0,256,190,0,33
2477,54887,d1458cc139bf5041872709d8,2477,7,19,60,156,342.625,664.72631578947369,0.234375,0.64736842105263159,False,row1_col0,256,190,0,33
2478,145934,b4219175d4f101deb62b1e1b,2478,14,16,116,132,588.609375,558.49197860962568,0.453125,0.52406417112299464,False,row1_col1,256,187,0,34
2479,460528,220c8ee1c69449f9af0ae7f1,2479,16,23,132,188,637.21875,809.9375,0.515625,0.8125,False,row2_col1,256,192,0,32
2480,448113,558b808638166f54dfdd8633,2480,17,19,140,156,717.125,652.49738219895289,0.546875,0.64921465968586389,False,row1_col1,256,191,0,32
2481,325214,f5cda31a858d786125df8e22,2481,30,18,244,148,1199.40625,630.46632124352334,0.953125,0.60621761658031093,False,row1_col2,256,193,0,31
2482,463218,f06dd4b0ff466537119cc2af,2482,18,11,148,92,735.625,385.93548387096774,0.578125,0.30645161290322581,False,row0_col1,256,186,0,35
2483,246342,eec0fc6ef0bb51e01c77b789,2483,6,18,52,148,338.28125,620.40721649484533,0.203125,0.60309278350515461,False,row1_col0,256,194,0,31
2484,106263,0f0e951d310459324ed1146f,2484,23,24,188,196,932.546875,824.89999999999998,0.734375,0.85789473684210527,False,row2_col2,256,190,0,33
2485,83545,587b74bfc019c7be94717f25,2485,25,18,204,148,986.515625,615.09677419354841,0.796875,0.60752688172043012,False,row1_col2,256,186,0,35
2486,115303,89b989a81f1da592d59cc87b,2486,7,19,60,156,391.625,666.39130434782612,0.234375,0.65217391304347827,False,row1_col0,256,184,0,36
2487,463268,f06dd4b0ff466537119cc2af,2487,4,13,36,108,256.125,454.4086021505376,0.140625,0.39247311827956988,False,row1_col0,256,186,0,35
2488,610793,7d13fb8e53e7ca10995faafd,2488,9,15,76,124,438.375,522.88172043010752,0.296875,0.478494623655914,False,row1_col0,256,186,0,35
2489,514586,80f88014c0d14ab592726fe3,2489,26,16,212,132,1012.109375,566.77540106951869,0.828125,0.52406417112299464,False,row1_col2,256,187,0,34
2490,240847,a295a8c6aa450d3d4f552f13,2490,15,6,124,52,698.078125,202.63492063492063,0.484375,0.10052910052910052,False,row0_col1,256,189,0,33
2491,145010,f7f29bc516d8bf1032c86519,2491,18,19,148,156,750.140625,663.80310880829018,0.578125,0.64766839378238339,False,row1_col1,256,193,0,31
2492,327158,829fa0ee35fbd7c1c841a103,2492,22,15,180,124,865.84375,508.27419354838713,0.703125,0.478494623655914,False,row1_col2,256,186,0,35
2493,459289,c3cb302619dac53bc3e9a2b8,2493,25,16,204,132,970.78125,565.62765957446811,0.796875,0.52127659574468088,False,row1_col2,256,188,0,34
2494,65050,db58b895d25ece9db831dde2,2494,26,16,212,132,1007.359375,561.91304347826087,0.828125,0.52173913043478259,False,row1_col2,256,184,0,36
2495,447140,d20cb62a0da43f7b5a35995c,2495,4,21,36,172,290.65625,732.67875647668393,0.140625,0.73056994818652854,False,row2_col0,256,193,0,31
2496,120188,630be0f098a5ec263bec1d35,2496,28,11,228,92,1113.921875,375.9119170984456,0.890625,0.31606217616580312,False,row0_col2,256,193,0,31
2497,251567,2fb5196803f6c730af314161,2497,15,21,124,172,670.78125,734.70000000000005,0.484375,0.73157894736842111,False,row2_col1,256,190,0,33
2498,719580,f92f442ca28c1794b5281ba1,2498,28,22,228,180,1113.375,766.83684210526314,0.890625,0.77368421052631575,False,row2_col2,256,190,0,33
2499,522902,84260c9ea667e4b1cdc99d6e,2499,22,20,180,164,886.328125,691.64893617021278,0.703125,0.69148936170212771,False,row2_col2,256,188,0,34
2500,591404,583fd37185c66e5b35d4ad0d,2500,12,17,100,140,544.6875,586.24365482233497,0.390625,0.56345177664974622,False,row1_col1,256,197,0,29
2501,102554,813b908ddf7d0066a8a11ef6,2501,26,4,212,36,1027.90625,130.66850828729281,0.828125,-0.0055248618784530384,True,padding_center,256,181,0,37
2502,69171,25b175f8a0414b88adf3bbf2,2502,19,17,156,140,793.96875,593.14438502673806,0.609375,0.5668449197860963,False,row1_col1,256,187,0,34
2503,194062,aefb29f0a27380abd8a7072a,2503,14,16,116,132,628.34375,558.36649214659678,0.453125,0.52356020942408377,False,row1_col1,256,191,0,32
2504,113190,df25d625c991e5e7eb0f6dc4,2504,6,17,52,140,334.875,585.73913043478251,0.203125,0.56521739130434778,False,row1_col0,256,184,0,36
2505,517606,f4df64b5ff783c747eb82df3,2505,6,15,52,124,374.234375,528.85106382978734,0.203125,0.47872340425531917,False,row1_col0,256,188,0,34
2506,236089,450e892105e6d6a38e7e129c,2506,25,17,204,140,997.515625,591.16326530612241,0.796875,0.56122448979591832,False,row1_col2,256,196,0,30
2507,719547,f92f442ca28c1794b5281ba1,2507,27,21,220,172,1078.625,732.01578947368421,0.859375,0.73157894736842111,False,row2_col2,256,190,0,33
2508,719368,f92f442ca28c1794b5281ba1,2508,8,16,68,132,418.375,557.91052631578941,0.265625,0.52105263157894732,False,row1_col0,256,190,0,33
2509,384487,ba40733dea98fd31eaa0e5fe,2509,7,15,60,124,379.921875,507.34594594594597,0.234375,0.48108108108108111,False,row1_col0,256,185,0,35
2510,209557,c7d7069e6440bce13d75f421,2510,21,20,172,164,843.109375,692.84816753926702,0.671875,0.69109947643979053,False,row2_col2,256,191,0,32
2511,688472,932274c0ff4cbf8cb7b96e8d,2511,24,10,196,84,975.546875,350.73770491803282,0.765625,0.26229508196721313,False,row0_col2,256,183,0,36
2512,580362,a3e72a337b3e2ae08d3ba9ff,2512,10,24,84,196,493.640625,831.31550802139043,0.328125,0.86631016042780751,False,row2_col0,256,187,0,34
2513,482728,08e2b3b386fb9b49a55d363c,2513,8,13,68,108,417.390625,449.31578947368422,0.265625,0.39473684210526316,False,row1_col0,256,190,0,33
2514,358928,6dc9bf8ff05d6f7df0e30315,2514,16,16,132,132,672.828125,532.95238095238096,0.515625,0.52380952380952384,False,row1_col1,256,189,0,33
2515,635449,8bf8afec70e5fbe4d7956c1a,2515,25,17,204,140,1038.5,588.21311475409834,0.796875,0.56830601092896171,False,row1_col2,256,183,0,36
2516,606682,07487879b83ab8bf265d8c1f,2516,26,14,212,116,1069.109375,504.69743589743587,0.828125,0.44102564102564101,False,row1_col2,256,195,0,30
2517,463699,f06dd4b0ff466537119cc2af,2517,19,26,156,212,769.875,899.48387096774195,0.609375,0.95161290322580649,False,row2_col1,256,186,0,35
2518,481670,0493c50e4f0350b831275383,2518,6,12,52,100,370.265625,416.47999999999996,0.203125,0.35999999999999999,False,row1_col0,256,200,0,28
2519,575827,79609d9f8ec519016767e49f,2519,19,10,156,84,821.875,346.49473684210523,0.609375,0.26842105263157895,False,row0_col1,256,190,0,33
2520,717494,9dd6c00d22421262fb390d57,2520,22,21,180,172,910.765625,729.82608695652175,0.703125,0.73913043478260865,False,row2_col2,256,184,0,36
2521,466454,f811b6561edd9f797ff5e802,2521,22,16,180,132,890.734375,552.14893617021278,0.703125,0.52127659574468088,False,row1_col2,256,188,0,34
2522,555411,442850a2087d62c7e9453fcd,2522,19,12,156,100,807.875,415.1720430107527,0.609375,0.34946236559139787,False,row1_col1,256,186,0,35
2523,217655,f393274be3847e33f5ac073b,2523,23,17,188,140,894.21875,584.91891891891896,0.734375,0.56756756756756754,False,row1_col2,256,185,0,35
2524,655915,2ee1148cf2bfb979a3c11be3,2524,11,17,92,140,497.625,577.73913043478251,0.359375,0.56521739130434778,False,row1_col1,256,184,0,36
2525,653717,8a106526a24206c71ac97fc4,2525,21,12,172,100,822.734375,419.11764705882354,0.671875,0.35294117647058826,False,row1_col2,256,187,0,34
2526,643774,7195fe8d91f57cee82a76acd,2526,30,21,244,172,1141.96875,728.75401069518716,0.953125,0.73796791443850263,False,row2_col2,256,187,0,34
2527,225977,2b4b6352c349b3d52ed92754,2527,25,21,204,172,1006.734375,736.36734693877554,0.796875,0.72448979591836737,False,row2_col2,256,196,0,30
2528,337344,347841146c8588b3b0ef8cd2,2528,0,14,4,116,93.421875,484.22340425531917,0.015625,0.43617021276595747,False,row1_col0,256,188,0,34
2529,532909,830ee1acd4627b4aa99fcc61,2529,13,13,108,108,583.375,456.94300518134713,0.421875,0.39896373056994816,False,row1_col1,256,193,0,31
2530,544342,e3ecaf99c788239f18c8a991,2530,22,18,180,148,867.328125,624.40314136125653,0.703125,0.60732984293193715,False,row1_col2,256,191,0,32
2531,381496,07b130ea95144215cd673c8b,2531,24,17,196,140,969.71875,581.09999999999991,0.765625,0.56315789473684208,False,row1_col2,256,190,0,33
2532,622269,7eb05126c9c43d9121df3acb,2532,29,21,236,172,1115.515625,745.77659574468089,0.921875,0.73404255319148937,False,row2_col2,256,188,0,34
2533,636802,eaebcbae772a8146aa9919c7,2533,2,28,20,228,184.484375,976.94680851063833,0.078125,1.0319148936170213,True,padding_center,256,188,0,34
2534,492010,af227d5d2da548642af3d8e8,2534,10,15,84,124,417.890625,522.86387434554968,0.328125,0.48167539267015708,False,row1_col0,256,191,0,32
2535,139885,9cc1a3ed2a8e6c5e9def5c8e,2535,13,19,108,156,549.90625,660.18716577540113,0.421875,0.65240641711229952,False,row1_col1,256,187,0,34
2536,557389,d81cb231e10288659e7909e8,2536,13,10,108,84,612.53125,356.82901554404145,0.421875,0.27461139896373055,False,row0_col1,256,193,0,31
2537,502151,5749ca6a1c4e4e10cf0ec75d,2537,7,12,60,100,405.109375,424.14285714285711,0.234375,0.35449735449735448,False,row1_col0,256,189,0,33
2538,347798,8406bcde35f072bc956e4b05,2538,22,20,180,164,877.765625,684.56593406593402,0.703125,0.69780219780219777,False,row2_col2,256,182,0,37
2539,506340,53e9a502e46a7b9e168d9115,2539,4,15,36,124,248.125,531.372340425532,0.140625,0.47872340425531917,False,row1_col0,256,188,0,34
2540,603342,02b8d585b96bf351d6297716,2540,14,6,116,52,613.71875,203.87564766839378,0.453125,0.10880829015544041,False,row0_col1,256,193,0,31
2541,460080,220c8ee1c69449f9af0ae7f1,2541,16,9,132,76,637.21875,327.52083333333331,0.515625,0.22916666666666666,False,row0_col1,256,192,0,32
2542,218632,8ac236c9482943a0fd765323,2542,8,16,68,132,396.375,568.88297872340422,0.265625,0.52127659574468088,False,row1_col0,256,188,0,34
2543,658953,ee0789a261852bef9369707a,2543,9,16,76,132,470.34375,560.98378378378379,0.296875,0.5243243243243243,False,row1_col0,256,185,0,35
2544,248075,da9443ca80beecb493467926,2544,11,8,92,68,496.546875,290.42105263157896,0.359375,0.18421052631578946,False,row0_col1,256,190,0,33
2545,715950,3c6223fad65553c89976049b,2545,14,5,116,44,604.609375,179.24352331606218,0.453125,0.067357512953367879,False,row0_col1,256,193,0,31
2546,408999,f1b1a21a9d97d3eb8ef2a36a,2546,7,13,60,108,395.09375,443.6596858638743,0.234375,0.39790575916230364,False,row1_col0,256,191,0,32
2547,13374,290e1ce1fae9fbe3b937384c,2547,30,1,244,12,1166.015625,41.173913043478265,0.953125,-0.13043478260869565,True,padding_center,256,184,0,36
2548,88356,5477e1d816f3af5d3adf2b48,2548,4,9,36,76,262.09375,327.92227979274611,0.140625,0.23316062176165803,False,row0_col0,256,193,0,31
2549,690876,7518c6376e2146766b15e23d,2549,28,21,228,172,1091.375,740.01578947368421,0.890625,0.73157894736842111,False,row2_col2,256,190,0,33
2550,603588,02b8d585b96bf351d6297716,2550,4,14,36,116,271.84375,477.78238341968915,0.140625,0.44041450777202074,False,row1_col0,256,193,0,31
2551,76309,7362ade95f32642a9f44c44a,2551,21,16,172,132,891.84375,561.24120603015081,0.671875,0.52261306532663321,False,row1_col2,256,199,0,28
2552,603468,02b8d585b96bf351d6297716,2552,12,10,100,84,545.34375,340.82901554404145,0.390625,0.27461139896373055,False,row0_col1,256,193,0,31
2553,534831,e6a42e7bbe1942d90ee3b93f,2553,15,9,124,76,631.328125,325.84042553191489,0.484375,0.22340425531914893,False,row0_col1,256,188,0,34
2554,529028,7ed463394b5acb61e1574507,2554,4,20,36,164,239.265625,696.125,0.140625,0.6875,False,row2_col0,256,192,0,32
2555,630309,c8ee69c5118846a9c6b2bd2e,2555,5,17,44,140,335.234375,579.70212765957444,0.171875,0.56382978723404253,False,row1_col0,256,188,0,34
2556,503429,d6dbdc0bd6330963f936dfc9,2556,5,20,44,164,288.265625,691.29230769230765,0.171875,0.68717948717948718,False,row2_col0,256,195,0,30
2557,14578,8d4d5e9c6f62a7f7f0b95cb7,2557,18,7,148,60,724.875,249.39344262295083,0.578125,0.13114754098360656,False,row0_col1,256,183,0,36
2558,569844,5676e48fb1caa42ecdd07480,2558,20,15,164,124,778.453125,523.8040201005025,0.640625,0.48241206030150752,False,row1_col1,256,199,0,28
2559,595568,87721955af6f57a012d16d47,2559,16,19,132,156,650.640625,645.14285714285711,0.515625,0.65079365079365081,False,row1_col1,256,189,0,33
2560,99602,27e6733bbab4a1b0477f8b26,2560,18,8,148,68,748.984375,278.66666666666663,0.578125,0.18518518518518517,False,row0_col1,256,189,0,33
2561,638628,d51f5564f4e76c5f59463abb,2561,4,21,36,172,284.375,720.85416666666663,0.140625,0.72916666666666663,False,row2_col0,256,192,0,32
2562,328183,b68be114738359817943c9b2,2562,23,15,188,124,918.953125,511.37037037037032,0.734375,0.48148148148148145,False,row1_col2,256,189,0,33
2563,488037,cbe7415bc3817302e0c76f2d,2563,5,19,44,156,317.03125,659.97409326424872,0.171875,0.64766839378238339,False,row1_col0,256,193,0,31
2564,57070,40471d6b4d3d450e63bc3466,2564,14,23,116,188,603.234375,788.25,0.453125,0.8125,False,row2_col1,256,192,0,32
2565,595644,87721955af6f57a012d16d47,2565,28,21,228,172,1062.015625,713.71428571428578,0.890625,0.73544973544973546,False,row2_col2,256,189,0,33
2566,180969,e3e937e4c7206cd43037de93,2566,9,23,76,188,426.015625,795.29032258064524,0.296875,0.82258064516129037,False,row2_col0,256,186,0,35
2567,605655,37007bcf2d5f43196d17bd6c,2567,23,14,188,116,922.8125,494.55319148936172,0.734375,0.43617021276595747,False,row1_col2,256,188,0,34
2568,595305,87721955af6f57a012d16d47,2568,9,11,76,92,410.671875,370.85714285714283,0.296875,0.31216931216931215,False,row0_col0,256,189,0,33
2569,684535,5f992fdd05552118b4d67202,2569,23,15,188,124,940.15625,512.695652173913,0.734375,0.47826086956521741,False,row1_col2,256,184,0,36
2570,513577,43a8d937bdc326d6174ea535,2570,9,17,76,140,473.671875,594.44680851063822,0.296875,0.56382978723404253,False,row1_col0,256,188,0,34
2571,13946,290e1ce1fae9fbe3b937384c,2571,26,19,212,156,1027.390625,664.13043478260875,0.828125,0.65217391304347827,False,row1_col2,256,184,0,36
2572,1449,a2da421c00740b670bd14bee,2572,9,13,76,108,418.15625,458.95187165775405,0.296875,0.39572192513368987,False,row1_col0,256,187,0,34
2573,343576,4d5c5a4af0d0418475b08f37,2573,24,16,196,132,986.71875,548.23404255319156,0.765625,0.52127659574468088,False,row1_col2,256,188,0,34
2574,423399,8e016ce8a91e1722991e0302,2574,7,15,60,124,355.15625,495.66666666666669,0.234375,0.478494623655914,False,row1_col0,256,186,0,35
2575,325197,f5cda31a858d786125df8e22,2575,13,18,108,148,603.34375,630.46632124352334,0.421875,0.60621761658031093,False,row1_col1,256,193,0,31
2576,537179,a4df32cda65d6caec503e150,2576,27,18,220,148,1024.875,623.13829787234044,0.859375,0.6063829787234043,False,row1_col2,256,188,0,34
2577,258247,dfbe513d6531461f0ef29a6a,2577,7,6,60,52,376.453125,209.21739130434781,0.234375,0.086956521739130432,False,row0_col0,256,184,0,36
2578,316987,571ee3662d24063a85881fe9,2578,27,17,220,140,1084.046875,582.62162162162167,0.859375,0.56756756756756754,False,row1_col2,256,185,0,35
2579,530870,dc0b4ccd38f08660aa595e39,2579,22,13,180,108,857.21875,464.73684210526318,0.703125,0.39473684210526316,False,row1_col2,256,190,0,33
2580,570761,0b5210b7f75c32ce0315b40b,2580,9,12,76,100,463.265625,411.74358974358972,0.296875,0.35897435897435898,False,row1_col0,256,195,0,30
2581,616281,af9d0070e54aed81fc79e4ef,2581,25,26,204,212,1014.734375,889.77248677248679,0.796875,0.94708994708994709,False,row2_col2,256,189,0,33
2582,570855,0b5210b7f75c32ce0315b40b,2582,7,15,60,124,394.578125,514.51282051282055,0.234375,0.48205128205128206,False,row1_col0,256,195,0,30
2583,715338,94aacc4991ca8c49186c4c97,2583,10,18,84,148,466.234375,622.25945945945944,0.328125,0.61081081081081079,False,row1_col0,256,185,0,35
2584,486934,9ac9ebb9578650063235ec30,2584,22,16,180,132,866.734375,561.36649214659678,0.703125,0.52356020942408377,False,row1_col2,256,191,0,32
2585,638611,d51f5564f4e76c5f59463abb,2585,19,20,156,164,805.625,686.0625,0.609375,0.6875,False,row2_col1,256,192,0,32
2586,506387,53e9a502e46a7b9e168d9115,2586,19,16,156,132,761.875,565.62765957446811,0.609375,0.52127659574468088,False,row1_col1,256,188,0,34
2587,606617,07487879b83ab8bf265d8c1f,2587,25,12,204,100,1034.765625,436.10256410256409,0.796875,0.35897435897435898,False,row1_col2,256,195,0,30
2588,484049,7b57de0d35adaa2f8254baa8,2588,17,22,140,180,797.375,761.37967914438502,0.546875,0.78074866310160429,False,row2_col1,256,187,0,34
2589,594210,d8e33de8429b55ebb8877642,2589,2,9,20,76,159.859375,312.063829787234,0.078125,0.22340425531914893,False,row0_col0,256,188,0,34
2590,117320,7c41685bf488a58de2fe104b,2590,8,18,68,148,397.046875,628.52631578947376,0.265625,0.60526315789473684,False,row1_col0,256,190,0,33
2591,289256,d03b423ac174ea78bf4a6637,2591,8,15,68,124,408.84375,511.83937823834196,0.265625,0.48186528497409326,False,row1_col0,256,193,0,31
2592,400616,414d9b02f6f9676c4dd52a63,2592,8,7,68,60,394.71875,228.56756756756758,0.265625,0.13513513513513514,False,row0_col0,256,185,0,35
2593,435830,f5b415202f9796d16305892d,2593,22,19,180,156,904.734375,648.56521739130437,0.703125,0.65217391304347827,False,row1_col2,256,184,0,36
2594,596305,068d42fadee7759ebbad25c7,2594,17,10,140,84,742.375,351.42931937172773,0.546875,0.27225130890052357,False,row0_col1,256,191,0,32
2595,97847,e8aecbbad790f36193dfc2a6,2595,23,17,188,140,928.625,583.79487179487182,0.734375,0.5641025641025641,False,row1_col2,256,195,0,30
2596,480495,7361af587e04e93382fe2d91,2596,15,7,124,60,640.78125,241.96907216494844,0.484375,0.14948453608247422,False,row0_col1,256,194,0,31
2597,470308,7b4398b5f7d90eaafd6f9de7,2597,4,9,36,76,316.125,315.90322580645159,0.140625,0.22043010752688172,False,row0_col0,256,186,0,35
2598,93734,e4622a2495fee2989741879a,2598,6,17,52,140,338.859375,579,0.203125,0.56451612903225812,False,row1_col0,256,186,0,35
2599,109175,35015470ada828bd02e3e08b,2599,23,19,188,156,926.421875,650.45077720207246,0.734375,0.64766839378238339,False,row1_col2,256,193,0,31
2600,193162,6a57e03e1905b5c4210bc584,2600,10,20,84,164,488.234375,681.10160427807489,0.328125,0.69518716577540107,False,row2_col0,256,187,0,34
2601,451958,36a1385eef8168000ac9d2ff,2601,22,11,180,92,870.984375,377.06701030927832,0.703125,0.31443298969072164,False,row0_col2,256,194,0,31
2602,563483,1882c154e2fd7debcc259ddf,2602,27,8,220,68,1101.734375,295.91282051282053,0.859375,0.19487179487179487,False,row0_col2,256,195,0,30
2603,547269,57d3f410b6fcba2a57bda29d,2603,5,14,44,116,324.09375,492.77368421052631,0.171875,0.43684210526315792,False,row1_col0,256,190,0,33
2604,549432,b7cc7826ac85ae8215b61101,2604,24,17,196,140,974.125,595.84736842105258,0.765625,0.56315789473684208,False,row1_col2,256,190,0,33
2605,719397,f92f442ca28c1794b5281ba1,2605,5,17,44,140,314.125,592.73157894736846,0.171875,0.56315789473684208,False,row1_col0,256,190,0,33
2606,514367,80f88014c0d14ab592726fe3,2606,31,9,252,76,1183.828125,326.903743315508,0.984375,0.22459893048128343,False,row0_col2,256,187,0,34
2607,453069,6cdb89370c1447e2daa1d31d,2607,13,14,108,116,556.59375,485.43315508021391,0.421875,0.43850267379679142,False,row1_col1,256,187,0,34
2608,693721,cefaf5a44ecfd5ed51bd547c,2608,25,14,204,116,1012.34375,473.60638297872345,0.796875,0.43617021276595747,False,row1_col2,256,188,0,34
2609,11717,077aa432a213e8c3b3f6523a,2609,5,14,44,116,304.40625,496.51891891891893,0.171875,0.43783783783783786,False,row1_col0,256,185,0,35
2610,600,1398a14ef7fc9ad146f80638,2610,24,18,196,148,958.71875,616.88524590163934,0.765625,0.61202185792349728,False,row1_col2,256,183,0,36
2611,65112,db58b895d25ece9db831dde2,2611,24,18,196,148,937.671875,631.56521739130437,0.765625,0.60869565217391308,False,row1_col2,256,184,0,36
2612,551272,51a10a40effe2814ad9fdc08,2612,8,11,68,92,363.921875,383.85714285714283,0.265625,0.31216931216931215,False,row0_col0,256,189,0,33
2613,437913,c192edd74fe8165b22e50c5a,2613,25,20,204,164,993.34375,675.87628865979377,0.796875,0.68556701030927836,False,row2_col2,256,194,0,31
2614,595322,87721955af6f57a012d16d47,2614,26,11,212,92,993.453125,370.85714285714283,0.828125,0.31216931216931215,False,row0_col2,256,189,0,33
2615,584214,7413f29906bbedeb019fea89,2615,22,16,180,132,910.625,558.63402061855675,0.703125,0.52061855670103097,False,row1_col2,256,194,0,31
2616,525873,e8abeda485644b2b7acbf9f4,2616,17,17,140,140,680.734375,588.27225130890054,0.546875,0.56544502617801051,False,row1_col1,256,191,0,32
2617,235018,4f2e92e1b80cd39c3cba6440,2617,10,16,84,132,452.59375,548.23404255319156,0.328125,0.52127659574468088,False,row1_col0,256,188,0,34
2618,93704,e4622a2495fee2989741879a,2618,8,16,68,132,408.046875,544.33333333333326,0.265625,0.521505376344086,False,row1_col0,256,186,0,35
2619,481638,0493c50e4f0350b831275383,2619,6,11,52,92,370.265625,381.75999999999999,0.203125,0.32000000000000001,False,row0_col0,256,200,0,28
2620,275092,b15ae60e68dff16aade2e419,2620,20,20,164,164,838.453125,699,0.640625,0.69354838709677424,False,row2_col1,256,186,0,35
2621,11589,077aa432a213e8c3b3f6523a,2621,5,10,44,84,304.40625,358.83243243243248,0.171875,0.26486486486486488,False,row0_col0,256,185,0,35
2622,256707,a5544cf8c3f4495df7d798ea,2622,3,22,28,180,235.625,764.41666666666674,0.109375,0.77083333333333337,False,row2_col0,256,192,0,32
2623,166126,21a65ebf59d2ba6f5a645963,2623,14,7,116,60,585.046875,238.0204081632653,0.453125,0.15306122448979592,False,row0_col1,256,196,0,30
2624,340456,13b0152a68a53d6271f1d621,2624,8,15,68,124,337.046875,505.69473684210527,0.265625,0.47894736842105262,False,row1_col0,256,190,0,33
2625,719366,f92f442ca28c1794b5281ba1,2625,6,16,52,132,348.875,557.91052631578941,0.203125,0.52105263157894732,False,row1_col0,256,190,0,33
2626,522831,84260c9ea667e4b1cdc99d6e,2626,15,18,124,148,646.359375,623.13829787234044,0.484375,0.6063829787234043,False,row1_col1,256,188,0,34
2627,13895,290e1ce1fae9fbe3b937384c,2627,7,18,60,148,368.921875,629.52173913043475,0.234375,0.60869565217391308,False,row1_col0,256,184,0,36
2628,162298,60611d165a78aab7eb01b780,2628,26,15,212,124,1005.90625,536.37037037037032,0.828125,0.48148148148148145,False,row1_col2,256,189,0,33
2629,491876,af227d5d2da548642af3d8e8,2629,4,11,36,92,209.953125,384.47643979057591,0.140625,0.31413612565445026,False,row0_col0,256,191,0,32
2630,584022,7413f29906bbedeb019fea89,2630,22,10,180,84,910.625,353.02577319587624,0.703125,0.27319587628865977,False,row0_col2,256,194,0,31
2631,506244,53e9a502e46a7b9e168d9115,2631,4,12,36,100,248.125,428.60638297872339,0.140625,0.35106382978723405,False,row1_col0,256,188,0,34
2632,357994,bacd8d5cf67fb7f5bb3c16e1,2632,10,19,84,156,482.90625,646.8395721925134,0.328125,0.65240641711229952,False,row1_col0,256,187,0,34
2633,324900,f5cda31a858d786125df8e22,2633,4,9,36,76,287.78125,314.48704663212436,0.140625,0.23316062176165803,False,row0_col0,256,193,0,31
2634,599703,7e43c32828df193edc42ddff,2634,23,20,188,164,958.078125,697.34042553191489,0.734375,0.69148936170212771,False,row2_col2,256,188,0,34
2635,144995,f7f29bc516d8bf1032c86519,2635,3,19,28,156,230.296875,663.80310880829018,0.109375,0.64766839378238339,False,row1_col0,256,193,0,31
2636,99819,27e6733bbab4a1b0477f8b26,2636,11,15,92,124,506.828125,521.33333333333326,0.359375,0.48148148148148145,False,row1_col1,256,189,0,33
2637,301734,e07a60e9493523db2330e39e,2637,6,21,52,172,381.875,725.61290322580646,0.203125,0.73655913978494625,False,row2_col0,256,186,0,35
2638,502182,5749ca6a1c4e4e10cf0ec75d,2638,6,13,52,108,370.828125,458.42857142857139,0.203125,0.3968253968253968,False,row1_col0,256,189,0,33
2639,150874,6aacc3e88c7b1fee9f8c4019,2639,26,10,212,84,1043.875,347.24083769633512,0.828125,0.27225130890052357,False,row0_col2,256,191,0,32
2640,362854,53f85fa89c59271d3ffb3641,2640,6,11,52,92,363.84375,345.89361702127655,0.203125,0.30851063829787234,False,row0_col0,256,188,0,34
2641,473740,1d12ec902c3113b35c317ef8,2641,12,20,100,164,548.34375,689.47368421052636,0.390625,0.68947368421052635,False,row2_col1,256,190,0,33
2642,247321,cd0de5b2186c92b842b4814a,2642,25,16,204,132,1029.15625,544.85714285714289,0.796875,0.52380952380952384,False,row1_col2,256,189,0,33
2643,563509,1882c154e2fd7debcc259ddf,2643,21,9,172,76,896.046875,330.21025641025642,0.671875,0.23589743589743589,False,row0_col2,256,195,0,30
2644,542020,736df5902e9879b38b3b9634,2644,4,10,36,84,256.546875,348.30000000000001,0.140625,0.26842105263157895,False,row0_col0,256,190,0,33
2645,326104,c2b2f0fd9e97490a1ce9143a,2645,24,14,196,116,947.078125,483.66666666666663,0.765625,0.43915343915343913,False,row1_col2,256,189,0,33
2646,84067,d97ecfbcd8824d84ea5eae90,2646,3,3,28,28,205.5,103.61878453038673,0.109375,-0.049723756906077346,True,padding_center,256,181,0,37
2647,733851,488bd0832b3372d266269e18,2647,27,20,220,164,1035.328125,692.77472527472526,0.859375,0.69780219780219777,False,row2_col2,256,182,0,37
2648,460265,220c8ee1c69449f9af0ae7f1,2648,9,15,76,124,396.15625,534.27083333333337,0.296875,0.47916666666666669,False,row1_col0,256,192,0,32
2649,4818,0d71665cc32e00cbf316979e,2649,18,22,148,180,776.875,766.36065573770486,0.578125,0.78688524590163933,False,row2_col1,256,183,0,36
2650,532969,830ee1acd4627b4aa99fcc61,2650,9,15,76,124,446.375,525.50259067357513,0.296875,0.48186528497409326,False,row1_col0,256,193,0,31
2651,638536,d51f5564f4e76c5f59463abb,2651,8,18,68,148,423.375,616.47916666666663,0.265625,0.60416666666666663,False,row1_col0,256,192,0,32
2652,657691,c530cb0c0e739b7c0af0415d,2652,27,8,220,68,1029.171875,277.48936170212767,0.859375,0.18085106382978725,False,row0_col2,256,188,0,34
2653,507202,61f217f44bf2fb9b5077b9b6,2653,2,10,20,84,209.625,356.22631578947369,0.078125,0.26842105263157895,False,row0_col0,256,190,0,33
2654,43717,d140f47bc847b703c1b20aec,2654,5,22,44,180,346.609375,750.40641711229944,0.171875,0.78074866310160429,False,row2_col0,256,187,0,34
2655,581325,9a1ad63dc381c61153abcebd,2655,13,22,108,180,549.53125,752.68421052631572,0.421875,0.77368421052631575,False,row2_col1,256,190,0,33
2656,132292,1aa0d91925dd72251d174919,2656,4,6,36,52,253.671875,196.84042553191489,0.140625,0.095744680851063829,False,row0_col0,256,188,0,34
2657,506361,53e9a502e46a7b9e168d9115,2657,25,15,204,124,967.375,531.372340425532,0.796875,0.47872340425531917,False,row1_col2,256,188,0,34
2658,603595,02b8d585b96bf351d6297716,2658,11,14,92,116,511.15625,477.78238341968915,0.359375,0.44041450777202074,False,row1_col1,256,193,0,31
2659,596516,068d42fadee7759ebbad25c7,2659,4,17,36,140,297.125,590.96858638743458,0.140625,0.56544502617801051,False,row1_col0,256,191,0,32
2660,583021,9fbe77467132d5c93ee01128,2660,13,11,108,92,622.640625,383.85714285714283,0.421875,0.31216931216931215,False,row0_col1,256,189,0,33
2661,492835,bc5170b2dbd4e825a4bfa3ef,2661,3,9,28,76,214.203125,314.29166666666663,0.109375,0.22916666666666666,False,row0_col0,256,192,0,32
2662,449374,a54c971a682d36aeda7976b7,2662,30,26,244,212,1147.15625,886.81967213114751,0.953125,0.96174863387978138,False,row2_col2,256,183,0,36
2663,473580,1d12ec902c3113b35c317ef8,2663,12,15,100,124,548.34375,518.9473684210526,0.390625,0.47894736842105262,False,row1_col1,256,190,0,33
2664,543207,eedf98ccb5a364857973747a,2664,7,15,60,124,424.171875,528.88172043010752,0.234375,0.478494623655914,False,row1_col0,256,186,0,35
2665,481628,0493c50e4f0350b831275383,2665,28,10,228,84,1132.703125,347.04000000000002,0.890625,0.28000000000000003,False,row0_col2,256,200,0,28
2666,653787,8a106526a24206c71ac97fc4,2666,27,14,220,116,1029.171875,487.99465240641712,0.859375,0.43850267379679142,False,row1_col2,256,187,0,34
2667,600584,e23c7263422caa21794c6b96,2667,8,16,68,132,428.390625,555.28571428571433,0.265625,0.52380952380952384,False,row1_col0,256,189,0,33
2668,56996,40471d6b4d3d450e63bc3466,2668,4,21,36,172,254.796875,718.58333333333326,0.140625,0.72916666666666663,False,row2_col0,256,192,0,32
2669,178647,dd4ad461de197a243a121525,2669,23,14,188,116,943.546875,473.50785340314138,0.734375,0.43979057591623039,False,row1_col2,256,191,0,32
2670,351918,4f1c77f5d121ab64501fbab2,2670,14,21,116,172,629.609375,722.93010752688178,0.453125,0.73655913978494625,False,row2_col1,256,186,0,35
2671,684505,5f992fdd05552118b4d67202,2671,25,14,204,116,1009.53125,478.08695652173913,0.796875,0.43478260869565216,False,row1_col2,256,184,0,36
2672,69275,25b175f8a0414b88adf3bbf2,2672,27,20,220,164,1070.46875,697.10160427807489,0.859375,0.69518716577540107,False,row2_col2,256,187,0,34
2673,555319,442850a2087d62c7e9453fcd,2673,23,9,188,76,944.875,312.46236559139788,0.734375,0.22043010752688172,False,row0_col2,256,186,0,35
2674,374360,412b2253f0288e6f5518fc42,2674,24,18,196,148,961.71875,615.35828877005349,0.765625,0.60962566844919786,False,row1_col2,256,187,0,34
2675,464407,7a0f74886ddf2564aac2dcae,2675,23,16,188,132,901.609375,563.77540106951869,0.734375,0.52406417112299464,False,row1_col2,256,187,0,34
2676,655911,2ee1148cf2bfb979a3c11be3,2676,7,17,60,140,358.625,577.73913043478251,0.234375,0.56521739130434778,False,row1_col0,256,184,0,36
2677,369107,84660a36fd2a77d5af219fa3,2677,19,14,156,116,817.796875,486.18716577540107,0.609375,0.43850267379679142,False,row1_col1,256,187,0,34
2678,507401,61f217f44bf2fb9b5077b9b6,2678,9,16,76,132,449.375,561.61578947368412,0.296875,0.52105263157894732,False,row1_col0,256,190,0,33
2679,562666,feae8edd69230ba2d038a705,2679,10,15,84,124,505.625,522.52879581151831,0.328125,0.48167539267015708,False,row1_col0,256,191,0,32
2680,490073,113ae33369eea4ce7f0b6955,2680,25,18,204,148,971.765625,629.85714285714289,0.796875,0.60846560846560849,False,row1_col2,256,189,0,33
2681,43643,d140f47bc847b703c1b20aec,2681,27,19,220,156,1109.046875,646.44919786096261,0.859375,0.65240641711229952,False,row1_col2,256,187,0,34
2682,322245,e366b8893ee234784cfdf96a,2682,5,22,44,180,317.015625,763.8140703517588,0.171875,0.76381909547738691,False,row2_col0,256,199,0,28
2683,194022,aefb29f0a27380abd8a7072a,2683,6,15,52,124,352.84375,523.93717277486917,0.203125,0.48167539267015708,False,row1_col0,256,191,0,32
2684,345933,d966074aac618fed4e291ae3,2684,13,26,108,212,551.640625,897.26666666666665,0.421875,0.93333333333333335,False,row2_col1,256,195,0,30
2685,85480,c9fce8b47dde33b4fc8fb311,2685,8,15,68,124,389.84375,529.69473684210527,0.265625,0.47894736842105262,False,row1_col0,256,190,0,33
2686,82429,d04aeafeb9e728e609fa7a9e,2686,29,15,236,124,1087.359375,520.695652173913,0.921875,0.47826086956521741,False,row1_col2,256,184,0,36
2687,662118,a273599ec5e8931a631b6e7b,2687,6,19,52,156,367.265625,652.69841269841277,0.203125,0.65079365079365081,False,row1_col0,256,189,0,33
2688,239174,a9d0ff3cc6fb5dab5212ac12,2688,6,18,52,148,347.640625,619.71052631578948,0.203125,0.60526315789473684,False,row1_col0,256,190,0,33
2689,501159,d8aec49d4eabf940e94e99b9,2689,7,13,60,108,366.40625,457.97326203208559,0.234375,0.39572192513368987,False,row1_col0,256,187,0,34
2690,481892,0493c50e4f0350b831275383,2690,4,19,36,156,300.953125,659.51999999999998,0.140625,0.64000000000000001,False,row1_col0,256,200,0,28
2691,83433,587b74bfc019c7be94717f25,2691,9,15,76,124,429.015625,510.58064516129036,0.296875,0.478494623655914,False,row1_col0,256,186,0,35
2692,559594,61b5465c722b8b833ec48621,2692,10,15,84,124,504.640625,520.88172043010752,0.328125,0.478494623655914,False,row1_col0,256,186,0,35
2693,488173,cbe7415bc3817302e0c76f2d,2693,13,23,108,188,590.53125,796.92746113989642,0.421875,0.81347150259067358,False,row2_col1,256,193,0,31
2694,286109,52ed4da2285d211f61ff5e8e,2694,29,12,236,100,1131.359375,408.88235294117646,0.921875,0.35294117647058826,False,row1_col2,256,187,0,34
2695,408117,e235136cfdcae670bc7ef694,2695,21,17,172,140,869.40625,574.70212765957444,0.671875,0.56382978723404253,False,row1_col2,256,188,0,34
2696,538940,abac48c206f4f9db98c1c8cf,2696,28,9,228,76,1104.796875,313.75773195876286,0.890625,0.23195876288659795,False,row0_col2,256,194,0,31
2697,647785,d0b31ef595869ea82b00c98a,2697,9,19,76,156,470.15625,663.89999999999998,0.296875,0.64736842105263159,False,row1_col0,256,190,0,33
2698,595494,87721955af6f57a012d16d47,2698,6,17,52,140,307.828125,576.57142857142867,0.203125,0.56613756613756616,False,row1_col0,256,189,0,33
2699,574905,677cd183b987906faf2e530c,2699,25,13,204,108,1021.140625,457.07027027027027,0.796875,0.39459459459459462,False,row1_col2,256,185,0,35
2700,87542,e1c9abec502219412e89243a,2700,22,15,180,124,881.359375,512.24725274725279,0.703125,0.47802197802197804,False,row1_col2,256,182,0,37
2701,482711,08e2b3b386fb9b49a55d363c,2701,23,12,188,100,931.609375,415.04210526315791,0.734375,0.35263157894736841,False,row1_col2,256,190,0,33
2702,612906,9eb7c57cc60b7fe25deb2951,2702,10,17,84,140,445.890625,591.04347826086951,0.328125,0.56521739130434778,False,row1_col0,256,184,0,36
2703,621405,9c158d10db0dc6399c33ba8d,2703,29,26,236,212,1145.125,898.50793650793651,0.921875,0.94708994708994709,False,row2_col2,256,189,0,33
2704,513810,43a8d937bdc326d6174ea535,2704,18,24,148,196,782.203125,834.531914893617,0.578125,0.86170212765957444,False,row2_col1,256,188,0,34
2705,76422,7362ade95f32642a9f44c44a,2705,6,20,52,164,365.90625,701.62311557788939,0.203125,0.68341708542713564,False,row2_col0,256,199,0,28
2706,120460,630be0f098a5ec263bec1d35,2706,12,20,100,164,560.421875,687.41450777202078,0.390625,0.68911917098445596,False,row2_col1,256,193,0,31
2707,486870,9ac9ebb9578650063235ec30,2707,22,14,180,116,866.734375,492.50785340314138,0.703125,0.43979057591623039,False,row1_col2,256,191,0,32
2708,55800,6d76d8f8a00db7e46f92f530,2708,24,15,196,124,956.546875,527.20212765957444,0.765625,0.47872340425531917,False,row1_col2,256,188,0,34
2709,490969,f93c3ed6d29f639d27608bfa,2709,25,14,204,116,971.765625,492.88775510204079,0.796875,0.43877551020408162,False,row1_col2,256,196,0,30
2710,58968,7381cb78aaec6db422f04d3f,2710,24,18,196,148,967.421875,615.5,0.765625,0.60526315789473684,False,row1_col2,256,190,0,33
2711,569559,5676e48fb1caa42ecdd07480,2711,23,6,188,52,882.421875,211.20100502512562,0.734375,0.12060301507537688,False,row0_col2,256,199,0,28
2712,679612,f6a612467fd1531566860d2f,2712,28,21,228,172,1121.046875,715.71276595744678,0.890625,0.73404255319148937,False,row2_col2,256,188,0,34
2713,6775,b6eaf5e811a0be7062ed1bb3,2713,23,19,188,156,896.421875,655.45077720207246,0.734375,0.64766839378238339,False,row1_col2,256,193,0,31
2714,511761,7e205d3f86dfa2c6e030bdfc,2714,17,24,140,196,721.734375,826.93193717277484,0.546875,0.8586387434554974,False,row2_col1,256,191,0,32
2715,140872,83ce9a3b86c3675c94925a4e,2715,8,18,68,148,428.578125,624.05913978494618,0.265625,0.60752688172043012,False,row1_col0,256,186,0,35
2716,324853,f5cda31a858d786125df8e22,2716,21,7,172,60,883.84375,244.26943005181346,0.671875,0.15025906735751296,False,row0_col2,256,193,0,31
2717,487911,cbe7415bc3817302e0c76f2d,2717,7,15,60,124,385.40625,523.02072538860102,0.234375,0.48186528497409326,False,row1_col0,256,193,0,31
2718,236260,450e892105e6d6a38e7e129c,2718,4,23,36,188,265.796875,799.81632653061229,0.140625,0.80612244897959184,False,row2_col0,256,196,0,30
2719,43644,d140f47bc847b703c1b20aec,2719,28,19,228,156,1143.703125,646.44919786096261,0.890625,0.65240641711229952,False,row1_col2,256,187,0,34
2720,187910,fb5a9755e142923997483e54,2720,6,16,52,132,339.875,541.33333333333326,0.203125,0.521505376344086,False,row1_col0,256,186,0,35
2721,531974,e74d21355c7851af07172a36,2721,6,16,52,132,306.234375,557.36216216216212,0.203125,0.5243243243243243,False,row1_col0,256,185,0,35
2722,69211,25b175f8a0414b88adf3bbf2,2722,27,18,220,148,1070.46875,627.79679144385022,0.859375,0.60962566844919786,False,row1_col2,256,187,0,34
2723,651786,419d4372c4c0bfbddc5d5b65,2723,10,16,84,132,482.59375,551.23404255319156,0.328125,0.52127659574468088,False,row1_col0,256,188,0,34
2724,591448,583fd37185c66e5b35d4ad0d,2724,24,18,196,148,957.1875,620.63959390862942,0.765625,0.60406091370558379,False,row1_col2,256,197,0,29
2725,179926,88a7da897ac6bcbf16c8e69d,2725,22,22,180,180,893.875,761.91623036649219,0.703125,0.77486910994764402,False,row2_col2,256,191,0,32
2726,447133,d20cb62a0da43f7b5a35995c,2726,29,20,236,164,1160.96875,697.86010362694299,0.921875,0.68911917098445596,False,row2_col2,256,193,0,31
2727,498216,df2dd66a2f9f4acffc6fdb65,2727,8,17,68,140,425.328125,592.34224598930484,0.265625,0.5668449197860963,False,row1_col0,256,187,0,34
2728,519592,f90b9ab0071176524a75e54f,2728,8,13,68,108,385.125,462.08900523560209,0.265625,0.39790575916230364,False,row1_col0,256,191,0,32
2729,540294,e2b45792dfc5b8bb9ef98bca,2729,6,20,52,164,352.859375,701.28042328042329,0.203125,0.69312169312169314,False,row2_col0,256,189,0,33
2730,670299,9cb4460b3d110d026116cef5,2730,27,18,220,148,1092.046875,617.25945945945944,0.859375,0.61081081081081079,False,row1_col2,256,185,0,35
2731,46886,08ad318603104514ade6d68b,2731,6,25,52,204,359.265625,873.4375,0.203125,0.89583333333333337,False,row2_col0,256,192,0,32
2732,481719,0493c50e4f0350b831275383,2732,23,13,188,108,959.421875,451.20000000000005,0.734375,0.40000000000000002,False,row1_col2,256,200,0,28
2733,481947,0493c50e4f0350b831275383,2733,27,20,220,164,1098.046875,694.24000000000001,0.859375,0.68000000000000005,False,row2_col2,256,200,0,28
2734,351906,4f1c77f5d121ab64501fbab2,2734,2,21,20,172,214.484375,722.93010752688178,0.078125,0.73655913978494625,False,row2_col0,256,186,0,35
2735,386615,76906f430110ea676ee84663,2735,23,17,188,140,931.421875,586.95744680851067,0.734375,0.56382978723404253,False,row1_col2,256,188,0,34
2736,547561,57d3f410b6fcba2a57bda29d,2736,9,23,76,188,462.34375,803.13157894736844,0.296875,0.81578947368421051,False,row2_col0,256,190,0,33
2737,545900,e47bf05116ca1e4921049cf3,2737,12,3,100,28,567.203125,110.32338308457712,0.390625,0.0049751243781094526,False,row0_col1,256,201,0,27
2738,525831,e8abeda485644b2b7acbf9f4,2738,7,16,60,132,339.171875,554.17801047120417,0.234375,0.52356020942408377,False,row1_col0,256,191,0,32
2739,43590,d140f47bc847b703c1b20aec,2739,6,18,52,148,381.265625,611.79679144385022,0.203125,0.60962566844919786,False,row1_col0,256,187,0,34
2740,79433,c45bca2ff1189b57883f62b3,2740,9,18,76,148,450.859375,619.62903225806451,0.296875,0.60752688172043012,False,row1_col0,256,186,0,35
2741,234962,4f2e92e1b80cd39c3cba6440,2741,18,14,148,116,728.09375,479.29787234042556,0.578125,0.43617021276595747,False,row1_col1,256,188,0,34
2742,438874,0aef4825947bf8ad603e523a,2742,26,18,212,148,1051.875,610.09677419354841,0.828125,0.60752688172043012,False,row1_col2,256,186,0,35
2743,358983,6dc9bf8ff05d6f7df0e30315,2743,7,18,60,148,360.921875,602.11640211640213,0.234375,0.60846560846560849,False,row1_col0,256,189,0,33
2744,479923,516089d2e2e2c9755fbd5142,2744,19,21,156,172,787.703125,731.63829787234044,0.609375,0.73404255319148937,False,row2_col1,256,188,0,34
2745,606648,07487879b83ab8bf265d8c1f,2745,24,13,196,108,1000.421875,470.40000000000003,0.765625,0.40000000000000002,False,row1_col2,256,195,0,30
2746,473675,1d12ec902c3113b35c317ef8,2746,11,18,92,148,514.15625,621.26315789473688,0.359375,0.60526315789473684,False,row1_col1,256,190,0,33
2747,325240,f5cda31a858d786125df8e22,2747,24,19,196,156,989.03125,665.57512953367871,0.765625,0.64766839378238339,False,row1_col2,256,193,0,31
2748,596595,068d42fadee7759ebbad25c7,2748,19,19,156,156,810.875,659.40837696335075,0.609375,0.64921465968586389,False,row1_col1,256,191,0,32
2749,655979,2ee1148cf2bfb979a3c11be3,2749,11,19,92,156,497.625,647.39130434782612,0.359375,0.65217391304347827,False,row1_col1,256,184,0,36
2750,569767,5676e48fb1caa42ecdd07480,2750,7,13,60,108,327.921875,454.33668341708545,0.234375,0.4020100502512563,False,row1_col0,256,199,0,28
2751,588283,47ecb67f20914fe9324d2108,2751,27,15,220,124,1072.625,518.33333333333326,0.859375,0.48148148148148145,False,row1_col2,256,189,0,33
2752,85544,c9fce8b47dde33b4fc8fb311,2752,8,17,68,140,389.84375,598.91578947368419,0.265625,0.56315789473684208,False,row1_col0,256,190,0,33
2753,526799,5d258a6d34f1b116ab308ce4,2753,15,14,124,116,640.875,470.11702127659578,0.484375,0.43617021276595747,False,row1_col1,256,188,0,34
2754,589243,87a418aeb28937346e884495,2754,27,13,220,108,1131.046875,460.6649746192893,0.859375,0.40101522842639592,False,row1_col2,256,197,0,29
2755,100774,76884f70ebe18c8dbf09d6a5,2755,6,13,52,108,308.28125,452.80000000000001,0.203125,0.40000000000000002,False,row1_col0,256,195,0,30
2756,35402,2943c088e8878c50a249592d,2756,10,18,84,148,495.875,619.41489361702133,0.328125,0.6063829787234043,False,row1_col0,256,188,0,34
2757,720377,92aabc20a6f4499561293f2f,2757,25,15,204,124,1007.15625,505.94054054054055,0.796875,0.48108108108108111,False,row1_col2,256,185,0,35
2758,113179,df25d625c991e5e7eb0f6dc4,2758,27,16,220,132,1064.625,550.91304347826087,0.859375,0.52173913043478259,False,row1_col2,256,184,0,36
2759,672294,d692f72fe45c727cb0757d5a,2759,6,17,52,140,402.234375,572.58974358974365,0.203125,0.5641025641025641,False,row1_col0,256,195,0,30
2760,136756,e30051d3d8fd995844562e4d,2760,20,17,164,140,830.453125,589.4354838709678,0.640625,0.56451612903225812,False,row1_col1,256,186,0,35
2761,247324,cd0de5b2186c92b842b4814a,2761,28,16,228,132,1132.46875,544.85714285714289,0.890625,0.52380952380952384,False,row1_col2,256,189,0,33
2762,637505,b672bab83cdd2e2fd3e3b92b,2762,1,18,12,148,176.890625,612.65445026178008,0.046875,0.60732984293193715,False,row1_col0,256,191,0,32
2763,417224,fa058e2ffd62b94a6405ac61,2763,8,14,68,116,420.375,459.35567010309279,0.265625,0.43814432989690721,False,row1_col0,256,194,0,31
2764,591186,583fd37185c66e5b35d4ad0d,2764,18,10,148,84,750.9375,345.47208121827413,0.578125,0.27918781725888325,False,row0_col1,256,197,0,29
2765,226156,2b4b6352c349b3d52ed92754,2765,12,27,100,220,556.203125,944.0408163265306,0.390625,0.96938775510204078,False,row2_col1,256,196,0,30
2766,85447,c9fce8b47dde33b4fc8fb311,2766,7,14,60,116,355.15625,495.08421052631581,0.234375,0.43684210526315792,False,row1_col0,256,190,0,33
2767,120414,630be0f098a5ec263bec1d35,2767,30,18,244,148,1183.109375,618.19170984455968,0.953125,0.60621761658031093,False,row1_col2,256,193,0,31
2768,553479,71189113f916283b21e2571b,2768,7,16,60,132,405.109375,556.16129032258061,0.234375,0.521505376344086,False,row1_col0,256,186,0,35
2769,617902,e9b79f16d364e3a2fa877ce7,2769,14,13,116,108,617.34375,446.0972972972973,0.453125,0.39459459459459462,False,row1_col1,256,185,0,35
2770,450123,5dcfc0e65ab4ebc09fc86fbe,2770,11,18,92,148,518.546875,601.2032967032967,0.359375,0.60989010989010994,False,row1_col1,256,182,0,37
2771,458292,efab8b57a05312e6e2d6ff9c,2771,20,17,164,140,767.046875,589.09999999999991,0.640625,0.56315789473684208,False,row1_col1,256,190,0,33
2772,546469,e47bf05116ca1e4921049cf3,2772,5,21,44,172,324.609375,732.89054726368158,0.171875,0.72139303482587069,False,row2_col0,256,201,0,27
2773,206124,7c3fa4f3ec7844bba589fc1b,2773,12,9,100,76,548.46875,306.95744680851067,0.390625,0.22340425531914893,False,row0_col1,256,188,0,34
2774,487995,cbe7415bc3817302e0c76f2d,2774,27,17,220,140,1069.15625,591.49740932642487,0.859375,0.56476683937823835,False,row1_col2,256,193,0,31
2775,725563,4e68548ea0608614aa35b760,2775,27,17,220,140,1037.90625,583.04347826086951,0.859375,0.56521739130434778,False,row1_col2,256,184,0,36
2776,596488,068d42fadee7759ebbad25c7,2776,8,16,68,132,434.125,556.74869109947645,0.265625,0.52356020942408377,False,row1_col0,256,191,0,32
2777,60005,4fc95a77b6b1e2f554f692f3,2777,5,19,44,156,296.265625,653.93513513513517,0.171875,0.65405405405405403,False,row1_col0,256,185,0,35
2778,602662,4353ce725c8d749885d3c4b7,2778,6,17,52,140,288.625,586.41052631578941,0.203125,0.56315789473684208,False,row1_col0,256,190,0,33
2779,132957,1aa0d91925dd72251d174919,2779,29,26,236,212,1118.515625,888.75531914893611,0.921875,0.94680851063829785,False,row2_col2,256,188,0,34
2780,636704,eaebcbae772a8146aa9919c7,2780,0,25,4,204,115.296875,873.15957446808511,0.015625,0.9042553191489362,False,row2_col0,256,188,0,34
2781,359053,6dc9bf8ff05d6f7df0e30315,2781,13,20,108,164,568.859375,671.28042328042329,0.421875,0.69312169312169314,False,row2_col1,256,189,0,33
2782,229653,e5ea460098f78f89058a7af5,2782,21,8,172,68,874.09375,280.43478260869563,0.671875,0.17391304347826086,False,row0_col2,256,184,0,36
2783,517556,f4df64b5ff783c747eb82df3,2783,20,13,164,108,855.046875,460.25531914893617,0.640625,0.39361702127659576,False,row1_col1,256,188,0,34
2784,460525,220c8ee1c69449f9af0ae7f1,2784,13,23,108,188,533.90625,809.9375,0.421875,0.8125,False,row2_col1,256,192,0,32
2785,596601,068d42fadee7759ebbad25c7,2785,25,19,204,156,1016.375,659.40837696335075,0.796875,0.64921465968586389,False,row1_col2,256,191,0,32
2786,162125,60611d165a78aab7eb01b780,2786,13,10,108,84,556.59375,363.46031746031747,0.421875,0.26984126984126983,False,row0_col1,256,189,0,33
2787,322149,e366b8893ee234784cfdf96a,2787,5,19,44,156,317.015625,658.5276381909548,0.171875,0.64321608040201006,False,row1_col0,256,199,0,28
2788,585061,c977bea10bf03c99460cec13,2788,5,11,44,92,293.0625,382.70000000000005,0.171875,0.31052631578947371,False,row0_col0,256,190,0,33
2789,371512,dbf24df1fbf05890f62cb775,2789,24,25,196,204,982.375,874.02222222222224,0.765625,0.92222222222222228,False,row2_col2,256,180,0,38
2790,55927,6d76d8f8a00db7e46f92f530,2790,23,19,188,156,921.953125,665.58510638297867,0.734375,0.64893617021276595,False,row1_col2,256,188,0,34
2791,327346,829fa0ee35fbd7c1c841a103,2791,18,21,148,172,728.09375,714.98387096774195,0.578125,0.73655913978494625,False,row2_col1,256,186,0,35
2792,559458,61b5465c722b8b833ec48621,2792,2,11,20,92,231.390625,383.93548387096774,0.078125,0.30645161290322581,False,row0_col0,256,186,0,35
2793,100669,76884f70ebe18c8dbf09d6a5,2793,29,9,236,76,1108.96875,313.8051282051282,0.921875,0.23589743589743589,False,row0_col2,256,195,0,30
2794,74408,c51f2c5c0ba8d30ffdf961eb,2794,8,21,68,172,422.046875,731.5901639344263,0.265625,0.74316939890710387,False,row2_col0,256,183,0,36
2795,464395,7a0f74886ddf2564aac2dcae,2795,11,16,92,132,490.234375,563.77540106951869,0.359375,0.52406417112299464,False,row1_col1,256,187,0,34
2796,215605,c0d503761e44e89054546681,2796,21,17,172,140,879.109375,583.53439153439149,0.671875,0.56613756613756616,False,row1_col2,256,189,0,33
2797,120378,630be0f098a5ec263bec1d35,2797,26,17,212,140,1044.734375,583.58031088082907,0.828125,0.56476683937823835,False,row1_col2,256,193,0,31
2798,339643,e011d89cc836ba1aa1bc02a9,2798,27,21,220,172,1059.484375,725.04347826086951,0.859375,0.73913043478260865,False,row2_col2,256,184,0,36
2799,117256,7c41685bf488a58de2fe104b,2799,8,16,68,132,397.046875,559.30526315789461,0.265625,0.52105263157894732,False,row1_col0,256,190,0,33
2800,484813,0d760570a7d92d299c04d427,2800,13,14,108,116,593.109375,490.02072538860102,0.421875,0.44041450777202074,False,row1_col1,256,193,0,31
2801,206390,7c3fa4f3ec7844bba589fc1b,2801,22,17,180,140,892.84375,582.70212765957444,0.703125,0.56382978723404253,False,row1_col2,256,188,0,34
2802,64814,db58b895d25ece9db831dde2,2802,14,9,116,76,589.234375,318.13043478260869,0.453125,0.21739130434782608,False,row0_col1,256,184,0,36
2803,347305,8406bcde35f072bc956e4b05,2803,9,5,76,44,427.234375,164.34615384615384,0.296875,0.038461538461538464,False,row0_col0,256,182,0,37
2804,576866,eebb80b7602a9bc51384c3b3,2804,2,11,20,92,200.9375,386.6476683937824,0.078125,0.31606217616580312,False,row0_col0,256,193,0,31
2805,75319,21bf7996c01f5174b83a7bf0,2805,23,17,188,140,897.28125,583.78378378378375,0.734375,0.56756756756756754,False,row1_col2,256,185,0,35
2806,30898,ebe3ff0005b73eeff00e86a2,2806,18,5,148,44,763.09375,170.82162162162163,0.578125,0.048648648648648651,False,row0_col1,256,185,0,35
2807,476741,29967e147eb9c7a768964adf,2807,5,18,44,148,295.890625,629.85714285714289,0.171875,0.60846560846560849,False,row1_col0,256,189,0,33
2808,483986,7b57de0d35adaa2f8254baa8,2808,18,20,148,164,831.625,692.84491978609628,0.578125,0.69518716577540107,False,row2_col1,256,187,0,34
2809,517794,f4df64b5ff783c747eb82df3,2809,2,21,20,172,236.859375,734.63829787234044,0.078125,0.73404255319148937,False,row2_col0,256,188,0,34
2810,590391,a17fa7ec81831aabb30abf4e,2810,23,17,188,140,997.609375,594.44680851063822,0.734375,0.56382978723404253,False,row1_col2,256,188,0,34
2811,638483,d51f5564f4e76c5f59463abb,2811,19,16,156,132,805.625,546.89583333333337,0.609375,0.52083333333333337,False,row1_col1,256,192,0,32
2812,38198,cd5f1e1ce722bde05617cea3,2812,22,9,180,76,887.84375,319.89999999999998,0.703125,0.22631578947368422,False,row0_col2,256,190,0,33
2813,703120,16d0765a08e3d244f634276d,2813,16,20,132,164,674.375,714.18716577540113,0.515625,0.69518716577540107,False,row2_col1,256,187,0,34
2814,687343,c06d3ceaf63e1591e4fb4494,2814,15,7,124,60,665.171875,248.23560209424085,0.484375,0.14659685863874344,False,row0_col1,256,191,0,32
2815,738651,46a12f7a348173b31e79d614,2815,27,10,220,84,1073.46875,336.6521739130435,0.859375,0.2608695652173913,False,row0_col2,256,184,0,36
2816,495159,17686a11fc83b9f929d8d85e,2816,23,17,188,140,966.875,594.35483870967744,0.734375,0.56451612903225812,False,row1_col2,256,186,0,35
2817,575325,677cd183b987906faf2e530c,2817,29,26,236,212,1159.515625,907.36216216216212,0.921875,0.95675675675675675,False,row2_col2,256,185,0,35
2818,669257,69e9731cb1bb99f66cbbadef,2818,9,18,76,148,475.640625,617.52631578947376,0.296875,0.60526315789473684,False,row1_col0,256,190,0,33
2819,197296,819331f44b9bfe36ff4bf476,2819,16,21,132,172,713.828125,730.3478260869565,0.515625,0.73913043478260865,False,row2_col1,256,184,0,36
2820,572951,8430cec5bf6a0ee7d4c4b34e,2820,23,16,188,132,959.671875,545.05263157894728,0.734375,0.52105263157894732,False,row1_col2,256,190,0,33
2821,596307,068d42fadee7759ebbad25c7,2821,19,10,156,84,810.875,351.42931937172773,0.609375,0.27225130890052357,False,row0_col1,256,191,0,32
2822,410218,05ca24cc6157d09d27f43cc5,2822,10,19,84,156,465.15625,652,0.328125,0.65217391304347827,False,row1_col0,256,184,0,36
2823,288281,c743bb2801fc5b5e45261132,2823,25,16,204,132,1010.15625,553.72580645161293,0.796875,0.521505376344086,False,row1_col2,256,186,0,35
2824,545335,17ff7079be9b18b062834cfc,2824,23,17,188,140,945.671875,595.627659574468,0.734375,0.56382978723404253,False,row1_col2,256,188,0,34
2825,548624,31f176914f7ef2559f447dab,2825,16,24,132,196,678.125,839.46448087431691,0.515625,0.87431693989071035,False,row2_col1,256,183,0,36
2826,473614,1d12ec902c3113b35c317ef8,2826,14,16,116,132,616.71875,553.05263157894728,0.453125,0.52105263157894732,False,row1_col1,256,190,0,33
2827,688917,932274c0ff4cbf8cb7b96e8d,2827,21,24,172,196,871.765625,835.45901639344265,0.671875,0.87431693989071035,False,row2_col2,256,183,0,36
2828,431670,6137c5eb29c83e0295cb116d,2828,22,17,180,140,884.359375,578.53439153439149,0.703125,0.56613756613756616,False,row1_col2,256,189,0,33
2829,586247,feca696a5660a740402e9811,2829,7,16,60,132,413.171875,560.69189189189183,0.234375,0.5243243243243243,False,row1_col0,256,185,0,35
2830,362769,53f85fa89c59271d3ffb3641,2830,17,8,140,68,742.65625,242.48936170212767,0.546875,0.18085106382978725,False,row0_col1,256,188,0,34
2831,488101,cbe7415bc3817302e0c76f2d,2831,5,21,44,172,317.03125,728.45077720207257,0.171875,0.73056994818652854,False,row2_col0,256,193,0,31
2832,739797,b612bc23f04a82e4e9573610,2832,21,14,172,116,790.125,494.66666666666663,0.671875,0.43915343915343913,False,row1_col2,256,189,0,33
2833,219367,1f2456bc9a154f9512de9b64,2833,7,7,60,60,382.21875,244.06417112299465,0.234375,0.13903743315508021,False,row0_col0,256,187,0,34
2834,735888,b775ec910e16d493500239f2,2834,16,20,132,164,664.828125,706.53926701570674,0.515625,0.69109947643979053,False,row2_col1,256,191,0,32
2835,65994,af9f5bd76806962693118d19,2835,10,14,84,116,479.59375,479.99465240641712,0.328125,0.43850267379679142,False,row1_col0,256,187,0,34
2836,560585,c685b4a491f88fc79b166eaa,2836,9,14,76,116,483.78125,498.24064171122996,0.296875,0.43850267379679142,False,row1_col0,256,187,0,34
2837,180789,e3e937e4c7206cd43037de93,2837,21,17,172,140,844.140625,586.25806451612902,0.671875,0.56451612903225812,False,row1_col2,256,186,0,35
2838,231100,b7567bf06817bd7baf211db1,2838,28,21,228,172,1099.46875,723.57446808510633,0.890625,0.73404255319148937,False,row2_col2,256,188,0,34
2839,386634,76906f430110ea676ee84663,2839,10,18,84,148,480.890625,621.59574468085111,0.328125,0.6063829787234043,False,row1_col0,256,188,0,34
2840,132894,1aa0d91925dd72251d174919,2840,30,24,244,196,1153.109375,819.563829787234,0.953125,0.86170212765957444,False,row2_col2,256,188,0,34
2841,601560,cbbfcf781cf2e6b2a448637f,2841,24,14,196,116,947.71875,477.8125,0.765625,0.4375,False,row1_col2,256,192,0,32
2842,510324,1159f92ec9c55b3c4702769b,2842,20,11,164,92,823.125,394.93548387096774,0.640625,0.30645161290322581,False,row0_col1,256,186,0,35
2843,678411,29885a385c0c3cb416f20ecb,2843,11,16,92,132,542.46875,550.41081081081074,0.359375,0.5243243243243243,False,row1_col1,256,185,0,35
2844,691810,26b9524860e2f239e66cf060,2844,2,19,20,156,200.71875,651.6875,0.078125,0.64583333333333337,False,row1_col0,256,192,0,32
2845,543078,eedf98ccb5a364857973747a,2845,6,11,52,92,390.015625,391.93548387096774,0.203125,0.30645161290322581,False,row0_col0,256,186,0,35
2846,315173,ef59d1cbf4b57d08ba6bcb44,2846,5,25,44,204,332.609375,871.73298429319368,0.171875,0.90052356020942403,False,row2_col0,256,191,0,32
2847,4339,0d71665cc32e00cbf316979e,2847,19,7,156,60,811.625,244.39344262295083,0.609375,0.13114754098360656,False,row0_col1,256,183,0,36
2848,158231,e5c18f32ffcf933947d02a58,2848,23,16,188,132,963.09375,558.62295081967216,0.734375,0.52459016393442626,False,row1_col2,256,183,0,36
2849,301608,e07a60e9493523db2330e39e,2849,8,17,68,140,451.375,586.25806451612902,0.265625,0.56451612903225812,False,row1_col0,256,186,0,35
2850,200365,3d9a63ef1fa66bf91e525440,2850,13,21,108,172,598.859375,745.75401069518716,0.421875,0.73796791443850263,False,row2_col1,256,187,0,34
2851,622025,7eb05126c9c43d9121df3acb,2851,9,14,76,116,423.640625,503.60638297872345,0.296875,0.43617021276595747,False,row1_col0,256,188,0,34
2852,639598,2f3e9ad50350b43cdcf05159,2852,14,19,116,156,577.609375,657,0.453125,0.65079365079365081,False,row1_col1,256,189,0,33
2853,298485,e2d24e5a47106bd7023a7d65,2853,21,15,172,124,858.140625,523.77777777777783,0.671875,0.48148148148148145,False,row1_col2,256,189,0,33
2854,528732,7ed463394b5acb61e1574507,2854,28,10,228,84,1062.015625,353.625,0.890625,0.27083333333333331,False,row0_col2,256,192,0,32
2855,595643,87721955af6f57a012d16d47,2855,27,21,220,172,1027.734375,713.71428571428578,0.859375,0.73544973544973546,False,row2_col2,256,189,0,33
2856,55805,6d76d8f8a00db7e46f92f530,2856,29,15,236,124,1129.515625,527.20212765957444,0.921875,0.47872340425531917,False,row1_col2,256,188,0,34
2857,585176,c977bea10bf03c99460cec13,2857,24,14,196,116,946.1875,485.90000000000003,0.765625,0.43684210526315792,False,row1_col2,256,190,0,33
2858,20849,27a3e701575d464723171cfc,2858,17,11,140,92,701.65625,387.67914438502675,0.546875,0.31016042780748665,False,row0_col1,256,187,0,34
2859,444969,68156206f643fb334d0eae7f,2859,9,17,76,140,412.71875,572.89189189189187,0.296875,0.56756756756756754,False,row1_col0,256,185,0,35
2860,491738,af227d5d2da548642af3d8e8,2860,26,6,212,52,972.390625,211.49214659685862,0.828125,0.10471204188481675,False,row0_col2,256,191,0,32
2861,15877,9ce76d5db5c11961db1ca677,2861,5,16,44,132,308.125,552.38947368421054,0.171875,0.52105263157894732,False,row1_col0,256,190,0,33
2862,441847,15b75700160ecc173a4d52a1,2862,23,15,188,124,910.953125,512.83957219251329,0.734375,0.48128342245989303,False,row1_col2,256,187,0,34
2863,120349,630be0f098a5ec263bec1d35,2863,29,16,236,132,1148.515625,548.96891191709847,0.921875,0.52331606217616577,False,row1_col2,256,193,0,31
2864,517489,f4df64b5ff783c747eb82df3,2864,17,11,140,92,752.015625,391.65957446808511,0.546875,0.30851063829787234,False,row0_col1,256,188,0,34
2865,274705,b15ae60e68dff16aade2e419,2865,17,8,140,68,734.484375,283,0.546875,0.17741935483870969,False,row0_col1,256,186,0,35
2866,103268,813b908ddf7d0066a8a11ef6,2866,4,27,36,220,267.53125,927.66298342541438,0.140625,1.011049723756906,True,padding_center,256,181,0,37
2867,574875,677cd183b987906faf2e530c,2867,27,12,220,100,1090.328125,422.43243243243245,0.859375,0.35135135135135137,False,row1_col2,256,185,0,35
2868,162327,60611d165a78aab7eb01b780,2868,23,16,188,132,902.21875,570.95238095238096,0.734375,0.52380952380952384,False,row1_col2,256,189,0,33
2869,674642,187703c2aaaaa1fd86865fe2,2869,18,26,148,212,786.984375,892.42931937172773,0.578125,0.94240837696335078,False,row2_col1,256,191,0,32
2870,115322,89b989a81f1da592d59cc87b,2870,26,19,212,156,1051.875,666.39130434782612,0.828125,0.65217391304347827,False,row1_col2,256,184,0,36
2871,532981,830ee1acd4627b4aa99fcc61,2871,21,15,172,124,857.375,525.50259067357513,0.671875,0.48186528497409326,False,row1_col2,256,193,0,31
2872,646694,78320b73d7e5345b4fe8afe9,2872,6,17,52,140,307.265625,599.53439153439149,0.203125,0.56613756613756616,False,row1_col0,256,189,0,33
2873,154201,ce80ae72436d84596ffaa522,2873,25,18,204,148,987.53125,630.25945945945944,0.796875,0.61081081081081079,False,row1_col2,256,185,0,35
2874,731868,8e91dc5ebf61a30260770c9c,2874,28,22,228,180,1072.46875,752.04255319148933,0.890625,0.77659574468085102,False,row2_col2,256,188,0,34
2875,576871,eebb80b7602a9bc51384c3b3,2875,7,11,60,92,372.8125,386.6476683937824,0.234375,0.31606217616580312,False,row0_col0,256,193,0,31
2876,208474,b5272bd6ecfc66e59e34ad6f,2876,26,18,212,148,1077.21875,613.52173913043475,0.828125,0.60869565217391308,False,row1_col2,256,184,0,36
2877,380488,d78a35ec684695d072d6b211,2877,8,18,68,148,394.78125,612.35828877005349,0.265625,0.60962566844919786,False,row1_col0,256,187,0,34
2878,41529,17ee0869be7e617b235e6587,2878,25,17,204,140,1010.140625,583.53439153439149,0.796875,0.56613756613756616,False,row1_col2,256,189,0,33
2879,321099,c334dd8d45005b5a85e577b3,2879,11,18,92,148,501.703125,612.469696969697,0.359375,0.60101010101010099,False,row1_col1,256,198,0,29
2880,371193,dbf24df1fbf05890f62cb775,2880,25,15,204,124,1017.125,525.57777777777778,0.796875,0.4777777777777778,False,row1_col2,256,180,0,38
2881,179931,88a7da897ac6bcbf16c8e69d,2881,27,22,220,180,1067.625,761.91623036649219,0.859375,0.77486910994764402,False,row2_col2,256,191,0,32
2882,598455,d38497f6cb09922f8f3dcf04,2882,23,13,188,108,997.609375,454.08900523560209,0.734375,0.39790575916230364,False,row1_col2,256,191,0,32
2883,608822,28b53dd19c8f65de13e95cab,2883,22,17,180,140,891.625,598.04278074866306,0.703125,0.5668449197860963,False,row1_col2,256,187,0,34
2884,467363,55697275b8b27562c9eb1a4c,2884,3,13,28,108,224.3125,454.35416666666663,0.109375,0.39583333333333331,False,row1_col0,256,192,0,32
2885,506608,53e9a502e46a7b9e168d9115,2885,16,23,132,188,659.125,805.41489361702133,0.515625,0.81914893617021278,False,row2_col1,256,188,0,34
2886,315911,989a37c8050457fbad77b5fc,2886,7,16,60,132,355.15625,560.98378378378379,0.234375,0.5243243243243243,False,row1_col0,256,185,0,35
2887,671883,d692f72fe45c727cb0757d5a,2887,11,4,92,36,573.953125,126.72307692307692,0.359375,0.030769230769230771,False,row0_col1,256,195,0,30
2888,196072,8ea3847f318908af74ca363c,2888,8,15,68,124,419.046875,519.86387434554968,0.265625,0.48167539267015708,False,row1_col0,256,191,0,32
2889,535026,e6a42e7bbe1942d90ee3b93f,2889,18,15,148,124,734.359375,531.372340425532,0.578125,0.47872340425531917,False,row1_col1,256,188,0,34
2890,569878,5676e48fb1caa42ecdd07480,2890,22,16,180,132,847.765625,558.53768844221111,0.703125,0.52261306532663321,False,row1_col2,256,199,0,28
2891,243269,12ba5a50e7241c96aa552c05,2891,5,18,44,148,324.609375,603.25945945945944,0.171875,0.61081081081081079,False,row1_col0,256,185,0,35
2892,491065,f93c3ed6d29f639d27608bfa,2892,25,17,204,140,971.765625,596.11224489795916,0.796875,0.56122448979591832,False,row1_col2,256,196,0,30
2893,130714,7d21f597b4b4043eb6e57f0e,2893,26,20,212,164,1033.21875,694.10160427807489,0.828125,0.69518716577540107,False,row2_col2,256,187,0,34
2894,466457,f811b6561edd9f797ff5e802,2894,25,16,204,132,993.765625,552.14893617021278,0.796875,0.52127659574468088,False,row1_col2,256,188,0,34
2895,277811,825a1b23f7b0d75436750d93,2895,19,9,156,76,826.96875,301.28272251308897,0.609375,0.23036649214659685,False,row0_col1,256,191,0,32
2896,194032,aefb29f0a27380abd8a7072a,2896,16,15,132,124,697.21875,523.93717277486917,0.515625,0.48167539267015708,False,row1_col1,256,191,0,32
2897,322244,e366b8893ee234784cfdf96a,2897,4,22,36,180,281.921875,763.8140703517588,0.140625,0.76381909547738691,False,row2_col0,256,199,0,28
2898,684582,5f992fdd05552118b4d67202,2898,6,17,52,140,350.46875,581.91304347826076,0.203125,0.56521739130434778,False,row1_col0,256,184,0,36
2899,284217,b8c1aa202c435cfafd7ff1ed,2899,25,17,204,140,1017.734375,587,0.796875,0.56451612903225812,False,row1_col2,256,186,0,35
2900,425296,0acf69b3484e7f24b68c1255,2900,16,10,132,84,705.921875,335.41666666666663,0.515625,0.27083333333333331,False,row0_col1,256,192,0,32
2901,324230,e926571edbf8ab4ef6827bb2,2901,6,20,52,164,332.90625,697.68393782383419,0.203125,0.68911917098445596,False,row2_col0,256,193,0,31
2902,31206,ebe3ff0005b73eeff00e86a2,2902,6,15,52,124,349.84375,515.90270270270275,0.203125,0.48108108108108111,False,row1_col0,256,185,0,35
2903,565660,cdff67add7326ebbbabf8a48,2903,28,12,228,100,1094.6875,422.38461538461536,0.890625,0.34615384615384615,False,row1_col2,256,182,0,37
2904,328103,b68be114738359817943c9b2,2904,7,13,60,108,365.453125,442.20634920634922,0.234375,0.3968253968253968,False,row1_col0,256,189,0,33
2905,368183,0f6e303814c6beca4197c87d,2905,23,17,188,140,904.421875,583.04347826086951,0.734375,0.56521739130434778,False,row1_col2,256,184,0,36
2906,485878,8ce9e51dbad44f0e4107d965,2906,22,15,180,124,856.328125,525.52879581151831,0.703125,0.48167539267015708,False,row1_col2,256,191,0,32
2907,50760,ec3ea75e7104e017e03f4921,2907,8,18,68,148,427.453125,637.5,0.265625,0.60526315789473684,False,row1_col0,256,190,0,33
2908,422456,adea380903a21f32cbcdb240,2908,24,17,196,140,960.375,561.125,0.765625,0.5625,False,row1_col2,256,192,0,32
2909,725607,4e68548ea0608614aa35b760,2909,7,19,60,156,344.15625,652.43478260869563,0.234375,0.65217391304347827,False,row1_col0,256,184,0,36
2910,100791,76884f70ebe18c8dbf09d6a5,2910,23,13,188,108,900.09375,452.80000000000001,0.734375,0.40000000000000002,False,row1_col2,256,195,0,30
2911,142707,1e5e68e0329b0ca73274b4b5,2911,19,11,156,92,800.53125,378.32105263157894,0.609375,0.31052631578947371,False,row0_col1,256,190,0,33
2912,573897,2608d95da3b3a020babab4a4,2912,9,14,76,116,478.484375,483.64516129032256,0.296875,0.43548387096774194,False,row1_col0,256,186,0,35
2913,299583,aca91e96d9d3f5996c509b6c,2913,31,17,252,140,1227.78125,575.31016042780755,0.984375,0.5668449197860963,False,row1_col2,256,187,0,34
2914,325143,f5cda31a858d786125df8e22,2914,23,16,188,132,953.96875,560.24870466321249,0.734375,0.52331606217616577,False,row1_col2,256,193,0,31
2915,345688,d966074aac618fed4e291ae3,2915,24,18,196,148,929.421875,622.88717948717954,0.765625,0.60512820512820509,False,row1_col2,256,195,0,30
2916,492889,bc5170b2dbd4e825a4bfa3ef,2916,25,10,204,84,969.765625,348.70833333333331,0.796875,0.27083333333333331,False,row0_col2,256,192,0,32
2917,102753,813b908ddf7d0066a8a11ef6,2917,1,11,12,92,163.84375,373.23204419889504,0.046875,0.30386740331491713,False,row0_col0,256,181,0,37
2918,577019,eebb80b7602a9bc51384c3b3,2918,27,15,220,124,1060.3125,524.43005181347144,0.859375,0.48186528497409326,False,row1_col2,256,193,0,31
2919,133622,2f583ef3203d5ac90b59a547,2919,22,15,180,124,925.84375,517.43315508021396,0.703125,0.48128342245989303,False,row1_col2,256,187,0,34
2920,693815,cefaf5a44ecfd5ed51bd547c,2920,23,17,188,140,943.21875,577.39361702127655,0.734375,0.56382978723404253,False,row1_col2,256,188,0,34
2921,727606,922064a26912754f70ed0696,2921,22,17,180,140,876.359375,586.91304347826076,0.703125,0.56521739130434778,False,row1_col2,256,184,0,36
2922,137487,d2039782b7096a17e967307e,2922,15,8,124,68,631.625,269.62827225130889,0.484375,0.18848167539267016,False,row0_col1,256,191,0,32
2923,577033,eebb80b7602a9bc51384c3b3,2923,9,16,76,132,441.5625,558.87564766839375,0.296875,0.52331606217616577,False,row1_col0,256,193,0,31
2924,202116,8d754e60af04c510870195a0,2924,4,12,36,100,269.671875,405.66666666666669,0.140625,0.34946236559139787,False,row1_col0,256,186,0,35
2925,594358,d8e33de8429b55ebb8877642,2925,22,13,180,108,846.734375,449.25531914893617,0.703125,0.39361702127659576,False,row1_col2,256,188,0,34
2926,65144,db58b895d25ece9db831dde2,2926,24,19,196,156,937.671875,666.39130434782612,0.765625,0.65217391304347827,False,row1_col2,256,184,0,36
2927,282947,f882a0ca74adfbbded05504a,2927,3,10,28,84,235.953125,347.38709677419354,0.109375,0.26344086021505375,False,row0_col0,256,186,0,35
2928,559606,61b5465c722b8b833ec48621,2928,22,15,180,124,914.515625,520.88172043010752,0.703125,0.478494623655914,False,row1_col2,256,186,0,35
2929,570820,0b5210b7f75c32ce0315b40b,2929,4,14,36,116,291.546875,480.25641025641022,0.140625,0.44102564102564101,False,row1_col0,256,195,0,30
2930,159239,ee66320bf7eb01a991a1e561,2930,7,16,60,132,405.625,551.41935483870964,0.234375,0.521505376344086,False,row1_col0,256,186,0,35
2931,409284,f1b1a21a9d97d3eb8ef2a36a,2931,4,22,36,180,290.65625,756.91623036649219,0.140625,0.77486910994764402,False,row2_col0,256,191,0,32
2932,578967,fd91ca2d579cd9fb68161c3b,2932,23,12,188,100,960.203125,427.63157894736838,0.734375,0.35263157894736841,False,row1_col2,256,190,0,33
2933,532829,830ee1acd4627b4aa99fcc61,2933,29,10,236,84,1131.375,354.10362694300517,0.921875,0.27461139896373055,False,row0_col2,256,193,0,31
2934,565750,cdff67add7326ebbbabf8a48,2934,22,15,180,124,888.4375,525.76923076923072,0.703125,0.47802197802197804,False,row1_col2,256,182,0,37
2935,75981,7362ade95f32642a9f44c44a,2935,13,6,108,52,611.34375,210.286432160804,0.421875,0.12060301507537688,False,row0_col1,256,199,0,28
2936,409818,05ca24cc6157d09d27f43cc5,2936,26,6,212,52,1026.15625,197,0.828125,0.086956521739130432,False,row0_col2,256,184,0,36
2937,23013,aa559f98e5ee1a0c7cc457cf,2937,5,15,44,124,326.40625,516.9405405405405,0.171875,0.48108108108108111,False,row1_col0,256,185,0,35
2938,160049,b7efa09397f24e9b80cb6758,2938,17,9,140,76,701.125,310.54123711340208,0.546875,0.23195876288659795,False,row0_col1,256,194,0,31
2939,575877,79609d9f8ec519016767e49f,2939,5,12,44,100,342.375,415.04210526315791,0.171875,0.35263157894736841,False,row1_col0,256,190,0,33
2940,676390,36bbd488b40fa9d32e6c7611,2940,6,17,52,140,358.65625,596.87700534759369,0.203125,0.5668449197860963,False,row1_col0,256,187,0,34
2941,691841,26b9524860e2f239e66cf060,2941,1,20,12,164,166.03125,686.3125,0.046875,0.6875,False,row2_col0,256,192,0,32
2942,479660,516089d2e2e2c9755fbd5142,2942,12,13,100,108,547.296875,457.25531914893617,0.390625,0.39361702127659576,False,row1_col1,256,188,0,34
2943,526857,5d258a6d34f1b116ab308ce4,2943,9,16,76,132,435.375,538.62765957446811,0.296875,0.52127659574468088,False,row1_col0,256,188,0,34
2944,553686,71189113f916283b21e2571b,2944,22,22,180,180,919.328125,762.09677419354841,0.703125,0.77956989247311825,False,row2_col2,256,186,0,35
2945,516696,8bb55828650e42ce1359edc9,2945,24,18,196,148,976.890625,621.31016042780743,0.765625,0.60962566844919786,False,row1_col2,256,187,0,34
2946,321975,e366b8893ee234784cfdf96a,2946,23,13,188,108,948.703125,447.95477386934675,0.734375,0.4020100502512563,False,row1_col2,256,199,0,28
2947,610063,4b2934de204003644e1cf7cc,2947,15,24,124,196,690.359375,831.01075268817203,0.484375,0.86559139784946237,False,row2_col1,256,186,0,35
2948,527587,cb1ccdc8b44488333fc76f45,2948,3,7,28,60,226.984375,248.7696335078534,0.109375,0.14659685863874344,False,row0_col0,256,191,0,32
2949,170452,b540e2337d1ee579831d1275,2949,20,14,164,116,823.171875,471.70680628272254,0.640625,0.43979057591623039,False,row1_col1,256,191,0,32
2950,105079,5016a1680615b7fc52e8b7da,2950,23,19,188,156,926.421875,653.68279569892468,0.734375,0.65053763440860213,False,row1_col2,256,186,0,35
2951,534022,8213a75d6bb493befa13560d,2951,6,16,52,132,354.625,559.125,0.203125,0.52083333333333337,False,row1_col0,256,192,0,32
2952,678113,29885a385c0c3cb416f20ecb,2952,1,7,12,60,196.84375,239.83783783783784,0.046875,0.13513513513513514,False,row0_col0,256,185,0,35
2953,638617,d51f5564f4e76c5f59463abb,2953,25,20,204,164,1014.125,686.0625,0.796875,0.6875,False,row2_col2,256,192,0,32
2954,167319,43ee58770e40e876f08e8074,2954,23,12,188,100,930.28125,400.11764705882354,0.734375,0.35294117647058826,False,row1_col2,256,187,0,34
2955,588231,47ecb67f20914fe9324d2108,2955,7,14,60,116,377.625,483.66666666666663,0.234375,0.43915343915343913,False,row1_col0,256,189,0,33
2956,314921,ef59d1cbf4b57d08ba6bcb44,2956,9,17,76,140,471.234375,594.62303664921467,0.296875,0.56544502617801051,False,row1_col0,256,191,0,32
2957,552377,e1bd21e34648fdeb39895cd0,2957,25,13,204,108,953.375,452.4086021505376,0.796875,0.39247311827956988,False,row1_col2,256,186,0,35
2958,534039,8213a75d6bb493befa13560d,2958,23,16,188,132,936.875,559.125,0.734375,0.52083333333333337,False,row1_col2,256,192,0,32
2959,191125,9e3ff6a52f10ae8e139d3c38,2959,21,20,172,164,848.78125,695.3125,0.671875,0.6875,False,row2_col2,256,192,0,32
2960,569521,5676e48fb1caa42ecdd07480,2960,17,5,140,44,674.484375,176.4673366834171,0.546875,0.080402010050251257,False,row0_col1,256,199,0,28
2961,592326,fe666fef2b8871f5528589d3,2961,6,14,52,116,406.21875,504.78238341968915,0.203125,0.44041450777202074,False,row1_col0,256,193,0,31
2962,192133,13d984a7b264eb7393bb4bbb,2962,5,20,44,164,293.78125,692.10160427807489,0.171875,0.69518716577540107,False,row2_col0,256,187,0,34
2963,433687,31e8cac167e6b2b2b11352b3,2963,23,16,188,132,924.28125,547.36649214659678,0.734375,0.52356020942408377,False,row1_col2,256,191,0,32
2964,527030,5d258a6d34f1b116ab308ce4,2964,22,21,180,172,880.625,709.90425531914889,0.703125,0.73404255319148937,False,row2_col2,256,188,0,34
2965,320861,c334dd8d45005b5a85e577b3,2965,29,10,236,84,1128.890625,334.16666666666669,0.921875,0.27777777777777779,False,row0_col2,256,198,0,29
2966,144918,f7f29bc516d8bf1032c86519,2966,22,16,180,132,888.765625,559.96891191709847,0.703125,0.52331606217616577,False,row1_col2,256,193,0,31
2967,251544,2fb5196803f6c730af314161,2967,24,20,196,164,980.71875,700.30000000000007,0.765625,0.68947368421052635,False,row2_col2,256,190,0,33
2968,517621,f4df64b5ff783c747eb82df3,2968,21,15,172,124,889.390625,528.85106382978734,0.671875,0.47872340425531917,False,row1_col2,256,188,0,34
2969,384635,ba40733dea98fd31eaa0e5fe,2969,27,19,220,156,1073.046875,645.89729729729731,0.859375,0.65405405405405403,False,row1_col2,256,185,0,35
2970,43546,d140f47bc847b703c1b20aec,2970,26,16,212,132,1074.390625,542.49197860962568,0.828125,0.52406417112299464,False,row1_col2,256,187,0,34
2971,404037,83857231f379f6809fc9639f,2971,5,18,44,148,337.78125,623.2032967032967,0.171875,0.60989010989010994,False,row1_col0,256,182,0,37
2972,153953,ce80ae72436d84596ffaa522,2972,1,11,12,92,155.03125,387.79459459459463,0.046875,0.30810810810810813,False,row0_col0,256,185,0,35
2973,146796,6d36a77190afe991bdd3beaf,2973,12,11,100,92,542.203125,368,0.390625,0.30645161290322581,False,row0_col1,256,186,0,35
2974,593448,2eebabfc2544e47701bed697,2974,8,17,68,140,395.390625,596.96858638743458,0.265625,0.56544502617801051,False,row1_col0,256,191,0,32
2975,404068,83857231f379f6809fc9639f,2975,4,19,36,156,303.09375,657.88461538461536,0.140625,0.65384615384615385,False,row1_col0,256,182,0,37
2976,433820,31e8cac167e6b2b2b11352b3,2976,28,20,228,164,1096.46875,685.08376963350781,0.890625,0.69109947643979053,False,row2_col2,256,191,0,32
2977,137815,d2039782b7096a17e967307e,2977,23,18,188,148,909.625,617.69109947643983,0.734375,0.60732984293193715,False,row1_col2,256,191,0,32
2978,387421,22ab2c684f502bb67ac25bda,2978,29,10,236,84,1118.5,337.39690721649481,0.921875,0.27319587628865977,False,row0_col2,256,194,0,31
2979,677132,4d5d55e234be8f30903864ed,2979,12,8,100,68,548.46875,277.48936170212767,0.390625,0.18085106382978725,False,row0_col1,256,188,0,34
2980,376393,77552d606fc63001f442e848,2980,9,18,76,148,444.125,608.55263157894728,0.296875,0.60526315789473684,False,row1_col0,256,190,0,33
2981,113144,df25d625c991e5e7eb0f6dc4,2981,24,15,196,124,960.375,516.08695652173913,0.765625,0.47826086956521741,False,row1_col2,256,184,0,36
2982,513555,43a8d937bdc326d6174ea535,2982,19,16,156,132,816.484375,560.14893617021278,0.609375,0.52127659574468088,False,row1_col1,256,188,0,34
2983,517573,f4df64b5ff783c747eb82df3,2983,5,14,44,116,339.890625,494.55319148936172,0.171875,0.43617021276595747,False,row1_col0,256,188,0,34
2984,38552,cd5f1e1ce722bde05617cea3,2984,24,20,196,164,956.71875,698.30000000000007,0.765625,0.68947368421052635,False,row2_col2,256,190,0,33
2985,523798,df913345c4c2be5eeed41459,2985,22,16,180,132,910.765625,562.4922279792745,0.703125,0.52331606217616577,False,row1_col2,256,193,0,31
2986,226822,97a12b10cd4059a0d96d7b1c,2986,6,16,52,132,358.65625,544.98378378378379,0.203125,0.5243243243243243,False,row1_col0,256,185,0,35
2987,309077,7490ef8c3e3d243f5abc226b,2987,21,26,172,212,890.109375,886.41052631578953,0.671875,0.94210526315789478,False,row2_col2,256,190,0,33
2988,25160,173abf95d04f926226332be8,2988,8,18,68,148,386.171875,620.15873015873012,0.265625,0.60846560846560849,False,row1_col0,256,189,0,33
2989,220362,32f11b88ebf1c0d458dad8d3,2989,10,6,84,52,476.875,190.08333333333334,0.328125,0.10416666666666667,False,row0_col0,256,192,0,32
2990,569859,5676e48fb1caa42ecdd07480,2990,3,16,28,132,189.296875,558.53768844221111,0.109375,0.52261306532663321,False,row1_col0,256,199,0,28
2991,545267,17ff7079be9b18b062834cfc,2991,19,15,156,124,809.046875,527.45744680851067,0.609375,0.47872340425531917,False,row1_col1,256,188,0,34
2992,58925,7381cb78aaec6db422f04d3f,2992,13,17,108,140,589.640625,581.09999999999991,0.421875,0.56315789473684208,False,row1_col1,256,190,0,33
2993,315741,989a37c8050457fbad77b5fc,2993,29,10,236,84,1118.28125,353.15675675675675,0.921875,0.26486486486486488,False,row0_col2,256,185,0,35
2994,486856,9ac9ebb9578650063235ec30,2994,8,14,68,116,385.921875,492.50785340314138,0.265625,0.43979057591623039,False,row1_col0,256,191,0,32
2995,66025,af9f5bd76806962693118d19,2995,9,15,76,124,445.15625,514.43315508021396,0.296875,0.48128342245989303,False,row1_col0,256,187,0,34
2996,460297,220c8ee1c69449f9af0ae7f1,2996,9,16,76,132,396.15625,568.72916666666674,0.296875,0.52083333333333337,False,row1_col0,256,192,0,32
2997,215300,c0d503761e44e89054546681,2997,4,8,36,68,289.953125,272.2962962962963,0.140625,0.18518518518518517,False,row0_col0,256,189,0,33
2998,572981,8430cec5bf6a0ee7d4c4b34e,2998,21,17,172,140,891.359375,579.15789473684208,0.671875,0.56315789473684208,False,row1_col2,256,190,0,33
2999,461193,439720347b525b459d2cd2a2,2999,9,12,76,100,487.375,439.10256410256409,0.296875,0.35897435897435898,False,row1_col0,256,195,0,30
3000,69141,25b175f8a0414b88adf3bbf2,3000,21,16,172,132,863.09375,558.49197860962568,0.671875,0.52406417112299464,False,row1_col2,256,187,0,34
3001,76341,7362ade95f32642a9f44c44a,3001,21,17,172,140,891.84375,596.3366834170854,0.671875,0.56281407035175879,False,row1_col2,256,199,0,28
3002,704101,3610a7a8fae8831f175ef8a6,3002,5,19,44,156,299.40625,667.63829787234044,0.171875,0.64893617021276595,False,row1_col0,256,188,0,34
3003,657815,c530cb0c0e739b7c0af0415d,3003,23,12,188,100,891.546875,415.36170212765956,0.734375,0.35106382978723405,False,row1_col2,256,188,0,34
3004,50576,ec3ea75e7104e017e03f4921,3004,16,12,132,100,702.703125,431.09999999999997,0.515625,0.35263157894736841,False,row1_col1,256,190,0,33
3005,569813,5676e48fb1caa42ecdd07480,3005,21,14,172,116,813.109375,489.070351758794,0.671875,0.44221105527638194,False,row1_col2,256,199,0,28
3006,411938,01b9e97e851cf4e057950e28,3006,2,9,20,76,166.09375,284.36125654450262,0.078125,0.23036649214659685,False,row0_col0,256,191,0,32
3007,589319,87a418aeb28937346e884495,3007,7,16,60,132,437.921875,564.46192893401019,0.234375,0.52284263959390864,False,row1_col0,256,197,0,29
3008,590531,a17fa7ec81831aabb30abf4e,3008,3,22,28,180,311.984375,765.93617021276589,0.109375,0.77659574468085102,False,row2_col0,256,188,0,34
3009,23025,aa559f98e5ee1a0c7cc457cf,3009,17,15,140,124,739.65625,516.9405405405405,0.546875,0.48108108108108111,False,row1_col1,256,185,0,35
3010,598549,d38497f6cb09922f8f3dcf04,3010,21,16,172,132,929.046875,556.74869109947645,0.671875,0.52356020942408377,False,row1_col2,256,191,0,32
3011,68275,a5e44a049f152deb435edd40,3011,19,21,156,172,789.625,725.61290322580646,0.609375,0.73655913978494625,False,row2_col1,256,186,0,35
3012,248250,da9443ca80beecb493467926,3012,26,13,212,108,1016.390625,463.4736842105263,0.828125,0.39473684210526316,False,row1_col2,256,190,0,33
3013,209594,c7d7069e6440bce13d75f421,3013,26,21,212,172,1016.390625,727.44502617801049,0.828125,0.73298429319371727,False,row2_col2,256,191,0,32
3014,134847,334d09cec1e33736f5ceeeae,3014,31,21,252,172,1200.71875,733.02590673575128,0.984375,0.73056994818652854,False,row2_col2,256,193,0,31
3015,133591,2f583ef3203d5ac90b59a547,3015,23,14,188,116,960.28125,482.99465240641712,0.734375,0.43850267379679142,False,row1_col2,256,187,0,34
3016,563607,1882c154e2fd7debcc259ddf,3016,23,12,188,100,964.609375,433.10256410256409,0.734375,0.35897435897435898,False,row1_col2,256,195,0,30
3017,105778,0f0e951d310459324ed1146f,3017,18,9,148,76,760.515625,308.89999999999998,0.578125,0.22631578947368422,False,row0_col1,256,190,0,33
3018,593352,2eebabfc2544e47701bed697,3018,8,14,68,116,395.390625,494.30890052356023,0.265625,0.43979057591623039,False,row1_col0,256,191,0,32
3019,599559,7e43c32828df193edc42ddff,3019,7,16,60,132,408.578125,560.14893617021278,0.234375,0.52127659574468088,False,row1_col0,256,188,0,34
3020,351723,4f1c77f5d121ab64501fbab2,3020,11,15,92,124,525.828125,515.18817204301081,0.359375,0.478494623655914,False,row1_col1,256,186,0,35
3021,587223,37faa40414dba1a334ec7ebb,3021,23,14,188,116,939.875,491.64516129032256,0.734375,0.43548387096774194,False,row1_col2,256,186,0,35
3022,526732,5d258a6d34f1b116ab308ce4,3022,12,12,100,100,538.125,401.60638297872339,0.390625,0.35106382978723405,False,row1_col1,256,188,0,34
3023,6695,b6eaf5e811a0be7062ed1bb3,3023,7,17,60,140,341.921875,586.14507772020727,0.234375,0.56476683937823835,False,row1_col0,256,193,0,31
3024,570857,0b5210b7f75c32ce0315b40b,3024,9,15,76,124,463.265625,514.51282051282055,0.296875,0.48205128205128206,False,row1_col0,256,195,0,30
3025,715434,94aacc4991ca8c49186c4c97,3025,10,21,84,172,466.234375,726.17297297297296,0.328125,0.74054054054054053,False,row2_col0,256,185,0,35
3026,614123,588a545ebe33f98614ef2c62,3026,11,23,92,188,511.03125,801.125,0.359375,0.8125,False,row2_col1,256,192,0,32
3027,513464,43a8d937bdc326d6174ea535,3027,24,13,196,108,987.890625,457.25531914893617,0.765625,0.39361702127659576,False,row1_col2,256,188,0,34
3028,546310,e47bf05116ca1e4921049cf3,3028,6,16,52,132,359.265625,559.95522388059703,0.203125,0.52238805970149249,False,row1_col0,256,201,0,27
3029,538971,abac48c206f4f9db98c1c8cf,3029,27,10,220,84,1070.453125,348.02577319587624,0.859375,0.27319587628865977,False,row0_col2,256,194,0,31
3030,58887,7381cb78aaec6db422f04d3f,3030,7,16,60,132,383.578125,546.70000000000005,0.234375,0.52105263157894732,False,row1_col0,256,190,0,33
3031,441941,15b75700160ecc173a4d52a1,3031,21,18,172,148,841.765625,616.79679144385022,0.671875,0.60962566844919786,False,row1_col2,256,187,0,34
3032,249213,329683efc579c51b53f71da8,3032,29,11,236,92,1150.125,381.49473684210528,0.921875,0.31052631578947371,False,row0_col2,256,190,0,33
3033,673938,187703c2aaaaa1fd86865fe2,3033,18,4,148,36,786.984375,131.29842931937173,0.578125,0.020942408376963352,False,row0_col1,256,191,0,32
3034,29220,8beb03d8a5bb47d4e9a2581d,3034,4,17,36,140,256.53125,587.62162162162167,0.140625,0.56756756756756754,False,row1_col0,256,185,0,35
3035,303779,6d1104b9ed5d737c509d9e3c,3035,3,21,28,172,244.421875,723.57446808510633,0.109375,0.73404255319148937,False,row2_col0,256,188,0,34
3036,508195,f5b4ddaa2084fc1c86822eb6,3036,3,9,28,76,267.984375,316.375,0.109375,0.22916666666666666,False,row0_col0,256,192,0,32
3037,149828,f494610fdaf77ce6cbdfb0d3,3037,4,10,36,84,275.953125,342.57754010695191,0.140625,0.26737967914438504,False,row0_col0,256,187,0,34
3038,142929,1e5e68e0329b0ca73274b4b5,3038,17,18,140,148,731.65625,619.71052631578948,0.546875,0.60526315789473684,False,row1_col1,256,190,0,33
3039,83714,587b74bfc019c7be94717f25,3039,2,24,20,196,185.109375,824.12903225806451,0.078125,0.86559139784946237,False,row2_col0,256,186,0,35
3040,456216,f350543d4e926bfe063bea83,3040,24,16,196,132,931.078125,545.95238095238096,0.765625,0.52380952380952384,False,row1_col2,256,189,0,33
3041,99977,27e6733bbab4a1b0477f8b26,3041,9,20,76,164,437.640625,694.66666666666663,0.296875,0.69312169312169314,False,row2_col0,256,189,0,33
3042,95752,bf67a8c3d85ddf53723e2a60,3042,8,16,68,132,399.171875,538.88297872340422,0.265625,0.52127659574468088,False,row1_col0,256,188,0,34
3043,43498,d140f47bc847b703c1b20aec,3043,10,15,84,124,519.890625,507.83957219251334,0.328125,0.48128342245989303,False,row1_col0,256,187,0,34
3044,140776,83ce9a3b86c3675c94925a4e,3044,8,15,68,124,428.578125,520.18817204301081,0.265625,0.478494623655914,False,row1_col0,256,186,0,35
3045,506542,53e9a502e46a7b9e168d9115,3045,14,21,116,172,590.625,736.90425531914889,0.453125,0.73404255319148937,False,row2_col1,256,188,0,34
3046,682618,35218b9430d5988bdbd5cbcd,3046,26,19,212,156,1025.9375,668.89999999999998,0.828125,0.64736842105263159,False,row1_col2,256,190,0,33
3047,390840,69c3ab131f3d9924a0893b68,3047,24,21,196,172,985.84375,711.93010752688178,0.765625,0.73655913978494625,False,row2_col2,256,186,0,35
3048,345577,d966074aac618fed4e291ae3,3048,9,15,76,124,414.265625,519.99487179487187,0.296875,0.48205128205128206,False,row1_col0,256,195,0,30
3049,595510,87721955af6f57a012d16d47,3049,22,17,180,140,856.328125,576.57142857142867,0.703125,0.56613756613756616,False,row1_col2,256,189,0,33
3050,230998,b7567bf06817bd7baf211db1,3050,22,18,180,148,892.84375,620.17021276595756,0.703125,0.6063829787234043,False,row1_col2,256,188,0,34
3051,502385,5749ca6a1c4e4e10cf0ec75d,3051,17,19,140,156,747.921875,664.14285714285711,0.546875,0.65079365079365081,False,row1_col1,256,189,0,33
3052,42398,cbcb40349280f379f97f72d4,3052,30,12,244,100,1187.34375,424.67567567567568,0.953125,0.35135135135135137,False,row1_col2,256,185,0,35
3053,484889,0d760570a7d92d299c04d427,3053,25,16,204,132,1002.984375,558.16580310880829,0.796875,0.52331606217616577,False,row1_col2,256,193,0,31
3054,685591,f1ca105fe73c64e1d617894e,3054,23,16,188,132,927.28125,540.23404255319156,0.734375,0.52127659574468088,False,row1_col2,256,188,0,34
3055,618025,e9b79f16d364e3a2fa877ce7,3055,9,17,76,140,445.15625,583.78378378378375,0.296875,0.56756756756756754,False,row1_col0,256,185,0,35
3056,543143,eedf98ccb5a364857973747a,3056,7,13,60,108,424.171875,460.4086021505376,0.234375,0.39247311827956988,False,row1_col0,256,186,0,35
3057,33059,b2a130710318388be2620233,3057,3,9,28,76,227.53125,308.41081081081086,0.109375,0.22162162162162163,False,row0_col0,256,185,0,35
3058,434789,7140572419651ba542cd1fdf,3058,5,19,44,156,324.609375,644.90052356020942,0.171875,0.64921465968586389,False,row1_col0,256,191,0,32
3059,226791,97a12b10cd4059a0d96d7b1c,3059,7,15,60,124,393.21875,510.34594594594597,0.234375,0.48108108108108111,False,row1_col0,256,185,0,35
3060,602597,4353ce725c8d749885d3c4b7,3060,5,15,44,124,254.375,517.86315789473679,0.171875,0.47894736842105262,False,row1_col0,256,190,0,33
3061,90405,9e5249a3b4a0aeea24774e82,3061,5,9,44,76,297.125,313.47826086956525,0.171875,0.21739130434782608,False,row0_col0,256,184,0,36
3062,182942,baa55f7c3696feb74db32bba,3062,30,20,244,164,1177.15625,688.67894736842106,0.953125,0.68947368421052635,False,row2_col2,256,190,0,33
3063,555512,442850a2087d62c7e9453fcd,3063,24,15,196,124,979.125,517.88172043010752,0.765625,0.478494623655914,False,row1_col2,256,186,0,35
3064,599524,7e43c32828df193edc42ddff,3064,4,15,36,124,305.546875,525.85106382978734,0.140625,0.47872340425531917,False,row1_col0,256,188,0,34
3065,46703,08ad318603104514ade6d68b,3065,15,19,124,156,671.171875,665.6875,0.484375,0.64583333333333337,False,row1_col1,256,192,0,32
3066,78493,fbfdec218cbf0635738d2c12,3066,29,20,236,164,1134.515625,693.09944751381215,0.921875,0.7016574585635359,False,row2_col2,256,181,0,37
3067,276007,605944fd8272a0a3f3c61ab4,3067,7,17,60,140,382.046875,586.31016042780755,0.234375,0.5668449197860963,False,row1_col0,256,187,0,34
3068,591503,583fd37185c66e5b35d4ad0d,3068,15,20,124,164,647.8125,689.4314720812182,0.484375,0.68527918781725883,False,row2_col1,256,197,0,29
3069,294190,2e3c583d219c937858797cbc,3069,14,9,116,76,601.875,300.58333333333331,0.453125,0.22916666666666666,False,row0_col1,256,192,0,32
3070,203336,daca2d861b6d4fd1ea336571,3070,8,18,68,148,411.046875,629.66666666666674,0.265625,0.60752688172043012,False,row1_col0,256,186,0,35
3071,170598,b540e2337d1ee579831d1275,3071,6,19,52,156,338.859375,644.90052356020942,0.203125,0.64921465968586389,False,row1_col0,256,191,0,32
3072,528914,7ed463394b5acb61e1574507,3072,18,16,148,132,719.203125,559.125,0.578125,0.52083333333333337,False,row1_col1,256,192,0,32
3073,178523,dd4ad461de197a243a121525,3073,27,10,220,84,1081.171875,335.79057591623041,0.859375,0.27225130890052357,False,row0_col2,256,191,0,32
3074,481572,0493c50e4f0350b831275383,3074,4,9,36,76,300.953125,312.31999999999999,0.140625,0.23999999999999999,False,row0_col0,256,200,0,28
3075,365004,462b47fa3de976e72a9b5115,3075,12,14,100,116,575.203125,467.18716577540107,0.390625,0.43850267379679142,False,row1_col1,256,187,0,34
3076,205320,ef9e40f88efa54ae539304c5,3076,8,16,68,132,383.78125,558.41081081081074,0.265625,0.5243243243243243,False,row1_col0,256,185,0,35
3077,557481,d81cb231e10288659e7909e8,3077,9,13,76,108,475.78125,459.54404145077717,0.296875,0.39896373056994816,False,row1_col0,256,193,0,31
3078,502199,5749ca6a1c4e4e10cf0ec75d,3078,23,13,188,108,953.609375,458.42857142857139,0.734375,0.3968253968253968,False,row1_col2,256,189,0,33
3079,35370,2943c088e8878c50a249592d,3079,10,17,84,140,495.875,584.64893617021278,0.328125,0.56382978723404253,False,row1_col0,256,188,0,34
3080,277707,825a1b23f7b0d75436750d93,3080,11,6,92,52,550.46875,197.49214659685862,0.359375,0.10471204188481675,False,row0_col1,256,191,0,32
3081,380490,d78a35ec684695d072d6b211,3081,10,18,84,148,463.90625,612.35828877005349,0.328125,0.60962566844919786,False,row1_col0,256,187,0,34
3082,532040,e74d21355c7851af07172a36,3082,8,18,68,148,374.921875,626.20540540540537,0.265625,0.61081081081081079,False,row1_col0,256,185,0,35
3083,693909,cefaf5a44ecfd5ed51bd547c,3083,21,20,172,164,874.09375,681.18085106382978,0.671875,0.69148936170212771,False,row2_col2,256,188,0,34
3084,661670,a273599ec5e8931a631b6e7b,3084,6,5,52,44,367.265625,168.55026455026456,0.203125,0.058201058201058198,False,row0_col0,256,189,0,33
3085,487682,cbe7415bc3817302e0c76f2d,3085,2,8,20,68,214.46875,283.3523316062176,0.078125,0.19170984455958548,False,row0_col0,256,193,0,31
3086,249368,329683efc579c51b53f71da8,3086,24,16,196,132,976.375,555.38947368421054,0.765625,0.52105263157894732,False,row1_col2,256,190,0,33
3087,523829,df913345c4c2be5eeed41459,3087,21,17,172,140,876.109375,597.14507772020727,0.671875,0.56476683937823835,False,row1_col2,256,193,0,31
3088,556856,b412565dd5f18a8e4ce8533b,3088,24,25,196,204,940.421875,862.04639175257739,0.765625,0.89175257731958768,False,row2_col2,256,194,0,31
3089,175704,b1e12102411c176bd5c55672,3089,24,18,196,148,983.078125,625.33333333333337,0.765625,0.60846560846560849,False,row1_col2,256,189,0,33
3090,239984,21eca792f54b686012c5c7ae,3090,16,11,132,92,704.375,370.25,0.515625,0.3125,False,row0_col1,256,192,0,32
3091,112017,72516b14bd4f8c49162a07e5,3091,17,12,140,100,717.65625,411.67567567567568,0.546875,0.35135135135135137,False,row1_col1,256,185,0,35
3092,557726,d81cb231e10288659e7909e8,3092,30,20,244,164,1193.71875,699.21243523316059,0.953125,0.68911917098445596,False,row2_col2,256,193,0,31
3093,518646,8e28fe67259d0c825fe1bd0b,3093,22,15,180,124,846.140625,528.76288659793818,0.703125,0.47938144329896909,False,row1_col2,256,194,0,31
3094,477972,4232070a33fbc4fa24180e8d,3094,20,24,164,196,804.96875,834.44041450777206,0.640625,0.85492227979274615,False,row2_col1,256,193,0,31
3095,345592,d966074aac618fed4e291ae3,3095,24,15,196,124,929.421875,519.99487179487187,0.765625,0.48205128205128206,False,row1_col2,256,195,0,30
3096,565879,cdff67add7326ebbbabf8a48,3096,23,19,188,156,922.8125,663.61538461538464,0.734375,0.65384615384615385,False,row1_col2,256,182,0,37
3097,480580,7361af587e04e93382fe2d91,3097,4,10,36,84,261.96875,345.39175257731961,0.140625,0.27319587628865977,False,row0_col0,256,194,0,31
3098,548182,31f176914f7ef2559f447dab,3098,22,10,180,84,883.625,359.63934426229508,0.703125,0.26229508196721313,False,row0_col2,256,183,0,36
3099,608742,28b53dd19c8f65de13e95cab,3099,6,15,52,124,343.625,529.50802139037432,0.203125,0.48128342245989303,False,row1_col0,256,187,0,34
3100,719428,f92f442ca28c1794b5281ba1,3100,4,18,36,148,279.375,627.55263157894728,0.140625,0.60526315789473684,False,row1_col0,256,190,0,33
3101,146948,6d36a77190afe991bdd3beaf,3101,4,16,36,132,264.953125,541.33333333333326,0.140625,0.521505376344086,False,row1_col0,256,186,0,35
3102,651800,419d4372c4c0bfbddc5d5b65,3102,24,16,196,132,964.71875,551.23404255319156,0.765625,0.52127659574468088,False,row1_col2,256,188,0,34
3103,30274,52572823a115b1268cfb144d,3103,2,18,20,148,184.640625,612.0625,0.078125,0.60416666666666663,False,row1_col0,256,192,0,32
3104,325277,f5cda31a858d786125df8e22,3104,29,20,236,164,1164.34375,700.68393782383419,0.921875,0.68911917098445596,False,row2_col2,256,193,0,31
3105,10756,ca1191675acfe9ec5285967b,3105,4,16,36,132,242.96875,565.70000000000005,0.140625,0.52105263157894732,False,row1_col0,256,190,0,33
3106,140841,83ce9a3b86c3675c94925a4e,3106,9,17,76,140,463.234375,589.4354838709678,0.296875,0.56451612903225812,False,row1_col0,256,186,0,35
3107,223826,b984b329871f0e84f5fd4de2,3107,18,18,148,148,739.609375,618.70270270270271,0.578125,0.61081081081081079,False,row1_col1,256,185,0,35
3108,482164,0493c50e4f0350b831275383,3108,20,27,164,220,855.453125,937.27999999999997,0.640625,0.95999999999999996,False,row2_col1,256,200,0,28
3109,588639,47ecb67f20914fe9324d2108,3109,31,26,252,212,1211.625,899.66666666666663,0.984375,0.94708994708994709,False,row2_col2,256,189,0,33
3110,78376,fbfdec218cbf0635738d2c12,3110,8,17,68,140,408.046875,589.1436464088398,0.265625,0.56906077348066297,False,row1_col0,256,181,0,37
3111,596533,068d42fadee7759ebbad25c7,3111,21,17,172,140,879.375,590.96858638743458,0.671875,0.56544502617801051,False,row1_col2,256,191,0,32
3112,503241,d6dbdc0bd6330963f936dfc9,3112,9,14,76,116,426.640625,483.78461538461539,0.296875,0.44102564102564101,False,row1_col0,256,195,0,30
3113,250197,537b9f873acf48eb2022de16,3113,21,10,172,84,858.40625,332.30000000000001,0.671875,0.26842105263157895,False,row0_col2,256,190,0,33
3114,106042,0f0e951d310459324ed1146f,3114,26,17,212,140,1035.765625,584.09999999999991,0.828125,0.56315789473684208,False,row1_col2,256,190,0,33
3115,701032,e9bb5bb030daf0c555014200,3115,8,19,68,156,411.578125,659.44919786096261,0.265625,0.65240641711229952,False,row1_col0,256,187,0,34
3116,610858,7d13fb8e53e7ca10995faafd,3116,10,17,84,140,472.625,591.35483870967744,0.328125,0.56451612903225812,False,row1_col0,256,186,0,35
3117,665097,227969fa61ff286c2e58e4b7,3117,9,16,76,132,448.15625,550.41081081081074,0.296875,0.5243243243243243,False,row1_col0,256,185,0,35
3118,611115,7d13fb8e53e7ca10995faafd,3118,11,25,92,204,506.875,865.24731182795699,0.359375,0.90860215053763438,False,row2_col1,256,186,0,35
3119,584218,7413f29906bbedeb019fea89,3119,26,16,212,132,1047.625,558.63402061855675,0.828125,0.52061855670103097,False,row1_col2,256,194,0,31
3120,569799,5676e48fb1caa42ecdd07480,3120,7,14,60,116,327.921875,489.070351758794,0.234375,0.44221105527638194,False,row1_col0,256,199,0,28
3121,88597,5477e1d816f3af5d3adf2b48,3121,21,16,172,132,851.78125,570.4922279792745,0.671875,0.52331606217616577,False,row1_col2,256,193,0,31
3122,500154,94b7f239fa8a30f58007d290,3122,26,13,212,108,1001.96875,465.08900523560209,0.828125,0.39790575916230364,False,row1_col2,256,191,0,32
3123,515853,0e2145f7a61e9d7634649dca,3123,13,24,108,196,549.53125,839.64324324324321,0.421875,0.87027027027027026,False,row2_col1,256,185,0,35
3124,68374,a5e44a049f152deb435edd40,3124,22,24,180,196,893.875,830.12903225806451,0.703125,0.86559139784946237,False,row2_col2,256,186,0,35
3125,246039,eec0fc6ef0bb51e01c77b789,3125,23,8,188,68,930.09375,272.7783505154639,0.734375,0.19072164948453607,False,row0_col2,256,194,0,31
3126,118365,b732c57615def8f4ab818c3f,3126,29,18,236,148,1161.125,629.70270270270271,0.921875,0.61081081081081079,False,row1_col2,256,185,0,35
3127,288248,c743bb2801fc5b5e45261132,3127,24,15,196,124,975.71875,519.27419354838707,0.765625,0.478494623655914,False,row1_col2,256,186,0,35
3128,596518,068d42fadee7759ebbad25c7,3128,6,17,52,140,365.625,590.96858638743458,0.203125,0.56544502617801051,False,row1_col0,256,191,0,32
3129,598485,d38497f6cb09922f8f3dcf04,3129,21,14,172,116,929.046875,488.30890052356023,0.671875,0.43979057591623039,False,row1_col2,256,191,0,32
3130,624467,3ecdc9847f50f75edffcb18b,3130,19,26,156,212,784.53125,903.57837837837837,0.609375,0.95675675675675675,False,row2_col1,256,185,0,35
3131,261716,c1ff20ff899dc91318e1d07f,3131,20,18,164,148,849.453125,622.33333333333337,0.640625,0.60846560846560849,False,row1_col1,256,189,0,33
3132,150073,f494610fdaf77ce6cbdfb0d3,3132,25,17,204,140,1003.734375,585.14438502673806,0.796875,0.5668449197860963,False,row1_col2,256,187,0,34
3133,608625,28b53dd19c8f65de13e95cab,3133,17,11,140,92,720.375,392.43850267379685,0.546875,0.31016042780748665,False,row0_col1,256,187,0,34
3134,292487,81f7959be88c5f860c5fc715,3134,7,20,60,164,357.453125,671.28042328042329,0.234375,0.69312169312169314,False,row2_col0,256,189,0,33
3135,481980,0493c50e4f0350b831275383,3135,28,21,228,172,1132.703125,728.95999999999992,0.890625,0.71999999999999997,False,row2_col2,256,200,0,28
3136,697179,9d07c1fef6d1259f6fa6a262,3136,27,26,220,212,1010.46875,901.39130434782612,0.859375,0.95652173913043481,False,row2_col2,256,184,0,36
3137,564711,0ec02acd088fff4c4bbe590f,3137,7,15,60,124,403.578125,532.50802139037432,0.234375,0.48128342245989303,False,row1_col0,256,187,0,34
3138,67080,795479733aefc40b934277a4,3138,8,16,68,132,405.78125,572.79787234042556,0.265625,0.52127659574468088,False,row1_col0,256,188,0,34
3139,146813,6d36a77190afe991bdd3beaf,3139,29,11,236,92,1131.359375,368,0.921875,0.30645161290322581,False,row0_col2,256,186,0,35
3140,127545,f5fa9934c3d9553bf163df86,3140,25,17,204,140,980.140625,583.53439153439149,0.796875,0.56613756613756616,False,row1_col2,256,189,0,33
3141,569635,5676e48fb1caa42ecdd07480,3141,3,9,28,76,189.296875,315.40201005025125,0.109375,0.24120603015075376,False,row0_col0,256,199,0,28
3142,147694,b951568d88267986c2ddff82,3142,14,7,116,60,613.15625,240.82608695652175,0.453125,0.13043478260869565,False,row0_col1,256,184,0,36
3143,701028,e9bb5bb030daf0c555014200,3143,4,19,36,156,272.953125,659.44919786096261,0.140625,0.65240641711229952,False,row1_col0,256,187,0,34
3144,248175,da9443ca80beecb493467926,3144,15,11,124,92,635.171875,394.25263157894739,0.484375,0.31052631578947371,False,row0_col1,256,190,0,33
3145,603531,02b8d585b96bf351d6297716,3145,11,12,92,100,511.15625,409.3056994818653,0.359375,0.35751295336787564,False,row1_col1,256,193,0,31
3146,702128,8add5feca183d695007a94e7,3146,16,21,132,172,682.28125,728.3478260869565,0.515625,0.73913043478260865,False,row2_col1,256,184,0,36
3147,569814,5676e48fb1caa42ecdd07480,3147,22,14,180,116,847.765625,489.070351758794,0.703125,0.44221105527638194,False,row1_col2,256,199,0,28
3148,551335,51a10a40effe2814ad9fdc08,3148,7,13,60,108,329.578125,452.42857142857139,0.234375,0.3968253968253968,False,row1_col0,256,189,0,33
3149,491703,af227d5d2da548642af3d8e8,3149,23,5,188,44,868.421875,176.89528795811518,0.734375,0.062827225130890049,False,row0_col2,256,191,0,32
3150,565638,cdff67add7326ebbbabf8a48,3150,6,12,52,100,338.4375,422.38461538461536,0.203125,0.34615384615384615,False,row1_col0,256,182,0,37
3151,461321,439720347b525b459d2cd2a2,3151,9,16,76,132,487.375,576.29230769230776,0.296875,0.52307692307692311,False,row1_col0,256,195,0,30
3152,222973,327de82fac55468d2d3a7dd7,3152,29,23,236,188,1150.359375,788.6098901098901,0.921875,0.82967032967032972,False,row2_col2,256,182,0,37
3153,461191,439720347b525b459d2cd2a2,3153,7,12,60,100,418.875,439.10256410256409,0.234375,0.35897435897435898,False,row1_col0,256,195,0,30
3154,596599,068d42fadee7759ebbad25c7,3154,23,19,188,156,947.875,659.40837696335075,0.734375,0.64921465968586389,False,row1_col2,256,191,0,32
3155,461459,439720347b525b459d2cd2a2,3155,19,20,156,164,829.875,713.48205128205132,0.609375,0.68717948717948718,False,row2_col1,256,195,0,30
3156,712232,62d6d7251de0b9863368086e,3156,8,17,68,140,419.046875,589.4354838709678,0.265625,0.56451612903225812,False,row1_col0,256,186,0,35
3157,473473,1d12ec902c3113b35c317ef8,3157,1,12,12,100,172.28125,416.63157894736838,0.046875,0.35263157894736841,False,row1_col0,256,190,0,33
3158,235078,4f2e92e1b80cd39c3cba6440,3158,6,18,52,148,314.84375,617.17021276595756,0.203125,0.6063829787234043,False,row1_col0,256,188,0,34
3159,138964,970a0e63436f260f3c624f80,3159,20,22,164,180,841.453125,766.21311475409834,0.640625,0.78688524590163933,False,row2_col1,256,183,0,36
3160,380359,d78a35ec684695d072d6b211,3160,7,14,60,116,360.21875,474.43315508021391,0.234375,0.43850267379679142,False,row1_col0,256,187,0,34
3161,56967,40471d6b4d3d450e63bc3466,3161,7,20,60,164,359.328125,683.75,0.234375,0.6875,False,row2_col0,256,192,0,32
3162,345634,d966074aac618fed4e291ae3,3162,2,17,20,140,173.859375,588.58974358974365,0.078125,0.5641025641025641,False,row1_col0,256,195,0,30
3163,414295,45b11473d4f5f125115c882f,3163,23,18,188,148,907.953125,592.52631578947376,0.734375,0.60526315789473684,False,row1_col2,256,190,0,33
3164,502104,5749ca6a1c4e4e10cf0ec75d,3164,24,10,196,84,987.890625,355.57142857142856,0.765625,0.26984126984126983,False,row0_col2,256,189,0,33
3165,436756,a037fe56d4697f5f86f87b22,3165,20,16,164,132,818.171875,545.95238095238096,0.640625,0.52380952380952384,False,row1_col1,256,189,0,33
3166,570075,5676e48fb1caa42ecdd07480,3166,27,22,220,180,1021.046875,766.9396984924623,0.859375,0.76381909547738691,False,row2_col2,256,199,0,28
3167,608651,28b53dd19c8f65de13e95cab,3167,11,12,92,100,514.875,426.70588235294122,0.359375,0.35294117647058826,False,row1_col1,256,187,0,34
3168,340659,13b0152a68a53d6271f1d621,3168,19,21,156,172,717.578125,713.35789473684213,0.609375,0.73157894736842111,False,row2_col1,256,190,0,33
3169,82340,d04aeafeb9e728e609fa7a9e,3169,4,13,36,108,220.953125,451.47826086956525,0.140625,0.39130434782608697,False,row1_col0,256,184,0,36
3170,312921,71b008a0a7521ff27fd58de8,3170,25,18,204,148,1007.140625,626.11640211640213,0.796875,0.60846560846560849,False,row1_col2,256,189,0,33
3171,491614,af227d5d2da548642af3d8e8,3171,30,2,244,20,1111.015625,73.104712041884824,0.953125,-0.062827225130890049,True,padding_center,256,191,0,32
3172,453888,025ca213a8b93a50670ce0b0,3172,0,8,4,68,151.28125,277.68586387434556,0.015625,0.18848167539267016,False,row0_col0,256,191,0,32
3173,588262,47ecb67f20914fe9324d2108,3173,6,15,52,124,342.875,518.33333333333326,0.203125,0.48148148148148145,False,row1_col0,256,189,0,33
3174,133454,2f583ef3203d5ac90b59a547,3174,14,10,116,84,650.34375,345.24064171122996,0.453125,0.26737967914438504,False,row0_col1,256,187,0,34
3175,612953,9eb7c57cc60b7fe25deb2951,3175,25,18,204,148,965.734375,625.73913043478262,0.796875,0.60869565217391308,False,row1_col2,256,184,0,36
3176,85466,c9fce8b47dde33b4fc8fb311,3176,26,14,212,116,1014.21875,495.08421052631581,0.828125,0.43684210526315792,False,row1_col2,256,190,0,33
3177,481636,0493c50e4f0350b831275383,3177,4,11,36,92,300.953125,381.75999999999999,0.140625,0.32000000000000001,False,row0_col0,256,200,0,28
3178,503191,d6dbdc0bd6330963f936dfc9,3178,23,12,188,100,910.953125,414.61538461538464,0.734375,0.35897435897435898,False,row1_col2,256,195,0,30
3179,611738,7febf4fe97b272661ab00643,3179,26,12,212,100,1030.734375,409.86315789473684,0.828125,0.35263157894736841,False,row1_col2,256,190,0,33
3180,638214,d51f5564f4e76c5f59463abb,3180,6,8,52,68,353.875,268.5625,0.203125,0.1875,False,row0_col0,256,192,0,32
3181,251588,2fb5196803f6c730af314161,3181,4,22,36,180,291.96875,769.10000000000002,0.140625,0.77368421052631575,False,row2_col0,256,190,0,33
3182,720569,92aabc20a6f4499561293f2f,3182,25,21,204,172,1007.15625,712.47027027027025,0.796875,0.74054054054054053,False,row2_col2,256,185,0,35
3183,644629,7d6050d5579cb6deb88d8cf8,3183,21,16,172,132,840.125,564.06417112299459,0.671875,0.52406417112299464,False,row1_col2,256,187,0,34
3184,726634,81558ebcaaea05566ec9d393,3184,10,19,84,156,499.234375,663.69841269841277,0.328125,0.65079365079365081,False,row1_col0,256,189,0,33
3185,1578,a2da421c00740b670bd14bee,3185,10,17,84,140,452.59375,596.87700534759369,0.328125,0.5668449197860963,False,row1_col0,256,187,0,34
3186,487654,cbe7415bc3817302e0c76f2d,3186,6,7,52,60,351.21875,249.11398963730571,0.203125,0.15025906735751296,False,row0_col0,256,193,0,31
3187,204346,87fbd4752229b1af092fadbf,3187,26,17,212,140,1037.875,591.25806451612902,0.828125,0.56451612903225812,False,row1_col2,256,186,0,35
3188,433362,31e8cac167e6b2b2b11352b3,3188,18,6,148,52,752.09375,203.07329842931938,0.578125,0.10471204188481675,False,row0_col1,256,191,0,32
3189,525702,e8abeda485644b2b7acbf9f4,3189,6,12,52,100,305.015625,417.80104712041884,0.203125,0.35602094240837695,False,row1_col0,256,191,0,32
3190,185896,04b10b19c991ff0f07deda16,3190,8,17,68,140,413.78125,596.14438502673806,0.265625,0.5668449197860963,False,row1_col0,256,187,0,34
3191,424521,bcf903efa792910c09f1c106,3191,9,18,76,148,428.125,590.2032967032967,0.296875,0.60989010989010994,False,row1_col0,256,182,0,37
3192,506373,53e9a502e46a7b9e168d9115,3192,5,16,44,132,282.375,565.62765957446811,0.171875,0.52127659574468088,False,row1_col0,256,188,0,34
3193,142772,1e5e68e0329b0ca73274b4b5,3193,20,13,164,108,834.96875,447.28947368421052,0.640625,0.39473684210526316,False,row1_col1,256,190,0,33
3194,76631,7362ade95f32642a9f44c44a,3194,23,26,188,212,961.96875,912.1959798994975,0.734375,0.92462311557788945,False,row2_col2,256,199,0,28
3195,149796,f494610fdaf77ce6cbdfb0d3,3195,4,9,36,76,275.953125,307.92513368983958,0.140625,0.22459893048128343,False,row0_col0,256,187,0,34
3196,531939,e74d21355c7851af07172a36,3196,3,15,28,124,203.203125,522.9405405405405,0.109375,0.48108108108108111,False,row1_col0,256,185,0,35
3197,298599,e2d24e5a47106bd7023a7d65,3197,7,19,60,156,370.328125,662.95238095238096,0.234375,0.65079365079365081,False,row1_col0,256,189,0,33
3198,292496,81f7959be88c5f860c5fc715,3198,16,20,132,164,668.796875,671.28042328042329,0.515625,0.69312169312169314,False,row2_col1,256,189,0,33
3199,645739,05f41bd57337a78242d25d3e,3199,11,19,92,156,511.828125,663.90052356020942,0.359375,0.64921465968586389,False,row1_col1,256,191,0,32
3200,226760,97a12b10cd4059a0d96d7b1c,3200,8,14,68,116,427.78125,475.70810810810815,0.265625,0.43783783783783786,False,row1_col0,256,185,0,35
3201,411074,4edadd04331e7debbee7dbc0,3201,2,14,20,116,180.015625,485.47089947089944,0.078125,0.43915343915343913,False,row1_col0,256,189,0,33
3202,544068,e3ecaf99c788239f18c8a991,3202,4,10,36,84,250.265625,349.9738219895288,0.140625,0.27225130890052357,False,row0_col0,256,191,0,32
3203,241333,a295a8c6aa450d3d4f552f13,3203,21,21,172,172,907.140625,724.53968253968253,0.671875,0.73544973544973546,False,row2_col2,256,189,0,33
3204,478775,246ad0c43ef94471a87d00f3,3204,23,17,188,140,950.875,595.04278074866306,0.734375,0.5668449197860963,False,row1_col2,256,187,0,34
3205,705034,1259266d27a1502f5814f674,3205,10,16,84,132,449.859375,551.38775510204084,0.328125,0.52040816326530615,False,row1_col0,256,196,0,30
3206,580034,a3e72a337b3e2ae08d3ba9ff,3206,2,14,20,116,220.390625,489.92513368983953,0.078125,0.43850267379679142,False,row1_col0,256,187,0,34
3207,739964,b612bc23f04a82e4e9573610,3207,28,19,228,156,1033.375,668,0.890625,0.65079365079365081,False,row1_col2,256,189,0,33
3208,244091,2d869e49280e98d4f624cdc6,3208,27,11,220,92,1045.5,397.30456852791878,0.859375,0.31979695431472083,False,row0_col2,256,197,0,29
3209,638599,d51f5564f4e76c5f59463abb,3209,7,20,60,164,388.625,686.0625,0.234375,0.6875,False,row2_col0,256,192,0,32
3210,535802,7e48cd1658e4af2a0a4efc9b,3210,26,7,212,60,1045.453125,258.36898395721926,0.828125,0.13903743315508021,False,row0_col2,256,187,0,34
3211,151127,6aacc3e88c7b1fee9f8c4019,3211,23,18,188,148,939.625,625.69109947643983,0.734375,0.60732984293193715,False,row1_col2,256,191,0,32
3212,366995,7d4e47ad65dc99387ba61cb2,3212,19,12,156,100,802.578125,407.11538461538458,0.609375,0.34615384615384615,False,row1_col1,256,182,0,37
3213,546516,e47bf05116ca1e4921049cf3,3213,20,22,164,180,844.453125,767.47761194029852,0.640625,0.76119402985074625,False,row2_col1,256,201,0,27
3214,301435,e07a60e9493523db2330e39e,3214,27,11,220,92,1111.625,377.22580645161293,0.859375,0.30645161290322581,False,row0_col2,256,186,0,35
3215,585223,c977bea10bf03c99460cec13,3215,7,16,60,132,361.8125,554.70000000000005,0.234375,0.52105263157894732,False,row1_col0,256,190,0,33
3216,249265,329683efc579c51b53f71da8,3216,17,13,140,108,733.125,451.0526315789474,0.546875,0.39473684210526316,False,row1_col1,256,190,0,33
3217,609018,28b53dd19c8f65de13e95cab,3217,26,23,212,188,1028.625,803.64705882352939,0.828125,0.82352941176470584,False,row2_col2,256,187,0,34
3218,603358,02b8d585b96bf351d6297716,3218,30,6,244,52,1160.71875,203.87564766839378,0.953125,0.10880829015544041,False,row0_col2,256,193,0,31
3219,480611,7361af587e04e93382fe2d91,3219,3,11,28,92,227.53125,379.86597938144331,0.109375,0.31443298969072164,False,row0_col0,256,194,0,31
3220,571773,9183cf46ec95f7416fc2cadd,3220,29,11,236,92,1115.53125,377.5263157894737,0.921875,0.31052631578947371,False,row0_col2,256,190,0,33
3221,30214,52572823a115b1268cfb144d,3221,6,16,52,132,323.265625,542.8125,0.203125,0.52083333333333337,False,row1_col0,256,192,0,32
3222,246328,eec0fc6ef0bb51e01c77b789,3222,24,17,196,140,964.90625,585.64432989690727,0.765625,0.56185567010309279,False,row1_col2,256,194,0,31
3223,100030,27e6733bbab4a1b0477f8b26,3223,30,21,244,172,1164.109375,729.33333333333337,0.953125,0.73544973544973546,False,row2_col2,256,189,0,33
3224,263810,f8d5bac9c8363fd36181c874,3224,2,20,20,164,236.65625,696.26229508196718,0.078125,0.69945355191256831,False,row2_col0,256,183,0,36
3225,488887,49f213bf9b926dc2b4b2d138,3225,23,13,188,108,958.078125,460.25531914893617,0.734375,0.39361702127659576,False,row1_col2,256,188,0,34
3226,569731,5676e48fb1caa42ecdd07480,3226,3,12,28,100,189.296875,419.6030150753769,0.109375,0.36180904522613067,False,row1_col0,256,199,0,28
3227,438761,0aef4825947bf8ad603e523a,3227,9,15,76,124,461.125,505.58064516129036,0.296875,0.478494623655914,False,row1_col0,256,186,0,35
3228,554518,edb01c151c563bb82cc5df9d,3228,22,16,180,132,890.21875,557.62765957446811,0.703125,0.52127659574468088,False,row1_col2,256,188,0,34
3229,120380,630be0f098a5ec263bec1d35,3229,28,17,228,140,1113.921875,583.58031088082907,0.890625,0.56476683937823835,False,row1_col2,256,193,0,31
3230,189959,b7e0bb24f27963017f1a9f09,3230,7,16,60,132,383.625,548.4065934065934,0.234375,0.52197802197802201,False,row1_col0,256,182,0,37
3231,583915,7413f29906bbedeb019fea89,3231,11,7,92,60,533.875,250.22164948453607,0.359375,0.14948453608247422,False,row0_col1,256,194,0,31
3232,468373,ef419c8f615496747f6510c0,3232,21,12,172,100,864.03125,421.64705882352945,0.671875,0.35294117647058826,False,row1_col2,256,187,0,34
3233,569653,5676e48fb1caa42ecdd07480,3233,21,9,172,76,813.109375,315.40201005025125,0.671875,0.24120603015075376,False,row0_col2,256,199,0,28
3234,374045,412b2253f0288e6f5518fc42,3234,29,8,236,68,1133.90625,270.54545454545456,0.921875,0.18181818181818182,False,row0_col2,256,187,0,34
3235,195079,b1a39c8c93fe4d79d6ff8d44,3235,7,16,60,132,362.28125,557.70000000000005,0.234375,0.52105263157894732,False,row1_col0,256,190,0,33
3236,543141,eedf98ccb5a364857973747a,3236,5,13,44,108,355.859375,460.4086021505376,0.171875,0.39247311827956988,False,row1_col0,256,186,0,35
3237,701187,e9bb5bb030daf0c555014200,3237,3,24,28,196,238.296875,832.7112299465241,0.109375,0.86631016042780751,False,row2_col0,256,187,0,34
3238,170537,b540e2337d1ee579831d1275,3238,9,17,76,140,442.640625,575.62303664921467,0.296875,0.56544502617801051,False,row1_col0,256,191,0,32
3239,10757,ca1191675acfe9ec5285967b,3239,5,16,44,132,277.40625,565.70000000000005,0.171875,0.52105263157894732,False,row1_col0,256,190,0,33
3240,398938,966b649722faf3cd9026b729,3240,26,18,212,148,1046.390625,592.33333333333337,0.828125,0.60846560846560849,False,row1_col2,256,189,0,33
3241,204327,87fbd4752229b1af092fadbf,3241,7,17,60,140,377.625,591.25806451612902,0.234375,0.56451612903225812,False,row1_col0,256,186,0,35
3242,362737,53f85fa89c59271d3ffb3641,3242,17,7,140,60,742.65625,208.02127659574467,0.546875,0.13829787234042554,False,row0_col1,256,188,0,34
3243,80389,f228eee20ee0df690a4e51b6,3243,5,16,44,132,307.609375,566.49197860962568,0.171875,0.52406417112299464,False,row1_col0,256,187,0,34
3244,127482,f5fa9934c3d9553bf163df86,3244,26,15,212,124,1014.734375,514.37037037037032,0.828125,0.48148148148148145,False,row1_col2,256,189,0,33
3245,659031,ee0789a261852bef9369707a,3245,23,18,188,148,954.21875,630.25945945945944,0.734375,0.61081081081081079,False,row1_col2,256,185,0,35
3246,44686,ab203b05744a96fec97462f3,3246,14,20,116,164,621.15625,705.74736842105267,0.453125,0.68947368421052635,False,row2_col1,256,190,0,33
3247,41413,17ee0869be7e617b235e6587,3247,5,14,44,116,318.265625,479.78835978835974,0.171875,0.43915343915343913,False,row1_col0,256,189,0,33
3248,119385,7f3d7c6e6a7b6f584a7abbea,3248,25,18,204,148,1010.15625,624.18556701030923,0.796875,0.60309278350515461,False,row1_col2,256,194,0,31
3249,212714,a9be01d87459f30144024b64,3249,10,23,84,188,504.90625,803.968085106383,0.328125,0.81914893617021278,False,row2_col0,256,188,0,34
3250,320260,105a0d805d335f73991581b8,3250,4,24,36,196,302.671875,828.2356020942409,0.140625,0.8586387434554974,False,row2_col0,256,191,0,32
3251,496077,152a6af5fd08ee8687052c5c,3251,13,14,108,116,585.109375,496.37234042553195,0.421875,0.43617021276595747,False,row1_col1,256,188,0,34
3252,256686,a5544cf8c3f4495df7d798ea,3252,14,21,116,172,617.875,729.58333333333326,0.453125,0.72916666666666663,False,row2_col1,256,192,0,32
3253,69193,25b175f8a0414b88adf3bbf2,3253,9,18,76,148,448.34375,627.79679144385022,0.296875,0.60962566844919786,False,row1_col0,256,187,0,34
3254,684602,5f992fdd05552118b4d67202,3254,26,17,212,140,1044.21875,581.91304347826076,0.828125,0.56521739130434778,False,row1_col2,256,184,0,36
3255,445991,7fc04af711a80e358348051d,3255,7,17,60,140,387.453125,570.4354838709678,0.234375,0.56451612903225812,False,row1_col0,256,186,0,35
3256,597332,bdd69774207d2ddbd41a3849,3256,20,10,164,84,815.84375,349.09574468085106,0.640625,0.26595744680851063,False,row0_col1,256,188,0,34
3257,67193,795479733aefc40b934277a4,3257,25,19,204,156,993.34375,676.58510638297867,0.796875,0.64893617021276595,False,row1_col2,256,188,0,34
3258,504328,5ab20c40b2d117b504740ca4,3258,8,16,68,132,402.71875,563.90163934426232,0.265625,0.52459016393442626,False,row1_col0,256,183,0,36
3259,203436,daca2d861b6d4fd1ea336571,3259,12,21,100,172,549.421875,733.66666666666663,0.390625,0.73655913978494625,False,row2_col1,256,186,0,35
3260,354726,8deef7cbf795dc5034389593,3260,6,13,52,108,295.234375,455.42857142857139,0.203125,0.3968253968253968,False,row1_col0,256,189,0,33
3261,78007,fbfdec218cbf0635738d2c12,3261,23,5,188,44,926.953125,173.32044198895028,0.734375,0.038674033149171269,False,row0_col2,256,181,0,37
3262,144984,f7f29bc516d8bf1032c86519,3262,24,18,196,148,958.078125,629.19170984455968,0.765625,0.60621761658031093,False,row1_col2,256,193,0,31
3263,106229,0f0e951d310459324ed1146f,3263,21,23,172,188,863.734375,790.5,0.671875,0.81578947368421051,False,row2_col2,256,190,0,33
3264,181721,9dc7738247217dd257b2b574,3264,25,14,204,116,968.53125,485.26701570680632,0.796875,0.43979057591623039,False,row1_col2,256,191,0,32
3265,569834,5676e48fb1caa42ecdd07480,3265,10,15,84,124,431.890625,523.8040201005025,0.328125,0.48241206030150752,False,row1_col0,256,199,0,28
3266,704998,1259266d27a1502f5814f674,3266,6,15,52,124,310.484375,516.61224489795916,0.203125,0.47959183673469385,False,row1_col0,256,196,0,30
3267,639575,2f3e9ad50350b43cdcf05159,3267,23,18,188,148,888.953125,622.33333333333337,0.734375,0.60846560846560849,False,row1_col2,256,189,0,33
3268,488004,cbe7415bc3817302e0c76f2d,3268,4,18,36,148,282.84375,625.73575129533674,0.140625,0.60621761658031093,False,row1_col0,256,193,0,31
3269,101958,f7464ed5a8656ac375a0fb2d,3269,6,18,52,148,375.875,629.16939890710387,0.203125,0.61202185792349728,False,row1_col0,256,183,0,36
3270,329175,e7c724e78fb9d4020c4926bf,3270,23,14,188,116,910.953125,475.70810810810815,0.734375,0.43783783783783786,False,row1_col2,256,185,0,35
3271,136840,e30051d3d8fd995844562e4d,3271,8,20,68,164,414.578125,693.30645161290329,0.265625,0.69354838709677424,False,row2_col0,256,186,0,35
3272,638551,d51f5564f4e76c5f59463abb,3272,23,18,188,148,944.625,616.47916666666663,0.734375,0.60416666666666663,False,row1_col2,256,192,0,32
3273,598453,d38497f6cb09922f8f3dcf04,3273,21,13,172,108,929.046875,454.08900523560209,0.671875,0.39790575916230364,False,row1_col2,256,191,0,32
3274,570777,0b5210b7f75c32ce0315b40b,3274,25,12,204,100,1012.765625,411.74358974358972,0.796875,0.35897435897435898,False,row1_col2,256,195,0,30
3275,591183,583fd37185c66e5b35d4ad0d,3275,15,10,124,84,647.8125,345.47208121827413,0.484375,0.27918781725888325,False,row0_col1,256,197,0,29
3276,533890,8213a75d6bb493befa13560d,3276,2,12,20,100,217.625,422.125,0.078125,0.35416666666666669,False,row1_col0,256,192,0,32
3277,599778,7e43c32828df193edc42ddff,3277,2,23,20,188,236.859375,800.23404255319156,0.078125,0.81914893617021278,False,row2_col0,256,188,0,34
3278,459374,c3cb302619dac53bc3e9a2b8,3278,14,19,116,156,594.71875,668.39361702127655,0.453125,0.64893617021276595,False,row1_col1,256,188,0,34
3279,533944,8213a75d6bb493befa13560d,3279,24,13,196,108,971.125,456.375,0.765625,0.39583333333333331,False,row1_col2,256,192,0,32
3280,494034,af3de41611057662e83c573b,3280,18,14,148,116,706.46875,486.11702127659578,0.578125,0.43617021276595747,False,row1_col1,256,188,0,34
3281,461554,439720347b525b459d2cd2a2,3281,18,23,148,188,795.625,816.37435897435898,0.578125,0.81025641025641026,False,row2_col1,256,195,0,30
3282,572860,8430cec5bf6a0ee7d4c4b34e,3282,28,13,228,108,1130.453125,442.73684210526318,0.890625,0.39473684210526316,False,row1_col2,256,190,0,33
3283,616038,af9d0070e54aed81fc79e4ef,3283,6,19,52,156,356.265625,647.69841269841277,0.203125,0.65079365079365081,False,row1_col0,256,189,0,33
3284,413240,46e52c7cd794f51a462fb9f6,3284,24,17,196,140,950.546875,563.09836065573768,0.765625,0.56830601092896171,False,row1_col2,256,183,0,36
3285,503161,d6dbdc0bd6330963f936dfc9,3285,25,11,204,92,980.140625,380.03076923076924,0.796875,0.31794871794871793,False,row0_col2,256,195,0,30
3286,426200,d8ff8af48bd325dbbb696129,3286,24,6,196,52,985.84375,200.96791443850267,0.765625,0.096256684491978606,False,row0_col2,256,187,0,34
3287,575195,677cd183b987906faf2e530c,3287,27,22,220,180,1090.328125,768.81081081081084,0.859375,0.78378378378378377,False,row2_col2,256,185,0,35
3288,604761,e13e69b4c17cd750194fa4bb,3288,25,18,204,148,1001.765625,630.22513089005236,0.796875,0.60732984293193715,False,row1_col2,256,191,0,32
3289,101072,76884f70ebe18c8dbf09d6a5,3289,16,22,132,180,656.40625,765.53846153846155,0.515625,0.76923076923076927,False,row2_col1,256,195,0,30
3290,545584,17ff7079be9b18b062834cfc,3290,16,25,132,204,706.578125,868.30851063829789,0.515625,0.9042553191489362,False,row2_col1,256,188,0,34
3291,545274,17ff7079be9b18b062834cfc,3291,26,15,212,124,1048.140625,527.45744680851067,0.828125,0.47872340425531917,False,row1_col2,256,188,0,34
3292,496357,152a6af5fd08ee8687052c5c,3292,5,23,44,188,311.859375,803.13829787234044,0.171875,0.81914893617021278,False,row2_col0,256,188,0,34
3293,322833,18b34aa0fc8c8af8138154fe,3293,17,8,140,68,727.84375,278.43478260869563,0.546875,0.17391304347826086,False,row0_col1,256,184,0,36
3294,632190,5b1f5c81c875f06122031a4b,3294,30,11,244,92,1169.015625,379,0.953125,0.30645161290322581,False,row0_col2,256,186,0,35
3295,530989,dc0b4ccd38f08660aa595e39,3295,13,17,108,140,549.53125,601.15789473684208,0.421875,0.56315789473684208,False,row1_col1,256,190,0,33
3296,6491,b6eaf5e811a0be7062ed1bb3,3296,27,10,220,84,1035.046875,343.57512953367871,0.859375,0.27461139896373055,False,row0_col2,256,193,0,31
3297,657171,82da62713a0e4c22cbd7efd6,3297,19,24,156,196,774.96875,830.08648648648648,0.609375,0.87027027027027026,False,row2_col1,256,185,0,35
3298,53846,7d6e953eea6aeb102463c263,3298,22,18,180,148,894.46875,617.52631578947376,0.703125,0.60526315789473684,False,row1_col2,256,190,0,33
3299,60125,4fc95a77b6b1e2f554f692f3,3299,29,22,236,180,1126.515625,757.45945945945948,0.921875,0.78378378378378377,False,row2_col2,256,185,0,35
3300,456150,f350543d4e926bfe063bea83,3300,22,14,180,116,861.765625,476.78835978835974,0.703125,0.43915343915343913,False,row1_col2,256,189,0,33
3301,513571,43a8d937bdc326d6174ea535,3301,3,17,28,140,267.984375,594.44680851063822,0.109375,0.56382978723404253,False,row1_col0,256,188,0,34
3302,526957,5d258a6d34f1b116ab308ce4,3302,13,19,108,156,572.375,641.39361702127655,0.421875,0.64893617021276595,False,row1_col1,256,188,0,34
3303,430679,c0a7a3a62c3795f511c0eafd,3303,23,18,188,148,967.421875,594.79679144385022,0.734375,0.60962566844919786,False,row1_col2,256,187,0,34
3304,242396,b84c63039a63bf730ebdebb1,3304,28,22,228,180,1096.375,728.91623036649219,0.890625,0.77486910994764402,False,row2_col2,256,191,0,32
3305,303619,6d1104b9ed5d737c509d9e3c,3305,3,16,28,132,244.421875,551.23404255319156,0.109375,0.52127659574468088,False,row1_col0,256,188,0,34
3306,249149,329683efc579c51b53f71da8,3306,29,9,236,76,1150.125,311.93684210526317,0.921875,0.22631578947368422,False,row0_col2,256,190,0,33
3307,259592,f7078c0d837ef2e368882049,3307,8,16,68,132,434.375,553.91304347826087,0.265625,0.52173913043478259,False,row1_col0,256,184,0,36
3308,377432,e940fcfae63e53b190a0bb8e,3308,24,18,196,148,983.546875,611.25945945945944,0.765625,0.61081081081081079,False,row1_col2,256,185,0,35
3309,8834,24af453e607e44b054917896,3309,2,20,20,164,237.09375,692.04864864864862,0.078125,0.69729729729729728,False,row2_col0,256,185,0,35
3310,323062,18b34aa0fc8c8af8138154fe,3310,22,15,180,124,900.65625,520.695652173913,0.703125,0.47826086956521741,False,row1_col2,256,184,0,36
3311,466423,f811b6561edd9f797ff5e802,3311,23,15,188,124,925.078125,517.85106382978734,0.734375,0.47872340425531917,False,row1_col2,256,188,0,34
3312,376361,77552d606fc63001f442e848,3312,9,17,76,140,444.125,573.73157894736846,0.296875,0.56315789473684208,False,row1_col0,256,190,0,33
3313,555379,442850a2087d62c7e9453fcd,3313,19,11,156,92,807.875,380.93548387096774,0.609375,0.30645161290322581,False,row0_col1,256,186,0,35
3314,528836,7ed463394b5acb61e1574507,3314,4,14,36,116,239.265625,490.625,0.140625,0.4375,False,row1_col0,256,192,0,32
3315,130534,7d21f597b4b4043eb6e57f0e,3315,6,15,52,124,339.46875,520.83957219251329,0.203125,0.48128342245989303,False,row1_col0,256,187,0,34
3316,204329,87fbd4752229b1af092fadbf,3316,9,17,76,140,447.125,591.25806451612902,0.296875,0.56451612903225812,False,row1_col0,256,186,0,35
3317,545306,17ff7079be9b18b062834cfc,3317,26,16,212,132,1048.140625,561.54255319148933,0.828125,0.52127659574468088,False,row1_col2,256,188,0,34
3318,601541,cbbfcf781cf2e6b2a448637f,3318,5,14,44,116,293.40625,477.8125,0.171875,0.4375,False,row1_col0,256,192,0,32
3319,325227,f5cda31a858d786125df8e22,3319,11,19,92,156,533.21875,665.57512953367871,0.359375,0.64766839378238339,False,row1_col1,256,193,0,31
3320,586281,feca696a5660a740402e9811,3320,9,17,76,140,481.484375,594.81081081081084,0.296875,0.56756756756756754,False,row1_col0,256,185,0,35
3321,718625,ff622b143161a670803d7cbf,3321,1,25,12,204,149.890625,869.42473118279565,0.046875,0.90860215053763438,False,row2_col0,256,186,0,35
3322,142744,1e5e68e0329b0ca73274b4b5,3322,24,12,196,100,972.71875,412.80526315789473,0.765625,0.35263157894736841,False,row1_col2,256,190,0,33
3323,437783,c192edd74fe8165b22e50c5a,3323,23,16,188,132,924.21875,537.31958762886597,0.734375,0.52061855670103097,False,row1_col2,256,194,0,31
3324,91523,b707c1eb67ac9b8893cde411,3324,3,12,28,100,257.40625,407.11538461538458,0.109375,0.34615384615384615,False,row1_col0,256,182,0,37
3325,526897,5d258a6d34f1b116ab308ce4,3325,17,17,140,140,709.375,572.88297872340422,0.546875,0.56382978723404253,False,row1_col1,256,188,0,34
3326,82538,d04aeafeb9e728e609fa7a9e,3326,10,19,84,156,428.890625,659.13043478260875,0.328125,0.65217391304347827,False,row1_col0,256,184,0,36
3327,496859,2b2d0a01139cb06591c16929,3327,27,6,220,52,1036.578125,218.92592592592592,0.859375,0.10052910052910052,False,row0_col2,256,189,0,33
3328,67163,795479733aefc40b934277a4,3328,27,18,220,148,1062.46875,641.98936170212767,0.859375,0.6063829787234043,False,row1_col2,256,188,0,34
3329,581097,9a1ad63dc381c61153abcebd,3329,9,15,76,124,412.78125,513.9473684210526,0.296875,0.47894736842105262,False,row1_col0,256,190,0,33
3330,602583,4353ce725c8d749885d3c4b7,3330,23,14,188,116,870.875,483.58947368421053,0.734375,0.43684210526315792,False,row1_col2,256,190,0,33
3331,555546,442850a2087d62c7e9453fcd,3331,26,16,212,132,1047.625,552.11827956989248,0.828125,0.521505376344086,False,row1_col2,256,186,0,35
3332,512560,91decb18deafedf261951d4d,3332,16,17,132,140,648.125,598.04278074866306,0.515625,0.5668449197860963,False,row1_col1,256,187,0,34
3333,604973,e13e69b4c17cd750194fa4bb,3333,13,25,108,204,589.640625,871.23036649214657,0.421875,0.90052356020942403,False,row2_col1,256,191,0,32
3334,592357,fe666fef2b8871f5528589d3,3334,5,15,44,124,372.03125,539.02072538860102,0.171875,0.48186528497409326,False,row1_col0,256,193,0,31
3335,82535,d04aeafeb9e728e609fa7a9e,3335,7,19,60,156,324.921875,659.13043478260875,0.234375,0.65217391304347827,False,row1_col0,256,184,0,36
3336,346667,69ce82acc0f6112757b0f61b,3336,11,17,92,140,503.828125,587.62162162162167,0.359375,0.56756756756756754,False,row1_col1,256,185,0,35
3337,577035,eebb80b7602a9bc51384c3b3,3337,11,16,92,132,510.3125,558.87564766839375,0.359375,0.52331606217616577,False,row1_col1,256,193,0,31
3338,467298,55697275b8b27562c9eb1a4c,3338,2,11,20,92,189.9375,385.4375,0.078125,0.3125,False,row0_col0,256,192,0,32
3339,206265,7c3fa4f3ec7844bba589fc1b,3339,25,13,204,108,996.15625,444.82978723404256,0.796875,0.39361702127659576,False,row1_col2,256,188,0,34
3340,638291,d51f5564f4e76c5f59463abb,3340,19,10,156,84,805.625,338.14583333333331,0.609375,0.27083333333333331,False,row0_col1,256,192,0,32
3341,463165,f06dd4b0ff466537119cc2af,3341,29,9,236,76,1112.375,317.46236559139788,0.921875,0.22043010752688172,False,row0_col2,256,186,0,35
3342,357977,bacd8d5cf67fb7f5bb3c16e1,3342,25,18,204,148,1001.34375,612.35828877005349,0.796875,0.60962566844919786,False,row1_col2,256,187,0,34
3343,632455,5b1f5c81c875f06122031a4b,3343,7,20,60,164,371.921875,691,0.234375,0.69354838709677424,False,row2_col0,256,186,0,35
3344,526840,5d258a6d34f1b116ab308ce4,3344,24,15,196,124,949.125,504.37234042553195,0.765625,0.47872340425531917,False,row1_col2,256,188,0,34
3345,598447,d38497f6cb09922f8f3dcf04,3345,15,13,124,108,723.359375,454.08900523560209,0.484375,0.39790575916230364,False,row1_col1,256,191,0,32
3346,215449,c0d503761e44e89054546681,3346,25,12,204,100,1017.734375,410.62433862433863,0.796875,0.35449735449735448,False,row1_col2,256,189,0,33
3347,405096,bdf54f12fbf3d79a93435aa3,3347,8,19,68,156,410.171875,643.37368421052633,0.265625,0.64736842105263159,False,row1_col0,256,190,0,33
3348,325292,f5cda31a858d786125df8e22,3348,12,21,100,172,568.28125,735.79274611398966,0.390625,0.73056994818652854,False,row2_col1,256,193,0,31
3349,575130,677cd183b987906faf2e530c,3349,26,20,212,164,1055.734375,699.53513513513508,0.828125,0.69729729729729728,False,row2_col2,256,185,0,35
3350,225814,2b4b6352c349b3d52ed92754,3350,22,16,180,132,902.765625,563.30612244897964,0.703125,0.52040816326530615,False,row1_col2,256,196,0,30
3351,356604,896ecacb2e63e157dc4e35d7,3351,28,7,228,60,1135.046875,245.8219895287958,0.890625,0.14659685863874344,False,row0_col2,256,191,0,32
3352,549304,b7cc7826ac85ae8215b61101,3352,24,13,196,108,974.125,458.92105263157896,0.765625,0.39473684210526316,False,row1_col2,256,190,0,33
3353,638428,d51f5564f4e76c5f59463abb,3353,28,14,228,116,1118.375,477.3125,0.890625,0.4375,False,row1_col2,256,192,0,32
3354,569818,5676e48fb1caa42ecdd07480,3354,26,14,212,116,986.390625,489.070351758794,0.828125,0.44221105527638194,False,row1_col2,256,199,0,28
3355,209411,c7d7069e6440bce13d75f421,3355,3,16,28,132,219.296875,554.46073298429314,0.109375,0.52356020942408377,False,row1_col0,256,191,0,32
3356,500494,94b7f239fa8a30f58007d290,3356,14,24,116,196,591.71875,841.50785340314133,0.453125,0.8586387434554974,False,row2_col1,256,191,0,32
3357,68196,a5e44a049f152deb435edd40,3357,4,19,36,156,268.375,655.93548387096769,0.140625,0.65053763440860213,False,row1_col0,256,186,0,35
3358,457225,8edb3f5616a73b2e02e42c87,3358,9,16,76,132,427.234375,553.49197860962568,0.296875,0.52406417112299464,False,row1_col0,256,187,0,34
3359,231976,b7e5c36b0fcc32f8da70f625,3359,8,17,68,140,380.171875,589.45945945945937,0.265625,0.56756756756756754,False,row1_col0,256,185,0,35
3360,190026,b7e0bb24f27963017f1a9f09,3360,10,18,84,148,487.875,618.03296703296701,0.328125,0.60989010989010994,False,row1_col0,256,182,0,37
3361,585226,c977bea10bf03c99460cec13,3361,10,16,84,132,464.9375,554.70000000000005,0.328125,0.52105263157894732,False,row1_col0,256,190,0,33
3362,376330,77552d606fc63001f442e848,3362,10,16,84,132,478.875,538.91052631578941,0.328125,0.52105263157894732,False,row1_col0,256,190,0,33
3363,126133,74dba489b837409bdc9002e2,3363,21,5,172,44,881.125,162.20942408376965,0.671875,0.062827225130890049,False,row0_col2,256,191,0,32
3364,520487,faf3e3da73ae229e7fc9da66,3364,7,9,60,76,375.109375,323.903743315508,0.234375,0.22459893048128343,False,row0_col0,256,187,0,34
3365,548343,31f176914f7ef2559f447dab,3365,23,15,188,124,917.875,531.00546448087425,0.734375,0.48087431693989069,False,row1_col2,256,183,0,36
3366,66357,af9f5bd76806962693118d19,3366,21,25,172,204,858.40625,858.81818181818176,0.671875,0.90909090909090906,False,row2_col2,256,187,0,34
3367,473624,1d12ec902c3113b35c317ef8,3367,24,16,196,132,958.59375,553.05263157894728,0.765625,0.52105263157894732,False,row1_col2,256,190,0,33
3368,537988,b082c61b6f6397804ebe9514,3368,4,12,36,100,288.703125,422.2021276595745,0.140625,0.35106382978723405,False,row1_col0,256,188,0,34
3369,517657,f4df64b5ff783c747eb82df3,3369,25,16,204,132,1026.765625,563.14893617021278,0.796875,0.52127659574468088,False,row1_col2,256,188,0,34
3370,581051,9a1ad63dc381c61153abcebd,3370,27,13,220,108,1028.15625,445.73684210526318,0.859375,0.39473684210526316,False,row1_col2,256,190,0,33
3371,362876,53f85fa89c59271d3ffb3641,3371,28,11,228,92,1121.46875,345.89361702127655,0.890625,0.30851063829787234,False,row0_col2,256,188,0,34
3372,2254,a2e7834787baf26ee424c739,3372,14,6,116,52,594.15625,217.60540540540541,0.453125,0.091891891891891897,False,row0_col1,256,185,0,35
3373,291471,94840b6b6d3b3942dc01dd23,3373,15,20,124,164,643.078125,694.50526315789477,0.484375,0.68947368421052635,False,row2_col1,256,190,0,33
3374,600936,e23c7263422caa21794c6b96,3374,8,27,68,220,428.390625,932.42857142857144,0.265625,0.98941798941798942,False,row2_col0,256,189,0,33
3375,546122,e47bf05116ca1e4921049cf3,3375,10,10,84,84,497.890625,352.43283582089555,0.328125,0.28358208955223879,False,row0_col0,256,201,0,27
3376,458249,efab8b57a05312e6e2d6ff9c,3376,9,16,76,132,389.265625,554.70000000000005,0.296875,0.52105263157894732,False,row1_col0,256,190,0,33
3377,592305,fe666fef2b8871f5528589d3,3377,17,13,140,108,782.28125,470.54404145077717,0.546875,0.39896373056994816,False,row1_col1,256,193,0,31
3378,293434,50086bd6ca8500ae698af9ac,3378,26,17,212,140,1049.90625,578.71134020618558,0.828125,0.56185567010309279,False,row1_col2,256,194,0,31
3379,101171,76884f70ebe18c8dbf09d6a5,3379,19,25,156,204,760.84375,869.78461538461545,0.609375,0.89230769230769236,False,row2_col1,256,195,0,30
3380,312954,71b008a0a7521ff27fd58de8,3380,26,19,212,156,1041.734375,660.69841269841277,0.828125,0.65079365079365081,False,row1_col2,256,189,0,33
3381,285070,02942ca02fdcb799d7cb7726,3381,14,12,116,100,604.875,398.28571428571428,0.453125,0.35714285714285715,False,row1_col1,256,196,0,30
3382,477874,4232070a33fbc4fa24180e8d,3382,18,21,148,172,736.09375,731.10362694300522,0.578125,0.73056994818652854,False,row2_col1,256,193,0,31
3383,709006,7731cbaac561ffb2001abafb,3383,14,12,116,100,619.234375,402.08333333333337,0.453125,0.35416666666666669,False,row1_col1,256,192,0,32
3384,547191,57d3f410b6fcba2a57bda29d,3384,23,11,188,92,946.21875,389.32105263157894,0.734375,0.31052631578947371,False,row0_col2,256,190,0,33
3385,115270,89b989a81f1da592d59cc87b,3385,6,18,52,148,356.875,631.56521739130437,0.203125,0.60869565217391308,False,row1_col0,256,184,0,36
3386,504261,5ab20c40b2d117b504740ca4,3386,5,14,44,116,299.40625,494.91803278688525,0.171875,0.43715846994535518,False,row1_col0,256,183,0,36
3387,161413,a93f8f679f4821573346dd3a,3387,5,20,44,164,340.40625,691.53225806451621,0.171875,0.69354838709677424,False,row2_col0,256,186,0,35
3388,592294,fe666fef2b8871f5528589d3,3388,6,13,52,108,406.21875,470.54404145077717,0.203125,0.39896373056994816,False,row1_col0,256,193,0,31
3389,380423,d78a35ec684695d072d6b211,3389,7,16,60,132,360.21875,543.39572192513367,0.234375,0.52406417112299464,False,row1_col0,256,187,0,34
3390,595672,87721955af6f57a012d16d47,3390,24,22,196,180,924.890625,748,0.765625,0.77777777777777779,False,row2_col2,256,189,0,33
3391,659147,ee0789a261852bef9369707a,3391,11,22,92,180,539.46875,768.81081081081084,0.359375,0.78378378378378377,False,row2_col1,256,185,0,35
3392,32361,d81b3f05cb672cfc776b9aa0,3392,9,19,76,156,446.234375,656.13043478260875,0.296875,0.65217391304347827,False,row1_col0,256,184,0,36
3393,592228,fe666fef2b8871f5528589d3,3393,4,11,36,92,337.84375,402.06735751295338,0.140625,0.31606217616580312,False,row0_col0,256,193,0,31
3394,472470,77f12352984de874b6cd5378,3394,22,12,180,100,919.328125,421.14285714285711,0.703125,0.35449735449735448,False,row1_col2,256,189,0,33
3395,166467,21a65ebf59d2ba6f5a645963,3395,3,18,28,148,200.390625,622.34693877551024,0.109375,0.60204081632653061,False,row1_col0,256,196,0,30
3396,502119,5749ca6a1c4e4e10cf0ec75d,3396,7,11,60,92,405.109375,389.85714285714283,0.234375,0.31216931216931215,False,row0_col0,256,189,0,33
3397,569786,5676e48fb1caa42ecdd07480,3397,26,13,212,108,986.390625,454.33668341708545,0.828125,0.4020100502512563,False,row1_col2,256,199,0,28
3398,677333,4d5d55e234be8f30903864ed,3398,21,14,172,116,858.40625,484.29787234042556,0.671875,0.43617021276595747,False,row1_col2,256,188,0,34
3399,485701,8ce9e51dbad44f0e4107d965,3399,5,10,44,84,273.546875,354.42931937172773,0.171875,0.27225130890052357,False,row0_col0,256,191,0,32
3400,146937,6d36a77190afe991bdd3beaf,3400,25,15,204,124,992.734375,506.66666666666669,0.796875,0.478494623655914,False,row1_col2,256,186,0,35
3401,557712,d81cb231e10288659e7909e8,3401,16,20,132,164,715.09375,699.21243523316059,0.515625,0.68911917098445596,False,row2_col1,256,193,0,31
3402,385853,8f1c99d05825e89d71c9284b,3402,29,25,236,204,1139.125,853.9677419354839,0.921875,0.90860215053763438,False,row2_col2,256,186,0,35
3403,459302,c3cb302619dac53bc3e9a2b8,3403,6,17,52,140,321.21875,599.88297872340422,0.203125,0.56382978723404253,False,row1_col0,256,188,0,34
3404,516881,8bb55828650e42ce1359edc9,3404,17,24,140,196,736.921875,826.91443850267376,0.546875,0.86631016042780751,False,row2_col1,256,187,0,34
3405,327222,829fa0ee35fbd7c1c841a103,3405,22,17,180,140,865.84375,577.17741935483878,0.703125,0.56451612903225812,False,row1_col2,256,186,0,35
3406,362147,d80aa3f118aa9582d473ba58,3406,3,21,28,172,241.296875,698.75401069518716,0.109375,0.73796791443850263,False,row2_col0,256,187,0,34
3407,641679,a96e8fbb128dc3f4ea56a755,3407,15,20,124,164,621.78125,692.20105820105823,0.484375,0.69312169312169314,False,row2_col1,256,189,0,33
3408,432758,e858091360537aba1a4ec74e,3408,22,19,180,156,905.46875,656.33333333333337,0.703125,0.65053763440860213,False,row1_col2,256,186,0,35
3409,243948,2d869e49280e98d4f624cdc6,3409,12,7,100,60,520.5,256.95939086294413,0.390625,0.15736040609137056,False,row0_col1,256,197,0,29
3410,569637,5676e48fb1caa42ecdd07480,3410,5,9,44,76,258.609375,315.40201005025125,0.171875,0.24120603015075376,False,row0_col0,256,199,0,28
3411,298705,e2d24e5a47106bd7023a7d65,3411,17,22,140,180,718.765625,767.33333333333337,0.546875,0.77777777777777779,False,row2_col1,256,189,0,33
3412,542444,736df5902e9879b38b3b9634,3412,12,23,100,188,531.296875,795.5,0.390625,0.81578947368421051,False,row2_col1,256,190,0,33
3413,536056,7e48cd1658e4af2a0a4efc9b,3413,24,15,196,124,976.890625,532.50802139037432,0.765625,0.48128342245989303,False,row1_col2,256,187,0,34
3414,463171,f06dd4b0ff466537119cc2af,3414,3,10,28,84,221.875,351.69892473118279,0.109375,0.26344086021505375,False,row0_col0,256,186,0,35
3415,674344,187703c2aaaaa1fd86865fe2,3415,8,17,68,140,441.046875,581.05759162303661,0.265625,0.56544502617801051,False,row1_col0,256,191,0,32
3416,27970,840c73cbd5ab6bc1059f1408,3416,2,10,20,84,196.09375,358.01612903225805,0.078125,0.26344086021505375,False,row0_col0,256,186,0,35
3417,364227,64e11d7683e404d870ca400b,3417,3,22,28,180,263.296875,754.04188481675396,0.109375,0.77486910994764402,False,row2_col0,256,191,0,32
3418,570888,0b5210b7f75c32ce0315b40b,3418,8,16,68,132,428.921875,548.76923076923072,0.265625,0.52307692307692311,False,row1_col0,256,195,0,30
3419,426552,d8ff8af48bd325dbbb696129,3419,24,17,196,140,985.84375,582.14438502673806,0.765625,0.5668449197860963,False,row1_col2,256,187,0,34
3420,223685,b984b329871f0e84f5fd4de2,3420,5,14,44,116,286.640625,479.45945945945948,0.171875,0.43783783783783786,False,row1_col0,256,185,0,35
3421,258619,dfbe513d6531461f0ef29a6a,3421,27,17,220,140,1068.328125,589.91304347826076,0.859375,0.56521739130434778,False,row1_col2,256,184,0,36
3422,596485,068d42fadee7759ebbad25c7,3422,5,16,44,132,331.375,556.74869109947645,0.171875,0.52356020942408377,False,row1_col0,256,191,0,32
3423,514568,80f88014c0d14ab592726fe3,3423,8,16,68,132,393.921875,566.77540106951869,0.265625,0.52406417112299464,False,row1_col0,256,187,0,34
3424,569937,5676e48fb1caa42ecdd07480,3424,17,18,140,148,674.484375,628.00502512562809,0.546875,0.60301507537688437,False,row1_col1,256,199,0,28
3425,572829,8430cec5bf6a0ee7d4c4b34e,3425,29,12,236,100,1164.609375,408.63157894736838,0.921875,0.35263157894736841,False,row1_col2,256,190,0,33
3426,587198,37faa40414dba1a334ec7ebb,3426,30,13,244,108,1179.625,457.4086021505376,0.953125,0.39247311827956988,False,row1_col2,256,186,0,35
3427,606808,07487879b83ab8bf265d8c1f,3427,24,18,196,148,1000.421875,641.88717948717954,0.765625,0.60512820512820509,False,row1_col2,256,195,0,30
3428,506512,53e9a502e46a7b9e168d9115,3428,16,20,132,164,659.125,702.64893617021278,0.515625,0.69148936170212771,False,row2_col1,256,188,0,34
3429,344697,2c3f234377604e8dcb2d2a73,3429,25,19,204,156,985.140625,653.13043478260875,0.796875,0.65217391304347827,False,row1_col2,256,184,0,36
3430,84645,d97ecfbcd8824d84ea5eae90,3430,5,21,44,172,275.5,733.71823204419888,0.171875,0.7458563535911602,False,row2_col0,256,181,0,37
3431,50810,ec3ea75e7104e017e03f4921,3431,26,19,212,156,1046.765625,671.89999999999998,0.828125,0.64736842105263159,False,row1_col2,256,190,0,33
3432,604648,e13e69b4c17cd750194fa4bb,3432,8,15,68,124,417.921875,526.93717277486917,0.265625,0.48167539267015708,False,row1_col0,256,191,0,32
3433,731872,8e91dc5ebf61a30260770c9c,3433,0,23,4,188,108.21875,786.51063829787233,0.015625,0.81914893617021278,False,row2_col0,256,188,0,34
3434,430649,c0a7a3a62c3795f511c0eafd,3434,25,17,204,140,1036.734375,560.14438502673806,0.796875,0.5668449197860963,False,row1_col2,256,187,0,34
3435,99206,7193a011383f62c1ab378a8f,3435,6,28,52,228,315.265625,970.96923076923076,0.203125,1.0153846153846153,True,padding_center,256,195,0,30
3436,51938,c8bcbc95e371b76bfc0ccf6a,3436,2,23,20,188,176.40625,784.4486486486486,0.078125,0.82702702702702702,False,row2_col0,256,185,0,35
3437,373402,03b92d95da6694e6f43e0193,3437,26,20,212,164,1016.59375,674.65803108808291,0.828125,0.68911917098445596,False,row2_col2,256,193,0,31
3438,585191,c977bea10bf03c99460cec13,3438,7,15,60,124,361.8125,520.29999999999995,0.234375,0.47894736842105262,False,row1_col0,256,190,0,33
3439,655847,2ee1148cf2bfb979a3c11be3,3439,7,15,60,124,358.625,508.08695652173913,0.234375,0.47826086956521741,False,row1_col0,256,184,0,36
3440,10821,ca1191675acfe9ec5285967b,3440,5,18,44,148,277.40625,634.5,0.171875,0.60526315789473684,False,row1_col0,256,190,0,33
3441,478067,4232070a33fbc4fa24180e8d,3441,19,27,156,220,770.53125,937.7772020725389,0.609375,0.97927461139896377,False,row2_col1,256,193,0,31
3442,482853,08e2b3b386fb9b49a55d363c,3442,5,17,44,140,314.546875,586.41052631578941,0.171875,0.56315789473684208,False,row1_col0,256,190,0,33
3443,530235,0227fa273d0d8c8f6714e23b,3443,27,25,220,204,1068.734375,862.92553191489367,0.859375,0.9042553191489362,False,row2_col2,256,188,0,34
3444,114817,89b989a81f1da592d59cc87b,3444,1,4,12,36,183.125,144,0.046875,0,False,row0_col0,256,184,0,36
3445,246297,eec0fc6ef0bb51e01c77b789,3445,25,16,204,132,999.71875,550.88144329896909,0.796875,0.52061855670103097,False,row1_col2,256,194,0,31
3446,591259,583fd37185c66e5b35d4ad0d,3446,27,12,220,100,1060.3125,414.26395939086296,0.859375,0.3604060913705584,False,row1_col2,256,197,0,29
3447,554804,edb01c151c563bb82cc5df9d,3447,20,25,164,204,821.84375,865.92553191489367,0.640625,0.9042553191489362,False,row2_col1,256,188,0,34
3448,100919,76884f70ebe18c8dbf09d6a5,3448,23,17,188,140,900.09375,591.79487179487182,0.734375,0.5641025641025641,False,row1_col2,256,195,0,30
3449,298604,e2d24e5a47106bd7023a7d65,3449,12,19,100,156,544.546875,662.95238095238096,0.390625,0.65079365079365081,False,row1_col1,256,189,0,33
3450,467321,55697275b8b27562c9eb1a4c,3450,25,11,204,92,980.5625,385.4375,0.796875,0.3125,False,row0_col2,256,192,0,32
3451,77614,766454c47ae7c9d62021ae41,3451,14,25,116,204,622.890625,863.79032258064512,0.453125,0.90860215053763438,False,row2_col1,256,186,0,35
3452,593417,2eebabfc2544e47701bed697,3452,9,16,76,132,429.671875,562.74869109947645,0.296875,0.52356020942408377,False,row1_col0,256,191,0,32
3453,691769,26b9524860e2f239e66cf060,3453,25,17,204,140,998.53125,582.4375,0.796875,0.5625,False,row1_col2,256,192,0,32
3454,735350,b775ec910e16d493500239f2,3454,22,3,180,28,872.765625,117.68062827225131,0.703125,-0.020942408376963352,True,padding_center,256,191,0,32
3455,141671,15d9508324337b875670f947,3455,7,11,60,92,356.328125,393.04712041884818,0.234375,0.31413612565445026,False,row0_col0,256,191,0,32
3456,312859,71b008a0a7521ff27fd58de8,3456,27,16,220,132,1076.328125,556.95238095238096,0.859375,0.52380952380952384,False,row1_col2,256,189,0,33
3457,583094,9fbe77467132d5c93ee01128,3457,22,13,180,108,931.734375,452.42857142857139,0.703125,0.3968253968253968,False,row1_col2,256,189,0,33
3458,697569,0aefb854b741b33901ea1e52,3458,1,7,12,60,168.890625,235.62032085561498,0.046875,0.13903743315508021,False,row0_col0,256,187,0,34
3459,569737,5676e48fb1caa42ecdd07480,3459,9,12,76,100,397.234375,419.6030150753769,0.296875,0.36180904522613067,False,row1_col0,256,199,0,28
3460,393848,fc56ae52e06ade318ea4d493,3460,24,19,196,156,950.71875,632.08064516129025,0.765625,0.65053763440860213,False,row1_col2,256,186,0,35
3461,89326,bafa334c6c43147b890e28ed,3461,14,7,116,60,604.609375,236.81052631578947,0.453125,0.14210526315789473,False,row0_col1,256,190,0,33
3462,584334,7413f29906bbedeb019fea89,3462,14,20,116,164,636.625,695.70618556701027,0.453125,0.68556701030927836,False,row2_col1,256,194,0,31
3463,84580,d97ecfbcd8824d84ea5eae90,3463,4,19,36,156,240.5,663.70718232044203,0.140625,0.65745856353591159,False,row1_col0,256,181,0,37
3464,69178,25b175f8a0414b88adf3bbf2,3464,26,17,212,140,1035.90625,593.14438502673806,0.828125,0.5668449197860963,False,row1_col2,256,187,0,34
3465,506275,53e9a502e46a7b9e168d9115,3465,3,13,28,108,213.875,462.86170212765961,0.109375,0.39361702127659576,False,row1_col0,256,188,0,34
3466,40524,d60c6fc93e9eed8f0286cc7b,3466,12,18,100,148,562.375,629.70270270270271,0.390625,0.61081081081081079,False,row1_col1,256,185,0,35
3467,324868,f5cda31a858d786125df8e22,3467,4,8,36,68,287.78125,279.37823834196888,0.140625,0.19170984455958548,False,row0_col0,256,193,0,31
3468,487878,cbe7415bc3817302e0c76f2d,3468,6,14,52,116,351.21875,488.78238341968915,0.203125,0.44041450777202074,False,row1_col0,256,193,0,31
3469,242012,b84c63039a63bf730ebdebb1,3469,28,10,228,84,1096.375,311.24083769633512,0.890625,0.27225130890052357,False,row0_col2,256,191,0,32
3470,404009,83857231f379f6809fc9639f,3470,9,17,76,140,476.53125,588.52197802197793,0.296875,0.56593406593406592,False,row1_col0,256,182,0,37
3471,738762,46a12f7a348173b31e79d614,3471,10,14,84,116,485.90625,475.08695652173913,0.328125,0.43478260869565216,False,row1_col0,256,184,0,36
3472,304758,fa425b55ae4649a7440cdfd7,3472,22,19,180,156,881.84375,649.8395721925134,0.703125,0.65240641711229952,False,row1_col2,256,187,0,34
3473,323078,18b34aa0fc8c8af8138154fe,3473,6,16,52,132,347.65625,555.304347826087,0.203125,0.52173913043478259,False,row1_col0,256,184,0,36
3474,564659,0ec02acd088fff4c4bbe590f,3474,19,13,156,108,815.703125,463.97326203208559,0.609375,0.39572192513368987,False,row1_col1,256,187,0,34
3475,598474,d38497f6cb09922f8f3dcf04,3475,10,14,84,116,551.953125,488.30890052356023,0.328125,0.43979057591623039,False,row1_col0,256,191,0,32
3476,598768,d38497f6cb09922f8f3dcf04,3476,16,23,132,188,757.640625,796.28795811518319,0.515625,0.81675392670157065,False,row2_col1,256,191,0,32
3477,528796,7ed463394b5acb61e1574507,3477,28,12,228,100,1062.015625,422.125,0.890625,0.35416666666666669,False,row1_col2,256,192,0,32
3478,594441,d8e33de8429b55ebb8877642,3478,9,16,76,132,400.265625,552.14893617021278,0.296875,0.52127659574468088,False,row1_col0,256,188,0,34
3479,256221,a5544cf8c3f4495df7d798ea,3479,29,6,236,52,1139.125,207.08333333333334,0.921875,0.10416666666666667,False,row0_col2,256,192,0,32
3480,83464,587b74bfc019c7be94717f25,3480,8,16,68,132,394.171875,545.41935483870964,0.265625,0.521505376344086,False,row1_col0,256,186,0,35
3481,248337,da9443ca80beecb493467926,3481,17,16,140,132,704.484375,567.30526315789461,0.546875,0.52105263157894732,False,row1_col1,256,190,0,33
3482,56963,40471d6b4d3d450e63bc3466,3482,3,20,28,164,219.953125,683.75,0.109375,0.6875,False,row2_col0,256,192,0,32
3483,595528,87721955af6f57a012d16d47,3483,8,18,68,148,376.390625,610.85714285714289,0.265625,0.60846560846560849,False,row1_col0,256,189,0,33
3484,563479,1882c154e2fd7debcc259ddf,3484,23,8,188,68,964.609375,295.91282051282053,0.734375,0.19487179487179487,False,row0_col2,256,195,0,30
3485,589100,87a418aeb28937346e884495,3485,12,9,100,76,611.203125,322.26903553299491,0.390625,0.23857868020304568,False,row0_col1,256,197,0,29
3486,701654,8add5feca183d695007a94e7,3486,22,6,180,52,889.65625,209.21739130434781,0.703125,0.086956521739130432,False,row0_col2,256,184,0,36
3487,586201,feca696a5660a740402e9811,3487,25,14,204,116,1027.984375,492.4540540540541,0.796875,0.43783783783783786,False,row1_col2,256,185,0,35
3488,34344,881f100f483a5ad2641f7dd5,3488,8,17,68,140,419.046875,585.52197802197793,0.265625,0.56593406593406592,False,row1_col0,256,182,0,37
3489,570150,5676e48fb1caa42ecdd07480,3489,6,25,52,204,293.265625,871.14070351758801,0.203125,0.88442211055276387,False,row2_col0,256,199,0,28
3490,51722,c8bcbc95e371b76bfc0ccf6a,3490,10,16,84,132,452.90625,541.98378378378379,0.328125,0.5243243243243243,False,row1_col0,256,185,0,35
3491,298366,e2d24e5a47106bd7023a7d65,3491,30,11,244,92,1171.734375,384.60317460317458,0.953125,0.31216931216931215,False,row0_col2,256,189,0,33
3492,530952,dc0b4ccd38f08660aa595e39,3492,8,16,68,132,378.59375,567.05263157894728,0.265625,0.52105263157894732,False,row1_col0,256,190,0,33
3493,606582,07487879b83ab8bf265d8c1f,3493,22,11,180,92,931.734375,401.8051282051282,0.703125,0.31794871794871793,False,row0_col2,256,195,0,30
3494,322103,e366b8893ee234784cfdf96a,3494,23,17,188,140,948.703125,588.3366834170854,0.734375,0.56281407035175879,False,row1_col2,256,199,0,28
3495,235151,4f2e92e1b80cd39c3cba6440,3495,15,20,124,164,624.78125,686.10638297872345,0.484375,0.69148936170212771,False,row2_col1,256,188,0,34
3496,41576,17ee0869be7e617b235e6587,3496,8,19,68,156,422.046875,652.69841269841277,0.265625,0.65079365079365081,False,row1_col0,256,189,0,33
3497,722308,d73bb5badea2954e76301142,3497,4,12,36,100,279.375,409.06451612903226,0.140625,0.34946236559139787,False,row1_col0,256,186,0,35
3498,30200,52572823a115b1268cfb144d,3498,24,15,196,124,947.078125,508.1875,0.765625,0.47916666666666669,False,row1_col2,256,192,0,32
3499,601497,cbbfcf781cf2e6b2a448637f,3499,25,12,204,100,982.15625,408.89583333333337,0.796875,0.35416666666666669,False,row1_col2,256,192,0,32
3500,322799,18b34aa0fc8c8af8138154fe,3500,15,7,124,60,658.71875,243.82608695652175,0.484375,0.13043478260869565,False,row0_col1,256,184,0,36
3501,678457,29885a385c0c3cb416f20ecb,3501,25,17,204,140,1026.34375,584.91891891891896,0.796875,0.56756756756756754,False,row1_col2,256,185,0,35
3502,600600,e23c7263422caa21794c6b96,3502,24,16,196,132,976.890625,555.28571428571433,0.765625,0.52380952380952384,False,row1_col2,256,189,0,33
3503,480544,7361af587e04e93382fe2d91,3503,0,9,4,76,124.21875,310.91752577319585,0.015625,0.23195876288659795,False,row0_col0,256,194,0,31
3504,619121,6130e546ed79e4d9fee7cb83,3504,17,19,140,156,732.03125,667.89729729729731,0.546875,0.65405405405405403,False,row1_col1,256,185,0,35
3505,190735,9e3ff6a52f10ae8e139d3c38,3505,15,8,124,68,640.65625,279.8125,0.484375,0.1875,False,row0_col1,256,192,0,32
3506,120346,630be0f098a5ec263bec1d35,3506,26,16,212,132,1044.734375,548.96891191709847,0.828125,0.52331606217616577,False,row1_col2,256,193,0,31
3507,596554,068d42fadee7759ebbad25c7,3507,10,18,84,148,502.625,625.18848167539272,0.328125,0.60732984293193715,False,row1_col0,256,191,0,32
3508,490273,113ae33369eea4ce7f0b6955,3508,1,25,12,204,147.515625,869.85714285714289,0.046875,0.90476190476190477,False,row2_col0,256,189,0,33
3509,542200,736df5902e9879b38b3b9634,3509,24,15,196,124,943.421875,520.29999999999995,0.765625,0.47894736842105262,False,row1_col2,256,190,0,33
3510,1621,a2da421c00740b670bd14bee,3510,21,18,172,148,831.40625,631.35828877005349,0.671875,0.60962566844919786,False,row1_col2,256,187,0,34
3511,93732,e4622a2495fee2989741879a,3511,4,17,36,140,269.671875,579,0.140625,0.56451612903225812,False,row1_col0,256,186,0,35
3512,560826,c685b4a491f88fc79b166eaa,3512,26,21,212,172,1064.96875,738.11229946524065,0.828125,0.73796791443850263,False,row2_col2,256,187,0,34
3513,466360,f811b6561edd9f797ff5e802,3513,24,13,196,108,959.421875,449.25531914893617,0.765625,0.39361702127659576,False,row1_col2,256,188,0,34
3514,348932,aeb6f3350dd903eec76c1d2f,3514,4,24,36,196,264.953125,820.29120879120876,0.140625,0.87362637362637363,False,row2_col0,256,182,0,37
3515,625147,ba9db5a3245e9a9afea5743b,3515,27,15,220,124,1054.03125,508.91443850267376,0.859375,0.48128342245989303,False,row1_col2,256,187,0,34
3516,365207,462b47fa3de976e72a9b5115,3516,23,20,188,164,956.421875,675.10160427807489,0.734375,0.69518716577540107,False,row2_col2,256,187,0,34
3517,78633,fbfdec218cbf0635738d2c12,3517,9,25,76,204,442.640625,866.35911602209944,0.296875,0.92265193370165743,False,row2_col0,256,181,0,37
3518,298338,e2d24e5a47106bd7023a7d65,3518,2,11,20,92,196.109375,384.60317460317458,0.078125,0.31216931216931215,False,row0_col0,256,189,0,33
3519,420444,cca4df1af11b6f70d6b2fea3,3519,28,18,228,148,1091.59375,598.52631578947376,0.890625,0.60526315789473684,False,row1_col2,256,190,0,33
3520,444996,68156206f643fb334d0eae7f,3520,4,18,36,148,238.65625,607.70270270270271,0.140625,0.61081081081081079,False,row1_col0,256,185,0,35
3521,468422,ef419c8f615496747f6510c0,3521,6,14,52,116,351.21875,489.92513368983953,0.203125,0.43850267379679142,False,row1_col0,256,187,0,34
3522,322211,e366b8893ee234784cfdf96a,3522,3,21,28,172,246.828125,728.7185929648241,0.109375,0.72361809045226133,False,row2_col0,256,199,0,28
3523,460232,220c8ee1c69449f9af0ae7f1,3523,8,14,68,116,361.71875,499.8125,0.265625,0.4375,False,row1_col0,256,192,0,32
3524,239825,21eca792f54b686012c5c7ae,3524,17,6,140,52,739.125,196.08333333333334,0.546875,0.10416666666666667,False,row0_col1,256,192,0,32
3525,564725,0ec02acd088fff4c4bbe590f,3525,21,15,172,124,884.390625,532.50802139037432,0.671875,0.48128342245989303,False,row1_col2,256,187,0,34
3526,569710,5676e48fb1caa42ecdd07480,3526,14,11,116,92,570.515625,384.86934673366835,0.453125,0.32160804020100503,False,row0_col1,256,199,0,28
3527,555482,442850a2087d62c7e9453fcd,3527,26,14,212,116,1047.625,483.64516129032256,0.828125,0.43548387096774194,False,row1_col2,256,186,0,35
3528,592207,fe666fef2b8871f5528589d3,3528,15,10,124,84,713.90625,367.82901554404145,0.484375,0.27461139896373055,False,row0_col1,256,193,0,31
3529,98448,7193a011383f62c1ab378a8f,3529,16,4,132,36,661.828125,140.93846153846152,0.515625,0.030769230769230771,False,row0_col1,256,195,0,30
3530,422423,adea380903a21f32cbcdb240,3530,23,16,188,132,925.625,526.375,0.734375,0.52083333333333337,False,row1_col2,256,192,0,32
3531,546782,e47bf05116ca1e4921049cf3,3531,30,30,244,244,1191.015625,1044.1741293532339,0.953125,1.0796019900497513,True,padding_center,256,201,0,27
3532,218742,8ac236c9482943a0fd765323,3532,22,19,180,156,882.875,673.18085106382978,0.703125,0.64893617021276595,False,row1_col2,256,188,0,34
3533,493975,af3de41611057662e83c573b,3533,23,12,188,100,877.40625,417.60638297872339,0.734375,0.35106382978723405,False,row1_col2,256,188,0,34
3534,181959,9dc7738247217dd257b2b574,3534,7,22,60,180,344.15625,762.04188481675396,0.234375,0.77486910994764402,False,row2_col0,256,191,0,32
3535,596594,068d42fadee7759ebbad25c7,3535,18,19,148,156,776.625,659.40837696335075,0.578125,0.64921465968586389,False,row1_col1,256,191,0,32
3536,325338,f5cda31a858d786125df8e22,3536,26,22,212,180,1059.15625,770.90155440414503,0.828125,0.772020725388601,False,row2_col2,256,193,0,31
3537,43545,d140f47bc847b703c1b20aec,3537,25,16,204,132,1039.734375,542.49197860962568,0.796875,0.52406417112299464,False,row1_col2,256,187,0,34
3538,121381,acce3e29a49a891a750d40b5,3538,5,17,44,140,299.265625,599.53439153439149,0.171875,0.56613756613756616,False,row1_col0,256,189,0,33
3539,22057,883516beb4b2df8a83debd55,3539,9,17,76,140,446.234375,586.14507772020727,0.296875,0.56476683937823835,False,row1_col0,256,193,0,31
3540,714529,1e20d9fe7440f3007d646560,3540,1,25,12,204,180.65625,866.44680851063833,0.046875,0.9042553191489362,False,row2_col0,256,188,0,34
3541,531941,e74d21355c7851af07172a36,3541,5,15,44,124,271.890625,522.9405405405405,0.171875,0.48108108108108111,False,row1_col0,256,185,0,35
3542,21052,27a3e701575d464723171cfc,3542,28,17,228,140,1080.46875,594.31016042780755,0.890625,0.5668449197860963,False,row1_col2,256,187,0,34
3543,559501,61b5465c722b8b833ec48621,3543,13,12,108,100,607.109375,418.1720430107527,0.421875,0.34946236559139787,False,row1_col1,256,186,0,35
3544,149099,eb71064c90774c5dc6ff8f78,3544,11,19,92,156,503.03125,667.09523809523807,0.359375,0.65079365079365081,False,row1_col1,256,189,0,33
3545,465101,f4ac4da33960d6b1e1780732,3545,13,6,108,52,527.53125,214.54973821989529,0.421875,0.10471204188481675,False,row0_col1,256,191,0,32
3546,625335,ba9db5a3245e9a9afea5743b,3546,23,21,188,172,916.28125,715.80213903743311,0.734375,0.73796791443850263,False,row2_col2,256,187,0,34
3547,95651,bf67a8c3d85ddf53723e2a60,3547,3,13,28,108,224.953125,434.58510638297872,0.109375,0.39361702127659576,False,row1_col0,256,188,0,34
3548,243288,12ba5a50e7241c96aa552c05,3548,24,18,196,148,983.078125,603.25945945945944,0.765625,0.61081081081081079,False,row1_col2,256,185,0,35
3549,244065,2d869e49280e98d4f624cdc6,3549,1,11,12,92,135.5,397.30456852791878,0.046875,0.31979695431472083,False,row0_col0,256,197,0,29
3550,223006,327de82fac55468d2d3a7dd7,3550,30,24,244,196,1185.015625,823.29120879120876,0.953125,0.87362637362637363,False,row2_col2,256,182,0,37
3551,325273,f5cda31a858d786125df8e22,3551,25,20,204,164,1024.09375,700.68393782383419,0.796875,0.68911917098445596,False,row2_col2,256,193,0,31
3552,732899,6aaaaa257e4ef2c72c304bae,3552,3,23,28,188,249.625,793.25,0.109375,0.8125,False,row2_col0,256,192,0,32
3553,493045,bc5170b2dbd4e825a4bfa3ef,3553,21,15,172,124,832.390625,520.79166666666674,0.671875,0.47916666666666669,False,row1_col2,256,192,0,32
3554,6843,b6eaf5e811a0be7062ed1bb3,3554,27,21,220,172,1035.046875,724.75647668393788,0.859375,0.73056994818652854,False,row2_col2,256,193,0,31
3555,98477,7193a011383f62c1ab378a8f,3555,13,5,108,44,557.859375,175.52307692307693,0.421875,0.07179487179487179,False,row0_col1,256,195,0,30
3556,81387,99a260d84ec3760c5165b1f1,3556,11,15,92,124,490.46875,519.86387434554968,0.359375,0.48167539267015708,False,row1_col1,256,191,0,32
3557,573041,8430cec5bf6a0ee7d4c4b34e,3557,17,19,140,156,754.734375,647.36842105263156,0.546875,0.64736842105263159,False,row1_col1,256,190,0,33
3558,531840,e74d21355c7851af07172a36,3558,0,12,4,100,100.171875,419.67567567567568,0.015625,0.35135135135135137,False,row1_col0,256,185,0,35
3559,548473,31f176914f7ef2559f447dab,3559,25,19,204,156,986.375,668.09836065573768,0.796875,0.65573770491803274,False,row1_col2,256,183,0,36
3560,357864,bacd8d5cf67fb7f5bb3c16e1,3560,8,15,68,124,413.78125,508.91443850267376,0.265625,0.48128342245989303,False,row1_col0,256,187,0,34
3561,601499,cbbfcf781cf2e6b2a448637f,3561,27,12,220,100,1051.03125,408.89583333333337,0.859375,0.35416666666666669,False,row1_col2,256,192,0,32
3562,540028,e2b45792dfc5b8bb9ef98bca,3562,28,11,228,92,1113.921875,390.04232804232799,0.890625,0.31216931216931215,False,row0_col2,256,189,0,33
3563,518567,8e28fe67259d0c825fe1bd0b,3563,7,13,60,108,330.046875,459.81443298969072,0.234375,0.39690721649484534,False,row1_col0,256,194,0,31
3564,301639,e07a60e9493523db2330e39e,3564,7,18,60,148,416.625,621.09677419354841,0.234375,0.60752688172043012,False,row1_col0,256,186,0,35
3565,494038,af3de41611057662e83c573b,3565,22,14,180,116,843.21875,486.11702127659578,0.703125,0.43617021276595747,False,row1_col2,256,188,0,34
3566,545890,e47bf05116ca1e4921049cf3,3566,2,3,20,28,220.640625,110.32338308457712,0.078125,0.0049751243781094526,False,row0_col0,256,201,0,27
3567,599716,7e43c32828df193edc42ddff,3567,4,21,36,172,305.546875,731.63829787234044,0.140625,0.73404255319148937,False,row2_col0,256,188,0,34
3568,549414,b7cc7826ac85ae8215b61101,3568,6,17,52,140,357.625,595.84736842105258,0.203125,0.56315789473684208,False,row1_col0,256,190,0,33
3569,555507,442850a2087d62c7e9453fcd,3569,19,15,156,124,807.875,517.88172043010752,0.609375,0.478494623655914,False,row1_col1,256,186,0,35
3570,69170,25b175f8a0414b88adf3bbf2,3570,18,17,148,140,759.40625,593.14438502673806,0.578125,0.5668449197860963,False,row1_col1,256,187,0,34
3571,584217,7413f29906bbedeb019fea89,3571,25,16,204,132,1013.375,558.63402061855675,0.796875,0.52061855670103097,False,row1_col2,256,194,0,31
3572,58838,7381cb78aaec6db422f04d3f,3572,22,14,180,116,898.734375,477.90000000000003,0.703125,0.43684210526315792,False,row1_col2,256,190,0,33
3573,609863,4b2934de204003644e1cf7cc,3573,7,18,60,148,416.109375,625.5913978494624,0.234375,0.60752688172043012,False,row1_col0,256,186,0,35
3574,577016,eebb80b7602a9bc51384c3b3,3574,24,15,196,124,957.1875,524.43005181347144,0.765625,0.48186528497409326,False,row1_col2,256,193,0,31
3575,463372,f06dd4b0ff466537119cc2af,3575,12,16,100,132,530.125,557.11827956989248,0.390625,0.521505376344086,False,row1_col1,256,186,0,35
3576,512379,91decb18deafedf261951d4d,3576,27,11,220,92,1024.875,392.43850267379685,0.859375,0.31016042780748665,False,row0_col2,256,187,0,34
3577,595793,87721955af6f57a012d16d47,3577,17,26,140,212,684.921875,885.14285714285711,0.546875,0.94708994708994709,False,row2_col1,256,189,0,33
3578,634349,de19dbe16ab3f3ee599806c3,3578,13,15,108,124,572.546875,523.77777777777783,0.421875,0.48148148148148145,False,row1_col1,256,189,0,33
3579,630340,c8ee69c5118846a9c6b2bd2e,3579,4,18,36,148,300.828125,614.17021276595756,0.140625,0.6063829787234043,False,row1_col0,256,188,0,34
3580,351764,4f1c77f5d121ab64501fbab2,3580,20,16,164,132,837.171875,549.81182795698919,0.640625,0.521505376344086,False,row1_col1,256,186,0,35
3581,596506,068d42fadee7759ebbad25c7,3581,26,16,212,132,1050.625,556.74869109947645,0.828125,0.52356020942408377,False,row1_col2,256,191,0,32
3582,595698,87721955af6f57a012d16d47,3582,18,23,148,188,719.203125,782.28571428571433,0.578125,0.82010582010582012,False,row2_col1,256,189,0,33
3583,446716,d20cb62a0da43f7b5a35995c,3583,28,7,228,60,1126.15625,245.2176165803109,0.890625,0.15025906735751296,False,row0_col2,256,193,0,31
3584,562744,feae8edd69230ba2d038a705,3584,24,17,196,140,985.125,590.96858638743458,0.765625,0.56544502617801051,False,row1_col2,256,191,0,32
3585,69235,25b175f8a0414b88adf3bbf2,3585,19,19,156,156,793.96875,662.44919786096261,0.609375,0.65240641711229952,False,row1_col1,256,187,0,34
3586,636768,eaebcbae772a8146aa9919c7,3586,0,27,4,220,115.296875,942.35106382978722,0.015625,0.98936170212765961,False,row2_col0,256,188,0,34
3587,546174,e47bf05116ca1e4921049cf3,3587,30,11,244,92,1191.015625,387.01990049751248,0.953125,0.32338308457711445,False,row0_col2,256,201,0,27
3588,696498,9d07c1fef6d1259f6fa6a262,3588,18,5,148,44,699.40625,174.60869565217391,0.578125,0.043478260869565216,False,row0_col1,256,184,0,36
3589,524751,6393cda3292692bfb1ba6fc7,3589,15,14,124,116,680.90625,482.84210526315792,0.484375,0.43684210526315792,False,row1_col1,256,190,0,33
3590,532273,e74d21355c7851af07172a36,3590,17,25,140,204,684.015625,867.15675675675675,0.546875,0.91351351351351351,False,row2_col1,256,185,0,35
3591,474761,5b0c8102bd3a2a571e7c2c76,3591,9,20,76,164,482.375,700.34042553191489,0.296875,0.69148936170212771,False,row2_col0,256,188,0,34
3592,492354,af227d5d2da548642af3d8e8,3592,2,26,20,212,140.640625,903.42931937172773,0.078125,0.94240837696335078,False,row2_col0,256,191,0,32
3593,595512,87721955af6f57a012d16d47,3593,24,17,196,140,924.890625,576.57142857142867,0.765625,0.56613756613756616,False,row1_col2,256,189,0,33
3594,278026,825a1b23f7b0d75436750d93,3594,10,16,84,132,515.90625,543.46073298429314,0.328125,0.52356020942408377,False,row1_col0,256,191,0,32
3595,676472,36bbd488b40fa9d32e6c7611,3595,24,19,196,156,980.78125,665.8395721925134,0.765625,0.65240641711229952,False,row1_col2,256,187,0,34
3596,248509,da9443ca80beecb493467926,3596,29,21,236,172,1120.359375,740.35789473684213,0.921875,0.73157894736842111,False,row2_col2,256,190,0,33
3597,701018,e9bb5bb030daf0c555014200,3597,26,18,212,148,1035.390625,624.79679144385022,0.828125,0.60962566844919786,False,row1_col2,256,187,0,34
3598,194089,aefb29f0a27380abd8a7072a,3598,9,17,76,140,456.15625,592.79581151832463,0.296875,0.56544502617801051,False,row1_col0,256,191,0,32
3599,596694,068d42fadee7759ebbad25c7,3599,22,22,180,180,913.625,762.06806282722516,0.703125,0.77486910994764402,False,row2_col2,256,191,0,32
3600,556414,b412565dd5f18a8e4ce8533b,3600,30,11,244,92,1146.484375,382.29381443298968,0.953125,0.31443298969072164,False,row0_col2,256,194,0,31
3601,510376,1159f92ec9c55b3c4702769b,3601,8,13,68,108,412.125,463.4086021505376,0.265625,0.39247311827956988,False,row1_col0,256,186,0,35
3602,52774,a11b9324536c4c87684694eb,3602,6,17,52,140,353.265625,587.62162162162167,0.203125,0.56756756756756754,False,row1_col0,256,185,0,35
3603,485784,8ce9e51dbad44f0e4107d965,3603,24,12,196,100,924.890625,422.86910994764395,0.765625,0.35602094240837695,False,row1_col2,256,191,0,32
3604,477937,4232070a33fbc4fa24180e8d,3604,17,23,140,188,701.65625,799.99481865284974,0.546875,0.81347150259067358,False,row2_col1,256,193,0,31
3605,247059,cd0de5b2186c92b842b4814a,3605,19,8,156,68,822.53125,269.55555555555554,0.609375,0.18518518518518517,False,row0_col1,256,189,0,33
3606,53916,7d6e953eea6aeb102463c263,3606,28,20,228,164,1102.59375,686.74736842105267,0.890625,0.68947368421052635,False,row2_col2,256,190,0,33
3607,303374,6d1104b9ed5d737c509d9e3c,3607,14,8,116,68,622.890625,275.48936170212767,0.453125,0.18085106382978725,False,row0_col1,256,188,0,34
3608,479587,516089d2e2e2c9755fbd5142,3608,3,11,28,92,238.203125,388.65957446808511,0.109375,0.30851063829787234,False,row0_col0,256,188,0,34
3609,366247,b9fd7826307ce6bb94f27b18,3609,7,21,60,172,389.328125,722.61290322580646,0.234375,0.73655913978494625,False,row2_col0,256,186,0,35
3610,486634,9ac9ebb9578650063235ec30,3610,10,7,84,60,454.609375,251.50261780104711,0.328125,0.14659685863874344,False,row0_col0,256,191,0,32
3611,17896,48ce223cf3f0cef91d4f9d9c,3611,8,15,68,124,416.78125,526.4098360655737,0.265625,0.48087431693989069,False,row1_col0,256,183,0,36
3612,481815,0493c50e4f0350b831275383,3612,23,16,188,132,959.421875,555.36000000000001,0.734375,0.52000000000000002,False,row1_col2,256,200,0,28
3613,317032,571ee3662d24063a85881fe9,3613,8,19,68,156,425.578125,651.89729729729731,0.265625,0.65405405405405403,False,row1_col0,256,185,0,35
3614,603439,02b8d585b96bf351d6297716,3614,15,9,124,76,647.90625,306.59067357512953,0.484375,0.23316062176165803,False,row0_col1,256,193,0,31
3615,366161,b9fd7826307ce6bb94f27b18,3615,17,18,140,148,737.765625,618.09677419354841,0.546875,0.60752688172043012,False,row1_col1,256,186,0,35
3616,350704,fb0fc8380eda2b3a475c35eb,3616,16,15,132,124,670.21875,505.76595744680856,0.515625,0.47872340425531917,False,row1_col1,256,188,0,34
3617,113207,df25d625c991e5e7eb0f6dc4,3617,23,17,188,140,925.625,585.73913043478251,0.734375,0.56521739130434778,False,row1_col2,256,184,0,36
3618,464133,7a0f74886ddf2564aac2dcae,3618,5,8,44,68,284.546875,289.63636363636363,0.171875,0.18181818181818182,False,row0_col0,256,187,0,34
3619,534951,e6a42e7bbe1942d90ee3b93f,3619,7,13,60,108,356.578125,462.86170212765961,0.234375,0.39361702127659576,False,row1_col0,256,188,0,34
3620,518565,8e28fe67259d0c825fe1bd0b,3620,5,13,44,108,261.234375,459.81443298969072,0.171875,0.39690721649484534,False,row1_col0,256,194,0,31
3621,696855,9d07c1fef6d1259f6fa6a262,3621,23,16,188,132,872.21875,555.304347826087,0.734375,0.52173913043478259,False,row1_col2,256,184,0,36
3622,465649,f4ac4da33960d6b1e1780732,3622,17,23,140,188,664.28125,796.28795811518319,0.546875,0.81675392670157065,False,row2_col1,256,191,0,32
3623,226824,97a12b10cd4059a0d96d7b1c,3623,8,16,68,132,427.78125,544.98378378378379,0.265625,0.5243243243243243,False,row1_col0,256,185,0,35
3624,432697,e858091360537aba1a4ec74e,3624,25,17,204,140,1009.53125,587,0.796875,0.56451612903225812,False,row1_col2,256,186,0,35
3625,655944,2ee1148cf2bfb979a3c11be3,3625,8,18,68,148,393.375,612.56521739130437,0.265625,0.60869565217391308,False,row1_col0,256,184,0,36
3626,200316,3d9a63ef1fa66bf91e525440,3626,28,19,228,156,1118.703125,676.44919786096261,0.890625,0.65240641711229952,False,row1_col2,256,187,0,34
3627,351673,4f1c77f5d121ab64501fbab2,3627,25,13,204,108,1010.140625,445.94086021505376,0.796875,0.39247311827956988,False,row1_col2,256,186,0,35
3628,177343,d3087ca15c39ea0c8f15bf17,3628,31,5,252,44,1195.578125,173.46153846153845,0.984375,0.038461538461538464,False,row0_col2,256,182,0,37
3629,584027,7413f29906bbedeb019fea89,3629,27,10,220,84,1081.875,353.02577319587624,0.859375,0.27319587628865977,False,row0_col2,256,194,0,31
3630,690078,3bfdd25cbb71671f75e39ff5,3630,30,28,244,228,1166.15625,964.5526315789474,0.953125,1.0263157894736843,True,padding_center,256,190,0,33
3631,87625,e1c9abec502219412e89243a,3631,9,18,76,148,431.640625,615.76373626373629,0.296875,0.60989010989010994,False,row1_col0,256,182,0,37
3632,349731,178406615aaeb3e456e1b3cc,3632,3,17,28,140,216.625,574.3650793650794,0.109375,0.56613756613756616,False,row1_col0,256,189,0,33
3633,321068,c334dd8d45005b5a85e577b3,3633,12,17,100,140,536.546875,577.68181818181813,0.390625,0.56060606060606055,False,row1_col1,256,198,0,29
3634,322147,e366b8893ee234784cfdf96a,3634,3,19,28,156,246.828125,658.5276381909548,0.109375,0.64321608040201006,False,row1_col0,256,199,0,28
3635,398841,966b649722faf3cd9026b729,3635,25,15,204,124,1011.734375,488.33333333333331,0.796875,0.48148148148148145,False,row1_col2,256,189,0,33
3636,586232,feca696a5660a740402e9811,3636,24,15,196,124,993.828125,526.57297297297305,0.765625,0.48108108108108111,False,row1_col2,256,185,0,35
3637,43445,d140f47bc847b703c1b20aec,3637,21,13,172,108,901.109375,438.5347593582888,0.671875,0.39572192513368987,False,row1_col2,256,187,0,34
3638,570935,0b5210b7f75c32ce0315b40b,3638,23,17,188,140,944.078125,583.02564102564099,0.734375,0.5641025641025641,False,row1_col2,256,195,0,30
3639,309813,3ffaebc342f5f383bf88b1ed,3639,21,17,172,140,870.125,591.04347826086951,0.671875,0.56521739130434778,False,row1_col2,256,184,0,36
3640,516511,8bb55828650e42ce1359edc9,3640,31,12,252,100,1216.859375,415.70588235294122,0.984375,0.35294117647058826,False,row1_col2,256,187,0,34
3641,320220,105a0d805d335f73991581b8,3641,28,22,228,180,1132.921875,759.04188481675396,0.890625,0.77486910994764402,False,row2_col2,256,191,0,32
3642,155981,2d4ee384e99cbef3dd97b9df,3642,13,10,108,84,567.125,353.78688524590166,0.421875,0.26229508196721313,False,row0_col1,256,183,0,36
3643,565749,cdff67add7326ebbbabf8a48,3643,21,15,172,124,854.0625,525.76923076923072,0.671875,0.47802197802197804,False,row1_col2,256,182,0,37
3644,355042,8deef7cbf795dc5034389593,3644,2,23,20,188,157.859375,798.28571428571433,0.078125,0.82010582010582012,False,row2_col0,256,189,0,33
3645,603590,02b8d585b96bf351d6297716,3645,6,14,52,116,340.21875,477.78238341968915,0.203125,0.44041450777202074,False,row1_col0,256,193,0,31
3646,605605,37007bcf2d5f43196d17bd6c,3646,5,13,44,108,304.0625,460.25531914893617,0.171875,0.39361702127659576,False,row1_col0,256,188,0,34
3647,530949,dc0b4ccd38f08660aa595e39,3647,5,16,44,132,276.03125,567.05263157894728,0.171875,0.52105263157894732,False,row1_col0,256,190,0,33
3648,616041,af9d0070e54aed81fc79e4ef,3648,9,19,76,156,460.234375,647.69841269841277,0.296875,0.65079365079365081,False,row1_col0,256,189,0,33
3649,452243,36a1385eef8168000ac9d2ff,3649,19,20,156,164,766.453125,689.93298969072168,0.609375,0.68556701030927836,False,row2_col1,256,194,0,31
3650,263874,f8d5bac9c8363fd36181c874,3650,2,22,20,180,236.65625,766.29508196721315,0.078125,0.78688524590163933,False,row2_col0,256,183,0,36
3651,514489,80f88014c0d14ab592726fe3,3651,25,13,204,108,977.765625,463.97326203208559,0.796875,0.39572192513368987,False,row1_col2,256,187,0,34
3652,380425,d78a35ec684695d072d6b211,3652,9,16,76,132,429.34375,543.39572192513367,0.296875,0.52406417112299464,False,row1_col0,256,187,0,34
3653,181848,9dc7738247217dd257b2b574,3653,24,18,196,148,933.84375,623.65445026178008,0.765625,0.60732984293193715,False,row1_col2,256,191,0,32
3654,538170,b082c61b6f6397804ebe9514,3654,26,17,212,140,1040.140625,592.627659574468,0.828125,0.56382978723404253,False,row1_col2,256,188,0,34
3655,292339,81f7959be88c5f860c5fc715,3655,19,15,156,124,772.578125,498.37037037037032,0.609375,0.48148148148148145,False,row1_col1,256,189,0,33
3656,620108,c71b7281815add7bc72e0af6,3656,12,18,100,148,556.46875,623.5,0.390625,0.60526315789473684,False,row1_col1,256,190,0,33
3657,565777,cdff67add7326ebbbabf8a48,3657,17,16,140,132,716.5625,560.23076923076928,0.546875,0.52197802197802201,False,row1_col1,256,182,0,37
3658,82522,d04aeafeb9e728e609fa7a9e,3658,26,18,212,148,983.390625,624.52173913043475,0.828125,0.60869565217391308,False,row1_col2,256,184,0,36
3659,377517,e940fcfae63e53b190a0bb8e,3659,13,21,108,172,603.015625,715.17297297297296,0.421875,0.74054054054054053,False,row2_col1,256,185,0,35
3660,655119,d76501c670a10ab364d9061e,3660,15,24,124,196,627.296875,826.61578947368423,0.484375,0.85789473684210527,False,row2_col1,256,190,0,33
3661,532970,830ee1acd4627b4aa99fcc61,3661,10,15,84,124,480.625,525.50259067357513,0.328125,0.48186528497409326,False,row1_col0,256,193,0,31
3662,725511,4e68548ea0608614aa35b760,3662,7,16,60,132,344.15625,548.3478260869565,0.234375,0.52173913043478259,False,row1_col0,256,184,0,36
3663,481795,0493c50e4f0350b831275383,3663,3,16,28,132,266.296875,555.36000000000001,0.109375,0.52000000000000002,False,row1_col0,256,200,0,28
3664,657977,c530cb0c0e739b7c0af0415d,3664,25,17,204,140,960.359375,587.70212765957444,0.796875,0.56382978723404253,False,row1_col2,256,188,0,34
3665,552111,e1bd21e34648fdeb39895cd0,3665,15,5,124,44,610.875,178.51612903225805,0.484375,0.048387096774193547,False,row0_col1,256,186,0,35
3666,78361,fbfdec218cbf0635738d2c12,3666,25,16,204,132,996.140625,554.49171270718239,0.796875,0.52486187845303867,False,row1_col2,256,181,0,37
3667,115274,89b989a81f1da592d59cc87b,3667,10,18,84,148,495.875,631.56521739130437,0.328125,0.60869565217391308,False,row1_col0,256,184,0,36
3668,251534,2fb5196803f6c730af314161,3668,14,20,116,164,636.34375,700.30000000000007,0.453125,0.68947368421052635,False,row2_col1,256,190,0,33
3669,525685,e8abeda485644b2b7acbf9f4,3669,21,11,172,92,817.359375,383.70680628272248,0.671875,0.31413612565445026,False,row0_col2,256,191,0,32
3670,138420,970a0e63436f260f3c624f80,3670,20,5,164,44,841.453125,177.62295081967213,0.640625,0.043715846994535519,False,row0_col1,256,183,0,36
3671,478608,246ad0c43ef94471a87d00f3,3671,16,12,132,100,711.125,423.70588235294122,0.515625,0.35294117647058826,False,row1_col1,256,187,0,34
3672,576069,79609d9f8ec519016767e49f,3672,5,18,44,148,342.375,620.68421052631584,0.171875,0.60526315789473684,False,row1_col0,256,190,0,33
3673,627253,25186f0fe5a6a8eb590010cb,3673,21,17,172,140,857.765625,604.09836065573768,0.671875,0.56830601092896171,False,row1_col2,256,183,0,36
3674,126757,74dba489b837409bdc9002e2,3674,5,25,44,204,325.125,858.33507853403137,0.171875,0.90052356020942403,False,row2_col0,256,191,0,32
3675,698918,1003aab33f20bcdbe2120a89,3675,6,17,52,140,348.875,603.73157894736846,0.203125,0.56315789473684208,False,row1_col0,256,190,0,33
3676,185912,04b10b19c991ff0f07deda16,3676,24,17,196,140,966.78125,596.14438502673806,0.765625,0.5668449197860963,False,row1_col2,256,187,0,34
3677,404231,83857231f379f6809fc9639f,3677,7,24,60,196,407.15625,831.29120879120876,0.234375,0.87362637362637363,False,row2_col0,256,182,0,37
3678,391801,1fae9ba9c99bf430c1e582d7,3678,25,19,204,156,985.140625,660.69841269841277,0.796875,0.65079365079365081,False,row1_col2,256,189,0,33
3679,476611,29967e147eb9c7a768964adf,3679,3,14,28,116,227.203125,492.71428571428572,0.109375,0.43915343915343913,False,row1_col0,256,189,0,33
3680,345716,d966074aac618fed4e291ae3,3680,20,19,164,156,792.046875,657.18461538461543,0.640625,0.64615384615384619,False,row1_col1,256,195,0,30
3681,95831,bf67a8c3d85ddf53723e2a60,3681,23,18,188,148,921.828125,608.41489361702133,0.734375,0.6063829787234043,False,row1_col2,256,188,0,34
3682,327159,829fa0ee35fbd7c1c841a103,3682,23,15,188,124,900.28125,508.27419354838713,0.734375,0.478494623655914,False,row1_col2,256,186,0,35
3683,381546,07b130ea95144215cd673c8b,3683,10,19,84,156,487.59375,649.89999999999998,0.328125,0.64736842105263159,False,row1_col0,256,190,0,33
3684,106011,0f0e951d310459324ed1146f,3684,27,16,220,132,1070.171875,549.70000000000005,0.859375,0.52105263157894732,False,row1_col2,256,190,0,33
3685,388645,296bf32bda705a8c9ebd047c,3685,5,17,44,140,313.234375,590.6521739130435,0.171875,0.56521739130434778,False,row1_col0,256,184,0,36
3686,699567,3298125517c7a54235ced2e8,3686,15,5,124,44,659.78125,169.08510638297872,0.484375,0.053191489361702128,False,row0_col1,256,188,0,34
3687,639461,2f3e9ad50350b43cdcf05159,3687,5,15,44,124,266.265625,518.33333333333326,0.171875,0.48148148148148145,False,row1_col0,256,189,0,33
3688,83466,587b74bfc019c7be94717f25,3688,10,16,84,132,463.859375,545.41935483870964,0.328125,0.521505376344086,False,row1_col0,256,186,0,35
3689,599527,7e43c32828df193edc42ddff,3689,7,15,60,124,408.578125,525.85106382978734,0.234375,0.47872340425531917,False,row1_col0,256,188,0,34
3690,217527,f393274be3847e33f5ac073b,3690,23,13,188,108,894.21875,446.88648648648649,0.734375,0.39459459459459462,False,row1_col2,256,185,0,35
3691,275664,605944fd8272a0a3f3c61ab4,3691,16,6,132,52,691.703125,207.48663101604279,0.515625,0.096256684491978606,False,row0_col1,256,187,0,34
3692,157175,63f23e2fc4a87e66536e23d3,3692,23,15,188,124,947.625,519.77595628415293,0.734375,0.48087431693989069,False,row1_col2,256,183,0,36
3693,151014,6aacc3e88c7b1fee9f8c4019,3693,6,15,52,124,348.875,521.27225130890054,0.203125,0.48167539267015708,False,row1_col0,256,191,0,32
3694,607706,63727db752b5ff12377d012c,3694,26,14,212,116,1052.390625,487.5625,0.828125,0.4375,False,row1_col2,256,192,0,32
3695,282103,802b8776e6e8022705bfa739,3695,23,15,188,124,897.828125,507.61224489795916,0.734375,0.47959183673469385,False,row1_col2,256,196,0,30
3696,97897,e8aecbbad790f36193dfc2a6,3696,9,19,76,156,442.125,653.29230769230776,0.296875,0.64615384615384619,False,row1_col0,256,195,0,30
3697,119300,7f3d7c6e6a7b6f584a7abbea,3697,4,16,36,132,286.96875,555.23711340206182,0.140625,0.52061855670103097,False,row1_col0,256,194,0,31
3698,551293,51a10a40effe2814ad9fdc08,3698,29,11,236,92,1085.140625,383.85714285714283,0.921875,0.31216931216931215,False,row0_col2,256,189,0,33
3699,150122,f494610fdaf77ce6cbdfb0d3,3699,10,19,84,156,483.890625,654.44919786096261,0.328125,0.65240641711229952,False,row1_col0,256,187,0,34
3700,473678,1d12ec902c3113b35c317ef8,3700,14,18,116,148,616.71875,621.26315789473688,0.453125,0.60526315789473684,False,row1_col1,256,190,0,33
3701,159305,ee66320bf7eb01a991a1e561,3701,9,18,76,148,475.125,621.09677419354841,0.296875,0.60752688172043012,False,row1_col0,256,186,0,35
3702,437798,c192edd74fe8165b22e50c5a,3702,6,17,52,140,336.65625,571.95876288659792,0.203125,0.56185567010309279,False,row1_col0,256,194,0,31
3703,492821,bc5170b2dbd4e825a4bfa3ef,3703,21,8,172,68,832.390625,279.875,0.671875,0.1875,False,row0_col2,256,192,0,32
3704,56644,40471d6b4d3d450e63bc3466,3704,4,10,36,84,254.796875,335.41666666666663,0.140625,0.27083333333333331,False,row0_col0,256,192,0,32
3705,639567,2f3e9ad50350b43cdcf05159,3705,15,18,124,148,612.203125,622.33333333333337,0.484375,0.60846560846560849,False,row1_col1,256,189,0,33
3706,282270,802b8776e6e8022705bfa739,3706,30,20,244,164,1141.734375,681.48979591836735,0.953125,0.68367346938775508,False,row2_col2,256,196,0,30
3707,481908,0493c50e4f0350b831275383,3707,20,19,164,156,855.453125,659.51999999999998,0.640625,0.64000000000000001,False,row1_col1,256,200,0,28
3708,569733,5676e48fb1caa42ecdd07480,3708,5,12,44,100,258.609375,419.6030150753769,0.171875,0.36180904522613067,False,row1_col0,256,199,0,28
3709,18202,48ce223cf3f0cef91d4f9d9c,3709,26,24,212,196,1038.90625,836.8360655737705,0.828125,0.87431693989071035,False,row2_col2,256,183,0,36
3710,438742,0aef4825947bf8ad603e523a,3710,22,14,180,116,912.875,470.74193548387098,0.703125,0.43548387096774194,False,row1_col2,256,186,0,35
3711,141863,15d9508324337b875670f947,3711,7,17,60,140,356.328125,601.88481675392677,0.234375,0.56544502617801051,False,row1_col0,256,191,0,32
3712,631164,b63e42826d3c50ac6f3ed58b,3712,28,11,228,92,1085.46875,392.4677419354839,0.890625,0.30645161290322581,False,row0_col2,256,186,0,35
3713,610667,7d13fb8e53e7ca10995faafd,3713,11,11,92,92,506.875,385.93548387096774,0.359375,0.30645161290322581,False,row0_col1,256,186,0,35
3714,701758,8add5feca183d695007a94e7,3714,30,9,244,76,1166.15625,313.04347826086956,0.953125,0.21739130434782608,False,row0_col2,256,184,0,36
3715,119292,7f3d7c6e6a7b6f584a7abbea,3715,28,15,228,124,1113.46875,520.76288659793818,0.890625,0.47938144329896909,False,row1_col2,256,194,0,31
3716,46479,08ad318603104514ade6d68b,3716,15,12,124,100,671.171875,423.3125,0.484375,0.35416666666666669,False,row1_col1,256,192,0,32
3717,324105,e926571edbf8ab4ef6827bb2,3717,9,16,76,132,438.09375,557.24870466321249,0.296875,0.52331606217616577,False,row1_col0,256,193,0,31
3718,133753,2f583ef3203d5ac90b59a547,3718,25,19,204,156,1029.15625,655.18716577540113,0.796875,0.65240641711229952,False,row1_col2,256,187,0,34
3719,558830,27299ddb09d845cec194fcb0,3719,14,23,116,188,624.71875,793.00529100529104,0.453125,0.82010582010582012,False,row2_col1,256,189,0,33
3720,92692,cee542fc544d914ecb84340b,3720,20,16,164,132,811.453125,551.46073298429314,0.640625,0.52356020942408377,False,row1_col1,256,191,0,32
3721,595432,87721955af6f57a012d16d47,3721,8,15,68,124,376.390625,508,0.265625,0.48148148148148145,False,row1_col0,256,189,0,33
3722,558567,27299ddb09d845cec194fcb0,3722,7,15,60,124,385.40625,520.07407407407413,0.234375,0.48148148148148145,False,row1_col0,256,189,0,33
3723,462361,cdd3402e4d0aa4a5fbc61954,3723,25,16,204,132,947.765625,555.28571428571433,0.796875,0.52380952380952384,False,row1_col2,256,189,0,33
3724,87475,e1c9abec502219412e89243a,3724,19,13,156,108,777.578125,443.23626373626377,0.609375,0.39010989010989011,False,row1_col1,256,182,0,37
3725,98870,7193a011383f62c1ab378a8f,3725,22,17,180,140,869.765625,590.53846153846155,0.703125,0.5641025641025641,False,row1_col2,256,195,0,30
3726,210519,1240ac28d17f51ba5c00837b,3726,23,18,188,148,962.953125,603.33333333333337,0.734375,0.60846560846560849,False,row1_col2,256,189,0,33
3727,485630,8ce9e51dbad44f0e4107d965,3727,30,7,244,60,1130.578125,251.7696335078534,0.953125,0.14659685863874344,False,row0_col2,256,191,0,32
3728,559623,61b5465c722b8b833ec48621,3728,7,16,60,132,402.171875,555.11827956989248,0.234375,0.521505376344086,False,row1_col0,256,186,0,35
3729,495093,17686a11fc83b9f929d8d85e,3729,21,15,172,124,898.375,525.88172043010752,0.671875,0.478494623655914,False,row1_col2,256,186,0,35
3730,151101,6aacc3e88c7b1fee9f8c4019,3730,29,17,236,140,1148.125,590.88481675392677,0.921875,0.56544502617801051,False,row1_col2,256,191,0,32
3731,494040,af3de41611057662e83c573b,3731,24,14,196,116,911.59375,486.11702127659578,0.765625,0.43617021276595747,False,row1_col2,256,188,0,34
3732,570730,0b5210b7f75c32ce0315b40b,3732,10,11,84,92,497.609375,377.48717948717945,0.328125,0.31794871794871793,False,row0_col0,256,195,0,30
3733,486908,9ac9ebb9578650063235ec30,3733,28,15,228,124,1072.796875,526.93717277486917,0.890625,0.48167539267015708,False,row1_col2,256,191,0,32
3734,268499,de9b5b17edfdfe734011cfa4,3734,19,6,156,52,822.53125,211.41968911917098,0.609375,0.10880829015544041,False,row0_col1,256,193,0,31
3735,657911,c530cb0c0e739b7c0af0415d,3735,23,15,188,124,891.546875,518.76595744680856,0.734375,0.47872340425531917,False,row1_col2,256,188,0,34
3736,422598,adea380903a21f32cbcdb240,3736,6,22,52,180,334.875,734.875,0.203125,0.77083333333333337,False,row2_col0,256,192,0,32
3737,185945,04b10b19c991ff0f07deda16,3737,25,18,204,148,1001.34375,630.79679144385022,0.796875,0.60962566844919786,False,row1_col2,256,187,0,34
3738,82082,d04aeafeb9e728e609fa7a9e,3738,2,5,20,44,151.640625,174.60869565217391,0.078125,0.043478260869565216,False,row0_col0,256,184,0,36
3739,340338,13b0152a68a53d6271f1d621,3739,18,11,148,92,682.984375,367.25263157894739,0.578125,0.31052631578947371,False,row0_col1,256,190,0,33
3740,569749,5676e48fb1caa42ecdd07480,3740,21,12,172,100,813.109375,419.6030150753769,0.671875,0.36180904522613067,False,row1_col2,256,199,0,28
3741,78342,fbfdec218cbf0635738d2c12,3741,6,16,52,132,338.859375,554.49171270718239,0.203125,0.52486187845303867,False,row1_col0,256,181,0,37
3742,30264,52572823a115b1268cfb144d,3742,24,17,196,140,947.078125,577.4375,0.765625,0.5625,False,row1_col2,256,192,0,32
3743,31270,ebe3ff0005b73eeff00e86a2,3743,6,17,52,140,349.84375,584.91891891891896,0.203125,0.56756756756756754,False,row1_col0,256,185,0,35
3744,150896,6aacc3e88c7b1fee9f8c4019,3744,16,11,132,92,696.375,382.04712041884818,0.515625,0.31413612565445026,False,row0_col1,256,191,0,32
3745,235123,4f2e92e1b80cd39c3cba6440,3745,19,19,156,156,762.53125,651.63829787234044,0.609375,0.64893617021276595,False,row1_col1,256,188,0,34
3746,493175,bc5170b2dbd4e825a4bfa3ef,3746,23,19,188,156,901.078125,658.45833333333337,0.734375,0.64583333333333337,False,row1_col2,256,192,0,32
3747,82427,d04aeafeb9e728e609fa7a9e,3747,27,15,220,124,1018.046875,520.695652173913,0.859375,0.47826086956521741,False,row1_col2,256,184,0,36
3748,68241,a5e44a049f152deb435edd40,3748,17,20,140,164,720.125,690.77419354838719,0.546875,0.69354838709677424,False,row2_col1,256,186,0,35
3749,111174,2c26a77005e1ed9b640e64e2,3749,6,18,52,148,341.234375,629.85714285714289,0.203125,0.60846560846560849,False,row1_col0,256,189,0,33
3750,594189,d8e33de8429b55ebb8877642,3750,13,8,108,68,537.640625,277.76595744680856,0.421875,0.18085106382978725,False,row0_col1,256,188,0,34
3751,602547,4353ce725c8d749885d3c4b7,3751,19,13,156,108,733.875,449.31578947368422,0.609375,0.39473684210526316,False,row1_col1,256,190,0,33
3752,144805,f7f29bc516d8bf1032c86519,3752,5,13,44,108,299.609375,456.1347150259067,0.171875,0.39896373056994816,False,row1_col0,256,193,0,31
3753,280120,7c82c52bae96e3de9eb55c46,3753,24,17,196,140,950.546875,583.91304347826076,0.765625,0.56521739130434778,False,row1_col2,256,184,0,36
3754,595384,87721955af6f57a012d16d47,3754,24,13,196,108,924.890625,439.42857142857139,0.765625,0.3968253968253968,False,row1_col2,256,189,0,33
3755,606575,07487879b83ab8bf265d8c1f,3755,15,11,124,92,691.328125,401.8051282051282,0.484375,0.31794871794871793,False,row0_col1,256,195,0,30
3756,9751,4a3299ef726167046df92253,3756,23,16,188,132,885.421875,561.49197860962568,0.734375,0.52406417112299464,False,row1_col2,256,187,0,34
3757,252463,b36b70847afb10b7d1772c50,3757,15,17,124,140,654.78125,588.83597883597884,0.484375,0.56613756613756616,False,row1_col1,256,189,0,33
3758,528935,7ed463394b5acb61e1574507,3758,7,17,60,140,342.109375,593.375,0.234375,0.5625,False,row1_col0,256,192,0,32
3759,507333,61f217f44bf2fb9b5077b9b6,3759,5,14,44,116,312.375,493.15263157894736,0.171875,0.43684210526315792,False,row1_col0,256,190,0,33
3760,57989,b413a5bd5eafd552edba7fdd,3760,5,20,44,164,299.609375,689.10160427807489,0.171875,0.69518716577540107,False,row2_col0,256,187,0,34
3761,355864,e10a5a39c537eaf14c46b2be,3761,24,16,196,132,953.71875,559.23404255319156,0.765625,0.52127659574468088,False,row1_col2,256,188,0,34
3762,2776,a2e7834787baf26ee424c739,3762,24,22,196,180,939.78125,771.81081081081084,0.765625,0.78378378378378377,False,row2_col2,256,185,0,35
3763,225946,2b4b6352c349b3d52ed92754,3763,26,20,212,164,1041.390625,701.75510204081627,0.828125,0.68367346938775508,False,row2_col2,256,196,0,30
3764,584249,7413f29906bbedeb019fea89,3764,25,17,204,140,1013.375,592.90206185567013,0.796875,0.56185567010309279,False,row1_col2,256,194,0,31
3765,509597,df64943a259e759b69c57f25,3765,29,20,236,164,1131.140625,692.42857142857144,0.921875,0.69312169312169314,False,row2_col2,256,189,0,33
3766,519416,f90b9ab0071176524a75e54f,3766,24,7,196,60,933.125,256.76963350785343,0.765625,0.14659685863874344,False,row0_col2,256,191,0,32
3767,256724,a5544cf8c3f4495df7d798ea,3767,20,22,164,180,826.375,764.41666666666674,0.640625,0.77083333333333337,False,row2_col1,256,192,0,32
3768,603720,02b8d585b96bf351d6297716,3768,8,18,68,148,408.59375,614.73575129533674,0.265625,0.60621761658031093,False,row1_col0,256,193,0,31
3769,437410,c192edd74fe8165b22e50c5a,3769,2,5,20,44,198.40625,156.28865979381442,0.078125,0.067010309278350513,False,row0_col0,256,194,0,31
3770,120282,630be0f098a5ec263bec1d35,3770,26,14,212,116,1044.734375,479.74611398963731,0.828125,0.44041450777202074,False,row1_col2,256,193,0,31
3771,648690,0a002938726018c2f380fd7f,3771,18,15,148,124,730.515625,514.9405405405405,0.578125,0.48108108108108111,False,row1_col1,256,185,0,35
3772,545193,17ff7079be9b18b062834cfc,3772,9,13,76,108,467.484375,459.28723404255322,0.296875,0.39361702127659576,False,row1_col0,256,188,0,34
3773,55959,6d76d8f8a00db7e46f92f530,3773,23,20,188,164,921.953125,700.18085106382978,0.734375,0.69148936170212771,False,row2_col2,256,188,0,34
3774,285052,02942ca02fdcb799d7cb7726,3774,28,11,228,92,1091.375,363.51020408163265,0.890625,0.31632653061224492,False,row0_col2,256,196,0,30
3775,635450,8bf8afec70e5fbe4d7956c1a,3775,26,17,212,140,1073.5,588.21311475409834,0.828125,0.56830601092896171,False,row1_col2,256,183,0,36
3776,162249,60611d165a78aab7eb01b780,3776,9,14,76,116,418.34375,501.78835978835974,0.296875,0.43915343915343913,False,row1_col0,256,189,0,33
3777,523785,df913345c4c2be5eeed41459,3777,9,16,76,132,460.234375,562.4922279792745,0.296875,0.52331606217616577,False,row1_col0,256,193,0,31
3778,617858,e9b79f16d364e3a2fa877ce7,3778,2,12,20,100,204.09375,411.67567567567568,0.078125,0.35135135135135137,False,row1_col0,256,185,0,35
3779,459300,c3cb302619dac53bc3e9a2b8,3779,4,17,36,140,252.84375,599.88297872340422,0.140625,0.56382978723404253,False,row1_col0,256,188,0,34
3780,5673,cc828a68ca0395b4acfbcc94,3780,9,17,76,140,448.15625,599.78378378378375,0.296875,0.56756756756756754,False,row1_col0,256,185,0,35
3781,37335,a7fd04dc104dc13f285e6901,3781,23,14,188,116,916.28125,485.43315508021391,0.734375,0.43850267379679142,False,row1_col2,256,187,0,34
3782,592295,fe666fef2b8871f5528589d3,3782,7,13,60,108,440.40625,470.54404145077717,0.234375,0.39896373056994816,False,row1_col0,256,193,0,31
3783,43417,d140f47bc847b703c1b20aec,3783,25,12,204,100,1039.734375,403.88235294117646,0.796875,0.35294117647058826,False,row1_col2,256,187,0,34
3784,88291,5477e1d816f3af5d3adf2b48,3784,3,7,28,60,227.40625,258.61658031088086,0.109375,0.15025906735751296,False,row0_col0,256,193,0,31
3785,88581,5477e1d816f3af5d3adf2b48,3785,5,16,44,132,296.78125,570.4922279792745,0.171875,0.52331606217616577,False,row1_col0,256,193,0,31
3786,10726,ca1191675acfe9ec5285967b,3786,6,15,52,124,311.84375,531.29999999999995,0.203125,0.47894736842105262,False,row1_col0,256,190,0,33
3787,569700,5676e48fb1caa42ecdd07480,3787,4,11,36,92,223.953125,384.86934673366835,0.140625,0.32160804020100503,False,row0_col0,256,199,0,28
3788,355120,8deef7cbf795dc5034389593,3788,16,25,132,204,638.671875,866.85714285714289,0.515625,0.90476190476190477,False,row2_col1,256,189,0,33
3789,5511,cc828a68ca0395b4acfbcc94,3789,7,12,60,100,379.28125,427.67567567567568,0.234375,0.35135135135135137,False,row1_col0,256,185,0,35
3790,20854,27a3e701575d464723171cfc,3790,22,11,180,92,873.84375,387.67914438502675,0.703125,0.31016042780748665,False,row0_col2,256,187,0,34
3791,406921,837b596140a1742b25c45e12,3791,9,12,76,100,431.640625,407.11538461538458,0.296875,0.34615384615384615,False,row1_col0,256,182,0,37
3792,577128,eebb80b7602a9bc51384c3b3,3792,8,19,68,156,407.1875,662.21243523316059,0.265625,0.64766839378238339,False,row1_col0,256,193,0,31
3793,479912,516089d2e2e2c9755fbd5142,3793,8,21,68,172,409.921875,731.63829787234044,0.265625,0.73404255319148937,False,row2_col0,256,188,0,34
3794,235195,4f2e92e1b80cd39c3cba6440,3794,27,21,220,172,1038.03125,720.57446808510633,0.859375,0.73404255319148937,False,row2_col2,256,188,0,34
3795,163467,558c1de5d92b5f300ff8d7a4,3795,11,20,92,164,512.90625,682.73913043478262,0.359375,0.69565217391304346,False,row2_col1,256,184,0,36
3796,263797,f8d5bac9c8363fd36181c874,3796,21,19,172,156,902.84375,661.2459016393442,0.671875,0.65573770491803274,False,row1_col2,256,183,0,36
3797,189927,b7e0bb24f27963017f1a9f09,3797,7,15,60,124,383.625,513.5934065934066,0.234375,0.47802197802197804,False,row1_col0,256,182,0,37
3798,599431,7e43c32828df193edc42ddff,3798,7,12,60,100,408.578125,422.95744680851067,0.234375,0.35106382978723405,False,row1_col0,256,188,0,34
3799,463202,f06dd4b0ff466537119cc2af,3799,2,11,20,92,187.625,385.93548387096774,0.078125,0.30645161290322581,False,row0_col0,256,186,0,35
3800,151095,6aacc3e88c7b1fee9f8c4019,3800,23,17,188,140,939.625,590.88481675392677,0.734375,0.56544502617801051,False,row1_col2,256,191,0,32
3801,79448,c45bca2ff1189b57883f62b3,3801,24,18,196,148,966.953125,619.62903225806451,0.765625,0.60752688172043012,False,row1_col2,256,186,0,35
3802,151158,6aacc3e88c7b1fee9f8c4019,3802,22,19,180,156,904.875,660.49738219895289,0.703125,0.64921465968586389,False,row1_col2,256,191,0,32
3803,594486,d8e33de8429b55ebb8877642,3803,22,17,180,140,846.734375,586.44680851063822,0.703125,0.56382978723404253,False,row1_col2,256,188,0,34
3804,654075,8a106526a24206c71ac97fc4,3804,27,23,220,188,1029.171875,797.94117647058818,0.859375,0.82352941176470584,False,row2_col2,256,187,0,34
3805,577052,eebb80b7602a9bc51384c3b3,3805,28,16,228,132,1094.6875,558.87564766839375,0.890625,0.52331606217616577,False,row1_col2,256,193,0,31
3806,420443,cca4df1af11b6f70d6b2fea3,3806,27,18,220,148,1056.90625,598.52631578947376,0.859375,0.60526315789473684,False,row1_col2,256,190,0,33
3807,463222,f06dd4b0ff466537119cc2af,3807,22,11,180,92,872.625,385.93548387096774,0.703125,0.30645161290322581,False,row0_col2,256,186,0,35
3808,512473,91decb18deafedf261951d4d,3808,25,14,204,116,956.375,495.24064171122996,0.796875,0.43850267379679142,False,row1_col2,256,187,0,34
3809,599462,7e43c32828df193edc42ddff,3809,6,13,52,108,374.234375,457.25531914893617,0.203125,0.39361702127659576,False,row1_col0,256,188,0,34
3810,181767,9dc7738247217dd257b2b574,3810,7,16,60,132,344.15625,554.46073298429314,0.234375,0.52356020942408377,False,row1_col0,256,191,0,32
3811,614919,57c1f270dff8706bef20031f,3811,7,16,60,132,385.15625,560.33333333333326,0.234375,0.521505376344086,False,row1_col0,256,186,0,35
3812,514582,80f88014c0d14ab592726fe3,3812,22,16,180,132,874.734375,566.77540106951869,0.703125,0.52406417112299464,False,row1_col2,256,187,0,34
3813,178554,dd4ad461de197a243a121525,3813,26,11,212,92,1046.765625,370.21989528795814,0.828125,0.31413612565445026,False,row0_col2,256,191,0,32
3814,526738,5d258a6d34f1b116ab308ce4,3814,18,12,148,100,743.625,401.60638297872339,0.578125,0.35106382978723405,False,row1_col1,256,188,0,34
3815,569894,5676e48fb1caa42ecdd07480,3815,6,17,52,140,293.265625,593.2713567839196,0.203125,0.56281407035175879,False,row1_col0,256,199,0,28
3816,41373,17ee0869be7e617b235e6587,3816,29,12,236,100,1148.515625,410.62433862433863,0.921875,0.35449735449735448,False,row1_col2,256,189,0,33
3817,194183,aefb29f0a27380abd8a7072a,3817,7,20,60,164,387.28125,696.08376963350781,0.234375,0.69109947643979053,False,row2_col0,256,191,0,32
3818,350583,fb0fc8380eda2b3a475c35eb,3818,23,11,188,92,911.28125,367.89361702127655,0.734375,0.30851063829787234,False,row0_col2,256,188,0,34
3819,588249,47ecb67f20914fe9324d2108,3819,25,14,204,116,1003.125,483.66666666666663,0.796875,0.43915343915343913,False,row1_col2,256,189,0,33
3820,464029,7a0f74886ddf2564aac2dcae,3820,29,4,236,36,1107.296875,152.56684491978609,0.921875,0.0106951871657754,False,row0_col2,256,187,0,34
3821,282210,802b8776e6e8022705bfa739,3821,2,19,20,156,166.109375,646.71428571428578,0.078125,0.6428571428571429,False,row1_col0,256,196,0,30
3822,606794,07487879b83ab8bf265d8c1f,3822,10,18,84,148,519.609375,641.88717948717954,0.328125,0.60512820512820509,False,row1_col0,256,195,0,30
3823,417333,fa058e2ffd62b94a6405ac61,3823,21,17,172,140,872.125,563.64432989690727,0.671875,0.56185567010309279,False,row1_col2,256,194,0,31
3824,512487,91decb18deafedf261951d4d,3824,7,15,60,124,339.875,529.50802139037432,0.234375,0.48128342245989303,False,row1_col0,256,187,0,34
3825,506246,53e9a502e46a7b9e168d9115,3825,6,12,52,100,316.625,428.60638297872339,0.203125,0.35106382978723405,False,row1_col0,256,188,0,34
3826,585104,c977bea10bf03c99460cec13,3826,16,12,132,100,671.1875,417.09999999999997,0.515625,0.35263157894736841,False,row1_col1,256,190,0,33
3827,298535,e2d24e5a47106bd7023a7d65,3827,7,17,60,140,370.328125,593.3650793650794,0.234375,0.56613756613756616,False,row1_col0,256,189,0,33
3828,263623,f8d5bac9c8363fd36181c874,3828,7,14,60,116,411.96875,486.1639344262295,0.234375,0.43715846994535518,False,row1_col0,256,183,0,36
3829,639569,2f3e9ad50350b43cdcf05159,3829,17,18,140,148,681.390625,622.33333333333337,0.546875,0.60846560846560849,False,row1_col1,256,189,0,33
3830,449146,a54c971a682d36aeda7976b7,3830,26,19,212,156,1008.90625,645.37704918032784,0.828125,0.65573770491803274,False,row1_col2,256,183,0,36
3831,534290,8213a75d6bb493befa13560d,3831,18,24,148,196,765.625,833.125,0.578125,0.85416666666666663,False,row2_col1,256,192,0,32
3832,547601,57d3f410b6fcba2a57bda29d,3832,17,24,140,196,738.84375,837.61578947368423,0.546875,0.85789473684210527,False,row2_col1,256,190,0,33
3833,701274,e9bb5bb030daf0c555014200,3833,26,26,212,212,1035.390625,902.01604278074865,0.828125,0.95187165775401072,False,row2_col2,256,187,0,34
3834,69174,25b175f8a0414b88adf3bbf2,3834,22,17,180,140,897.65625,593.14438502673806,0.703125,0.5668449197860963,False,row1_col2,256,187,0,34
3835,584118,7413f29906bbedeb019fea89,3835,22,13,180,108,910.625,455.82989690721649,0.703125,0.39690721649484534,False,row1_col2,256,194,0,31
3836,495157,17686a11fc83b9f929d8d85e,3836,21,17,172,140,898.375,594.35483870967744,0.671875,0.56451612903225812,False,row1_col2,256,186,0,35
3837,596453,068d42fadee7759ebbad25c7,3837,5,15,44,124,331.375,522.52879581151831,0.171875,0.48167539267015708,False,row1_col0,256,191,0,32
3838,488968,49f213bf9b926dc2b4b2d138,3838,8,16,68,132,442.921875,563.14893617021278,0.265625,0.52127659574468088,False,row1_col0,256,188,0,34
3839,719611,f92f442ca28c1794b5281ba1,3839,27,23,220,188,1078.625,801.65789473684208,0.859375,0.81578947368421051,False,row2_col2,256,190,0,33
3840,85561,c9fce8b47dde33b4fc8fb311,3840,25,17,204,140,979.53125,598.91578947368419,0.796875,0.56315789473684208,False,row1_col2,256,190,0,33
3841,491896,af227d5d2da548642af3d8e8,3841,24,11,196,92,903.078125,384.47643979057591,0.765625,0.31413612565445026,False,row0_col2,256,191,0,32
3842,75348,21bf7996c01f5174b83a7bf0,3842,20,18,164,148,793.96875,618.20540540540537,0.640625,0.61081081081081079,False,row1_col1,256,185,0,35
3843,555440,442850a2087d62c7e9453fcd,3843,16,13,132,108,705.125,449.4086021505376,0.515625,0.39247311827956988,False,row1_col1,256,186,0,35
3844,409061,f1b1a21a9d97d3eb8ef2a36a,3844,5,15,44,124,325.46875,513.27225130890054,0.171875,0.48167539267015708,False,row1_col0,256,191,0,32
3845,546376,e47bf05116ca1e4921049cf3,3845,8,18,68,148,428.578125,629.1293532338309,0.265625,0.60199004975124382,False,row1_col0,256,201,0,27
3846,9700,4a3299ef726167046df92253,3846,4,15,36,124,226.953125,526.83957219251329,0.140625,0.48128342245989303,False,row1_col0,256,187,0,34
3847,603501,02b8d585b96bf351d6297716,3847,13,11,108,92,579.53125,375.06735751295338,0.421875,0.31606217616580312,False,row0_col1,256,193,0,31
3848,525965,e8abeda485644b2b7acbf9f4,3848,13,20,108,164,544.109375,690.55497382198951,0.421875,0.69109947643979053,False,row2_col1,256,191,0,32
3849,608592,28b53dd19c8f65de13e95cab,3849,16,10,132,84,686.125,358.17112299465242,0.515625,0.26737967914438504,False,row0_col1,256,187,0,34
3850,570937,0b5210b7f75c32ce0315b40b,3850,25,17,204,140,1012.765625,583.02564102564099,0.796875,0.5641025641025641,False,row1_col2,256,195,0,30
3851,620023,c71b7281815add7bc72e0af6,3851,23,15,188,124,935.28125,520.29999999999995,0.734375,0.47894736842105262,False,row1_col2,256,190,0,33
3852,490940,f93c3ed6d29f639d27608bfa,3852,28,13,228,108,1074.796875,458.4795918367347,0.890625,0.39795918367346939,False,row1_col2,256,196,0,30
3853,340528,13b0152a68a53d6271f1d621,3853,16,17,132,140,613.796875,574.91578947368419,0.515625,0.56315789473684208,False,row1_col1,256,190,0,33
3854,579938,a3e72a337b3e2ae08d3ba9ff,3854,2,11,20,92,220.390625,387.50802139037432,0.078125,0.31016042780748665,False,row0_col0,256,187,0,34
3855,531905,e74d21355c7851af07172a36,3855,1,14,12,116,134.515625,488.51891891891893,0.046875,0.43783783783783786,False,row1_col0,256,185,0,35
3856,732724,6aaaaa257e4ef2c72c304bae,3856,20,17,164,140,840.375,584.25,0.640625,0.5625,False,row1_col1,256,192,0,32
3857,427715,a8bb3126ece458be91eaa829,3857,3,22,28,180,246.203125,748.94240837696339,0.109375,0.77486910994764402,False,row2_col0,256,191,0,32
3858,151111,6aacc3e88c7b1fee9f8c4019,3858,7,18,60,148,383.625,625.69109947643983,0.234375,0.60732984293193715,False,row1_col0,256,191,0,32
3859,481606,0493c50e4f0350b831275383,3859,6,10,52,84,370.265625,347.04000000000002,0.203125,0.28000000000000003,False,row0_col0,256,200,0,28
3860,596459,068d42fadee7759ebbad25c7,3860,11,15,92,124,536.875,522.52879581151831,0.359375,0.48167539267015708,False,row1_col1,256,191,0,32
3861,538983,abac48c206f4f9db98c1c8cf,3861,7,11,60,92,383.578125,382.29381443298968,0.234375,0.31443298969072164,False,row0_col0,256,194,0,31
3862,588196,47ecb67f20914fe9324d2108,3862,4,13,36,108,273.375,449,0.140625,0.3968253968253968,False,row1_col0,256,189,0,33
3863,509433,df64943a259e759b69c57f25,3863,25,15,204,124,993.765625,521,0.796875,0.48148148148148145,False,row1_col2,256,189,0,33
3864,58667,7381cb78aaec6db422f04d3f,3864,11,9,92,76,520.953125,305.89999999999998,0.359375,0.22631578947368422,False,row0_col1,256,190,0,33
3865,349585,178406615aaeb3e456e1b3cc,3865,17,12,140,100,703.125,400.39682539682536,0.546875,0.35449735449735448,False,row1_col1,256,189,0,33
3866,384796,ba40733dea98fd31eaa0e5fe,3866,28,24,228,196,1107.703125,819.08648648648648,0.890625,0.87027027027027026,False,row2_col2,256,185,0,35
3867,603525,02b8d585b96bf351d6297716,3867,5,12,44,100,306.03125,409.3056994818653,0.171875,0.35751295336787564,False,row1_col0,256,193,0,31
3868,491929,af227d5d2da548642af3d8e8,3868,25,12,204,100,937.734375,419.07329842931938,0.796875,0.35602094240837695,False,row1_col2,256,191,0,32
3869,482647,08e2b3b386fb9b49a55d363c,3869,23,10,188,84,931.609375,346.49473684210523,0.734375,0.26842105263157895,False,row0_col2,256,190,0,33
3870,513417,43a8d937bdc326d6174ea535,3870,9,12,76,100,473.671875,422.95744680851067,0.296875,0.35106382978723405,False,row1_col0,256,188,0,34
3871,684631,5f992fdd05552118b4d67202,3871,23,18,188,148,940.15625,616.52173913043475,0.734375,0.60869565217391308,False,row1_col2,256,184,0,36
3872,533013,830ee1acd4627b4aa99fcc61,3872,21,16,172,132,857.375,559.78238341968904,0.671875,0.52331606217616577,False,row1_col2,256,193,0,31
3873,577053,eebb80b7602a9bc51384c3b3,3873,29,16,236,132,1129.0625,558.87564766839375,0.921875,0.52331606217616577,False,row1_col2,256,193,0,31
3874,30280,52572823a115b1268cfb144d,3874,8,18,68,148,392.578125,612.0625,0.265625,0.60416666666666663,False,row1_col0,256,192,0,32
3875,509684,df64943a259e759b69c57f25,3875,20,23,164,188,822.046875,795.28571428571433,0.640625,0.82010582010582012,False,row2_col1,256,189,0,33
3876,181711,9dc7738247217dd257b2b574,3876,15,14,124,116,621.65625,485.26701570680632,0.484375,0.43979057591623039,False,row1_col1,256,191,0,32
3877,555705,442850a2087d62c7e9453fcd,3877,25,21,204,172,1013.375,723.30107526881716,0.796875,0.73655913978494625,False,row2_col2,256,186,0,35
3878,503130,d6dbdc0bd6330963f936dfc9,3878,26,10,212,84,1014.734375,345.44615384615383,0.828125,0.27692307692307694,False,row0_col2,256,195,0,30
3879,512930,91decb18deafedf261951d4d,3879,2,29,20,236,168.625,1009.2513368983958,0.078125,1.0802139037433156,True,padding_center,256,187,0,34
3880,489973,113ae33369eea4ce7f0b6955,3880,21,15,172,124,834.390625,527,0.671875,0.48148148148148145,False,row1_col2,256,189,0,33
3881,252493,b36b70847afb10b7d1772c50,3881,13,18,108,148,585.90625,623.29100529100538,0.421875,0.60846560846560849,False,row1_col1,256,189,0,33
3882,92762,cee542fc544d914ecb84340b,3882,26,18,212,148,1019.390625,620.65445026178008,0.828125,0.60732984293193715,False,row1_col2,256,191,0,32
3883,395897,a737d81a01b3a431788a0073,3883,25,19,204,156,965.734375,653.13043478260875,0.796875,0.65217391304347827,False,row1_col2,256,184,0,36
3884,518536,8e28fe67259d0c825fe1bd0b,3884,8,12,68,100,364.453125,425.34020618556701,0.265625,0.35567010309278352,False,row1_col0,256,194,0,31
3885,342550,1b4772939ca9ecd9e08d219a,3885,22,16,180,132,868.875,552.38947368421054,0.703125,0.52105263157894732,False,row1_col2,256,190,0,33
3886,268523,de9b5b17edfdfe734011cfa4,3886,11,7,92,60,547.03125,245.86528497409327,0.359375,0.15025906735751296,False,row0_col1,256,193,0,31
3887,11787,077aa432a213e8c3b3f6523a,3887,11,16,92,132,511.03125,565.36216216216212,0.359375,0.5243243243243243,False,row1_col1,256,185,0,35
3888,480951,7361af587e04e93382fe2d91,3888,23,21,188,172,916.28125,724.60824742268039,0.734375,0.72680412371134018,False,row2_col2,256,194,0,31
3889,671256,9a9832c17e186ccd3563cf20,3889,24,16,196,132,988.953125,548.23404255319156,0.765625,0.52127659574468088,False,row1_col2,256,188,0,34
3890,469265,621fde1bd00dce28d45409a7,3890,17,8,140,68,726.109375,283.11290322580646,0.546875,0.17741935483870969,False,row0_col1,256,186,0,35
3891,228642,5f82d1a18d37b5b71f0e3e13,3891,2,9,20,76,168.40625,316.4375,0.078125,0.22916666666666666,False,row0_col0,256,192,0,32
3892,675142,0a3535e7cb0948b575c9ea8e,3892,6,10,52,84,375.875,340.55384615384617,0.203125,0.27692307692307694,False,row0_col0,256,195,0,30
3893,539034,abac48c206f4f9db98c1c8cf,3893,26,12,212,100,1036.109375,416.56185567010311,0.828125,0.35567010309278352,False,row1_col2,256,194,0,31
3894,570886,0b5210b7f75c32ce0315b40b,3894,6,16,52,132,360.234375,548.76923076923072,0.203125,0.52307692307692311,False,row1_col0,256,195,0,30
3895,501271,d8aec49d4eabf940e94e99b9,3895,23,16,188,132,913.40625,560.77540106951869,0.734375,0.52406417112299464,False,row1_col2,256,187,0,34
3896,364056,64e11d7683e404d870ca400b,3896,24,16,196,132,991.078125,546.46073298429314,0.765625,0.52356020942408377,False,row1_col2,256,191,0,32
3897,196198,8ea3847f318908af74ca363c,3897,6,19,52,156,349.859375,658.25130890052355,0.203125,0.64921465968586389,False,row1_col0,256,191,0,32
3898,539110,abac48c206f4f9db98c1c8cf,3898,6,15,52,124,349.234375,519.36597938144337,0.203125,0.47938144329896909,False,row1_col0,256,194,0,31
3899,305734,e18500f9d7040f601d0fb801,3899,6,18,52,148,327.84375,620.20540540540537,0.203125,0.61081081081081079,False,row1_col0,256,185,0,35
3900,466141,f811b6561edd9f797ff5e802,3900,29,6,236,52,1131.140625,209.17021276595744,0.921875,0.095744680851063829,False,row0_col2,256,188,0,34
3901,592394,fe666fef2b8871f5528589d3,3901,10,16,84,132,542.96875,573.259067357513,0.328125,0.52331606217616577,False,row1_col0,256,193,0,31
3902,572888,8430cec5bf6a0ee7d4c4b34e,3902,24,14,196,116,993.828125,476.84210526315792,0.765625,0.43684210526315792,False,row1_col2,256,190,0,33
3903,16593,f4edc4be6ad1d9afc66e3637,3903,17,6,140,52,714.390625,210.19999999999999,0.546875,0.10000000000000001,False,row0_col1,256,190,0,33
3904,477720,4232070a33fbc4fa24180e8d,3904,24,16,196,132,942.71875,558.87564766839375,0.765625,0.52331606217616577,False,row1_col2,256,193,0,31
3905,517683,f4df64b5ff783c747eb82df3,3905,19,17,156,140,820.703125,597.44680851063822,0.609375,0.56382978723404253,False,row1_col1,256,188,0,34
3906,485980,8ce9e51dbad44f0e4107d965,3906,28,18,228,148,1062.015625,628.18848167539272,0.890625,0.60732984293193715,False,row1_col2,256,191,0,32
3907,86552,77a85f3771060390b13f8469,3907,24,16,196,132,966.078125,553.49197860962568,0.765625,0.52406417112299464,False,row1_col2,256,187,0,34
3908,185869,04b10b19c991ff0f07deda16,3908,13,16,108,132,586.59375,561.49197860962568,0.421875,0.52406417112299464,False,row1_col1,256,187,0,34
3909,101960,f7464ed5a8656ac375a0fb2d,3909,8,18,68,148,445.375,629.16939890710387,0.265625,0.61202185792349728,False,row1_col0,256,183,0,36
3910,569933,5676e48fb1caa42ecdd07480,3910,13,18,108,148,535.859375,628.00502512562809,0.421875,0.60301507537688437,False,row1_col1,256,199,0,28
3911,523797,df913345c4c2be5eeed41459,3911,21,16,172,132,876.109375,562.4922279792745,0.671875,0.52331606217616577,False,row1_col2,256,193,0,31
3912,84324,d97ecfbcd8824d84ea5eae90,3912,4,11,36,92,240.5,383.66298342541438,0.140625,0.30386740331491713,False,row0_col0,256,181,0,37
3913,369926,cb497568001f41f6f930efc3,3913,6,8,52,68,358.65625,267.43478260869563,0.203125,0.17391304347826086,False,row0_col0,256,184,0,36
3914,85573,c9fce8b47dde33b4fc8fb311,3914,5,18,44,148,285.78125,633.52631578947376,0.171875,0.60526315789473684,False,row1_col0,256,190,0,33
3915,191059,9e3ff6a52f10ae8e139d3c38,3915,19,18,156,148,779.40625,626.0625,0.609375,0.60416666666666663,False,row1_col1,256,192,0,32
3916,88804,5477e1d816f3af5d3adf2b48,3916,4,23,36,188,262.09375,813.06217616580307,0.140625,0.81347150259067358,False,row2_col0,256,193,0,31
3917,405063,bdf54f12fbf3d79a93435aa3,3917,7,18,60,148,375.328125,608.55263157894728,0.234375,0.60526315789473684,False,row1_col0,256,190,0,33
3918,594201,d8e33de8429b55ebb8877642,3918,25,8,204,68,949.765625,277.76595744680856,0.796875,0.18085106382978725,False,row0_col2,256,188,0,34
3919,512443,91decb18deafedf261951d4d,3919,27,13,220,108,1024.875,460.97326203208559,0.859375,0.39572192513368987,False,row1_col2,256,187,0,34
3920,604633,e13e69b4c17cd750194fa4bb,3920,25,14,204,116,1001.765625,492.50785340314138,0.796875,0.43979057591623039,False,row1_col2,256,191,0,32
3921,165554,6257a4d8f1cbc9c83fba2d60,3921,18,21,148,172,737.984375,736.3478260869565,0.578125,0.73913043478260865,False,row2_col1,256,184,0,36
3922,54535,d1458cc139bf5041872709d8,3922,7,8,60,68,342.625,282.15789473684208,0.234375,0.18421052631578946,False,row0_col0,256,190,0,33
3923,641836,a96e8fbb128dc3f4ea56a755,3923,12,25,100,204,518.46875,864.47619047619048,0.390625,0.90476190476190477,False,row2_col1,256,189,0,33
3924,569722,5676e48fb1caa42ecdd07480,3924,26,11,212,92,986.390625,384.86934673366835,0.828125,0.32160804020100503,False,row0_col2,256,199,0,28
3925,162100,60611d165a78aab7eb01b780,3925,20,9,164,76,798.53125,328.87830687830683,0.640625,0.2275132275132275,False,row0_col1,256,189,0,33
3926,582253,45bfb62d2b8a12a9724eb563,3926,13,19,108,156,560.53125,660.39361702127655,0.421875,0.64893617021276595,False,row1_col1,256,188,0,34
3927,572271,9183cf46ec95f7416fc2cadd,3927,15,27,124,220,636.90625,923.21052631578948,0.484375,0.98421052631578942,False,row2_col1,256,190,0,33
3928,680514,a068182310908092bce2685c,3928,2,18,20,148,225.484375,619.72131147540983,0.078125,0.61202185792349728,False,row1_col0,256,183,0,36
3929,538094,b082c61b6f6397804ebe9514,3929,14,15,116,124,630.265625,524.45744680851067,0.453125,0.47872340425531917,False,row1_col1,256,188,0,34
3930,43509,d140f47bc847b703c1b20aec,3930,21,15,172,124,901.109375,507.83957219251334,0.671875,0.48128342245989303,False,row1_col2,256,187,0,34
3931,494103,af3de41611057662e83c573b,3931,23,16,188,132,877.40625,554.62765957446811,0.734375,0.52127659574468088,False,row1_col2,256,188,0,34
3932,595587,87721955af6f57a012d16d47,3932,3,20,28,164,204.984375,679.42857142857144,0.109375,0.69312169312169314,False,row2_col0,256,189,0,33
3933,190122,b7e0bb24f27963017f1a9f09,3933,10,21,84,172,487.875,722.47252747252753,0.328125,0.74175824175824179,False,row2_col0,256,182,0,37
3934,304383,fa425b55ae4649a7440cdfd7,3934,31,7,252,60,1191.78125,236.06417112299465,0.984375,0.13903743315508021,False,row0_col2,256,187,0,34
3935,381418,07b130ea95144215cd673c8b,3935,10,15,84,124,487.59375,512.29999999999995,0.328125,0.47894736842105262,False,row1_col0,256,190,0,33
3936,218628,8ac236c9482943a0fd765323,3936,4,16,36,132,257.375,568.88297872340422,0.140625,0.52127659574468088,False,row1_col0,256,188,0,34
3937,516551,8bb55828650e42ce1359edc9,3937,7,14,60,116,394.109375,484.24064171122996,0.234375,0.43850267379679142,False,row1_col0,256,187,0,34
3938,178778,dd4ad461de197a243a121525,3938,26,18,212,148,1046.765625,611.22513089005236,0.828125,0.60732984293193715,False,row1_col2,256,191,0,32
3939,181817,9dc7738247217dd257b2b574,3939,25,17,204,140,968.53125,589.05759162303661,0.796875,0.56544502617801051,False,row1_col2,256,191,0,32
3940,273046,12def0a47aa043439d178972,3940,22,20,180,164,923.875,682.94680851063833,0.703125,0.69148936170212771,False,row2_col2,256,188,0,34
3941,100864,76884f70ebe18c8dbf09d6a5,3941,0,16,4,132,99.40625,557.04615384615386,0.015625,0.52307692307692311,False,row1_col0,256,195,0,30
3942,739866,b612bc23f04a82e4e9573610,3942,26,16,212,132,963.875,564,0.828125,0.52380952380952384,False,row1_col2,256,189,0,33
3943,435865,f5b415202f9796d16305892d,3943,25,20,204,164,1007.765625,682.86956521739125,0.796875,0.69565217391304346,False,row2_col2,256,184,0,36
3944,239267,a9d0ff3cc6fb5dab5212ac12,3944,3,21,28,172,244.421875,723.16315789473686,0.109375,0.73157894736842111,False,row2_col0,256,190,0,33
3945,591434,583fd37185c66e5b35d4ad0d,3945,10,18,84,148,475.9375,620.63959390862942,0.328125,0.60406091370558379,False,row1_col0,256,197,0,29
3946,417292,fa058e2ffd62b94a6405ac61,3946,12,16,100,132,559.375,528.88144329896909,0.390625,0.52061855670103097,False,row1_col1,256,194,0,31
3947,609751,4b2934de204003644e1cf7cc,3947,23,14,188,116,964.609375,488.64516129032256,0.734375,0.43548387096774194,False,row1_col2,256,186,0,35
3948,266825,7b748b5aa4e5e5bc0cc83a80,3948,9,18,76,148,446.234375,627.72131147540983,0.296875,0.61202185792349728,False,row1_col0,256,183,0,36
3949,530890,dc0b4ccd38f08660aa595e39,3949,10,14,84,116,446.96875,498.84210526315792,0.328125,0.43684210526315792,False,row1_col0,256,190,0,33
3950,605625,37007bcf2d5f43196d17bd6c,3950,25,13,204,108,991.5625,460.25531914893617,0.796875,0.39361702127659576,False,row1_col2,256,188,0,34
3951,466369,f811b6561edd9f797ff5e802,3951,1,14,12,116,169.515625,483.55319148936172,0.046875,0.43617021276595747,False,row1_col0,256,188,0,34
3952,321136,c334dd8d45005b5a85e577b3,3952,16,19,132,156,675.921875,647.25757575757575,0.515625,0.64141414141414144,False,row1_col1,256,198,0,29
3953,572907,8430cec5bf6a0ee7d4c4b34e,3953,11,15,92,124,549.796875,510.9473684210526,0.359375,0.47894736842105262,False,row1_col1,256,190,0,33
3954,111144,2c26a77005e1ed9b640e64e2,3954,8,17,68,140,409.921875,595.57142857142867,0.265625,0.56613756613756616,False,row1_col0,256,189,0,33
3955,509495,df64943a259e759b69c57f25,3955,23,17,188,140,925.078125,589.57142857142867,0.734375,0.56613756613756616,False,row1_col2,256,189,0,33
3956,361110,1219cb310706faa103ce419b,3956,22,20,180,164,870.65625,671.86885245901635,0.703125,0.69945355191256831,False,row2_col2,256,183,0,36
3957,528700,7ed463394b5acb61e1574507,3957,28,9,228,76,1062.015625,319.375,0.890625,0.22916666666666666,False,row0_col2,256,192,0,32
3958,534821,e6a42e7bbe1942d90ee3b93f,3958,5,9,44,76,287.890625,325.84042553191489,0.171875,0.22340425531914893,False,row0_col0,256,188,0,34
3959,97957,e8aecbbad790f36193dfc2a6,3959,5,21,44,172,303.125,722.78974358974358,0.171875,0.72820512820512817,False,row2_col0,256,195,0,30
3960,570575,0b5210b7f75c32ce0315b40b,3960,15,6,124,52,669.328125,206.2051282051282,0.484375,0.11282051282051282,False,row0_col1,256,195,0,30
3961,570767,0b5210b7f75c32ce0315b40b,3961,15,12,124,100,669.328125,411.74358974358972,0.484375,0.35897435897435898,False,row1_col1,256,195,0,30
3962,246406,eec0fc6ef0bb51e01c77b789,3962,6,20,52,164,338.28125,689.93298969072168,0.203125,0.68556701030927836,False,row2_col0,256,194,0,31
3963,632106,5b1f5c81c875f06122031a4b,3963,10,9,84,76,475.890625,309.66666666666663,0.328125,0.22043010752688172,False,row0_col0,256,186,0,35
3964,617203,55d9a5ec969dbb3e47e1a2cb,3964,19,23,156,188,799.578125,797.56521739130437,0.609375,0.82608695652173914,False,row2_col1,256,184,0,36
3965,529272,7ed463394b5acb61e1574507,3965,24,27,196,220,924.890625,935.875,0.765625,0.97916666666666663,False,row2_col2,256,192,0,32
3966,83462,587b74bfc019c7be94717f25,3966,6,16,52,132,324.484375,545.41935483870964,0.203125,0.521505376344086,False,row1_col0,256,186,0,35
3967,78421,fbfdec218cbf0635738d2c12,3967,21,18,172,148,857.765625,623.79558011049721,0.671875,0.61325966850828728,False,row1_col2,256,181,0,37
3968,124474,49300051975ddaf699eca8d9,3968,26,17,212,140,1019.59375,603.91891891891896,0.828125,0.56756756756756754,False,row1_col2,256,185,0,35
3969,460110,220c8ee1c69449f9af0ae7f1,3969,14,10,116,84,568.34375,361.97916666666663,0.453125,0.27083333333333331,False,row0_col1,256,192,0,32
3970,498062,df2dd66a2f9f4acffc6fdb65,3970,14,12,116,100,630.265625,421.64705882352945,0.453125,0.35294117647058826,False,row1_col1,256,187,0,34
3971,35190,2943c088e8878c50a249592d,3971,22,11,180,92,912.875,376.05319148936167,0.703125,0.30851063829787234,False,row0_col2,256,188,0,34
3972,178777,dd4ad461de197a243a121525,3972,25,18,204,148,1012.359375,611.22513089005236,0.796875,0.60732984293193715,False,row1_col2,256,191,0,32
3973,64315,389705dbbfe69bc29265ddd8,3973,27,25,220,204,1095.046875,859.72432432432436,0.859375,0.91351351351351351,False,row2_col2,256,185,0,35
3974,510827,1159f92ec9c55b3c4702769b,3974,11,27,92,220,514.875,942.72043010752691,0.359375,0.9946236559139785,False,row2_col1,256,186,0,35
3975,117012,7c41685bf488a58de2fe104b,3975,20,8,164,68,812.171875,282.42105263157896,0.640625,0.18421052631578946,False,row0_col1,256,190,0,33
3976,78130,fbfdec218cbf0635738d2c12,3976,18,9,148,76,753.984375,311.9281767955801,0.578125,0.21546961325966851,False,row0_col1,256,181,0,37
3977,592360,fe666fef2b8871f5528589d3,3977,8,15,68,124,474.59375,539.02072538860102,0.265625,0.48186528497409326,False,row1_col0,256,193,0,31
3978,46756,08ad318603104514ade6d68b,3978,4,21,36,172,289.953125,734.9375,0.140625,0.72916666666666663,False,row2_col0,256,192,0,32
3979,320266,105a0d805d335f73991581b8,3979,10,24,84,196,510.234375,828.2356020942409,0.328125,0.8586387434554974,False,row2_col0,256,191,0,32
3980,18110,48ce223cf3f0cef91d4f9d9c,3980,30,21,244,172,1177.15625,733.36065573770497,0.953125,0.74316939890710387,False,row2_col2,256,183,0,36
3981,258479,dfbe513d6531461f0ef29a6a,3981,15,13,124,108,653.203125,451.47826086956525,0.484375,0.39130434782608697,False,row1_col1,256,184,0,36
3982,706199,745e27be1c9edae1c661541a,3982,23,20,188,164,975.421875,689.56593406593402,0.734375,0.69780219780219777,False,row2_col2,256,182,0,37
3983,505245,5addf17fbe747cbcb767afaf,3983,29,12,236,100,1123.140625,418.58115183246071,0.921875,0.35602094240837695,False,row1_col2,256,191,0,32
3984,173750,75e6d970a10dafc3054e0571,3984,22,21,180,172,917.875,725.04347826086951,0.703125,0.73913043478260865,False,row2_col2,256,184,0,36
3985,70202,168615ffdb851430b5e9e799,3985,26,17,212,140,1055.734375,589.4354838709678,0.828125,0.56451612903225812,False,row1_col2,256,186,0,35
3986,676442,36bbd488b40fa9d32e6c7611,3986,26,18,212,148,1049.90625,631.35828877005349,0.828125,0.60962566844919786,False,row1_col2,256,187,0,34
3987,552488,e1bd21e34648fdeb39895cd0,3987,8,17,68,140,371.125,589.35483870967744,0.265625,0.56451612903225812,False,row1_col0,256,186,0,35
3988,53624,7d6e953eea6aeb102463c263,3988,24,11,196,92,963.84375,375.25263157894739,0.765625,0.31052631578947371,False,row0_col2,256,190,0,33
3989,320010,105a0d805d335f73991581b8,3989,10,16,84,132,510.234375,551.46073298429314,0.328125,0.52356020942408377,False,row1_col0,256,191,0,32
3990,369534,84660a36fd2a77d5af219fa3,3990,30,27,244,220,1199.015625,936.66844919786092,0.953125,0.99465240641711228,False,row2_col2,256,187,0,34
3991,594396,d8e33de8429b55ebb8877642,3991,28,14,228,116,1052.796875,483.55319148936172,0.890625,0.43617021276595747,False,row1_col2,256,188,0,34
3992,676313,36bbd488b40fa9d32e6c7611,3992,25,14,204,116,1015.34375,493.43315508021391,0.796875,0.43850267379679142,False,row1_col2,256,187,0,34
3993,126337,74dba489b837409bdc9002e2,3993,1,12,12,100,186.125,405.85340314136124,0.046875,0.35602094240837695,False,row1_col0,256,191,0,32
3994,739931,b612bc23f04a82e4e9573610,3994,27,18,220,148,998.625,633.33333333333337,0.859375,0.60846560846560849,False,row1_col2,256,189,0,33
3995,596501,068d42fadee7759ebbad25c7,3995,21,16,172,132,879.375,556.74869109947645,0.671875,0.52356020942408377,False,row1_col2,256,191,0,32
3996,100907,76884f70ebe18c8dbf09d6a5,3996,11,17,92,140,482.34375,591.79487179487182,0.359375,0.5641025641025641,False,row1_col1,256,195,0,30
3997,84393,d97ecfbcd8824d84ea5eae90,3997,9,13,76,108,415.5,453.67403314917129,0.296875,0.39226519337016574,False,row1_col0,256,181,0,37
3998,660038,e529d504569d28a662f4d013,3998,6,18,52,148,344.84375,620.74866310160428,0.203125,0.60962566844919786,False,row1_col0,256,187,0,34
3999,512506,91decb18deafedf261951d4d,3999,26,15,212,124,990.625,529.50802139037432,0.828125,0.48128342245989303,False,row1_col2,256,187,0,34
4000,324789,f5cda31a858d786125df8e22,4000,21,5,172,44,883.84375,174.05181347150258,0.671875,0.067357512953367879,False,row0_col2,256,193,0,31
4001,104949,5016a1680615b7fc52e8b7da,4001,21,15,172,124,857.109375,515.18817204301081,0.671875,0.478494623655914,False,row1_col2,256,186,0,35
4002,362005,d80aa3f118aa9582d473ba58,4002,21,16,172,132,865.109375,525.49197860962568,0.671875,0.52406417112299464,False,row1_col2,256,187,0,34
4003,507448,61f217f44bf2fb9b5077b9b6,4003,24,17,196,140,963.125,595.84736842105258,0.765625,0.56315789473684208,False,row1_col2,256,190,0,33
4004,555542,442850a2087d62c7e9453fcd,4004,22,16,180,132,910.625,552.11827956989248,0.703125,0.521505376344086,False,row1_col2,256,186,0,35
4005,639633,2f3e9ad50350b43cdcf05159,4005,17,20,140,164,681.390625,691.66666666666663,0.546875,0.69312169312169314,False,row2_col1,256,189,0,33
4006,489883,113ae33369eea4ce7f0b6955,4006,27,12,220,100,1040.453125,424.14285714285711,0.859375,0.35449735449735448,False,row1_col2,256,189,0,33
4007,484872,0d760570a7d92d299c04d427,4007,8,16,68,132,422.328125,558.16580310880829,0.265625,0.52331606217616577,False,row1_col0,256,193,0,31
4008,256660,a5544cf8c3f4495df7d798ea,4008,20,20,164,164,826.375,694.75,0.640625,0.6875,False,row2_col1,256,192,0,32
4009,481769,0493c50e4f0350b831275383,4009,9,15,76,124,474.234375,520.63999999999999,0.296875,0.47999999999999998,False,row1_col0,256,200,0,28
4010,489947,113ae33369eea4ce7f0b6955,4010,27,14,220,116,1040.453125,492.71428571428572,0.859375,0.43915343915343913,False,row1_col2,256,189,0,33
4011,460587,220c8ee1c69449f9af0ae7f1,4011,11,25,92,204,465.03125,878.85416666666674,0.359375,0.89583333333333337,False,row2_col1,256,192,0,32
4012,480569,7361af587e04e93382fe2d91,4012,25,9,204,76,985.15625,310.91752577319585,0.796875,0.23195876288659795,False,row0_col2,256,194,0,31
4013,285039,02942ca02fdcb799d7cb7726,4013,15,11,124,92,639.625,363.51020408163265,0.484375,0.31632653061224492,False,row0_col1,256,196,0,30
4014,519687,f90b9ab0071176524a75e54f,4014,7,16,60,132,350.875,564.74869109947645,0.234375,0.52356020942408377,False,row1_col0,256,191,0,32
4015,71210,9993d74e02e8a5dd35aaa9d4,4015,10,17,84,140,503.875,591.25806451612902,0.328125,0.56451612903225812,False,row1_col0,256,186,0,35
4016,211542,af05ccec25502117ca3f9a04,4016,22,18,180,148,920.875,632.66666666666674,0.703125,0.60752688172043012,False,row1_col2,256,186,0,35
4017,203305,daca2d861b6d4fd1ea336571,4017,9,17,76,140,445.640625,595,0.296875,0.56451612903225812,False,row1_col0,256,186,0,35
4018,610896,7d13fb8e53e7ca10995faafd,4018,16,18,132,148,678.125,625.5913978494624,0.515625,0.60752688172043012,False,row1_col1,256,186,0,35
4019,261657,c1ff20ff899dc91318e1d07f,4019,25,16,204,132,1022.734375,553,0.796875,0.52380952380952384,False,row1_col2,256,189,0,33
4020,489909,113ae33369eea4ce7f0b6955,4020,21,13,172,108,834.390625,458.42857142857139,0.671875,0.3968253968253968,False,row1_col2,256,189,0,33
4021,529148,7ed463394b5acb61e1574507,4021,28,23,228,188,1062.015625,798.875,0.890625,0.8125,False,row2_col2,256,192,0,32
4022,603673,02b8d585b96bf351d6297716,4022,25,16,204,132,989.78125,546.259067357513,0.796875,0.52331606217616577,False,row1_col2,256,193,0,31
4023,436748,a037fe56d4697f5f86f87b22,4023,12,16,100,132,541.421875,545.95238095238096,0.390625,0.52380952380952384,False,row1_col1,256,189,0,33
4024,596550,068d42fadee7759ebbad25c7,4024,6,18,52,148,365.625,625.18848167539272,0.203125,0.60732984293193715,False,row1_col0,256,191,0,32
4025,293286,50086bd6ca8500ae698af9ac,4025,6,13,52,108,358.65625,440.81443298969072,0.203125,0.39690721649484534,False,row1_col0,256,194,0,31
4026,144987,f7f29bc516d8bf1032c86519,4026,27,18,220,148,1062.046875,629.19170984455968,0.859375,0.60621761658031093,False,row1_col2,256,193,0,31
4027,365197,462b47fa3de976e72a9b5115,4027,13,20,108,164,609.859375,675.10160427807489,0.421875,0.69518716577540107,False,row2_col1,256,187,0,34
4028,491235,f93c3ed6d29f639d27608bfa,4028,3,23,28,188,216.203125,802.5612244897959,0.109375,0.80612244897959184,False,row2_col0,256,196,0,30
4029,514768,80f88014c0d14ab592726fe3,4029,16,22,132,180,668.671875,772.37967914438502,0.515625,0.78074866310160429,False,row2_col1,256,187,0,34
4030,576952,eebb80b7602a9bc51384c3b3,4030,24,13,196,108,957.1875,455.53886010362692,0.765625,0.39896373056994816,False,row1_col2,256,193,0,31
4031,722275,d73bb5badea2954e76301142,4031,3,11,28,92,244.625,374.22580645161293,0.109375,0.30645161290322581,False,row0_col0,256,186,0,35
4032,283004,f882a0ca74adfbbded05504a,4032,28,11,228,92,1107.046875,382.22580645161293,0.890625,0.30645161290322581,False,row0_col2,256,186,0,35
4033,534986,e6a42e7bbe1942d90ee3b93f,4033,10,14,84,116,459.609375,497.11702127659578,0.328125,0.43617021276595747,False,row1_col0,256,188,0,34
4034,559870,61b5465c722b8b833ec48621,4034,30,23,244,188,1187.765625,794.77419354838719,0.953125,0.82258064516129037,False,row2_col2,256,186,0,35
4035,575843,79609d9f8ec519016767e49f,4035,3,11,28,92,273.875,380.7684210526316,0.109375,0.31052631578947371,False,row0_col0,256,190,0,33
4036,68146,a5e44a049f152deb435edd40,4036,18,17,148,140,754.875,586.25806451612902,0.578125,0.56451612903225812,False,row1_col1,256,186,0,35
4037,75367,21bf7996c01f5174b83a7bf0,4037,7,19,60,156,346.28125,652.627027027027,0.234375,0.65405405405405403,False,row1_col0,256,185,0,35
4038,659033,ee0789a261852bef9369707a,4038,25,18,204,148,1023.34375,630.25945945945944,0.796875,0.61081081081081079,False,row1_col2,256,185,0,35
4039,231684,b7e5c36b0fcc32f8da70f625,4039,4,8,36,68,240.796875,275.77297297297298,0.140625,0.17837837837837839,False,row0_col0,256,185,0,35
4040,74473,c51f2c5c0ba8d30ffdf961eb,4040,9,23,76,188,456.640625,800.8360655737705,0.296875,0.8306010928961749,False,row2_col0,256,183,0,36
4041,481543,0493c50e4f0350b831275383,4041,7,8,60,68,404.921875,277.60000000000002,0.234375,0.20000000000000001,False,row0_col0,256,200,0,28
4042,520962,faf3e3da73ae229e7fc9da66,4042,2,24,20,196,203.703125,837.91443850267376,0.078125,0.86631016042780751,False,row2_col0,256,187,0,34
4043,705061,1259266d27a1502f5814f674,4043,5,17,44,140,275.640625,586.16326530612241,0.171875,0.56122448979591832,False,row1_col0,256,196,0,30
4044,570638,0b5210b7f75c32ce0315b40b,4044,14,8,116,68,634.984375,274.71794871794873,0.453125,0.19487179487179487,False,row0_col1,256,195,0,30
4045,570827,0b5210b7f75c32ce0315b40b,4045,11,14,92,116,531.953125,480.25641025641022,0.359375,0.44102564102564101,False,row1_col1,256,195,0,30
4046,698888,1003aab33f20bcdbe2120a89,4046,8,16,68,132,418.375,568.91052631578941,0.265625,0.52105263157894732,False,row1_col0,256,190,0,33
4047,454257,025ca213a8b93a50670ce0b0,4047,17,19,140,156,738.84375,658.25130890052355,0.546875,0.64921465968586389,False,row1_col1,256,191,0,32
4048,420411,cca4df1af11b6f70d6b2fea3,4048,27,17,220,140,1056.90625,563.91578947368419,0.859375,0.56315789473684208,False,row1_col2,256,190,0,33
4049,6465,b6eaf5e811a0be7062ed1bb3,4049,1,10,12,84,133.984375,343.57512953367871,0.046875,0.27461139896373055,False,row0_col0,256,193,0,31
4050,595134,87721955af6f57a012d16d47,4050,30,5,244,44,1130.578125,165.14285714285714,0.953125,0.058201058201058198,False,row0_col2,256,189,0,33
4051,606930,07487879b83ab8bf265d8c1f,4051,18,22,148,180,794.359375,779.07692307692309,0.578125,0.76923076923076927,False,row2_col1,256,195,0,30
4052,575943,79609d9f8ec519016767e49f,4052,7,14,60,116,410.875,483.58947368421053,0.234375,0.43684210526315792,False,row1_col0,256,190,0,33
4053,481736,0493c50e4f0350b831275383,4053,8,14,68,116,439.578125,485.92000000000002,0.265625,0.44,False,row1_col0,256,200,0,28
4054,57958,b413a5bd5eafd552edba7fdd,4054,6,19,52,156,334.265625,654.44919786096261,0.203125,0.65240641711229952,False,row1_col0,256,187,0,34
4055,43528,d140f47bc847b703c1b20aec,4055,8,16,68,132,450.578125,542.49197860962568,0.265625,0.52406417112299464,False,row1_col0,256,187,0,34
4056,448041,558b808638166f54dfdd8633,4056,9,17,76,140,439.125,582.88481675392677,0.296875,0.56544502617801051,False,row1_col0,256,191,0,32
4057,587257,37faa40414dba1a334ec7ebb,4057,25,15,204,124,1008.375,525.88172043010752,0.796875,0.478494623655914,False,row1_col2,256,186,0,35
4058,527024,5d258a6d34f1b116ab308ce4,4058,16,21,132,172,675.125,709.90425531914889,0.515625,0.73404255319148937,False,row2_col1,256,188,0,34
4059,288014,c743bb2801fc5b5e45261132,4059,14,8,116,68,631.34375,278.11290322580646,0.453125,0.17741935483870969,False,row0_col1,256,186,0,35
4060,584183,7413f29906bbedeb019fea89,4060,23,15,188,124,944.875,524.36597938144337,0.734375,0.47938144329896909,False,row1_col2,256,194,0,31
4061,520530,faf3e3da73ae229e7fc9da66,4061,18,10,148,84,752.203125,358.17112299465242,0.578125,0.26737967914438504,False,row0_col1,256,187,0,34
4062,591609,583fd37185c66e5b35d4ad0d,4062,25,23,204,188,991.5625,792.61928934010155,0.796875,0.80710659898477155,False,row2_col2,256,197,0,29
4063,620089,c71b7281815add7bc72e0af6,4063,25,17,204,140,1004.15625,589.09999999999991,0.796875,0.56315789473684208,False,row1_col2,256,190,0,33
4064,68163,a5e44a049f152deb435edd40,4064,3,18,28,148,233.625,621.09677419354841,0.109375,0.60752688172043012,False,row1_col0,256,186,0,35
4065,198187,75eaffb01baa039eb6d5f71b,4065,11,17,92,140,537.546875,585.14438502673806,0.359375,0.5668449197860963,False,row1_col1,256,187,0,34
4066,731587,8e91dc5ebf61a30260770c9c,4066,3,14,28,116,211.53125,476.29787234042556,0.109375,0.43617021276595747,False,row1_col0,256,188,0,34
4067,526924,5d258a6d34f1b116ab308ce4,4067,12,18,100,148,538.125,607.13829787234044,0.390625,0.6063829787234043,False,row1_col1,256,188,0,34
4068,241208,a295a8c6aa450d3d4f552f13,4068,24,17,196,140,1011.671875,585.3650793650794,0.765625,0.56613756613756616,False,row1_col2,256,189,0,33
4069,441910,15b75700160ecc173a4d52a1,4069,22,17,180,140,876.359375,582.14438502673806,0.703125,0.5668449197860963,False,row1_col2,256,187,0,34
4070,461517,439720347b525b459d2cd2a2,4070,13,22,108,180,624.375,782.07692307692309,0.421875,0.76923076923076927,False,row2_col1,256,195,0,30
4071,514617,80f88014c0d14ab592726fe3,4071,25,17,204,140,977.765625,601.04278074866306,0.796875,0.5668449197860963,False,row1_col2,256,187,0,34
4072,476847,29967e147eb9c7a768964adf,4072,15,21,124,172,639.328125,732.71428571428578,0.484375,0.73544973544973546,False,row2_col1,256,189,0,33
4073,535978,7e48cd1658e4af2a0a4efc9b,4073,10,13,84,108,496.953125,463.97326203208559,0.328125,0.39572192513368987,False,row1_col0,256,187,0,34
4074,120444,630be0f098a5ec263bec1d35,4074,28,19,228,156,1113.921875,652.80310880829018,0.890625,0.64766839378238339,False,row1_col2,256,193,0,31
4075,99109,7193a011383f62c1ab378a8f,4075,5,25,44,204,280.609375,867.21538461538466,0.171875,0.89230769230769236,False,row2_col0,256,195,0,30
4076,519483,f90b9ab0071176524a75e54f,4076,27,9,220,76,1035.875,325.20942408376959,0.859375,0.23036649214659685,False,row0_col2,256,191,0,32
4077,595449,87721955af6f57a012d16d47,4077,25,15,204,124,959.171875,508,0.796875,0.48148148148148145,False,row1_col2,256,189,0,33
4078,638257,d51f5564f4e76c5f59463abb,4078,17,9,140,76,736.125,303.35416666666663,0.546875,0.22916666666666666,False,row0_col1,256,192,0,32
4079,569850,5676e48fb1caa42ecdd07480,4079,26,15,212,124,986.390625,523.8040201005025,0.828125,0.48241206030150752,False,row1_col2,256,199,0,28
4080,285167,02942ca02fdcb799d7cb7726,4080,15,15,124,124,639.625,502.61224489795916,0.484375,0.47959183673469385,False,row1_col1,256,196,0,30
4081,142808,1e5e68e0329b0ca73274b4b5,4081,24,14,196,116,972.71875,481.77368421052631,0.765625,0.43684210526315792,False,row1_col2,256,190,0,33
4082,546230,e47bf05116ca1e4921049cf3,4082,22,13,180,108,913.765625,456.19402985074629,0.703125,0.40298507462686567,False,row1_col2,256,201,0,27
4083,590148,a17fa7ec81831aabb30abf4e,4083,4,10,36,84,346.265625,354.36170212765956,0.140625,0.26595744680851063,False,row0_col0,256,188,0,34
4084,176633,1f4ef5622d6a1f36e4aa5bbe,4084,25,15,204,124,1014.734375,514.695652173913,0.796875,0.47826086956521741,False,row1_col2,256,184,0,36
4085,677069,4d5d55e234be8f30903864ed,4085,13,6,108,52,582.90625,208.55319148936172,0.421875,0.095744680851063829,False,row0_col1,256,188,0,34
4086,494256,af3de41611057662e83c573b,4086,16,21,132,172,638.09375,725.90425531914889,0.515625,0.73404255319148937,False,row2_col1,256,188,0,34
4087,50548,ec3ea75e7104e017e03f4921,4087,20,11,164,92,840.328125,396.70000000000005,0.640625,0.31052631578947371,False,row0_col1,256,190,0,33
4088,587240,37faa40414dba1a334ec7ebb,4088,8,15,68,124,426.125,525.88172043010752,0.265625,0.478494623655914,False,row1_col0,256,186,0,35
4089,720476,92aabc20a6f4499561293f2f,4089,28,18,228,148,1110.46875,609.20540540540537,0.890625,0.61081081081081079,False,row1_col2,256,185,0,35
4090,577124,eebb80b7602a9bc51384c3b3,4090,4,19,36,156,269.6875,662.21243523316059,0.140625,0.64766839378238339,False,row1_col0,256,193,0,31
4091,147977,b951568d88267986c2ddff82,4091,9,16,76,132,440.34375,552.304347826087,0.296875,0.52173913043478259,False,row1_col0,256,184,0,36
4092,511493,7e205d3f86dfa2c6e030bdfc,4092,5,16,44,132,311.859375,554.17801047120417,0.171875,0.52356020942408377,False,row1_col0,256,191,0,32
4093,291398,94840b6b6d3b3942dc01dd23,4093,6,18,52,148,329.484375,624.9473684210526,0.203125,0.60526315789473684,False,row1_col0,256,190,0,33
4094,608636,28b53dd19c8f65de13e95cab,4094,28,11,228,92,1097.125,392.43850267379685,0.890625,0.31016042780748665,False,row0_col2,256,187,0,34
4095,692805,b03b20f2cfe9c76ed5856a60,4095,5,18,44,148,329.265625,629.11640211640213,0.171875,0.60846560846560849,False,row1_col0,256,189,0,33
