query_index,flat_index,uniform_nearest_distance,coreset_nearest_distance,uniform_nearest_memory_index,coreset_nearest_memory_index,uniform_query_is_selected_reference,coreset_query_is_selected_reference,source_image_id,feature_map_x,feature_map_y,source_patch_x,source_patch_y,is_padding_patch_center_proxy,normalized_crop_region
0,951,0.431174486875534,1.2068285942077637,217,226,False,False,1398a14ef7fc9ad146f80638,23,29,924.28125,996.29508196721315,True,padding_center
1,1051,0.2523006796836853,1.4507695436477659,3465,15,False,False,a2da421c00740b670bd14bee,27,0,1038.03125,10.695187165775394,True,padding_center
2,1362,1.0037604570388794,1.1699552536010742,1206,1198,False,False,a2da421c00740b670bd14bee,18,10,728.09375,355.50802139037432,False,row0_col1
3,2458,1.3066364526748655,1.2824651002883911,1981,3179,False,False,a2e7834787baf26ee424c739,26,12,1008.90625,425.43243243243245,False,row1_col2
4,2737,1.2652521133422852,1.4026509523391724,246,2791,False,False,a2e7834787baf26ee424c739,17,21,697.84375,737.17297297297296,False,row2_col1
5,3152,0.56528717279434204,0.79916089773178101,1287,286,False,False,72b360ece29c2500d5726a30,16,2,682.28125,67.804232804232811,True,padding_center
6,3525,1.1305580139160156,1.2912513017654419,2193,40,False,False,72b360ece29c2500d5726a30,5,14,302.09375,482.78835978835974,False,row1_col0
7,4059,0.37081703543663019,0.81956303119659424,3536,226,False,False,72b360ece29c2500d5726a30,27,30,1062.46875,1036.1005291005292,True,padding_center
8,4275,1.1702035665512085,1.1085638999938965,1104,2219,False,False,0d71665cc32e00cbf316979e,19,5,811.625,174.79781420765028,False,row0_col1
9,4777,1.1943219900131226,1.3832639455795288,2013,1427,False,False,0d71665cc32e00cbf316979e,9,21,464.125,731.5628415300547,False,row2_col0
10,4953,1.0426468849182129,1.2999244928359983,1869,2581,False,False,0d71665cc32e00cbf316979e,25,26,1020.125,905.55191256830597,False,row2_col2
11,5328,1.3372550010681152,1.182058572769165,4085,1388,False,False,cc828a68ca0395b4acfbcc94,16,6,689.21875,221.14594594594595,False,row0_col1
12,5569,0.92059910297393799,1.1830904483795166,1471,274,False,False,cc828a68ca0395b4acfbcc94,1,14,172.65625,496.51891891891893,False,row1_col0
13,5589,1.3621166944503784,0.97636747360229481,421,1912,False,False,cc828a68ca0395b4acfbcc94,21,14,861.40625,496.51891891891893,False,row1_col2
14,7142,0.26796343922615051,0.91832476854324341,3554,226,False,False,b6eaf5e811a0be7062ed1bb3,6,31,307.265625,1071.2849740932643,True,padding_center
15,7597,1.0867582559585571,1.2841030359268188,995,1054,False,False,a108220fc21cc09e9e4400ef,13,13,601.390625,436.91666666666663,False,row1_col1
16,7631,1.0651571750640867,1.0830323696136477,1843,1400,False,False,a108220fc21cc09e9e4400ef,15,14,671.078125,471.75,False,row1_col1
17,8332,0.80203151702880848,1.1748189926147461,1197,1814,False,False,24af453e607e44b054917896,12,4,581.46875,141.3027027027027,False,row0_col1
18,8398,1.1140055656433103,1.3874101638793943,3894,3372,False,False,24af453e607e44b054917896,14,6,650.34375,210.14594594594595,False,row0_col1
19,9040,0.86473077535629272,1.2513489723205566,644,3130,False,False,24af453e607e44b054917896,16,26,719.21875,898.57837837837837,False,row2_col1
20,9077,0.83266180753707875,0.97092407941818237,3761,2866,False,False,24af453e607e44b054917896,21,27,891.40625,933,True,padding_center
21,9622,1.1461107730865481,1.1018165349960327,1935,2019,False,False,4a3299ef726167046df92253,22,12,850.765625,422.88235294117646,False,row1_col2
22,10283,0.3358619213104248,0.70823466777801514,2001,1706,False,False,ca1191675acfe9ec5285967b,11,1,484.03125,49.700000000000003,True,padding_center
23,10650,0.99396198987960804,1.1622545719146729,3987,3179,False,False,ca1191675acfe9ec5285967b,26,12,1000.59375,428.09999999999997,False,row1_col2
24,10672,0,1.1082583665847778,53,78,True,False,ca1191675acfe9ec5285967b,16,13,656.21875,462.5,False,row1_col1
25,10695,1.5205631256103516,1.2817517518997192,2029,1671,False,False,ca1191675acfe9ec5285967b,7,14,346.28125,496.90000000000003,False,row1_col0
26,10920,1.2180006504058838,1.2223763465881348,1023,2794,False,False,ca1191675acfe9ec5285967b,8,21,380.71875,737.70000000000005,False,row2_col0
27,11087,0.95689558982849121,1.2886803150177002,513,3577,False,False,ca1191675acfe9ec5285967b,15,26,621.78125,909.70000000000005,False,row2_col1
28,11114,0.99516570568084717,1.3788427114486694,1347,3974,False,False,ca1191675acfe9ec5285967b,10,27,449.59375,944.09999999999991,False,row2_col0
29,11251,0.20125308632850639,1.0410064458847046,1020,226,False,False,ca1191675acfe9ec5285967b,19,31,759.53125,1081.7,True,padding_center
30,12108,1.0254313945770264,1.2643281221389773,1675,2765,False,False,077aa432a213e8c3b3f6523a,12,26,545.46875,909.57837837837837,False,row2_col1
31,12213,0.37912526726722712,1.2388750314712524,2523,1249,False,False,077aa432a213e8c3b3f6523a,21,29,855.40625,1012.8432432432433,True,padding_center
32,12728,1.1611310243606567,1.2070633172988892,932,1114,False,False,5335429b96f92c225a06686c,24,13,964.71875,465.0972972972973,False,row1_col2
33,12756,0.87331891059875477,0.95336461067199696,329,836,False,False,5335429b96f92c225a06686c,20,14,826.96875,499.51891891891893,False,row1_col1
34,12837,1.6111059188842771,1.341124415397644,60,3685,False,False,5335429b96f92c225a06686c,5,17,310.40625,602.78378378378375,False,row1_col0
35,12968,1.2894678115844729,1.1012694835662842,1023,2794,False,False,5335429b96f92c225a06686c,8,21,413.71875,740.47027027027025,False,row2_col0
36,13054,1.108803391456604,1.1253304481506348,3921,364,False,False,5335429b96f92c225a06686c,30,23,1171.34375,809.3135135135135,False,row2_col2
37,13093,0.91222095489501964,1.3799011707305908,1236,2164,False,False,5335429b96f92c225a06686c,5,25,310.40625,878.15675675675675,False,row2_col0
38,13643,0.93227708339691162,1.0029712915420532,1804,201,False,False,290e1ce1fae9fbe3b937384c,11,10,507.546875,352.6521739130435,False,row0_col1
39,14071,0.88405263423919667,1.2678819894790647,1340,781,False,False,290e1ce1fae9fbe3b937384c,23,23,923.421875,802.56521739130437,False,row2_col2
40,14200,0.84711259603500355,1.0982925891876221,3978,1767,False,False,290e1ce1fae9fbe3b937384c,24,27,958.078125,941,True,padding_center
41,14369,0.38224279880523682,1.0468950271606443,719,15,False,False,8d4d5e9c6f62a7f7f0b95cb7,1,1,134.125,40.606557377049171,True,padding_center
42,14739,0.93842297792434681,1.343415379524231,17,729,False,False,8d4d5e9c6f62a7f7f0b95cb7,19,12,759.625,423.38251366120221,False,row1_col1
43,14916,1.1075968742370603,1.3364706039428711,1356,2257,False,False,8d4d5e9c6f62a7f7f0b95cb7,4,18,238.375,632.16939890710387,False,row1_col0
44,15240,0.68140178918838501,1.0807346105575562,1257,2012,False,False,8d4d5e9c6f62a7f7f0b95cb7,8,28,377.375,980.14754098360663,True,padding_center
45,15315,0.2072569727897644,0.71293526887893666,2008,226,False,False,8d4d5e9c6f62a7f7f0b95cb7,19,30,759.625,1049.743169398907,True,padding_center
46,16043,0.99727416038513184,1.3836323022842407,2168,1971,False,False,9ce76d5db5c11961db1ca677,11,21,516.625,726.28421052631586,False,row2_col1
47,16170,1.0196057558059692,1.1418687105178833,3902,3517,False,False,9ce76d5db5c11961db1ca677,10,25,481.875,865.39999999999998,False,row2_col0
48,16981,1.7014737129211426,1.3225307464599607,1576,3510,False,False,f4edc4be6ad1d9afc66e3637,21,18,852.765625,625.52631578947376,False,row1_col2
49,17078,1.3037384748458862,1.2560780048370359,83,480,False,False,f4edc4be6ad1d9afc66e3637,22,21,887.359375,729.35789473684213,False,row2_col2
50,17438,0.21520018577575681,0.84097421169280995,1903,2547,False,False,48ce223cf3f0cef91d4f9d9c,30,0,1177.15625,9.0327868852459119,True,padding_center
51,17617,1.3393181562423706,1.2869651317596436,2042,3903,False,False,48ce223cf3f0cef91d4f9d9c,17,6,727.84375,215.98360655737704,False,row0_col1
52,18143,0.92948138713836681,1.1593846082687378,974,1564,False,False,48ce223cf3f0cef91d4f9d9c,31,22,1211.71875,767.85245901639348,False,row2_col2
53,18427,0.35191372036933888,1.0691570043563845,1467,226,False,False,48ce223cf3f0cef91d4f9d9c,27,31,1073.46875,1078.2786885245901,True,padding_center
54,18467,0.25329464673995972,0.81320172548294056,3943,15,False,False,53fb6371aca16bd9381723b1,3,1,227.40625,37.147368421052633,True,padding_center
55,18782,1.5071576833724976,1.1505435705184937,2733,3714,False,False,53fb6371aca16bd9381723b1,30,10,1163.96875,348.64210526315787,False,row0_col2
56,18818,1.0558327436447144,1.3124847412109375,3961,3778,False,False,53fb6371aca16bd9381723b1,2,12,192.71875,417.86315789473684,False,row1_col0
57,19085,1.1211583614349363,1.1698576211929319,1181,2781,False,False,53fb6371aca16bd9381723b1,13,20,574.28125,694.74736842105267,False,row2_col1
58,19343,0.7223173975944519,1.1143730878829956,863,2012,False,False,53fb6371aca16bd9381723b1,15,28,643.65625,971.63157894736844,True,padding_center
59,19831,0.96669518947601318,1.0440691709518433,2267,3818,False,False,50686f2742e029d8a5849b18,23,11,922.28125,377.125,False,row0_col2
60,20327,1.0319873094558716,1.3434480428695681,1386,3965,False,False,50686f2742e029d8a5849b18,7,27,371.28125,927.79166666666663,False,row2_col0
61,20698,1.0098279714584353,1.3810676336288452,1907,1296,False,False,27a3e701575d464723171cfc,26,6,1011.59375,215.48663101604279,False,row0_col2
62,21199,1.2155760526657104,1.2191894054412842,753,1765,False,False,27a3e701575d464723171cfc,15,22,632.78125,766.50267379679144,False,row2_col1
63,21207,0.94607502222061157,1.2850807905197144,1836,2230,False,False,27a3e701575d464723171cfc,23,22,908.28125,766.50267379679144,False,row2_col2
64,21357,0.76420336961746205,1.3802008628845217,1648,1767,False,False,27a3e701575d464723171cfc,13,27,563.90625,938.69518716577534,False,row2_col1
65,21362,0.70982879400253285,1.3674336671829224,900,2866,False,False,27a3e701575d464723171cfc,18,27,736.09375,938.69518716577534,False,row2_col1
66,21427,0.35742864012718201,1.1725931167602539,1184,1700,False,False,27a3e701575d464723171cfc,19,29,770.53125,1007.572192513369,True,padding_center
67,21636,0.95417177677154541,1.3659794330596924,1306,2175,False,False,883516beb4b2df8a83debd55,4,4,272.953125,135.65803108808291,False,row0_col0
68,22948,1.1189872026443479,1.3561227321624756,1367,3169,False,False,aa559f98e5ee1a0c7cc457cf,4,13,291.96875,448.0972972972973,False,row1_col0
69,23095,1.7589560747146606,1.5413192510604858,2239,3800,False,False,aa559f98e5ee1a0c7cc457cf,23,17,946.28125,585.78378378378375,False,row1_col2
70,23238,0.85624164342880238,1.0542024374008181,2053,3736,False,False,aa559f98e5ee1a0c7cc457cf,6,22,360.84375,757.89189189189187,False,row2_col0
71,23725,1.1231144666671753,1.1108943223953247,543,1822,False,False,2a8e2d654846ae67277a627f,13,5,574.90625,166.75806451612902,False,row0_col1
72,23986,0.96588170528411865,1.0776823759078979,2283,2389,False,False,2a8e2d654846ae67277a627f,18,13,747.09375,442.37096774193549,False,row1_col1
73,24377,1.0264965295791626,1.1213469505310061,2517,1632,False,False,2a8e2d654846ae67277a627f,25,25,988.15625,855.79032258064512,False,row2_col2
74,24524,0.234071135520935,0.73504638671875,579,226,False,False,2a8e2d654846ae67277a627f,12,30,540.46875,1028.0483870967741,True,padding_center
75,24694,0.63273566961288452,1.0606714487075806,3749,3454,False,False,173abf95d04f926226332be8,22,3,873.984375,98.253968253968253,True,padding_center
76,24992,0.89504849910736084,1.1129492521286013,3436,321,False,False,173abf95d04f926226332be8,0,13,107.421875,446.19047619047615,False,row1_col0
77,25165,1.0237339735031128,1.1172232627868652,1857,3881,False,False,173abf95d04f926226332be8,13,18,560.390625,620.15873015873012,False,row1_col1
78,25883,0.99317848682403564,1.1919846534729004,1739,1251,False,False,2f242eafe4e64dd1538bc0df,27,8,1043.046875,278.88108108108111,False,row0_col2
79,26060,0.81770908832550038,1.0781704187393188,1863,3075,False,False,2f242eafe4e64dd1538bc0df,12,14,523.203125,486.70810810810815,False,row1_col1
80,26151,1.6801555156707764,0,2957,1988,False,True,2f242eafe4e64dd1538bc0df,7,17,349.921875,590.62162162162167,False,row1_col0
81,26333,1.0532870292663574,1.1085231304168699,1040,3299,False,False,2f242eafe4e64dd1538bc0df,29,22,1112.359375,763.81081081081084,False,row2_col2
82,26505,0.60751348733901966,1.1089369058609009,1894,2012,False,False,2f242eafe4e64dd1538bc0df,9,28,419.234375,971.63783783783788,True,padding_center
83,26679,0.3523203432559967,0.7616121768951416,962,1706,False,False,6ac91469a3c514313640a2f3,23,1,926.421875,33.416216216216213,True,padding_center
84,26772,0.86712753772735585,1.223212718963623,950,376,False,False,6ac91469a3c514313640a2f3,20,4,822.453125,137.32972972972973,False,row0_col1
85,27302,1.0315752029418943,1.2654567956924438,92,2003,False,False,6ac91469a3c514313640a2f3,6,21,337.265625,726.17297297297296,False,row2_col0
86,27353,0.95512664318084717,1.4241605997085571,2462,588,False,False,6ac91469a3c514313640a2f3,25,22,995.734375,760.81081081081084,False,row2_col2
87,28266,1.2382781505584717,1.2232567071914673,2233,3507,False,False,840c73cbd5ab6bc1059f1408,10,19,471.59375,668.08064516129025,False,row1_col0
88,29433,1.1938142776489258,1.1889889240264893,3818,88,False,False,8beb03d8a5bb47d4e9a2581d,25,23,982.34375,795.4486486486486,False,row2_col2
89,30016,0.93473827838897705,1.0229963064193726,813,1452,False,False,52572823a115b1268cfb144d,0,10,115.328125,335.0625,False,row0_col0
90,30590,0.76979058980941772,1.2663127183914185,1529,1618,False,False,52572823a115b1268cfb144d,30,27,1155.015625,923.6875,False,row2_col2
91,30808,0.40301394462585438,1.1994723081588743,65,2162,False,False,ebe3ff0005b73eeff00e86a2,24,2,969.71875,67.297297297297291,True,padding_center
92,31576,0.94701039791107156,1.1398062705993652,136,3194,False,False,ebe3ff0005b73eeff00e86a2,24,26,969.71875,895.4918918918919,False,row2_col2
93,32984,1.1135201454162598,1.3262146711349487,1461,3486,False,False,b2a130710318388be2620233,24,6,950.71875,205.14594594594595,False,row0_col2
94,33010,1.0684517621994021,1.1070255041122437,3460,2557,False,False,b2a130710318388be2620233,18,7,744.09375,239.56756756756758,False,row0_col1
95,33690,0.81527882814407338,1.1548768281936646,658,1767,False,False,b2a130710318388be2620233,26,28,1019.59375,962.42162162162163,True,padding_center
96,33700,0.54483294486999512,1.1847008466720581,3598,1249,False,False,b2a130710318388be2620233,4,29,261.96875,996.84324324324325,True,padding_center
97,34310,1.4238696098327637,1.6507070064544678,3557,138,False,False,881f100f483a5ad2641f7dd5,6,16,349.859375,550.84065934065939,False,row1_col0
98,34750,0.48062151670455933,1.0615441799163818,1851,1249,False,False,881f100f483a5ad2641f7dd5,30,29,1180.109375,1001.6978021978022,True,padding_center
99,34804,0.20884059369564051,1.0527024269104004,2278,226,False,False,881f100f483a5ad2641f7dd5,20,31,834.171875,1071.0604395604396,True,padding_center
100,34883,0.48332065343856812,1.0665426254272461,3998,2162,False,False,2943c088e8878c50a249592d,3,2,252.625,63.159574468085111,True,padding_center
101,34996,1.0174682140350342,1.1858024597167969,1777,3670,False,False,2943c088e8878c50a249592d,20,5,843.375,167.45744680851064,False,row0_col1
102,35175,0.91556477546691883,1.2467355728149414,1917,3455,False,False,2943c088e8878c50a249592d,7,11,391.625,376.05319148936167,False,row0_col0
103,35362,1.2618687152862549,1.1067957878112793,698,424,False,False,2943c088e8878c50a249592d,2,17,217.875,584.64893617021278,False,row1_col0
104,35468,1.1640152931213379,0.76139521598815907,625,1157,False,False,2943c088e8878c50a249592d,12,20,565.375,688.94680851063833,False,row2_col1
105,35559,1.0179542303085327,0.76155924797058105,861,781,False,False,2943c088e8878c50a249592d,7,23,391.625,793.24468085106389,False,row2_col0
106,35843,0.31015384197235102,1.275418758392334,1878,15,False,False,b87cc3cd7848f16bb59b3b5f,3,0,260.296875,-1.8936170212766115,True,padding_center
107,36041,1.0263291597366333,1.3664267063140867,3628,2989,False,False,b87cc3cd7848f16bb59b3b5f,9,6,468.234375,205.93617021276594,False,row0_col0
108,36999,0.75369846820831288,1.2335865497589111,2218,2501,False,False,a7fd04dc104dc13f285e6901,7,4,365.28125,140.62032085561498,False,row0_col0
109,37404,1.0661373138427734,1.184137225151062,1179,764,False,False,a7fd04dc104dc13f285e6901,28,16,1088.46875,554.39572192513367,False,row1_col2
110,37530,1.4504410028457642,1.1757724285125732,1993,953,False,False,a7fd04dc104dc13f285e6901,26,20,1019.59375,692.32085561497331,False,row2_col2
111,37578,0.76514977216720581,1.2249327898025513,1059,2348,False,False,a7fd04dc104dc13f285e6901,10,22,468.59375,761.28342245989302,False,row2_col0
112,37812,0.45551657676696772,1.1716183423995972,3695,1700,False,False,a7fd04dc104dc13f285e6901,20,29,812.96875,1002.6524064171124,True,padding_center
113,37947,0.31303071975708002,1.1532738208770752,96,15,False,False,cd5f1e1ce722bde05617cea3,27,1,1060.03125,44.700000000000003,True,padding_center
114,38165,0.91855609416961681,1.222591757774353,1013,520,False,False,cd5f1e1ce722bde05617cea3,21,8,853.40625,285.5,False,row0_col2
115,38195,1.2507284879684448,1.2981711626052856,1449,552,False,False,cd5f1e1ce722bde05617cea3,19,9,784.53125,319.89999999999998,False,row0_col1
116,38585,1.4583175182342527,1.1842978000640867,1154,1383,False,False,cd5f1e1ce722bde05617cea3,25,21,991.15625,732.70000000000005,False,row2_col2
117,39232,0.86038857698440552,1.2022207975387571,813,1452,False,False,2621e0e5fef600ad180b0661,0,10,137.28125,358.06989247311827,False,row0_col0
118,39462,1.4204978942871094,1.4366363286972046,537,3602,False,False,2621e0e5fef600ad180b0661,6,17,344.65625,600.4354838709678,False,row1_col0
119,39519,1.002400279045105,1.246307373046875,1246,2913,False,False,2621e0e5fef600ad180b0661,31,18,1208.71875,635.05913978494618,False,row1_col2
120,39546,1.5176740884780884,1.2003215551376345,2457,3431,False,False,2621e0e5fef600ad180b0661,26,19,1035.90625,669.68279569892468,False,row1_col2
121,39759,0.95756733417510975,1.4322696924209597,513,3577,False,False,2621e0e5fef600ad180b0661,15,26,655.71875,912.04838709677426,False,row2_col1
122,40519,1.8673266172409055,1.509221076965332,357,1467,False,False,d60c6fc93e9eed8f0286cc7b,7,18,388.625,629.70270270270271,False,row1_col0
123,41028,0.48377946019172657,0.94796937704086304,2401,2162,False,False,17ee0869be7e617b235e6587,4,2,283.671875,64.804232804232811,True,padding_center
124,41293,1.1282873153686523,1.3384709358215332,364,2786,False,False,17ee0869be7e617b235e6587,13,10,595.015625,341.46031746031747,False,row0_col1
125,42401,1.1203014850616455,1.2770508527755735,594,3157,False,False,cbcb40349280f379f97f72d4,1,13,188.65625,459.0972972972973,False,row1_col0
126,42549,1.4674488306045532,1.1633822917938232,3784,2796,False,False,cbcb40349280f379f97f72d4,21,17,877.40625,596.78378378378375,False,row1_col2
127,43278,1.0438705682754517,1.0038548707962036,3933,4059,False,False,d140f47bc847b703c1b20aec,14,8,658.515625,265.27272727272725,False,row0_col1
128,43587,1.6336092948913574,1.4054069519042969,1439,1085,False,False,d140f47bc847b703c1b20aec,3,18,277.296875,611.79679144385022,False,row1_col0
129,43749,1.1576555967330933,1.3460355997085571,2341,2277,False,False,d140f47bc847b703c1b20aec,5,23,346.609375,785.05882352941171,False,row2_col0
130,44118,0.48124733567237848,1.155296802520752,3484,2162,False,False,ab203b05744a96fec97462f3,22,2,897.65625,82.757894736842104,True,padding_center
131,44687,1.2449437379837036,1.2309845685958862,1357,3373,False,False,ab203b05744a96fec97462f3,15,20,655.71875,705.74736842105267,False,row2_col1
132,45275,1.1397168636322019,1.4008097648620603,2250,1296,False,False,62e720c2614a5a925bc7244b,27,6,1100.625,198.69999999999999,False,row0_col2
133,45323,0.98487740755081155,1.1358475685119629,1564,2544,False,False,62e720c2614a5a925bc7244b,11,8,544.625,268.34210526315792,False,row0_col1
134,45560,1.3984173536300659,1.4597324132919312,3634,3560,False,False,62e720c2614a5a925bc7244b,24,15,996.375,512.08947368421059,False,row1_col2
135,45758,1.2638378143310549,1.2405257225036621,3500,2526,False,False,62e720c2614a5a925bc7244b,30,21,1204.875,721.01578947368421,False,row2_col2
136,46206,0.79365622997283936,1.2305631637573242,184,1572,False,False,08ad318603104514ade6d68b,30,3,1191.015625,111.6875,True,padding_center
137,46503,1.0822685956954956,1.2366232872009275,2060,264,False,False,08ad318603104514ade6d68b,7,13,393.921875,457.9375,False,row1_col0
138,46652,1.1413421630859375,1.433168888092041,167,2775,False,False,08ad318603104514ade6d68b,28,17,1121.703125,596.4375,False,row1_col2
139,47012,0.52992069721221924,1.2426031827926636,1101,3879,False,False,08ad318603104514ade6d68b,4,29,289.953125,1011.9375,True,padding_center
140,48047,0.36637517809867848,1.2008204460144043,514,1700,False,False,b87c381e4a842e0b20bf5138,15,29,645.203125,997.97326203208559,True,padding_center
141,48105,0.24635353684425351,0.99782913923263561,528,226,False,False,b87c381e4a842e0b20bf5138,9,31,437.640625,1067.2780748663101,True,padding_center
142,48240,0.65282553434371937,1.1241226196289062,1557,2233,False,False,70167206a708a11cfa66d657,16,3,709.796875,101.66666666666666,True,padding_center
143,48853,1.0506875514984133,1.1685454845428469,4077,288,False,False,70167206a708a11cfa66d657,21,22,882.765625,760.33333333333326,False,row2_col2
144,49640,1.3073921203613279,1.4038792848587036,722,3044,False,False,f25970dc2c335751b35e4cfc,8,15,435.71875,516.2578947368421,False,row1_col0
145,50667,1.0852164030075071,1.2584991455078125,1611,114,False,False,ec3ea75e7104e017e03f4921,11,15,530.671875,534.29999999999995,False,row1_col1
146,50806,1.3715457916259766,1.1091581583023071,154,995,False,False,ec3ea75e7104e017e03f4921,22,19,909.140625,671.89999999999998,False,row1_col2
147,52452,0.91639518737792958,1.272125244140625,260,294,False,False,a11b9324536c4c87684694eb,4,7,283.953125,241.24324324324326,False,row0_col0
148,52554,0.80634742975234985,1.2558767795562744,3771,1811,False,False,a11b9324536c4c87684694eb,10,10,491.890625,345.15675675675675,False,row0_col0
149,52890,1.5152555704116819,1.2071158885955813,2219,953,False,False,a11b9324536c4c87684694eb,26,20,1046.390625,691.53513513513508,False,row2_col2
150,53221,0.24055178463459009,0.967826247215271,1877,226,False,False,a11b9324536c4c87684694eb,5,31,318.609375,1072.5513513513515,True,padding_center
151,53334,0.47483757138252253,1.1534284353256226,192,2162,False,False,7d6e953eea6aeb102463c263,22,2,894.46875,63.757894736842104,True,padding_center
152,53358,0.93057101964950562,1.1510752439498899,353,2233,False,False,7d6e953eea6aeb102463c263,14,3,616.96875,98.368421052631575,True,padding_center
153,54816,1.1225494146347046,0.9833034873008728,2259,3941,False,False,d1458cc139bf5041872709d8,0,17,99.375,595.16842105263163,False,row1_col0
154,55215,0.48107326030731201,1.2417781352996826,2026,1700,False,False,d1458cc139bf5041872709d8,15,29,620.625,1012.5157894736842,True,padding_center
155,55218,0.48942244052886957,1.2284923791885376,2026,1700,False,False,d1458cc139bf5041872709d8,18,29,724.875,1012.5157894736842,True,padding_center
156,55978,0.8600471019744873,1.1159833669662476,2166,3933,False,False,6d76d8f8a00db7e46f92f530,10,21,472.234375,734.77659574468089,False,row2_col0
157,55989,1.0467790365219116,1.2758356332778933,83,3203,False,False,6d76d8f8a00db7e46f92f530,21,21,852.765625,734.77659574468089,False,row2_col2
158,56025,0.98507529497146595,1.1925840377807615,2462,185,False,False,6d76d8f8a00db7e46f92f530,25,22,991.140625,769.37234042553189,False,row2_col2
159,56269,0.30109325051307673,0.83850944042205811,3495,226,False,False,6d76d8f8a00db7e46f92f530,13,30,576.015625,1046.1382978723404,True,padding_center
160,56517,0.97756177186965942,1.4389350414276123,283,1731,False,False,40471d6b4d3d450e63bc3466,5,6,289.640625,196.08333333333334,False,row0_col0
161,57460,0.68532413244247425,1.1722923517227173,4084,3454,False,False,b413a5bd5eafd552edba7fdd,20,3,819.453125,100.01069518716577,True,padding_center
162,57567,0.91213172674179077,1.284091591835022,2149,987,False,False,b413a5bd5eafd552edba7fdd,31,6,1200.671875,203.96791443850267,False,row0_col2
163,57601,1.1113173961639404,1.2918305397033691,3123,950,False,False,b413a5bd5eafd552edba7fdd,1,8,160.984375,273.27272727272725,False,row0_col0
164,58044,1.2368043661117554,1.4872914552688601,28,2549,False,False,b413a5bd5eafd552edba7fdd,28,21,1096.703125,723.75401069518716,False,row2_col2
165,58215,0.96323472261428844,1.3260225057601929,2263,322,False,False,b413a5bd5eafd552edba7fdd,7,27,368.921875,931.66844919786092,False,row2_col0
166,59025,1.156196117401123,1.4595044851303101,294,3748,False,False,7381cb78aaec6db422f04d3f,17,20,727.015625,684.30000000000007,False,row2_col1
167,59564,1.236065149307251,1.2657076120376587,543,1625,False,False,4fc95a77b6b1e2f554f692f3,12,5,538.421875,170.82162162162163,False,row0_col1
168,59702,0.99749881029129017,1.2675095796585083,1524,779,False,False,4fc95a77b6b1e2f554f692f3,22,9,884.359375,308.85405405405407,False,row0_col2
169,60294,0.64379268884658813,1.1932027339935305,270,2012,False,False,4fc95a77b6b1e2f554f692f3,6,28,330.859375,964.5081081081081,True,padding_center
170,60328,0.52398175001144398,1.0443927049636841,1676,226,False,False,4fc95a77b6b1e2f554f692f3,8,29,400.046875,999.01621621621621,True,padding_center
171,60395,0.25464048981666559,0.95456558465957642,2472,226,False,False,4fc95a77b6b1e2f554f692f3,11,31,503.828125,1068.0324324324324,True,padding_center
172,60663,0.99317777156829845,1.4011807441711426,1822,1185,False,False,cb14ed724416e3ae9c8de0f8,23,7,905.21875,247.83783783783784,False,row0_col2
173,60910,1.1900562047958374,1.1825412511825562,1693,1976,False,False,cb14ed724416e3ae9c8de0f8,14,15,594.15625,523.90270270270275,False,row1_col1
174,61172,1.081000804901123,1.2229278087615969,1346,3964,False,False,cb14ed724416e3ae9c8de0f8,20,23,801.53125,799.96756756756758,False,row2_col1
175,61947,1.2574918270111084,1.1575177907943726,558,1328,False,False,644451a428137460b23f1c3a,27,15,1054.046875,520.695652173913,False,row1_col2
176,62154,0.96002805233001698,1.2587431669235227,253,1243,False,False,644451a428137460b23f1c3a,10,22,464.890625,762.95652173913049,False,row2_col0
177,62290,0.87502354383468617,0.90210765600204457,644,3130,False,False,644451a428137460b23f1c3a,18,26,742.140625,901.39130434782612,False,row2_col1
178,63068,1.3283095359802246,1.2844946384429932,2127,3519,False,False,e584dcc4ff24f5258a7a5537,28,18,1102.375,624.41489361702133,False,row1_col2
179,63602,0.62757039070129395,1.1097886562347412,4022,2233,False,False,389705dbbfe69bc29265ddd8,18,3,783.140625,97.691891891891885,True,padding_center
180,63672,0.92196434736251842,1.3939040899276731,3417,3261,False,False,389705dbbfe69bc29265ddd8,24,5,991.078125,166.96756756756758,False,row0_col2
181,63829,0.87685936689376831,1.0891814231872561,4002,3113,False,False,389705dbbfe69bc29265ddd8,21,10,887.109375,340.15675675675675,False,row0_col2
182,63980,0.87508320808410645,1.1943970918655396,1368,1554,False,False,389705dbbfe69bc29265ddd8,12,15,575.203125,513.34594594594591,False,row1_col1
183,64414,0.66711664199829102,1.0914580821990969,324,3630,False,False,389705dbbfe69bc29265ddd8,30,28,1199.015625,963.63783783783788,True,padding_center
184,64474,0.37011128664016718,0.63444405794143666,743,226,False,False,389705dbbfe69bc29265ddd8,26,30,1060.390625,1032.9135135135134,True,padding_center
185,64674,1.0130330324172974,1.1917324066162107,3928,3769,False,False,db58b895d25ece9db831dde2,2,5,171.109375,178.82608695652175,False,row0_col0
186,64686,1.0855517387390137,1.4453024864196775,288,1822,False,False,db58b895d25ece9db831dde2,14,5,589.234375,178.82608695652175,False,row0_col1
187,65218,1.1501145362854004,1.3451294898986816,972,3650,False,False,db58b895d25ece9db831dde2,2,22,171.109375,770.86956521739137,False,row2_col0
188,65305,0.88667315244674683,1.2642889022827148,1939,3709,False,False,db58b895d25ece9db831dde2,25,24,972.515625,840.52173913043475,False,row2_col2
189,65356,0.91989398002624523,1.3635295629501345,3977,2765,False,False,db58b895d25ece9db831dde2,12,26,519.546875,910.17391304347825,False,row2_col1
190,66187,1.0171202421188354,1.0237798690795898,456,3795,False,False,af9f5bd76806962693118d19,11,20,514.03125,686.62566844919786,False,row2_col1
191,66592,0.25939720869064331,1.0827597379684448,1026,746,False,False,795479733aefc40b934277a4,0,1,129.28125,53.861702127659569,True,padding_center
192,66619,0.40888315439224238,1.1374568939208984,96,15,False,False,795479733aefc40b934277a4,27,1,1062.46875,53.861702127659569,True,padding_center
193,67640,0.31489843130111689,0.88842654228210438,1885,1706,False,False,a5e44a049f152deb435edd40,24,1,963.375,28.838709677419359,True,padding_center
194,68933,1.0994632244110107,1.1928906440734863,3716,2621,False,False,25b175f8a0414b88adf3bbf2,5,10,310.09375,350.57754010695191,False,row0_col0
195,69504,0.56035047769546498,1.3223979473114014,1649,865,False,False,25b175f8a0414b88adf3bbf2,0,28,137.28125,974.3208556149732,True,padding_center
196,70001,1.2586833238601685,1.2937076091766355,446,1039,False,False,168615ffdb851430b5e9e799,17,11,744.390625,381.69354838709677,False,row0_col1
197,70724,0.50921505689620972,1.0734723806381226,1955,2162,False,False,9993d74e02e8a5dd35aaa9d4,4,2,295.375,68.677419354838705,True,padding_center
198,71489,1.0634588003158567,1.1358962059020996,2398,467,False,False,9993d74e02e8a5dd35aaa9d4,1,26,191.125,904.80645161290329,False,row2_col0
199,71719,0.30319738388061518,0.90247488021850575,1542,1706,False,False,fd8fe61532624c2989845031,7,1,390.21875,33.705882352941174,True,padding_center
200,71876,0.94470620155334484,1.1470115184783936,3609,2656,False,False,fd8fe61532624c2989845031,4,6,286.53125,206.96791443850267,False,row0_col0
201,72155,0.9943864345550536,1.3736550807952881,1007,1936,False,False,fd8fe61532624c2989845031,27,14,1081.46875,484.18716577540107,False,row1_col2
202,72795,0.50197535753250122,0.98253244161605835,1567,2162,False,False,fe93b73ddd86f0b267f37da8,27,2,1086.203125,71.460317460317469,True,padding_center
203,72914,0.86794942617416382,1.1900726556777954,1375,1218,False,False,fe93b73ddd86f0b267f37da8,18,6,772.609375,210.63492063492063,False,row0_col1
204,73285,1.3627978563308716,1.3627978563308716,1350,2891,False,False,fe93b73ddd86f0b267f37da8,5,18,319.640625,628.15873015873012,False,row1_col0
205,73397,0.9894610047340392,1.1528328657150269,83,1180,False,False,fe93b73ddd86f0b267f37da8,21,21,877.140625,732.53968253968253,False,row2_col2
206,73768,0.30204269289970392,0.79061770439147938,2102,1706,False,False,c51f2c5c0ba8d30ffdf961eb,8,1,422.046875,39.131147540983605,True,padding_center
207,73882,0.82336729764938354,1.0278278589248655,164,2501,False,False,c51f2c5c0ba8d30ffdf961eb,26,4,1044.734375,143,False,row0_col2
208,74271,0.84937202930450428,1.0273449420928955,2165,2913,False,False,c51f2c5c0ba8d30ffdf961eb,31,16,1217.703125,558.47540983606564,False,row1_col2
209,74597,0.95179539918899525,0.94925135374069203,969,2866,False,False,c51f2c5c0ba8d30ffdf961eb,5,27,318.265625,939.32786885245901,True,padding_center
210,75615,0.91187828779220581,1.2360031604766846,215,3109,False,False,21bf7996c01f5174b83a7bf0,31,26,1172.78125,893.57837837837837,False,row2_col2
211,75625,1.0255541801452637,1.1722168922424316,4026,1767,False,False,21bf7996c01f5174b83a7bf0,9,27,415.15625,928,True,padding_center
212,75633,0.81967067718505848,1.3047637939453125,1110,1153,False,False,21bf7996c01f5174b83a7bf0,17,27,690.65625,928,True,padding_center
213,76201,1.1842564344406128,1.2043688297271729,1481,563,False,False,7362ade95f32642a9f44c44a,9,13,471.09375,455.95477386934675,False,row1_col0
214,76935,0.78632938861846924,1.3342766761779783,878,376,False,False,766454c47ae7c9d62021ae41,7,4,382.046875,140.30645161290323,False,row0_col0
215,77356,0.91696155071258545,1.055389404296875,839,1312,False,False,766454c47ae7c9d62021ae41,12,17,554.078125,588.17741935483878,False,row1_col1
216,77432,1.4706857204437256,1.3784116506576538,2121,991,False,False,766454c47ae7c9d62021ae41,24,19,966.953125,657.08064516129025,False,row1_col2
217,77544,0.93145388364791881,1.0950149297714231,3976,781,False,False,766454c47ae7c9d62021ae41,8,23,416.453125,794.88709677419354,False,row2_col0
218,78724,0.77080649137496937,1.24809730052948,658,2866,False,False,fbfdec218cbf0635738d2c12,4,28,269.671875,970.31491712707191,True,padding_center
219,78790,0.42537549138069147,0.49151813983917231,1495,226,False,False,fbfdec218cbf0635738d2c12,6,30,338.859375,1039.6187845303868,True,padding_center
220,79463,1.5817698240280151,1.4355677366256714,1960,1055,False,False,c45bca2ff1189b57883f62b3,7,19,382.046875,654.08064516129025,False,row1_col0
221,79757,0.58076906204223633,1.1922867298126221,247,2012,False,False,c45bca2ff1189b57883f62b3,13,28,588.484375,964.14516129032256,True,padding_center
222,79960,0.53107213973999023,1.1301950216293335,315,2162,False,False,f228eee20ee0df690a4e51b6,24,2,966.078125,81.358288770053491,True,padding_center
223,80026,0.82954055070877075,1.2494564056396484,1905,2501,False,False,f228eee20ee0df690a4e51b6,26,4,1035.390625,150.66310160427807,False,row0_col2
224,80065,0.88823723793029785,1.0876753330230713,1150,647,False,False,f228eee20ee0df690a4e51b6,1,6,168.984375,219.96791443850267,False,row0_col0
225,80228,1.3648513555526731,1.2569038867950439,982,56,False,False,f228eee20ee0df690a4e51b6,4,11,272.953125,393.22994652406419,False,row0_col0
226,80593,0.81365644931793213,1.1211868524551392,424,3411,False,False,f228eee20ee0df690a4e51b6,17,22,723.484375,774.40641711229944,False,row2_col1
227,81534,0.85086536407470703,1.3533927202224731,3587,3706,False,False,99a260d84ec3760c5165b1f1,30,19,1147.15625,658.25130890052355,False,row1_col2
228,82313,0.72773551940917958,1.0704852342605593,338,3791,False,False,d04aeafeb9e728e609fa7a9e,9,12,394.234375,416.86956521739131,False,row1_col0
229,82813,0.87439125776290894,1.1642569303512571,1668,107,False,False,d04aeafeb9e728e609fa7a9e,29,27,1087.359375,936,True,padding_center
230,83744,0.96686482429504395,1.1757655143737793,2468,2780,False,False,587b74bfc019c7be94717f25,0,25,115.421875,858.9677419354839,False,row2_col0
231,84320,0.98864489793777455,1.1081534624099731,2098,321,False,False,d97ecfbcd8824d84ea5eae90,0,11,100.5,383.66298342541438,False,row0_col0
232,84468,1.2187060117721558,1.1699191331863403,2194,113,False,False,d97ecfbcd8824d84ea5eae90,20,15,800.5,523.68508287292821,False,row1_col1
233,85033,0.25122126936912531,0.89061826467514027,2001,1706,False,False,c9fce8b47dde33b4fc8fb311,9,1,424.53125,45.147368421052633,True,padding_center
234,85073,0.55043321847915638,1.0088498592376709,3661,286,False,False,c9fce8b47dde33b4fc8fb311,17,2,702.03125,79.757894736842104,True,padding_center
235,85453,0.86463803052902222,1.2012602090835571,3868,1612,False,False,c9fce8b47dde33b4fc8fb311,13,14,563.28125,495.08421052631581,False,row1_col1
236,85659,1.0624023675918579,1.2639868259429932,33,2672,False,False,c9fce8b47dde33b4fc8fb311,27,20,1048.90625,702.74736842105267,False,row2_col2
237,85752,1.0444921255111694,1.2041821479797363,1060,88,False,False,c9fce8b47dde33b4fc8fb311,24,23,944.84375,806.57894736842104,False,row2_col2
238,86030,0.24866637587547299,0.99775052070617676,1479,1706,False,False,77a85f3771060390b13f8469,14,0,619.515625,-0.94652406417111479,True,padding_center
239,86249,0.95980876684188843,1.1394882202148438,2081,2592,False,False,77a85f3771060390b13f8469,9,7,446.234375,241.62032085561498,False,row0_col0
240,87254,1.0644944906234739,1.0563687086105349,4079,3486,False,False,e1c9abec502219412e89243a,22,6,881.359375,201.69780219780219,False,row0_col2
241,87985,0.42976242303848261,1.1996238231658936,491,1700,False,False,e1c9abec502219412e89243a,17,29,708.390625,995.32417582417577,True,padding_center
242,88080,0.34761714935302729,1.0559899806976318,2246,1706,False,False,5477e1d816f3af5d3adf2b48,16,0,678.34375,16.046632124352328,True,padding_center
243,88120,0.37923598289489741,0.86075979471206665,3152,1706,False,False,5477e1d816f3af5d3adf2b48,24,1,955.84375,50.699481865284966,True,padding_center
244,88305,1.1825109720230105,1.3414269685745239,296,761,False,False,5477e1d816f3af5d3adf2b48,17,7,713.03125,258.61658031088086,False,row0_col1
245,88472,1.0111520290374756,1.1822913885116575,224,348,False,False,5477e1d816f3af5d3adf2b48,24,12,955.84375,431.88082901554401,False,row1_col2
246,88521,1.3563367128372192,1.2872008085250854,3968,2851,False,False,5477e1d816f3af5d3adf2b48,9,14,435.53125,501.18652849740931,False,row1_col0
247,88648,1.7401872873306274,1.29524827003479,847,3070,False,False,5477e1d816f3af5d3adf2b48,8,18,400.84375,639.79792746113992,False,row1_col0
248,89151,0.47306555509567261,0.95394951105117798,2545,183,False,False,bafa334c6c43147b890e28ed,31,1,1192.703125,29.147368421052633,True,padding_center
249,89275,0.87111806869506825,1.0978316068649292,449,697,False,False,bafa334c6c43147b890e28ed,27,5,1054.328125,167.58947368421053,False,row0_col2
250,89425,1.2747527360916138,1.2340046167373655,1206,2594,False,False,bafa334c6c43147b890e28ed,17,10,708.390625,340.64210526315787,False,row0_col1
251,89755,1.4463615417480469,1.2994290590286257,33,316,False,False,bafa334c6c43147b890e28ed,27,20,1054.328125,686.74736842105267,False,row2_col2
252,90150,0.27717846632003779,1.1060419082641602,432,1706,False,False,9e5249a3b4a0aeea24774e82,6,1,331.875,35.913043478260875,True,padding_center
253,90421,0.72079437971115112,1.0491927862167358,1524,1121,False,False,9e5249a3b4a0aeea24774e82,21,9,853.125,313.47826086956525,False,row0_col2
254,90490,0.94305062294006337,1.3605990409851074,1493,1351,False,False,9e5249a3b4a0aeea24774e82,26,11,1026.875,382.86956521739131,False,row0_col2
255,90793,0.99122136831283558,1.2878679037094116,2013,1429,False,False,9e5249a3b4a0aeea24774e82,9,21,436.125,729.82608695652175,False,row2_col0
256,90977,0.69936776161193837,1.0447170734405518,1859,1652,False,False,9e5249a3b4a0aeea24774e82,1,27,158.125,938,True,padding_center
257,91015,0.52207708358764637,1.1405231952667236,270,564,False,False,9e5249a3b4a0aeea24774e82,7,28,366.625,972.695652173913,True,padding_center
258,91129,0.25436609983444208,0.98113209009170521,877,226,False,False,9e5249a3b4a0aeea24774e82,25,31,992.125,1076.7826086956522,True,padding_center
259,91290,0.8737032413482666,0.89137864112854004,1905,2501,False,False,b707c1eb67ac9b8893cde411,26,4,1055.21875,129.66483516483515,True,padding_center
260,91330,0.93665641546249401,1.3405241966247561,2473,3769,False,False,b707c1eb67ac9b8893cde411,2,6,222.71875,199.02747252747253,False,row0_col0
261,91358,1.1095559597015381,1.2860862016677856,165,987,False,False,b707c1eb67ac9b8893cde411,30,6,1193.96875,199.02747252747253,False,row0_col2
262,91379,1.1752454042434692,1.1232599020004272,1590,416,False,False,b707c1eb67ac9b8893cde411,19,7,812.40625,233.70879120879121,False,row0_col1
263,91637,1.2101562023162842,1.0455197095870972,1741,2853,False,False,b707c1eb67ac9b8893cde411,21,15,881.78125,511.15934065934067,False,row1_col2
264,91977,0.97107744216918945,1.2254267930984497,129,3517,False,False,b707c1eb67ac9b8893cde411,9,26,465.53125,892.65384615384619,False,row2_col0
265,92470,1.052733302116394,1.3646471500396729,328,3925,False,False,cee542fc544d914ecb84340b,22,9,880.765625,309.28272251308897,False,row0_col2
266,92910,1.1059908866882324,1.2337757349014282,1401,2564,False,False,cee542fc544d914ecb84340b,14,23,603.515625,793.63874345549732,False,row2_col1
267,93032,0.83915400505065907,1.3821307420730593,1347,1767,False,False,cee542fc544d914ecb84340b,8,27,395.578125,932.0261780104712,False,row2_col0
268,93062,0.69134962558746327,1.2000472545623779,1912,2012,False,False,cee542fc544d914ecb84340b,6,28,326.265625,966.62303664921467,True,padding_center
269,93091,0.69901472330093384,1.2014966011047363,248,3879,False,False,cee542fc544d914ecb84340b,3,29,222.296875,1001.2198952879581,True,padding_center
270,93386,1.0461939573287964,1.1685190200805664,214,2989,False,False,e4622a2495fee2989741879a,10,6,477.234375,197.66666666666669,False,row0_col0
271,93464,1.0290737152099607,1.3454875946044922,830,3125,False,False,e4622a2495fee2989741879a,24,8,961.546875,267,False,row0_col2
272,93615,0.84386956691741943,1.0435668230056765,3967,3981,False,False,e4622a2495fee2989741879a,15,13,650.203125,440.33333333333331,False,row1_col1
273,93967,1.0392274856567385,1.2398313283920288,591,1997,False,False,e4622a2495fee2989741879a,15,24,650.203125,821.66666666666663,False,row2_col1
274,94072,0.97545576095581044,1.1600819826126101,4042,1767,False,False,e4622a2495fee2989741879a,24,27,961.546875,925.66666666666663,False,row2_col2
275,94471,0.83062535524368275,0.83295994997024525,2318,3922,False,False,e8ddd34887fc884dcb436a60,7,8,366.625,275,False,row0_col0
276,96302,0.31360363960266108,0.69135260581970215,2372,1706,False,False,71724a3bf8b9be3deb5292f6,14,1,624.15625,32.744680851063833,True,padding_center
277,96411,0.72740441560745228,1.1498966217041016,3648,1873,False,False,71724a3bf8b9be3deb5292f6,27,4,1073.46875,136.65957446808511,False,row0_col2
278,96571,0.90570586919784535,1.1738407611846924,3994,393,False,False,71724a3bf8b9be3deb5292f6,27,9,1073.46875,309.85106382978722,False,row0_col2
279,96693,1.0942403078079224,1.3743525743484497,3624,426,False,False,71724a3bf8b9be3deb5292f6,21,13,866.09375,448.40425531914894,False,row1_col2
280,96751,0.98618876934051525,1.3607578277587893,1446,1976,False,False,71724a3bf8b9be3deb5292f6,15,15,658.71875,517.68085106382978,False,row1_col1
281,97504,0.83090424537658691,1.2627432346343994,2080,1452,False,False,e8aecbbad790f36193dfc2a6,0,7,129.375,236.30769230769232,False,row0_col0
282,97553,1.0957263708114624,1.3320865631103516,1189,2865,False,False,e8aecbbad790f36193dfc2a6,17,8,720.125,271.05641025641023,False,row0_col1
283,97644,1.3391335010528564,1.3219243288040159,1151,2973,False,False,e8aecbbad790f36193dfc2a6,12,11,546.375,375.30256410256408,False,row0_col1
284,98498,1.0887119770050049,1.134912371635437,681,1731,False,False,7193a011383f62c1ab378a8f,2,6,176.640625,210.1076923076923,False,row0_col0
285,98640,1.1504695415496826,1.335218071937561,2256,100,False,False,7193a011383f62c1ab378a8f,16,10,661.828125,348.44615384615383,False,row0_col1
286,98754,0.93305480480194081,1.12935471534729,608,3201,False,False,7193a011383f62c1ab378a8f,2,14,176.640625,486.78461538461539,False,row1_col0
287,98792,1.1805732250213623,1.4217473268508911,722,1089,False,False,7193a011383f62c1ab378a8f,8,15,384.578125,521.36923076923085,False,row1_col0
288,99294,0.4308878481388092,0.76910287141799916,1361,3531,False,False,7193a011383f62c1ab378a8f,30,30,1147.015625,1040.1384615384616,True,padding_center
289,99390,0.30285081267356873,0.38500052690505981,1734,2547,False,False,27e6733bbab4a1b0477f8b26,30,1,1164.109375,36,True,padding_center
290,99710,0.99887758493423462,1.2364351749420166,784,3052,False,False,27e6733bbab4a1b0477f8b26,30,11,1164.109375,382.66666666666663,False,row0_col2
291,99805,0.81397265195846547,1.2442623376846311,1575,1744,False,False,27e6733bbab4a1b0477f8b26,29,14,1129.515625,486.66666666666663,False,row1_col2
292,99874,0.77475285530090332,1.1852735280990601,1433,424,False,False,27e6733bbab4a1b0477f8b26,2,17,195.484375,590.66666666666674,False,row1_col0
293,99894,1.4008715152740481,1.243617057800293,3595,1184,False,False,27e6733bbab4a1b0477f8b26,22,17,887.359375,590.66666666666674,False,row1_col2
294,100532,1.1844556331634519,1.4061229228973389,853,4000,False,False,76884f70ebe18c8dbf09d6a5,20,5,795.65625,174.81025641025641,False,row0_col1
295,100859,1.2936524152755735,1.2822133302688601,558,886,False,False,76884f70ebe18c8dbf09d6a5,27,15,1039.34375,522.29743589743589,False,row1_col2
296,101049,1.0720930099487305,1.1305952072143557,1154,2527,False,False,76884f70ebe18c8dbf09d6a5,25,21,969.71875,730.78974358974358,False,row2_col2
297,101159,1.0197663307189939,1.2378231287002563,539,2164,False,False,76884f70ebe18c8dbf09d6a5,7,25,343.09375,869.78461538461545,False,row2_col0
298,101209,1.0867465734481812,1.1064828634262085,2517,3194,False,False,76884f70ebe18c8dbf09d6a5,25,26,969.71875,904.5333333333333,False,row2_col2
299,101618,1.1336230039596558,1.1492302417755127,3460,2557,False,False,f7464ed5a8656ac375a0fb2d,18,7,792.875,246.39344262295083,False,row0_col1
300,102084,1.0885235071182251,1.3918927907943726,3643,241,False,False,f7464ed5a8656ac375a0fb2d,4,22,306.375,768.36065573770486,False,row2_col0
301,102118,1.0269026756286621,1.2513353824615481,1502,2277,False,False,f7464ed5a8656ac375a0fb2d,6,23,375.875,803.15846994535525,False,row2_col0
302,102123,0.87090814113616943,1.0300754308700562,3971,1310,False,False,f7464ed5a8656ac375a0fb2d,11,23,549.625,803.15846994535525,False,row2_col1
303,102442,0.35460475087165833,0.87894219160079945,432,1706,False,False,813b908ddf7d0066a8a11ef6,10,1,474.90625,26.712707182320429,True,padding_center
304,102639,1.1038517951965332,1.1941120624542236,2055,2814,False,False,813b908ddf7d0066a8a11ef6,15,7,647.71875,234.62430939226522,False,row0_col1
305,103271,0.91892647743225075,0.99486911296844482,1948,2866,False,False,813b908ddf7d0066a8a11ef6,7,27,371.21875,927.66298342541438,True,padding_center
306,103448,0.19556349515914909,1.1043968200683594,1541,1706,False,False,1bd5ba6fc69d7720973528ca,24,0,947.078125,5.6666666666666856,True,padding_center
307,104234,0.998055100440979,1.0988190174102783,4082,3517,False,False,1bd5ba6fc69d7720973528ca,10,25,461.890625,872.33333333333326,False,row2_col0
308,104371,0.38496711850166321,1.2405575513839722,3695,1700,False,False,1bd5ba6fc69d7720973528ca,19,29,773.796875,1010.9999999999999,True,padding_center
309,106545,0.36913582682609553,0.61081910133361805,3397,1706,False,False,64082b571f8f93ab5240a042,17,1,722.390625,32.789189189189187,True,padding_center
310,106698,0.92920911312103283,1.1085445880889893,214,2989,False,False,64082b571f8f93ab5240a042,10,6,480.234375,205.32972972972973,False,row0_col0
311,107545,0.21366097033023829,1.2719564437866211,678,1706,False,False,482fefcd016bb88b2f86f80f,25,0,1015.15625,8.6162162162162019,True,padding_center
312,107808,0.86091089248657215,1.1092612743377686,750,1452,False,False,482fefcd016bb88b2f86f80f,0,9,154.21875,318.41081081081086,False,row0_col0
313,108214,1.0133668184280396,1.2127866744995115,3478,2964,False,False,482fefcd016bb88b2f86f80f,22,21,911.84375,731.47027027027025,False,row2_col2
314,108263,1.0959597826004028,1.2145568132400513,2131,2277,False,False,482fefcd016bb88b2f86f80f,7,23,395.28125,800.3135135135135,False,row2_col0
315,108281,1.2120034694671633,1.4891897439956665,2348,2277,False,False,482fefcd016bb88b2f86f80f,25,23,1015.15625,800.3135135135135,False,row2_col2
316,109631,0.42657873034477228,0.93195110559463501,2545,183,False,False,71091e47820a3c9f89438620,31,1,1211.671875,38.222222222222229,True,padding_center
317,110704,0.78057700395584095,1.1655672788619995,931,543,False,False,2c26a77005e1ed9b640e64e2,16,3,684.671875,115.57142857142857,True,padding_center
318,111135,0.67072802782058705,0.84577882289886475,2165,2913,False,False,2c26a77005e1ed9b640e64e2,31,16,1199.828125,561.28571428571433,False,row1_col2
319,112042,0.93555516004562356,1.1007201671600342,18,1306,False,False,72516b14bd4f8c49162a07e5,10,13,476.59375,446.0972972972973,False,row1_col0
320,112914,1.0860214233398438,1.1915276050567627,30,2560,False,False,df25d625c991e5e7eb0f6dc4,18,8,751.875,272.30434782608694,False,row0_col1
321,112919,0.88623154163360585,1.2131173610687256,693,2130,False,False,df25d625c991e5e7eb0f6dc4,23,8,925.625,272.30434782608694,False,row0_col2
322,113921,1.1343333721160889,1.1220909357070925,90,3458,False,False,f36ce6afecf1a683931bba6d,1,8,169.265625,287.34210526315792,False,row0_col0
323,113951,0.85998600721359253,1.1830950975418093,264,2606,False,False,f36ce6afecf1a683931bba6d,31,8,1214.578125,287.34210526315792,False,row0_col2
324,113954,0.97511690855026245,1.1504899263381958,2150,3891,False,False,f36ce6afecf1a683931bba6d,2,9,204.109375,322.16315789473686,False,row0_col0
325,114153,1.1587281227111816,1.1871540546417236,489,1945,False,False,f36ce6afecf1a683931bba6d,9,15,448.015625,531.08947368421059,False,row1_col0
326,114560,0.56751030683517445,1.2191696166992188,1649,865,False,False,f36ce6afecf1a683931bba6d,0,28,134.421875,983.76315789473688,True,padding_center
327,114683,0.3797278106212616,1.0296773910522461,1641,226,False,False,f36ce6afecf1a683931bba6d,27,31,1075.203125,1088.2263157894736,True,padding_center
328,114729,0.33861353993415833,0.99763923883438121,68,1706,False,False,89b989a81f1da592d59cc87b,9,1,461.125,39.521739130434781,True,padding_center
329,115165,0.88431662321090687,1.1654332876205444,4086,2856,False,False,89b989a81f1da592d59cc87b,29,14,1156.125,492.26086956521738,False,row1_col2
330,115292,1.1250661611557009,1.2275636196136477,3722,1852,False,False,89b989a81f1da592d59cc87b,28,18,1121.375,631.56521739130437,False,row1_col2
331,115382,1.2144206762313845,1.3225315809249878,1729,3984,False,False,89b989a81f1da592d59cc87b,22,21,912.875,736.04347826086951,False,row2_col2
332,115437,0.99371647834777843,1.0864900350570681,3732,1310,False,False,89b989a81f1da592d59cc87b,13,23,600.125,805.695652173913,False,row2_col1
333,115539,0.68483060598373413,0.99347060918807983,644,3130,False,False,89b989a81f1da592d59cc87b,19,26,808.625,910.17391304347825,False,row2_col1
334,115546,1.0512807369232178,1.3117603063583374,1544,2581,False,False,89b989a81f1da592d59cc87b,26,26,1051.875,910.17391304347825,False,row2_col2
335,115660,0.29723036289215082,0.59971010684967041,437,226,False,False,89b989a81f1da592d59cc87b,12,30,565.375,1049.478260869565,True,padding_center
336,115787,0.47509750723838801,1.0290573835372925,1341,286,False,False,7ca059b6fa1e54dd4a7dcf3f,11,2,518.546875,69.0625,True,padding_center
337,115946,1.231173038482666,1.2426761388778689,1831,2074,False,False,7ca059b6fa1e54dd4a7dcf3f,10,7,483.890625,242.1875,False,row0_col0
338,115995,0.96914911270141602,1.2634569406509399,1565,1446,False,False,7ca059b6fa1e54dd4a7dcf3f,27,8,1073.046875,276.8125,False,row0_col2
339,116211,0.88951790332794178,1.1398038864135742,3931,12,False,False,7ca059b6fa1e54dd4a7dcf3f,19,15,795.796875,519.1875,False,row1_col1
340,116843,0.84908914566040028,0.92785555124282837,3590,1840,False,False,7c41685bf488a58de2fe104b,11,3,500.828125,109.36842105263158,True,padding_center
341,117136,1.2972671985626221,1.4380475282669067,1873,3091,False,False,7c41685bf488a58de2fe104b,16,12,673.796875,420.86315789473684,False,row1_col1
342,117328,1.0945647954940796,1.2129336595535278,1986,518,False,False,7c41685bf488a58de2fe104b,16,18,673.796875,628.52631578947376,False,row1_col1
343,118226,1.1705975532531738,0.97609674930572521,1944,375,False,False,b732c57615def8f4ab818c3f,18,14,778.875,490.45945945945948,False,row1_col1
344,119727,0.48137828707695002,1.2581961154937744,2162,1700,False,False,7f3d7c6e6a7b6f584a7abbea,15,29,665.78125,1003.4020618556701,True,padding_center
345,119841,0.39758762717246998,0.83431947231292725,719,746,False,False,630be0f098a5ec263bec1d35,1,1,179.890625,29.797927461139892,True,padding_center
346,119848,0.42495450377464289,1.0668654441833496,1080,1706,False,False,630be0f098a5ec263bec1d35,8,1,422.046875,29.797927461139892,True,padding_center
347,120098,1.0277835130691528,1.0906951427459717,2150,2589,False,False,630be0f098a5ec263bec1d35,2,9,214.484375,306.68911917098444,False,row0_col0
348,120103,1.1266741752624512,1.1156553030014038,3980,1375,False,False,630be0f098a5ec263bec1d35,7,9,387.453125,306.68911917098444,False,row0_col0
349,120379,1.6749627590179443,1.4513320922851562,3918,2797,False,False,630be0f098a5ec263bec1d35,27,17,1079.328125,583.58031088082907,False,row1_col2
350,121033,1.155346155166626,1.2714971303939819,6,532,False,False,acce3e29a49a891a750d40b5,9,6,437.640625,219.13227513227514,False,row0_col0
351,121660,1.2365396022796633,1.4384561777114868,2489,3402,False,False,acce3e29a49a891a750d40b5,28,25,1094.921875,876.19047619047615,False,row2_col2
352,122640,0.97701221704483043,1.2128947973251345,1695,1997,False,False,e14263e312b5e2338aece9d3,16,24,687.796875,827.7112299465241,False,row2_col1
353,122654,1.0901693105697632,1.27696692943573,1204,1248,False,False,e14263e312b5e2338aece9d3,30,24,1172.109375,827.7112299465241,False,row2_col2
354,122676,0.96117067337036122,1.2854644060134888,3651,3379,False,False,e14263e312b5e2338aece9d3,20,25,826.171875,862.36363636363637,False,row2_col1
355,122967,0.44876694679260248,1.2493181228637695,2005,2162,False,False,ab197e4aa67cc9e3f881cab1,23,2,904.421875,65.302197802197796,True,padding_center
356,123229,0.85440999269485474,1.2719156742095947,2282,530,False,False,ab197e4aa67cc9e3f881cab1,29,10,1112.359375,342.75274725274727,False,row0_col2
357,123283,1.1398806571960447,1.2268564701080322,576,2290,False,False,ab197e4aa67cc9e3f881cab1,19,12,765.796875,412.11538461538458,False,row1_col1
358,123313,1.0947659015655518,1.0145692825317385,1721,3216,False,False,ab197e4aa67cc9e3f881cab1,17,13,696.484375,446.7967032967033,False,row1_col1
359,124329,0.96468383073806763,1.1630274057388306,1481,3997,False,False,49300051975ddaf699eca8d9,9,13,434.15625,465.88648648648649,False,row1_col0
360,124762,0.96861279010772705,1.2846633195877075,4025,2581,False,False,49300051975ddaf699eca8d9,26,26,1019.59375,914.4918918918919,False,row2_col2
361,124876,0.3191983699798584,0.54167181253433216,437,226,False,False,49300051975ddaf699eca8d9,12,30,537.46875,1052.5243243243244,True,padding_center
362,125073,0.99953985214233398,1.2414220571517944,2507,92,False,False,229f325dcd93d8f5586d69ba,17,4,704.65625,144.31351351351353,False,row0_col1
363,125436,1.0574086904525757,1.0094673633575439,609,1152,False,False,229f325dcd93d8f5586d69ba,28,15,1083.46875,523.90270270270275,False,row1_col2
364,126003,0.44221073389053339,0.67052525281906117,706,1706,False,False,74dba489b837409bdc9002e2,19,1,811.625,22.984293193717278,True,padding_center
365,126825,0.95270574092865001,1.4034191370010376,3600,3965,False,False,74dba489b837409bdc9002e2,9,27,464.125,927.9476439790576,False,row2_col0
366,127136,0.96180498600006104,1.2644577026367188,1364,1842,False,False,f5fa9934c3d9553bf163df86,0,5,115.296875,168.55026455026456,False,row0_col0
367,127187,1.0190830230712893,1.1622459888458252,2415,1938,False,False,f5fa9934c3d9553bf163df86,19,6,772.578125,203.13227513227514,False,row0_col1
368,127496,1.9199358224868777,1.2400772571563721,463,1688,False,False,f5fa9934c3d9553bf163df86,8,16,392.046875,548.95238095238096,False,row1_col0
369,127725,0.94272899627685536,1.0406529903411863,626,2564,False,False,f5fa9934c3d9553bf163df86,13,23,565.015625,791.02645502645498,False,row2_col1
370,128030,0.19934418797492981,0.79837912321090687,1903,2547,False,False,36e8db94416d301d8eae06b8,30,0,1142.109375,15.053475935828885,True,padding_center
371,128211,1.1401616334915159,1.0657414197921753,2415,1938,False,False,36e8db94416d301d8eae06b8,19,6,761.578125,222.96791443850267,False,row0_col1
372,128355,1.2330780029296875,1.3388710021972656,1771,722,False,False,36e8db94416d301d8eae06b8,3,11,208.078125,396.22994652406419,False,row0_col0
373,128474,1.0841141939163208,1.1430199146270752,2293,3176,False,False,36e8db94416d301d8eae06b8,26,14,1003.734375,500.18716577540107,False,row1_col2
374,128593,1.0119762420654297,1.3687744140625,1694,181,False,False,36e8db94416d301d8eae06b8,17,18,692.390625,638.79679144385022,False,row1_col1
375,129091,0.52268648147582997,1.1102008819580078,1679,2162,False,False,b6168c3c6bcd1bd66bea8569,3,2,227.078125,78,True,padding_center
376,129211,0.85204035043716431,1.1962909698486328,2359,697,False,False,b6168c3c6bcd1bd66bea8569,27,5,1057.328125,182,False,row0_col2
377,129870,0.9794965386390686,1.3902524709701538,1675,2765,False,False,b6168c3c6bcd1bd66bea8569,14,26,607.609375,910,False,row2_col1
378,129888,0.67865711450576782,1.1659910678863523,1554,865,False,False,b6168c3c6bcd1bd66bea8569,0,27,123.296875,944.66666666666663,False,row2_col0
379,131047,0.28232085704803461,0.93566256761550903,325,226,False,False,7d21f597b4b4043eb6e57f0e,7,31,374.15625,1075.2780748663101,True,padding_center
380,131658,1.4404568672180176,1.2484992742538452,992,2088,False,False,d0c5e59f51c09ba4242151ff,10,18,493.90625,626.52173913043475,False,row1_col0
381,131695,1.0405802726745603,1.0134915113449097,602,1943,False,False,d0c5e59f51c09ba4242151ff,15,19,666.71875,661.13043478260875,False,row1_col1
382,131850,0.94901186227798462,0.90136080980300903,349,336,False,False,d0c5e59f51c09ba4242151ff,10,24,493.90625,834.17391304347825,False,row2_col0
383,131854,0.97418570518493641,1.2970199584960938,2204,1997,False,False,d0c5e59f51c09ba4242151ff,14,24,632.15625,834.17391304347825,False,row2_col1
384,131979,0.6390078067779541,1.0948812961578367,961,2012,False,False,d0c5e59f51c09ba4242151ff,11,28,528.46875,972.60869565217388,True,padding_center
385,132218,0.68816137313842773,1.1805524826049805,2044,3454,False,False,1aa0d91925dd72251d174919,26,3,1014.734375,93.053191489361708,True,padding_center
386,132441,1.0102983713150024,1.3395572900772097,3843,768,False,False,1aa0d91925dd72251d174919,25,10,980.140625,335.22340425531911,False,row0_col2
387,132617,1.7575885057449341,1.2737777233123779,1065,3117,False,False,1aa0d91925dd72251d174919,9,16,426.640625,542.79787234042556,False,row1_col0
388,133097,0.28399080038070668,1.0765920877456665,528,226,False,False,1aa0d91925dd72251d174919,9,31,426.640625,1061.7340425531916,True,padding_center
389,133238,0.60977834463119496,1.1264932155609133,212,3454,False,False,2f583ef3203d5ac90b59a547,22,3,925.84375,104.17112299465241,True,padding_center
390,133276,0.81868284940719604,1.2170301675796509,2054,1873,False,False,2f583ef3203d5ac90b59a547,28,4,1132.46875,138.60962566844921,False,row0_col2
391,133487,1.3551095724105835,0.97188597917556763,3462,859,False,False,2f583ef3203d5ac90b59a547,15,11,684.78125,379.67914438502675,False,row0_col1
392,133538,0.73720866441726685,0.92718809843063354,1190,491,False,False,2f583ef3203d5ac90b59a547,2,13,237.09375,448.55614973262033,False,row1_col0
393,133612,0.85795694589614857,1.2292948961257937,1368,1554,False,False,2f583ef3203d5ac90b59a547,12,15,581.46875,517.43315508021396,False,row1_col1
394,134811,1.2441732883453367,1.3512465953826904,319,2672,False,False,334d09cec1e33736f5ceeeae,27,20,1062.46875,698.41450777202078,False,row2_col2
395,135077,0.52343493700027455,1.2797398567199707,1320,1700,False,False,334d09cec1e33736f5ceeeae,5,29,302.09375,1009.9170984455958,True,padding_center
396,135341,1.2404916286468506,1.2489385604858398,3965,1822,False,False,ae10765eee319809f6e8d9ae,13,5,595.015625,173.95161290322579,False,row0_col1
397,135507,1.0310145616531372,1.1529062986373899,3704,3340,False,False,ae10765eee319809f6e8d9ae,19,10,802.578125,347.06989247311827,False,row0_col1
398,135521,1.374309778213501,1.4910105466842651,125,3549,False,False,ae10765eee319809f6e8d9ae,1,11,179.890625,381.69354838709677,False,row0_col0
399,135528,0.94434869289398204,1.1596938371658323,1583,652,False,False,ae10765eee319809f6e8d9ae,8,11,422.046875,381.69354838709677,False,row0_col0
400,135648,0.87533098459243774,1.0413234233856199,1874,3941,False,False,ae10765eee319809f6e8d9ae,0,15,145.296875,520.18817204301081,False,row1_col0
401,135731,1.0935295820236206,0.90362459421157837,1198,1182,False,False,ae10765eee319809f6e8d9ae,19,17,802.578125,589.4354838709678,False,row1_col1
402,136355,0.88690900802612305,1.0675704479217527,385,68,False,False,e30051d3d8fd995844562e4d,3,5,241.296875,173.95161290322579,False,row0_col0
403,136670,0.91863983869552601,1.3991513252258301,3989,1159,False,False,e30051d3d8fd995844562e4d,30,14,1177.015625,485.56451612903226,False,row1_col2
404,136759,1.6423442363739014,1.4226992130279541,237,2735,False,False,e30051d3d8fd995844562e4d,23,17,934.421875,589.4354838709678,False,row1_col2
405,136858,1.455991268157959,1.2380335330963137,2533,953,False,False,e30051d3d8fd995844562e4d,26,20,1038.390625,693.30645161290329,False,row2_col2
406,137080,0.87429970502853394,1.2425284385681152,458,1767,False,False,e30051d3d8fd995844562e4d,24,27,969.078125,935.67204301075265,False,row2_col2
407,137085,1.1924164295196531,1.4719655513763428,1668,107,False,False,e30051d3d8fd995844562e4d,29,27,1142.359375,935.67204301075265,False,row2_col2
408,138006,1.1019611358642578,1.4048696756362915,1220,3124,False,False,d2039782b7096a17e967307e,22,24,874.875,826.52879581151831,False,row2_col2
409,138245,0.25797897577285761,1.3268865346908567,1199,1706,False,False,970a0e63436f260f3c624f80,5,0,321.609375,4.5081967213114638,True,padding_center
410,138967,0.88046061992645264,1.3585489988327026,1099,825,False,False,970a0e63436f260f3c624f80,23,22,945.421875,766.21311475409834,False,row2_col2
411,139306,0.33750158548355103,0.73694705963134755,1989,1706,False,False,9cc1a3ed2a8e6c5e9def5c8e,10,1,446.59375,40.294117647058826,True,padding_center
412,139445,0.63022816181182861,1.2338589429855349,782,4000,False,False,9cc1a3ed2a8e6c5e9def5c8e,21,5,825.40625,178.048128342246,False,row0_col2
413,139503,1.098028302192688,1.172987699508667,2460,2814,False,False,9cc1a3ed2a8e6c5e9def5c8e,15,7,618.78125,246.92513368983958,False,row0_col1
414,139780,1.278344988822937,1.3353028297424316,1031,3936,False,False,9cc1a3ed2a8e6c5e9def5c8e,4,16,239.96875,556.8716577540107,False,row1_col0
415,140755,1.1485788822174072,1.3905978202819824,3773,1566,False,False,83ce9a3b86c3675c94925a4e,19,14,809.796875,485.56451612903226,False,row1_col1
416,141043,1.128490686416626,1.289237380027771,1346,2292,False,False,83ce9a3b86c3675c94925a4e,19,23,809.796875,797.17741935483878,False,row2_col1
417,141589,1.0658257007598877,1.2669061422348022,547,2130,False,False,15d9508324337b875670f947,21,8,844.140625,288.62827225130889,False,row0_col2
418,141854,1.1312369108200071,1.0870189666748049,1251,659,False,False,15d9508324337b875670f947,30,16,1157.734375,567.0785340314136,False,row1_col2
419,142199,0.99485182762145996,1.264756441116333,1319,2471,False,False,15d9508324337b875670f947,23,27,913.828125,949.9476439790576,False,row2_col2
420,142464,0.73146325349807728,1.2203311920166016,3876,3444,False,False,1e5e68e0329b0ca73274b4b5,0,4,146.21875,136.93157894736842,False,row0_col0
421,143586,1.1198786497116089,1.1784924268722534,1520,3784,False,False,36eb7440912b14f82d4f0a68,2,7,188.09375,232.50261780104711,False,row0_col0
422,144121,1.100147008895874,1.2292060852050779,2100,88,False,False,36eb7440912b14f82d4f0a68,25,23,980.15625,783.37172774869111,False,row2_col2
423,144420,0.4446149468421936,1.216553807258606,771,1706,False,False,f7f29bc516d8bf1032c86519,4,1,264.953125,40.797927461139892,True,padding_center
424,145236,1.0068391561508181,1.0218604803085327,3439,2987,False,False,f7f29bc516d8bf1032c86519,20,26,819.453125,906.0829015544042,False,row2_col1
425,145573,0.92411774396896362,1.1855645179748535,1533,3084,False,False,b4219175d4f101deb62b1e1b,5,5,277.265625,177.31550802139037,False,row0_col0
426,145672,1.1820160150527954,1.2727082967758181,1633,3913,False,False,b4219175d4f101deb62b1e1b,8,8,381.046875,281.27272727272725,False,row0_col0
427,145673,0.99156606197357156,1.2650226354598999,1129,354,False,False,b4219175d4f101deb62b1e1b,9,8,415.640625,281.27272727272725,False,row0_col0
428,145702,1.0115337371826172,1.2202478647232056,1276,3061,False,False,b4219175d4f101deb62b1e1b,6,9,311.859375,315.92513368983958,False,row0_col0
429,145760,0.89394944906234741,1.1784847974777222,3542,321,False,False,b4219175d4f101deb62b1e1b,0,11,104.296875,385.22994652406419,False,row0_col0
430,146266,0.99657094478607156,1.0373039245605469,1544,2581,False,False,b4219175d4f101deb62b1e1b,26,26,1003.734375,905.01604278074865,False,row2_col2
431,146711,1.0500540733337402,1.0636154413223269,693,3125,False,False,6d36a77190afe991bdd3beaf,23,8,923.421875,264,False,row0_col2
432,147539,0.4277390837669372,1.0492866039276123,1922,286,False,False,b951568d88267986c2ddff82,19,2,785.96875,67.782608695652172,True,padding_center
433,147735,0.94984549283981323,1.3088169097900393,460,3125,False,False,b951568d88267986c2ddff82,23,8,924.21875,275.43478260869563,False,row0_col2
434,147844,1.1693882942199707,1.3367575407028198,947,2924,False,False,b951568d88267986c2ddff82,4,12,267.53125,413.86956521739131,False,row1_col0
435,148303,0.94802969694137562,1.3317545652389526,4009,3130,False,False,b951568d88267986c2ddff82,15,26,647.71875,898.39130434782612,False,row2_col1
436,148955,1.2701781988143921,1.1301093101501465,1007,2666,False,False,eb71064c90774c5dc6ff8f78,27,14,1054.03125,495.03174603174602,False,row1_col2
437,149081,1.3382718563079834,1.2724868059158323,2072,3175,False,False,eb71064c90774c5dc6ff8f78,25,18,985.15625,632.68253968253975,False,row1_col2
438,149272,0.92935085296630837,1.245032787322998,1626,3124,False,False,eb71064c90774c5dc6ff8f78,24,24,950.71875,839.15873015873012,False,row2_col2
439,149313,0.88390630483627308,1.201265811920166,867,467,False,False,eb71064c90774c5dc6ff8f78,1,26,158.65625,907.98412698412699,False,row2_col0
440,149715,1.1418863534927368,1.2795683145523071,3468,1938,False,False,f494610fdaf77ce6cbdfb0d3,19,6,795.796875,203.96791443850267,False,row0_col1
441,149877,1.2017779350280762,1.3515722751617432,2264,795,False,False,f494610fdaf77ce6cbdfb0d3,21,11,865.109375,377.22994652406419,False,row0_col2
442,150064,1.1029759645462036,1.1999784708023071,654,1701,False,False,f494610fdaf77ce6cbdfb0d3,16,17,691.828125,585.14438502673806,False,row1_col1
443,150198,1.1248739957809448,1.2519814968109133,1578,2964,False,False,f494610fdaf77ce6cbdfb0d3,22,21,899.765625,723.75401069518716,False,row2_col2
444,150503,0.28276228904724121,1.0827639102935791,770,226,False,False,f494610fdaf77ce6cbdfb0d3,7,31,379.921875,1070.2780748663101,True,padding_center
445,150599,0.5282558798789978,1.080630898475647,2401,2162,False,False,6aacc3e88c7b1fee9f8c4019,7,2,383.625,68.790575916230367,True,padding_center
446,150629,0.70474410057067871,1.2175946235656738,80,35,False,False,6aacc3e88c7b1fee9f8c4019,5,3,314.125,103.59685863874346,True,padding_center
447,150646,0.68610352277755726,1.1712663173675537,1756,35,False,False,6aacc3e88c7b1fee9f8c4019,22,3,904.875,103.59685863874346,True,padding_center
448,150701,1.0412654876708984,1.2387944459915159,543,1822,False,False,6aacc3e88c7b1fee9f8c4019,13,5,592.125,173.20942408376965,False,row0_col1
449,151173,1.5286873579025269,1.2572782039642334,2514,3760,False,False,6aacc3e88c7b1fee9f8c4019,5,20,314.125,695.30366492146595,False,row2_col0
450,151237,1.5499554872512815,1.2447191476821899,1032,2682,False,False,6aacc3e88c7b1fee9f8c4019,5,22,314.125,764.91623036649219,False,row2_col0
451,151917,1.0940026044845581,1.115445613861084,1140,29,False,False,009cd3639a67c3e8ac9da12b,13,11,593.28125,381.05319148936167,False,row0_col1
452,151995,1.0050954818725586,1.3150795698165894,916,1456,False,False,009cd3639a67c3e8ac9da12b,27,13,1078.90625,450.58510638297872,False,row1_col2
453,152483,0.49056190252304072,1.1562601327896118,248,1249,False,False,009cd3639a67c3e8ac9da12b,3,29,246.40625,1006.8404255319149,True,padding_center
454,153243,0.99727857112884521,1.2104132175445557,33,1065,False,False,1b4035df675fd972579d4c16,27,20,1059.90625,692.84816753926702,False,row2_col2
455,153537,0.2612479031085968,1.1302738189697266,430,1415,False,False,1b4035df675fd972579d4c16,1,30,158.03125,1038.8167539267015,True,padding_center
456,153642,0.24134071171283719,0.75359296798706055,1989,1706,False,False,ce80ae72436d84596ffaa522,10,1,467.21875,41.416216216216213,True,padding_center
457,153768,1.0185418128967283,1.1474661827087402,111,2803,False,False,ce80ae72436d84596ffaa522,8,5,397.84375,179.96756756756758,False,row0_col0
458,153827,1.0877857208251951,1.2137194871902466,2068,3784,False,False,ce80ae72436d84596ffaa522,3,7,224.40625,249.24324324324326,False,row0_col0
459,154671,0.3053966760635376,0.43215906620025629,3842,1706,False,False,dd2f8e22a40ca28b716d3418,15,1,631.625,42.352941176470594,True,padding_center
460,154690,0.41548800468444819,0.97558885812759399,2712,1334,False,False,dd2f8e22a40ca28b716d3418,2,2,179.875,77.133689839572199,True,padding_center
461,156257,1.1649973392486572,1.151824951171875,2024,140,False,False,2d4ee384e99cbef3dd97b9df,1,19,150.125,666.96721311475403,False,row1_col0
462,156286,0.99488669633865356,1.1901925802230835,841,3706,False,False,2d4ee384e99cbef3dd97b9df,30,19,1157.875,666.96721311475403,False,row1_col2
463,156385,1.0573290586471558,1.2820910215377808,1477,1132,False,False,2d4ee384e99cbef3dd97b9df,1,23,150.125,806.15846994535525,False,row2_col0
464,156710,0.28470426797866821,1.1050611734390261,432,1706,False,False,63f23e2fc4a87e66536e23d3,6,1,356.875,32.606557377049171,True,padding_center
465,157284,1.3909741640090942,1.1926155090332031,298,3143,False,False,63f23e2fc4a87e66536e23d3,4,19,287.375,658.96721311475403,False,row1_col0
466,158293,1.4736274480819702,1.4763201475143433,4023,3967,False,False,e5c18f32ffcf933947d02a58,21,18,893.46875,628.39344262295083,False,row1_col2
467,158331,1.6641916036605835,1.2830706834793093,319,2969,False,False,e5c18f32ffcf933947d02a58,27,19,1102.34375,663.27868852459017,False,row1_col2
468,158427,1.2124456167221067,1.3251463174819946,348,2881,False,False,e5c18f32ffcf933947d02a58,27,22,1102.34375,767.93442622950818,False,row2_col2
469,158527,0.92064666748046875,1.0476353168487549,1638,2196,False,False,e5c18f32ffcf933947d02a58,31,25,1241.59375,872.5901639344263,False,row2_col2
470,158720,0.1692631244659423,1.2996528148651123,2908,183,False,False,ee66320bf7eb01a991a1e561,0,0,162.375,-6,True,padding_center
471,159325,1.1483191251754761,1.3654532432556152,1473,3730,False,False,ee66320bf7eb01a991a1e561,29,18,1170.125,621.09677419354841,False,row1_col2
472,160483,1.1018494367599487,1.1137650012969973,827,3552,False,False,b7efa09397f24e9b80cb6758,3,23,214.625,797.2216494845361,False,row2_col0
473,160621,0.91605556011199962,1.0936685800552368,1100,2765,False,False,b7efa09397f24e9b80cb6758,13,27,562.125,936.2731958762887,False,row2_col1
474,160764,0.38549631834030151,1.0354286432266235,1641,226,False,False,b7efa09397f24e9b80cb6758,28,31,1083.375,1075.3247422680411,True,padding_center
475,161687,0.66957962512969971,1.2145246267318726,573,2012,False,False,a93f8f679f4821573346dd3a,23,28,960.28125,967.14516129032256,True,padding_center
476,162317,1.2811503410339355,1.2180529832839966,1855,457,False,False,60611d165a78aab7eb01b780,13,16,556.59375,570.95238095238096,False,row1_col1
477,162362,1.7006363868713379,1.4312907457351685,492,545,False,False,60611d165a78aab7eb01b780,26,17,1005.90625,605.53439153439149,False,row1_col2
478,162525,1.248534083366394,1.398841381072998,913,1106,False,False,60611d165a78aab7eb01b780,29,22,1109.59375,778.44444444444446,False,row2_col2
479,162567,1.1759757995605469,1.4165636301040647,332,1035,False,False,60611d165a78aab7eb01b780,7,24,349.21875,847.60846560846562,False,row2_col0
480,162798,0.22414955496788019,1.0867575407028198,1996,226,False,False,60611d165a78aab7eb01b780,14,31,591.15625,1089.6825396825398,True,padding_center
481,162864,0.31345862150192261,0.6630929708480835,3584,1706,False,False,558c1de5d92b5f300ff8d7a4,16,1,686.34375,25.173913043478265,True,padding_center
482,163435,1.0489064455032349,1.1194384098052981,1882,3544,False,False,558c1de5d92b5f300ff8d7a4,11,19,512.90625,648.13043478260875,False,row1_col1
483,163824,0.2450850754976272,1.0130518674850464,49,226,False,False,558c1de5d92b5f300ff8d7a4,16,31,686.34375,1063.4347826086957,True,padding_center
484,164142,1.245667576789856,1.3489387035369873,4080,1010,False,False,83203b6a93dc2b164a5d9ce8,14,9,619.515625,305.04347826086956,False,row0_col1
485,164268,1.0788589715957642,1.1129347085952761,2232,17,False,False,83203b6a93dc2b164a5d9ce8,12,13,550.203125,443.47826086956525,False,row1_col1
486,164617,0.91117393970489502,1.1476260423660278,2154,1902,False,False,83203b6a93dc2b164a5d9ce8,9,24,446.234375,824.17391304347825,False,row2_col0
487,164916,0.26507377624511708,0.49008998274803162,3958,1706,False,False,6257a4d8f1cbc9c83fba2d60,20,1,807.171875,44.173913043478265,True,padding_center
488,165118,1.1062085628509519,1.3936288356781006,1329,3727,False,False,6257a4d8f1cbc9c83fba2d60,30,7,1153.109375,251.82608695652175,False,row0_col2
489,165312,0.95694452524185181,1.1973706483840942,2347,3941,False,False,6257a4d8f1cbc9c83fba2d60,0,14,115.296875,494.08695652173913,False,row1_col0
490,165896,0.2769880592823028,1.2701431512832642,664,1706,False,False,21a65ebf59d2ba6f5a645963,8,0,375.234375,-6.5510204081632679,True,padding_center
491,166016,0.8173060417175293,1.1417113542556765,3129,3444,False,False,21a65ebf59d2ba6f5a645963,0,4,95.484375,133.20408163265307,False,row0_col0
492,166145,1.2221540212631226,1.154021143913269,90,950,False,False,21a65ebf59d2ba6f5a645963,1,8,130.453125,272.9591836734694,False,row0_col0
493,166432,0.89327877759933472,1.0208300352096558,2259,2421,False,False,21a65ebf59d2ba6f5a645963,0,17,95.484375,587.40816326530603,False,row1_col0
494,166752,0.98517203330993641,1.3392778635025024,1503,865,False,False,21a65ebf59d2ba6f5a645963,0,27,95.484375,936.79591836734687,False,row2_col0
495,166796,0.77947980165481556,1.1278891563415527,550,1153,False,False,21a65ebf59d2ba6f5a645963,12,28,515.109375,971.73469387755097,True,padding_center
496,166912,0.15166957676410669,1.3569239377975464,936,183,False,False,43ee58770e40e876f08e8074,0,0,138.21875,-13.144385026737979,True,padding_center
497,167007,0.4366698265075683,1.1301121711730957,4090,3171,False,False,43ee58770e40e876f08e8074,31,2,1205.78125,55.732620320855617,True,padding_center
498,167187,1.1540591716766355,0.99295544624328602,233,1333,False,False,43ee58770e40e876f08e8074,19,8,792.53125,262.36363636363637,False,row0_col1
499,167224,0.83156806230545044,1.1462303400039673,120,2286,False,False,43ee58770e40e876f08e8074,24,9,964.71875,296.80213903743316,False,row0_col2
500,167301,1.2084355354309082,1.0572243928909302,777,906,False,False,43ee58770e40e876f08e8074,5,12,310.40625,400.11764705882354,False,row1_col0
501,168749,0.97695726156234741,1.2476367950439451,1318,3923,False,False,8ddb86f33af46de74f6cb3c0,13,25,611.59375,864.10000000000002,False,row2_col1
502,168788,1.1243162155151367,1.2614225149154663,527,2987,False,False,8ddb86f33af46de74f6cb3c0,20,26,853.53125,898.58421052631581,False,row2_col1
503,168958,0.26976853609085077,1.0798759460449221,152,1415,False,False,8ddb86f33af46de74f6cb3c0,30,31,1199.15625,1071.0052631578947,True,padding_center
504,169692,1.2488906383514404,1.1160171031951904,67,3304,False,False,0995d605d7742fc0e60c12be,28,22,1078.03125,750.40641711229944,False,row2_col2
505,170109,0.74493074417114247,1.0622042417526243,1312,35,False,False,b540e2337d1ee579831d1275,29,3,1134.515625,90.680628272251312,True,padding_center
506,172228,1.0033406019210815,1.1249654293060305,3570,2656,False,False,7ab749d4fd062c3c49f0ba2a,4,6,294.671875,194.32972972972973,False,row0_col0
507,172258,0.92001909017562855,1.2255090475082395,1128,294,False,False,7ab749d4fd062c3c49f0ba2a,2,7,225.484375,228.83783783783784,False,row0_col0
508,172493,0.84122109413146973,0.75264155864715565,933,2607,False,False,7ab749d4fd062c3c49f0ba2a,13,14,606.015625,470.39459459459459,False,row1_col1
509,172582,1.3746999502182009,1.2774758338928225,537,3602,False,False,7ab749d4fd062c3c49f0ba2a,6,17,363.859375,573.91891891891896,False,row1_col0
510,172611,1.068292498588562,1.2218068838119509,1439,207,False,False,7ab749d4fd062c3c49f0ba2a,3,18,260.078125,608.42702702702695,False,row1_col0
511,172641,1.1180883646011353,1.1968390941619873,1604,140,False,False,7ab749d4fd062c3c49f0ba2a,1,19,190.890625,642.93513513513517,False,row1_col0
512,172816,0.98135352134704601,1.2622839212417605,2205,1414,False,False,7ab749d4fd062c3c49f0ba2a,16,24,709.796875,815.47567567567569,False,row2_col1
513,173286,1.2225915193557739,1.2980841398239136,1337,2592,False,False,75e6d970a10dafc3054e0571,6,7,361.875,237.47826086956522,False,row0_col0
514,173593,1.2907928228378296,1.412247896194458,1316,2823,False,False,75e6d970a10dafc3054e0571,25,16,1022.125,550.91304347826087,False,row1_col2
515,174585,1.6232587099075315,1.4761896133422852,1065,2189,False,False,88c4bf09a5d57231f89b045c,25,15,996.140625,504.83957219251334,False,row1_col2
516,174890,0.98400789499282837,1.1946818828582764,3902,1481,False,False,88c4bf09a5d57231f89b045c,10,25,477.234375,851.36363636363637,False,row2_col0
517,175896,1.0337141752243042,1.1789734363555908,1626,2129,False,False,b1e12102411c176bd5c55672,24,24,983.078125,833.33333333333337,False,row2_col2
518,176169,0.32206779718399042,0.90870547294616677,1133,1706,False,False,1f4ef5622d6a1f36e4aa5bbe,9,1,460.234375,30.173913043478265,True,padding_center
519,176214,0.35384836792945862,1.1843088865280151,908,2162,False,False,1f4ef5622d6a1f36e4aa5bbe,22,2,910.765625,64.782608695652172,True,padding_center
520,176369,1.4209784269332886,1.4792617559432983,1880,123,False,False,1f4ef5622d6a1f36e4aa5bbe,17,7,737.484375,237.82608695652175,False,row0_col1
521,176450,1.3819036483764648,1.377001166343689,3981,3416,False,False,1f4ef5622d6a1f36e4aa5bbe,2,10,217.640625,341.6521739130435,False,row0_col0
522,176664,1.7826132774353027,0,1316,806,False,True,1f4ef5622d6a1f36e4aa5bbe,24,16,980.078125,549.304347826087,False,row1_col2
523,177053,0.7556653618812561,1.2756210565567017,2392,1249,False,False,1f4ef5622d6a1f36e4aa5bbe,29,28,1153.359375,964.60869565217388,True,padding_center
524,177196,0.32092946767807001,0.83498680591583252,68,1706,False,False,d3087ca15c39ea0c8f15bf17,12,1,533.546875,34.208791208791197,True,padding_center
525,177753,1.3795626163482666,1.3504097461700439,2072,669,False,False,d3087ca15c39ea0c8f15bf17,25,18,986.515625,626.03296703296701,False,row1_col2
526,177787,1.6717280149459841,1.4137505292892456,2533,2969,False,False,d3087ca15c39ea0c8f15bf17,27,19,1056.203125,660.84615384615381,False,row1_col2
527,178879,0.74412786960601796,1.1452494859695437,150,3014,False,False,dd4ad461de197a243a121525,31,21,1218.796875,714.51308900523554,False,row2_col2
528,179073,0.69672685861587524,1.2569406032562256,975,1652,False,False,dd4ad461de197a243a121525,1,28,186.609375,955.51832460732987,True,padding_center
529,179117,0.46887165307998652,1.2087194919586182,3803,1700,False,False,dd4ad461de197a243a121525,13,29,599.484375,989.9476439790576,True,padding_center
530,179482,0.88299334049224854,1.3336952924728394,1620,1251,False,False,88a7da897ac6bcbf16c8e69d,26,8,1032.875,274.62827225130889,False,row0_col2
531,180089,0.86811870336532593,1.1997084617614746,3897,3965,False,False,88a7da897ac6bcbf16c8e69d,25,27,998.125,935.9476439790576,False,row2_col2
532,180207,0.32760298252105707,0.93297451734542836,1424,226,False,False,88a7da897ac6bcbf16c8e69d,15,31,650.625,1075.1727748691101,True,padding_center
533,180243,0.27801328897476191,0.97089821100234985,503,1706,False,False,e3e937e4c7206cd43037de93,19,0,774.453125,-6,True,padding_center
534,180302,0.44210872054100031,0.6969495415687561,1122,286,False,False,e3e937e4c7206cd43037de93,14,2,600.234375,63.677419354838705,True,padding_center
535,181865,1.6664612293243408,1.6116889715194702,1017,2265,False,False,9dc7738247217dd257b2b574,9,19,413.53125,658.25130890052355,False,row1_col0
536,182976,0.82771486043930054,1.0107418298721311,2185,3433,False,False,baa55f7c3696feb74db32bba,0,22,140.28125,757.64736842105265,False,row2_col0
537,183064,1.0585240125656128,1.157069206237793,1939,3709,False,False,baa55f7c3696feb74db32bba,24,24,969.78125,826.61578947368423,False,row2_col2
538,183587,1.3536486625671389,1.242024302482605,2150,3057,False,False,9e7c13f8064b9fc62fe964d6,3,9,238.078125,315.28272251308897,False,row0_col0
539,183643,1.2881797552108765,1.4075068235397341,2202,739,False,False,9e7c13f8064b9fc62fe964d6,27,10,1068.328125,349.87958115183244,False,row0_col2
540,184723,0.98194897174835205,1.3952687978744509,17,729,False,False,805980f7faa8c08b50072995,19,12,793.96875,409.86315789473684,False,row1_col1
541,184831,0.65586245059967041,1.0486891269683838,2103,2913,False,False,805980f7faa8c08b50072995,31,15,1208.71875,513.69473684210527,False,row1_col2
542,185421,0.57943600416183472,0.780021071434021,1579,286,False,False,04b10b19c991ff0f07deda16,13,2,586.59375,76.358288770053491,True,padding_center
543,185422,0.5309404730796814,0.76817125082015991,1103,286,False,False,04b10b19c991ff0f07deda16,14,2,621.15625,76.358288770053491,True,padding_center
544,185594,1.0558815002441406,1.3406937122344973,682,1446,False,False,04b10b19c991ff0f07deda16,26,7,1035.90625,249.62032085561498,False,row0_col2
545,186752,0.81153112649917603,1.2828298807144165,2098,321,False,False,5c1bf30bc1a4f784d36c8062,0,12,131.296875,411.88235294117646,False,row1_col0
546,186842,1.1005796194076538,1.3446816205978394,762,3176,False,False,5c1bf30bc1a4f784d36c8062,26,14,1030.734375,481.18716577540107,False,row1_col2
547,187059,1.2853162288665771,1.3410907983779907,1224,3011,False,False,5c1bf30bc1a4f784d36c8062,19,21,788.578125,723.75401069518716,False,row2_col1
548,187728,1.0626628398895264,1.1451025009155271,886,1687,False,False,fb5a9755e142923997483e54,16,10,687.375,333.33333333333331,False,row0_col1
549,188562,0.7985994815826416,1.0086516141891479,1671,3033,False,False,7fa802d5b3d7b7590197ff36,18,4,733.09375,152.3027027027027,False,row0_col1
550,189502,0.34357857704162592,0.28379285335540771,1734,2547,False,False,b7e0bb24f27963017f1a9f09,30,1,1182.875,26.208791208791197,True,padding_center
551,189873,1.1068887710571289,1.2442827224731443,2061,1143,False,False,b7e0bb24f27963017f1a9f09,17,13,731.125,443.96703296703299,False,row1_col1
552,189882,0.82811051607131947,1.1938369274139404,958,1088,False,False,b7e0bb24f27963017f1a9f09,26,13,1043.875,443.96703296703299,False,row1_col2
553,190013,0.95528256893157959,0.79658246040344227,622,3730,False,False,b7e0bb24f27963017f1a9f09,29,17,1148.125,583.2197802197802,False,row1_col2
554,190116,1.0537617206573486,1.0321990251541138,2073,3978,False,False,b7e0bb24f27963017f1a9f09,4,21,279.375,722.47252747252753,False,row2_col0
555,190276,1.0094908475875854,1.3727006912231443,1893,1600,False,False,b7e0bb24f27963017f1a9f09,4,26,279.375,896.53846153846155,False,row2_col0
556,190318,0.71239638328552235,1.2861958742141724,1870,1153,False,False,b7e0bb24f27963017f1a9f09,14,27,626.875,931.35164835164835,True,padding_center
557,190354,0.62161356210708607,1.3698766231536863,1091,2012,False,False,b7e0bb24f27963017f1a9f09,18,28,765.875,966.16483516483515,True,padding_center
558,190535,0.62883096933364857,1.2030401229858398,2248,2162,False,False,9e3ff6a52f10ae8e139d3c38,7,2,363.15625,72.0625,True,padding_center
559,190566,0.75077623128890991,1.1673803329467771,990,1840,False,False,9e3ff6a52f10ae8e139d3c38,6,3,328.46875,106.6875,True,padding_center
560,191308,1.0168085098266602,1.3414627313613892,2482,2684,False,False,9e3ff6a52f10ae8e139d3c38,12,26,536.59375,903.0625,False,row2_col1
561,191460,0.34580564498901362,0.94860816001892079,379,226,False,False,9e3ff6a52f10ae8e139d3c38,4,31,259.09375,1076.1875,True,padding_center
562,192006,1.7036664485931396,1.3940420150756836,930,1643,False,False,13d984a7b264eb7393bb4bbb,6,16,328.46875,553.49197860962568,False,row1_col0
563,192485,0.32141551375389088,1.0555751323699951,3867,226,False,False,13d984a7b264eb7393bb4bbb,5,31,293.78125,1073.2780748663101,True,padding_center
564,192775,0.95126408338546764,0.99368339776992798,740,3922,False,False,6a57e03e1905b5c4210bc584,7,8,384.453125,265.27272727272725,False,row0_col0
565,193180,1.1299749612808228,1.0574431419372561,3455,678,False,False,6a57e03e1905b5c4210bc584,28,20,1110.921875,681.10160427807489,False,row2_col2
566,193436,0.77333152294158936,1.3140703439712524,3904,564,False,False,6a57e03e1905b5c4210bc584,28,28,1110.921875,958.3208556149732,True,padding_center
567,193731,1.1039197444915771,1.2168482542037964,3570,2041,False,False,aefb29f0a27380abd8a7072a,3,6,249.53125,214.07329842931938,False,row0_col0
568,193930,0.83100754022598255,1.1151498556137085,1497,155,False,False,aefb29f0a27380abd8a7072a,10,12,490.59375,420.64921465968587,False,row1_col0
569,194437,0.7055974006652832,1.131266713142395,1665,2012,False,False,aefb29f0a27380abd8a7072a,5,28,318.40625,971.51832460732987,True,padding_center
570,194688,0.72268527746200562,1.1735856533050537,3876,3444,False,False,b1a39c8c93fe4d79d6ff8d44,0,4,121.21875,144.90000000000001,False,row0_col0
571,195625,0,0.93066734075546265,1080,1706,True,False,8ea3847f318908af74ca363c,9,1,453.640625,35.507853403141368,True,padding_center
572,195699,0.90135294198989857,1.3037282228469849,1397,3454,False,False,8ea3847f318908af74ca363c,19,3,799.578125,104.70157068062827,True,padding_center
573,196344,1.013782262802124,1.0214825868606567,2131,88,False,False,8ea3847f318908af74ca363c,24,23,972.546875,796.63874345549732,False,row2_col2
574,196461,0.88355123996734608,1.3242260217666626,3600,2765,False,False,8ea3847f318908af74ca363c,13,27,592.015625,935.0261780104712,False,row2_col1
575,196592,0.21261216700077051,1.0177030563354492,773,226,False,False,8ea3847f318908af74ca363c,16,31,695.796875,1073.413612565445,True,padding_center
576,196969,1.018841028213501,1.3571583032608032,3733,2568,False,False,819331f44b9bfe36ff4bf476,9,11,471.234375,384.26086956521738,False,row0_col0
577,197551,0.41248431801795948,1.1656010150909424,2245,1700,False,False,819331f44b9bfe36ff4bf476,15,29,679.171875,1007.2173913043478,True,padding_center
578,197741,0.76281726360321045,1.1760921478271484,353,2233,False,False,75eaffb01baa039eb6d5f71b,13,3,606.859375,100.01069518716577,True,padding_center
579,198324,0.85695374011993397,0.99717575311660755,1834,576,False,False,75eaffb01baa039eb6d5f71b,20,21,849.453125,723.75401069518716,False,row2_col1
580,199337,1.1200118064880371,1.3923066854476929,2013,2794,False,False,1521c7bdee93d552208d03d3,9,21,434.640625,734.9375,False,row2_col0
581,199489,1.1422425508499146,1.3717682361602783,333,467,False,False,1521c7bdee93d552208d03d3,1,26,157.890625,908.0625,False,row2_col0
582,199598,0.48551821708679188,1.292017936706543,3803,1700,False,False,1521c7bdee93d552208d03d3,14,29,607.609375,1011.9375,True,padding_center
583,199806,0.63960236310958862,1.0938975811004641,761,1572,False,False,3d9a63ef1fa66bf91e525440,30,3,1188.015625,122.01069518716577,True,padding_center
584,199904,0.85891330242156982,1.1254070997238159,2080,1452,False,False,3d9a63ef1fa66bf91e525440,0,7,148.328125,260.62032085561498,False,row0_col0
585,199978,0.77933865785598755,1.4467153549194336,3814,779,False,False,3d9a63ef1fa66bf91e525440,10,9,494.890625,329.92513368983958,False,row0_col0
586,200218,1.6192593574523926,1.2707397937774658,1289,2113,False,False,3d9a63ef1fa66bf91e525440,26,16,1049.390625,572.49197860962568,False,row1_col2
587,200519,1.025115966796875,1.2086189985275269,3889,1229,False,False,3d9a63ef1fa66bf91e525440,7,26,390.921875,919.01604278074865,False,row2_col0
588,200613,0.46548920869827271,1.1931107044219973,1161,1700,False,False,3d9a63ef1fa66bf91e525440,5,29,321.609375,1022.9732620320856,True,padding_center
589,200773,0.45299583673477167,1.0171736478805542,2401,2162,False,False,5d0f2dad7d48724f02a696a2,5,2,307.609375,71.054054054054049,True,padding_center
590,201392,1.1290645599365234,1.021138072013855,999,2472,False,False,5d0f2dad7d48724f02a696a2,16,21,688.828125,729.17297297297296,False,row2_col1
591,201596,0.91000634431838978,0.99935412406921376,163,1767,False,False,5d0f2dad7d48724f02a696a2,28,27,1104.703125,937,True,padding_center
592,201976,1.0904442071914673,1.3164026737213137,415,1489,False,False,8d754e60af04c510870195a0,24,7,961.546875,232.33333333333331,False,row0_col2
593,202063,1.0397138595581057,1.1443698406219482,66,902,False,False,8d754e60af04c510870195a0,15,10,650.203125,336.33333333333331,False,row0_col1
594,202299,1.3045240640640261,1.1683106422424316,2532,4048,False,False,8d754e60af04c510870195a0,27,17,1065.328125,579,False,row1_col2
595,202379,1.0364209413528442,1.1365896463394165,103,3795,False,False,8d754e60af04c510870195a0,11,20,511.828125,683,False,row2_col1
596,202627,0.79533523321151733,1.3653994798660278,3903,2866,False,False,8d754e60af04c510870195a0,3,28,235.078125,960.33333333333326,True,padding_center
597,203019,0.83021050691604614,1.0521219968795776,1462,2544,False,False,daca2d861b6d4fd1ea336571,11,8,514.828125,283,False,row0_col1
598,203795,0.2145135700702667,1.0370121002197266,314,1706,False,False,87fbd4752229b1af092fadbf,19,0,794.625,-1,True,padding_center
599,203848,0.36349952220916742,1.202622652053833,504,2162,False,False,87fbd4752229b1af092fadbf,8,2,412.375,68.677419354838705,True,padding_center
600,203898,0.68846797943115234,1.0891435146331787,212,2646,False,False,87fbd4752229b1af092fadbf,26,3,1037.875,103.51612903225806,True,padding_center
601,204004,1.1043205261230469,1.1487346887588501,2068,3784,False,False,87fbd4752229b1af092fadbf,4,7,273.375,242.87096774193549,False,row0_col0
602,204248,1.2714210748672483,1.5132466554641724,1214,1671,False,False,87fbd4752229b1af092fadbf,24,14,968.375,486.74193548387098,False,row1_col2
603,204828,0.2349132746458053,1.4810627698898315,3529,15,False,False,ef9e40f88efa54ae539304c5,28,0,1075.03125,6.2810810810810835,True,padding_center
604,204862,0.25207141041755671,0.34704428911209101,1734,2547,False,False,ef9e40f88efa54ae539304c5,30,1,1144.15625,40.789189189189187,True,padding_center
605,206278,1.162898063659668,1.1104223728179932,2069,2011,False,False,7c3fa4f3ec7844bba589fc1b,6,14,341.84375,479.29787234042556,False,row1_col0
606,207472,1.2515443563461304,1.4092345237731934,1262,3952,False,False,2d8cb21136a9201405edf1b5,16,19,691.921875,657.93548387096769,False,row1_col1
607,207692,0.98308807611465443,1.344764232635498,899,2765,False,False,2d8cb21136a9201405edf1b5,12,26,552.546875,901.80645161290329,False,row2_col1
608,207714,0.91450697183608998,1.1572684049606323,2197,763,False,False,2d8cb21136a9201405edf1b5,2,27,204.109375,936.64516129032256,False,row2_col0
609,207996,0.71016442775726307,1.1845892667770386,3619,35,False,False,b5272bd6ecfc66e59e34ad6f,28,3,1146.59375,94.391304347826093,True,padding_center
610,208007,0.82105839252471924,1.3265576362609863,2218,2803,False,False,b5272bd6ecfc66e59e34ad6f,7,4,418.15625,129,False,row0_col0
611,208110,1.2593437433242798,1.3206750154495239,202,2623,False,False,b5272bd6ecfc66e59e34ad6f,14,7,660.96875,232.82608695652175,False,row0_col1
612,208118,0.95170289278030396,1.3325948715209961,2426,1185,False,False,b5272bd6ecfc66e59e34ad6f,22,7,938.46875,232.82608695652175,False,row0_col2
613,208130,0.98353809118270885,1.2089347839355469,69,3891,False,False,b5272bd6ecfc66e59e34ad6f,2,8,244.71875,267.43478260869563,False,row0_col0
614,208462,1.0411376953125,1.3406351804733276,1849,693,False,False,b5272bd6ecfc66e59e34ad6f,14,18,660.96875,613.52173913043475,False,row1_col1
615,208487,1.5479650497436523,1.4951812028884888,1960,4037,False,False,b5272bd6ecfc66e59e34ad6f,7,19,418.15625,648.13043478260875,False,row1_col0
616,209420,1.3055589199066162,1.0957367420196531,2071,4023,False,False,c7d7069e6440bce13d75f421,12,16,531.203125,554.46073298429314,False,row1_col1
617,210051,0.81581103801727295,1.2609636783599854,720,1533,False,False,1240ac28d17f51ba5c00837b,3,4,271.078125,118,False,row0_col0
618,210147,0.92737299203872681,1.176665186882019,1943,3784,False,False,1240ac28d17f51ba5c00837b,3,7,271.078125,222,False,row0_col0
619,210282,1.0132832527160645,1.3649632930755615,3504,1405,False,False,1240ac28d17f51ba5c00837b,10,11,513.234375,360.66666666666663,False,row0_col0
620,211268,1.0610359907150269,1.2207686901092527,836,1160,False,False,af05ccec25502117ca3f9a04,4,10,295.375,355.33333333333331,False,row0_col0
621,212012,0.31062990427017212,0.69868183135986317,2199,1706,False,False,a9be01d87459f30144024b64,12,1,574.03125,42.861702127659569,True,padding_center
622,212562,1.1268876791000366,1.1268876791000366,1239,3107,False,False,a9be01d87459f30144024b64,18,18,781.40625,630.98936170212767,False,row1_col1
623,212820,1.0198968648910522,1.2005108594894407,3439,3130,False,False,a9be01d87459f30144024b64,20,26,850.53125,907.75531914893611,False,row2_col1
624,214099,0.50409132242202748,1.2024195194244385,1680,286,False,False,5a18d7e0e87db7400eaa225c,19,2,784.796875,62.08064516129032,True,padding_center
625,214496,0.70311665534973145,1.1493704319000244,1712,2528,False,False,5a18d7e0e87db7400eaa225c,0,15,126.328125,512.18817204301081,False,row1_col0
626,214982,0.30176064372062678,0.78450387716293335,502,226,False,False,5a18d7e0e87db7400eaa225c,6,30,334.265625,1031.5430107526881,True,padding_center
627,215039,0.31197181344032282,1.218755841255188,2720,1415,False,False,5a18d7e0e87db7400eaa225c,31,31,1200.671875,1066.1666666666667,True,padding_center
628,215126,0.40537300705909718,1.1013728380203247,1391,2162,False,False,c0d503761e44e89054546681,22,2,913.765625,64.804232804232811,True,padding_center
629,215253,0,1.2235430479049685,1194,225,True,False,c0d503761e44e89054546681,21,6,879.109375,203.13227513227514,False,row0_col2
630,215561,1.3934328556060791,1.327813982963562,1992,663,False,False,c0d503761e44e89054546681,9,16,463.234375,548.95238095238096,False,row1_col0
631,215617,1.1374721527099607,1.1412110328674316,377,2762,False,False,c0d503761e44e89054546681,1,18,185.984375,618.11640211640213,False,row1_col0
632,217114,0.29609817266464228,1.3886809349060061,3678,1706,False,False,f393274be3847e33f5ac073b,26,0,997.90625,-1.7189189189189165,True,padding_center
633,217168,0.50137037038803101,0.75897538661956776,1103,286,False,False,f393274be3847e33f5ac073b,16,2,652.28125,67.297297297297291,True,padding_center
634,217503,0.85154223442077626,1.3358633518218994,1006,115,False,False,f393274be3847e33f5ac073b,31,12,1170.71875,412.37837837837839,False,row1_col2
635,218399,0.79487705230712891,1.0722260475158691,1852,1237,False,False,8ac236c9482943a0fd765323,31,8,1195.625,290.75531914893617,False,row0_col2
636,218533,1.2159097194671633,1.4540436267852783,1965,458,False,False,8ac236c9482943a0fd765323,5,13,292.125,464.58510638297872,False,row1_col0
637,218821,1.1960870027542114,1.1232178211212158,161,2654,False,False,8ac236c9482943a0fd765323,5,22,292.125,777.47872340425533,False,row2_col0
638,219208,0.49174660444259638,1.0984876155853271,1186,2162,False,False,1f2456bc9a154f9512de9b64,8,2,416.78125,71.657754010695186,True,padding_center
639,220048,0.50405967235565186,1.4329327344894407,501,1153,False,False,1f2456bc9a154f9512de9b64,16,28,693.28125,968.17112299465236,True,padding_center
640,220298,0.99248039722442616,1.2663416862487793,343,2887,False,False,32f11b88ebf1c0d458dad8d3,10,4,476.875,120.41666666666666,False,row0_col0
641,221831,1.028018593788147,1.1527600288391111,712,3343,False,False,1ecac2e7140d516b873b5746,7,20,354.453125,690.872340425532,False,row2_col0
642,222452,0.92640125751495361,1.2310731410980225,26,1658,False,False,327de82fac55468d2d3a7dd7,20,7,838.453125,233.70879120879121,False,row0_col1
643,222631,0.96264612674713124,1.1502784490585327,3395,2904,False,False,327de82fac55468d2d3a7dd7,7,13,387.921875,441.7967032967033,False,row1_col0
644,222705,1.2490655183792114,1.0528972148895264,1539,3009,False,False,327de82fac55468d2d3a7dd7,17,15,734.484375,511.15934065934067,False,row1_col1
645,222994,0.89396554231643666,1.1706920862197876,656,3297,False,False,327de82fac55468d2d3a7dd7,18,24,769.140625,823.29120879120876,False,row2_col1
646,223182,0.29891413450241078,0.72291511297225952,2008,226,False,False,327de82fac55468d2d3a7dd7,14,30,630.515625,1031.3791208791208,True,padding_center
647,223461,0.90879607200622559,1.3442515134811399,260,294,False,False,b984b329871f0e84f5fd4de2,5,7,286.640625,235.7837837837838,False,row0_col0
648,224473,1.0254305601119995,1.1914290189743042,1461,1489,False,False,06a2536925aca2673e4f022e,25,6,970.125,199.63492063492063,False,row0_col2
649,224629,1.0174680948257446,1.1136302947998049,1243,795,False,False,06a2536925aca2673e4f022e,21,11,831.125,373.60317460317458,False,row0_col2
650,224889,1.2166160345077517,1.3092560768127439,4024,1905,False,False,06a2536925aca2673e4f022e,25,19,970.125,651.95238095238096,False,row1_col2
651,226688,0.70327025651931763,1.0553085803985596,3436,321,False,False,97a12b10cd4059a0d96d7b1c,0,12,151.28125,406.43243243243245,False,row1_col0
652,226952,1.4257620573043823,1.3526365756988523,1382,1908,False,False,97a12b10cd4059a0d96d7b1c,8,20,427.78125,683.53513513513508,False,row2_col0
653,228453,0.76297134160995483,1.2436262369155884,420,1840,False,False,5f82d1a18d37b5b71f0e3e13,5,3,272.09375,108.6875,True,padding_center
654,228456,0.73489153385162354,1.0627987384796145,990,1840,False,False,5f82d1a18d37b5b71f0e3e13,8,3,375.78125,108.6875,True,padding_center
655,228745,1.0637404918670654,1.247044563293457,1760,2568,False,False,5f82d1a18d37b5b71f0e3e13,9,12,410.34375,420.3125,False,row1_col0
656,228946,1.1445852518081665,1.1445852518081665,1239,3107,False,False,5f82d1a18d37b5b71f0e3e13,18,18,721.40625,628.0625,False,row1_col1
657,229166,1.0742534399032593,1.1944983005523682,1318,3923,False,False,5f82d1a18d37b5b71f0e3e13,14,25,583.15625,870.4375,False,row2_col1
658,229258,0.75256145000457764,1.0026611089706421,3790,2012,False,False,5f82d1a18d37b5b71f0e3e13,10,28,444.90625,974.31249999999989,True,padding_center
659,229545,0.99795889854431163,1.0423430204391479,2519,2803,False,False,e5ea460098f78f89058a7af5,9,5,459.34375,176.60869565217391,False,row0_col0
660,229613,1.189789891242981,1.5004374980926514,942,1145,False,False,e5ea460098f78f89058a7af5,13,7,597.59375,245.82608695652175,False,row0_col1
661,229985,1.0207722187042236,1.1452704668045044,2024,140,False,False,e5ea460098f78f89058a7af5,1,19,182.84375,661.13043478260875,False,row1_col0
662,230443,0.33950519561767573,0.668060302734375,1989,1706,False,False,b7567bf06817bd7baf211db1,11,1,514.03125,34.212765957446805,True,padding_center
663,230536,0.8840448260307312,1.2374658584594729,3514,2501,False,False,b7567bf06817bd7baf211db1,8,4,410.71875,137.61702127659575,False,row0_col0
664,230752,0.82659745216369618,0.98513251543045044,1322,321,False,False,b7567bf06817bd7baf211db1,0,11,135.21875,378.89361702127655,False,row0_col0
665,231077,1.1682486534118652,1.2873866558074951,1484,677,False,False,b7567bf06817bd7baf211db1,5,21,307.40625,723.57446808510633,False,row2_col0
666,231299,0.78968530893325795,1.3400135040283203,3984,2866,False,False,b7567bf06817bd7baf211db1,3,28,238.53125,964.85106382978722,True,padding_center
667,231557,0.87547594308853138,1.2114477157592771,2345,2501,False,False,b7e5c36b0fcc32f8da70f625,5,4,275.640625,136.35675675675677,False,row0_col0
668,231964,0.98540091514587402,1.0487359762191772,1179,764,False,False,b7e5c36b0fcc32f8da70f625,28,16,1077.046875,554.60540540540546,False,row1_col2
669,232881,1.0028624534606934,1.2981852293014526,3611,3216,False,False,5c2fb8f176203529b320c33d,17,13,726.484375,453.20634920634922,False,row1_col1
670,233026,1.0415540933609009,1.2705999612808228,2152,3928,False,False,5c2fb8f176203529b320c33d,2,18,206.640625,626.11640211640213,False,row1_col0
671,233514,0.32910197973251343,0.8991011381149292,68,1706,False,False,1c3b47236e79243b77075512,10,1,446.59375,32.294117647058826,True,padding_center
672,233689,0.83243662118911743,1.2526340484619141,1907,3486,False,False,1c3b47236e79243b77075512,25,6,963.15625,204.48663101604279,False,row0_col2
673,233877,1.0993832349777222,1.2059718370437622,2276,1628,False,False,1c3b47236e79243b77075512,21,12,825.40625,411.11764705882354,False,row1_col2
674,234214,0.92813664674758922,1.1195454597473145,1502,2277,False,False,1c3b47236e79243b77075512,6,23,308.84375,789.94117647058818,False,row2_col0
675,234231,0.95775824785232544,1.1374905109405518,861,781,False,False,1c3b47236e79243b77075512,23,23,894.28125,789.94117647058818,False,row2_col2
676,234239,0.91707587242126465,0.97786742448806763,1844,1564,False,False,1c3b47236e79243b77075512,31,23,1169.78125,789.94117647058818,False,row2_col2
677,234373,0.84422087669372547,1.2961609363555908,2177,2866,False,False,1c3b47236e79243b77075512,5,28,274.40625,962.13368983957218,True,padding_center
678,234423,0.52628570795059204,1.2374842166900637,1406,1249,False,False,1c3b47236e79243b77075512,23,29,894.28125,996.57219251336903,True,padding_center
679,235005,1.1134109497070312,1.2507542371749878,4086,2856,False,False,4f2e92e1b80cd39c3cba6440,29,15,1106.90625,513.76595744680856,False,row1_col2
680,235543,0.35303241014480591,1.2899430990219116,4047,1706,False,False,450e892105e6d6a38e7e129c,23,0,927.828125,-0.020408163265315693,True,padding_center
681,235572,0.39303618669509882,0.96264594793319702,1783,1706,False,False,450e892105e6d6a38e7e129c,20,1,823.296875,34.755102040816325,True,padding_center
682,235617,0.82419037818908691,1.2238022089004517,3331,706,False,False,450e892105e6d6a38e7e129c,1,3,161.265625,104.30612244897959,True,padding_center
683,235828,0.97981345653533924,1.0861889123916626,369,1121,False,False,450e892105e6d6a38e7e129c,20,9,823.296875,312.9591836734694,False,row0_col1
684,236219,1.4913225173950195,1.2571123838424685,3438,3554,False,False,450e892105e6d6a38e7e129c,27,21,1067.203125,730.26530612244903,False,row2_col2
685,236565,0.2462091445922851,1.0704988241195681,145,1706,False,False,38e660db89e34c52bdd410d7,21,0,871.765625,-0.18750000000001421,True,padding_center
686,236651,0.91726726293563843,1.0152056217193604,2094,1840,False,False,38e660db89e34c52bdd410d7,11,3,525.828125,103.6875,True,padding_center
687,236904,0.95422822237014759,1.2430729866027832,1950,3455,False,False,38e660db89e34c52bdd410d7,8,11,422.046875,380.6875,False,row0_col0
688,236980,1.1258448362350464,1.3723617792129517,1662,1797,False,False,38e660db89e34c52bdd410d7,20,13,837.171875,449.9375,False,row1_col1
689,237056,0.76278859376907338,1.2753688097000122,1550,3941,False,False,38e660db89e34c52bdd410d7,0,16,145.296875,553.8125,False,row1_col0
690,237178,1.4579918384552002,1.2755081653594973,3973,3830,False,False,38e660db89e34c52bdd410d7,26,19,1044.734375,657.6875,False,row1_col2
691,238495,0.66035330295562744,0.99263167381286621,4017,2339,False,False,6e2433682189e3d2ce556573,31,28,1247.703125,974.3208556149732,True,padding_center
692,238843,0.95415389537811279,1.3105956315994265,731,3583,False,False,a9d0ff3cc6fb5dab5212ac12,27,7,1070.171875,240.38421052631577,False,row0_col2
693,238987,0.92841964960098255,1.0386863946914673,2203,1266,False,False,a9d0ff3cc6fb5dab5212ac12,11,12,519.671875,412.80526315789473,False,row1_col1
694,239326,1.0997421741485596,1.3212376832962036,973,1066,False,False,a9d0ff3cc6fb5dab5212ac12,30,22,1173.390625,757.64736842105265,False,row2_col2
695,240259,1.0584616661071775,1.2754253149032593,597,3482,False,False,21eca792f54b686012c5c7ae,3,20,252.625,683.75,False,row2_col0
696,240345,1.2797046899795532,1.3328232765197754,306,3390,False,False,21eca792f54b686012c5c7ae,25,22,1017.125,753.41666666666674,False,row2_col2
697,240677,0.335708737373352,1.1104243993759155,2189,1706,False,False,a295a8c6aa450d3d4f552f13,5,1,349.640625,28.666666666666671,True,padding_center
698,241033,1.094791054725647,1.3497699499130249,2215,3791,False,False,a295a8c6aa450d3d4f552f13,9,12,489.015625,411.39682539682536,False,row1_col0
699,241110,1.0467431545257568,1.3805201053619385,1124,392,False,False,a295a8c6aa450d3d4f552f13,22,14,941.984375,480.98412698412699,False,row1_col2
700,241530,0.93185484409332275,1.0753467082977295,1802,1767,False,False,a295a8c6aa450d3d4f552f13,26,27,1081.359375,933.30158730158735,False,row2_col2
701,242697,0.22582246363162989,1.1879239082336426,1116,1706,False,False,12ba5a50e7241c96aa552c05,9,0,463.234375,-20.221621621621637,True,padding_center
702,242733,0.40049132704734802,0.60838812589645375,2199,1706,False,False,12ba5a50e7241c96aa552c05,13,1,601.859375,14.416216216216213,True,padding_center
703,243880,1.120780348777771,1.3853006362915039,728,3084,False,False,2d869e49280e98d4f624cdc6,8,5,380.5,186.78680203045684,False,row0_col0
704,244782,0.29604080319404602,0.68180036544799805,1589,1706,False,False,9950038ac10495ac90e01fd8,14,1,615.875,30.705263157894734,True,padding_center
705,244969,0.88676595687866211,1.0972849130630491,1985,2592,False,False,9950038ac10495ac90e01fd8,9,7,442.125,239.37894736842105,False,row0_col0
706,245388,1.3457257747650146,1.3105747699737549,625,2359,False,False,9950038ac10495ac90e01fd8,12,20,546.375,691.50526315789477,False,row2_col1
707,245584,0.96995437145233165,1.1740641593933103,513,3577,False,False,9950038ac10495ac90e01fd8,16,26,685.375,900.17894736842106,False,row2_col1
708,245725,0.3583601713180542,0.97173184156417836,236,226,False,False,9950038ac10495ac90e01fd8,29,30,1137.125,1039.2947368421051,True,padding_center
709,245898,0.96559220552444436,1.0783830881118774,343,2887,False,False,eec0fc6ef0bb51e01c77b789,10,4,477.53125,133.72680412371133,False,row0_col0
710,246062,1.2840796709060669,1.4040709733963013,4080,2802,False,False,eec0fc6ef0bb51e01c77b789,14,9,616.78125,307.54123711340208,False,row0_col1
711,246136,1.1195366382598877,1.1649208068847656,2191,3988,False,False,eec0fc6ef0bb51e01c77b789,24,11,964.90625,377.06701030927832,False,row0_col2
712,246293,1.2710157632827761,1.2713605165481567,2461,527,False,False,eec0fc6ef0bb51e01c77b789,21,16,860.46875,550.88144329896909,False,row1_col2
713,248442,1.5549497604370115,1.4396935701370239,4024,2239,False,False,da9443ca80beecb493467926,26,19,1016.390625,671.13684210526321,False,row1_col2
714,248461,1.1398158073425293,0.96593588590621937,1181,1557,False,False,da9443ca80beecb493467926,13,20,565.859375,705.74736842105267,False,row2_col1
715,248501,1.1705158948898315,0.95411127805709839,182,3203,False,False,da9443ca80beecb493467926,21,21,843.109375,740.35789473684213,False,row2_col2
716,248655,1.0560394525527954,1.3011833429336548,1675,3577,False,False,da9443ca80beecb493467926,15,26,635.171875,913.41052631578953,False,row2_col1
717,249053,1.1284024715423584,1.3471373319625854,2201,2176,False,False,329683efc579c51b53f71da8,29,6,1150.125,207.60000000000002,False,row0_col2
718,249524,1.3618053197860718,1.3944692611694336,182,3203,False,False,329683efc579c51b53f71da8,20,21,837.375,729.28421052631586,False,row2_col1
719,249526,1.1242339611053469,1.2957218885421753,1729,2520,False,False,329683efc579c51b53f71da8,22,21,906.875,729.28421052631586,False,row2_col2
720,249976,0.64379334449768055,1.0483882427215576,1193,3454,False,False,537b9f873acf48eb2022de16,24,3,961.71875,91.5,True,padding_center
721,250232,0,1.1493294239044187,1388,3988,True,False,537b9f873acf48eb2022de16,24,11,961.71875,366.70000000000005,False,row0_col2
722,250616,0.98619961738586415,1.3531962633132937,3818,781,False,False,537b9f873acf48eb2022de16,24,23,961.71875,779.5,False,row2_col2
723,250924,0.41074243187904352,0.8657422661781311,1134,1706,False,False,2fb5196803f6c730af314161,12,1,567.46875,46.700000000000003,True,padding_center
724,251190,0.91139340400695801,1.2050217390060425,328,2812,False,False,2fb5196803f6c730af314161,22,9,911.84375,321.89999999999998,False,row0_col2
725,251202,0,1.1605567932128906,1394,2211,True,False,2fb5196803f6c730af314161,2,10,223.09375,356.30000000000001,False,row0_col0
726,251384,1.6045827865600586,1.2910301685333252,1444,2981,False,False,2fb5196803f6c730af314161,24,15,980.71875,528.29999999999995,False,row1_col2
727,251506,1.2426393032073977,1.3696882724761963,1798,1428,False,False,2fb5196803f6c730af314161,18,19,774.09375,665.89999999999998,False,row1_col1
728,251791,0.63119375705718994,1.2384181022644043,1034,2012,False,False,2fb5196803f6c730af314161,15,28,670.78125,975.50000000000011,True,padding_center
729,251972,0.48853084444999689,1.0189977884292605,1955,2162,False,False,b36b70847afb10b7d1772c50,4,2,275.96875,72.010582010582013,True,padding_center
730,252251,1.3436100482940674,1.4504954814910889,2202,2639,False,False,b36b70847afb10b7d1772c50,27,10,1068.03125,347.65079365079362,False,row0_col2
731,252428,1.3169900178909302,0.97515767812728882,2071,4023,False,False,b36b70847afb10b7d1772c50,12,16,551.46875,554.38095238095241,False,row1_col1
732,252822,0.62224435806274414,1.2180733680725098,2289,2012,False,False,b36b70847afb10b7d1772c50,22,28,895.84375,967.84126984126988,True,padding_center
733,253277,1.2000010013580322,1.2012468576431274,2282,3032,False,False,5f54a832376b920cdc467195,29,10,1126.28125,357.28723404255322,False,row0_col2
734,253513,1.1921083927154541,1.311767578125,3605,2740,False,False,5f54a832376b920cdc467195,9,18,432.53125,635.41489361702133,False,row1_col0
735,253832,0.69895678758621205,1.1807851791381836,4065,2012,False,False,5f54a832376b920cdc467195,8,28,397.84375,983.07446808510633,True,padding_center
736,253948,0.28489115834236139,1.1099557876586914,3424,226,False,False,5f54a832376b920cdc467195,28,31,1091.59375,1087.372340425532,True,padding_center
737,253996,0.49683821201324457,0.965032398700714,1080,1706,False,False,802a5413ddda0015be13fdaa,12,1,579.375,44.131979695431482,True,padding_center
738,254039,0.55628859996795654,1.0618305206298828,1765,1227,False,False,802a5413ddda0015be13fdaa,23,2,961.625,78.89340101522842,True,padding_center
739,254088,0.81153565645217896,1.3688007593154907,1306,2803,False,False,802a5413ddda0015be13fdaa,8,4,440.375,148.41624365482232,False,row0_col0
740,254145,1.0275130271911621,1.0027564764022827,1150,647,False,False,802a5413ddda0015be13fdaa,1,6,197.125,217.93908629441626,False,row0_col0
741,254391,1.164303183555603,1.0832086801528933,3471,2910,False,False,802a5413ddda0015be13fdaa,23,13,961.625,461.26903553299491,False,row1_col2
742,254399,0.7827717661857605,0.8554149866104126,3836,115,False,False,802a5413ddda0015be13fdaa,31,13,1239.625,461.26903553299491,False,row1_col2
743,254474,1.0586044788360596,1.2276917695999146,1466,2377,False,False,802a5413ddda0015be13fdaa,10,16,509.875,565.5532994923858,False,row1_col0
744,254631,1.0165911912918093,1.3345502614974976,1594,996,False,False,802a5413ddda0015be13fdaa,7,21,405.625,739.36040609137046,False,row2_col0
745,254728,0.96203404664993275,1.2659676074981687,2353,1035,False,False,802a5413ddda0015be13fdaa,8,24,440.375,843.64467005076142,False,row2_col0
746,255354,1.006384015083313,1.4149450063705444,1493,1351,False,False,e76382313fb64f5a0099633f,26,11,1032.5,384.5,False,row0_col2
747,255420,1.0612146854400637,1.2685748338699341,3463,3353,False,False,e76382313fb64f5a0099633f,28,13,1102.5,454.5,False,row1_col2
748,255719,1.0690691471099854,1.0588456392288208,2153,2277,False,False,e76382313fb64f5a0099633f,7,23,367.5,804.5,False,row2_col0
749,255824,1.0373159646987915,1.3730733394622805,1794,3577,False,False,e76382313fb64f5a0099633f,16,26,682.5,909.5,False,row2_col1
750,256163,0.98398357629776001,1.115625262260437,1135,68,False,False,a5544cf8c3f4495df7d798ea,3,5,235.625,172.25,False,row0_col0
751,256713,1.0558418035507202,1.1381044387817385,188,2348,False,False,a5544cf8c3f4495df7d798ea,9,22,444.125,764.41666666666674,False,row2_col0
752,256815,1.1645797491073608,1.3482630252838137,3501,3451,False,False,a5544cf8c3f4495df7d798ea,15,25,652.625,868.91666666666674,False,row2_col1
753,256965,0.42287039756774902,0.89067906141281117,1265,226,False,False,a5544cf8c3f4495df7d798ea,5,30,305.125,1043.0833333333335,True,padding_center
754,258146,1.0084071159362793,0.87519896030426025,2740,2646,False,False,dfbe513d6531461f0ef29a6a,2,3,203.484375,105.39130434782609,True,padding_center
755,258267,1.0143020153045654,1.2344545125961304,938,2936,False,False,dfbe513d6531461f0ef29a6a,27,6,1068.328125,209.21739130434781,False,row0_col2
756,258962,0.61161941289901733,1.4068698883056641,1091,1767,False,False,dfbe513d6531461f0ef29a6a,18,28,756.984375,970.60869565217388,True,padding_center
757,259459,1.3990923166275024,0.89832800626754761,3405,3324,False,False,f7078c0d837ef2e368882049,3,12,260.625,414.60869565217388,False,row1_col0
758,259652,1.2734241485595703,1.1001521348953247,1356,166,False,False,f7078c0d837ef2e368882049,4,18,295.375,623.56521739130437,False,row1_col0
759,260189,0.43522477149963368,0.9877464771270752,4010,2162,False,False,874774544d8697c2062abaed,29,2,1137.140625,67.459459459459453,True,padding_center
760,260542,0.84379059076309204,1.3863838911056521,3437,1764,False,False,874774544d8697c2062abaed,30,13,1171.484375,446.0972972972973,False,row1_col2
761,261528,0.83895868062973022,1.2829322814941406,1381,2142,False,False,c1ff20ff899dc91318e1d07f,24,12,988.078125,414.33333333333331,False,row1_col2
762,261801,0.94535034894943237,1.2760659456253052,2409,1429,False,False,c1ff20ff899dc91318e1d07f,9,21,468.234375,726.33333333333337,False,row2_col0
763,262438,0.74242174625396717,1.1960793733596802,776,1024,False,False,fa0627dfc5562d2d1ffb7450,6,9,342.265625,304.44623655913978,False,row0_col0
764,263887,1.1795803308486938,1.3149690628051758,204,1527,False,False,f8d5bac9c8363fd36181c874,15,22,692.46875,766.29508196721315,False,row2_col1
765,263944,1.0868138074874878,1.3507987260818479,332,3979,False,False,f8d5bac9c8363fd36181c874,8,24,447.03125,836.32786885245901,False,row2_col0
766,264284,0.49319279193878168,0.83262825012207031,1407,2162,False,False,85585001e772ec3cedc01ff3,28,2,1143.46875,66.130434782608702,True,padding_center
767,264447,0.76841199398040771,1.368781566619873,1468,1237,False,False,85585001e772ec3cedc01ff3,31,7,1246.78125,238.30434782608694,False,row0_col2
768,264786,0.95056736469268799,1.1503086090087893,3612,759,False,False,85585001e772ec3cedc01ff3,18,18,799.09375,617.08695652173924,False,row1_col1
769,265456,1.1668996810913086,1.2606097459793093,3432,276,False,False,3c063837833ad63bde2626f8,16,7,693.28125,232.71428571428572,False,row0_col1
770,265567,0.76420831680297852,0.79604446887969971,3652,2407,False,False,3c063837833ad63bde2626f8,31,10,1211.71875,336.46031746031747,False,row0_col2
771,265615,1.0717006921768188,1.2207581996917725,127,1030,False,False,3c063837833ad63bde2626f8,15,12,658.71875,405.62433862433863,False,row1_col1
772,265637,1.3052999973297119,0.80459153652191162,1965,458,False,False,3c063837833ad63bde2626f8,5,13,313.09375,440.20634920634922,False,row1_col0
773,266016,0.8809773325920105,1.1342538595199585,3802,2780,False,False,3c063837833ad63bde2626f8,0,25,140.28125,855.19047619047615,False,row2_col0
774,266153,0.43966042995452881,1.2121801376342771,1405,226,False,False,3c063837833ad63bde2626f8,9,29,451.34375,993.51851851851859,True,padding_center
775,266640,1.053652286529541,1.376982569694519,1873,3004,False,False,7b748b5aa4e5e5bc0cc83a80,16,12,688.828125,419.98360655737707,False,row1_col1
776,266811,1.5740184783935549,1.2171393632888794,2532,2349,False,False,7b748b5aa4e5e5bc0cc83a80,27,17,1070.046875,593.09836065573768,False,row1_col2
777,266852,1.4061596393585205,1.2264617681503296,298,3463,False,False,7b748b5aa4e5e5bc0cc83a80,4,19,272.953125,662.34426229508188,False,row1_col0
778,268051,0.89744645357131947,1.1468801498413086,269,3297,False,False,7c0723e796cc05b0a21cce5f,19,24,762.53125,834.73513513513512,False,row2_col1
779,268460,1.1649868488311768,1.237944483757019,3965,360,False,False,de9b5b17edfdfe734011cfa4,12,5,581.46875,176.97409326424872,False,row0_col1
780,268532,1.2390156984329224,1.2661137580871582,1757,2716,False,False,de9b5b17edfdfe734011cfa4,20,7,856.96875,245.86528497409327,False,row0_col1
781,268780,1.1984022855758667,1.1418497562408447,1368,1554,False,False,de9b5b17edfdfe734011cfa4,12,15,581.46875,521.43005181347144,False,row1_col1
782,269230,0.47758758068084711,1.2946479320526123,674,2012,False,False,de9b5b17edfdfe734011cfa4,14,29,650.34375,1003.6683937823834,True,padding_center
783,269901,0.88624316453933705,1.0388756990432739,2325,1534,False,False,d541e836f6ba68faa6688c9d,13,18,575.125,609.15873015873012,False,row1_col1
784,270135,0.97248607873916615,1.1200540065765381,2206,2164,False,False,d541e836f6ba68faa6688c9d,23,25,922.625,852.71428571428567,False,row2_col2
785,270205,1.0199629068374634,1.3599921464920044,627,2817,False,False,d541e836f6ba68faa6688c9d,29,27,1131.125,922.30158730158735,False,row2_col2
786,270360,0.2212546616792678,1.1764250993728638,678,1706,False,False,ea6c797466588fd922c5de39,24,0,945.90625,-6.6914893617021391,True,padding_center
787,270797,0.86147767305374146,0.9877856969833374,933,2607,False,False,ea6c797466588fd922c5de39,13,14,562.96875,481.22340425531917,False,row1_col1
788,270917,1.1693844795227053,1.1693844795227053,1350,2891,False,False,ea6c797466588fd922c5de39,5,18,284.46875,620.62765957446811,False,row1_col0
789,270987,1.1491696834564209,1.1693577766418457,456,3795,False,False,ea6c797466588fd922c5de39,11,20,493.34375,690.32978723404256,False,row2_col1
790,271016,1.08260178565979,1.1918087005615234,943,3047,False,False,ea6c797466588fd922c5de39,8,21,388.90625,725.18085106382978,False,row2_col0
791,271868,0.94808083772659302,1.2098872661590576,3637,1152,False,False,7aa55770f9e1abd445c97c6d,28,15,1104.703125,511.15934065934067,False,row1_col2
792,272265,0.69707566499710083,1.1651039123535156,1257,2012,False,False,7aa55770f9e1abd445c97c6d,9,28,446.234375,962.0164835164835,True,padding_center
793,272493,0.83801406621932983,0.90919125080108643,3590,2233,False,False,12def0a47aa043439d178972,13,3,611.125,91.925531914893611,True,padding_center
794,272522,0.87857359647750854,1.3044432401657104,4029,2803,False,False,12def0a47aa043439d178972,10,4,506.875,126.69148936170212,False,row0_col0
795,274724,1.2826696634292605,1.127387523651123,1853,196,False,False,b15ae60e68dff16aade2e419,4,9,283.953125,317.66666666666663,False,row0_col0
796,275800,0.85535794496536255,1.3243997097015381,3995,2511,False,False,605944fd8272a0a3f3c61ab4,24,10,966.953125,345.24064171122996,False,row0_col2
797,276181,0.9442465305328368,1.3080174922943115,4077,1555,False,False,605944fd8272a0a3f3c61ab4,21,22,863.734375,758.50267379679144,False,row2_col2
798,276306,0.88098454475402832,1.0902113914489746,513,3130,False,False,605944fd8272a0a3f3c61ab4,18,26,760.515625,896.2566844919786,False,row2_col1
799,276349,0.86816960573196411,1.3380248546600342,1668,1767,False,False,605944fd8272a0a3f3c61ab4,29,27,1138.984375,930.69518716577534,False,row2_col2
800,276535,0.33476725220680231,0.75274950265884388,3044,1706,False,False,8d1384cdea9081ff9ee66728,23,1,932.21875,33.705882352941174,True,padding_center
801,277419,0.38976398110389698,1.2305289506912231,191,1700,False,False,8d1384cdea9081ff9ee66728,11,29,517.46875,1003.9732620320856,True,padding_center
802,278098,1.1400814056396484,1.3328582048416138,3612,759,False,False,825a1b23f7b0d75436750d93,18,18,792.40625,612.65445026178008,False,row1_col1
803,279182,1.0501267910003662,1.1715285778045654,1743,3246,False,False,8bfa9eda7753f68919d5f5b2,14,20,649.96875,690.872340425532,False,row2_col1
804,280217,1.3961417675018313,1.2486236095428469,3451,2613,False,False,7c82c52bae96e3de9eb55c46,25,20,985.140625,687.73913043478262,False,row2_col2
805,280396,1.1136603355407717,1.2581720352172852,1947,2765,False,False,7c82c52bae96e3de9eb55c46,12,26,535.421875,895.39130434782612,False,row2_col1
806,280680,0.56159436702728271,1.1253571510314939,505,1840,False,False,0b623855dc284fbf3963690c,8,3,422.046875,110.69189189189188,True,padding_center
807,280897,0.93801361322402965,1.1855329275131226,1453,1494,False,False,0b623855dc284fbf3963690c,1,10,179.890625,353.15675675675675,False,row0_col0
808,281017,0.98090469837188721,1.2557085752487185,452,49,False,False,0b623855dc284fbf3963690c,25,13,1010.140625,457.07027027027027,False,row1_col2
809,281784,0.91428977251052845,1.2967689037322998,755,2960,False,False,802b8776e6e8022705bfa739,24,5,932.671875,159.85714285714286,False,row0_col2
810,282182,1.5578546524047852,1.3075664043426514,1343,2483,False,False,802b8776e6e8022705bfa739,6,18,305.484375,611.9387755102041,False,row1_col0
811,282194,1.2678875923156738,1.2555752992630005,3698,759,False,False,802b8776e6e8022705bfa739,18,18,723.609375,611.9387755102041,False,row1_col1
812,282230,1.4772433042526243,1.4616820812225342,257,646,False,False,802b8776e6e8022705bfa739,22,19,862.984375,646.71428571428578,False,row1_col2
813,282293,1.3349111080169678,1.4923932552337646,83,1000,False,False,802b8776e6e8022705bfa739,21,21,828.140625,716.26530612244903,False,row2_col2
814,282304,0.93970966339111317,1.1394108533859253,2185,3433,False,False,802b8776e6e8022705bfa739,0,22,96.421875,751.0408163265306,False,row2_col0
815,282448,1.0207973718643188,1.3283555507659912,883,3788,False,False,802b8776e6e8022705bfa739,16,26,653.921875,890.14285714285722,False,row2_col1
816,282498,1.0179716348648071,1.3991044759750366,3924,2866,False,False,802b8776e6e8022705bfa739,2,28,166.109375,959.69387755102036,True,padding_center
817,282622,0.41898366808891291,1.0539447069168093,152,1415,False,False,802b8776e6e8022705bfa739,30,31,1141.734375,1064.0204081632653,True,padding_center
818,282797,0.96936243772506725,0.96374374628067005,543,1822,False,False,f882a0ca74adfbbded05504a,13,5,584.390625,173.19354838709677,False,row0_col1
819,282906,0.90812242031097401,1.2713494300842283,1620,3918,False,False,f882a0ca74adfbbded05504a,26,8,1037.359375,277.70967741935488,False,row0_col2
820,283412,0.98614019155502319,1.301868200302124,1377,3297,False,False,f882a0ca74adfbbded05504a,20,24,828.296875,835.12903225806451,False,row2_col1
821,283475,1.1475906372070312,1.3005627393722534,644,3130,False,False,f882a0ca74adfbbded05504a,19,26,793.453125,904.80645161290329,False,row2_col1
822,283818,0.93925756216049205,1.3235436677932739,1534,2803,False,False,b8c1aa202c435cfafd7ff1ed,10,5,497.890625,171,False,row0_col0
823,284289,1.0318219661712646,1.254630446434021,3829,1108,False,False,b8c1aa202c435cfafd7ff1ed,1,20,185.984375,691,False,row2_col0
824,284290,1.1803436279296875,1.1019935607910156,3525,615,False,False,b8c1aa202c435cfafd7ff1ed,2,20,220.640625,691,False,row2_col0
825,284396,1.1591651439666748,1.3060898780822754,1865,3026,False,False,b8c1aa202c435cfafd7ff1ed,12,23,567.203125,795,False,row2_col1
826,284827,0.93752503395080555,1.304527759552002,273,1873,False,False,02942ca02fdcb799d7cb7726,27,4,1056.625,120.08163265306122,False,row0_col2
827,285361,1.2589178085327148,1.4453634023666382,948,4005,False,False,02942ca02fdcb799d7cb7726,17,21,709.125,711.26530612244903,False,row2_col1
828,285602,0.82124125957489014,1.1951758861541748,672,3879,False,False,02942ca02fdcb799d7cb7726,2,29,187.875,989.46938775510205,True,padding_center
829,285618,0.70064038038253784,1.2976338863372805,2162,1700,False,False,02942ca02fdcb799d7cb7726,18,29,743.875,989.46938775510205,True,padding_center
830,287153,0.86161243915557861,1.0416673421859739,1721,1761,False,False,8daccd55625a20f9d7bcd504,17,13,720.65625,447.37096774193549,False,row1_col1
831,287299,0.98399090766906716,1.0037592649459841,1439,207,False,False,8daccd55625a20f9d7bcd504,3,18,238.53125,619.62903225806451,False,row1_col0
832,287448,0.97967183589935303,1.1238597631454468,47,185,False,False,8daccd55625a20f9d7bcd504,24,22,961.71875,757.43548387096769,False,row2_col2
833,288141,0.99354022741317738,1.1757713556289673,1810,1693,False,False,c743bb2801fc5b5e45261132,13,12,596.90625,415.91935483870969,False,row1_col1
834,290045,0.90254801511764515,1.1145862340927124,2171,2051,False,False,79b469d527171ee55c5adc04,29,7,1148.28125,238.62032085561498,False,row0_col2
835,290196,0.8100210428237915,1.3254415988922119,3406,69,False,False,79b469d527171ee55c5adc04,20,12,836.09375,411.88235294117646,False,row1_col1
836,290427,1.660876989364624,1.2481151819229126,795,2969,False,False,79b469d527171ee55c5adc04,27,19,1078.90625,654.44919786096261,False,row1_col2
837,291227,1.5110106468200684,1.1887478828430176,1981,3561,False,False,94840b6b6d3b3942dc01dd23,27,12,1061.203125,416.27368421052631,False,row1_col2
838,291548,1.2480185031890867,1.1163668632507324,302,3304,False,False,94840b6b6d3b3942dc01dd23,28,22,1096.046875,764.06315789473683,False,row2_col2
839,291944,0.70721018314361572,1.0269448757171633,679,1840,False,False,81f7959be88c5f860c5fc715,8,3,392.046875,83.386243386243393,True,padding_center
840,292484,1.7062872648239136,1.4176375865936279,759,2473,False,False,81f7959be88c5f860c5fc715,4,20,253.671875,671.28042328042329,False,row2_col0
841,292629,1.1113870143890381,1.3924260139465332,1057,1414,False,False,81f7959be88c5f860c5fc715,21,24,841.765625,809.60846560846562,False,row2_col2
842,292926,0.36862793564796442,0.59165304899215687,1012,2547,False,False,50086bd6ca8500ae698af9ac,30,1,1188.15625,27.123711340206185,True,padding_center
843,293462,1.6034499406814575,1.5781153440475464,1431,3298,False,False,50086bd6ca8500ae698af9ac,22,18,911.65625,613.18556701030923,False,row1_col2
844,294053,1.0626569986343384,1.3958773612976074,283,3084,False,False,2e3c583d219c937858797cbc,5,5,289.125,161.25,False,row0_col0
845,294350,1.1489853858947754,1.2628998756408691,4004,104,False,False,2e3c583d219c937858797cbc,14,14,601.875,474.75,False,row1_col1
846,294674,0.94948041439056396,1.0632364749908447,1309,1414,False,False,2e3c583d219c937858797cbc,18,24,740.875,823.08333333333326,False,row2_col1
847,294837,0.60273921489715565,1.2838404178619385,1761,1700,False,False,2e3c583d219c937858797cbc,21,29,845.125,997.25,True,padding_center
848,295089,1.1196602582931521,1.4892370700836182,2200,2118,False,False,c2d577dad4e3bb69b38f6b0d,17,5,695.125,161.45744680851064,False,row0_col1
849,295090,1.0445427894592283,1.0409625768661499,193,3588,False,False,c2d577dad4e3bb69b38f6b0d,18,5,729.875,161.45744680851064,False,row0_col1
850,295241,0.87167739868164062,0.99875533580780018,3737,1811,False,False,c2d577dad4e3bb69b38f6b0d,9,10,417.125,335.28723404255322,False,row0_col0
851,295625,0.96965253353118885,0.87576472759246815,188,2348,False,False,c2d577dad4e3bb69b38f6b0d,9,22,417.125,752.47872340425533,False,row2_col0
852,296132,1.191057562828064,1.3547980785369873,3609,2656,False,False,e198308262ce13324faec9fd,4,6,275.53125,209.60540540540541,False,row0_col0
853,296354,0.96515274047851562,0.90745490789413441,1190,491,False,False,e198308262ce13324faec9fd,2,13,206.40625,452.07027027027027,False,row1_col0
854,296829,0.86199408769607544,1.2810686826705933,1668,1618,False,False,e198308262ce13324faec9fd,29,27,1139.59375,937,True,padding_center
855,296863,0.57956725358963013,0.75273805856704712,1988,2339,False,False,e198308262ce13324faec9fd,31,28,1208.71875,971.63783783783788,True,padding_center
856,296896,0.21464335918426511,0.60866409540176392,2465,1415,False,False,e198308262ce13324faec9fd,0,30,137.28125,1040.9135135135134,True,padding_center
857,297089,1.0279755592346191,1.1070945262908936,1364,3444,False,False,5f34a712a16e40dddf28b3ba,1,4,171.84375,141.96825396825398,False,row0_col0
858,297747,1.0638788938522341,1.2482514381408691,2106,3297,False,False,5f34a712a16e40dddf28b3ba,19,24,793.96875,833.60846560846562,False,row2_col1
859,298559,1.0137500762939451,1.3369678258895874,318,1543,False,False,e2d24e5a47106bd7023a7d65,31,17,1206.578125,593.3650793650794,False,row1_col2
860,299130,0.86542391777038574,1.1519190073013306,2402,3454,False,False,aca91e96d9d3f5996c509b6c,26,3,1055.59375,93.171122994652407,True,padding_center
861,299272,0.61026829481124867,1.1447678804397583,1633,354,False,False,aca91e96d9d3f5996c509b6c,8,8,435.71875,265.36363636363637,False,row0_col0
862,299584,0.89524507522582997,1.0280742645263672,2259,2421,False,False,aca91e96d9d3f5996c509b6c,0,18,160.21875,609.74866310160428,False,row1_col0
863,300199,0.91415083408355724,1.1334306001663208,2476,3084,False,False,51dbbd7c11fe090443b43b07,7,5,374.15625,172.9375,False,row0_col0
864,300864,0.89478349685668945,1.29168701171875,2398,2780,False,False,51dbbd7c11fe090443b43b07,0,26,131.34375,900.0625,False,row2_col0
865,300923,0.93658721446990956,1.2040988206863403,3294,3965,False,False,51dbbd7c11fe090443b43b07,27,27,1067.90625,934.6875,False,row2_col2
866,301273,1.1352932453155518,1.4119065999984739,4079,2936,False,False,e07a60e9493523db2330e39e,25,6,1042.125,203.03225806451613,False,row0_col2
867,301696,0.78785908222198475,1.2426621913909912,1738,2421,False,False,e07a60e9493523db2330e39e,0,20,173.375,690.77419354838719,False,row2_col0
868,303256,0.87842291593551625,1.3320046663284302,1905,2501,False,False,6d1104b9ed5d737c509d9e3c,24,4,966.953125,137.61702127659575,False,row0_col2
869,303748,1.4032741785049438,1.4096871614456177,2129,1985,False,False,6d1104b9ed5d737c509d9e3c,4,20,278.828125,689.10638297872345,False,row2_col0
870,303818,1.0243178606033323,1.3336962461471558,1824,1243,False,False,6d1104b9ed5d737c509d9e3c,10,22,485.265625,758.04255319148933,False,row2_col0
871,304564,1.1068779230117798,1.2096648216247561,1662,2050,False,False,fa425b55ae4649a7440cdfd7,20,13,812.96875,442.95187165775405,False,row1_col1
872,304610,0.96707218885421764,1.2856835126876831,399,1680,False,False,fa425b55ae4649a7440cdfd7,2,15,193.09375,511.91443850267376,False,row1_col0
873,305267,0.67300057411193837,1.1226105690002439,157,2233,False,False,e18500f9d7040f601d0fb801,19,3,775.53125,103.88108108108108,True,padding_center
874,305596,0.86160194873809814,1.1315764188766479,3463,2345,False,False,e18500f9d7040f601d0fb801,28,13,1085.46875,448.0972972972973,False,row1_col2
875,306045,0.84772598743438721,1.274680495262146,627,107,False,False,e18500f9d7040f601d0fb801,29,27,1119.90625,930,True,padding_center
876,306445,1.1090128421783447,1.1527234315872192,1229,58,False,False,76697c1a28dd3ef624fb0471,13,8,587.859375,275.43478260869563,False,row0_col1
877,307205,0.2198426872491836,1.2441220283508301,2322,1706,False,False,fcd7e06c004f4422abd74900,5,0,348.40625,2.6951871657753941,True,padding_center
878,307478,1.0356411933898926,1.3493061065673828,1105,520,False,False,fcd7e06c004f4422abd74900,22,8,933.84375,278.54545454545456,False,row0_col2
879,307517,1.4966276884078979,1.2814877033233645,363,1815,False,False,fcd7e06c004f4422abd74900,29,9,1174.90625,313.02673796791441,False,row0_col2
880,308498,1.1741629838943479,1.3358331918716433,1189,317,False,False,7490ef8c3e3d243f5abc226b,18,8,786.140625,263.42105263157896,False,row0_col1
881,308682,1.3166211843490601,1.4372526407241819,1559,2835,False,False,7490ef8c3e3d243f5abc226b,10,14,508.890625,471.08421052631581,False,row1_col0
882,308791,1.7001510858535769,1.4420920610427856,1465,1069,False,False,7490ef8c3e3d243f5abc226b,23,17,959.421875,574.91578947368419,False,row1_col2
883,308801,0.71550142765045155,1.1322786808013916,1702,140,False,False,7490ef8c3e3d243f5abc226b,1,18,196.984375,609.52631578947376,False,row1_col0
884,309590,0.86476200819015503,0.95619189739227284,409,1877,False,False,3ffaebc342f5f383bf88b1ed,22,10,904.875,348.17391304347825,False,row0_col2
885,309663,0.64202052354812622,0.98586827516555775,1372,115,False,False,3ffaebc342f5f383bf88b1ed,31,12,1217.625,417.56521739130432,False,row1_col2
886,309749,1.107089638710022,1.283456563949585,1710,4001,False,False,3ffaebc342f5f383bf88b1ed,21,15,870.125,521.6521739130435,False,row1_col2
887,309956,0.87944209575653065,1.2363518476486206,3643,2931,False,False,3ffaebc342f5f383bf88b1ed,4,22,279.375,764.52173913043475,False,row2_col0
888,309989,0.98126035928726196,1.3264837265014648,2341,840,False,False,3ffaebc342f5f383bf88b1ed,5,23,314.125,799.21739130434787,False,row2_col0
889,310099,0.97459352016448964,1.064699649810791,2108,3130,False,False,3ffaebc342f5f383bf88b1ed,19,26,800.625,903.304347826087,False,row2_col1
890,310166,0.70358479022979725,1.2864587306976318,2492,2012,False,False,3ffaebc342f5f383bf88b1ed,22,28,904.875,972.695652173913,True,padding_center
891,310885,1.7871012687683103,1.4917846918106079,257,3002,False,False,a20f73f6def040c457130121,5,19,337.40625,657.08064516129025,False,row1_col0
892,311393,0.74639385938644398,0.89939373731613148,2170,706,False,False,0d9ba0bed26dc6d0fa606188,1,3,147.03125,94.391304347826093,True,padding_center
893,311734,1.0082355737686155,1.3713109493255615,3407,2910,False,False,0d9ba0bed26dc6d0fa606188,22,13,875.46875,440.47826086956525,False,row1_col2
894,311776,0,1.1005730628967283,1712,2528,True,False,0d9ba0bed26dc6d0fa606188,0,15,112.34375,509.69565217391306,False,row1_col0
895,312038,1.0291509628295898,1.270958423614502,2410,2277,False,False,0d9ba0bed26dc6d0fa606188,6,23,320.46875,786.56521739130437,False,row2_col0
896,312147,0.88418275117874146,0.99227708578109741,644,3130,False,False,0d9ba0bed26dc6d0fa606188,19,26,771.40625,890.39130434782612,False,row2_col1
897,312414,0.47303566336631769,0.86952197551727295,4037,3171,False,False,71b008a0a7521ff27fd58de8,30,2,1180.109375,72.804232804232811,True,padding_center
898,312907,0.91123610734939564,1.1394762992858889,1713,2770,False,False,71b008a0a7521ff27fd58de8,11,18,522.828125,626.11640211640213,False,row1_col1
899,313185,0.78391999006271362,1.1245372295379641,1182,1652,False,False,71b008a0a7521ff27fd58de8,1,27,176.890625,937.35449735449731,False,row2_col0
900,313384,0.29760581254959101,0.93111449480056763,1925,1706,False,False,cfe68510ca15cd1473d0ef71,8,1,383.78125,28.214285714285708,True,padding_center
901,313599,0.81603282690048207,1.3345327377319336,3486,2176,False,False,cfe68510ca15cd1473d0ef71,31,7,1178.71875,235.64285714285714,False,row0_col2
902,314156,1.2054858207702637,1.3375939130783081,350,1997,False,False,cfe68510ca15cd1473d0ef71,12,25,522.03125,857.92857142857144,False,row2_col1
903,314833,1.0478377342224121,1.2845374345779419,2445,3009,False,False,ef59d1cbf4b57d08ba6bcb44,17,14,748.484375,490.70680628272254,False,row1_col1
904,315365,0.31984388828277582,1.0103714466094973,805,226,False,False,ef59d1cbf4b57d08ba6bcb44,5,31,332.609375,1079.5654450261782,True,padding_center
905,316041,0.97815185785293557,1.4147458076477053,2183,2124,False,False,989a37c8050457fbad77b5fc,9,20,424.53125,699.53513513513508,False,row2_col0
906,316369,0.26814782619476307,0.7585291862487793,3646,226,False,False,989a37c8050457fbad77b5fc,17,30,702.03125,1045.9135135135134,True,padding_center
907,316399,0.2781665027141571,1.0359517335891724,2278,226,False,False,989a37c8050457fbad77b5fc,15,31,632.65625,1080.5513513513515,True,padding_center
908,318030,1.0417846441268921,1.2248497009277344,1849,2213,False,False,989ae53a83cf97dc6d08dbe9,14,18,607.609375,611.98936170212767,False,row1_col1
909,318352,0.63936793804168701,1.229714035987854,2405,2012,False,False,989ae53a83cf97dc6d08dbe9,16,28,676.796875,957.94680851063833,True,padding_center
910,319755,0.87737524509429932,1.0078766345977783,1462,2544,False,False,105a0d805d335f73991581b8,11,8,544.828125,274.68586387434556,False,row0_col1
911,320132,1.4733716249465942,1.2309126853942871,759,2238,False,False,105a0d805d335f73991581b8,4,20,302.671875,689.84816753926702,False,row2_col0
912,320180,1.2056779861450195,1.2545794248580933,1834,576,False,False,105a0d805d335f73991581b8,20,21,856.171875,724.44502617801049,False,row2_col1
913,322189,1.3488873243331907,1.3259751796722412,1600,2781,False,False,e366b8893ee234784cfdf96a,13,20,597.765625,693.62311557788939,False,row2_col1
914,322371,1.1158170700073242,1.3671138286590576,3656,1600,False,False,e366b8893ee234784cfdf96a,3,26,246.828125,904.1959798994975,False,row2_col0
915,322595,0.38200837373733521,0.81148052215576172,2208,15,False,False,18b34aa0fc8c8af8138154fe,3,1,243.96875,36.173913043478265,True,padding_center
916,322687,0.61579614877700795,1.1834490299224854,2344,2091,False,False,18b34aa0fc8c8af8138154fe,31,3,1211.71875,105.39130434782609,True,padding_center
917,323051,0.94312274456024159,1.0770965814590454,723,3020,False,False,18b34aa0fc8c8af8138154fe,11,15,520.46875,520.695652173913,False,row1_col1
918,323282,0.83984875679016113,1.1809365749359133,1780,2649,False,False,18b34aa0fc8c8af8138154fe,18,22,762.40625,762.95652173913049,False,row2_col1
919,324193,0.97589582204818714,1.2829699516296389,2024,140,False,False,e926571edbf8ab4ef6827bb2,1,19,157.59375,662.57512953367871,False,row1_col0
920,324196,1.3212530612945557,1.4243791103363037,298,3143,False,False,e926571edbf8ab4ef6827bb2,4,19,262.78125,662.57512953367871,False,row1_col0
921,324498,0.68222755193710316,1.1857223510742188,1221,2012,False,False,e926571edbf8ab4ef6827bb2,18,28,753.65625,978.5544041450778,True,padding_center
922,324514,0.49117821455001831,0.88260388374328613,672,3879,False,False,e926571edbf8ab4ef6827bb2,2,29,192.65625,1013.6632124352332,True,padding_center
923,324571,0.30247160792350758,0.67466801404953003,3925,226,False,False,e926571edbf8ab4ef6827bb2,27,30,1069.21875,1048.7720207253885,True,padding_center
924,325589,0.3331338763236999,0.87648499011993397,1265,226,False,False,f5cda31a858d786125df8e22,21,30,883.84375,1051.7720207253885,True,padding_center
925,325700,0.54954606294631947,1.2082841396331787,606,2162,False,False,c2b2f0fd9e97490a1ce9143a,4,2,253.953125,67.666666666666671,True,padding_center
926,325718,0.46339920163154602,1.2879624366760254,3484,286,False,False,c2b2f0fd9e97490a1ce9143a,22,2,877.765625,67.666666666666671,True,padding_center
927,325923,1.0030686855316162,1.0264489650726318,2403,940,False,False,c2b2f0fd9e97490a1ce9143a,3,9,219.296875,310.33333333333331,False,row0_col0
928,326123,1.2363384962081907,1.2357313632965088,723,2636,False,False,c2b2f0fd9e97490a1ce9143a,11,15,496.546875,518.33333333333326,False,row1_col1
929,326262,1.5091032981872561,1.2905317544937134,4051,2593,False,False,c2b2f0fd9e97490a1ce9143a,22,19,877.765625,657,False,row1_col2
930,327797,0.57166385650634755,1.185425877571106,1397,3454,False,False,b68be114738359817943c9b2,21,3,849.765625,96.386243386243393,True,padding_center
931,328121,1.4620879888534546,1.1702525615692141,3740,1425,False,False,b68be114738359817943c9b2,25,13,988.140625,442.20634920634922,False,row1_col2
932,328401,1.0845303535461426,1.2365834712982178,1780,2649,False,False,b68be114738359817943c9b2,17,22,711.390625,753.44444444444446,False,row2_col1
933,328513,1.2538622617721558,1.4295324087142944,867,1600,False,False,b68be114738359817943c9b2,1,26,157.890625,891.77248677248679,False,row2_col0
934,328904,0.89295244216918945,1.1659908294677734,1112,532,False,False,e7c724e78fb9d4020c4926bf,8,6,392.046875,198.60540540540541,False,row0_col0
935,328909,1.0824497938156128,1.1576818227767944,1049,145,False,False,e7c724e78fb9d4020c4926bf,13,6,565.015625,198.60540540540541,False,row0_col1
936,329122,0.88466477394104004,1.0196950435638428,1190,491,False,False,e7c724e78fb9d4020c4926bf,2,13,184.484375,441.07027027027027,False,row1_col0
937,329383,1.3206859827041626,1.0363445281982422,896,3609,False,False,e7c724e78fb9d4020c4926bf,7,21,357.453125,718.17297297297296,False,row2_col0
938,329476,1.0249974727630615,1.2682061195373535,828,2445,False,False,e7c724e78fb9d4020c4926bf,4,24,253.671875,822.08648648648648,False,row2_col0
939,329945,1.1233223676681521,1.2896316051483154,1907,1489,False,False,084113d51f52939d74d2a4fd,25,6,960.34375,219.96791443850267,False,row0_col2
940,330729,0.30636972188949579,1.0053451061248779,528,226,False,False,084113d51f52939d74d2a4fd,9,31,407.34375,1086.2780748663101,True,padding_center
941,330887,0.77988630533218384,1.3250606060028076,2218,2501,False,False,37365c15acdfe8cb778d226d,7,4,376.28125,140.30645161290323,False,row0_col0
942,331057,0.94741016626358043,1.0267351865768433,2442,311,False,False,37365c15acdfe8cb778d226d,17,9,720.65625,312.56451612903226,False,row0_col1
943,332237,0.88993918895721436,0.90163940191268921,933,2607,False,False,4a2e77ff95f9a40d8e136e34,13,14,608.125,487.97814207650271,False,row1_col1
944,332286,0.96601724624633778,1.2223358154296875,2143,1764,False,False,4a2e77ff95f9a40d8e136e34,30,15,1198.875,522.77595628415293,False,row1_col2
945,332468,0.94118845462799083,1.0692713260650637,1457,576,False,False,4a2e77ff95f9a40d8e136e34,20,21,851.375,731.5628415300547,False,row2_col1
946,332497,1.0395115613937378,1.1927117109298706,46,2649,False,False,4a2e77ff95f9a40d8e136e34,17,22,747.125,766.36065573770486,False,row2_col1
947,332734,0.46344694495201111,1.1665307283401487,690,1249,False,False,4a2e77ff95f9a40d8e136e34,30,29,1198.875,1009.9453551912569,True,padding_center
948,333077,1.0899667739868164,1.0462371110916138,547,520,False,False,a252f276c55b21904fb18cca,21,8,844.09375,275.88108108108111,False,row0_col2
949,333345,1.0516152381896973,1.2552154064178469,377,570,False,False,a252f276c55b21904fb18cca,1,17,152.84375,587.62162162162167,False,row1_col0
950,333817,0.30179458856582642,0.92904186248779275,877,226,False,False,a252f276c55b21904fb18cca,25,31,982.34375,1072.5513513513515,True,padding_center
951,333818,0.29356673359870911,0.95133888721466064,3745,226,False,False,a252f276c55b21904fb18cca,26,31,1016.90625,1072.5513513513515,True,padding_center
952,333981,0.89812040328979492,1.0446267127990725,3847,1873,False,False,7b4cc3d763377e93f41b6962,29,4,1111.90625,155.3027027027027,False,row0_col2
953,334462,0.94871753454208363,1.2998226881027222,370,2767,False,False,7b4cc3d763377e93f41b6962,30,19,1146.34375,671.627027027027,False,row1_col2
954,334576,1.1853293180465698,1.2602953910827637,2311,428,False,False,7b4cc3d763377e93f41b6962,16,23,664.21875,809.3135135135135,False,row2_col1
955,334671,0.92880028486251842,1.4229028224945068,440,3130,False,False,7b4cc3d763377e93f41b6962,15,26,629.78125,912.57837837837837,False,row2_col1
956,334714,0.56418991088867176,1.2001699209213257,1860,1767,False,False,7b4cc3d763377e93f41b6962,26,27,1008.59375,947,True,padding_center
957,334939,0.30572840571403498,0.99458301067352284,1567,2162,False,False,e0669a80e191364577047486,27,2,1062.046875,60.054054054054049,True,padding_center
958,335461,1.7663823366165159,1.2394918203353882,2128,1676,False,False,e0669a80e191364577047486,5,19,299.609375,648.89729729729731,False,row1_col0
959,335577,1.1912037134170532,1.3550021648406982,2462,3390,False,False,e0669a80e191364577047486,25,22,992.734375,752.81081081081084,False,row2_col2
960,335807,0.38355693221092219,0.99413263797759999,1458,2339,False,False,e0669a80e191364577047486,31,29,1200.671875,995.27567567567564,True,padding_center
961,335900,0.29442200064659108,1.5016460418701172,3555,1706,False,False,e5f9395628709ae9079eeba0,28,0,1107.703125,-4.4347826086956559,True,padding_center
962,336270,1.2947390079498291,1.0481177568435669,1400,445,False,False,e5f9395628709ae9079eeba0,14,12,622.515625,410.86956521739131,False,row1_col1
963,337463,1.6521241664886477,1.4762362241744995,1551,1003,False,False,347841146c8588b3b0ef8cd2,23,17,894.828125,588.77659574468089,False,row1_col2
964,337643,0.99885648488998402,1.2311906814575195,3971,3026,False,False,347841146c8588b3b0ef8cd2,11,23,476.703125,797.88297872340422,False,row2_col1
965,337930,0.102267138659954,1.1532729864120483,1884,1706,False,False,f22091c6ec1059e3844fce4e,10,0,496.859375,-17.372340425531917,True,padding_center
966,338022,0.64868044853210438,1.1743054389953611,1002,2646,False,False,f22091c6ec1059e3844fce4e,6,3,357.484375,86.925531914893611,True,padding_center
967,338127,1.0321239233016968,1.4005920886993408,1536,2156,False,False,f22091c6ec1059e3844fce4e,15,6,671.078125,191.22340425531917,False,row0_col1
968,338143,0.77965825796127308,1.0995303392410278,2149,3628,False,False,f22091c6ec1059e3844fce4e,31,6,1228.578125,191.22340425531917,False,row0_col2
969,338845,0.67105698585510254,1.4274307489395142,345,2339,False,False,f22091c6ec1059e3844fce4e,29,28,1158.890625,956.07446808510633,True,padding_center
970,339732,1.0805565118789673,1.19416344165802,1235,3297,False,False,e011d89cc836ba1aa1bc02a9,20,24,816.015625,829.52173913043475,False,row2_col1
971,339796,1.0444023609161377,1.3480173349380491,644,3130,False,False,e011d89cc836ba1aa1bc02a9,20,26,816.015625,899.17391304347825,False,row2_col1
972,339870,0.74977970123291005,1.130082368850708,2903,2339,False,False,e011d89cc836ba1aa1bc02a9,30,28,1163.828125,968.82608695652175,True,padding_center
973,340368,1.3752361536026001,1.4186247587203979,1873,852,False,False,13b0152a68a53d6271f1d621,16,12,613.796875,401.86315789473684,False,row1_col1
974,340584,1.3411798477172852,1.4946475028991699,1516,1953,False,False,13b0152a68a53d6271f1d621,8,19,337.046875,644.13684210526321,False,row1_col0
975,341031,0.2335944175720214,0.98050785064697255,1542,1706,False,False,7caf0646c5e1a5cc3ec3968d,7,1,343.28125,44.951612903225808,True,padding_center
976,341323,1.1885819435119629,1.2364845275878906,1804,201,False,False,7caf0646c5e1a5cc3ec3968d,11,10,481.03125,355.01612903225805,False,row0_col1
977,341830,0.95931357145309437,1.2293965816497805,1445,1229,False,False,7caf0646c5e1a5cc3ec3968d,6,26,308.84375,906.24193548387098,False,row2_col0
978,341909,0.49623066186904902,1.2973710298538208,221,2866,False,False,7caf0646c5e1a5cc3ec3968d,21,28,825.40625,975.14516129032256,True,padding_center
979,341999,0.20558777451515189,1.1004769802093506,792,226,False,False,7caf0646c5e1a5cc3ec3968d,15,31,618.78125,1078.5,True,padding_center
980,342112,0.62549477815628052,1.2471555471420288,4083,706,False,False,1b4772939ca9ecd9e08d219a,0,3,104.375,100.26315789473685,True,padding_center
981,342253,0.97888863086700439,1.2116979360580444,1916,1145,False,False,1b4772939ca9ecd9e08d219a,13,7,556.125,239.37894736842105,False,row0_col1
982,342980,0.39308971166610712,0.85200250148773193,2527,226,False,False,1b4772939ca9ecd9e08d219a,4,30,243.375,1039.2947368421051,True,padding_center
983,343030,0.24672101438045499,1.0074843168258667,230,226,False,False,1b4772939ca9ecd9e08d219a,22,31,868.875,1074.0736842105264,True,padding_center
984,343222,0.962371826171875,1.2832908630371094,3417,3261,False,False,4d5c5a4af0d0418475b08f37,22,5,917.84375,169.08510638297872,False,row0_col2
985,343509,1.1674686670303345,1.2168326377868652,421,3398,False,False,4d5c5a4af0d0418475b08f37,21,14,883.40625,479.29787234042556,False,row1_col2
986,343981,0.443170815706253,1.3128544092178345,738,1700,False,False,4d5c5a4af0d0418475b08f37,13,29,607.90625,996.31914893617022,True,padding_center
987,344120,0.40536674857139582,0.92254847288131725,432,1706,False,False,2c3f234377604e8dcb2d2a73,24,1,950.546875,30.173913043478265,True,padding_center
988,345222,0.7684326171875,1.3552907705307009,1306,786,False,False,d966074aac618fed4e291ae3,6,4,311.234375,142.72307692307692,False,row0_col0
989,345567,0.87747174501419056,1.019622802734375,3836,115,False,False,d966074aac618fed4e291ae3,31,14,1169.828125,485.69743589743587,False,row1_col2
990,345848,1.00812828540802,1.2122882604598999,2287,781,False,False,d966074aac618fed4e291ae3,24,23,929.421875,794.37435897435898,False,row2_col2
991,346005,0.85756069421768177,1.1613147258758545,3761,2866,False,False,d966074aac618fed4e291ae3,21,28,826.390625,965.86153846153843,True,padding_center
992,346035,0.56183606386184692,1.3245226144790647,2162,1700,False,False,d966074aac618fed4e291ae3,19,29,757.703125,1000.1589743589744,True,padding_center
993,346160,0.33323279023170471,0.4719297587871551,3842,1706,False,False,69ce82acc0f6112757b0f61b,16,1,676.796875,33.416216216216213,True,padding_center
994,346163,0.27437317371368403,0.44812881946563721,3497,1706,False,False,69ce82acc0f6112757b0f61b,19,1,780.578125,33.416216216216213,True,padding_center
995,347064,0.54593187570571888,1.1769030094146729,1676,226,False,False,69ce82acc0f6112757b0f61b,24,29,953.546875,1003.2756756756756,True,padding_center
996,347094,0.35525783896446222,0.59523910284042347,743,226,False,False,69ce82acc0f6112757b0f61b,22,30,884.359375,1037.9135135135134,True,padding_center
997,347568,0.88873493671417225,1.184363842010498,1585,78,False,False,8406bcde35f072bc956e4b05,16,13,669.828125,441.7967032967033,False,row1_col1
998,347699,1.0032389163970947,1.1774147748947144,1687,2143,False,False,8406bcde35f072bc956e4b05,19,17,773.796875,580.52197802197793,False,row1_col1
999,347769,1.1671280860900879,1.5186434984207151,2376,3429,False,False,8406bcde35f072bc956e4b05,25,19,981.734375,649.88461538461536,False,row1_col2
1000,347961,0.95596420764923085,1.266319751739502,980,1632,False,False,8406bcde35f072bc956e4b05,25,25,981.734375,857.97252747252742,False,row2_col2
1001,348363,0.88692551851272583,1.2065646648406982,2045,3080,False,False,aeb6f3350dd903eec76c1d2f,11,6,507.546875,196.02747252747253,False,row0_col1
1002,348850,0.95882636308670044,1.0671218633651731,2265,604,False,False,aeb6f3350dd903eec76c1d2f,18,21,750.140625,716.24725274725279,False,row2_col1
1003,349691,1.3462218046188354,1.0865013599395752,558,1936,False,False,178406615aaeb3e456e1b3cc,27,15,1050.625,504.77777777777777,False,row1_col2
1004,349882,1.5058168172836304,1.1191989183425903,2184,3013,False,False,178406615aaeb3e456e1b3cc,26,21,1015.875,713.53968253968253,False,row2_col2
1005,350059,0.82101947069168091,1.2568895816802981,2091,2765,False,False,178406615aaeb3e456e1b3cc,11,27,494.625,922.30158730158735,False,row2_col1
1006,350515,1.1518193483352659,1.2248165607452393,392,552,False,False,fb0fc8380eda2b3a475c35eb,19,9,773.53125,298.95744680851067,False,row0_col1
1007,350601,0.89509892463684082,1.3650491237640381,2215,3791,False,False,fb0fc8380eda2b3a475c35eb,9,12,429.15625,402.36170212765956,False,row1_col0
1008,350618,1.1414041519165039,1.3951456546783447,1981,3012,False,False,fb0fc8380eda2b3a475c35eb,26,12,1014.59375,402.36170212765956,False,row1_col2
1009,350654,0.78476399183273315,1.2891508340835571,1673,359,False,False,fb0fc8380eda2b3a475c35eb,30,13,1152.34375,436.82978723404256,False,row1_col2
1010,350856,1.0709203481674194,1.4020938873291016,1587,1769,False,False,fb0fc8380eda2b3a475c35eb,8,20,394.71875,678.10638297872345,False,row2_col0
1011,351916,1.2227758169174194,1.2827227115631104,912,3259,False,False,4f1c77f5d121ab64501fbab2,12,21,560.421875,722.93010752688178,False,row2_col1
1012,352051,0.92257648706436157,1.395999550819397,871,2455,False,False,4f1c77f5d121ab64501fbab2,19,25,802.578125,861.42473118279565,False,row2_col1
1013,352078,1.0397613048553469,1.2842613458633425,513,3577,False,False,4f1c77f5d121ab64501fbab2,14,26,629.609375,896.04838709677426,False,row2_col1
1014,352126,0.84916025400161743,1.1185214519500732,2147,1618,False,False,4f1c77f5d121ab64501fbab2,30,27,1183.109375,930.67204301075265,False,row2_col2
1015,352729,1.3501867055892944,1.3551286458969116,2443,2608,False,False,0e73d5b73d8a048c26edff31,25,14,999.140625,467.08695652173913,False,row1_col2
1016,353000,0.96572899818420399,1.1096159219741819,3385,781,False,False,0e73d5b73d8a048c26edff31,8,23,411.046875,778.56521739130437,False,row2_col0
1017,353184,0.56482470035552967,1.1698938608169556,3309,62,False,False,0e73d5b73d8a048c26edff31,0,29,134.296875,986.21739130434776,True,padding_center
1018,353452,1.0277613401412964,0.98509436845779397,3965,360,False,False,f2a63220b9188d0728d33d45,12,5,515.46875,163.64397905759162,False,row0_col1
1019,353494,1.0888775587081907,1.1859488487243652,244,3486,False,False,f2a63220b9188d0728d33d45,22,6,859.84375,198.07329842931938,False,row0_col2
1020,353865,1.1480165719985962,1.2515226602554319,358,2291,False,False,f2a63220b9188d0728d33d45,9,18,412.15625,611.22513089005236,False,row1_col0
1021,354021,1.0329028367996216,1.3337633609771729,2341,2277,False,False,f2a63220b9188d0728d33d45,5,23,274.40625,783.37172774869111,False,row2_col0
1022,354454,0.89888876676559437,1.1770704984664917,3466,2501,False,False,8deef7cbf795dc5034389593,22,4,844.734375,146.85714285714286,False,row0_col2
1023,354849,0.91375964879989624,1.3585082292556765,377,3855,False,False,8deef7cbf795dc5034389593,1,17,123.515625,592.57142857142867,False,row1_col0
1024,355417,0.37397515773773188,1.0399179458618164,2110,2162,False,False,e10a5a39c537eaf14c46b2be,25,2,988.15625,76.680851063829792,True,padding_center
1025,355606,0.89540165662765503,1.0994356870651243,693,520,False,False,e10a5a39c537eaf14c46b2be,22,8,884.84375,283.48936170212767,False,row0_col2
1026,355662,1.2400686740875244,1.1882560253143313,3934,902,False,False,e10a5a39c537eaf14c46b2be,14,10,609.34375,352.42553191489361,False,row0_col1
1027,356804,1.4393959045410156,1.045923113822937,1367,2207,False,False,896ecacb2e63e157dc4e35d7,4,14,298.796875,489.46596858638748,False,row1_col0
1028,357169,1.0045212507247925,1.2799954414367676,3562,3788,False,False,896ecacb2e63e157dc4e35d7,17,25,751.765625,872.33507853403137,False,row2_col1
1029,357939,1.2955063581466677,1.1483117341995239,1198,1182,False,False,bacd8d5cf67fb7f5bb3c16e1,19,17,793.96875,577.87700534759369,False,row1_col1
1030,358268,0.98145526647567738,1.2488690614700315,1297,1767,False,False,bacd8d5cf67fb7f5bb3c16e1,28,27,1105.03125,922.68983957219245,False,row2_col2
1031,359019,1.1554120779037476,1.2600626945495603,1283,3544,False,False,6dc9bf8ff05d6f7df0e30315,11,19,499.546875,636.69841269841277,False,row1_col1
1032,359231,0.86334449052810658,1.1409400701522827,2568,2196,False,False,6dc9bf8ff05d6f7df0e30315,31,25,1192.671875,844.19047619047615,False,row2_col2
1033,360686,1.3589515686035156,1.4072039127349854,2352,725,False,False,1219cb310706faa103ce419b,14,7,594.15625,223.47540983606558,False,row0_col1
1034,362245,1.0925812721252439,1.2857791185379028,500,3514,False,False,d80aa3f118aa9582d473ba58,5,24,310.609375,802.7112299465241,False,row2_col0
1035,362589,0.54201006889343262,0.75215470790863026,818,2162,False,False,53f85fa89c59271d3ffb3641,29,2,1155.90625,35.680851063829792,True,padding_center
1036,362865,1.6322165727615356,1.5669183731079102,446,1039,False,False,53f85fa89c59271d3ffb3641,17,11,742.65625,345.89361702127655,False,row0_col1
1037,363228,1.1824201345443726,1.2384315729141235,1566,2874,False,False,53f85fa89c59271d3ffb3641,28,22,1121.46875,725.04255319148933,False,row2_col2
1038,363559,0.3594058752059936,0.99527078866958596,1328,1706,False,False,64e11d7683e404d870ca400b,7,1,401.921875,27.507853403141368,True,padding_center
1039,363572,0.277910977602005,0.70597565174102783,1371,1706,False,False,64e11d7683e404d870ca400b,20,1,852.453125,27.507853403141368,True,padding_center
1040,363896,1.0635377168655396,1.2359671592712402,824,3988,False,False,64e11d7683e404d870ca400b,24,11,991.078125,373.47643979057591,False,row0_col2
1041,364330,1.185832142829895,1.1311203241348269,3902,3517,False,False,64e11d7683e404d870ca400b,10,25,505.890625,857.83246073298426,False,row2_col0
1042,365309,1.0981459617614746,1.0627056360244751,402,2465,False,False,462b47fa3de976e72a9b5115,29,23,1164.359375,779.05882352941171,False,row2_col2
1043,365575,0.24166689813137049,1.2520586252212524,2483,1706,False,False,b9fd7826307ce6bb94f27b18,7,0,389.328125,-9,True,padding_center
1044,365680,0.7271270751953125,0.97260212898254395,353,2233,False,False,b9fd7826307ce6bb94f27b18,16,3,702.921875,95.516129032258064,True,padding_center
1045,366221,1.1203664541244509,0.96583044528961182,2037,2781,False,False,b9fd7826307ce6bb94f27b18,13,20,598.390625,687.77419354838719,False,row2_col1
1046,366429,1.1399601697921753,1.0352227687835691,3581,2817,False,False,b9fd7826307ce6bb94f27b18,29,26,1155.890625,896.80645161290329,False,row2_col2
1047,366650,0.42448294162750239,1.1039296388626101,1167,15,False,False,7d4e47ad65dc99387ba61cb2,26,1,1044.734375,25.62087912087911,True,padding_center
1048,366835,1.3117259740829468,1.1201378107070925,1590,2847,False,False,7d4e47ad65dc99387ba61cb2,19,7,802.578125,233.70879120879121,False,row0_col1
1049,367762,0.97680598497390736,1.0674664974212646,1642,3033,False,False,0f6e303814c6beca4197c87d,18,4,731.140625,132,False,row0_col1
1050,367842,0.97728520631790161,1.1764520406723022,1128,294,False,False,0f6e303814c6beca4197c87d,2,7,176.640625,236.08695652173913,False,row0_col0
1051,368127,0.94578951597213745,0.98391073942184437,3836,115,False,False,0f6e303814c6beca4197c87d,31,15,1181.671875,513.6521739130435,False,row1_col2
1052,368577,0.2271286249160766,1.0683547258377075,3743,1415,False,False,0f6e303814c6beca4197c87d,1,30,141.984375,1034.086956521739,True,padding_center
1053,368578,0.40554144978523249,1.1298242807388306,605,1415,False,False,0f6e303814c6beca4197c87d,2,30,176.640625,1034.086956521739,True,padding_center
1054,369053,1.2096459865570068,1.1419352293014526,3689,3816,False,False,84660a36fd2a77d5af219fa3,29,12,1164.359375,416.88235294117646,False,row1_col2
1055,369358,0.95783388614654541,1.4616080522537231,993,1527,False,False,84660a36fd2a77d5af219fa3,14,22,644.515625,763.40641711229944,False,row2_col1
1056,369371,1.2763537168502808,1.1760814189910889,844,1666,False,False,84660a36fd2a77d5af219fa3,27,22,1095.046875,763.40641711229944,False,row2_col2
1057,369492,1.0932912826538086,1.2220593690872192,3840,3130,False,False,84660a36fd2a77d5af219fa3,20,26,852.453125,902.01604278074865,False,row2_col1
1058,369997,0.96076905727386475,1.2947790622711182,106,2786,False,False,cb497568001f41f6f930efc3,13,10,600.59375,336.6521739130435,False,row0_col1
1059,370275,1.1397088766098022,1.1788549423217771,940,2635,False,False,cb497568001f41f6f930efc3,3,19,254.96875,648.13043478260875,False,row1_col0
1060,371544,1.1546961069107056,0.9698047637939452,1544,2789,False,False,dbf24df1fbf05890f62cb775,24,26,982.375,908.86666666666667,False,row2_col2
1061,371587,0.96413981914520264,1.3428827524185181,414,2012,False,False,dbf24df1fbf05890f62cb775,3,28,252.625,978.55555555555554,True,padding_center
1062,372006,0.88088470697402954,1.1448215246200562,1276,1024,False,False,7d00ebc629cbbfbb3f3acc64,6,9,293.875,296.98907103825138,False,row0_col0
1063,372180,1.0950305461883545,1.0100224018096924,3948,836,False,False,7d00ebc629cbbfbb3f3acc64,20,14,780.375,470.97814207650271,False,row1_col1
1064,372897,1.0574811697006226,1.1953710317611694,3333,3769,False,False,03b92d95da6694e6f43e0193,1,5,155.65625,157.97409326424872,False,row0_col0
1065,373193,1.5166140794754028,1.1512875556945801,1030,2851,False,False,03b92d95da6694e6f43e0193,9,14,431.15625,467.98445595854923,False,row1_col0
1066,374232,1.3014780282974243,1.3020089864730835,3873,1362,False,False,412b2253f0288e6f5518fc42,24,14,961.71875,477.43315508021391,False,row1_col2
1067,374550,1.0191158056259155,1.2145307064056396,155,3124,False,False,412b2253f0288e6f5518fc42,22,24,892.84375,822.24598930481284,False,row2_col2
1068,374717,0.49035239219665522,0.56499135494232167,144,1249,False,False,412b2253f0288e6f5518fc42,29,29,1133.90625,994.65240641711239,True,padding_center
1069,375074,1.2119109630584717,1.3667292594909668,1803,940,False,False,98b721a6ed7b9a91ce5e0586,2,9,179.40625,315.92513368983958,False,row0_col0
1070,375236,1.6017454862594604,1.2249020338058472,1367,1385,False,False,98b721a6ed7b9a91ce5e0586,4,14,248.53125,489.18716577540107,False,row1_col0
1071,375431,1.2636978626251221,1.2642415761947632,1833,268,False,False,98b721a6ed7b9a91ce5e0586,7,20,352.21875,697.10160427807489,False,row2_col0
1072,375466,0.90097689628601085,1.0961877107620239,2184,3933,False,False,98b721a6ed7b9a91ce5e0586,10,21,455.90625,731.75401069518716,False,row2_col0
1073,376789,0.284894198179245,0.81389421224594105,1763,226,False,False,77552d606fc63001f442e848,21,30,861.125,1026.4052631578948,True,padding_center
1074,377385,1.3610738515853882,1.3677324056625366,3956,1901,False,False,e940fcfae63e53b190a0bb8e,9,17,464.640625,576.62162162162167,False,row1_col0
1075,377514,0.82259416580200195,0.95062625408172596,2184,3025,False,False,e940fcfae63e53b190a0bb8e,10,21,499.234375,715.17297297297296,False,row2_col0
1076,378264,1.1756882667541504,1.4134300947189331,1470,348,False,False,e57d11f09a8ab09cbe266496,24,12,977.78125,417.34020618556701,False,row1_col2
1077,378926,0.3242217600345611,0.53378617763519276,2199,1706,False,False,ccce9e18afa29af9ea350c68,14,1,635.15625,39.131147540983605,True,padding_center
1078,379339,0.82700860500335693,0.94733309745788563,881,2658,False,False,ccce9e18afa29af9ea350c68,11,14,531.46875,489.22950819672133,False,row1_col1
1079,380028,0.65863543748855591,1.137664794921875,1904,35,False,False,d78a35ec684695d072d6b211,28,3,1086.03125,95.139037433155082,True,padding_center
1080,380098,1.018257737159729,1.3058784008026123,696,2656,False,False,d78a35ec684695d072d6b211,2,6,187.40625,198.58288770053474,False,row0_col0
1081,381619,1.1886215209960938,1.2886407375335691,724,604,False,False,07b130ea95144215cd673c8b,19,21,797.53125,718.70000000000005,False,row2_col1
1082,381771,1.0004440546035769,1.3543250560760498,2482,506,False,False,07b130ea95144215cd673c8b,11,26,522.03125,890.70000000000005,False,row2_col1
1083,383068,0.57847887277603138,0.97608137130737305,1407,2162,False,False,525e253a65f0af92629166a4,28,2,1108.03125,66.0625,True,padding_center
1084,383586,1.1851086616516111,1.0735476016998291,1166,3821,False,False,525e253a65f0af92629166a4,2,19,209.40625,654.6875,False,row1_col0
1085,383916,0.56737375259399414,1.2445611953735352,2271,2012,False,False,525e253a65f0af92629166a4,12,29,555.03125,1000.9375,True,padding_center
1086,384045,0.3540621399879455,0.73272097110748291,2372,1706,False,False,ba40733dea98fd31eaa0e5fe,13,1,587.859375,22.416216216216213,True,padding_center
1087,384123,0.77928030490875244,1.0151983499526978,1904,2646,False,False,ba40733dea98fd31eaa0e5fe,27,3,1073.046875,91.691891891891885,True,padding_center
1088,384174,1.1528686285018921,1.3898477554321289,288,3555,False,False,ba40733dea98fd31eaa0e5fe,14,5,622.515625,160.96756756756758,False,row0_col1
1089,384626,1.0706204175949097,1.2515708208084106,4053,3535,False,False,ba40733dea98fd31eaa0e5fe,18,19,761.140625,645.89729729729731,False,row1_col1
1090,384996,0.40592977404594421,0.99964332580566395,3867,226,False,False,ba40733dea98fd31eaa0e5fe,4,31,275.953125,1061.5513513513515,True,padding_center
1091,385822,1.1058253049850464,1.2396088838577273,2947,3402,False,False,8f1c99d05825e89d71c9284b,30,24,1173.875,819.12903225806451,False,row2_col2
1092,386112,0.3792948424816131,1.0153627395629885,4074,2022,False,False,76906f430110ea676ee84663,0,2,134.328125,67.38297872340425,True,padding_center
1093,386220,1.0976188182830813,1.1856110095977783,3965,360,False,False,76906f430110ea676ee84663,12,5,550.203125,171.29787234042553,False,row0_col1
1094,386376,0.90456616878509521,1.1593507528305054,552,555,False,False,76906f430110ea676ee84663,8,10,411.578125,344.48936170212767,False,row0_col0
1095,386412,1.1826770305633545,1.0481323003768921,2151,1542,False,False,76906f430110ea676ee84663,12,11,550.203125,379.12765957446811,False,row0_col1
1096,386789,1.0237171649932859,1.2236853837966919,2341,3916,False,False,76906f430110ea676ee84663,5,23,307.609375,794.78723404255322,False,row2_col0
1097,387381,0.971971035003662,1.3749017715454102,42,1121,False,False,22ab2c684f502bb67ac25bda,21,9,838.5,302.46907216494844,False,row0_col2
1098,388822,0.90550452470779397,1.3560910224914553,490,2230,False,False,296bf32bda705a8c9ebd047c,22,22,898.140625,762.82608695652175,False,row2_col2
1099,389880,1.131830096244812,1.2820552587509155,3976,88,False,False,58941e2ed5798562410c5326,24,23,980.078125,793.63874345549732,False,row2_col2
1100,389968,1.08296799659729,1.4115984439849854,2438,3788,False,False,58941e2ed5798562410c5326,16,26,702.828125,897.42931937172773,False,row2_col1
1101,390817,1.1997301578521729,1.2310090065002439,1613,1323,False,False,69c3ab131f3d9924a0893b68,1,21,188.03125,711.93010752688178,False,row2_col0
1102,390958,0.88315188884735096,1.1872268915176392,3481,2455,False,False,69c3ab131f3d9924a0893b68,14,25,638.96875,850.42473118279565,False,row2_col1
1103,391176,0.28976213932037348,1.220299243927002,2483,1706,False,False,1fae9ba9c99bf430c1e582d7,8,0,397.046875,3.6402116402116462,True,padding_center
1104,391266,0.81708312034606934,1.0495872497558594,3892,2646,False,False,1fae9ba9c99bf430c1e582d7,2,3,189.484375,107.38624338624339,True,padding_center
1105,391926,0.86814749240875244,1.2589726448059082,3818,2277,False,False,1fae9ba9c99bf430c1e582d7,22,23,881.359375,799.02645502645498,False,row2_col2
1106,392049,0.71784746646881104,1.3139461278915403,3830,2866,False,False,1fae9ba9c99bf430c1e582d7,17,27,708.390625,937.35449735449731,False,row2_col1
1107,392769,1.0997445583343506,1.0984040498733521,1702,140,False,False,2a108eb667fa6df333f44d0c,1,18,146.890625,610.11640211640213,False,row1_col0
1108,392855,0.93816190958023082,1.4072052240371704,3851,3516,False,False,2a108eb667fa6df333f44d0c,23,20,907.953125,679.28042328042329,False,row2_col2
1109,393767,1.5951757431030271,1.2472600936889648,655,1647,False,False,fc56ae52e06ade318ea4d493,7,17,365.28125,563.17741935483878,False,row1_col0
1110,393931,0.93932640552520763,1.338824987411499,2014,48,False,False,fc56ae52e06ade318ea4d493,11,22,503.03125,735.43548387096769,False,row2_col1
1111,394034,1.0912593603134155,1.3706806898117063,871,2455,False,False,fc56ae52e06ade318ea4d493,18,25,744.09375,838.79032258064512,False,row2_col1
1112,394820,1.2255458831787107,1.2044610977172852,511,166,False,False,089cd2957b9c09ed7b50aa5e,4,18,286.953125,605.79679144385022,False,row1_col0
1113,395517,1.0607702732086182,1.0919493436813354,2171,2176,False,False,a737d81a01b3a431788a0073,29,7,1104.359375,237.82608695652175,False,row0_col2
1114,395790,0.73398053646087635,0.93419408798217762,1693,529,False,False,a737d81a01b3a431788a0073,14,16,584.515625,549.304347826087,False,row1_col1
1115,395882,1.2943156957626345,1.3493666648864746,2233,2632,False,False,a737d81a01b3a431788a0073,10,19,445.890625,653.13043478260875,False,row1_col0
1116,396393,0.68605595827102661,1.1284310817718506,3640,1840,False,False,84f95a6d6caa9fedd81a91ce,9,3,445.640625,78.010695187165766,True,padding_center
1117,396634,0.95308810472488403,1.2813907861709597,3592,2639,False,False,84f95a6d6caa9fedd81a91ce,26,10,1033.734375,320.57754010695191,False,row0_col2
1118,397333,0.2668096125125885,1.111818790435791,426,1706,False,False,919217adf38792df31c575b3,21,0,860.765625,-12.359788359788354,True,padding_center
1119,397539,0.98861879110336304,1.1585334539413452,3975,294,False,False,919217adf38792df31c575b3,3,7,238.078125,229.71428571428572,False,row0_col0
1120,397905,1.0072875022888184,0.92877107858657837,1694,3038,False,False,919217adf38792df31c575b3,17,18,722.390625,610.11640211640213,False,row1_col1
1121,398165,0.85300248861312855,0.98655951023101796,3569,2987,False,False,919217adf38792df31c575b3,21,26,860.765625,886.77248677248679,False,row2_col2
1122,398169,0.97285753488540638,1.2551790475845337,2227,2581,False,False,919217adf38792df31c575b3,25,26,999.140625,886.77248677248679,False,row2_col2
1123,398306,0.21675769984722129,0.74572443962097157,3496,1415,False,False,919217adf38792df31c575b3,2,31,203.484375,1059.6825396825398,True,padding_center
1124,398590,0.86241263151168823,1.3053808212280271,775,987,False,False,966b649722faf3cd9026b729,30,7,1185.015625,211,False,row0_col2
1125,398615,0.82012081146240234,0.93108975887298584,693,2130,False,False,966b649722faf3cd9026b729,23,8,942.421875,245.66666666666666,False,row0_col2
1126,398936,1.5692920684814451,1.3753070831298828,4071,1096,False,False,966b649722faf3cd9026b729,24,18,977.078125,592.33333333333337,False,row1_col2
1127,400064,0.99493771791458119,0.99889129400253285,2185,3433,False,False,23a5cec8b53655a008a5043b,0,22,93.421875,754.35359116022096,False,row2_col0
1128,400484,0.70794695615768433,1.0203481912612915,1002,2646,False,False,414d9b02f6f9676c4dd52a63,4,3,256.96875,90.881081081081078,True,padding_center
1129,401334,0.56118839979171753,1.2648065090179443,217,226,False,False,414d9b02f6f9676c4dd52a63,22,29,876.84375,985.84324324324325,True,padding_center
1130,401803,0.72799098491668701,1.0681051015853882,2203,3145,False,False,8595161ed5c1f96662a7e12e,11,12,487.46875,398.76288659793818,False,row1_col1
1131,402565,0.66062390804290771,1.1958178281784058,2218,2501,False,False,6742c58532e99b3cdf0d09cc,5,4,299.265625,137.66310160427807,False,row0_col0
1132,403250,0.91446483135223378,1.257607102394104,856,3788,False,False,6742c58532e99b3cdf0d09cc,18,25,748.984375,865.36363636363637,False,row2_col1
1133,403254,0.91538745164871205,1.1681737899780271,2206,2164,False,False,6742c58532e99b3cdf0d09cc,22,25,887.359375,865.36363636363637,False,row2_col2
1134,403292,1.0547398328781128,1.2795709371566772,2187,2817,False,False,6742c58532e99b3cdf0d09cc,28,26,1094.921875,900.01604278074865,False,row2_col2
1135,403852,1.0870113372802734,1.1817139387130735,1889,366,False,False,83857231f379f6809fc9639f,12,12,580.59375,415.11538461538458,False,row1_col1
1136,403891,0.95282214879989624,0.93819952011108398,2497,519,False,False,83857231f379f6809fc9639f,19,13,823.40625,449.7967032967033,False,row1_col1
1137,403939,1.0095288753509519,1.0708366632461548,4014,1721,False,False,83857231f379f6809fc9639f,3,15,268.40625,519.15934065934061,False,row1_col0
1138,404243,1.037176251411438,1.0571072101593018,269,3297,False,False,83857231f379f6809fc9639f,19,24,823.40625,831.29120879120876,False,row2_col1
1139,404757,1.0208864212036133,1.1713892221450806,547,520,False,False,bdf54f12fbf3d79a93435aa3,21,8,863.140625,260.34210526315792,False,row0_col2
1140,405251,0.96907472610473644,1.2811411619186399,1041,2445,False,False,bdf54f12fbf3d79a93435aa3,3,24,235.953125,817.47894736842102,False,row2_col0
1141,405623,0.54095226526260365,1.1324734687805176,459,3454,False,False,e764a382e06a2d9870d6385d,23,3,908.28125,99.508196721311478,True,padding_center
1142,406608,0.58978193998336792,0.62690246105194092,687,286,False,False,837b596140a1742b25c45e12,16,2,673.796875,60.302197802197796,True,padding_center
1143,407059,0.91381043195724476,1.2709360122680664,1848,409,False,False,837b596140a1742b25c45e12,19,16,777.578125,545.84065934065939,False,row1_col1
1144,407165,0.92391419410705555,1.0070021152496338,2510,735,False,False,837b596140a1742b25c45e12,29,19,1123.515625,649.88461538461536,False,row1_col2
1145,408226,1.1139538288116455,1.254859447479248,267,2734,False,False,e235136cfdcae670bc7ef694,2,21,215.09375,712.57446808510633,False,row2_col0
1146,408630,0.40421873331069941,0.73134297132492065,1286,1706,False,False,f1b1a21a9d97d3eb8ef2a36a,22,1,917.28125,25.984293193717278,True,padding_center
1147,408850,1.1021790504455566,1.0927304029464722,30,2560,False,False,f1b1a21a9d97d3eb8ef2a36a,18,8,778.03125,269.62827225130889,False,row0_col1
1148,408950,0.76752907037734985,1.1299334764480593,1243,3971,False,False,f1b1a21a9d97d3eb8ef2a36a,22,11,917.28125,374.04712041884818,False,row0_col2
1149,409028,1.4130229949951172,1.2285494804382324,854,2207,False,False,f1b1a21a9d97d3eb8ef2a36a,4,14,290.65625,478.46596858638748,False,row1_col0
1150,410318,1.0678761005401611,1.0838046073913574,204,2148,False,False,05ca24cc6157d09d27f43cc5,14,22,605.40625,757,False,row2_col1
1151,410372,1.1066468954086304,1.1422815322875977,1744,2445,False,False,05ca24cc6157d09d27f43cc5,4,24,254.78125,827,False,row2_col0
1152,410466,0.98786973953247081,0.96167927980422963,334,763,False,False,05ca24cc6157d09d27f43cc5,2,27,184.65625,932,True,padding_center
1153,410947,0.82857465744018555,1.2128279209136963,121,1715,False,False,4edadd04331e7debbee7dbc0,3,10,214.421875,347.65079365079362,False,row0_col0
1154,411091,0.96235489845275879,1.1756913661956787,3487,2677,False,False,4edadd04331e7debbee7dbc0,19,14,764.921875,485.47089947089944,False,row1_col1
1155,411406,0.91791492700576782,1.1315401792526243,2534,1997,False,False,4edadd04331e7debbee7dbc0,14,24,592.890625,830.02116402116405,False,row2_col1
1156,411943,1.0716538429260254,1.3136770725250244,3641,779,False,False,01b9e97e851cf4e057950e28,7,9,338.28125,284.36125654450262,False,row0_col0
1157,412812,0.95199710130691517,1.1942778825759888,557,1007,False,False,46e52c7cd794f51a462fb9f6,12,4,535.421875,113,False,row0_col1
1158,413208,1.7327703237533567,1.3027698993682859,3917,3284,False,False,46e52c7cd794f51a462fb9f6,24,16,950.546875,528.47540983606564,False,row1_col2
1159,413879,0.9099692702293396,1.2688931226730349,3417,2960,False,False,45b11473d4f5f125115c882f,23,5,907.953125,142.58947368421053,False,row0_col2
1160,414075,1.3444488048553469,1.1880292892456057,1990,1199,False,False,45b11473d4f5f125115c882f,27,11,1046.328125,350.25263157894739,False,row0_col2
1161,414463,0.8085097074508667,0.97127974033355724,34,1564,False,False,45b11473d4f5f125115c882f,31,23,1184.703125,765.57894736842104,False,row2_col2
1162,414714,0.30185660719871521,0.97873729467391957,482,226,False,False,45b11473d4f5f125115c882f,26,31,1011.734375,1042.4631578947369,True,padding_center
1163,415108,1.0324301719665527,1.2563120126724243,947,1287,False,False,84a3e62ce078286ce2c7c91e,4,12,238.375,414.82989690721649,False,row1_col0
1164,415544,0.91577517986297596,0.67327463626861572,2481,1632,False,False,84a3e62ce078286ce2c7c91e,24,25,933.375,866.74742268041246,False,row2_col2
1165,415554,0.96611058712005604,1.2472102642059326,3656,1600,False,False,84a3e62ce078286ce2c7c91e,2,26,168.875,901.51030927835052,False,row2_col0
1166,415987,1.0229023694992063,1.1377022266387939,1590,416,False,False,06a76bf899fbda6d8aa83969,19,7,785.96875,231.43617021276594,False,row0_col1
1167,416442,1.4470432996749878,1.1955238580703735,1994,3013,False,False,06a76bf899fbda6d8aa83969,26,21,1027.90625,715.77659574468089,False,row2_col2
1168,417432,1.5002015829086304,1.4777600765228271,3939,2021,False,False,fa058e2ffd62b94a6405ac61,24,20,976.375,667.93298969072168,False,row2_col2
1169,417538,1.0992585420608521,1.2644197940826416,1041,1132,False,False,fa058e2ffd62b94a6405ac61,2,24,211.875,806.98453608247416,False,row2_col0
1170,417788,0.36827710270881647,1.0226203203201294,1641,226,False,False,fa058e2ffd62b94a6405ac61,28,31,1115.375,1050.3247422680411,True,padding_center
1171,417819,0.38071048259735102,1.4634809494018557,1387,15,False,False,985af2bec00e007d5a2584c9,27,0,1073.046875,-18.089005235602087,True,padding_center
1172,418027,0.89233052730560303,1.1148275136947632,885,119,False,False,985af2bec00e007d5a2584c9,11,7,518.546875,224.08900523560209,False,row0_col1
1173,418727,0.55540412664413452,1.2787914276123049,3602,1700,False,False,985af2bec00e007d5a2584c9,7,29,379.921875,985.21989528795814,True,padding_center
1174,419245,1.0733864307403564,1.0105377435684204,995,1612,False,False,d03761371d8aa9c1e3445f8d,13,13,570.015625,433.07027027027027,False,row1_col1
1175,419754,0.3920653760433197,1.080640435218811,1676,226,False,False,d03761371d8aa9c1e3445f8d,10,29,466.234375,987.27567567567564,True,padding_center
1176,419793,0.26521977782249451,0.71010375022888184,1861,226,False,False,d03761371d8aa9c1e3445f8d,17,30,708.390625,1021.9135135135135,True,padding_center
1177,419846,0.25685402750968928,1.1902339458465576,208,1706,False,False,cca4df1af11b6f70d6b2fea3,6,0,328.46875,-24.463157894736838,True,padding_center
1178,421813,0.65100961923599243,1.329444408416748,3708,1700,False,False,819d5eb6d1fc6bee06f079d2,21,29,830.765625,975.55384615384617,True,padding_center
1179,422185,0.91901570558547963,1.2751986980438232,3980,1375,False,False,adea380903a21f32cbcdb240,9,9,439.125,283.125,False,row0_col0
1180,422229,1.2478295564651487,1.3399949073791504,3915,1488,False,False,adea380903a21f32cbcdb240,21,10,856.125,317.875,False,row0_col2
1181,422494,0.75211483240127563,0.96900248527526844,1203,659,False,False,adea380903a21f32cbcdb240,30,18,1168.875,595.875,False,row1_col2
1182,422589,1.2537637948989868,1.2608290910720823,780,1866,False,False,adea380903a21f32cbcdb240,29,21,1134.125,700.125,False,row2_col2
1183,422624,0.92933255434036244,1.0524352788925171,110,3433,False,False,adea380903a21f32cbcdb240,0,23,126.375,769.625,False,row2_col0
1184,422722,1.076712965965271,1.2772897481918335,3656,1600,False,False,adea380903a21f32cbcdb240,2,26,195.875,873.875,False,row2_col0
1185,424150,1.0260249376296997,1.1264216899871826,507,3486,False,False,bcf903efa792910c09f1c106,22,6,879.875,174.02747252747253,False,row0_col2
1186,425191,0.98361998796463002,1.0849113464355469,1337,1021,False,False,0acf69b3484e7f24b68c1255,7,7,392.328125,230.91666666666669,False,row0_col0
1187,425902,0.45272314548492432,1.2510950565338137,3803,1700,False,False,0acf69b3484e7f24b68c1255,14,29,636.234375,997.25,True,padding_center
1188,426325,1.0097805261611938,1.20060133934021,3915,1488,False,False,d8ff8af48bd325dbbb696129,21,10,881.78125,339.57754010695191,False,row0_col2
1189,426485,1.2028589248657229,1.1325838565826416,1741,1812,False,False,d8ff8af48bd325dbbb696129,21,15,881.78125,512.83957219251329,False,row1_col2
1190,426953,0.3318905234336853,0.62382334470748901,579,226,False,False,d8ff8af48bd325dbbb696129,9,30,465.53125,1032.6256684491977,True,padding_center
1191,427362,1.2847803831100464,1.4512414932250977,2364,2147,False,False,a8bb3126ece458be91eaa829,2,11,211.859375,370.21989528795814,False,row0_col0
1192,428110,0.55541026592254628,0.81869697570800781,1984,286,False,False,ee23df9242f129c4a8e65a88,14,2,620.875,49.790575916230367,True,padding_center
1193,428697,1.0763753652572632,1.3699772357940674,3451,2613,False,False,ee23df9242f129c4a8e65a88,25,20,1003.125,676.30366492146595,False,row2_col2
1194,428760,0.9203108549118042,1.2218828201293943,47,185,False,False,ee23df9242f129c4a8e65a88,24,22,968.375,745.91623036649219,False,row2_col2
1195,428943,0.64825356006622314,1.1445184946060181,2537,2012,False,False,ee23df9242f129c4a8e65a88,15,28,655.625,954.75392670157066,True,padding_center
1196,429333,0.98181599378585804,1.0642631053924561,3780,2782,False,False,026bf89f372e56e84406ddb9,21,8,868.765625,257.3901098901099,False,row0_col2
1197,430092,0.2825950682163238,1.0341531038284302,2279,1706,False,False,c0a7a3a62c3795f511c0eafd,12,0,586.203125,-28.946524064171115,True,padding_center
1198,430715,1.4807474613189695,1.3046735525131226,2533,2969,False,False,c0a7a3a62c3795f511c0eafd,27,19,1106.046875,629.44919786096261,False,row1_col2
1199,431082,0.2380108088254928,1.0393425226211548,528,226,False,False,c0a7a3a62c3795f511c0eafd,10,31,516.890625,1045.2780748663101,True,padding_center
1200,431489,1.0292291641235352,1.0099284648895264,714,1046,False,False,6137c5eb29c83e0295cb116d,1,12,157.890625,405.62433862433863,False,row1_col0
1201,431545,1.1810064315795898,1.170917272567749,4092,1425,False,False,6137c5eb29c83e0295cb116d,25,13,988.140625,440.20634920634922,False,row1_col2
1202,432597,1.3316384553909302,1.1970440149307251,421,1912,False,False,e858091360537aba1a4ec74e,21,14,870.78125,483,False,row1_col2
1203,432660,1.0364547967910769,1.3543418645858765,20,959,False,False,e858091360537aba1a4ec74e,20,16,836.09375,552.33333333333326,False,row1_col1
1204,432928,0.80744057893753052,1.1859108209609983,3802,2780,False,False,e858091360537aba1a4ec74e,0,25,142.34375,864.33333333333326,False,row2_col0
1205,433410,0.94556331634521484,1.1913875341415403,69,3891,False,False,31e8cac167e6b2b2b11352b3,2,8,201.09375,271.93193717277484,False,row0_col0
1206,433643,1.03935706615448,1.1491044759750366,723,3020,False,False,31e8cac167e6b2b2b11352b3,11,15,511.03125,512.93717277486917,False,row1_col1
1207,434133,0.3397057950496673,0.74424701929092396,804,226,False,False,31e8cac167e6b2b2b11352b3,21,30,855.40625,1029.3769633507854,True,padding_center
1208,434353,1.1331405639648438,1.2779289484024048,2200,2118,False,False,7140572419651ba542cd1fdf,17,5,740.484375,159.95811518324606,False,row0_col1
1209,434476,0.84244692325592041,1.0989327430725098,3461,3864,False,False,7140572419651ba542cd1fdf,12,9,567.203125,298.5130890052356,False,row0_col1
1210,434892,1.0538809299468994,0.96962547302246083,3491,48,False,False,7140572419651ba542cd1fdf,12,22,567.203125,748.81675392670161,False,row2_col1
1211,435143,0.3595326840877533,0.57265293598175038,481,226,False,False,7140572419651ba542cd1fdf,7,30,393.921875,1025.9267015706807,True,padding_center
1212,435497,0.84267950057983387,1.2985415458679199,3980,1375,False,False,f5b415202f9796d16305892d,9,9,458.265625,305.52173913043475,False,row0_col0
1213,435507,1.1571652889251709,1.1239134073257446,392,552,False,False,f5b415202f9796d16305892d,19,9,801.703125,305.52173913043475,False,row0_col1
1214,435732,1.4953252077102659,0.964666187763214,2222,3720,False,False,f5b415202f9796d16305892d,20,16,836.046875,545.6521739130435,False,row1_col1
1215,436121,0.57662957906723022,1.2132540941238403,4,2012,False,False,f5b415202f9796d16305892d,25,28,1007.765625,957.30434782608688,True,padding_center
1216,436426,1.1475878953933716,1.1713212728500366,1519,532,False,False,a037fe56d4697f5f86f87b22,10,6,472.234375,200.13227513227514,False,row0_col0
1217,436621,1.0210119485855105,1.0871250629425049,571,1693,False,False,a037fe56d4697f5f86f87b22,13,12,576.015625,407.62433862433863,False,row1_col1
1218,436665,1.3791807889938354,1.3796721696853638,1666,1425,False,False,a037fe56d4697f5f86f87b22,25,13,991.140625,442.20634920634922,False,row1_col2
1219,437274,0.38034132122993458,1.295072078704834,810,1706,False,False,c192edd74fe8165b22e50c5a,26,0,1027.90625,-16.907216494845372,True,padding_center
1220,437306,0.4112348854541778,1.0761791467666626,665,1706,False,False,c192edd74fe8165b22e50c5a,26,1,1027.90625,17.731958762886592,True,padding_center
1221,438069,1.2077579498291016,1.389275074005127,3694,3297,False,False,c192edd74fe8165b22e50c5a,21,25,855.09375,849.07216494845363,False,row2_col2
1222,438727,1.3451671600341797,1.2839781045913696,2029,1671,False,False,0aef4825947bf8ad603e523a,7,14,391.625,470.74193548387098,False,row1_col0
1223,438998,1.059843897819519,1.1963239908218384,821,2230,False,False,0aef4825947bf8ad603e523a,22,22,912.875,749.45161290322574,False,row2_col2
1224,439042,0.96952003240585316,1.068742036819458,1041,3039,False,False,0aef4825947bf8ad603e523a,2,24,217.875,819.12903225806451,False,row2_col0
1225,439240,0.3147450983524322,0.6931498646736145,579,226,False,False,0aef4825947bf8ad603e523a,8,30,426.375,1028.1612903225805,True,padding_center
1226,439517,1.1708041429519651,1.4485028982162476,249,3479,False,False,91b902f7a2f5112ece6e0093,29,6,1167.359375,209.60540540540541,False,row0_col2
1227,439765,1.1719579696655271,1.4861975908279419,421,392,False,False,91b902f7a2f5112ece6e0093,21,14,890.109375,486.70810810810815,False,row1_col2
1228,440726,0.88308924436569214,1.2800939083099363,3827,1628,False,False,78b30cfbd744741692ca9e79,22,12,876.359375,402.86956521739131,False,row1_col2
1229,441028,1.04591965675354,1.0644669532775879,2516,2931,False,False,78b30cfbd744741692ca9e79,4,22,253.671875,748.95652173913049,False,row2_col0
1230,441057,1.1411091089248655,1.2452386617660522,1800,3433,False,False,78b30cfbd744741692ca9e79,1,23,149.890625,783.56521739130437,False,row2_col0
1231,441358,0.223537728190422,0.99887698888778675,3435,1706,False,False,15b75700160ecc173a4d52a1,14,0,599.609375,-6.9465240641711148,True,padding_center
1232,441468,0.56031966209411621,0.95737725496292125,1904,35,False,False,15b75700160ecc173a4d52a1,28,3,1083.921875,97.010695187165766,True,padding_center
1233,442335,0.30682364106178278,1.1612606048583984,3942,1415,False,False,15b75700160ecc173a4d52a1,31,30,1187.703125,1032.6256684491977,True,padding_center
1234,442760,1.1266499757766724,1.400815486907959,619,2234,False,False,a0da085ada2e7121eea570e2,8,12,400.84375,414.33333333333331,False,row1_col0
1235,442942,0.73301029205322255,1.2967269420623779,423,659,False,False,a0da085ada2e7121eea570e2,30,17,1163.96875,587.66666666666674,False,row1_col2
1236,443525,0.72955596446990956,1.2742468118667605,3474,2501,False,False,bcd30516eaad32359ff58603,5,4,283.09375,129.32972972972973,False,row0_col0
1237,443799,0.93408071994781483,1.1700857877731323,2173,984,False,False,bcd30516eaad32359ff58603,23,12,905.21875,406.43243243243245,False,row1_col2
1238,444291,0.86652439832687367,1.4341455698013306,1871,2012,False,False,bcd30516eaad32359ff58603,3,28,213.96875,960.63783783783788,True,padding_center
1239,444833,1.2645448446273804,1.0533117055892944,3663,1677,False,False,68156206f643fb334d0eae7f,1,13,134.21875,433.64864864864865,False,row1_col0
1240,445568,0.69010400772094715,1.0295724868774414,1054,3444,False,False,7fc04af711a80e358348051d,0,4,145.296875,120.32795698924731,False,row0_col0
1241,445634,0.52856916189193714,1.2573922872543335,2473,2387,False,False,7fc04af711a80e358348051d,2,6,214.484375,189.57526881720429,False,row0_col0
1242,445646,1.218207836151123,1.2167359590530396,3894,3372,False,False,7fc04af711a80e358348051d,14,6,629.609375,189.57526881720429,False,row0_col1
1243,446135,1.0904456377029419,1.4194573163986206,1578,3546,False,False,7fc04af711a80e358348051d,23,21,940.953125,708.93010752688178,False,row2_col2
1244,446207,0.81872385740280151,0.99066472053527843,974,1564,False,False,7fc04af711a80e358348051d,31,23,1217.703125,778.17741935483878,False,row2_col2
1245,446793,1.0593271255493164,1.4648600816726685,860,1405,False,False,d20cb62a0da43f7b5a35995c,9,10,464.71875,349.67357512953367,False,row0_col0
1246,447008,0.95432430505752563,1.09150230884552,2259,2421,False,False,d20cb62a0da43f7b5a35995c,0,17,151.40625,593.40414507772016,False,row1_col0
1247,447055,1.0806897878646853,1.3203988075256348,2429,1591,False,False,d20cb62a0da43f7b5a35995c,15,18,673.59375,628.22279792746122,False,row1_col1
1248,447324,1.1125141382217407,1.2216393947601318,2227,2703,False,False,d20cb62a0da43f7b5a35995c,28,26,1126.15625,906.77202072538864,False,row2_col2
1249,447550,0.358359694480896,0.49455356597900391,1012,2547,False,False,558b808638166f54dfdd8633,30,1,1168.875,25.984293193717278,True,padding_center
1250,449466,0.64139962196350087,1.272540807723999,876,226,False,False,a54c971a682d36aeda7976b7,26,29,1008.90625,990.29508196721315,True,padding_center
1251,449565,0.22275052964687339,1.2792479991912842,342,2547,False,False,5dcfc0e65ab4ebc09fc86fbe,29,0,1142.359375,-23.060439560439562,True,padding_center
1252,449583,0.41444981098175038,0.62963628768920887,3584,1706,False,False,5dcfc0e65ab4ebc09fc86fbe,15,1,657.171875,11.62087912087911,True,padding_center
1253,450773,1.1850740909576416,1.0661742687225342,2019,3486,False,False,522e7bdad7dff218da16d20c,21,6,848.78125,204.24590163934425,False,row0_col2
1254,450937,0.80183207988739014,1.3352192640304563,382,488,False,False,522e7bdad7dff218da16d20c,25,11,987.53125,377.36065573770492,False,row0_col2
1255,451315,0.98162186145782482,1.1156278848648071,1866,2292,False,False,522e7bdad7dff218da16d20c,19,23,779.40625,792.8360655737705,False,row2_col1
1256,451604,0.30409911274909968,1.0898653268814087,2096,1706,False,False,36a1385eef8168000ac9d2ff,20,0,801.296875,-5.3247422680412484,True,padding_center
1257,452247,1.3860001564025879,1.508177638053894,1562,3817,False,False,36a1385eef8168000ac9d2ff,23,20,905.828125,689.93298969072168,False,row2_col2
1258,452521,0.62706178426742554,1.1969345808029177,1370,2012,False,False,36a1385eef8168000ac9d2ff,9,29,418.015625,1002.7989690721649,True,padding_center
1259,453008,1.0997632741928101,1.3320996761322019,3537,3091,False,False,6cdb89370c1447e2daa1d31d,16,12,660.28125,416.47058823529414,False,row1_col1
1260,453319,0.9975857138633728,0.92730993032455444,360,3534,False,False,6cdb89370c1447e2daa1d31d,7,22,349.21875,761.28342245989302,False,row2_col0
1261,453414,1.1096851825714111,0.59883415699005116,1236,2164,False,False,6cdb89370c1447e2daa1d31d,6,25,314.65625,864.72727272727275,False,row2_col0
1262,455201,1.0496091842651367,1.3217384815216064,377,1331,False,False,beb1e4bf2c0ec18579f745bf,1,17,146.890625,570.91304347826076,False,row1_col0
1263,456331,1.1310464143753052,1.2269299030303955,456,152,False,False,f350543d4e926bfe063bea83,11,20,480.546875,684.28042328042329,False,row2_col1
1264,456858,0.86098015308380116,0.94670623540878285,2430,2501,False,False,8edb3f5616a73b2e02e42c87,26,4,1016.390625,137.66310160427807,False,row0_col2
1265,457649,0.35657566785812372,1.1534860134124756,1184,1700,False,False,8edb3f5616a73b2e02e42c87,17,29,704.484375,1003.9732620320856,True,padding_center
1266,458210,1.0336928367614746,1.2386643886566162,2708,2403,False,False,efab8b57a05312e6e2d6ff9c,2,15,148.859375,520.29999999999995,False,row1_col0
1267,458334,0.89963507652282715,1.1699386835098269,2892,659,False,False,efab8b57a05312e6e2d6ff9c,30,18,1110.484375,623.5,False,row1_col2
1268,458779,0.1976947486400604,1.345075249671936,2858,1706,False,False,c3cb302619dac53bc3e9a2b8,27,0,1039.15625,17.542553191489361,True,padding_center
1269,460905,0.9132118821144104,1.1731166839599607,2836,2737,False,False,439720347b525b459d2cd2a2,9,3,487.375,130.42564102564103,True,padding_center
1270,461981,1.2261329889297483,1.0777901411056521,3033,3820,False,False,cdd3402e4d0aa4a5fbc61954,29,4,1085.140625,143.85714285714286,False,row0_col2
1271,463065,1.0236848592758181,1.2360267639160156,3039,2860,False,False,f06dd4b0ff466537119cc2af,25,6,975.375,214.75268817204301,False,row0_col2
1272,463170,1.7817381620407104,1.365634560585022,2946,1195,False,False,f06dd4b0ff466537119cc2af,2,10,187.625,351.69892473118279,False,row0_col0
1273,463453,1.4527705907821655,1.4217751026153564,2510,451,False,False,f06dd4b0ff466537119cc2af,29,18,1112.375,625.5913978494624,False,row1_col2
1274,463914,0.30500096082687372,0.67170834541320801,2927,1706,False,False,7a0f74886ddf2564aac2dcae,10,1,455.953125,49.764705882352942,True,padding_center
1275,464375,1.6732310056686399,0,3147,957,False,True,7a0f74886ddf2564aac2dcae,23,15,901.609375,529.50802139037432,False,row1_col2
1276,464574,1.2129876613616943,1.3919605016708374,2594,521,False,False,7a0f74886ddf2564aac2dcae,30,21,1141.578125,735.11229946524065,False,row2_col2
1277,464601,0.98857116699218761,1.0137697458267212,3043,2030,False,False,7a0f74886ddf2564aac2dcae,25,22,970.171875,769.37967914438502,False,row2_col2
1278,464780,0.72045212984085083,1.115268349647522,3369,2012,False,False,7a0f74886ddf2564aac2dcae,12,28,524.515625,974.98395721925124,True,padding_center
1279,466213,1.9674328565597536,1.1933566331863403,3250,3958,False,False,f811b6561edd9f797ff5e802,5,9,306.890625,312.063829787234,False,row0_col0
1280,467138,1.2187066078186035,1.066698431968689,696,2041,False,False,55697275b8b27562c9eb1a4c,2,6,189.9375,213.14583333333334,False,row0_col0
1281,467203,1.4362587928771973,1.3304756879806521,3115,476,False,False,55697275b8b27562c9eb1a4c,3,8,224.3125,282.0625,False,row0_col0
1282,468429,0.83143496513366688,1.1044293642044067,2620,3251,False,False,ef419c8f615496747f6510c0,13,14,590.53125,489.92513368983953,False,row1_col1
1283,468483,1.1714017391204834,1.1327985525131226,2745,3663,False,False,ef419c8f615496747f6510c0,3,16,248.65625,558.20320855614978,False,row1_col0
1284,469120,0.71524322032928456,1.1790814399719238,1054,3444,False,False,621fde1bd00dce28d45409a7,0,4,141.203125,145.30645161290323,False,row0_col0
1285,469510,1.5026742219924929,1.5271837711334229,3111,2721,False,False,621fde1bd00dce28d45409a7,6,16,347.640625,558.72580645161293,False,row1_col0
1286,469645,1.4488445520401001,1.1576379537582395,2676,2014,False,False,621fde1bd00dce28d45409a7,13,20,588.484375,696.53225806451621,False,row2_col1
1287,469794,1.230796217918396,1.2656913995742798,2984,3592,False,False,621fde1bd00dce28d45409a7,2,25,210.015625,868.79032258064512,False,row2_col0
1288,469939,0.52602267265319824,0.98906373977661122,2933,1700,False,False,621fde1bd00dce28d45409a7,19,29,794.921875,1006.5967741935483,True,padding_center
1289,470417,1.7399256229400637,1.3936328887939451,3110,1091,False,False,7b4398b5f7d90eaafd6f9de7,17,12,761.375,418.87096774193549,False,row1_col1
1290,471351,0.96916055679321278,1.2350364923477173,2552,2673,False,False,c7f35be6760fdb85307e2d49,23,9,912.609375,323.063829787234,False,row0_col2
1291,471457,0.96836429834365845,1.1931570768356323,3062,1672,False,False,c7f35be6760fdb85307e2d49,1,13,158.421875,460.25531914893617,False,row1_col0
1292,471780,1.0029125213623049,1.1597975492477417,2736,3292,False,False,c7f35be6760fdb85307e2d49,4,23,261.265625,803.23404255319156,False,row2_col0
1293,472402,1.4812906980514526,1.1772174835205078,3350,1193,False,False,77f12352984de874b6cd5378,18,10,782.203125,352.57142857142856,False,row0_col1
1294,472802,0.90787976980209362,1.2555508613586426,2881,389,False,False,77f12352984de874b6cd5378,2,23,233.703125,798.28571428571433,False,row2_col0
1295,473625,1.7958149909973145,1.3628906011581421,2554,4057,False,False,1d12ec902c3113b35c317ef8,25,16,992.78125,553.05263157894728,False,row1_col2
1296,473847,1.2325780391693115,1.4413176774978638,2971,2736,False,False,1d12ec902c3113b35c317ef8,23,23,924.40625,791.78947368421052,False,row2_col2
1297,473861,1.0124027729034424,1.176262378692627,2737,2055,False,False,1d12ec902c3113b35c317ef8,5,24,309.03125,825.89473684210532,False,row2_col0
1298,475632,0.90009492635726918,1.0106961727142334,3321,923,False,False,73937759020f473dae5c179a,16,15,643.578125,516.9473684210526,False,row1_col1
1299,476000,0.92434793710708596,0.86373287439346313,2132,865,False,False,73937759020f473dae5c179a,0,27,97.078125,926.21052631578948,False,row2_col0
1300,476056,0.78788131475448597,1.0313897132873535,2974,2012,False,False,73937759020f473dae5c179a,24,28,916.828125,960.31578947368428,True,padding_center
1301,477220,0.40586057305335987,1.0466684103012085,771,1706,False,False,4232070a33fbc4fa24180e8d,4,1,253.96875,42.191709844559583,True,padding_center
1302,477316,0.85450416803359985,1.2092964649200439,3109,786,False,False,4232070a33fbc4fa24180e8d,4,4,253.96875,145.52849740932643,False,row0_col0
1303,477728,0.79240322113037098,1.3300280570983889,3035,367,False,False,4232070a33fbc4fa24180e8d,0,17,116.21875,593.32124352331607,False,row1_col0
1304,478046,1.1034476757049561,1.3156681060791016,1930,266,False,False,4232070a33fbc4fa24180e8d,30,26,1149.34375,903.33160621761658,False,row2_col2
1305,478300,0.77736306190490723,0.58265811204910267,2850,2162,False,False,246ad0c43ef94471a87d00f3,28,2,1122.125,81.032085561497325,True,padding_center
1306,478492,1.3812012672424316,1.1253973245620728,2806,528,False,False,246ad0c43ef94471a87d00f3,28,8,1122.125,286.63636363636363,False,row0_col2
1307,478621,1.9872933626174929,1.1091183423995972,2627,3425,False,False,246ad0c43ef94471a87d00f3,29,12,1156.375,423.70588235294122,False,row1_col2
1308,480024,1.1884753704071045,1.2099543809890747,2834,1265,False,False,516089d2e2e2c9755fbd5142,24,24,959.421875,834.531914893617,False,row2_col2
1309,480881,1.2924704551696775,1.3320070505142212,2962,3051,False,False,7361af587e04e93382fe2d91,17,19,709.65625,655.65979381443299,False,row1_col1
1310,480965,1.0708264112472534,1.2661987543106079,3290,812,False,False,7361af587e04e93382fe2d91,5,22,296.40625,759.08247422680415,False,row2_col0
1311,481058,1.2217499017715454,1.3767391443252563,2905,794,False,False,7361af587e04e93382fe2d91,2,25,193.09375,862.50515463917532,False,row2_col0
1312,481349,0.76836574077606201,1.1773781776428225,529,1334,False,False,0493c50e4f0350b831275383,5,2,335.609375,69.280000000000001,True,padding_center
1313,482063,1.4499210119247437,1.5950926542282104,2797,3356,False,False,0493c50e4f0350b831275383,15,24,682.171875,833.12,False,row2_col1
1314,482081,1.101992130279541,1.1833087205886841,2845,1132,False,False,0493c50e4f0350b831275383,1,25,196.984375,867.84000000000003,False,row2_col0
1315,484266,0.59953504800796498,1.1524192094802856,2637,1700,False,False,7b57de0d35adaa2f8254baa8,10,29,557.625,1001.2513368983958,True,padding_center
1316,484449,0.71761167049407948,0.95316970348358165,3891,706,False,False,0d760570a7d92d299c04d427,1,3,183.234375,115.22279792746114,True,padding_center
1317,486163,1.0114504098892212,1.0925662517547607,2562,1202,False,False,8ce9e51dbad44f0e4107d965,19,24,753.484375,833.50785340314133,False,row2_col1
1318,486468,0.56670069694519043,1.0083819627761841,2401,2162,False,False,9ac9ebb9578650063235ec30,4,2,248.546875,79.356020942408378,True,padding_center
1319,486521,0.8601115345954895,1.1186244487762451,2587,35,False,False,9ac9ebb9578650063235ec30,25,3,969.765625,113.78534031413612,True,padding_center
1320,487588,1.1248321533203125,1.2524433135986328,3194,68,False,False,cbe7415bc3817302e0c76f2d,4,5,282.84375,180.63730569948189,False,row0_col0
1321,487660,1.0879625082015991,1.2310104370117188,2617,3610,False,False,cbe7415bc3817302e0c76f2d,12,7,556.34375,249.11398963730571,False,row0_col1
1322,487922,1.7540395259857178,1.2087887525558472,3167,2889,False,False,cbe7415bc3817302e0c76f2d,18,15,761.46875,523.02072538860102,False,row1_col1
1323,488274,1.2288492918014526,1.2575311660766602,3273,1250,False,False,cbe7415bc3817302e0c76f2d,18,26,761.46875,899.64248704663214,False,row2_col1
1324,488632,1.0431638956069946,1.103925347328186,3179,3149,False,False,49f213bf9b926dc2b4b2d138,24,5,992.421875,185.87234042553192,False,row0_col2
1325,488909,0.86548179388046265,1.1386947631835938,3209,133,False,False,49f213bf9b926dc2b4b2d138,13,14,614.640625,494.55319148936172,False,row1_col1
1326,489474,0.25904795527458191,0.91234040260314941,718,15,False,False,113ae33369eea4ce7f0b6955,2,0,181.859375,12.714285714285722,True,padding_center
1327,489540,0.5705527663230896,1.0831305980682373,1955,2162,False,False,113ae33369eea4ce7f0b6955,4,2,250.546875,81.285714285714292,True,padding_center
1328,489702,1.0994843244552612,1.1660758256912231,3244,3186,False,False,113ae33369eea4ce7f0b6955,6,7,319.234375,252.71428571428572,False,row0_col0
1329,489750,1.1426676511764526,1.1825666427612305,2639,3703,False,False,113ae33369eea4ce7f0b6955,22,8,868.734375,287,False,row0_col2
1330,489889,1.1235281229019165,1.21750807762146,3062,3855,False,False,113ae33369eea4ce7f0b6955,1,13,147.515625,458.42857142857139,False,row1_col0
1331,489979,1.3403640985488892,1.4532880783081057,3041,14,False,False,113ae33369eea4ce7f0b6955,27,15,1040.453125,527,False,row1_col2
1332,490426,0.64148736000061035,1.1476814746856687,3274,3879,False,False,113ae33369eea4ce7f0b6955,26,29,1006.109375,1007.0000000000001,True,padding_center
1333,491006,1.2039914131164553,1.4024837017059326,3007,1420,False,False,f93c3ed6d29f639d27608bfa,30,15,1143.484375,527.29591836734699,False,row1_col2
1334,491378,1.0308455228805542,1.0681482553482056,3282,3441,False,False,f93c3ed6d29f639d27608bfa,18,27,731.359375,940.19387755102036,False,row2_col1
1335,491622,0.73152881860733032,1.2445871829986572,2716,1840,False,False,af227d5d2da548642af3d8e8,6,3,279.265625,107.70157068062827,True,padding_center
1336,491848,1.182195782661438,1.2057056427001951,2988,28,False,False,af227d5d2da548642af3d8e8,8,10,348.578125,349.87958115183244,False,row0_col0
1337,492024,2.0834448337554932,1.4283486604690552,2819,1758,False,False,af227d5d2da548642af3d8e8,24,15,903.078125,522.86387434554968,False,row1_col2
1338,492169,0.85591846704483032,0.85163050889968872,3218,3591,False,False,af227d5d2da548642af3d8e8,9,20,383.234375,695.84816753926702,False,row2_col0
1339,492246,1.3358650207519531,1.3664571046829224,2785,2944,False,False,af227d5d2da548642af3d8e8,22,22,833.765625,765.04188481675396,False,row2_col2
1340,492339,1.2459619045257568,1.3735054731369021,2985,490,False,False,af227d5d2da548642af3d8e8,19,25,729.796875,868.83246073298426,False,row2_col1
1341,494498,0.81015396118164062,0.53699374198913574,695,3879,False,False,af3de41611057662e83c573b,2,29,159.46875,999.94680851063833,True,padding_center
1342,494541,0.41558393836021418,0.83466118574142445,3038,226,False,False,af3de41611057662e83c573b,13,30,535.53125,1034.2021276595742,True,padding_center
1343,495532,0.49224531650543207,1.0622986555099487,2851,1700,False,False,17686a11fc83b9f929d8d85e,12,29,590.125,1005.1935483870967,True,padding_center
1344,495876,1.5423088073730469,1.1243377923965454,2601,1037,False,False,152a6af5fd08ee8687052c5c,4,8,277.703125,291.86170212765956,False,row0_col0
1345,495959,1.3654937744140625,1.2665184736251831,2873,676,False,False,152a6af5fd08ee8687052c5c,23,10,926.671875,360.031914893617,False,row0_col2
1346,496447,0.65917736291885365,1.1761472225189209,2568,3109,False,False,152a6af5fd08ee8687052c5c,31,25,1199.921875,871.30851063829789,False,row2_col2
1347,496498,0.89798820018768311,1.1560678482055664,2999,717,False,False,152a6af5fd08ee8687052c5c,18,27,755.890625,939.47872340425533,False,row2_col1
1348,496723,0.41432121396064753,1.0760511159896853,2680,2162,False,False,2b2d0a01139cb06591c16929,19,2,763.828125,82.629629629629633,True,padding_center
1349,497543,0.95531582832336415,1.0091288089752195,3212,2012,False,False,2b2d0a01139cb06591c16929,7,28,354.703125,968.55555555555566,True,padding_center
1350,497738,0.3597063422203064,1.1955958604812622,2910,2162,False,False,df2dd66a2f9f4acffc6fdb65,10,2,493.640625,80.256684491978618,True,padding_center
1351,498182,1.601292610168457,1.4641286134719849,3111,3019,False,False,df2dd66a2f9f4acffc6fdb65,6,16,357.015625,558.20320855614978,False,row1_col0
1352,498336,0.73553937673568714,1.2546762228012085,2751,3433,False,False,df2dd66a2f9f4acffc6fdb65,0,21,152.078125,728.89839572192511,False,row2_col0
1353,498764,0.53892618417739857,1.1888207197189331,2910,2162,False,False,fae0767fbbc62b038bf2e8d7,12,2,528.296875,84.032085561497325,True,padding_center
1354,498789,0.6704222559928894,1.2385294437408447,2824,2646,False,False,fae0767fbbc62b038bf2e8d7,5,3,287.890625,118.29946524064171,True,padding_center
1355,499188,1.9995822906494141,1.2944767475128174,2996,2558,False,False,fae0767fbbc62b038bf2e8d7,20,15,803.046875,529.50802139037432,False,row1_col1
1356,500078,1.3977209329605105,1.226460337638855,2981,2358,False,False,94b7f239fa8a30f58007d290,14,11,591.71875,396.64921465968587,False,row0_col1
1357,500377,1.4003607034683228,0.91810107231140115,3064,81,False,False,94b7f239fa8a30f58007d290,25,20,967.78125,704.62827225130889,False,row2_col2
1358,500749,0.20816938579082481,1.060230016708374,2935,1706,False,False,d8aec49d4eabf940e94e99b9,13,0,571.53125,12.497326203208559,True,padding_center
1359,500924,0.82730120420455933,1.0227663516998291,3130,1800,False,False,d8aec49d4eabf940e94e99b9,28,5,1084.34375,183.83422459893049,False,row0_col2
1360,501067,1.1241458654403689,1.3058689832687378,3101,1846,False,False,d8aec49d4eabf940e94e99b9,11,10,503.15625,355.17112299465242,False,row0_col1
1361,501347,0.75970155000686646,1.1861624717712402,3120,1356,False,False,d8aec49d4eabf940e94e99b9,3,19,229.65625,663.57754010695191,False,row1_col0
1362,501467,1.6598756313323977,1.1608010530471802,3198,3287,False,False,d8aec49d4eabf940e94e99b9,27,22,1050.15625,766.37967914438502,False,row2_col2
1363,502644,1.0203845500946045,1.2735408544540403,2856,3441,False,False,5749ca6a1c4e4e10cf0ec75d,20,27,850.765625,938.42857142857144,False,row2_col1
1364,502881,0.79557794332504272,0.9590974450111388,3099,706,False,False,d6dbdc0bd6330963f936dfc9,1,3,149.890625,103.35384615384615,True,padding_center
1365,504370,0.94196248054504395,1.0405961275100708,3081,65,False,False,5ab20c40b2d117b504740ca4,18,17,747.09375,598.39344262295072,False,row1_col1
1366,504677,0.97440606355667125,1.2988091707229614,2679,2012,False,False,5ab20c40b2d117b504740ca4,5,27,299.40625,943.31147540983602,True,padding_center
1367,504975,0.82100790739059437,1.1419843435287476,2572,786,False,False,5addf17fbe747cbcb767afaf,15,4,642.328125,144.15183246073298,False,row0_col1
1368,504984,0.87766540050506592,1.1131047010421753,3268,786,False,False,5addf17fbe747cbcb767afaf,24,4,951.421875,144.15183246073298,False,row0_col2
1369,505059,1.1809906959533691,1.2861634492874146,2687,2948,False,False,5addf17fbe747cbcb767afaf,3,7,230.203125,247.06282722513089,False,row0_col0
1370,505111,0.92215365171432484,1.2763364315032959,2553,3484,False,False,5addf17fbe747cbcb767afaf,23,8,917.078125,281.3664921465969,False,row0_col2
1371,505135,1.5086026191711426,1.2238880395889282,2802,2541,False,False,5addf17fbe747cbcb767afaf,15,9,642.328125,315.67015706806285,False,row0_col1
1372,505498,1.4922834634780884,1.1666030883789062,3082,3349,False,False,5addf17fbe747cbcb767afaf,26,20,1020.109375,693.01047120418843,False,row2_col2
1373,505733,0.75817757844924916,1.0592775344848633,3212,2012,False,False,5addf17fbe747cbcb767afaf,5,28,298.890625,967.43979057591616,True,padding_center
1374,506378,1.7261413335800171,0,992,378,False,True,53e9a502e46a7b9e168d9115,10,16,453.625,565.62765957446811,False,row1_col0
1375,506505,0.92831891775131214,0.8694382905960083,3218,3591,False,False,53e9a502e46a7b9e168d9115,9,20,419.375,702.64893617021278,False,row2_col0
1376,506831,0.36070004105567932,0.81110572814941395,3038,226,False,False,53e9a502e46a7b9e168d9115,15,30,624.875,1045.2021276595742,True,padding_center
1377,507285,1.0691814422607422,0.97117036581039418,2924,540,False,False,61f217f44bf2fb9b5077b9b6,21,12,860.375,424.6894736842105,False,row1_col2
1378,507484,1.2145206928253174,1.2615693807601929,3204,3906,False,False,61f217f44bf2fb9b5077b9b6,28,18,1100.125,630.07894736842104,False,row1_col2
1379,507908,0.26061022281646717,1.3539693355560305,98,1706,False,False,f5b4ddaa2084fc1c86822eb6,4,0,302.265625,8.1249999999999858,True,padding_center
1380,508135,1.0898501873016355,1.1695454120635986,2645,2112,False,False,f5b4ddaa2084fc1c86822eb6,7,7,405.109375,247.875,False,row0_col0
1381,508947,0.18715111911296839,1.1177351474761963,2556,1706,False,False,df64943a259e759b69c57f25,19,0,787.703125,6.7142857142857224,True,padding_center
1382,509053,0.96855992078781117,1.0429356098175049,2921,35,False,False,df64943a259e759b69c57f25,29,3,1131.140625,109.57142857142857,True,padding_center
1383,509273,1.5817763805389404,1.3345977067947388,2732,2916,False,False,df64943a259e759b69c57f25,25,10,993.765625,349.57142857142856,False,row0_col2
1384,509291,0.79988741874694824,1.1219834089279177,3327,1149,False,False,df64943a259e759b69c57f25,11,11,512.953125,383.85714285714283,False,row0_col1
1385,509410,0.94175910949707042,0.94812226295471203,3047,2403,False,False,df64943a259e759b69c57f25,2,15,203.859375,521,False,row1_col0
1386,510365,1.7349144220352173,0.95723891258239735,3816,407,False,False,1159f92ec9c55b3c4702769b,29,12,1131.375,429.1720430107527,False,row1_col2
1387,510465,0.95862358808517445,1.2108511924743652,3289,570,False,False,1159f92ec9c55b3c4702769b,1,16,172.375,566.11827956989248,False,row1_col0
1388,510643,1.3456578254699707,1.2839256525039673,3009,2744,False,False,1159f92ec9c55b3c4702769b,19,21,788.875,737.30107526881716,False,row2_col1
1389,510895,0.68742752075195312,0.69182670116424561,3097,1700,False,False,1159f92ec9c55b3c4702769b,15,29,651.875,1011.1935483870967,True,padding_center
1390,511139,0.93712919950485218,1.2219998836517334,3194,68,False,False,7e205d3f86dfa2c6e030bdfc,3,5,243.546875,179.14136125654449,False,row0_col0
1391,511507,0.9915320873260498,1.0657354593276978,3042,2586,False,False,7e205d3f86dfa2c6e030bdfc,19,16,790.046875,554.17801047120417,False,row1_col1
1392,511880,0.8912237286567688,0.97403687238693237,3212,2012,False,False,7e205d3f86dfa2c6e030bdfc,8,28,414.328125,963.30890052356017,True,padding_center
1393,512078,0.43749430775642389,1.2151515483856199,3045,2162,False,False,91decb18deafedf261951d4d,14,2,579.625,84.032085561497325,True,padding_center
1394,512274,1.1251353025436399,1.444088339805603,2928,3890,False,False,91decb18deafedf261951d4d,18,8,716.625,289.63636363636363,False,row0_col1
1395,512288,1.1151658296585083,0.91039156913757324,2771,3503,False,False,91decb18deafedf261951d4d,0,9,100.125,323.903743315508,False,row0_col0
1396,513015,0.37277132272720331,0.97419911623001076,3434,226,False,False,91decb18deafedf261951d4d,23,31,887.875,1077.7860962566845,True,padding_center
1397,513689,1.2918093204498291,0.84877979755401611,3064,81,False,False,43a8d937bdc326d6174ea535,25,20,1022.171875,697.34042553191489,False,row2_col2
1398,514462,1.4909930229187012,1.1949150562286377,113,913,False,False,80f88014c0d14ab592726fe3,30,12,1149.484375,429.70588235294122,False,row1_col2
1399,514578,1.2318115234375,1.1742013692855835,3081,621,False,False,80f88014c0d14ab592726fe3,18,16,737.359375,566.77540106951869,False,row1_col1
1400,514850,1.1385495662689209,1.2646092176437378,2905,3592,False,False,80f88014c0d14ab592726fe3,2,25,187.859375,875.18181818181813,False,row2_col0
1401,515981,0.80564886331558216,1.3195332288742063,2867,2012,False,False,0e2145f7a61e9d7634649dca,13,28,549.53125,976.11891891891889,True,padding_center
1402,516261,1.0313106775283811,1.1732947826385498,3269,68,False,False,8bb55828650e42ce1359edc9,5,5,325.546875,175.83422459893049,False,row0_col0
1403,516323,0.9951971173286438,0.99620628356933605,2895,2948,False,False,8bb55828650e42ce1359edc9,3,7,256.984375,244.36898395721926,False,row0_col0
1404,517608,1.8898141384124756,1.6594772338867188,3679,2137,False,False,f4df64b5ff783c747eb82df3,8,15,442.921875,528.85106382978734,False,row1_col0
1405,517764,1.7484767436981199,1.4224503040313721,2796,432,False,False,f4df64b5ff783c747eb82df3,4,20,305.546875,700.34042553191489,False,row2_col0
1406,517897,0.95620459318161,1.1392539739608765,3349,2512,False,False,f4df64b5ff783c747eb82df3,9,24,477.265625,837.531914893617,False,row2_col0
1407,518233,0.46635222434997547,1.0263522863388062,2948,2162,False,False,8e28fe67259d0c825fe1bd0b,25,2,949.359375,80.597938144329902,True,padding_center
1408,519118,0.52273333072662354,0.9629090428352356,3038,226,False,False,8e28fe67259d0c825fe1bd0b,14,30,570.890625,1045.8762886597938,True,padding_center
1409,519679,0.92688602209091175,1.2038958072662354,2912,2913,False,False,f90b9ab0071176524a75e54f,31,15,1172.875,530.52879581151831,False,row1_col2
1410,519757,1.0379356145858765,1.1415301561355593,3054,3910,False,False,f90b9ab0071176524a75e54f,13,18,556.375,633.18848167539272,False,row1_col1
1411,519984,1.0953187942504885,1.1841791868209841,3139,117,False,False,f90b9ab0071176524a75e54f,16,25,659.125,872.72774869109946,False,row2_col1
1412,520145,0.44781762361526478,0.8757551908493042,3038,226,False,False,f90b9ab0071176524a75e54f,17,30,693.375,1043.8272251308902,True,padding_center
1413,520225,0.26917356252670283,0.82193475961685181,719,746,False,False,faf3e3da73ae229e7fc9da66,1,1,169.421875,49.764705882352942,True,padding_center
1414,520432,1.0476058721542358,1.225300669670105,2624,2596,False,False,faf3e3da73ae229e7fc9da66,16,7,683.640625,255.36898395721926,False,row0_col1
1415,521134,0.61014801263809204,0.74181294441223145,2879,1700,False,False,faf3e3da73ae229e7fc9da66,14,29,615.078125,1009.2513368983958,True,padding_center
1416,521494,0.99948477745056163,1.1885716915130615,2639,811,False,False,eb0351acb0beefb86ab98462,22,8,878.328125,280.58510638297872,False,row0_col2
1417,521819,0.89933651685714722,0.81571769714355458,2560,2576,False,False,eb0351acb0beefb86ab98462,27,18,1049.734375,623.13829787234044,False,row1_col2
1418,522011,1.1043292284011841,1.2930854558944702,2610,2008,False,False,eb0351acb0beefb86ab98462,27,24,1049.734375,828.67021276595744,False,row2_col2
1419,522163,0.58237814903259266,0.89392620325088501,2933,1700,False,False,eb0351acb0beefb86ab98462,19,29,775.484375,999.94680851063833,True,padding_center
1420,522401,0.99466979503631603,1.2248848676681521,1168,2046,False,False,84260c9ea667e4b1cdc99d6e,1,5,166.421875,177.81914893617022,False,row0_col0
1421,523060,1.2944754362106323,1.2510589361190796,2920,3447,False,False,84260c9ea667e4b1cdc99d6e,20,25,817.765625,862.92553191489367,False,row2_col1
1422,524044,1.502623438835144,1.3783639669418335,3106,654,False,False,df913345c4c2be5eeed41459,12,24,564.203125,839.71502590673583,False,row2_col1
1423,524072,1.03339684009552,1.1365234851837158,3105,1733,False,False,df913345c4c2be5eeed41459,8,25,425.578125,874.36787564766837,False,row2_col0
1424,524339,0.35680150985717768,0.80044567584991455,2598,1706,False,False,6393cda3292692bfb1ba6fc7,19,1,817.65625,39.473684210526315,True,padding_center
1425,524368,0.42520341277122492,1.1002540588378906,2680,2162,False,False,6393cda3292692bfb1ba6fc7,16,2,715.09375,73.578947368421041,True,padding_center
1426,524400,0.65656203031539906,1.2452108860015867,2558,35,False,False,6393cda3292692bfb1ba6fc7,16,3,715.09375,107.68421052631579,True,padding_center
1427,524522,1.0939972400665283,1.210267186164856,3027,696,False,False,6393cda3292692bfb1ba6fc7,10,7,509.96875,244.10526315789474,False,row0_col0
1428,524806,1.3489909172058103,1.2841800451278689,3111,3028,False,False,6393cda3292692bfb1ba6fc7,6,16,373.21875,551.05263157894728,False,row1_col0
1429,525133,1.1784956455230713,1.1466466188430786,3323,498,False,False,6393cda3292692bfb1ba6fc7,13,26,612.53125,892.1052631578948,False,row2_col1
1430,525937,1.2290998697280884,1.0190889835357666,2962,3051,False,False,e8abeda485644b2b7acbf9f4,17,19,680.734375,656.46073298429326,False,row1_col1
1431,526729,1.4451583623886108,1.593430757522583,2011,2568,False,False,5d258a6d34f1b116ab308ce4,9,12,435.375,401.60638297872339,False,row1_col0
1432,527213,0.80830270051956166,1.2348563671112061,1648,1767,False,False,5d258a6d34f1b116ab308ce4,13,27,572.375,915.436170212766,False,row2_col1
1433,527336,0.25423762202262867,0.96300148963928223,2306,226,False,False,5d258a6d34f1b116ab308ce4,8,31,401.125,1052.4574468085107,True,padding_center
1434,527431,0.62637501955032338,1.2018043994903564,1451,2162,False,False,cb1ccdc8b44488333fc76f45,7,2,364.109375,77.670157068062821,True,padding_center
1435,527752,1.5408166646957395,1.3645772933959961,3144,2281,False,False,cb1ccdc8b44488333fc76f45,8,12,398.390625,419.86910994764395,False,row1_col0
1436,528330,0.44195133447647089,0.67701119184494007,2739,226,False,False,cb1ccdc8b44488333fc76f45,10,30,466.953125,1035.8272251308902,True,padding_center
1437,528575,0.76922649145126343,1.1407482624053955,3195,3628,False,False,7ed463394b5acb61e1574507,31,5,1164.859375,182.375,False,row0_col2
1438,528579,1.0204286575317385,1.1870419979095459,2895,2041,False,False,7ed463394b5acb61e1574507,3,6,204.984375,216.625,False,row0_col0
1439,528595,1.1268398761749268,1.3182600736618042,3114,842,False,False,7ed463394b5acb61e1574507,19,6,753.484375,216.625,False,row0_col1
1440,528616,1.1611201763153076,1.2055423259735107,3027,696,False,False,7ed463394b5acb61e1574507,8,7,376.390625,250.875,False,row0_col0
1441,528650,1.0268181562423706,1.0659273862838743,2588,2100,False,False,7ed463394b5acb61e1574507,10,8,444.953125,285.125,False,row0_col0
1442,528852,1.690916895866394,1.2181363105773926,1044,170,False,False,7ed463394b5acb61e1574507,20,14,787.765625,490.625,False,row1_col1
1443,529094,1.2218676805496216,1.3812650442123413,2622,812,False,False,7ed463394b5acb61e1574507,6,22,307.828125,764.625,False,row2_col0
1444,529462,0.259137362241745,0.77687543630599964,3059,1706,False,False,0227fa273d0d8c8f6714e23b,22,1,897.328125,40.797872340425528,True,padding_center
1445,529609,1.0685873031616211,1.2538655996322632,2987,844,False,False,0227fa273d0d8c8f6714e23b,9,6,451.671875,212.07446808510639,False,row0_col0
1446,529861,1.464256763458252,1.1873655319213867,2591,3759,False,False,0227fa273d0d8c8f6714e23b,5,14,314.546875,486.11702127659578,False,row1_col0
1447,530041,0.93812590837478638,1.0962233543395996,3224,820,False,False,0227fa273d0d8c8f6714e23b,25,19,1000.171875,657.39361702127655,False,row1_col2
1448,530381,0.2649385929107666,0.80121612548828125,3038,226,False,False,0227fa273d0d8c8f6714e23b,13,30,588.796875,1034.2021276595742,True,padding_center
1449,530591,0.93602854013443004,1.2091406583786013,3448,560,False,False,dc0b4ccd38f08660aa595e39,31,4,1164.90625,157.78947368421052,False,row0_col2
1450,530636,1.3888503313064575,1.1697713136672974,2577,3545,False,False,dc0b4ccd38f08660aa595e39,12,6,515.34375,226,False,row0_col1
1451,531316,0.94591629505157482,0.84571844339370716,2966,3441,False,False,dc0b4ccd38f08660aa595e39,20,27,788.84375,942.21052631578948,False,row2_col1
1452,531531,0.29641786217689509,1.1562927961349487,2910,2162,False,False,e74d21355c7851af07172a36,11,2,477.953125,75.459459459459453,True,padding_center
1453,531626,0.95334291458129883,1.2876375913619995,2940,786,False,False,e74d21355c7851af07172a36,10,5,443.609375,178.72432432432433,False,row0_col0
1454,531787,1.0000163316726685,1.0979945659637451,3101,243,False,False,e74d21355c7851af07172a36,11,10,477.953125,350.83243243243248,False,row0_col1
1455,532609,0.99848955869674683,1.2036736011505127,3952,1533,False,False,830ee1acd4627b4aa99fcc61,1,4,172.375,148.42487046632124,False,row0_col0
1456,533021,1.0168187618255615,1.2380349636077881,3018,451,False,False,830ee1acd4627b4aa99fcc61,29,16,1131.375,559.78238341968904,False,row1_col2
1457,533192,0.88994526863098145,1.4232667684555054,3168,314,False,False,830ee1acd4627b4aa99fcc61,8,22,412.125,765.46113989637308,False,row2_col0
1458,533412,0.68430739641189575,1.1565037965774536,3318,3879,False,False,830ee1acd4627b4aa99fcc61,4,29,275.125,1005.419689119171,True,padding_center
1459,533455,0.45745411515235901,0.93478161096572876,3077,226,False,False,830ee1acd4627b4aa99fcc61,15,30,651.875,1039.699481865285,True,padding_center
1460,533518,0.25211963057518,1.0788568258285522,2880,1706,False,False,8213a75d6bb493befa13560d,14,0,628.625,11.124999999999986,True,padding_center
1461,533525,0.2031988054513931,1.1329414844512939,3295,1706,False,False,8213a75d6bb493befa13560d,21,0,868.375,11.124999999999986,True,padding_center
1462,533647,0.9059387445449828,1.2416683435440063,2572,786,False,False,8213a75d6bb493befa13560d,15,4,662.875,148.125,False,row0_col1
1463,533821,1.5866466760635376,1.1893310546875,2945,394,False,False,8213a75d6bb493befa13560d,29,9,1142.375,319.375,False,row0_col2
1464,534024,1.5896408557891846,0,2864,1980,False,True,8213a75d6bb493befa13560d,8,16,423.125,559.125,False,row1_col0
1465,534084,1.4318892955780027,1.307542085647583,3357,1743,False,False,8213a75d6bb493befa13560d,4,18,286.125,627.625,False,row1_col0
1466,534387,1.0291861295700071,1.0978466272354126,2966,717,False,False,8213a75d6bb493befa13560d,19,27,799.875,935.875,False,row2_col1
1467,534835,1.1084895133972168,1.394841194152832,2941,617,False,False,e6a42e7bbe1942d90ee3b93f,19,9,768.703125,325.84042553191489,False,row0_col1
1468,535078,0,1.2761752605438232,2931,1291,True,False,e6a42e7bbe1942d90ee3b93f,6,17,322.234375,599.88297872340422,False,row1_col0
1469,535196,0.81760233640670765,1.3693568706512451,3253,942,False,False,e6a42e7bbe1942d90ee3b93f,28,20,1077.796875,702.64893617021278,False,row2_col2
1470,535324,1.2735346555709841,1.3851131200790403,3013,2008,False,False,e6a42e7bbe1942d90ee3b93f,28,24,1077.796875,839.67021276595744,False,row2_col2
1471,536244,0.98204094171524037,1.140018105506897,3219,176,False,False,7e48cd1658e4af2a0a4efc9b,20,21,839.765625,738.11229946524065,False,row2_col1
1472,536346,1.1932624578475952,1.3154547214508057,2610,700,False,False,7e48cd1658e4af2a0a4efc9b,26,24,1045.453125,840.91443850267376,False,row2_col2
1473,536433,1.0694178342819214,1.3130346536636353,3135,2253,False,False,7e48cd1658e4af2a0a4efc9b,17,27,736.921875,943.71657754010698,False,row2_col1
1474,536513,0.38920003175735468,1.139256477355957,3743,1415,False,False,7e48cd1658e4af2a0a4efc9b,1,30,188.421875,1046.5187165775401,True,padding_center
1475,536889,0.98595952987670876,1.0765780210494995,2681,4012,False,False,a4df32cda65d6caec503e150,25,9,956.375,314.84042553191489,False,row0_col2
1476,537888,1.0494827032089231,1.1605240106582642,750,3503,False,False,b082c61b6f6397804ebe9514,0,9,152.078125,319.94680851063828,False,row0_col0
1477,538069,1.8049057722091677,1.2507705688476562,2461,686,False,False,b082c61b6f6397804ebe9514,21,14,869.359375,490.37234042553195,False,row1_col2
1478,538545,0.61741489171981812,0.84621131420135487,2933,1700,False,False,b082c61b6f6397804ebe9514,17,29,732.734375,1001.6489361702128,True,padding_center
1479,538960,1.3008267879486084,1.3244060277938845,2802,3275,False,False,abac48c206f4f9db98c1c8cf,16,10,692.671875,348.02577319587624,False,row0_col1
1480,539632,0.47776889801025391,1.0884248018264773,2715,226,False,False,abac48c206f4f9db98c1c8cf,16,31,692.671875,1067.6546391752577,True,padding_center
1481,540115,1.182436466217041,1.4049661159515381,2761,489,False,False,e2b45792dfc5b8bb9ef98bca,19,14,802.578125,493.78835978835974,False,row1_col1
1482,540941,1.0755952596664429,1.3049969673156738,3313,4044,False,False,37c49f476ea9c80e5566cd34,13,8,547.796875,287,False,row0_col1
1483,541517,1.1853485107421875,1.0688127279281616,3323,498,False,False,37c49f476ea9c80e5566cd34,13,26,547.796875,904.14285714285711,False,row2_col1
1484,541665,0.38695794343948359,0.54060673713684082,378,1415,False,False,37c49f476ea9c80e5566cd34,1,31,136.421875,1075.5714285714287,True,padding_center
1485,542923,1.3035293817520142,1.1024481058120728,2577,263,False,False,eedf98ccb5a364857973747a,11,6,560.796875,220.75268817204301,False,row0_col1
1486,542995,1.0284664630889893,1.2114514112472534,2788,811,False,False,eedf98ccb5a364857973747a,19,8,834.046875,289.22580645161293,False,row0_col1
1487,543209,1.9247885942459104,0,3230,2200,False,True,eedf98ccb5a364857973747a,9,15,492.484375,528.88172043010752,False,row1_col0
1488,543227,1.4271154403686523,1.2433499097824097,3041,2751,False,False,eedf98ccb5a364857973747a,27,15,1107.296875,528.88172043010752,False,row1_col2
1489,543738,0.2981389164924621,1.0258171558380127,3458,226,False,False,eedf98ccb5a364857973747a,26,31,1073.140625,1076.6666666666667,True,padding_center
1490,543917,0.95832836627960205,1.3244115114212036,2577,3665,False,False,e3ecaf99c788239f18c8a991,13,5,558.796875,178.45549738219896,False,row0_col1
1491,544313,1.5154637098312378,1.0590096712112429,3176,2892,False,False,e3ecaf99c788239f18c8a991,25,17,970.171875,590.09947643979058,False,row1_col2
1492,544823,0.28270095586776728,0.76275992393493652,2598,1706,False,False,17ff7079be9b18b062834cfc,23,1,945.671875,50.265957446808514,True,padding_center
1493,544980,0.91637027263641357,1.1681053638458252,3114,842,False,False,17ff7079be9b18b062834cfc,20,6,843.203125,220.69148936170211,False,row0_col1
1494,545108,1.6723513603210447,1.2753312587738037,2668,326,False,False,17ff7079be9b18b062834cfc,20,10,843.203125,357.031914893617,False,row0_col1
1495,545206,1.4912277460098269,1.3370335102081301,3021,919,False,False,17ff7079be9b18b062834cfc,22,13,911.515625,459.28723404255322,False,row1_col2
1496,545295,0.95050460100173961,1.1621049642562866,2958,143,False,False,17ff7079be9b18b062834cfc,15,16,672.421875,561.54255319148933,False,row1_col1
1497,545460,0.9172341227531432,1.0990406274795532,3219,176,False,False,17ff7079be9b18b062834cfc,20,21,843.203125,731.968085106383,False,row2_col1
1498,545464,1.2006440162658691,0.91515916585922241,2804,1363,False,False,17ff7079be9b18b062834cfc,24,21,979.828125,731.968085106383,False,row2_col2
1499,546265,1.8252582550048828,1.3001259565353394,3022,3819,False,False,e47bf05116ca1e4921049cf3,25,14,1017.734375,490.78109452736317,False,row1_col2
1500,546509,1.6213915348052981,1.2624456882476809,3359,2655,False,False,e47bf05116ca1e4921049cf3,13,22,601.859375,767.47761194029852,False,row2_col1
1501,547011,1.083606481552124,1.0784590244293213,3208,2041,False,False,57d3f410b6fcba2a57bda29d,3,6,254.96875,216.90000000000001,False,row0_col0
1502,547165,0.94467544555664062,1.5219906568527222,2843,1732,False,False,57d3f410b6fcba2a57bda29d,29,10,1153.59375,354.83684210526314,False,row0_col2
1503,547464,1.3619924783706665,1.0204862356185913,2730,703,False,False,57d3f410b6fcba2a57bda29d,8,20,427.78125,699.67894736842106,False,row2_col0
1504,547470,1.1186615228652954,1.3374148607254028,2676,1408,False,False,57d3f410b6fcba2a57bda29d,14,20,635.15625,699.67894736842106,False,row2_col1
1505,547778,0.56526386737823475,1.1619281768798828,3141,3879,False,False,57d3f410b6fcba2a57bda29d,2,30,220.40625,1044.5210526315789,True,padding_center
1506,548338,1.7475565671920776,0.93895435333251964,3167,2889,False,False,31f176914f7ef2559f447dab,18,15,746.625,531.00546448087425,False,row1_col1
1507,548676,1.2863746881484983,1.0848840475082395,3075,2278,False,False,31f176914f7ef2559f447dab,4,26,267.125,908.01092896174862,False,row2_col0
1508,548935,0.49293109774589527,1.1053111553192141,2852,2162,False,False,b7cc7826ac85ae8215b61101,7,2,391.875,82.373684210526307,True,padding_center
1509,549102,1.0105209350585938,1.2296518087387085,2624,2596,False,False,b7cc7826ac85ae8215b61101,14,7,631.625,253.53157894736842,False,row0_col1
1510,549299,1.2184900045394895,0.98301428556442261,2772,489,False,False,b7cc7826ac85ae8215b61101,19,13,802.875,458.92105263157896,False,row1_col1
1511,549769,0.94470608234405518,1.1433779001235962,3369,2012,False,False,b7cc7826ac85ae8215b61101,9,28,460.375,972.39473684210532,True,padding_center
1512,550150,1.3779822587966919,1.1456006765365601,2553,1350,False,False,25243d794ab291df05447bc6,6,8,338.4375,281,False,row0_col0
1513,550339,0.97038829326629639,1.3716661930084229,3103,3679,False,False,25243d794ab291df05447bc6,3,14,235.3125,486.71428571428572,False,row1_col0
1514,551021,0.56521660089492787,1.2063535451889038,2558,35,False,False,51a10a40effe2814ad9fdc08,13,3,535.640625,109.57142857142857,True,padding_center
1515,551448,1.6180299520492554,1.198572039604187,3233,2332,False,False,51a10a40effe2814ad9fdc08,24,16,913.421875,555.28571428571433,False,row1_col2
1516,551529,1.6695373058319092,1.1527585983276367,3218,2294,False,False,51a10a40effe2814ad9fdc08,9,19,398.265625,658.14285714285711,False,row1_col0
1517,551616,0.74281966686248768,1.3596959114074707,2983,3433,False,False,51a10a40effe2814ad9fdc08,0,22,89.171875,761,False,row2_col0
1518,551689,0.98821485042572021,1.1135748624801636,3349,2512,False,False,51a10a40effe2814ad9fdc08,9,24,398.265625,829.57142857142856,False,row2_col0
1519,551821,0.71234965324401855,1.2210609912872314,2867,220,False,False,51a10a40effe2814ad9fdc08,13,28,535.640625,966.71428571428578,True,padding_center
1520,552409,2.0432887077331543,1.3813430070877075,1686,441,False,False,e1bd21e34648fdeb39895cd0,25,14,953.375,486.64516129032256,False,row1_col2
1521,552765,1.0039935111999512,1.2204383611679075,2744,3402,False,False,e1bd21e34648fdeb39895cd0,29,25,1090.375,863.24731182795699,False,row2_col2
1522,554011,0.1765508949756622,1.2907463312149048,3113,1706,False,False,edb01c151c563bb82cc5df9d,27,0,1061.15625,9.5425531914893611,True,padding_center
1523,554177,1.1138893365859983,1.3909351825714111,2067,3458,False,False,edb01c151c563bb82cc5df9d,1,6,172.28125,215.07446808510639,False,row0_col0
1524,555003,0.3679516613483429,1.0296814441680908,1641,226,False,False,edb01c151c563bb82cc5df9d,27,31,1061.15625,1071.4574468085107,True,padding_center
1525,555345,1.493227481842041,1.2319492101669312,3110,310,False,False,442850a2087d62c7e9453fcd,17,10,739.375,346.69892473118279,False,row0_col1
1526,555728,1.8081332445144651,1.3626402616500854,3359,256,False,False,442850a2087d62c7e9453fcd,16,22,705.125,757.53763440860212,False,row2_col1
1527,556199,0.96965676546096802,1.3648031949996948,2889,3149,False,False,b412565dd5f18a8e4ce8533b,7,5,356.578125,176.68556701030928,False,row0_col0
1528,556562,1.3614451885223389,0.95419323444366444,3081,3072,False,False,b412565dd5f18a8e4ce8533b,18,16,734.359375,553.63402061855675,False,row1_col1
1529,556670,1.3790576457977295,1.2255356311798096,2892,723,False,False,b412565dd5f18a8e4ce8533b,30,19,1146.484375,656.43814432989689,False,row1_col2
1530,557484,1.4206347465515137,1.1979296207427981,3117,2190,False,False,d81cb231e10288659e7909e8,12,13,578.34375,459.54404145077717,False,row1_col1
1531,557584,1.3973027467727659,1.1423500776290894,2958,1888,False,False,d81cb231e10288659e7909e8,16,16,715.09375,562.259067357513,False,row1_col1
1532,557661,1.6276015043258667,1.0836309194564819,3185,1598,False,False,d81cb231e10288659e7909e8,29,18,1159.53125,630.73575129533674,False,row1_col2
1533,557725,1.7600967884063721,0,1799,2325,False,True,d81cb231e10288659e7909e8,29,20,1159.53125,699.21243523316059,False,row2_col2
1534,558284,1.430530309677124,1.168427586555481,2577,3545,False,False,27299ddb09d845cec194fcb0,12,6,556.34375,213.02645502645504,False,row0_col1
1535,558343,1.3279255628585815,1.0377926826477053,2553,1350,False,False,27299ddb09d845cec194fcb0,7,8,385.40625,281.25925925925924,False,row0_col0
1536,558951,0.90354877710342396,1.0068615674972534,3169,3374,False,False,27299ddb09d845cec194fcb0,7,27,385.40625,929.47089947089944,False,row2_col0
1537,558970,1.4845296144485474,0.56751108169555664,4095,2448,False,False,27299ddb09d845cec194fcb0,26,27,1034.96875,929.47089947089944,False,row2_col2
1538,559307,1.5608839988708496,1.045341968536377,2540,1868,False,False,61b5465c722b8b833ec48621,11,6,538.796875,212.75268817204301,False,row0_col1
1539,559650,1.2419686317443848,1.193606972694397,3272,63,False,False,61b5465c722b8b833ec48621,2,17,231.390625,589.35483870967744,False,row1_col0
1540,559655,1.1979514360427856,1.5575902462005615,2829,670,False,False,61b5465c722b8b833ec48621,7,17,402.171875,589.35483870967744,False,row1_col0
1541,560050,0.40791434049606318,0.7069815993309021,3215,1700,False,False,61b5465c722b8b833ec48621,18,29,777.890625,1000.1935483870967,True,padding_center
1542,561691,1.0549459457397461,1.2941933870315552,2758,1338,False,False,326ec13f01a3ce47feae7840,27,16,1087.875,561.61578947368412,False,row1_col2
1543,562346,0.8499915599822998,1.3195939064025879,2940,263,False,False,feae8edd69230ba2d038a705,10,5,505.625,180.32984293193718,False,row0_col0
1544,562432,0.97577530145645142,1.207817554473877,2663,1452,False,False,feae8edd69230ba2d038a705,0,8,163.125,282.98952879581151,False,row0_col0
1545,562629,1.2453410625457764,1.2725982666015625,2591,3759,False,False,feae8edd69230ba2d038a705,5,14,334.375,488.30890052356023,False,row1_col0
1546,562894,1.2289973497390747,1.3283959627151487,3359,2655,False,False,feae8edd69230ba2d038a705,14,22,642.625,762.06806282722516,False,row2_col1
1547,563102,0.6944652795791626,0.7301674485206604,1640,3630,False,False,feae8edd69230ba2d038a705,30,28,1190.625,967.38743455497377,True,padding_center
1548,563457,0.84569716453552235,1.1505484580993652,3123,197,False,False,1882c154e2fd7debcc259ddf,1,8,210.421875,295.91282051282053,False,row0_col0
1549,563470,1.1140894889831543,1.2801378965377808,3200,4044,False,False,1882c154e2fd7debcc259ddf,14,8,656.078125,295.91282051282053,False,row0_col1
1550,563706,1.974992513656616,1.360891580581665,1973,2199,False,False,1882c154e2fd7debcc259ddf,26,15,1067.453125,535.99487179487187,False,row1_col2
1551,563887,1.7381600141525269,1.2539962530136108,3056,873,False,False,1882c154e2fd7debcc259ddf,15,21,690.359375,741.77948717948721,False,row2_col1
1552,564094,0.93199640512466442,1.3292093276977539,1529,1618,False,False,1882c154e2fd7debcc259ddf,30,27,1204.578125,947.56410256410254,False,row2_col2
1553,564500,0.96030038595199585,1.1319479942321775,2788,811,False,False,0ec02acd088fff4c4bbe590f,20,8,850.046875,292.63636363636363,False,row0_col1
1554,564512,0.97614765167236317,1.0488289594650269,2771,3503,False,False,0ec02acd088fff4c4bbe590f,0,9,163.171875,326.903743315508,False,row0_col0
1555,564686,0.90512394905090321,1.2336275577545166,3352,1191,False,False,0ec02acd088fff4c4bbe590f,14,14,643.984375,498.24064171122996,False,row1_col1
1556,565928,1.0317000150680542,0.97974306344985962,2548,1890,False,False,cdff67add7326ebbbabf8a48,8,21,407.1875,732.53846153846155,False,row2_col0
1557,566203,0.46289956569671631,1.182914137840271,876,3879,False,False,cdff67add7326ebbbabf8a48,27,29,1060.3125,1008.2307692307692,True,padding_center
1558,566609,1.5012528896331787,1.2689749002456665,2695,668,False,False,163f27e0d1466030dadaebb8,17,10,741.390625,355.33333333333331,False,row0_col1
1559,567103,0.89742088317871094,1.301917552947998,2568,1248,False,False,163f27e0d1466030dadaebb8,31,25,1225.703125,875.33333333333326,False,row2_col2
1560,567333,0.33793896436691279,1.1218875646591189,1618,1706,False,False,ce1b06db295c8aa47115048c,5,1,298.03125,46.569892473118273,True,padding_center
1561,567496,1.0443893671035769,1.4487067461013794,2987,844,False,False,ce1b06db295c8aa47115048c,8,6,400.59375,217.75268817204301,False,row0_col0
1562,567743,0.99126970767974842,1.1509826183319092,3084,3640,False,False,ce1b06db295c8aa47115048c,31,13,1186.90625,457.4086021505376,False,row1_col2
1563,569039,1.491579532623291,1.457184910774231,3359,1787,False,False,d25a12404a5aa914a7906fd6,15,22,673.875,763.15957446808511,False,row2_col1
1564,569479,1.1980481147766111,1.5185976028442385,1306,68,False,False,5676e48fb1caa42ecdd07480,7,4,327.921875,141.73366834170855,False,row0_col0
1565,569533,1.191014289855957,1.3743699789047239,3261,1800,False,False,5676e48fb1caa42ecdd07480,29,5,1090.359375,176.4673366834171,False,row0_col2
1566,569799,1.3522319793701172,0,3147,3120,False,True,5676e48fb1caa42ecdd07480,7,14,327.921875,489.070351758794,False,row1_col0
1567,570140,1.2807385921478271,1.5348535776138306,3013,2008,False,False,5676e48fb1caa42ecdd07480,28,24,1055.703125,836.4070351758794,False,row2_col2
1568,570413,0.37575259804725641,0.79936236143112183,2721,1706,False,False,0b5210b7f75c32ce0315b40b,13,1,600.640625,34.92307692307692,True,padding_center
1569,571333,0.4550859928131103,0.70511621236801136,3221,226,False,False,0b5210b7f75c32ce0315b40b,5,30,325.890625,1028.3589743589746,True,padding_center
1570,571967,0.91040611267089844,1.1456347703933716,3909,2913,False,False,9183cf46ec95f7416fc2cadd,31,17,1183.90625,582.15789473684208,False,row1_col2
1571,572125,1.3289885520935061,1.2018518447875977,3234,1862,False,False,9183cf46ec95f7416fc2cadd,29,22,1115.53125,752.68421052631572,False,row2_col2
1572,572487,0.5580628514289856,1.0841395854949951,2852,2162,False,False,8430cec5bf6a0ee7d4c4b34e,7,2,413.171875,67.578947368421041,True,padding_center
1573,572776,1.2471028566360474,0.88957250118255615,3132,1500,False,False,8430cec5bf6a0ee7d4c4b34e,8,11,447.328125,374.5263157894737,False,row0_col0
1574,573399,0.39413550496101368,0.6352841854095459,3898,226,False,False,8430cec5bf6a0ee7d4c4b34e,23,30,959.671875,1022.5263157894736,True,padding_center
1575,573515,0.39818650484085077,1.1332358121871948,2910,2162,False,False,2608d95da3b3a020babab4a4,11,2,546.796875,72.806451612903231,True,padding_center
1576,573523,0,1.1036430597305298,3171,2162,True,False,2608d95da3b3a020babab4a4,19,2,820.046875,72.806451612903231,True,padding_center
1577,573578,0.87078571319580067,0.99901771545410156,3268,786,False,False,2608d95da3b3a020babab4a4,10,4,512.640625,141.27956989247312,False,row0_col0
1578,573754,0.97244316339492798,1.23106849193573,3051,2425,False,False,2608d95da3b3a020babab4a4,26,9,1059.140625,312.46236559139788,False,row0_col2
1579,575014,1.3266772031784058,1.0333167314529419,2931,3568,False,False,677cd183b987906faf2e530c,6,17,363.859375,595.62162162162167,False,row1_col0
1580,575732,1.2984541654586792,1.1253217458724976,3100,2115,False,False,79609d9f8ec519016767e49f,20,7,856.125,243.67368421052632,False,row0_col1
1581,575926,1.4794743061065674,1.3925653696060181,3021,4082,False,False,79609d9f8ec519016767e49f,22,13,924.625,449.31578947368422,False,row1_col2
1582,575973,1.2041659355163574,1.3244383335113523,2783,1435,False,False,79609d9f8ec519016767e49f,5,15,342.375,517.86315789473679,False,row1_col0
1583,576581,0.63089066743850697,1.1128250360488892,79,2162,False,False,eebb80b7602a9bc51384c3b3,5,2,304.0625,76.637305699481857,True,padding_center
1584,576582,0.66315346956253052,1.1411896944046021,79,2162,False,False,eebb80b7602a9bc51384c3b3,6,2,338.4375,76.637305699481857,True,padding_center
1585,576714,1.1694281101226809,1.2005577087402344,2987,263,False,False,eebb80b7602a9bc51384c3b3,10,6,475.9375,214.41968911917098,False,row0_col0
1586,576879,1.5584354400634766,1.3536359071731567,3155,1122,False,False,eebb80b7602a9bc51384c3b3,15,11,647.8125,386.6476683937824,False,row0_col1
1587,576902,1.6180850267410278,1.3764023780822754,2844,3150,False,False,eebb80b7602a9bc51384c3b3,6,12,338.4375,421.09326424870466,False,row1_col0
1588,576922,1.7720183134078979,1.4748189449310305,3197,2000,False,False,eebb80b7602a9bc51384c3b3,26,12,1025.9375,421.09326424870466,False,row1_col2
1589,577271,0.97789901494979836,1.2138590812683103,2971,2736,False,False,eebb80b7602a9bc51384c3b3,23,23,922.8125,799.99481865284974,False,row2_col2
1590,577355,1.2740790843963623,1.3818331956863403,2972,572,False,False,eebb80b7602a9bc51384c3b3,11,26,510.3125,903.33160621761658,False,row2_col1
1591,577564,0.42941311001777638,1.4035300016403198,1216,1706,False,False,78a32a3097554d80ef1bac9c,28,0,1097.453125,14.481481481481495,True,padding_center
1592,578060,0.96603405475616444,0.95572787523269642,3034,3575,False,False,78a32a3097554d80ef1bac9c,12,16,550.953125,559.66666666666674,False,row1_col1
1593,578842,0.9703214168548584,0.88979810476303101,3116,61,False,False,fd91ca2d579cd9fb68161c3b,26,8,1062.484375,291.21052631578948,False,row0_col2
1594,579284,1.0662721395492554,1.2961649894714355,2752,3213,False,False,fd91ca2d579cd9fb68161c3b,20,22,857.921875,768.68421052631572,False,row2_col1
1595,579460,0.408028244972229,1.0901471376419067,3212,2012,False,False,fd91ca2d579cd9fb68161c3b,4,28,312.421875,973.31578947368428,True,padding_center
1596,580081,1.3213196992874146,1.2577836513519287,3167,259,False,False,a3e72a337b3e2ae08d3ba9ff,17,15,732.734375,524.06417112299459,False,row1_col1
1597,580158,1.0795156955718994,1.1517101526260376,3007,1933,False,False,a3e72a337b3e2ae08d3ba9ff,30,17,1176.765625,592.34224598930484,False,row1_col2
1598,580232,1.2382534742355349,1.0493102073669434,3218,703,False,False,a3e72a337b3e2ae08d3ba9ff,8,20,425.328125,694.75935828877004,False,row2_col0
1599,580271,1.3790855407714844,1.2732783555984497,3056,873,False,False,a3e72a337b3e2ae08d3ba9ff,15,21,664.421875,728.89839572192511,False,row2_col1
1600,580521,0.62093496322631825,1.1119272708892822,2637,226,False,False,a3e72a337b3e2ae08d3ba9ff,9,29,459.484375,1002.0106951871659,True,padding_center
1601,581693,0.25670334696769709,1.2501372098922727,2607,1706,False,False,45bfb62d2b8a12a9724eb563,29,1,1107.53125,43.797872340425528,True,padding_center
1602,581970,1.6150609254837036,1.3642640113830566,3350,2764,False,False,45bfb62d2b8a12a9724eb563,18,10,731.46875,352.09574468085106,False,row0_col1
1603,582134,1.5497255325317385,1.399493932723999,2795,3093,False,False,45bfb62d2b8a12a9724eb563,22,15,868.21875,523.372340425532,False,row1_col2
1604,582405,1.0423823595046997,1.085978627204895,2690,2055,False,False,45bfb62d2b8a12a9724eb563,5,24,287.03125,831.67021276595744,False,row2_col0
1605,582466,1.3183251619338987,1.1818972826004028,2866,3592,False,False,45bfb62d2b8a12a9724eb563,2,26,184.46875,900.18085106382978,False,row2_col0
1606,583229,1.1608035564422607,0.88892871141433705,3271,451,False,False,9fbe77467132d5c93ee01128,29,17,1172.140625,589.57142857142867,False,row1_col2
1607,583875,1.1378774642944336,1.2286125421524048,2578,2041,False,False,7413f29906bbedeb019fea89,3,6,259.875,215.95360824742266,False,row0_col0
1608,584536,1.1651854515075684,1.4075824022293093,2702,3965,False,False,7413f29906bbedeb019fea89,24,26,979.125,901.31443298969077,False,row2_col2
1609,584806,0.74349528551101685,1.2256115674972534,2824,1840,False,False,c977bea10bf03c99460cec13,6,3,327.4375,107.5,True,padding_center
1610,585039,1.2661639451980593,0,3297,674,False,True,c977bea10bf03c99460cec13,15,10,636.8125,348.30000000000001,False,row0_col1
1611,585333,1.9773318767547607,1.4891960620880127,2648,1972,False,False,c977bea10bf03c99460cec13,21,19,843.0625,657.89999999999998,False,row1_col2
1612,585372,0.97016125917434681,1.4337154626846311,3253,37,False,False,c977bea10bf03c99460cec13,28,20,1083.6875,692.30000000000007,False,row2_col2
1613,586004,0.89490455389022816,1.2120990753173828,3090,811,False,False,feca696a5660a740402e9811,20,8,857.203125,287.74054054054056,False,row0_col1
1614,587255,1.9681217670440672,0,2795,127,False,True,37faa40414dba1a334ec7ebb,23,15,939.875,525.88172043010752,False,row1_col2
1615,587670,0.76238858699798584,0.98856186866760243,3126,2012,False,False,37faa40414dba1a334ec7ebb,22,28,905.625,970.95698924731175,True,padding_center
1616,588750,0.40686982870101918,0.72606933116912842,3038,226,False,False,47ecb67f20914fe9324d2108,14,30,620.875,1038.3333333333335,True,padding_center
1617,589241,1.9216854572296145,1.3516993522644043,522,2957,False,False,87a418aeb28937346e884495,25,13,1061.734375,460.6649746192893,False,row1_col2
1618,589846,0.24395723640918729,1.1519949436187744,3058,1706,False,False,a17fa7ec81831aabb30abf4e,22,0,963.328125,11.38297872340425,True,padding_center
1619,589930,0.5759739875793457,1.259179949760437,3172,2737,False,False,a17fa7ec81831aabb30abf4e,10,3,551.953125,114.27659574468086,True,padding_center
1620,590014,0.9616715908050536,1.3431750535964966,2600,4050,False,False,a17fa7ec81831aabb30abf4e,30,5,1237.578125,182.87234042553192,False,row0_col2
1621,590158,1.4282267093658447,1.232632040977478,2981,193,False,False,a17fa7ec81831aabb30abf4e,14,10,689.078125,354.36170212765956,False,row0_col1
1622,590209,1.1061570644378662,1.4283491373062134,3216,246,False,False,a17fa7ec81831aabb30abf4e,1,12,243.421875,422.95744680851067,False,row1_col0
1623,590962,0.86776638031005848,1.1267522573471067,2587,2737,False,False,583fd37185c66e5b35d4ad0d,18,3,750.9375,104.70050761421319,True,padding_center
1624,591113,0.96295654773712158,1.2708231210708618,3164,2100,False,False,583fd37185c66e5b35d4ad0d,9,8,441.5625,276.68020304568529,False,row0_col0
1625,591531,0,1.1362398862838743,3280,1059,True,False,583fd37185c66e5b35d4ad0d,11,21,510.3125,723.82741116751265,False,row2_col1
1626,591682,1.4824749231338501,1.4415701627731323,3075,3592,False,False,583fd37185c66e5b35d4ad0d,2,26,200.9375,895.80710659898477,False,row2_col0
1627,592511,1.3001492023468018,0.87628906965255726,842,819,False,False,fe666fef2b8871f5528589d3,31,19,1260.90625,675.97409326424872,False,row1_col2
1628,592739,1.0588929653167725,1.3331444263458252,2738,3965,False,False,fe666fef2b8871f5528589d3,3,27,303.65625,949.88082901554412,False,row2_col0
1629,592835,0.37675940990447992,0.79789233207702626,2975,226,False,False,fe666fef2b8871f5528589d3,3,30,303.65625,1052.5958549222796,True,padding_center
1630,593036,0.75196605920791615,0.9074869155883788,2699,786,False,False,2eebabfc2544e47701bed697,12,4,532.515625,152.10994764397907,False,row0_col1
1631,593170,0.99781012535095204,1.2763454914093018,2928,3890,False,False,2eebabfc2544e47701bed697,18,8,738.203125,288.98952879581151,False,row0_col1
1632,593852,0.66222810745239247,1.0689783096313477,2380,1249,False,False,2eebabfc2544e47701bed697,28,29,1081.015625,1007.6073298429319,True,padding_center
1633,596001,0.37986820936202997,0.78985583782196045,2813,746,False,False,068d42fadee7759ebbad25c7,1,1,194.375,43.450261780104711,True,padding_center
1634,596091,0.86133718490600575,1.164061427116394,2402,3454,False,False,068d42fadee7759ebbad25c7,27,3,1084.875,111.89005235602095,True,padding_center
1635,596849,1.0254104137420654,1.3601601123809814,3677,322,False,False,068d42fadee7759ebbad25c7,17,27,742.375,933.16753926701574,False,row2_col1
1636,596899,0.67020523548126221,1.1228119134902954,1320,3879,False,False,068d42fadee7759ebbad25c7,3,29,262.875,1001.6073298429319,True,padding_center
1637,597235,1.0087157487869265,1.2136572599411013,3100,2115,False,False,bdd69774207d2ddbd41a3849,19,7,781.65625,246.32978723404256,False,row0_col1
1638,597639,1.5109153985977173,1.2065662145614624,2595,2356,False,False,bdd69774207d2ddbd41a3849,7,20,371.40625,691.64893617021278,False,row2_col0
1639,597716,0.99523121118545521,1.3366024494171145,2752,1038,False,False,bdd69774207d2ddbd41a3849,20,22,815.84375,760.15957446808511,False,row2_col1
1640,597791,0.91765016317367565,1.3110910654067991,3248,1564,False,False,bdd69774207d2ddbd41a3849,31,24,1191.90625,828.67021276595744,False,row2_col2
1641,597898,0.73099005222320546,1.0592625141143801,3369,2012,False,False,bdd69774207d2ddbd41a3849,10,28,473.96875,965.69148936170211,True,padding_center
1642,598095,0.52947300672531117,1.1384322643280027,2680,2162,False,False,d38497f6cb09922f8f3dcf04,15,2,723.359375,77.670157068062821,True,padding_center
1643,598160,0.89314955472946156,1.1733865737915039,3046,2175,False,False,d38497f6cb09922f8f3dcf04,16,4,757.640625,146.10994764397907,False,row0_col1
1644,598334,1.1402753591537476,1.0564688444137571,3165,1603,False,False,d38497f6cb09922f8f3dcf04,30,9,1237.578125,317.20942408376959,False,row0_col2
1645,598656,0.89333879947662354,1.3145419359207151,2664,367,False,False,d38497f6cb09922f8f3dcf04,0,20,209.140625,693.62827225130889,False,row2_col0
1646,598824,1.0801899433135986,1.217026948928833,3105,1733,False,False,d38497f6cb09922f8f3dcf04,8,25,483.390625,864.72774869109946,False,row2_col0
1647,598833,1.6375563144683838,1.4946098327636721,2774,1171,False,False,d38497f6cb09922f8f3dcf04,17,25,791.921875,864.72774869109946,False,row2_col1
1648,599312,1.102391242980957,1.2244722843170166,2618,3890,False,False,7e43c32828df193edc42ddff,16,8,717.671875,285.76595744680856,False,row0_col1
1649,599424,1.1658306121826172,0.99337285757064797,2098,3558,False,False,7e43c32828df193edc42ddff,0,12,168.171875,422.95744680851067,False,row1_col0
1650,599473,1.4780657291412354,1.2625250816345217,3372,3377,False,False,7e43c32828df193edc42ddff,17,13,752.015625,457.25531914893617,False,row1_col1
1651,599804,1.1190614700317385,1.0878400802612305,2714,4021,False,False,7e43c32828df193edc42ddff,28,23,1129.796875,800.23404255319156,False,row2_col2
1652,599830,0.93423283100128163,1.4700653553009031,3094,1265,False,False,7e43c32828df193edc42ddff,22,24,923.734375,834.531914893617,False,row2_col2
1653,599851,1.2527451515197754,1.0586147308349607,3106,3118,False,False,7e43c32828df193edc42ddff,11,25,545.953125,868.82978723404256,False,row2_col1
1654,600171,0.5932433009147644,1.2528730630874634,2558,2737,False,False,e23c7263422caa21794c6b96,11,3,531.234375,109.57142857142857,True,padding_center
1655,600195,0.83763504028320312,1.3596916198730469,3162,1533,False,False,e23c7263422caa21794c6b96,3,4,256.984375,143.85714285714286,False,row0_col0
1656,600439,1.3943799734115601,1.467704176902771,2950,3384,False,False,e23c7263422caa21794c6b96,23,11,942.609375,383.85714285714283,False,row0_col2
1657,601480,1.2839279174804688,1.2432781457901001,619,1410,False,False,cbbfcf781cf2e6b2a448637f,8,12,396.71875,408.89583333333337,False,row1_col0
1658,601618,1.1399103403091433,1.3742889165878296,3558,2232,False,False,cbbfcf781cf2e6b2a448637f,18,16,741.09375,546.72916666666674,False,row1_col1
1659,601878,1.1972746849060061,1.453549861907959,555,3124,False,False,cbbfcf781cf2e6b2a448637f,22,24,878.84375,822.39583333333326,False,row2_col2
1660,602204,0.5225864052772522,0.80460125207901001,4048,2162,False,False,4353ce725c8d749885d3c4b7,28,2,1042.125,72.305263157894728,True,padding_center
1661,602674,1.4351465702056885,1.4351465702056885,1239,3107,False,False,4353ce725c8d749885d3c4b7,18,17,699.625,586.41052631578941,False,row1_col1
1662,602834,1.2942266464233398,1.3545174598693848,3632,2649,False,False,4353ce725c8d749885d3c4b7,18,22,699.625,757.77894736842097,False,row2_col1
1663,604719,1.370879054069519,1.2389951944351196,2742,1779,False,False,e13e69b4c17cd750194fa4bb,15,17,658.328125,595.79581151832463,False,row1_col1
1664,604766,0.87185883522033691,1.4710612297058103,3342,723,False,False,e13e69b4c17cd750194fa4bb,30,18,1173.484375,630.22513089005236,False,row1_col2
1665,605447,1.3397383689880371,1.1312353610992432,2639,1350,False,False,37007bcf2d5f43196d17bd6c,7,8,372.8125,288.76595744680856,False,row0_col0
1666,605750,1.5668486356735227,1.162853479385376,2647,2883,False,False,37007bcf2d5f43196d17bd6c,22,17,888.4375,597.44680851063822,False,row1_col2
1667,605988,1.1128172874450684,1.2759444713592527,2905,794,False,False,37007bcf2d5f43196d17bd6c,4,25,269.6875,871.82978723404256,False,row2_col0
1668,606363,0.94881194829940796,1.24151611328125,3033,786,False,False,07487879b83ab8bf265d8c1f,27,4,1103.453125,161.72307692307692,False,row0_col2
1669,606519,1.2710875272750854,1.4141168594360352,2700,2673,False,False,07487879b83ab8bf265d8c1f,23,9,966.078125,333.21025641025642,False,row0_col2
1670,606750,0.96603894233703602,1.3931338787078855,3007,1933,False,False,07487879b83ab8bf265d8c1f,30,16,1206.484375,573.29230769230776,False,row1_col2
1671,607184,0.48683327436447138,0.95995301008224476,3077,226,False,False,07487879b83ab8bf265d8c1f,16,30,725.671875,1053.4564102564104,True,padding_center
1672,607190,0.44563782215118403,0.66245681047439575,3284,226,False,False,07487879b83ab8bf265d8c1f,22,30,931.734375,1053.4564102564104,True,padding_center
1673,607215,0.42284059524536127,0.99632447957992565,2666,226,False,False,07487879b83ab8bf265d8c1f,15,31,691.328125,1087.7538461538461,True,padding_center
1674,607879,1.5553417205810549,1.218425989151001,2595,2729,False,False,63727db752b5ff12377d012c,7,20,393.921875,695.3125,False,row2_col0
1675,607954,1.32380211353302,1.4795651435852053,2773,4051,False,False,63727db752b5ff12377d012c,18,22,775.140625,764.5625,False,row2_col1
1676,608104,0.94923943281173695,1.254702091217041,2569,3374,False,False,63727db752b5ff12377d012c,8,27,428.578125,937.6875,False,row2_col0
1677,608276,0.25658980011940002,1.1532399654388428,2556,1706,False,False,28b53dd19c8f65de13e95cab,20,0,823.125,15.497326203208559,True,padding_center
1678,608615,1.7253021001815796,1.2222809791564939,3132,541,False,False,28b53dd19c8f65de13e95cab,7,11,377.875,392.43850267379685,False,row0_col0
1679,609111,1.1638126373291016,1.2453645467758181,3316,1126,False,False,28b53dd19c8f65de13e95cab,23,26,925.875,906.44919786096261,False,row2_col2
1680,609241,0.32767236232757557,0.55592679977416992,2657,226,False,False,28b53dd19c8f65de13e95cab,25,30,994.375,1043.5187165775401,True,padding_center
1681,609280,0.1851891875267028,1.4128704071044922,936,183,False,False,4b2934de204003644e1cf7cc,0,0,176.140625,9.3333333333333428,True,padding_center
1682,609317,0.36668765544891352,1.1011909246444702,1177,1706,False,False,4b2934de204003644e1cf7cc,5,1,347.546875,43.569892473118273,True,padding_center
1683,609350,0.58606833219528187,1.1829439401626587,2564,2162,False,False,4b2934de204003644e1cf7cc,6,2,381.828125,77.806451612903231,True,padding_center
1684,609431,0.81721162796020497,1.2302789688110352,3222,786,False,False,4b2934de204003644e1cf7cc,23,4,964.609375,146.27956989247312,False,row0_col2
1685,609618,1.600263237953186,1.2482171058654783,3350,2764,False,False,4b2934de204003644e1cf7cc,18,10,793.203125,351.69892473118279,False,row0_col1
1686,609989,1.287574291229248,0.91735440492630005,3290,812,False,False,4b2934de204003644e1cf7cc,5,22,347.546875,762.53763440860212,False,row2_col0
1687,610770,1.7901556491851809,1.1411172151565552,3372,3280,False,False,7d13fb8e53e7ca10995faafd,18,14,746.625,488.64516129032256,False,row1_col1
1688,610938,1.5010302066802981,1.1162528991699221,3186,1659,False,False,7d13fb8e53e7ca10995faafd,26,19,1020.625,659.82795698924724,False,row1_col2
1689,611194,1.0954155921936035,1.2439552545547483,1090,1767,False,False,7d13fb8e53e7ca10995faafd,26,27,1020.625,933.72043010752691,False,row2_col2
1690,611317,0.3393182754516601,1.0071783065795898,2976,226,False,False,7d13fb8e53e7ca10995faafd,21,31,849.375,1070.6666666666667,True,padding_center
1691,612411,0.43395617604255671,1.1596903800964355,568,15,False,False,9eb7c57cc60b7fe25deb2951,27,1,1035.046875,35.913043478260875,True,padding_center
1692,613250,0.62462294101715077,1.3062773942947388,1871,3879,False,False,9eb7c57cc60b7fe25deb2951,2,28,168.640625,972.695652173913,True,padding_center
1693,613499,0.77482146024703968,1.1413232088088987,1193,35,False,False,588a545ebe33f98614ef2c62,27,3,1062.03125,112.79166666666667,True,padding_center
1694,613620,1.026570200920105,1.3365452289581301,368,1658,False,False,588a545ebe33f98614ef2c62,20,7,820.96875,250.45833333333334,False,row0_col1
1695,613677,1.002805233001709,1.2224560976028442,31,824,False,False,588a545ebe33f98614ef2c62,13,9,579.90625,319.29166666666663,False,row0_col1
1696,614903,1.132246732711792,1.5108425617218018,1444,2047,False,False,57c1f270dff8706bef20031f,23,15,940.15625,525.66666666666674,False,row1_col2
1697,615072,0.91381996870040882,1.2987848520278933,3456,1239,False,False,57c1f270dff8706bef20031f,0,21,142.34375,733.66666666666663,False,row2_col0
1698,615103,0.83942383527755726,0.99209284782409657,1552,3014,False,False,57c1f270dff8706bef20031f,31,21,1217.65625,733.66666666666663,False,row2_col2
1699,615264,0.90331345796585083,1.1261928081512451,1554,865,False,False,57c1f270dff8706bef20031f,0,27,142.34375,941.66666666666663,False,row2_col0
1700,615427,0.30635654926300038,1.2722233533859253,1878,15,False,False,af9d0070e54aed81fc79e4ef,3,0,252.296875,-9.3597883597883538,True,padding_center
1701,615530,0.70126402378082275,0.98457604646682717,902,1840,False,False,af9d0070e54aed81fc79e4ef,10,3,494.890625,94.386243386243393,True,padding_center
1702,615557,0.77684634923934925,1.2930426597595217,41,786,False,False,af9d0070e54aed81fc79e4ef,5,4,321.609375,128.96825396825398,False,row0_col0
1703,615666,1.283278226852417,1.2497842311859133,3460,2557,False,False,af9d0070e54aed81fc79e4ef,18,7,772.140625,232.71428571428572,False,row0_col1
1704,616007,1.8630484342575071,1.4117927551269531,357,2627,False,False,af9d0070e54aed81fc79e4ef,7,18,390.921875,613.11640211640213,False,row1_col0
1705,616343,0.71643716096878052,1.2004424333572388,1126,564,False,False,af9d0070e54aed81fc79e4ef,23,28,945.421875,958.93650793650806,True,padding_center
1706,616807,0.94129878282546997,1.27018141746521,983,1440,False,False,55d9a5ec969dbb3e47e1a2cb,7,11,384.453125,382.26086956521738,False,row0_col0
1707,616876,0.91042792797088623,0.97959578037261963,2232,17,False,False,55d9a5ec969dbb3e47e1a2cb,12,13,557.421875,451.47826086956525,False,row1_col1
1708,617445,0.26397937536239618,0.97477060556411743,1877,226,False,False,55d9a5ec969dbb3e47e1a2cb,5,31,315.265625,1074.4347826086957,True,padding_center
1709,617654,1.0273102521896362,1.130155086517334,782,1983,False,False,e9b79f16d364e3a2fa877ce7,22,5,892.84375,170.72432432432433,False,row0_col2
1710,618042,1.4914709329605105,1.4413948059082031,3918,1181,False,False,e9b79f16d364e3a2fa877ce7,26,17,1030.59375,583.78378378378375,False,row1_col2
1711,618132,1.3629163503646853,1.2798609733581543,3454,80,False,False,e9b79f16d364e3a2fa877ce7,20,20,823.96875,687.04864864864862,False,row2_col1
1712,618450,0.3589853942394256,0.75943577289581288,3646,226,False,False,e9b79f16d364e3a2fa877ce7,18,30,755.09375,1031.2648648648649,True,padding_center
1713,618477,0.23801085352897641,0.99504196643829335,3744,226,False,False,e9b79f16d364e3a2fa877ce7,13,31,582.90625,1065.6864864864865,True,padding_center
1714,618485,0.2456553727388382,1.0173414945602417,3727,226,False,False,e9b79f16d364e3a2fa877ce7,21,31,858.40625,1065.6864864864865,True,padding_center
1715,618777,0.92685329914092995,1.1048507690429688,830,3918,False,False,6130e546ed79e4d9fee7cb83,25,8,1009.53125,286.88108108108111,False,row0_col2
1716,618905,0.95085024833679199,0.90535533428192116,3740,1964,False,False,6130e546ed79e4d9fee7cb83,25,12,1009.53125,425.43243243243245,False,row1_col2
1717,619379,0.90083217620849598,1.1768007278442385,3761,2866,False,False,6130e546ed79e4d9fee7cb83,19,27,801.40625,945,True,padding_center
1718,619401,0.5927467942237854,1.0667984485626221,1257,2012,False,False,6130e546ed79e4d9fee7cb83,9,28,454.53125,979.63783783783788,True,padding_center
1719,619554,0.37503781914710987,0.85011601448059082,3483,15,False,False,c71b7281815add7bc72e0af6,2,1,212.09375,38.700000000000003,True,padding_center
1720,619572,0.33538064360618591,0.58265161514282215,3576,1706,False,False,c71b7281815add7bc72e0af6,20,1,831.96875,38.700000000000003,True,padding_center
1721,620394,0.83001011610031117,1.3935248851776123,3430,3130,False,False,c71b7281815add7bc72e0af6,10,27,487.59375,933.09999999999991,False,row2_col0
1722,620448,0.45201569795608521,0.9940258264541626,3494,62,False,False,c71b7281815add7bc72e0af6,0,29,143.21875,1001.9,True,padding_center
1723,620495,0.31902533769607538,0.82363170385360707,1079,226,False,False,c71b7281815add7bc72e0af6,15,30,659.78125,1036.3,True,padding_center
1724,621348,1.0985804796218872,1.1936495304107666,1940,3674,False,False,9c158d10db0dc6399c33ba8d,4,25,276.375,863.71428571428567,False,row2_col0
1725,621625,0.37416628003120422,0.98849129676818837,3365,1706,False,False,7eb05126c9c43d9121df3acb,25,1,977.140625,53.861702127659569,True,padding_center
1726,621999,1.0093288421630859,1.1571909189224243,2396,3981,False,False,7eb05126c9c43d9121df3acb,15,13,631.203125,469.01063829787233,False,row1_col1
1727,622455,0.77051383256912231,1.2351771593093872,4042,1767,False,False,7eb05126c9c43d9121df3acb,23,27,907.953125,953.35106382978722,False,row2_col2
1728,622766,1.1745754480361938,1.4272682666778564,288,1822,False,False,a184ab3d7b4df361792c7188,14,5,631.875,179,False,row0_col1
1729,623252,1.458069920539856,1.2622559070587158,3454,2620,False,False,a184ab3d7b4df361792c7188,20,20,840.375,699,False,row2_col1
1730,623727,0.88303858041763295,0.916634202003479,1187,2233,False,False,3ecdc9847f50f75edffcb18b,15,3,646.78125,111.88108108108108,True,padding_center
1731,623795,1.1369143724441528,1.1219860315322876,729,2219,False,False,3ecdc9847f50f75edffcb18b,19,5,784.53125,180.72432432432433,False,row0_col1
1732,624080,0.8007357120513916,1.0510532855987549,172,1400,False,False,3ecdc9847f50f75edffcb18b,16,14,681.21875,490.51891891891893,False,row1_col1
1733,624195,0.91925680637359597,1.1267409324645996,1439,1085,False,False,3ecdc9847f50f75edffcb18b,3,18,233.53125,628.20540540540537,False,row1_col0
1734,624742,0.77147090435028065,1.1856251955032349,506,3454,False,False,ba9db5a3245e9a9afea5743b,6,3,330.84375,95.139037433155082,True,padding_center
1735,624888,1.0236310958862305,1.272891640663147,415,1489,False,False,ba9db5a3245e9a9afea5743b,24,7,950.71875,233.06417112299465,False,row0_col2
1736,625182,1.0792566537857056,1.2527186870574951,559,1159,False,False,ba9db5a3245e9a9afea5743b,30,16,1157.34375,543.39572192513367,False,row1_col2
1737,625966,1.1043413877487185,1.2588710784912107,4080,824,False,False,6e40a5c5b295ccc3dce76395,14,9,621.15625,313.04347826086956,False,row0_col1
1738,626256,0.94120597839355458,1.1237976551055908,2408,518,False,False,6e40a5c5b295ccc3dce76395,16,18,690.28125,624.52173913043475,False,row1_col1
1739,626270,0.87129110097885132,1.1956747770309448,2303,2767,False,False,6e40a5c5b295ccc3dce76395,30,18,1174.15625,624.52173913043475,False,row1_col2
1740,626507,0.97243708372116078,1.2286446094512939,2482,506,False,False,6e40a5c5b295ccc3dce76395,11,26,517.46875,901.39130434782612,False,row2_col1
1741,626632,0.43780338764190668,0.45834335684776301,131,226,False,False,6e40a5c5b295ccc3dce76395,8,30,413.78125,1039.8260869565215,True,padding_center
1742,627371,0.88488262891769398,0.95817673206329335,2515,323,False,False,25186f0fe5a6a8eb590010cb,11,21,511.828125,742.5901639344263,False,row2_col1
1743,627807,0.39428681135177612,1.1921809911727903,4090,183,False,False,51c32ff783d3d94292851b8f,31,2,1202.78125,70.680851063829792,True,padding_center
1744,627851,0.90911841392517079,1.0279597043991089,614,2887,False,False,51c32ff783d3d94292851b8f,11,4,514.03125,139.61702127659575,False,row0_col1
1745,627878,0.95518523454666115,1.1179206371307373,4078,3084,False,False,51c32ff783d3d94292851b8f,6,5,341.84375,174.08510638297872,False,row0_col0
1746,628784,0.33449468016624451,0.62497657537460316,2002,1706,False,False,a4a1ff5a510d9f0f6ff44d92,16,1,731.796875,33.222222222222229,True,padding_center
1747,628992,1.0360527038574221,0.89533209800720215,209,1452,False,False,a4a1ff5a510d9f0f6ff44d92,0,8,178.296875,275.2962962962963,False,row0_col0
1748,628993,0.87062585353851307,1.3051638603210447,1293,950,False,False,a4a1ff5a510d9f0f6ff44d92,1,8,212.890625,275.2962962962963,False,row0_col0
1749,629187,1.2073122262954712,1.1910704374313354,1472,2170,False,False,a4a1ff5a510d9f0f6ff44d92,3,14,282.078125,482.78835978835974,False,row1_col0
1750,630071,1.0016201734542849,1.0090309381484983,3929,2812,False,False,c8ee69c5118846a9c6b2bd2e,23,9,954.546875,303.95744680851067,False,row0_col2
1751,630590,1.0646932125091553,1.1849695444107056,1204,1248,False,False,c8ee69c5118846a9c6b2bd2e,30,25,1195.390625,855.44680851063833,False,row2_col2
1752,631158,0.93879562616348255,1.1625646352767944,1621,3971,False,False,b63e42826d3c50ac6f3ed58b,22,11,878.84375,392.4677419354839,False,row0_col2
1753,631599,1.044035792350769,1.2253628969192505,3501,2455,False,False,b63e42826d3c50ac6f3ed58b,15,25,637.78125,874.79032258064512,False,row2_col1
1754,632585,0.94583487510681163,1.1710466146469116,349,336,False,False,5b1f5c81c875f06122031a4b,9,24,441.234375,829.66666666666663,False,row2_col0
1755,632826,0.29912504553794861,1.0854002237319946,3458,226,False,False,5b1f5c81c875f06122031a4b,26,31,1030.390625,1072.3333333333335,True,padding_center
1756,632953,0.6385686993598938,1.3044699430465698,506,3454,False,False,129602615670ca169c5d2adf,25,3,954.734375,107.70430107526882,True,padding_center
1757,633221,1.0109243392944336,1.2561955451965332,777,906,False,False,129602615670ca169c5d2adf,5,12,261.609375,419.31720430107526,False,row1_col0
1758,633238,0.94653022289276123,1.3033504486083984,3827,1628,False,False,129602615670ca169c5d2adf,22,12,850.765625,419.31720430107526,False,row1_col2
1759,633405,0.96334236860275257,1.0105360746383667,168,3730,False,False,129602615670ca169c5d2adf,29,17,1093.359375,592.4354838709678,False,row1_col2
1760,634003,0.94209408760070801,1.24495530128479,1691,1792,False,False,de19dbe16ab3f3ee599806c3,19,4,781.234375,141.04761904761904,False,row0_col1
1761,634715,1.1363676786422727,1.3834687471389773,1256,1389,False,False,de19dbe16ab3f3ee599806c3,27,26,1059.484375,906.50793650793651,False,row2_col2
1762,634758,0.61252111196517944,1.225211501121521,768,2866,False,False,de19dbe16ab3f3ee599806c3,6,28,329.078125,976.09523809523819,True,padding_center
1763,634933,0.2415274381637573,0.50078994035720825,86,1706,False,False,8bf8afec70e5fbe4d7956c1a,21,1,898.5,27.950819672131146,True,padding_center
1764,634957,0.47708424925804133,0.98046839237213124,2362,286,False,False,8bf8afec70e5fbe4d7956c1a,13,2,618.5,62.967213114754102,True,padding_center
1765,635327,0.80711245536804188,1.1754347085952761,97,115,False,False,8bf8afec70e5fbe4d7956c1a,31,13,1248.5,448.14754098360658,False,row1_col2
1766,635457,1.1736526489257812,1.4330185651779177,852,2421,False,False,8bf8afec70e5fbe4d7956c1a,1,18,198.5,623.22950819672133,False,row1_col0
1767,635547,1.2395187616348269,0.95575988292694081,203,1065,False,False,8bf8afec70e5fbe4d7956c1a,27,20,1108.5,693.26229508196718,False,row2_col2
1768,635740,1.2609952688217163,1.2994383573532104,1256,3136,False,False,8bf8afec70e5fbe4d7956c1a,28,26,1143.5,903.36065573770486,False,row2_col2
1769,636901,0.40242934226989741,1.075482964515686,1373,226,False,False,eaebcbae772a8146aa9919c7,5,31,288.265625,1080.7340425531916,True,padding_center
1770,637464,1.755237340927124,1.3441250324249268,1316,806,False,False,b672bab83cdd2e2fd3e3b92b,24,16,972.546875,543.46073298429314,False,row1_col2
1771,637747,1.1036866903305054,1.3722909688949585,4016,3297,False,False,b672bab83cdd2e2fd3e3b92b,19,25,799.578125,854.83246073298426,False,row2_col1
1772,637914,0.4665113091468811,0.66243475675582875,542,226,False,False,b672bab83cdd2e2fd3e3b92b,26,30,1041.734375,1027.8167539267015,True,padding_center
1773,639081,0.80521577596664418,1.147327184677124,2394,1840,False,False,2f3e9ad50350b43cdcf05159,9,3,404.640625,102.33333333333334,True,padding_center
1774,639393,1.1968138217926023,0.96569222211837757,2390,274,False,False,2f3e9ad50350b43cdcf05159,1,13,127.890625,449,False,row1_col0
1775,639423,0.89646273851394653,0.96363794803619385,3836,115,False,False,2f3e9ad50350b43cdcf05159,31,13,1165.703125,449,False,row1_col2
1776,639781,1.0505784749984739,1.2436907291412354,3561,3674,False,False,2f3e9ad50350b43cdcf05159,5,25,266.265625,865,False,row2_col0
1777,640505,1.4052058458328247,1.3125462532043457,924,2189,False,False,9f327dfc03f3e723c3265429,25,15,1018.15625,506.79166666666669,False,row1_col2
1778,640693,1.0455986261367798,1.260399341583252,83,1180,False,False,9f327dfc03f3e723c3265429,21,21,880.40625,713.29166666666663,False,row2_col2
1779,641433,0.96350586414337158,1.2615747451782229,1117,3346,False,False,a96e8fbb128dc3f4ea56a755,25,12,966.15625,416.56084656084653,False,row1_col2
1780,641521,1.215085506439209,1.2012670040130615,1539,1367,False,False,a96e8fbb128dc3f4ea56a755,17,15,690.65625,519.92592592592587,False,row1_col1
1781,641960,0.42059746384620661,1.1832561492919922,367,226,False,False,a96e8fbb128dc3f4ea56a755,8,29,380.71875,1002.2962962962964,True,padding_center
1782,642421,1.0648622512817385,1.3465129137039185,2264,3790,False,False,ca518dedba290221845d80f3,21,11,844.09375,374.26086956521738,False,row0_col2
1783,642599,1.7215286493301392,1.0119223594665527,2957,1988,False,False,ca518dedba290221845d80f3,7,17,360.21875,581.91304347826076,False,row1_col0
1784,642680,1.5167518854141235,1.522370457649231,2121,2335,False,False,ca518dedba290221845d80f3,24,19,947.78125,651.13043478260875,False,row1_col2
1785,643695,1.2468006610870359,1.4040312767028809,395,3065,False,False,7195fe8d91f57cee82a76acd,15,19,621.65625,659.44919786096261,False,row1_col1
1786,643808,0.92335218191146839,0.94406288862228405,1422,3433,False,False,7195fe8d91f57cee82a76acd,0,23,101.34375,798.05882352941171,False,row2_col0
1787,644508,1.453001856803894,1.3959959745407104,765,1064,False,False,7d6050d5579cb6deb88d8cf8,28,12,1083.375,424.94117647058823,False,row1_col2
1788,644810,1.1983320713043213,1.2251006364822388,2014,1243,False,False,7d6050d5579cb6deb88d8cf8,10,22,457.875,772.74866310160428,False,row2_col0
1789,645139,0.27713286876678461,0.97239130735397317,3545,1706,False,False,05f41bd57337a78242d25d3e,19,0,788.578125,5.7643979057591679,True,padding_center
1790,645389,0.97901791334152222,1.0507885217666626,1229,2023,False,False,05f41bd57337a78242d25d3e,13,8,581.015625,282.87434554973822,False,row0_col1
1791,645643,1.299787163734436,1.2834296226501465,3879,1190,False,False,05f41bd57337a78242d25d3e,11,16,511.828125,559.98429319371735,False,row1_col1
1792,645775,0.91221821308135975,1.2658504247665403,1667,3373,False,False,05f41bd57337a78242d25d3e,15,20,650.203125,698.53926701570674,False,row2_col1
1793,646254,0.86778819561004628,1.0360342264175415,1187,2233,False,False,78320b73d7e5345b4fe8afe9,14,3,584.515625,115.38624338624339,True,padding_center
1794,646556,0.9553743004798888,1.4137096405029297,765,343,False,False,78320b73d7e5345b4fe8afe9,28,12,1069.703125,426.62433862433863,False,row1_col2
1795,647322,0.81877601146697987,1.2546582221984863,3648,376,False,False,d0b31ef595869ea82b00c98a,26,4,1055.59375,147.90000000000001,False,row0_col2
1796,647493,1.151303768157959,1.2262387275695801,3716,2621,False,False,d0b31ef595869ea82b00c98a,5,10,332.40625,354.30000000000001,False,row0_col0
1797,647542,0.80738937854766835,1.2622238397598269,1621,3790,False,False,d0b31ef595869ea82b00c98a,22,11,917.84375,388.70000000000005,False,row0_col2
1798,647638,1.2758393287658691,1.1359802484512329,1124,392,False,False,d0b31ef595869ea82b00c98a,22,14,917.84375,491.90000000000003,False,row1_col2
1799,648572,1.4321002960205078,1.216026782989502,1058,2279,False,False,0a002938726018c2f380fd7f,28,11,1074.578125,377.25405405405411,False,row0_col2
1800,649339,0.72742229700088501,1.110629677772522,1904,2646,False,False,3f8c7ad9849e7d9320a48378,27,3,1029.046875,97.691891891891885,True,padding_center
1801,649349,0.75354498624801625,1.1977286338806152,3514,2501,False,False,3f8c7ad9849e7d9320a48378,5,4,266.609375,132.32972972972973,False,row0_col0
1802,649891,1.0453536510467527,1.0807123184204102,27,2098,False,False,3f8c7ad9849e7d9320a48378,3,21,197.296875,721.17297297297296,False,row2_col0
1803,650833,0.82475572824478138,1.359180212020874,1694,3038,False,False,4b2633be99f67ebb463d227e,17,18,693.65625,623.20540540540537,False,row1_col1
1804,652022,0.97099643945693959,1.279247522354126,897,2725,False,False,419d4372c4c0bfbddc5d5b65,22,23,895.84375,792.51063829787233,False,row2_col2
1805,652072,1.1016432046890261,1.2727679014205933,457,3517,False,False,419d4372c4c0bfbddc5d5b65,8,25,413.71875,861.44680851063833,False,row2_col0
1806,652903,1.6024461984634399,1.3328125476837158,1960,2486,False,False,54f228b2ef6b12f663053845,7,19,370.578125,658.70680628272248,False,row1_col0
1807,653011,1.2161687612533567,1.3823909759521484,3632,549,False,False,54f228b2ef6b12f663053845,19,22,782.703125,761.61780104712045,False,row2_col1
1808,653528,1.0772658586502075,1.2901993989944458,1021,3486,False,False,8a106526a24206c71ac97fc4,24,6,925.953125,212.48663101604279,False,row0_col2
1809,653538,1.0192310810089111,1.3391503095626831,1128,3784,False,False,8a106526a24206c71ac97fc4,2,7,169.015625,246.92513368983958,False,row0_col0
1810,653558,0.94640558958053578,1.3363350629806521,240,1185,False,False,8a106526a24206c71ac97fc4,22,7,857.140625,246.92513368983958,False,row0_col2
1811,653639,0.85350030660629272,1.036532998085022,3860,555,False,False,8a106526a24206c71ac97fc4,7,10,341.046875,350.24064171122996,False,row0_col0
1812,653856,0.66929048299789418,1.238625168800354,2259,2421,False,False,8a106526a24206c71ac97fc4,0,17,100.203125,591.31016042780755,False,row1_col0
1813,653899,1.0703895092010498,1.1379184722900393,3649,989,False,False,8a106526a24206c71ac97fc4,11,18,478.671875,625.74866310160428,False,row1_col1
1814,654232,0.74514389038085926,1.2087150812149048,1126,564,False,False,8a106526a24206c71ac97fc4,24,28,925.953125,970.13368983957218,True,padding_center
1815,654437,0.64887374639511097,1.0377228260040283,2459,2646,False,False,d76501c670a10ab364d9061e,5,3,283.234375,102.44736842105263,True,padding_center
1816,654479,0.8752555251121521,1.2446755170822144,2122,92,False,False,d76501c670a10ab364d9061e,15,4,627.296875,136.93157894736842,False,row0_col1
1817,654537,1.0625067949295044,1.2440390586853027,3613,2989,False,False,d76501c670a10ab364d9061e,9,6,420.859375,205.90000000000001,False,row0_col0
1818,655957,1.419424295425415,1.3286548852920532,4023,2298,False,False,2ee1148cf2bfb979a3c11be3,21,18,845.125,612.56521739130437,False,row1_col2
1819,656074,1.1871852874755859,1.0509364604949951,3775,1243,False,False,2ee1148cf2bfb979a3c11be3,10,22,462.875,751.86956521739137,False,row2_col0
1820,656297,0.4920208752155304,1.1397924423217771,272,226,False,False,2ee1148cf2bfb979a3c11be3,9,29,428.125,995.65217391304338,True,padding_center
1821,656766,1.03825843334198,1.2254382371902466,1584,3294,False,False,82da62713a0e4c22cbd7efd6,30,11,1155.15625,379.79459459459463,False,row0_col2
1822,656838,1.1557222604751587,1.229178786277771,2069,2011,False,False,82da62713a0e4c22cbd7efd6,6,14,325.65625,483.70810810810815,False,row1_col0
1823,657851,1.008049488067627,1.3229160308837893,916,1456,False,False,c530cb0c0e739b7c0af0415d,27,13,1029.171875,449.82978723404256,False,row1_col2
1824,658098,0.91805154085159302,1.1758409738540647,228,3921,False,False,c530cb0c0e739b7c0af0415d,18,21,719.515625,725.57446808510633,False,row2_col1
1825,658239,0.95006078481674205,1.1777245998382568,494,2196,False,False,c530cb0c0e739b7c0af0415d,31,25,1166.796875,863.44680851063833,False,row2_col2
1826,658296,0.83972090482711792,1.1747606992721558,1812,1767,False,False,c530cb0c0e739b7c0af0415d,24,27,925.953125,932.38297872340434,False,row2_col2
1827,658725,1.1741737127304075,1.278375506401062,2305,3195,False,False,ee0789a261852bef9369707a,5,9,332.09375,318.51891891891893,False,row0_col0
1828,658799,1.1750880479812622,1.1312397718429563,697,297,False,False,ee0789a261852bef9369707a,15,11,677.71875,387.79459459459463,False,row0_col1
1829,659670,1.0169107913970947,1.3177807331085205,244,3486,False,False,e529d504569d28a662f4d013,22,6,895.84375,207.48663101604279,False,row0_col2
1830,659765,1.0190669298171997,1.2130173444747925,328,3925,False,False,e529d504569d28a662f4d013,21,9,861.40625,310.80213903743316,False,row0_col2
1831,660273,0.85173326730728138,1.3128446340560913,3639,2455,False,False,e529d504569d28a662f4d013,17,25,723.65625,861.81818181818176,False,row2_col1
1832,660283,1.1136788129806521,1.1438589096069336,736,3973,False,False,e529d504569d28a662f4d013,27,25,1068.03125,861.81818181818176,False,row2_col2
1833,660556,0.45753619074821472,0.84635704755783081,1579,286,False,False,09b397b83ed83e6306d85ec0,12,2,553.203125,64.782608695652172,True,padding_center
1834,661772,1.1626644134521484,1.2103568315505979,1809,2310,False,False,a273599ec5e8931a631b6e7b,12,8,575.203125,272.2962962962963,False,row0_col1
1835,661841,1.2669093608856199,1.2882615327835083,1206,100,False,False,a273599ec5e8931a631b6e7b,17,10,748.484375,341.46031746031747,False,row0_col1
1836,662153,1.1276307106018066,1.3141216039657593,2183,2134,False,False,a273599ec5e8931a631b6e7b,9,20,471.234375,687.28042328042329,False,row2_col0
1837,662773,0.93799209594726562,1.1311626434326172,1757,2716,False,False,792cd13f9196dd3204ade0a9,21,7,843.109375,237.71428571428572,False,row0_col2
1838,662889,1.0038114786148071,1.1653190851211548,3733,2568,False,False,792cd13f9196dd3204ade0a9,9,11,427.234375,376.04232804232799,False,row0_col0
1839,663506,0.32149869203567499,0.88437044620513905,3778,226,False,False,792cd13f9196dd3204ade0a9,18,30,739.140625,1033.1005291005292,True,padding_center
1840,664001,1.0631191730499268,1.2212010622024536,1811,274,False,False,3f0b56e3daead59ea51a5d24,1,14,187.890625,484.5625,False,row1_col0
1841,664290,1.0866727828979492,1.2823399305343628,241,3644,False,False,3f0b56e3daead59ea51a5d24,2,23,222.484375,796.1875,False,row2_col0
1842,664299,0.96260619163513184,1.2990367412567141,3971,1310,False,False,3f0b56e3daead59ea51a5d24,11,23,533.828125,796.1875,False,row2_col1
1843,664388,1.0196734666824341,1.3168392181396484,1491,2846,False,False,3f0b56e3daead59ea51a5d24,4,26,291.671875,900.0625,False,row2_col0
1844,665063,1.6307390928268433,1.5116875171661377,3917,1702,False,False,227969fa61ff286c2e58e4b7,7,15,379.28125,515.90270270270275,False,row1_col0
1845,666376,0.98184013366699197,1.2371346950531006,332,1902,False,False,1f71908a38f1553f04f21601,8,24,436.578125,817.60846560846562,False,row2_col0
1846,666754,0.86536145210266113,1.0278199911117554,1292,1533,False,False,dbf09619c576033279939c88,2,4,190.09375,145.21465968586386,False,row0_col0
1847,666856,1.015241265296936,1.1659265756607056,1366,2592,False,False,dbf09619c576033279939c88,8,7,396.71875,248.50261780104711,False,row0_col0
1848,666988,0.84356331825256337,1.1430168151855469,1151,2973,False,False,dbf09619c576033279939c88,12,11,534.46875,386.21989528795814,False,row0_col1
1849,668224,0.92128437757492065,1.1021773815155027,2259,2421,False,False,6c1df3cf7ff28325175c51f9,0,18,164.296875,627.05913978494618,False,row1_col0
1850,668409,1.0278583765029907,1.0637917518615725,2287,88,False,False,6c1df3cf7ff28325175c51f9,25,23,1029.140625,800.17741935483878,False,row2_col2
1851,668445,1.2059032917022705,1.2356177568435669,1826,3866,False,False,6c1df3cf7ff28325175c51f9,29,24,1167.515625,834.80107526881716,False,row2_col2
1852,668493,0.97030496597290039,1.2901495695114136,3617,2765,False,False,6c1df3cf7ff28325175c51f9,13,26,614.015625,904.04838709677426,False,row2_col1
1853,668716,0.34927719831466669,0.79404842853546143,1999,1706,False,False,69e9731cb1bb99f66cbbadef,12,1,579.421875,29.147368421052633,True,padding_center
1854,669743,0.32966017723083491,0.61401653289794922,3584,1706,False,False,9cb4460b3d110d026116cef5,15,1,676.171875,28.416216216216213,True,padding_center
1855,669748,0.26053330302238459,0.70060563087463368,2027,1706,False,False,9cb4460b3d110d026116cef5,20,1,849.453125,28.416216216216213,True,padding_center
1856,669819,0.78270310163497925,1.0411652326583862,1904,2646,False,False,9cb4460b3d110d026116cef5,27,3,1092.046875,97.691891891891885,True,padding_center
1857,669863,0.94067084789276123,1.1524829864501951,4078,3084,False,False,9cb4460b3d110d026116cef5,7,5,398.921875,166.96756756756758,False,row0_col0
1858,670183,1.5173376798629761,1.3049278259277344,1015,1702,False,False,9cb4460b3d110d026116cef5,7,15,398.921875,513.34594594594591,False,row1_col0
1859,670428,0.99678212404251076,1.185834527015686,3777,2218,False,False,9cb4460b3d110d026116cef5,28,22,1126.703125,755.81081081081084,False,row2_col2
1860,670744,0.2125960290431976,1.1469534635543823,1541,1706,False,False,9a9832c17e186ccd3563cf20,24,0,988.953125,-3.2553191489361666,True,padding_center
1861,671294,0.9570583701133728,1.1649466753005979,3800,659,False,False,9a9832c17e186ccd3563cf20,30,17,1195.390625,582.70212765957444,False,row1_col2
1862,671418,1.5285515785217283,1.427578330039978,1994,3013,False,False,9a9832c17e186ccd3563cf20,26,21,1057.765625,720.57446808510633,False,row2_col2
1863,671581,1.1049764156341553,1.1446974277496338,2187,2817,False,False,9a9832c17e186ccd3563cf20,29,26,1160.984375,892.91489361702122,False,row2_col2
1864,672109,1.1780462265014648,1.3584364652633667,1719,29,False,False,d692f72fe45c727cb0757d5a,13,11,642.640625,366.8051282051282,False,row0_col1
1865,672355,1.2236466407775879,1.3037087917327881,2377,1713,False,False,d692f72fe45c727cb0757d5a,3,19,299.203125,641.18461538461543,False,row1_col0
1866,672483,0.98147350549697876,1.3857822418212893,827,3916,False,False,d692f72fe45c727cb0757d5a,3,23,299.203125,778.37435897435898,False,row2_col0
1867,672561,1.0707681179046633,1.325804591178894,2261,3788,False,False,d692f72fe45c727cb0757d5a,17,25,780.015625,846.96923076923076,False,row2_col1
1868,672566,1.052782416343689,1.3681334257125854,2196,3124,False,False,d692f72fe45c727cb0757d5a,22,25,951.734375,846.96923076923076,False,row2_col2
1869,673139,1.0901564359664917,1.4447594881057739,2023,2911,False,False,5ddeb64b3381d9f94e5481f0,19,11,831.796875,376.69354838709677,False,row0_col1
1870,673655,0.81907570362091064,1.2818229198455813,4042,2866,False,False,5ddeb64b3381d9f94e5481f0,23,27,970.421875,930.67204301075265,False,row2_col2
1871,673735,0.2712647020816803,0.81828773021697987,502,226,False,False,5ddeb64b3381d9f94e5481f0,7,30,415.921875,1034.5430107526881,True,padding_center
1872,673737,0.28626471757888788,0.80055809020996094,502,226,False,False,5ddeb64b3381d9f94e5481f0,9,30,485.234375,1034.5430107526881,True,padding_center
1873,674341,1.4691250324249268,1.1628278493881226,2099,1364,False,False,187703c2aaaaa1fd86865fe2,5,17,337.265625,581.05759162303661,False,row1_col0
1874,674510,1.2630128860473633,1.2852963209152222,1635,2564,False,False,187703c2aaaaa1fd86865fe2,14,22,648.609375,754.04188481675396,False,row2_col1
1875,675159,1.1552859544754028,1.4122241735458374,3995,1877,False,False,0a3535e7cb0948b575c9ea8e,23,10,966.625,340.55384615384617,False,row0_col2
1876,676389,1.7414009571075439,1.3729386329650879,262,2362,False,False,36bbd488b40fa9d32e6c7611,5,17,324.09375,596.87700534759369,False,row1_col0
1877,676875,0.23775216937065119,1.0891444683074951,1884,1706,False,False,4d5d55e234be8f30903864ed,11,0,514.03125,1.7446808510638334,True,padding_center
1878,677221,0.85180497169494618,1.1175742149353027,2520,681,False,False,4d5d55e234be8f30903864ed,5,11,307.40625,380.89361702127655,False,row0_col0
1879,677437,0.93776142597198475,1.0880266427993774,544,3730,False,False,4d5d55e234be8f30903864ed,29,17,1133.90625,587.70212765957444,False,row1_col2
1880,678722,0.94015294313430775,1.3277400732040403,3409,1600,False,False,29885a385c0c3cb416f20ecb,2,26,231.40625,895.4918918918919,False,row2_col0
1881,678732,0.91982746124267556,1.1707562208175659,1675,2765,False,False,29885a385c0c3cb416f20ecb,12,26,577.03125,895.4918918918919,False,row2_col1
1882,679081,0.88768565654754628,1.1164441108703611,3657,2803,False,False,f6a612467fd1531566860d2f,9,5,459.015625,159.45744680851064,False,row0_col0
1883,679277,1.0269484519958496,1.299752950668335,1719,29,False,False,f6a612467fd1531566860d2f,13,11,598.390625,368.05319148936167,False,row0_col1
1884,680078,0.95597958564758301,1.1246060132980349,3696,2342,False,False,a068182310908092bce2685c,14,4,640.609375,135,False,row0_col1
1885,680155,1.0390447378158567,1.3575633764266968,1083,2936,False,False,a068182310908092bce2685c,27,6,1090.328125,204.24590163934425,False,row0_col2
1886,680397,0.92219287157058716,0.94484758377075195,1130,2607,False,False,a068182310908092bce2685c,13,14,606.015625,481.22950819672133,False,row1_col1
1887,680404,0.96070945262908924,1.1421629190444946,3948,2949,False,False,a068182310908092bce2685c,20,14,848.171875,481.22950819672133,False,row1_col1
1888,680657,1.1665823459625244,1.3155726194381714,173,2649,False,False,a068182310908092bce2685c,17,22,744.390625,758.21311475409834,False,row2_col1
1889,680993,0.32794952392578119,1.045218825340271,719,15,False,False,adaa8ed3d22e57fc4d08fec5,1,1,188.03125,27.913043478260875,True,padding_center
1890,681139,1.0454555749893188,1.1325000524520874,444,2219,False,False,adaa8ed3d22e57fc4d08fec5,19,5,812.40625,166.69565217391303,False,row0_col1
1891,681175,1.1485692262649536,1.3807241916656494,244,3486,False,False,adaa8ed3d22e57fc4d08fec5,23,6,951.15625,201.39130434782606,False,row0_col2
1892,681513,1.7231431007385254,1.4540587663650513,2509,2001,False,False,adaa8ed3d22e57fc4d08fec5,9,17,465.53125,583.04347826086951,False,row1_col0
1893,681663,1.0393555164337158,1.1904230117797852,1069,438,False,False,adaa8ed3d22e57fc4d08fec5,31,21,1228.65625,721.82608695652175,False,row2_col2
1894,681768,1.043192982673645,1.1379483938217163,3824,3517,False,False,adaa8ed3d22e57fc4d08fec5,8,25,430.84375,860.60869565217388,False,row2_col0
1895,682224,1.1456420421600342,1.3422918319702148,2495,595,False,False,35218b9430d5988bdbd5cbcd,16,7,682.1875,256.10000000000002,False,row0_col1
1896,682236,1.0282974243164062,1.25736403465271,176,3583,False,False,35218b9430d5988bdbd5cbcd,28,7,1094.6875,256.10000000000002,False,row0_col2
1897,682535,1.9084204435348513,1.2712478637695312,934,1478,False,False,35218b9430d5988bdbd5cbcd,7,17,372.8125,600.09999999999991,False,row1_col0
1898,683099,0.57238757610321045,0.94743025302886963,2273,2162,False,False,af97ad278b11dd6829adda17,27,2,1027.328125,65.302197802197796,True,padding_center
1899,683986,0.24603965878486631,0.8082769513130188,2008,226,False,False,af97ad278b11dd6829adda17,18,30,715.984375,1036.3791208791208,True,padding_center
1900,684158,1.1356745958328247,0.6897696852684021,761,2091,False,False,5f992fdd05552118b4d67202,30,3,1182.96875,97.391304347826093,True,padding_center
1901,684248,1.0296187400817871,1.1435726881027222,4079,3486,False,False,5f992fdd05552118b4d67202,24,6,974.84375,201.21739130434781,False,row0_col2
1902,684291,1.0137289762496948,1.4182807207107544,835,1857,False,False,5f992fdd05552118b4d67202,3,8,246.40625,270.43478260869563,False,row0_col0
1903,684822,1.1345252990722656,1.3550134897232056,3846,3677,False,False,5f992fdd05552118b4d67202,22,24,905.46875,824.17391304347825,False,row2_col2
1904,685045,0.25582537055015558,1.0650418996810913,1284,226,False,False,5f992fdd05552118b4d67202,21,31,870.78125,1066.4347826086957,True,padding_center
1905,685390,0.9602433443069458,0.99186068773269642,66,902,False,False,f1ca105fe73c64e1d617894e,14,10,617.34375,333.42553191489361,False,row0_col1
1906,685557,1.1470543146133425,1.3853456974029541,1741,4001,False,False,f1ca105fe73c64e1d617894e,21,15,858.40625,505.76595744680856,False,row1_col2
1907,685573,1.2348423004150393,1.2473322153091433,128,1806,False,False,f1ca105fe73c64e1d617894e,5,16,307.40625,540.23404255319156,False,row1_col0
1908,686388,0.87164986133575428,1.191641092300415,1449,1121,False,False,e05c476bdaaa88a4e12af225,20,9,830.453125,306.87830687830683,False,row0_col1
1909,686412,0.91699630022048961,1.4299278259277344,1218,201,False,False,e05c476bdaaa88a4e12af225,12,10,553.203125,341.46031746031747,False,row0_col1
1910,687973,0.90753650665283203,1.0559759140014648,4073,322,False,False,c06d3ceaf63e1591e4fb4494,5,27,318.609375,941.01047120418855,False,row2_col0
1911,688240,0.69099044799804676,1.1644476652145386,1557,2233,False,False,932274c0ff4cbf8cb7b96e8d,16,3,698.796875,108.37704918032787,True,padding_center
1912,688343,1.0200023651123049,1.3430558443069458,1021,3486,False,False,932274c0ff4cbf8cb7b96e8d,23,6,940.953125,212.24590163934425,False,row0_col2
1913,689348,1.0985250473022461,1.2064520120620728,1480,2656,False,False,3bfdd25cbb71671f75e39ff5,4,6,267.53125,205.90000000000001,False,row0_col0
1914,689376,0.7020573616027832,1.0892680883407593,1222,1452,False,False,3bfdd25cbb71671f75e39ff5,0,7,129.28125,240.38421052631577,False,row0_col0
1915,689768,1.3749679327011108,1.2272790670394895,1516,1953,False,False,3bfdd25cbb71671f75e39ff5,8,19,405.78125,654.19473684210527,False,row1_col0
1916,690206,0.19515654444694511,0.85621559619903564,945,2547,False,False,7518c6376e2146766b15e23d,30,0,1160.875,8.7736842105263122,True,padding_center
1917,690476,1.076000452041626,1.1399123668670654,3461,864,False,False,7518c6376e2146766b15e23d,12,9,535.375,322.16315789473686,False,row0_col1
1918,691253,0.3547910749912262,0.65012443065643311,1335,1706,False,False,26b9524860e2f239e66cf060,21,1,859.78125,28.4375,True,padding_center
1919,691299,0.7061040997505188,1.1673386096954346,3235,2646,False,False,26b9524860e2f239e66cf060,3,3,235.40625,97.6875,True,padding_center
1920,691507,1.3308720588684082,1.2089872360229492,392,552,False,False,26b9524860e2f239e66cf060,19,9,790.40625,305.4375,False,row0_col1
1921,692103,0.82396858930587757,0.89152389764785755,3601,2012,False,False,26b9524860e2f239e66cf060,7,28,374.15625,963.31249999999989,True,padding_center
1922,692359,0.74191582202911366,1.2586150169372561,2218,2803,False,False,b03b20f2cfe9c76ed5856a60,7,4,398.453125,144.96825396825398,False,row0_col0
1923,692920,0.96350318193435658,1.0865994691848757,1426,2406,False,False,b03b20f2cfe9c76ed5856a60,24,21,986.546875,732.86243386243382,False,row2_col2
1924,693444,1.0427407026290894,1.2596391439437866,3609,2656,False,False,cefaf5a44ecfd5ed51bd547c,4,6,286.53125,196.84042553191489,False,row0_col0
1925,693765,1.2208958864212036,1.2132208347320557,1817,1675,False,False,cefaf5a44ecfd5ed51bd547c,5,16,321.09375,542.79787234042556,False,row1_col0
1926,694388,0.58376681804656982,1.190879225730896,1887,3454,False,False,2ee12c1915309e3c1ad2d6ae,20,3,848.171875,102.02127659574468,True,padding_center
1927,694690,0.83864736557006825,1.0257822275161743,1190,491,False,False,2ee12c1915309e3c1ad2d6ae,2,13,225.484375,448.40425531914894,False,row1_col0
1928,695420,0.71840512752532948,1.2348926067352295,1904,2646,False,False,f4ea954c51ce0e258f3d741b,28,3,1088.46875,123.17112299465241,True,padding_center
1929,695636,1.0684720277786257,0.93406021595001221,3692,1488,False,False,f4ea954c51ce0e258f3d741b,20,10,812.96875,364.24064171122996,False,row0_col1
1930,696189,0.99052149057388295,1.3609596490859983,1668,1618,False,False,f4ea954c51ce0e258f3d741b,29,27,1122.90625,949.69518716577534,False,row2_col2
1931,696829,0.84468722343444824,1.1434694528579712,160,188,False,False,9d07c1fef6d1259f6fa6a262,29,15,1079.59375,520.695652173913,False,row1_col2
1932,696833,0.88877856731414795,1.2576454877853394,4045,570,False,False,9d07c1fef6d1259f6fa6a262,1,16,111.84375,555.304347826087,False,row1_col0
1933,697461,0.72822350263595581,1.2433896064758301,4084,3454,False,False,0aefb854b741b33901ea1e52,21,3,860.765625,97.010695187165766,True,padding_center
1934,698651,0.96087783575057983,1.2782813310623169,1634,1631,False,False,1003aab33f20bcdbe2120a89,27,8,1078.625,290.34210526315792,False,row0_col2
1935,699599,1.0963811874389648,1.4458537101745603,1536,1086,False,False,3298125517c7a54235ced2e8,15,6,659.78125,203.55319148936172,False,row0_col1
1936,700036,1.3873628377914429,1.3415764570236206,2129,358,False,False,3298125517c7a54235ced2e8,4,20,280.96875,686.10638297872345,False,row2_col0
1937,700191,0.77449500560760487,1.2906215190887451,361,1564,False,False,3298125517c7a54235ced2e8,31,24,1210.78125,823.97872340425533,False,row2_col2
1938,700741,1.0434705018997192,1.1001864671707151,4032,2621,False,False,e9bb5bb030daf0c555014200,5,10,307.609375,347.57754010695191,False,row0_col0
1939,700834,0.96214073896408081,0.82555055618286133,1190,491,False,False,e9bb5bb030daf0c555014200,2,13,203.640625,451.5347593582888,False,row1_col0
1940,701061,1.2348383665084841,1.0808075666427612,787,2962,False,False,e9bb5bb030daf0c555014200,5,20,307.609375,694.10160427807489,False,row2_col0
1941,702019,1.3300408124923706,1.3108996152877808,1439,1602,False,False,8add5feca183d695007a94e7,3,18,232.96875,624.52173913043475,False,row1_col0
1942,702623,0.74519675970077515,1.0060172080993652,4075,3628,False,False,16d0765a08e3d244f634276d,31,4,1195.625,157.69518716577539,False,row0_col2
1943,703274,1.0507193803787231,1.2452863454818726,2517,1632,False,False,16d0765a08e3d244f634276d,10,25,465.875,888.09090909090912,False,row2_col0
1944,703339,0.82304161787033081,1.0765087604522705,2091,1767,False,False,16d0765a08e3d244f634276d,11,27,500.625,957.65240641711227,False,row2_col1
1945,703581,0.45709908008575428,0.82976198196411133,818,2162,False,False,3610a7a8fae8831f175ef8a6,29,2,1125.90625,81.680851063829792,True,padding_center
1946,703758,0.88095813989639282,1.0946359634399414,3933,4059,False,False,3610a7a8fae8831f175ef8a6,14,8,609.34375,288.48936170212767,False,row0_col1
1947,703871,0.76776152849197377,1.1722021102905271,0,2407,False,False,3610a7a8fae8831f175ef8a6,31,11,1194.78125,391.89361702127655,False,row0_col2
1948,704397,0.54776626825332642,1.129016637802124,2537,2012,False,False,3610a7a8fae8831f175ef8a6,13,28,574.90625,977.85106382978722,True,padding_center
1949,704841,1.0282593965530396,1.425322413444519,860,1405,False,False,1259266d27a1502f5814f674,9,10,415.015625,342.73469387755097,False,row0_col0
1950,704955,1.1659611463546753,1.331165075302124,916,1917,False,False,1259266d27a1502f5814f674,27,13,1042.203125,447.0612244897959,False,row1_col2
1951,705009,1.1748605966567991,0.98512333631515503,1539,3009,False,False,1259266d27a1502f5814f674,17,15,693.765625,516.61224489795916,False,row1_col1
1952,705034,1.5272293090820312,0,895,3205,False,True,1259266d27a1502f5814f674,10,16,449.859375,551.38775510204084,False,row1_col0
1953,705054,1.0557600259780884,1.5229542255401611,3884,1159,False,False,1259266d27a1502f5814f674,30,16,1146.734375,551.38775510204084,False,row1_col2
1954,705715,1.2125804424285889,1.264853835105896,1104,2219,False,False,745e27be1c9edae1c661541a,19,5,836.796875,169.34615384615384,False,row0_col1
1955,706758,1.1344113349914553,1.4207254648208618,1127,2577,False,False,d1b696acc3c7aa007b3f1439,6,6,342.875,211.01570680628271,False,row0_col0
1956,707257,0.97046339511871316,1.0994057655334473,1154,2527,False,False,d1b696acc3c7aa007b3f1439,25,21,1003.125,733.10994764397901,False,row2_col2
1957,707452,1.0717970132827761,1.3874245882034302,3294,1767,False,False,d1b696acc3c7aa007b3f1439,28,27,1107.375,941.9476439790576,False,row2_col2
1958,708110,0.91349554061889637,0.92504978179931641,2498,529,False,False,a4bdf949c50c736ff2fd1e3a,14,16,606.34375,546.39572192513367,False,row1_col1
1959,708441,1.0019212961196899,1.2314395904541016,1837,2581,False,False,a4bdf949c50c736ff2fd1e3a,25,26,985.15625,891.20855614973266,False,row2_col2
1960,708914,1.0489540100097656,1.2770631313323977,2312,3976,False,False,7731cbaac561ffb2001abafb,18,9,758.609375,297.58333333333331,False,row0_col1
1961,709579,0.1380248814821243,0.68170422315597534,3913,226,False,False,7731cbaac561ffb2001abafb,11,30,514.703125,1029.0833333333335,True,padding_center
1962,709673,0.35698679089546198,0.78203827142715454,99,1706,False,False,e9a770d135ddbd041172d1f8,9,1,437.15625,24.958333333333329,True,padding_center
1963,709796,0.97946918010711681,1.1911975145339966,2722,3769,False,False,e9a770d135ddbd041172d1f8,4,5,264.96875,162.625,False,row0_col0
1964,710258,1.2929844856262207,1.1823966503143313,1908,666,False,False,e9a770d135ddbd041172d1f8,18,19,747.09375,644.45833333333337,False,row1_col1
1965,711378,1.0345916748046875,1.1139922142028809,173,3411,False,False,b4f48cd35aae2aa6542c0767,18,22,724.875,762.86956521739137,False,row2_col1
1966,711676,0.27723360061645502,1.0626145601272583,3424,226,False,False,b4f48cd35aae2aa6542c0767,28,31,1072.375,1076.304347826087,True,padding_center
1967,712102,1.1684941053390503,0.99452602863311756,57,4025,False,False,62d6d7251de0b9863368086e,6,13,349.859375,450.94086021505376,False,row1_col0
1968,712322,1.1167517900466919,1.1528030633926392,466,3309,False,False,62d6d7251de0b9863368086e,2,20,211.484375,693.30645161290329,False,row2_col0
1969,713398,1.157410740852356,1.2995727062225342,935,3984,False,False,069b4f28705cc7284f44ae3b,22,21,884.84375,725.57446808510633,False,row2_col2
1970,713566,1.0803700685501101,1.1709679365158081,1930,266,False,False,069b4f28705cc7284f44ae3b,30,26,1160.34375,897.91489361702122,False,row2_col2
1971,714269,0.78611445426940907,1.2436689138412476,2095,2856,False,False,1e20d9fe7440f3007d646560,29,16,1144.90625,556.23404255319156,False,row1_col2
1972,714647,0.62759017944335926,1.2041906118392944,1485,1767,False,False,1e20d9fe7440f3007d646560,23,28,938.28125,969.85106382978722,True,padding_center
1973,714763,0.23435594141483301,1.1483141183853147,1884,1706,False,False,94aacc4991ca8c49186c4c97,11,0,500.828125,-1.2216216216216367,True,padding_center
1974,714769,0.24565957486629481,1.0240187644958496,3583,1706,False,False,94aacc4991ca8c49186c4c97,17,0,708.390625,-1.2216216216216367,True,padding_center
1975,714951,0.95662343502044678,1.3649215698242188,1127,2577,False,False,94aacc4991ca8c49186c4c97,7,6,362.453125,206.60540540540541,False,row0_col0
1976,715210,1.3334611654281616,1.2955973148345947,1559,2835,False,False,94aacc4991ca8c49186c4c97,10,14,466.234375,483.70810810810815,False,row1_col0
1977,715560,1.1055518388748169,1.2255959510803225,2517,3517,False,False,94aacc4991ca8c49186c4c97,8,25,397.046875,864.72432432432436,False,row2_col0
1978,716160,0.83620381355285645,1.0463863611221311,3436,321,False,False,3c6223fad65553c89976049b,0,12,120.296875,421.52331606217615,False,row1_col0
1979,716537,1.0234520435333252,0.94494760036468495,2100,88,False,False,3c6223fad65553c89976049b,25,23,985.140625,802.24870466321249,False,row2_col2
1980,716871,0.40420004725456232,1.1144328117370603,1531,2162,False,False,9dd6c00d22421262fb390d57,7,2,390.921875,70.608695652173921,True,padding_center
1981,717199,0.92039835453033436,1.2268514633178711,127,445,False,False,9dd6c00d22421262fb390d57,15,12,668.171875,417.56521739130432,False,row1_col1
1982,717578,1.0346673727035522,1.3919353485107422,332,1902,False,False,9dd6c00d22421262fb390d57,10,24,494.890625,833.91304347826087,False,row2_col0
1983,717934,0.74730658531188965,0.90581333637237538,353,2233,False,False,ff622b143161a670803d7cbf,14,3,599.609375,107.70430107526882,True,padding_center
1984,718385,0.96242427825927723,1.2575403451919556,1793,3325,False,False,ff622b143161a670803d7cbf,17,17,703.390625,592.4354838709678,False,row1_col1
1985,718912,0.38280850648879999,1.0936576128005979,2384,2022,False,False,f92f442ca28c1794b5281ba1,0,2,140.375,70.415789473684214,True,padding_center
1986,719000,0.87354874610900868,1.2357354164123535,2430,2501,False,False,f92f442ca28c1794b5281ba1,24,4,974.375,140.05789473684212,False,row0_col2
1987,719976,0.5839087963104248,1.2367366552352903,505,2646,False,False,92aabc20a6f4499561293f2f,8,3,421.71875,92.881081081081078,True,padding_center
1988,720193,0.88965708017349243,1.1386749744415283,1321,3549,False,False,92aabc20a6f4499561293f2f,1,10,180.65625,333.83243243243248,False,row0_col0
1989,720434,1.219491720199585,1.2477681636810305,394,4036,False,False,92aabc20a6f4499561293f2f,18,17,766.09375,574.78378378378375,False,row1_col1
1990,720775,0.77168726921081543,1.2455326318740845,2470,2012,False,False,92aabc20a6f4499561293f2f,7,28,387.28125,953.42162162162163,True,padding_center
1991,721489,1.2251354455947876,1.1954387426376345,1694,3615,False,False,aaa015ca6a44f303044cb7bf,17,18,740.484375,626.11640211640213,False,row1_col1
1992,722112,0.74738860130310047,1.2564513683319092,407,1842,False,False,d73bb5badea2954e76301142,0,6,140.375,200.03225806451613,False,row0_col0
1993,722126,1.2782039642333984,1.407025933265686,1580,1939,False,False,d73bb5badea2954e76301142,14,6,626.875,200.03225806451613,False,row0_col1
1994,722159,1.2239788770675659,1.3630634546279907,2460,2814,False,False,d73bb5badea2954e76301142,15,7,661.625,234.87096774193549,False,row0_col1
1995,723090,0.81677538156509388,1.0759459733963013,1671,3033,False,False,603fbff3664fb22ba76787fc,18,4,704.984375,136.31351351351353,False,row0_col1
1996,723144,0.84001505374908436,1.1922370195388794,3628,532,False,False,603fbff3664fb22ba76787fc,8,6,359.046875,205.32972972972973,False,row0_col0
1997,723259,0,1.3021669387817385,3994,393,True,False,603fbff3664fb22ba76787fc,27,9,1016.328125,308.85405405405407,False,row0_col2
1998,723432,0.99380499124526955,1.4344851970672607,722,2591,False,False,603fbff3664fb22ba76787fc,8,15,359.046875,515.90270270270275,False,row1_col0
1999,723692,1.102541446685791,1.2495458126068115,626,1310,False,False,603fbff3664fb22ba76787fc,12,23,497.421875,791.96756756756758,False,row2_col1
2000,723752,1.0214238166809082,1.0891052484512329,3824,2164,False,False,603fbff3664fb22ba76787fc,8,25,359.046875,860.98378378378379,False,row2_col0
2001,723816,0.8220745325088501,1.0602587461471558,3951,1767,False,False,603fbff3664fb22ba76787fc,8,27,359.046875,930,True,padding_center
2002,723843,0.7239641547203064,1.4279919862747192,1871,3879,False,False,603fbff3664fb22ba76787fc,3,28,186.078125,964.5081081081081,True,padding_center
2003,724515,1.1928714513778689,1.2606858015060425,473,1216,False,False,6310504d1bce92bd2609676d,3,17,203.421875,590.70212765957444,False,row1_col0
2004,726151,0.88575583696365345,1.3126839399337769,3474,1873,False,False,81558ebcaaea05566ec9d393,7,4,395.453125,144.96825396825398,False,row0_col0
2005,726284,1.1154611110687256,1.0910663604736328,1809,2310,False,False,81558ebcaaea05566ec9d393,12,8,568.421875,283.2962962962963,False,row0_col1
2006,726873,1.0839486122131348,1.2287213802337646,255,2581,False,False,81558ebcaaea05566ec9d393,25,26,1018.140625,905.77248677248679,False,row2_col2
2007,728380,0.9580194354057312,1.2459522485733032,363,1309,False,False,fede9202cd41f9fef004cc9a,28,9,1066.46875,317.56451612903226,False,row0_col2
2008,728949,0.92384380102157604,1.2230026721954346,365,2866,False,False,fede9202cd41f9fef004cc9a,21,27,825.40625,937.69354838709683,False,row2_col2
2009,728963,0.77771866321563721,1.3522909879684448,3984,2866,False,False,fede9202cd41f9fef004cc9a,3,28,205.53125,972.14516129032256,True,padding_center
2010,729008,0.48085877299308771,1.162073016166687,191,1700,False,False,fede9202cd41f9fef004cc9a,16,29,653.21875,1006.5967741935483,True,padding_center
2011,730115,0.20425185561180109,1.2509535551071167,1878,15,False,False,21db2b7a45a0e29417a469f0,3,0,214.625,-6.1269841269841265,True,padding_center
2012,730427,1.0513436794281006,1.1203017234802246,639,2231,False,False,21db2b7a45a0e29417a469f0,27,9,1048.625,307.01587301587301,False,row0_col2
2013,730462,1.3453797101974487,1.4937558174133301,1584,2415,False,False,21db2b7a45a0e29417a469f0,30,10,1152.875,341.8095238095238,False,row0_col2
2014,730888,0.84445047378540028,1.3117275238037107,2049,3677,False,False,21db2b7a45a0e29417a469f0,8,24,388.375,828.92063492063494,False,row2_col0
2015,731350,1.0719029903411863,1.1639988422393801,507,3486,False,False,8e91dc5ebf61a30260770c9c,22,6,865.84375,200.55319148936172,False,row0_col2
2016,731851,1.095394492149353,1.4935095310211182,253,48,False,False,8e91dc5ebf61a30260770c9c,11,22,487.03125,752.04255319148933,False,row2_col1
2017,731891,1.0408965349197388,1.3266103267669678,3690,2564,False,False,8e91dc5ebf61a30260770c9c,19,23,762.53125,786.51063829787233,False,row2_col1
2018,732207,0.39013758301734919,0.74118411540985096,1589,1706,False,False,6aaaaa257e4ef2c72c304bae,15,1,666.625,26.916666666666657,True,padding_center
2019,732281,0.57755494117736805,1.1639111042022705,2336,3454,False,False,6aaaaa257e4ef2c72c304bae,25,3,1014.125,96.583333333333343,True,padding_center
2020,732292,0.81328815221786488,1.3199975490570068,337,376,False,False,6aaaaa257e4ef2c72c304bae,4,4,284.375,131.41666666666666,False,row0_col0
2021,733124,0.48831447958946222,0.80242651700973511,2650,226,False,False,6aaaaa257e4ef2c72c304bae,4,30,284.375,1037.0833333333335,True,padding_center
2022,733403,0.90246278047561646,1.2226623296737671,2046,2936,False,False,488bd0832b3372d266269e18,27,6,1035.328125,209.69780219780219,False,row0_col2
2023,733747,1.0656332969665527,1.3915390968322754,1198,2143,False,False,488bd0832b3372d266269e18,19,17,758.578125,589.25824175824175,False,row1_col1
2024,733801,1.3834161758422852,1.2675855159759519,1389,2697,False,False,488bd0832b3372d266269e18,9,19,412.640625,658.26923076923083,False,row1_col0
2025,733910,0.98836839199066162,1.3199520111083984,490,2725,False,False,488bd0832b3372d266269e18,22,22,862.359375,761.78571428571422,False,row2_col2
2026,734168,0.37753167748451227,0.58364653587341297,743,226,False,False,488bd0832b3372d266269e18,24,30,931.546875,1037.8296703296703,True,padding_center
2027,734392,0.8674885630607605,1.2359515428543093,3417,1983,False,False,fe6f136289ff3cf96e9fa7fa,24,5,947.078125,174.31550802139037,False,row0_col2
2028,735018,0.98881655931472756,1.2239775657653809,3902,1481,False,False,fe6f136289ff3cf96e9fa7fa,10,25,461.890625,867.36363636363637,False,row2_col0
2029,735026,0.92457395792007435,1.2606271505355835,1108,3788,False,False,fe6f136289ff3cf96e9fa7fa,18,25,739.140625,867.36363636363637,False,row2_col1
2030,735115,0.5861085057258606,1.1031972169876101,3563,2012,False,False,fe6f136289ff3cf96e9fa7fa,11,28,496.546875,971.3208556149732,True,padding_center
2031,735283,0.34149989485740662,0.64757800102233876,706,1706,False,False,b775ec910e16d493500239f2,19,1,768.796875,48.403141361256544,True,padding_center
2032,735388,0.95753687620162964,1.0251585245132446,14,1873,False,False,b775ec910e16d493500239f2,28,4,1080.703125,152.31937172774869,False,row0_col2
2033,735658,0.8994135856628418,1.0401434898376465,1936,1306,False,False,b775ec910e16d493500239f2,10,13,456.890625,464.06806282722511,False,row1_col0
2034,736175,0.43275216221809382,1.2255175113677981,3912,1700,False,False,b775ec910e16d493500239f2,15,29,630.171875,1018.2879581151833,True,padding_center
2035,736351,0.37218549847602839,1.185833215713501,4090,3171,False,False,0facbe7f29d190dabe109d9e,31,2,1200.671875,73.358288770053491,True,padding_center
2036,736848,1.2014319896697998,1.1273504495620728,1986,518,False,False,0facbe7f29d190dabe109d9e,16,18,680.828125,627.79679144385022,False,row1_col1
2037,737592,0.75398188829421986,1.0839308500289917,865,2286,False,False,3b48ef0496b9e19ef057c3dd,24,9,956.71875,309.56451612903226,False,row0_col2
2038,737753,1.4149448871612549,1.2047370672225952,2443,2608,False,False,3b48ef0496b9e19ef057c3dd,25,14,991.15625,481.82258064516128,False,row1_col2
2039,738294,0.23894132673740379,1.1243586540222168,2511,226,False,False,3b48ef0496b9e19ef057c3dd,22,31,887.84375,1067.5,True,padding_center
2040,738692,1.0307592153549194,1.2358759641647341,785,1923,False,False,46a12f7a348173b31e79d614,4,12,278.53125,405.86956521739131,False,row1_col0
2041,739131,1.0698103904724121,1.1025043725967407,413,3973,False,False,46a12f7a348173b31e79d614,27,25,1073.46875,855.78260869565213,False,row2_col2
2042,739156,1.1167513132095337,1.1725633144378662,1445,3130,False,False,46a12f7a348173b31e79d614,20,26,831.53125,890.39130434782612,False,row2_col1
2043,739349,0.29054895043373102,1.0845178365707395,314,1706,False,False,b612bc23f04a82e4e9573610,21,0,790.125,9.3333333333333428,True,padding_center
2044,739412,0.52816134691238403,1.1848920583724976,3484,286,False,False,b612bc23f04a82e4e9573610,20,2,755.375,78.666666666666671,True,padding_center
2045,739497,0.92249011993408203,1.1437305212020874,2123,2803,False,False,b612bc23f04a82e4e9573610,9,5,373.125,182.66666666666666,False,row0_col0
2046,739655,0.9471052885055542,0.81401926279067993,851,555,False,False,b612bc23f04a82e4e9573610,7,10,303.625,356,False,row0_col0
2047,739708,1.532697319984436,1.0857237577438354,1058,2279,False,False,b612bc23f04a82e4e9573610,28,11,1033.375,390.66666666666663,False,row0_col2
