reference_index,flat_index,source_image_id,selection_order,feature_map_x,feature_map_y,input_center_x,input_center_y,source_patch_x,source_patch_y,normalized_crop_x,normalized_crop_y,is_padding_patch_center_proxy,normalized_crop_region,content_width,content_height,pad_x,pad_y
0,383,1398a14ef7fc9ad146f80638,0,31,11,252,92,1199.78125,375.44262295081967,0.984375,0.30601092896174864,False,row0_col2,256,183,0,36
1,420,1398a14ef7fc9ad146f80638,1,4,13,36,108,269.96875,444.42622950819674,0.140625,0.39344262295081966,False,row1_col0,256,183,0,36
2,788,1398a14ef7fc9ad146f80638,2,20,24,164,196,820.96875,823.8360655737705,0.640625,0.87431693989071035,False,row2_col1,256,183,0,36
3,909,1398a14ef7fc9ad146f80638,3,13,28,108,228,579.90625,961.80327868852464,0.421875,1.0491803278688525,True,padding_center,256,183,0,36
4,921,1398a14ef7fc9ad146f80638,4,25,28,204,228,993.15625,961.80327868852464,0.796875,1.0491803278688525,True,padding_center,256,183,0,36
5,1132,a2da421c00740b670bd14bee,5,12,3,100,28,521.46875,114.13903743315508,0.390625,-0.032085561497326207,True,padding_center,256,187,0,34
6,1225,a2da421c00740b670bd14bee,6,9,6,76,52,418.15625,217.58288770053474,0.296875,0.096256684491978606,False,row0_col0,256,187,0,34
7,1226,a2da421c00740b670bd14bee,7,10,6,84,52,452.59375,217.58288770053474,0.328125,0.096256684491978606,False,row0_col0,256,187,0,34
8,1704,a2da421c00740b670bd14bee,8,8,21,68,172,383.71875,734.80213903743311,0.265625,0.73796791443850263,False,row2_col0,256,187,0,34
9,2271,a2e7834787baf26ee424c739,9,31,6,252,52,1181.71875,217.60540540540541,0.984375,0.091891891891891897,False,row0_col2,256,185,0,35
10,2328,a2e7834787baf26ee424c739,10,24,8,196,68,939.78125,286.88108108108111,0.765625,0.17837837837837839,False,row0_col2,256,185,0,35
11,2395,a2e7834787baf26ee424c739,11,27,10,220,84,1043.46875,356.15675675675675,0.859375,0.26486486486486488,False,row0_col2,256,185,0,35
12,2957,a2e7834787baf26ee424c739,12,13,28,108,228,559.59375,979.63783783783788,0.421875,1.0432432432432432,True,padding_center,256,185,0,35
13,3184,72b360ece29c2500d5726a30,13,16,3,132,28,682.28125,102.38624338624339,0.515625,-0.026455026455026454,True,padding_center,256,189,0,33
14,3228,72b360ece29c2500d5726a30,14,28,4,228,36,1097.03125,136.96825396825398,0.890625,0.015873015873015872,False,row0_col2,256,189,0,33
15,3319,72b360ece29c2500d5726a30,15,23,7,188,60,924.21875,240.71428571428572,0.734375,0.14285714285714285,False,row0_col2,256,189,0,33
16,3412,72b360ece29c2500d5726a30,16,20,10,164,84,820.53125,344.46031746031747,0.640625,0.26984126984126983,False,row0_col1,256,189,0,33
17,3475,72b360ece29c2500d5726a30,17,19,12,156,100,785.96875,413.62433862433863,0.609375,0.35449735449735448,False,row1_col1,256,189,0,33
18,3498,72b360ece29c2500d5726a30,18,10,13,84,108,474.90625,448.20634920634922,0.328125,0.3968253968253968,False,row1_col0,256,189,0,33
19,3499,72b360ece29c2500d5726a30,19,11,13,92,108,509.46875,448.20634920634922,0.359375,0.3968253968253968,False,row1_col1,256,189,0,33
20,3604,72b360ece29c2500d5726a30,20,20,16,164,132,820.53125,551.95238095238096,0.640625,0.52380952380952384,False,row1_col1,256,189,0,33
21,3909,72b360ece29c2500d5726a30,21,5,26,44,212,302.09375,897.77248677248679,0.171875,0.94708994708994709,False,row2_col0,256,189,0,33
22,3952,72b360ece29c2500d5726a30,22,16,27,132,220,682.28125,932.35449735449731,0.515625,0.98941798941798942,False,row2_col1,256,189,0,33
23,4002,72b360ece29c2500d5726a30,23,2,29,20,236,198.40625,1001.5185185185186,0.078125,1.0740740740740742,True,padding_center,256,189,0,33
24,4034,72b360ece29c2500d5726a30,24,2,30,20,244,198.40625,1036.1005291005292,0.078125,1.1164021164021165,True,padding_center,256,189,0,33
25,4044,72b360ece29c2500d5726a30,25,12,30,100,244,544.03125,1036.1005291005292,0.390625,1.1164021164021165,True,padding_center,256,189,0,33
26,4340,0d71665cc32e00cbf316979e,26,20,7,164,60,846.375,244.39344262295083,0.640625,0.13114754098360656,False,row0_col1,256,183,0,36
27,4771,0d71665cc32e00cbf316979e,27,3,21,28,172,255.625,731.5628415300547,0.109375,0.74316939890710387,False,row2_col0,256,183,0,36
28,4796,0d71665cc32e00cbf316979e,28,28,21,228,172,1124.375,731.5628415300547,0.890625,0.74316939890710387,False,row2_col2,256,183,0,36
29,5213,cc828a68ca0395b4acfbcc94,29,29,2,236,20,1136.90625,83.459459459459453,0.921875,-0.081081081081081086,True,padding_center,256,185,0,35
30,5394,cc828a68ca0395b4acfbcc94,30,18,8,148,68,758.09375,289.98918918918923,0.578125,0.17837837837837839,False,row0_col1,256,185,0,35
31,5421,cc828a68ca0395b4acfbcc94,31,13,9,108,76,585.90625,324.41081081081086,0.421875,0.22162162162162163,False,row0_col1,256,185,0,35
32,5543,cc828a68ca0395b4acfbcc94,32,7,13,60,108,379.28125,462.0972972972973,0.234375,0.39459459459459462,False,row1_col0,256,185,0,35
33,5787,cc828a68ca0395b4acfbcc94,33,27,20,220,164,1068.03125,703.04864864864862,0.859375,0.69729729729729728,False,row2_col2,256,185,0,35
34,5887,cc828a68ca0395b4acfbcc94,34,31,23,252,188,1205.78125,806.3135135135135,0.984375,0.82702702702702702,False,row2_col2,256,185,0,35
35,5992,cc828a68ca0395b4acfbcc94,35,8,27,68,220,413.71875,944,0.265625,1,True,padding_center,256,185,0,35
36,6302,b6eaf5e811a0be7062ed1bb3,36,30,4,244,36,1139.015625,135.65803108808291,0.953125,0.025906735751295335,False,row0_col2,256,193,0,31
37,6333,b6eaf5e811a0be7062ed1bb3,37,29,5,236,44,1104.359375,170.31088082901556,0.921875,0.067357512953367879,False,row0_col2,256,193,0,31
38,6526,b6eaf5e811a0be7062ed1bb3,38,30,11,244,92,1139.015625,378.22797927461141,0.953125,0.31606217616580312,False,row0_col2,256,193,0,31
39,6831,b6eaf5e811a0be7062ed1bb3,39,15,21,124,172,619.171875,724.75647668393788,0.484375,0.73056994818652854,False,row2_col1,256,193,0,31
40,6975,b6eaf5e811a0be7062ed1bb3,40,31,25,252,204,1173.671875,863.36787564766837,0.984375,0.89637305699481862,False,row2_col2,256,193,0,31
41,7303,a108220fc21cc09e9e4400ef,41,7,4,60,36,392.328125,123.41666666666666,0.234375,0.020833333333333332,False,row0_col0,256,192,0,32
42,7476,a108220fc21cc09e9e4400ef,42,20,9,164,76,845.296875,297.58333333333331,0.640625,0.22916666666666666,False,row0_col1,256,192,0,32
43,7521,a108220fc21cc09e9e4400ef,43,1,11,12,92,183.265625,367.25,0.046875,0.3125,False,row0_col0,256,192,0,32
44,7909,a108220fc21cc09e9e4400ef,44,5,23,44,188,322.640625,785.25,0.171875,0.8125,False,row2_col0,256,192,0,32
45,8153,a108220fc21cc09e9e4400ef,45,25,30,204,244,1019.515625,1029.0833333333335,0.796875,1.1041666666666667,True,padding_center,256,192,0,32
46,8912,24af453e607e44b054917896,46,16,22,132,180,719.21875,760.89189189189187,0.515625,0.78378378378378377,False,row2_col1,256,185,0,35
47,8920,24af453e607e44b054917896,47,24,22,196,180,994.71875,760.89189189189187,0.765625,0.78378378378378377,False,row2_col2,256,185,0,35
48,9067,24af453e607e44b054917896,48,11,27,92,220,547.03125,933,0.359375,1,True,padding_center,256,185,0,35
49,9201,24af453e607e44b054917896,49,17,31,140,252,753.65625,1070.6864864864865,0.546875,1.172972972972973,True,padding_center,256,185,0,35
50,10199,4a3299ef726167046df92253,50,23,30,188,244,885.421875,1046.6256684491977,0.734375,1.1229946524064172,True,padding_center,256,187,0,34
51,10254,ca1191675acfe9ec5285967b,51,14,0,116,4,587.34375,15.299999999999997,0.453125,-0.15263157894736842,True,padding_center,256,190,0,33
52,10266,ca1191675acfe9ec5285967b,52,26,0,212,4,1000.59375,15.299999999999997,0.828125,-0.15263157894736842,True,padding_center,256,190,0,33
53,10672,ca1191675acfe9ec5285967b,53,16,13,132,108,656.21875,462.5,0.515625,0.39473684210526316,False,row1_col1,256,190,0,33
54,10741,ca1191675acfe9ec5285967b,54,21,15,172,124,828.40625,531.29999999999995,0.671875,0.47894736842105262,False,row1_col2,256,190,0,33
55,10825,ca1191675acfe9ec5285967b,55,9,18,76,148,415.15625,634.5,0.296875,0.60526315789473684,False,row1_col0,256,190,0,33
56,11609,077aa432a213e8c3b3f6523a,56,25,10,204,84,993.15625,358.83243243243248,0.796875,0.26486486486486488,False,row0_col2,256,185,0,35
57,11686,077aa432a213e8c3b3f6523a,57,6,13,52,108,338.84375,462.0972972972973,0.203125,0.39459459459459462,False,row1_col0,256,185,0,35
58,12233,077aa432a213e8c3b3f6523a,58,9,30,76,244,442.15625,1047.2648648648649,0.296875,1.1297297297297297,True,padding_center,256,185,0,35
59,12800,5335429b96f92c225a06686c,59,0,16,4,132,138.21875,568.36216216216212,0.015625,0.5243243243243243,False,row1_col0,256,185,0,35
60,12805,5335429b96f92c225a06686c,60,5,16,44,132,310.40625,568.36216216216212,0.171875,0.5243243243243243,False,row1_col0,256,185,0,35
61,13032,5335429b96f92c225a06686c,61,8,23,68,188,413.71875,809.3135135135135,0.265625,0.82702702702702702,False,row2_col0,256,185,0,35
62,13140,5335429b96f92c225a06686c,62,20,26,164,212,826.96875,912.57837837837837,0.640625,0.95675675675675675,False,row2_col1,256,185,0,35
63,13219,5335429b96f92c225a06686c,63,3,29,28,236,241.53125,1015.8432432432433,0.109375,1.0864864864864865,True,padding_center,256,185,0,35
64,13231,5335429b96f92c225a06686c,64,15,29,124,236,654.78125,1015.8432432432433,0.484375,1.0864864864864865,True,padding_center,256,185,0,35
65,13400,290e1ce1fae9fbe3b937384c,65,24,2,196,20,958.078125,75.782608695652172,0.765625,-0.086956521739130432,True,padding_center,256,184,0,36
66,13646,290e1ce1fae9fbe3b937384c,66,14,10,116,84,611.515625,352.6521739130435,0.453125,0.2608695652173913,False,row0_col1,256,184,0,36
67,14044,290e1ce1fae9fbe3b937384c,67,28,22,228,180,1096.703125,767.95652173913049,0.890625,0.78260869565217395,False,row2_col2,256,184,0,36
68,14379,8d4d5e9c6f62a7f7f0b95cb7,68,11,1,92,12,481.625,40.606557377049171,0.359375,-0.13114754098360656,True,padding_center,256,183,0,36
69,14594,8d4d5e9c6f62a7f7f0b95cb7,69,2,8,20,68,168.875,284.19125683060111,0.078125,0.17486338797814208,False,row0_col0,256,183,0,36
70,15170,8d4d5e9c6f62a7f7f0b95cb7,70,2,26,20,212,168.875,910.55191256830597,0.078125,0.96174863387978138,False,row2_col0,256,183,0,36
71,15435,9ce76d5db5c11961db1ca677,71,11,2,92,20,516.625,65.484210526315792,0.359375,-0.068421052631578952,True,padding_center,256,190,0,33
72,15581,9ce76d5db5c11961db1ca677,72,29,6,236,52,1142.125,204.60000000000002,0.921875,0.10000000000000001,False,row0_col2,256,190,0,33
73,15656,9ce76d5db5c11961db1ca677,73,8,9,68,76,412.375,308.93684210526317,0.265625,0.22631578947368422,False,row0_col0,256,190,0,33
74,15918,9ce76d5db5c11961db1ca677,74,14,17,116,140,620.875,587.16842105263163,0.453125,0.56315789473684208,False,row1_col1,256,190,0,33
75,16076,9ce76d5db5c11961db1ca677,75,12,22,100,180,551.375,761.06315789473683,0.390625,0.77368421052631575,False,row2_col1,256,190,0,33
76,16162,9ce76d5db5c11961db1ca677,76,2,25,20,204,203.875,865.39999999999998,0.078125,0.90000000000000002,False,row2_col0,256,190,0,33
77,16177,9ce76d5db5c11961db1ca677,77,17,25,140,204,725.125,865.39999999999998,0.546875,0.90000000000000002,False,row2_col1,256,190,0,33
78,16289,9ce76d5db5c11961db1ca677,78,1,29,12,236,169.125,1004.5157894736842,0.046875,1.0684210526315789,True,padding_center,256,190,0,33
79,16453,f4edc4be6ad1d9afc66e3637,79,5,2,44,20,299.265625,71.757894736842104,0.171875,-0.068421052631578952,True,padding_center,256,190,0,33
80,16486,f4edc4be6ad1d9afc66e3637,80,6,3,52,28,333.859375,106.36842105263158,0.203125,-0.026315789473684209,True,padding_center,256,190,0,33
81,16725,f4edc4be6ad1d9afc66e3637,81,21,10,172,84,852.765625,348.64210526315787,0.671875,0.26842105263157895,False,row0_col2,256,190,0,33
82,16795,f4edc4be6ad1d9afc66e3637,82,27,12,220,100,1060.328125,417.86315789473684,0.859375,0.35263157894736841,False,row1_col2,256,190,0,33
83,17077,f4edc4be6ad1d9afc66e3637,83,21,21,172,172,852.765625,729.35789473684213,0.671875,0.73157894736842111,False,row2_col2,256,190,0,33
84,17151,f4edc4be6ad1d9afc66e3637,84,31,23,252,188,1198.703125,798.57894736842104,0.984375,0.81578947368421051,False,row2_col2,256,190,0,33
85,17272,f4edc4be6ad1d9afc66e3637,85,24,27,196,220,956.546875,937.02105263157887,0.765625,0.98421052631578942,False,row2_col2,256,190,0,33
86,17460,48ce223cf3f0cef91d4f9d9c,86,20,1,164,12,831.53125,43.52459016393442,0.640625,-0.13114754098360656,True,padding_center,256,183,0,36
87,17481,48ce223cf3f0cef91d4f9d9c,87,9,2,76,20,451.34375,78.016393442622956,0.296875,-0.087431693989071038,True,padding_center,256,183,0,36
88,17499,48ce223cf3f0cef91d4f9d9c,88,27,2,220,20,1073.46875,78.016393442622956,0.859375,-0.087431693989071038,True,padding_center,256,183,0,36
89,17552,48ce223cf3f0cef91d4f9d9c,89,16,4,132,36,693.28125,147,0.515625,0,False,row0_col1,256,183,0,36
90,17665,48ce223cf3f0cef91d4f9d9c,90,1,8,12,68,174.84375,284.96721311475409,0.046875,0.17486338797814208,False,row0_col0,256,183,0,36
91,17713,48ce223cf3f0cef91d4f9d9c,91,17,9,140,76,727.84375,319.45901639344265,0.546875,0.21857923497267759,False,row0_col1,256,183,0,36
92,18086,48ce223cf3f0cef91d4f9d9c,92,6,21,52,172,347.65625,733.36065573770497,0.203125,0.74316939890710387,False,row2_col0,256,183,0,36
93,18305,48ce223cf3f0cef91d4f9d9c,93,1,28,12,228,174.84375,974.80327868852464,0.046875,1.0491803278688525,True,padding_center,256,183,0,36
94,18314,48ce223cf3f0cef91d4f9d9c,94,10,28,84,228,485.90625,974.80327868852464,0.328125,1.0491803278688525,True,padding_center,256,183,0,36
95,18449,53fb6371aca16bd9381723b1,95,17,0,140,4,713.03125,2.5368421052631618,0.546875,-0.15263157894736842,True,padding_center,256,190,0,33
96,18491,53fb6371aca16bd9381723b1,96,27,1,220,12,1059.90625,37.147368421052633,0.859375,-0.11052631578947368,True,padding_center,256,190,0,33
97,18911,53fb6371aca16bd9381723b1,97,31,14,252,116,1198.65625,487.08421052631581,0.984375,0.43684210526315792,False,row1_col2,256,190,0,33
98,19460,50686f2742e029d8a5849b18,98,4,0,36,4,267.96875,-1.4583333333333428,0.140625,-0.14583333333333334,True,padding_center,256,192,0,32
99,19497,50686f2742e029d8a5849b18,99,9,1,76,12,440.15625,32.958333333333329,0.296875,-0.10416666666666667,True,padding_center,256,192,0,32
100,19604,50686f2742e029d8a5849b18,100,20,4,164,36,818.96875,136.20833333333334,0.640625,0.020833333333333332,False,row0_col1,256,192,0,32
101,19632,50686f2742e029d8a5849b18,101,16,5,132,44,681.21875,170.625,0.515625,0.0625,False,row0_col1,256,192,0,32
102,19933,50686f2742e029d8a5849b18,102,29,14,236,116,1128.90625,480.375,0.921875,0.4375,False,row1_col2,256,192,0,32
103,20107,50686f2742e029d8a5849b18,103,11,20,92,164,509.03125,686.875,0.359375,0.6875,False,row2_col1,256,192,0,32
104,21375,27a3e701575d464723171cfc,104,31,27,252,220,1183.78125,938.69518716577534,0.984375,0.99465240641711228,False,row2_col2,256,187,0,34
105,21577,883516beb4b2df8a83debd55,105,9,2,76,20,446.234375,66.352331606217618,0.296875,-0.056994818652849742,True,padding_center,256,193,0,31
106,21837,883516beb4b2df8a83debd55,106,13,10,108,84,584.859375,343.57512953367871,0.421875,0.27461139896373055,False,row0_col1,256,193,0,31
107,22013,883516beb4b2df8a83debd55,107,29,15,236,124,1139.359375,516.83937823834196,0.921875,0.48186528497409326,False,row1_col2,256,193,0,31
108,22186,883516beb4b2df8a83debd55,108,10,21,84,172,480.890625,724.75647668393788,0.328125,0.73056994818652854,False,row2_col0,256,193,0,31
109,22262,883516beb4b2df8a83debd55,109,22,23,180,188,896.765625,794.06217616580307,0.703125,0.81347150259067358,False,row2_col2,256,193,0,31
110,22272,883516beb4b2df8a83debd55,110,0,24,4,196,134.328125,828.71502590673583,0.015625,0.85492227979274615,False,row2_col0,256,193,0,31
111,22694,aa559f98e5ee1a0c7cc457cf,111,6,5,52,44,360.84375,172.72432432432433,0.203125,0.048648648648648651,False,row0_col0,256,185,0,35
112,22851,aa559f98e5ee1a0c7cc457cf,112,3,10,28,84,257.53125,344.83243243243248,0.109375,0.26486486486486488,False,row0_col0,256,185,0,35
113,22942,aa559f98e5ee1a0c7cc457cf,113,30,12,244,100,1187.34375,413.67567567567568,0.953125,0.35135135135135137,False,row1_col2,256,185,0,35
114,23080,aa559f98e5ee1a0c7cc457cf,114,8,17,68,140,429.71875,585.78378378378375,0.265625,0.56756756756756754,False,row1_col0,256,185,0,35
115,23267,aa559f98e5ee1a0c7cc457cf,115,3,23,28,188,257.53125,792.3135135135135,0.109375,0.82702702702702702,False,row2_col0,256,185,0,35
116,23466,aa559f98e5ee1a0c7cc457cf,116,10,29,84,236,498.59375,998.84324324324325,0.328125,1.0864864864864865,True,padding_center,256,185,0,35
117,23506,aa559f98e5ee1a0c7cc457cf,117,18,30,148,244,774.09375,1033.2648648648649,0.578125,1.1297297297297297,True,padding_center,256,185,0,35
118,23721,2a8e2d654846ae67277a627f,118,9,5,76,44,437.15625,166.75806451612902,0.296875,0.048387096774193547,False,row0_col0,256,186,0,35
119,23788,2a8e2d654846ae67277a627f,119,12,7,100,60,540.46875,235.66129032258064,0.390625,0.13440860215053763,False,row0_col1,256,186,0,35
120,23864,2a8e2d654846ae67277a627f,120,24,9,196,76,953.71875,304.56451612903226,0.765625,0.22043010752688172,False,row0_col2,256,186,0,35
121,23875,2a8e2d654846ae67277a627f,121,3,10,28,84,230.53125,339.01612903225805,0.109375,0.26344086021505375,False,row0_col0,256,186,0,35
122,25548,173abf95d04f926226332be8,122,12,30,100,244,525.546875,1037.6825396825398,0.390625,1.1164021164021165,True,padding_center,256,189,0,33
123,25730,2f242eafe4e64dd1538bc0df,123,2,4,20,36,176.640625,140.32972972972973,0.078125,0.0054054054054054057,False,row0_col0,256,185,0,35
124,25900,2f242eafe4e64dd1538bc0df,124,12,9,100,76,523.203125,313.51891891891893,0.390625,0.22162162162162163,False,row0_col1,256,185,0,35
125,25953,2f242eafe4e64dd1538bc0df,125,1,11,12,92,141.984375,382.79459459459463,0.046875,0.30810810810810813,False,row0_col0,256,185,0,35
126,25971,2f242eafe4e64dd1538bc0df,126,19,11,156,92,765.796875,382.79459459459463,0.609375,0.30810810810810813,False,row0_col1,256,185,0,35
127,25999,2f242eafe4e64dd1538bc0df,127,15,12,124,100,627.171875,417.43243243243245,0.484375,0.35135135135135137,False,row1_col1,256,185,0,35
128,26117,2f242eafe4e64dd1538bc0df,128,5,16,44,132,280.609375,555.98378378378379,0.171875,0.5243243243243243,False,row1_col0,256,185,0,35
129,26441,2f242eafe4e64dd1538bc0df,129,9,26,76,212,419.234375,902.36216216216212,0.296875,0.95675675675675675,False,row2_col0,256,185,0,35
130,26529,2f242eafe4e64dd1538bc0df,130,1,29,12,236,141.984375,1006.2756756756756,0.046875,1.0864864864864865,True,padding_center,256,185,0,35
131,26584,2f242eafe4e64dd1538bc0df,131,24,30,196,244,939.078125,1040.9135135135134,0.765625,1.1297297297297297,True,padding_center,256,185,0,35
132,26655,6ac91469a3c514313640a2f3,132,31,0,252,4,1203.671875,-1.2216216216216367,0.984375,-0.16756756756756758,True,padding_center,256,185,0,35
133,26977,6ac91469a3c514313640a2f3,133,1,11,12,92,163.984375,379.79459459459463,0.046875,0.30810810810810813,False,row0_col0,256,185,0,35
134,27266,6ac91469a3c514313640a2f3,134,2,20,20,164,198.640625,691.53513513513508,0.078125,0.69729729729729728,False,row2_col0,256,185,0,35
135,27438,6ac91469a3c514313640a2f3,135,14,25,116,204,614.515625,864.72432432432436,0.453125,0.91351351351351351,False,row2_col1,256,185,0,35
136,27479,6ac91469a3c514313640a2f3,136,23,26,188,212,926.421875,899.36216216216212,0.734375,0.95675675675675675,False,row2_col2,256,185,0,35
137,27557,6ac91469a3c514313640a2f3,137,5,29,44,236,302.609375,1003.2756756756756,0.171875,1.0864864864864865,True,padding_center,256,185,0,35
138,27558,6ac91469a3c514313640a2f3,138,6,29,52,236,337.265625,1003.2756756756756,0.203125,1.0864864864864865,True,padding_center,256,185,0,35
139,27933,840c73cbd5ab6bc1059f1408,139,29,8,236,68,1125.90625,289.11290322580646,0.921875,0.17741935483870969,False,row0_col2,256,186,0,35
140,28478,840c73cbd5ab6bc1059f1408,140,30,25,244,204,1160.34375,874.79032258064512,0.953125,0.90860215053763438,False,row2_col2,256,186,0,35
141,28577,840c73cbd5ab6bc1059f1408,141,1,29,12,236,161.65625,1012.5967741935483,0.046875,1.0806451612903225,True,padding_center,256,186,0,35
142,28925,8beb03d8a5bb47d4e9a2581d,142,29,7,236,60,1120.59375,241.24324324324326,0.921875,0.13513513513513514,False,row0_col2,256,185,0,35
143,29596,8beb03d8a5bb47d4e9a2581d,143,28,28,228,228,1086.03125,968.63783783783788,0.890625,1.0432432432432432,True,padding_center,256,185,0,35
144,29629,8beb03d8a5bb47d4e9a2581d,144,29,29,236,236,1120.59375,1003.2756756756756,0.921875,1.0864864864864865,True,padding_center,256,185,0,35
145,29719,52572823a115b1268cfb144d,145,23,0,188,4,912.421875,-11.187500000000014,0.734375,-0.14583333333333334,True,padding_center,256,192,0,32
146,29856,52572823a115b1268cfb144d,146,0,5,4,44,115.328125,161.9375,0.015625,0.0625,False,row0_col0,256,192,0,32
147,30042,52572823a115b1268cfb144d,147,26,10,212,84,1016.390625,335.0625,0.828125,0.27083333333333331,False,row0_col2,256,192,0,32
148,30198,52572823a115b1268cfb144d,148,22,15,180,124,877.765625,508.1875,0.703125,0.47916666666666669,False,row1_col2,256,192,0,32
149,30304,52572823a115b1268cfb144d,149,0,19,4,156,115.328125,646.6875,0.015625,0.64583333333333337,False,row1_col0,256,192,0,32
150,30399,52572823a115b1268cfb144d,150,31,21,252,172,1189.671875,715.9375,0.984375,0.72916666666666663,False,row2_col2,256,192,0,32
151,30649,52572823a115b1268cfb144d,151,25,29,204,236,981.734375,992.9375,0.796875,1.0625,True,padding_center,256,192,0,32
152,30718,52572823a115b1268cfb144d,152,30,31,244,252,1155.015625,1062.1875,0.953125,1.1458333333333333,True,padding_center,256,192,0,32
153,31219,ebe3ff0005b73eeff00e86a2,153,19,15,156,124,797.53125,515.90270270270275,0.609375,0.48108108108108111,False,row1_col1,256,185,0,35
154,31350,ebe3ff0005b73eeff00e86a2,154,22,19,180,156,900.84375,653.93513513513517,0.703125,0.65405405405405403,False,row1_col2,256,185,0,35
155,31494,ebe3ff0005b73eeff00e86a2,155,6,24,52,196,349.84375,826.47567567567569,0.203125,0.87027027027027026,False,row2_col0,256,185,0,35
156,31855,d81b3f05cb672cfc776b9aa0,156,15,3,124,28,654.171875,102.39130434782609,0.484375,-0.043478260869565216,True,padding_center,256,184,0,36
157,31859,d81b3f05cb672cfc776b9aa0,157,19,3,156,28,792.796875,102.39130434782609,0.609375,-0.043478260869565216,True,padding_center,256,184,0,36
158,32033,d81b3f05cb672cfc776b9aa0,158,1,9,12,76,168.984375,310.04347826086956,0.046875,0.21739130434782608,False,row0_col0,256,184,0,36
159,32091,d81b3f05cb672cfc776b9aa0,159,27,10,220,84,1070.046875,344.6521739130435,0.859375,0.2608695652173913,False,row0_col2,256,184,0,36
160,32253,d81b3f05cb672cfc776b9aa0,160,29,15,236,124,1139.359375,517.695652173913,0.921875,0.47826086956521741,False,row1_col2,256,184,0,36
161,32453,d81b3f05cb672cfc776b9aa0,161,5,22,44,180,307.609375,759.95652173913049,0.171875,0.78260869565217395,False,row2_col0,256,184,0,36
162,32556,d81b3f05cb672cfc776b9aa0,162,12,25,100,204,550.203125,863.78260869565213,0.390625,0.91304347826086951,False,row2_col1,256,184,0,36
163,32635,d81b3f05cb672cfc776b9aa0,163,27,27,220,220,1070.046875,933,0.859375,1,True,padding_center,256,184,0,36
164,32922,b2a130710318388be2620233,164,26,4,212,36,1019.59375,136.3027027027027,0.828125,0.0054054054054054057,False,row0_col2,256,185,0,35
165,32990,b2a130710318388be2620233,165,30,6,244,52,1157.34375,205.14594594594595,0.953125,0.091891891891891897,False,row0_col2,256,185,0,35
166,33081,b2a130710318388be2620233,166,25,9,204,76,985.15625,308.41081081081086,0.796875,0.22162162162162163,False,row0_col2,256,185,0,35
167,33340,b2a130710318388be2620233,167,28,17,228,140,1088.46875,583.78378378378375,0.890625,0.56756756756756754,False,row1_col2,256,185,0,35
168,33341,b2a130710318388be2620233,168,29,17,236,140,1122.90625,583.78378378378375,0.921875,0.56756756756756754,False,row1_col2,256,185,0,35
169,33737,b2a130710318388be2620233,169,9,30,76,244,434.15625,1031.2648648648649,0.296875,1.1297297297297297,True,padding_center,256,185,0,35
170,33930,881f100f483a5ad2641f7dd5,170,10,4,84,36,488.234375,134.66483516483515,0.328125,-0.0054945054945054949,True,padding_center,256,182,0,37
171,34017,881f100f483a5ad2641f7dd5,171,1,7,12,60,176.890625,238.70879120879121,0.046875,0.12637362637362637,False,row0_col0,256,182,0,37
172,34256,881f100f483a5ad2641f7dd5,172,16,14,132,116,695.796875,481.47802197802201,0.515625,0.43406593406593408,False,row1_col1,256,182,0,37
173,34513,881f100f483a5ad2641f7dd5,173,17,22,140,180,730.390625,758.92857142857144,0.546875,0.7857142857142857,False,row2_col1,256,182,0,37
174,34951,2943c088e8878c50a249592d,174,7,4,60,36,391.625,132.69148936170214,0.234375,0.010638297872340425,False,row0_col0,256,188,0,34
175,35051,2943c088e8878c50a249592d,175,11,7,92,60,530.625,236.98936170212767,0.359375,0.13829787234042554,False,row0_col1,256,188,0,34
176,35068,2943c088e8878c50a249592d,176,28,7,228,60,1121.375,236.98936170212767,0.890625,0.13829787234042554,False,row0_col2,256,188,0,34
177,35833,2943c088e8878c50a249592d,177,25,31,204,252,1017.125,1071.372340425532,0.796875,1.1595744680851063,True,padding_center,256,188,0,34
178,35916,b87cc3cd7848f16bb59b3b5f,178,12,2,100,20,572.203125,67.38297872340425,0.390625,-0.074468085106382975,True,padding_center,256,188,0,34
179,36112,b87cc3cd7848f16bb59b3b5f,179,16,8,132,68,710.828125,275.21276595744678,0.515625,0.18085106382978725,False,row0_col1,256,188,0,34
180,36291,b87cc3cd7848f16bb59b3b5f,180,3,14,28,116,260.296875,483.04255319148939,0.109375,0.43617021276595747,False,row1_col0,256,188,0,34
181,36304,b87cc3cd7848f16bb59b3b5f,181,16,14,132,116,710.828125,483.04255319148939,0.515625,0.43617021276595747,False,row1_col1,256,188,0,34
182,36533,b87cc3cd7848f16bb59b3b5f,182,21,21,172,172,884.109375,725.51063829787233,0.671875,0.73404255319148937,False,row2_col2,256,188,0,34
183,36955,a7fd04dc104dc13f285e6901,183,27,2,220,20,1054.03125,71.657754010695186,0.859375,-0.074866310160427801,True,padding_center,256,187,0,34
184,36990,a7fd04dc104dc13f285e6901,184,30,3,244,28,1157.34375,106.13903743315508,0.953125,-0.032085561497326207,True,padding_center,256,187,0,34
185,37278,a7fd04dc104dc13f285e6901,185,30,12,244,100,1157.34375,416.47058823529414,0.953125,0.35294117647058826,False,row1_col2,256,187,0,34
186,37376,a7fd04dc104dc13f285e6901,186,0,16,4,132,124.21875,554.39572192513367,0.015625,0.52406417112299464,False,row1_col0,256,187,0,34
187,37574,a7fd04dc104dc13f285e6901,187,6,22,52,180,330.84375,761.28342245989302,0.203125,0.78074866310160429,False,row2_col0,256,187,0,34
188,37577,a7fd04dc104dc13f285e6901,188,9,22,76,180,434.15625,761.28342245989302,0.296875,0.78074866310160429,False,row2_col0,256,187,0,34
189,37594,a7fd04dc104dc13f285e6901,189,26,22,212,180,1019.59375,761.28342245989302,0.828125,0.78074866310160429,False,row2_col2,256,187,0,34
190,37637,a7fd04dc104dc13f285e6901,190,5,24,44,196,296.40625,830.24598930481284,0.171875,0.86631016042780751,False,row2_col0,256,187,0,34
191,37806,a7fd04dc104dc13f285e6901,191,14,29,116,236,606.34375,1002.6524064171124,0.453125,1.0802139037433156,True,padding_center,256,187,0,34
192,37974,cd5f1e1ce722bde05617cea3,192,22,2,180,20,887.84375,79.099999999999994,0.703125,-0.068421052631578952,True,padding_center,256,190,0,33
193,38066,cd5f1e1ce722bde05617cea3,193,18,5,148,44,750.09375,182.30000000000001,0.578125,0.057894736842105263,False,row0_col1,256,190,0,33
194,38077,cd5f1e1ce722bde05617cea3,194,29,5,236,44,1128.90625,182.30000000000001,0.921875,0.057894736842105263,False,row0_col2,256,190,0,33
195,38287,cd5f1e1ce722bde05617cea3,195,15,12,124,100,646.78125,423.09999999999997,0.484375,0.35263157894736841,False,row1_col1,256,190,0,33
196,38306,cd5f1e1ce722bde05617cea3,196,2,13,20,108,199.09375,457.5,0.078125,0.39473684210526316,False,row1_col0,256,190,0,33
197,38846,cd5f1e1ce722bde05617cea3,197,30,29,244,236,1163.34375,1007.9,0.953125,1.0684210526315789,True,padding_center,256,190,0,33
198,39001,2621e0e5fef600ad180b0661,198,25,2,204,20,1001.34375,81.08064516129032,0.796875,-0.080645161290322578,True,padding_center,256,186,0,35
199,39087,2621e0e5fef600ad180b0661,199,15,5,124,44,655.71875,184.95161290322579,0.484375,0.048387096774193547,False,row0_col1,256,186,0,35
200,39331,2621e0e5fef600ad180b0661,200,3,13,28,108,240.96875,461.94086021505376,0.109375,0.39247311827956988,False,row1_col0,256,186,0,35
201,39936,d60c6fc93e9eed8f0286cc7b,201,0,0,4,4,145.375,3.1081081081080981,0.015625,-0.16756756756756758,True,padding_center,256,185,0,35
202,40175,d60c6fc93e9eed8f0286cc7b,202,15,7,124,60,666.625,246.7837837837838,0.484375,0.13513513513513514,False,row0_col1,256,185,0,35
203,40603,d60c6fc93e9eed8f0286cc7b,203,27,20,220,164,1083.625,699.32432432432427,0.859375,0.69729729729729728,False,row2_col2,256,185,0,35
204,40654,d60c6fc93e9eed8f0286cc7b,204,14,22,116,180,631.875,768.94594594594594,0.453125,0.78378378378378377,False,row2_col1,256,185,0,35
205,40815,d60c6fc93e9eed8f0286cc7b,205,15,27,124,220,666.625,943,0.484375,1,True,padding_center,256,185,0,35
206,40830,d60c6fc93e9eed8f0286cc7b,206,30,27,244,220,1187.875,943,0.953125,1,True,padding_center,256,185,0,35
207,40839,d60c6fc93e9eed8f0286cc7b,207,7,28,60,228,388.625,977.81081081081084,0.234375,1.0432432432432432,True,padding_center,256,185,0,35
208,40969,17ee0869be7e617b235e6587,208,9,0,76,4,456.640625,-4.3597883597883538,0.296875,-0.15343915343915343,True,padding_center,256,189,0,33
209,41248,17ee0869be7e617b235e6587,209,0,9,4,76,145.296875,306.87830687830683,0.015625,0.2275132275132275,False,row0_col0,256,189,0,33
210,41686,17ee0869be7e617b235e6587,210,22,22,180,180,906.359375,756.44444444444446,0.703125,0.77777777777777779,False,row2_col2,256,189,0,33
211,41946,17ee0869be7e617b235e6587,211,26,30,212,244,1044.734375,1033.1005291005292,0.828125,1.1164021164021165,True,padding_center,256,189,0,33
212,42103,cbcb40349280f379f97f72d4,212,23,3,188,28,946.28125,114.88108108108108,0.734375,-0.03783783783783784,True,padding_center,256,185,0,35
213,42151,cbcb40349280f379f97f72d4,213,7,5,60,44,395.28125,183.72432432432433,0.234375,0.048648648648648651,False,row0_col0,256,185,0,35
214,42186,cbcb40349280f379f97f72d4,214,10,6,84,52,498.59375,218.14594594594595,0.328125,0.091891891891891897,False,row0_col0,256,185,0,35
215,42847,cbcb40349280f379f97f72d4,215,31,26,252,212,1221.78125,906.57837837837837,0.984375,0.95675675675675675,False,row2_col2,256,185,0,35
216,42848,cbcb40349280f379f97f72d4,216,0,27,4,220,154.21875,941,0.015625,1,True,padding_center,256,185,0,35
217,42934,cbcb40349280f379f97f72d4,217,22,29,180,236,911.84375,1009.8432432432433,0.703125,1.0864864864864865,True,padding_center,256,185,0,35
218,43007,cbcb40349280f379f97f72d4,218,31,31,252,252,1221.78125,1078.6864864864865,0.984375,1.172972972972973,True,padding_center,256,185,0,35
219,43056,d140f47bc847b703c1b20aec,219,16,1,132,12,727.828125,22.705882352941174,0.515625,-0.11764705882352941,True,padding_center,256,187,0,34
220,43651,d140f47bc847b703c1b20aec,220,3,20,28,164,277.296875,681.10160427807489,0.109375,0.69518716577540107,False,row2_col0,256,187,0,34
221,43924,d140f47bc847b703c1b20aec,221,20,28,164,228,866.453125,958.3208556149732,0.640625,1.0374331550802138,True,padding_center,256,187,0,34
222,43943,d140f47bc847b703c1b20aec,222,7,29,60,236,415.921875,992.97326203208559,0.234375,1.0802139037433156,True,padding_center,256,187,0,34
223,44212,ab203b05744a96fec97462f3,223,20,5,164,44,828.53125,186.58947368421053,0.640625,0.057894736842105263,False,row0_col1,256,190,0,33
224,44440,ab203b05744a96fec97462f3,224,24,12,196,100,966.78125,428.86315789473684,0.765625,0.35263157894736841,False,row1_col2,256,190,0,33
225,44470,ab203b05744a96fec97462f3,225,22,13,180,108,897.65625,463.4736842105263,0.703125,0.39473684210526316,False,row1_col2,256,190,0,33
226,44598,ab203b05744a96fec97462f3,226,22,17,180,140,897.65625,601.91578947368419,0.703125,0.56315789473684208,False,row1_col2,256,190,0,33
227,44653,ab203b05744a96fec97462f3,227,13,19,108,156,586.59375,671.13684210526321,0.421875,0.64736842105263159,False,row1_col1,256,190,0,33
228,44722,ab203b05744a96fec97462f3,228,18,21,148,172,759.40625,740.35789473684213,0.578125,0.73157894736842111,False,row2_col1,256,190,0,33
229,44726,ab203b05744a96fec97462f3,229,22,21,180,172,897.65625,740.35789473684213,0.703125,0.73157894736842111,False,row2_col2,256,190,0,33
230,45047,ab203b05744a96fec97462f3,230,23,31,188,252,932.21875,1086.4631578947369,0.734375,1.1526315789473685,True,padding_center,256,190,0,33
231,45151,62e720c2614a5a925bc7244b,231,31,2,252,20,1239.625,59.415789473684207,0.984375,-0.068421052631578952,True,padding_center,256,190,0,33
232,45233,62e720c2614a5a925bc7244b,232,17,5,140,44,753.125,163.87894736842105,0.546875,0.057894736842105263,False,row0_col1,256,190,0,33
233,45331,62e720c2614a5a925bc7244b,233,19,8,156,68,822.625,268.34210526315792,0.609375,0.18421052631578946,False,row0_col1,256,190,0,33
234,45378,62e720c2614a5a925bc7244b,234,2,10,20,84,231.875,337.98421052631579,0.078125,0.26842105263157895,False,row0_col0,256,190,0,33
235,45818,62e720c2614a5a925bc7244b,235,26,23,212,188,1065.875,790.65789473684208,0.828125,0.81578947368421051,False,row2_col2,256,190,0,33
236,46045,62e720c2614a5a925bc7244b,236,29,30,236,244,1170.125,1034.4052631578948,0.921875,1.1105263157894736,True,padding_center,256,190,0,33
237,46647,08ad318603104514ade6d68b,237,23,17,188,140,948.421875,596.4375,0.734375,0.5625,False,row1_col2,256,192,0,32
238,46808,08ad318603104514ade6d68b,238,24,22,196,180,983.078125,769.5625,0.765625,0.77083333333333337,False,row2_col2,256,192,0,32
239,46988,08ad318603104514ade6d68b,239,12,28,100,228,567.203125,977.31249999999989,0.390625,1.0208333333333333,True,padding_center,256,192,0,32
240,47351,b87c381e4a842e0b20bf5138,240,23,7,188,60,921.953125,235.62032085561498,0.734375,0.13903743315508021,False,row0_col2,256,187,0,34
241,47842,b87c381e4a842e0b20bf5138,241,2,23,20,188,195.484375,790.05882352941171,0.078125,0.82352941176470584,False,row2_col0,256,187,0,34
242,48064,b87c381e4a842e0b20bf5138,242,0,30,4,244,126.296875,1032.6256684491977,0.015625,1.1229946524064172,True,padding_center,256,187,0,34
243,48127,b87c381e4a842e0b20bf5138,243,31,31,252,252,1198.703125,1067.2780748663101,0.984375,1.1657754010695187,True,padding_center,256,187,0,34
244,48342,70167206a708a11cfa66d657,244,22,6,180,52,917.359375,205.66666666666669,0.703125,0.091397849462365593,False,row0_col2,256,186,0,35
245,48812,70167206a708a11cfa66d657,245,12,21,100,172,571.421875,725.66666666666663,0.390625,0.73655913978494625,False,row2_col1,256,186,0,35
246,48817,70167206a708a11cfa66d657,246,17,21,140,172,744.390625,725.66666666666663,0.546875,0.73655913978494625,False,row2_col1,256,186,0,35
247,49038,70167206a708a11cfa66d657,247,14,28,116,228,640.609375,968.33333333333326,0.453125,1.0376344086021505,True,padding_center,256,186,0,35
248,49059,70167206a708a11cfa66d657,248,3,29,28,236,260.078125,1002.9999999999999,0.109375,1.0806451612903225,True,padding_center,256,186,0,35
249,49373,f25970dc2c335751b35e4cfc,249,29,6,236,52,1158.90625,205.90000000000001,0.921875,0.10000000000000001,False,row0_col2,256,190,0,33
250,49398,f25970dc2c335751b35e4cfc,250,22,7,180,60,917.84375,240.38421052631577,0.703125,0.14210526315789473,False,row0_col2,256,190,0,33
251,49543,f25970dc2c335751b35e4cfc,251,7,12,60,100,401.28125,412.80526315789473,0.234375,0.35263157894736841,False,row1_col0,256,190,0,33
252,49828,f25970dc2c335751b35e4cfc,252,4,21,36,172,297.96875,723.16315789473686,0.140625,0.73157894736842111,False,row2_col0,256,190,0,33
253,49866,f25970dc2c335751b35e4cfc,253,10,22,84,180,504.59375,757.64736842105265,0.328125,0.77368421052631575,False,row2_col0,256,190,0,33
254,49951,f25970dc2c335751b35e4cfc,254,31,24,252,196,1227.78125,826.61578947368423,0.984375,0.85789473684210527,False,row2_col2,256,190,0,33
255,50009,f25970dc2c335751b35e4cfc,255,25,26,204,212,1021.15625,895.58421052631581,0.796875,0.94210526315789478,False,row2_col2,256,190,0,33
256,50474,ec3ea75e7104e017e03f4921,256,10,9,84,76,496.265625,327.89999999999998,0.328125,0.22631578947368422,False,row0_col0,256,190,0,33
257,50790,ec3ea75e7104e017e03f4921,257,6,19,52,156,358.640625,671.89999999999998,0.203125,0.64736842105263159,False,row1_col0,256,190,0,33
258,50915,ec3ea75e7104e017e03f4921,258,3,23,28,188,255.421875,809.5,0.109375,0.81578947368421051,False,row2_col0,256,190,0,33
259,51161,ec3ea75e7104e017e03f4921,259,25,30,204,244,1012.359375,1050.3,0.796875,1.1105263157894736,True,padding_center,256,190,0,33
260,51428,c8bcbc95e371b76bfc0ccf6a,260,4,7,36,60,245.53125,230.24324324324326,0.140625,0.13513513513513514,False,row0_col0,256,185,0,35
261,51702,c8bcbc95e371b76bfc0ccf6a,261,22,15,180,124,867.65625,507.34594594594597,0.703125,0.48108108108108111,False,row1_col2,256,185,0,35
262,51749,c8bcbc95e371b76bfc0ccf6a,262,5,17,44,140,280.09375,576.62162162162167,0.171875,0.56756756756756754,False,row1_col0,256,185,0,35
263,52103,c8bcbc95e371b76bfc0ccf6a,263,7,28,60,228,349.21875,957.63783783783788,0.234375,1.0432432432432432,True,padding_center,256,185,0,35
264,52543,a11b9324536c4c87684694eb,264,31,9,252,76,1219.671875,310.51891891891893,0.984375,0.22162162162162163,False,row0_col2,256,185,0,35
265,52738,a11b9324536c4c87684694eb,265,2,16,20,132,214.640625,552.98378378378379,0.078125,0.5243243243243243,False,row1_col0,256,185,0,35
266,52750,a11b9324536c4c87684694eb,266,14,16,116,132,630.515625,552.98378378378379,0.453125,0.5243243243243243,False,row1_col1,256,185,0,35
267,52898,a11b9324536c4c87684694eb,267,2,21,20,172,214.640625,726.17297297297296,0.078125,0.74054054054054053,False,row2_col0,256,185,0,35
268,52970,a11b9324536c4c87684694eb,268,10,23,84,188,491.890625,795.4486486486486,0.328125,0.82702702702702702,False,row2_col0,256,185,0,35
269,53011,a11b9324536c4c87684694eb,269,19,24,156,196,803.796875,830.08648648648648,0.609375,0.87027027027027026,False,row2_col1,256,185,0,35
270,53127,a11b9324536c4c87684694eb,270,7,28,60,228,387.921875,968.63783783783788,0.234375,1.0432432432432432,True,padding_center,256,185,0,35
271,53134,a11b9324536c4c87684694eb,271,14,28,116,228,630.515625,968.63783783783788,0.453125,1.0432432432432432,True,padding_center,256,185,0,35
272,53162,a11b9324536c4c87684694eb,272,10,29,84,236,491.890625,1003.2756756756756,0.328125,1.0864864864864865,True,padding_center,256,185,0,35
273,53402,7d6e953eea6aeb102463c263,273,26,4,212,36,1033.21875,132.97894736842105,0.828125,0.015789473684210527,False,row0_col2,256,190,0,33
274,53605,7d6e953eea6aeb102463c263,274,5,11,44,92,304.78125,375.25263157894739,0.171875,0.31052631578947371,False,row0_col0,256,190,0,33
275,53785,7d6e953eea6aeb102463c263,275,25,16,204,132,998.53125,548.30526315789461,0.796875,0.52105263157894732,False,row1_col2,256,190,0,33
276,54598,d1458cc139bf5041872709d8,276,6,10,52,84,307.875,351.71578947368425,0.203125,0.26842105263157895,False,row0_col0,256,190,0,33
277,54703,d1458cc139bf5041872709d8,277,15,13,124,108,620.625,456.0526315789474,0.484375,0.39473684210526316,False,row1_col1,256,190,0,33
278,54787,d1458cc139bf5041872709d8,278,3,16,28,132,203.625,560.38947368421054,0.109375,0.52105263157894732,False,row1_col0,256,190,0,33
279,54802,d1458cc139bf5041872709d8,279,18,16,148,132,724.875,560.38947368421054,0.578125,0.52105263157894732,False,row1_col1,256,190,0,33
280,54857,d1458cc139bf5041872709d8,280,9,18,76,148,412.125,629.9473684210526,0.296875,0.60526315789473684,False,row1_col0,256,190,0,33
281,55526,6d76d8f8a00db7e46f92f530,281,6,7,52,60,333.859375,250.43617021276594,0.203125,0.13829787234042554,False,row0_col0,256,188,0,34
282,56213,6d76d8f8a00db7e46f92f530,282,21,28,172,228,852.765625,976.94680851063833,0.671875,1.0319148936170213,True,padding_center,256,188,0,34
283,56485,40471d6b4d3d450e63bc3466,283,5,5,44,44,289.640625,161.25,0.171875,0.0625,False,row0_col0,256,192,0,32
284,56676,40471d6b4d3d450e63bc3466,284,4,11,36,92,254.796875,370.25,0.140625,0.3125,False,row0_col0,256,192,0,32
285,57233,40471d6b4d3d450e63bc3466,285,17,28,140,228,707.765625,962.41666666666663,0.546875,1.0208333333333333,True,padding_center,256,192,0,32
286,57246,40471d6b4d3d450e63bc3466,286,30,28,244,228,1160.734375,962.41666666666663,0.953125,1.0208333333333333,True,padding_center,256,192,0,32
287,57469,b413a5bd5eafd552edba7fdd,287,29,3,236,28,1131.359375,100.01069518716577,0.921875,-0.032085561497326207,True,padding_center,256,187,0,34
288,57518,b413a5bd5eafd552edba7fdd,288,14,5,116,44,611.515625,169.31550802139037,0.453125,0.053475935828877004,False,row0_col1,256,187,0,34
289,57631,b413a5bd5eafd552edba7fdd,289,31,8,252,68,1200.671875,273.27272727272725,0.984375,0.18181818181818182,False,row0_col2,256,187,0,34
290,57848,b413a5bd5eafd552edba7fdd,290,24,15,196,124,958.078125,515.83957219251329,0.765625,0.48128342245989303,False,row1_col2,256,187,0,34
291,58319,b413a5bd5eafd552edba7fdd,291,15,30,124,244,646.171875,1035.6256684491977,0.484375,1.1229946524064172,True,padding_center,256,187,0,34
292,58368,7381cb78aaec6db422f04d3f,292,0,0,4,4,143.171875,-3.7000000000000028,0.015625,-0.15263157894736842,True,padding_center,256,190,0,33
293,58617,7381cb78aaec6db422f04d3f,293,25,7,204,60,1001.765625,237.09999999999999,0.796875,0.14210526315789473,False,row0_col2,256,190,0,33
294,59024,7381cb78aaec6db422f04d3f,294,16,20,132,164,692.671875,684.30000000000007,0.515625,0.68947368421052635,False,row2_col1,256,190,0,33
295,59576,4fc95a77b6b1e2f554f692f3,295,24,5,196,44,953.546875,170.82162162162163,0.765625,0.048648648648648651,False,row0_col2,256,185,0,35
296,59633,4fc95a77b6b1e2f554f692f3,296,17,7,140,60,711.390625,239.83783783783784,0.546875,0.13513513513513514,False,row0_col1,256,185,0,35
297,59663,4fc95a77b6b1e2f554f692f3,297,15,8,124,68,642.203125,274.34594594594591,0.484375,0.17837837837837839,False,row0_col1,256,185,0,35
298,60004,4fc95a77b6b1e2f554f692f3,298,4,19,36,156,261.671875,653.93513513513517,0.140625,0.65405405405405403,False,row1_col0,256,185,0,35
299,60386,4fc95a77b6b1e2f554f692f3,299,2,31,20,252,192.484375,1068.0324324324324,0.078125,1.172972972972973,True,padding_center,256,185,0,35
300,60795,cb14ed724416e3ae9c8de0f8,300,27,11,220,92,1043.46875,385.87027027027028,0.859375,0.30810810810810813,False,row0_col2,256,185,0,35
301,60933,cb14ed724416e3ae9c8de0f8,301,5,16,44,132,283.09375,558.41081081081074,0.171875,0.5243243243243243,False,row1_col0,256,185,0,35
302,61148,cb14ed724416e3ae9c8de0f8,302,28,22,228,180,1078.03125,765.45945945945948,0.890625,0.78378378378378377,False,row2_col2,256,185,0,35
303,61522,644451a428137460b23f1c3a,303,18,2,148,20,742.140625,70.782608695652172,0.578125,-0.086956521739130432,True,padding_center,256,184,0,36
304,61581,644451a428137460b23f1c3a,304,13,4,108,36,568.859375,140,0.421875,0,False,row0_col1,256,184,0,36
305,62024,644451a428137460b23f1c3a,305,8,18,68,148,395.578125,624.52173913043475,0.265625,0.60869565217391308,False,row1_col0,256,184,0,36
306,62167,644451a428137460b23f1c3a,306,23,22,188,180,915.421875,762.95652173913049,0.734375,0.78260869565217395,False,row2_col2,256,184,0,36
307,62193,644451a428137460b23f1c3a,307,17,23,140,188,707.484375,797.56521739130437,0.546875,0.82608695652173914,False,row2_col1,256,184,0,36
308,62265,644451a428137460b23f1c3a,308,25,25,204,204,984.734375,866.78260869565213,0.796875,0.91304347826086951,False,row2_col2,256,184,0,36
309,62555,e584dcc4ff24f5258a7a5537,309,27,2,220,20,1067.625,68.159574468085111,0.859375,-0.074468085106382975,True,padding_center,256,188,0,34
310,62901,e584dcc4ff24f5258a7a5537,310,21,13,172,108,859.125,450.58510638297872,0.671875,0.39361702127659576,False,row1_col2,256,188,0,34
311,62902,e584dcc4ff24f5258a7a5537,311,22,13,180,108,893.875,450.58510638297872,0.703125,0.39361702127659576,False,row1_col2,256,188,0,34
312,63278,e584dcc4ff24f5258a7a5537,312,14,25,116,204,615.875,867.77659574468089,0.453125,0.9042553191489362,False,row2_col1,256,188,0,34
313,63411,e584dcc4ff24f5258a7a5537,313,19,29,156,236,789.625,1006.8404255319149,0.609375,1.074468085106383,True,padding_center,256,188,0,34
314,63508,389705dbbfe69bc29265ddd8,314,20,0,164,4,852.453125,-6.2216216216216367,0.640625,-0.16756756756756758,True,padding_center,256,185,0,35
315,63573,389705dbbfe69bc29265ddd8,315,21,2,172,20,887.109375,63.054054054054049,0.671875,-0.081081081081081086,True,padding_center,256,185,0,35
316,63812,389705dbbfe69bc29265ddd8,316,4,10,36,84,297.953125,340.15675675675675,0.140625,0.26486486486486488,False,row0_col0,256,185,0,35
317,64124,389705dbbfe69bc29265ddd8,317,28,19,228,156,1129.703125,651.89729729729731,0.890625,0.65405405405405403,False,row1_col2,256,185,0,35
318,64127,389705dbbfe69bc29265ddd8,318,31,19,252,156,1233.671875,651.89729729729731,0.984375,0.65405405405405403,False,row1_col2,256,185,0,35
319,64155,389705dbbfe69bc29265ddd8,319,27,20,220,164,1095.046875,686.53513513513508,0.859375,0.69729729729729728,False,row2_col2,256,185,0,35
320,64322,389705dbbfe69bc29265ddd8,320,2,26,20,212,228.640625,894.36216216216212,0.078125,0.95675675675675675,False,row2_col0,256,185,0,35
321,64549,db58b895d25ece9db831dde2,321,5,1,44,12,275.640625,39.521739130434781,0.171875,-0.13043478260869565,True,padding_center,256,184,0,36
322,64640,db58b895d25ece9db831dde2,322,0,4,4,36,101.421875,144,0.015625,0,False,row0_col0,256,184,0,36
323,64875,db58b895d25ece9db831dde2,323,11,11,92,92,484.703125,387.78260869565219,0.359375,0.30434782608695654,False,row0_col1,256,184,0,36
324,65438,db58b895d25ece9db831dde2,324,30,28,244,228,1146.734375,979.82608695652175,0.953125,1.0434782608695652,True,padding_center,256,184,0,36
325,65511,db58b895d25ece9db831dde2,325,7,31,60,252,345.328125,1084.304347826087,0.234375,1.173913043478261,True,padding_center,256,184,0,36
326,65560,af9f5bd76806962693118d19,326,24,0,196,4,961.71875,-2.1443850267379787,0.765625,-0.16042780748663102,True,padding_center,256,187,0,34
327,65711,af9f5bd76806962693118d19,327,15,5,124,44,651.78125,170.048128342246,0.484375,0.053475935828877004,False,row0_col1,256,187,0,34
328,65846,af9f5bd76806962693118d19,328,22,9,180,76,892.84375,307.80213903743316,0.703125,0.22459893048128343,False,row0_col2,256,187,0,34
329,66004,af9f5bd76806962693118d19,329,20,14,164,116,823.96875,479.99465240641712,0.640625,0.43850267379679142,False,row1_col1,256,187,0,34
330,66268,af9f5bd76806962693118d19,330,28,22,228,180,1099.46875,755.50267379679144,0.890625,0.78074866310160429,False,row2_col2,256,187,0,34
331,66308,af9f5bd76806962693118d19,331,4,24,36,196,272.96875,824.37967914438502,0.140625,0.86631016042780751,False,row2_col0,256,187,0,34
332,66313,af9f5bd76806962693118d19,332,9,24,76,196,445.15625,824.37967914438502,0.296875,0.86631016042780751,False,row2_col0,256,187,0,34
333,66337,af9f5bd76806962693118d19,333,1,25,12,204,169.65625,858.81818181818176,0.046875,0.90909090909090906,False,row2_col0,256,187,0,34
334,66403,af9f5bd76806962693118d19,334,3,27,28,220,238.53125,927.69518716577534,0.109375,0.99465240641711228,False,row2_col0,256,187,0,34
335,66581,795479733aefc40b934277a4,335,21,0,172,4,855.09375,19.2659574468085,0.671875,-0.15957446808510639,True,padding_center,256,188,0,34
336,66662,795479733aefc40b934277a4,336,6,3,52,28,336.65625,123.05319148936171,0.203125,-0.031914893617021274,True,padding_center,256,188,0,34
337,66692,795479733aefc40b934277a4,337,4,4,36,36,267.53125,157.64893617021278,0.140625,0.010638297872340425,False,row0_col0,256,188,0,34
338,66953,795479733aefc40b934277a4,338,9,12,76,100,440.34375,434.41489361702128,0.296875,0.35106382978723405,False,row1_col0,256,188,0,34
339,66959,795479733aefc40b934277a4,339,15,12,124,100,647.71875,434.41489361702128,0.484375,0.35106382978723405,False,row1_col1,256,188,0,34
340,66979,795479733aefc40b934277a4,340,3,13,28,108,232.96875,469.01063829787233,0.109375,0.39361702127659576,False,row1_col0,256,188,0,34
341,67223,795479733aefc40b934277a4,341,23,20,188,164,924.21875,711.18085106382978,0.734375,0.69148936170212771,False,row2_col2,256,188,0,34
342,67613,a5e44a049f152deb435edd40,342,29,0,236,4,1137.125,-6,0.921875,-0.16666666666666666,True,padding_center,256,186,0,35
343,67722,a5e44a049f152deb435edd40,343,10,4,84,36,476.875,133.35483870967741,0.328125,0.0053763440860215058,False,row0_col0,256,186,0,35
344,67838,a5e44a049f152deb435edd40,344,30,7,244,60,1171.875,237.87096774193549,0.953125,0.13440860215053763,False,row0_col2,256,186,0,35
345,68509,a5e44a049f152deb435edd40,345,29,28,236,228,1137.125,969.48387096774195,0.921875,1.0376344086021505,True,padding_center,256,186,0,35
346,68762,25b175f8a0414b88adf3bbf2,346,26,4,212,36,1035.90625,142.66310160427807,0.828125,0.0106951871657754,False,row0_col2,256,187,0,34
347,68861,25b175f8a0414b88adf3bbf2,347,29,7,236,60,1139.59375,246.62032085561498,0.921875,0.13903743315508021,False,row0_col2,256,187,0,34
348,69339,25b175f8a0414b88adf3bbf2,348,27,22,220,180,1070.46875,766.40641711229944,0.859375,0.78074866310160429,False,row2_col2,256,187,0,34
349,69386,25b175f8a0414b88adf3bbf2,349,10,24,84,196,482.90625,835.7112299465241,0.328125,0.86631016042780751,False,row2_col0,256,187,0,34
350,69419,25b175f8a0414b88adf3bbf2,350,11,25,92,204,517.46875,870.36363636363637,0.359375,0.90909090909090906,False,row2_col1,256,187,0,34
351,69587,25b175f8a0414b88adf3bbf2,351,19,30,156,244,793.96875,1043.6256684491977,0.609375,1.1229946524064172,True,padding_center,256,187,0,34
352,69684,168615ffdb851430b5e9e799,352,20,1,164,12,848.171875,35.456989247311824,0.640625,-0.12365591397849462,True,padding_center,256,186,0,35
353,69742,168615ffdb851430b5e9e799,353,14,3,116,28,640.609375,104.70430107526882,0.453125,-0.037634408602150539,True,padding_center,256,186,0,35
354,69924,168615ffdb851430b5e9e799,354,4,9,36,76,294.671875,312.44623655913978,0.140625,0.22043010752688172,False,row0_col0,256,186,0,35
355,70046,168615ffdb851430b5e9e799,355,30,12,244,100,1194.109375,416.31720430107526,0.953125,0.34946236559139787,False,row1_col2,256,186,0,35
356,70078,168615ffdb851430b5e9e799,356,30,13,244,108,1194.109375,450.94086021505376,0.953125,0.39247311827956988,False,row1_col2,256,186,0,35
357,70215,168615ffdb851430b5e9e799,357,7,18,60,148,398.453125,624.05913978494618,0.234375,0.60752688172043012,False,row1_col0,256,186,0,35
358,70217,168615ffdb851430b5e9e799,358,9,18,76,148,467.640625,624.05913978494618,0.296875,0.60752688172043012,False,row1_col0,256,186,0,35
359,70306,168615ffdb851430b5e9e799,359,2,21,20,172,225.484375,727.93010752688178,0.078125,0.73655913978494625,False,row2_col0,256,186,0,35
360,70343,168615ffdb851430b5e9e799,360,7,22,60,180,398.453125,762.55376344086017,0.234375,0.77956989247311825,False,row2_col0,256,186,0,35
361,70431,168615ffdb851430b5e9e799,361,31,24,252,196,1228.703125,831.80107526881716,0.984375,0.86559139784946237,False,row2_col2,256,186,0,35
362,70518,168615ffdb851430b5e9e799,362,22,27,180,220,917.359375,935.67204301075265,0.703125,0.9946236559139785,False,row2_col2,256,186,0,35
363,70972,9993d74e02e8a5dd35aaa9d4,363,28,9,228,76,1129.375,312.54838709677421,0.890625,0.22043010752688172,False,row0_col2,256,186,0,35
364,70989,9993d74e02e8a5dd35aaa9d4,364,13,10,108,84,608.125,347.38709677419354,0.421875,0.26344086021505375,False,row0_col1,256,186,0,35
365,71542,9993d74e02e8a5dd35aaa9d4,365,22,27,180,220,920.875,939.64516129032256,0.703125,0.9946236559139785,False,row2_col2,256,186,0,35
366,71579,9993d74e02e8a5dd35aaa9d4,366,27,28,220,228,1094.625,974.48387096774195,0.859375,1.0376344086021505,True,padding_center,256,186,0,35
367,71592,9993d74e02e8a5dd35aaa9d4,367,8,29,68,236,434.375,1009.3225806451612,0.265625,1.0806451612903225,True,padding_center,256,186,0,35
368,71924,fd8fe61532624c2989845031,368,20,7,164,60,839.53125,241.62032085561498,0.640625,0.13903743315508021,False,row0_col1,256,187,0,34
369,71988,fd8fe61532624c2989845031,369,20,9,164,76,839.53125,310.92513368983958,0.640625,0.22459893048128343,False,row0_col1,256,187,0,34
370,72318,fd8fe61532624c2989845031,370,30,19,244,156,1185.15625,657.44919786096261,0.953125,0.65240641711229952,False,row1_col2,256,187,0,34
371,72473,fd8fe61532624c2989845031,371,25,24,204,196,1012.34375,830.7112299465241,0.796875,0.86631016042780751,False,row2_col2,256,187,0,34
372,72993,fe93b73ddd86f0b267f37da8,372,1,9,12,76,180.265625,315.01587301587301,0.046875,0.2275132275132275,False,row0_col0,256,189,0,33
373,73010,fe93b73ddd86f0b267f37da8,373,18,9,148,76,772.609375,315.01587301587301,0.578125,0.2275132275132275,False,row0_col1,256,189,0,33
374,73030,fe93b73ddd86f0b267f37da8,374,6,10,52,84,354.484375,349.8095238095238,0.203125,0.26984126984126983,False,row0_col0,256,189,0,33
375,73176,fe93b73ddd86f0b267f37da8,375,24,14,196,116,981.671875,488.98412698412699,0.765625,0.43915343915343913,False,row1_col2,256,189,0,33
376,73193,fe93b73ddd86f0b267f37da8,376,9,15,76,124,459.015625,523.77777777777783,0.296875,0.48148148148148145,False,row1_col0,256,189,0,33
377,73249,fe93b73ddd86f0b267f37da8,377,1,17,12,140,180.265625,593.3650793650794,0.046875,0.56613756613756616,False,row1_col0,256,189,0,33
378,73697,fe93b73ddd86f0b267f37da8,378,1,31,12,252,180.265625,1080.4761904761906,0.046875,1.1587301587301588,True,padding_center,256,189,0,33
379,73700,fe93b73ddd86f0b267f37da8,379,4,31,36,252,284.796875,1080.4761904761906,0.140625,1.1587301587301588,True,padding_center,256,189,0,33
380,73736,c51f2c5c0ba8d30ffdf961eb,380,8,0,68,4,422.046875,4.5081967213114638,0.265625,-0.17486338797814208,True,padding_center,256,183,0,36
381,73750,c51f2c5c0ba8d30ffdf961eb,381,22,0,180,4,906.359375,4.5081967213114638,0.703125,-0.17486338797814208,True,padding_center,256,183,0,36
382,74105,c51f2c5c0ba8d30ffdf961eb,382,25,11,204,92,1010.140625,385.36065573770492,0.796875,0.30601092896174864,False,row0_col2,256,183,0,36
383,74245,c51f2c5c0ba8d30ffdf961eb,383,5,16,44,132,318.265625,558.47540983606564,0.171875,0.52459016393442626,False,row1_col0,256,183,0,36
384,74711,c51f2c5c0ba8d30ffdf961eb,384,23,30,188,244,940.953125,1043.1967213114754,0.734375,1.1366120218579234,True,padding_center,256,183,0,36
385,74915,21bf7996c01f5174b83a7bf0,385,3,5,28,44,208.53125,170.72432432432433,0.109375,0.048648648648648651,False,row0_col0,256,185,0,35
386,75155,21bf7996c01f5174b83a7bf0,386,19,12,156,100,759.53125,411.67567567567568,0.609375,0.35135135135135137,False,row1_col1,256,185,0,35
387,75166,21bf7996c01f5174b83a7bf0,387,30,12,244,100,1138.34375,411.67567567567568,0.953125,0.35135135135135137,False,row1_col2,256,185,0,35
388,75938,7362ade95f32642a9f44c44a,388,2,5,20,44,225.65625,175.19095477386935,0.078125,0.080402010050251257,False,row0_col0,256,199,0,28
389,75985,7362ade95f32642a9f44c44a,389,17,6,140,52,751.59375,210.286432160804,0.546875,0.12060301507537688,False,row0_col1,256,199,0,28
390,75987,7362ade95f32642a9f44c44a,390,19,6,156,52,821.71875,210.286432160804,0.609375,0.12060301507537688,False,row0_col1,256,199,0,28
391,76067,7362ade95f32642a9f44c44a,391,3,9,28,76,260.71875,315.57286432160799,0.109375,0.24120603015075376,False,row0_col0,256,199,0,28
392,76083,7362ade95f32642a9f44c44a,392,19,9,156,76,821.71875,315.57286432160799,0.609375,0.24120603015075376,False,row0_col1,256,199,0,28
393,76157,7362ade95f32642a9f44c44a,393,29,11,236,92,1172.34375,385.7638190954774,0.921875,0.32160804020100503,False,row0_col2,256,199,0,28
394,76306,7362ade95f32642a9f44c44a,394,18,16,148,132,786.65625,561.24120603015081,0.578125,0.52261306532663321,False,row1_col1,256,199,0,28
395,76399,7362ade95f32642a9f44c44a,395,15,19,124,156,681.46875,666.5276381909548,0.484375,0.64321608040201006,False,row1_col1,256,199,0,28
396,76686,7362ade95f32642a9f44c44a,396,14,28,116,228,646.40625,982.3869346733668,0.453125,1.0050251256281406,True,padding_center,256,199,0,28
397,76785,7362ade95f32642a9f44c44a,397,17,31,140,252,751.59375,1087.6733668341708,0.546875,1.1256281407035176,True,padding_center,256,199,0,28
398,77204,766454c47ae7c9d62021ae41,398,20,12,164,100,829.328125,415.91935483870969,0.640625,0.34946236559139787,False,row1_col1,256,186,0,35
399,77282,766454c47ae7c9d62021ae41,399,2,15,20,124,210.015625,519.27419354838707,0.078125,0.478494623655914,False,row1_col0,256,186,0,35
400,77308,766454c47ae7c9d62021ae41,400,28,15,228,124,1104.578125,519.27419354838707,0.890625,0.478494623655914,False,row1_col2,256,186,0,35
401,77414,766454c47ae7c9d62021ae41,401,6,19,52,156,347.640625,657.08064516129025,0.203125,0.65053763440860213,False,row1_col0,256,186,0,35
402,77565,766454c47ae7c9d62021ae41,402,29,23,236,188,1138.984375,794.88709677419354,0.921875,0.82258064516129037,False,row2_col2,256,186,0,35
403,77569,766454c47ae7c9d62021ae41,403,1,24,12,196,175.609375,829.33870967741939,0.046875,0.86559139784946237,False,row2_col0,256,186,0,35
404,77577,766454c47ae7c9d62021ae41,404,9,24,76,196,450.859375,829.33870967741939,0.296875,0.86559139784946237,False,row2_col0,256,186,0,35
405,77664,766454c47ae7c9d62021ae41,405,0,27,4,220,141.203125,932.69354838709683,0.015625,0.9946236559139785,False,row2_col0,256,186,0,35
406,77715,766454c47ae7c9d62021ae41,406,19,28,156,228,794.921875,967.14516129032256,0.609375,1.0376344086021505,True,padding_center,256,186,0,35
407,78016,fbfdec218cbf0635738d2c12,407,0,6,4,52,131.296875,207.97237569060775,0.015625,0.082872928176795577,False,row0_col0,256,181,0,37
408,78106,fbfdec218cbf0635738d2c12,408,26,8,212,68,1030.734375,277.27624309392263,0.828125,0.17127071823204421,False,row0_col2,256,181,0,37
409,78166,fbfdec218cbf0635738d2c12,409,22,10,180,84,892.359375,346.58011049723757,0.703125,0.25966850828729282,False,row0_col2,256,181,0,37
410,78261,fbfdec218cbf0635738d2c12,410,21,13,172,108,857.765625,450.53591160220992,0.671875,0.39226519337016574,False,row1_col2,256,181,0,37
411,78359,fbfdec218cbf0635738d2c12,411,23,16,188,132,926.953125,554.49171270718239,0.734375,0.52486187845303867,False,row1_col2,256,181,0,37
412,78438,fbfdec218cbf0635738d2c12,412,6,19,52,156,338.859375,658.44751381215474,0.203125,0.65745856353591159,False,row1_col0,256,181,0,37
413,78651,fbfdec218cbf0635738d2c12,413,27,25,220,204,1065.328125,866.35911602209944,0.859375,0.92265193370165743,False,row2_col2,256,181,0,37
414,78732,fbfdec218cbf0635738d2c12,414,12,28,100,228,546.421875,970.31491712707191,0.390625,1.0552486187845305,True,padding_center,256,181,0,37
415,79097,c45bca2ff1189b57883f62b3,415,25,7,204,60,1001.359375,240.66129032258064,0.796875,0.13440860215053763,False,row0_col2,256,186,0,35
416,79325,c45bca2ff1189b57883f62b3,416,29,14,236,116,1138.984375,481.82258064516128,0.921875,0.43548387096774194,False,row1_col2,256,186,0,35
417,79344,c45bca2ff1189b57883f62b3,417,16,15,132,124,691.703125,516.27419354838707,0.515625,0.478494623655914,False,row1_col1,256,186,0,35
418,79359,c45bca2ff1189b57883f62b3,418,31,15,252,124,1207.796875,516.27419354838707,0.984375,0.478494623655914,False,row1_col2,256,186,0,35
419,79838,c45bca2ff1189b57883f62b3,419,30,30,244,244,1173.390625,1033.0483870967741,0.953125,1.1236559139784945,True,padding_center,256,186,0,35
420,79973,f228eee20ee0df690a4e51b6,420,5,3,44,28,307.609375,116.01069518716577,0.171875,-0.032085561497326207,True,padding_center,256,187,0,34
421,80341,f228eee20ee0df690a4e51b6,421,21,14,172,116,862.109375,497.18716577540107,0.671875,0.43850267379679142,False,row1_col2,256,187,0,34
422,80410,f228eee20ee0df690a4e51b6,422,26,16,212,132,1035.390625,566.49197860962568,0.828125,0.52406417112299464,False,row1_col2,256,187,0,34
423,80446,f228eee20ee0df690a4e51b6,423,30,17,244,140,1174.015625,601.14438502673806,0.953125,0.5668449197860963,False,row1_col2,256,187,0,34
424,80594,f228eee20ee0df690a4e51b6,424,18,22,148,180,758.140625,774.40641711229944,0.578125,0.78074866310160429,False,row2_col1,256,187,0,34
425,80598,f228eee20ee0df690a4e51b6,425,22,22,180,180,896.765625,774.40641711229944,0.703125,0.78074866310160429,False,row2_col2,256,187,0,34
426,80919,99a260d84ec3760c5165b1f1,426,23,0,188,4,905.21875,0.9109947643979126,0.734375,-0.14659685863874344,True,padding_center,256,191,0,32
427,81510,99a260d84ec3760c5165b1f1,427,6,19,52,156,317.65625,658.25130890052355,0.203125,0.64921465968586389,False,row1_col0,256,191,0,32
428,81621,99a260d84ec3760c5165b1f1,428,21,22,172,180,836.09375,762.04188481675396,0.671875,0.77486910994764402,False,row2_col2,256,191,0,32
429,81698,99a260d84ec3760c5165b1f1,429,2,25,20,204,179.40625,865.83246073298426,0.078125,0.90052356020942403,False,row2_col0,256,191,0,32
430,81857,99a260d84ec3760c5165b1f1,430,1,30,12,244,144.84375,1038.8167539267015,0.046875,1.1099476439790577,True,padding_center,256,191,0,32
431,81927,d04aeafeb9e728e609fa7a9e,431,7,0,60,4,324.921875,1.5652173913043441,0.234375,-0.17391304347826086,True,padding_center,256,184,0,36
432,81959,d04aeafeb9e728e609fa7a9e,432,7,1,60,12,324.921875,36.173913043478265,0.234375,-0.13043478260869565,True,padding_center,256,184,0,36
433,82329,d04aeafeb9e728e609fa7a9e,433,25,12,204,100,948.734375,416.86956521739131,0.796875,0.34782608695652173,False,row1_col2,256,184,0,36
434,82520,d04aeafeb9e728e609fa7a9e,434,24,18,196,148,914.078125,624.52173913043475,0.765625,0.60869565217391308,False,row1_col2,256,184,0,36
435,82597,d04aeafeb9e728e609fa7a9e,435,5,21,44,172,255.609375,728.3478260869565,0.171875,0.73913043478260865,False,row2_col0,256,184,0,36
436,82678,d04aeafeb9e728e609fa7a9e,436,22,23,180,188,844.765625,797.56521739130437,0.703125,0.82608695652173914,False,row2_col2,256,184,0,36
437,82893,d04aeafeb9e728e609fa7a9e,437,13,30,108,244,532.859375,1039.8260869565215,0.421875,1.1304347826086956,True,padding_center,256,184,0,36
438,82921,d04aeafeb9e728e609fa7a9e,438,9,31,76,252,394.234375,1074.4347826086957,0.296875,1.173913043478261,True,padding_center,256,184,0,36
439,83351,587b74bfc019c7be94717f25,439,23,12,188,100,916.828125,406.06451612903226,0.734375,0.34946236559139787,False,row1_col2,256,186,0,35
440,83790,587b74bfc019c7be94717f25,440,14,26,116,212,603.234375,893.80645161290329,0.453125,0.95161290322580649,False,row2_col1,256,186,0,35
441,83830,587b74bfc019c7be94717f25,441,22,27,180,220,881.984375,928.64516129032256,0.703125,0.9946236559139785,False,row2_col2,256,186,0,35
442,83833,587b74bfc019c7be94717f25,442,25,27,204,220,986.515625,928.64516129032256,0.796875,0.9946236559139785,False,row2_col2,256,186,0,35
443,83948,587b74bfc019c7be94717f25,443,12,31,100,252,533.546875,1068,0.390625,1.1666666666666667,True,padding_center,256,186,0,35
444,84148,d97ecfbcd8824d84ea5eae90,444,20,5,164,44,800.5,173.62983425414365,0.640625,0.038674033149171269,False,row0_col1,256,181,0,37
445,84316,d97ecfbcd8824d84ea5eae90,445,28,10,228,84,1080.5,348.6574585635359,0.890625,0.25966850828729282,False,row0_col2,256,181,0,37
446,84337,d97ecfbcd8824d84ea5eae90,446,17,11,140,92,695.5,383.66298342541438,0.546875,0.30386740331491713,False,row0_col1,256,181,0,37
447,84491,d97ecfbcd8824d84ea5eae90,447,11,16,92,132,485.5,558.69060773480669,0.359375,0.52486187845303867,False,row1_col1,256,181,0,37
448,85092,c9fce8b47dde33b4fc8fb311,448,4,3,36,28,251.09375,114.36842105263158,0.140625,-0.026315789473684209,True,padding_center,256,190,0,33
449,85178,c9fce8b47dde33b4fc8fb311,449,26,5,212,44,1014.21875,183.58947368421053,0.828125,0.057894736842105263,False,row0_col2,256,190,0,33
450,85198,c9fce8b47dde33b4fc8fb311,450,14,6,116,52,597.96875,218.19999999999999,0.453125,0.10000000000000001,False,row0_col1,256,190,0,33
451,85418,c9fce8b47dde33b4fc8fb311,451,10,13,84,108,459.21875,460.4736842105263,0.328125,0.39473684210526316,False,row1_col0,256,190,0,33
452,85433,c9fce8b47dde33b4fc8fb311,452,25,13,204,108,979.53125,460.4736842105263,0.796875,0.39473684210526316,False,row1_col2,256,190,0,33
453,85443,c9fce8b47dde33b4fc8fb311,453,3,14,28,116,216.40625,495.08421052631581,0.109375,0.43684210526315792,False,row1_col0,256,190,0,33
454,85795,c9fce8b47dde33b4fc8fb311,454,3,25,28,204,216.40625,875.80000000000007,0.109375,0.90000000000000002,False,row2_col0,256,190,0,33
455,86303,77a85f3771060390b13f8469,455,31,8,252,68,1208.671875,276.27272727272725,0.984375,0.18181818181818182,False,row0_col2,256,187,0,34
456,86667,77a85f3771060390b13f8469,456,11,20,92,164,515.546875,692.10160427807489,0.359375,0.69518716577540107,False,row2_col1,256,187,0,34
457,86840,77a85f3771060390b13f8469,457,24,25,196,204,966.078125,865.36363636363637,0.765625,0.90909090909090906,False,row2_col2,256,187,0,34
458,86905,77a85f3771060390b13f8469,458,25,27,204,220,1000.734375,934.66844919786092,0.796875,0.99465240641711228,False,row2_col2,256,187,0,34
459,87160,e1c9abec502219412e89243a,459,24,3,196,28,950.546875,98.181318681318686,0.765625,-0.049450549450549448,True,padding_center,256,182,0,37
460,87320,e1c9abec502219412e89243a,460,24,8,196,68,950.546875,270.70879120879124,0.765625,0.17032967032967034,False,row0_col2,256,182,0,37
461,87322,e1c9abec502219412e89243a,461,26,8,212,68,1019.734375,270.70879120879124,0.828125,0.17032967032967034,False,row0_col2,256,182,0,37
462,87491,e1c9abec502219412e89243a,462,3,14,28,116,224.078125,477.74175824175825,0.109375,0.43406593406593408,False,row1_col0,256,182,0,37
463,87559,e1c9abec502219412e89243a,463,7,16,60,132,362.453125,546.75274725274721,0.234375,0.52197802197802201,False,row1_col0,256,182,0,37
464,87595,e1c9abec502219412e89243a,464,11,17,92,140,500.828125,581.25824175824175,0.359375,0.56593406593406592,False,row1_col1,256,182,0,37
465,87646,e1c9abec502219412e89243a,465,30,18,244,148,1158.109375,615.76373626373629,0.953125,0.60989010989010994,False,row1_col2,256,182,0,37
466,87682,e1c9abec502219412e89243a,466,2,20,20,164,189.484375,684.77472527472526,0.078125,0.69780219780219777,False,row2_col0,256,182,0,37
467,87811,e1c9abec502219412e89243a,467,3,24,28,196,224.078125,822.7967032967033,0.109375,0.87362637362637363,False,row2_col0,256,182,0,37
468,87829,e1c9abec502219412e89243a,468,21,24,172,196,846.765625,822.7967032967033,0.671875,0.87362637362637363,False,row2_col2,256,182,0,37
469,87887,e1c9abec502219412e89243a,469,15,26,124,212,639.203125,891.80769230769238,0.484375,0.96153846153846156,False,row2_col1,256,182,0,37
470,88027,e1c9abec502219412e89243a,470,27,30,220,244,1054.328125,1029.8296703296703,0.859375,1.1373626373626373,True,padding_center,256,182,0,37
471,88235,5477e1d816f3af5d3adf2b48,471,11,5,92,44,504.90625,189.31088082901556,0.359375,0.067357512953367879,False,row0_col1,256,193,0,31
472,88241,5477e1d816f3af5d3adf2b48,472,17,5,140,44,713.03125,189.31088082901556,0.546875,0.067357512953367879,False,row0_col1,256,193,0,31
473,88611,5477e1d816f3af5d3adf2b48,473,3,17,28,140,227.40625,605.14507772020727,0.109375,0.56476683937823835,False,row1_col0,256,193,0,31
474,88624,5477e1d816f3af5d3adf2b48,474,16,17,132,140,678.34375,605.14507772020727,0.515625,0.56476683937823835,False,row1_col1,256,193,0,31
475,88792,5477e1d816f3af5d3adf2b48,475,24,22,196,180,955.84375,778.40932642487041,0.765625,0.772020725388601,False,row2_col2,256,193,0,31
476,88856,5477e1d816f3af5d3adf2b48,476,24,24,196,196,955.84375,847.71502590673583,0.765625,0.85492227979274615,False,row2_col2,256,193,0,31
477,89059,5477e1d816f3af5d3adf2b48,477,3,31,28,252,227.40625,1090.2849740932643,0.109375,1.145077720207254,True,padding_center,256,193,0,31
478,89542,bafa334c6c43147b890e28ed,478,6,14,52,116,327.859375,479.08421052631581,0.203125,0.43684210526315792,False,row1_col0,256,190,0,33
479,89750,bafa334c6c43147b890e28ed,479,22,20,180,164,881.359375,686.74736842105267,0.703125,0.68947368421052635,False,row2_col2,256,190,0,33
480,89861,bafa334c6c43147b890e28ed,480,5,24,44,196,293.265625,825.1894736842105,0.171875,0.85789473684210527,False,row2_col0,256,190,0,33
481,90057,bafa334c6c43147b890e28ed,481,9,30,76,244,431.640625,1032.8526315789472,0.296875,1.1105263157894736,True,padding_center,256,190,0,33
482,90106,bafa334c6c43147b890e28ed,482,26,31,212,252,1019.734375,1067.4631578947369,0.828125,1.1526315789473685,True,padding_center,256,190,0,33
483,90428,9e5249a3b4a0aeea24774e82,483,28,9,228,76,1096.375,313.47826086956525,0.890625,0.21739130434782608,False,row0_col2,256,184,0,36
484,90464,9e5249a3b4a0aeea24774e82,484,0,11,4,92,123.375,382.86956521739131,0.015625,0.30434782608695654,False,row0_col0,256,184,0,36
485,91070,9e5249a3b4a0aeea24774e82,485,30,29,244,236,1165.875,1007.391304347826,0.953125,1.0869565217391304,True,padding_center,256,184,0,36
486,91168,b707c1eb67ac9b8893cde411,486,0,1,4,12,153.34375,25.62087912087911,0.015625,-0.13736263736263737,True,padding_center,256,182,0,37
487,91353,b707c1eb67ac9b8893cde411,487,25,6,204,52,1020.53125,199.02747252747253,0.796875,0.082417582417582416,False,row0_col2,256,182,0,37
488,91401,b707c1eb67ac9b8893cde411,488,9,8,76,68,465.53125,268.3901098901099,0.296875,0.17032967032967034,False,row0_col0,256,182,0,37
489,91625,b707c1eb67ac9b8893cde411,489,9,15,76,124,465.53125,511.15934065934067,0.296875,0.47802197802197804,False,row1_col0,256,182,0,37
490,91862,b707c1eb67ac9b8893cde411,490,22,22,180,180,916.46875,753.92857142857144,0.703125,0.7857142857142857,False,row2_col2,256,182,0,37
491,92084,b707c1eb67ac9b8893cde411,491,20,29,164,236,847.09375,996.69780219780216,0.640625,1.0934065934065933,True,padding_center,256,182,0,37
492,92762,cee542fc544d914ecb84340b,492,26,18,212,148,1019.390625,620.65445026178008,0.828125,0.60732984293193715,False,row1_col2,256,191,0,32
493,92887,cee542fc544d914ecb84340b,493,23,22,188,180,915.421875,759.04188481675396,0.734375,0.77486910994764402,False,row2_col2,256,191,0,32
494,92990,cee542fc544d914ecb84340b,494,30,25,244,204,1158.015625,862.83246073298426,0.953125,0.90052356020942403,False,row2_col2,256,191,0,32
495,92994,cee542fc544d914ecb84340b,495,2,26,20,212,187.640625,897.42931937172773,0.078125,0.94240837696335078,False,row2_col0,256,191,0,32
496,93376,e4622a2495fee2989741879a,496,0,6,4,52,131.296875,197.66666666666669,0.015625,0.091397849462365593,False,row0_col0,256,186,0,35
497,93644,e4622a2495fee2989741879a,497,12,14,100,116,546.421875,475,0.390625,0.43548387096774194,False,row1_col1,256,186,0,35
498,93815,e4622a2495fee2989741879a,498,23,19,188,156,926.953125,648.33333333333337,0.734375,0.65053763440860213,False,row1_col2,256,186,0,35
499,93829,e4622a2495fee2989741879a,499,5,20,44,164,304.265625,683,0.171875,0.69354838709677424,False,row2_col0,256,186,0,35
500,93957,e4622a2495fee2989741879a,500,5,24,44,196,304.265625,821.66666666666663,0.171875,0.86559139784946237,False,row2_col0,256,186,0,35
501,94097,e4622a2495fee2989741879a,501,17,28,140,228,719.390625,960.33333333333326,0.546875,1.0376344086021505,True,padding_center,256,186,0,35
502,94150,e4622a2495fee2989741879a,502,6,30,52,244,338.859375,1029.6666666666665,0.203125,1.1236559139784945,True,padding_center,256,186,0,35
503,94228,e8ddd34887fc884dcb436a60,503,20,0,164,4,818.375,-2.3333333333333144,0.640625,-0.16666666666666666,True,padding_center,256,186,0,35
504,94280,e8ddd34887fc884dcb436a60,504,8,2,68,20,401.375,67,0.265625,-0.080645161290322578,True,padding_center,256,186,0,35
505,94312,e8ddd34887fc884dcb436a60,505,8,3,68,28,401.375,101.66666666666666,0.265625,-0.037634408602150539,True,padding_center,256,186,0,35
506,94326,e8ddd34887fc884dcb436a60,506,22,3,180,28,887.875,101.66666666666666,0.703125,-0.037634408602150539,True,padding_center,256,186,0,35
507,94422,e8ddd34887fc884dcb436a60,507,22,6,180,52,887.875,205.66666666666669,0.703125,0.091397849462365593,False,row0_col2,256,186,0,35
508,94448,e8ddd34887fc884dcb436a60,508,16,7,132,60,679.375,240.33333333333331,0.515625,0.13440860215053763,False,row0_col1,256,186,0,35
509,94566,e8ddd34887fc884dcb436a60,509,6,11,52,92,331.875,379,0.203125,0.30645161290322581,False,row0_col0,256,186,0,35
510,94605,e8ddd34887fc884dcb436a60,510,13,12,108,100,575.125,413.66666666666669,0.421875,0.34946236559139787,False,row1_col1,256,186,0,35
511,94788,e8ddd34887fc884dcb436a60,511,4,18,36,148,262.375,621.66666666666674,0.140625,0.60752688172043012,False,row1_col0,256,186,0,35
512,94886,e8ddd34887fc884dcb436a60,512,6,21,52,172,331.875,725.66666666666663,0.203125,0.73655913978494625,False,row2_col0,256,186,0,35
513,95056,e8ddd34887fc884dcb436a60,513,16,26,132,212,679.375,899,0.515625,0.95161290322580649,False,row2_col1,256,186,0,35
514,95152,e8ddd34887fc884dcb436a60,514,16,29,132,236,679.375,1002.9999999999999,0.515625,1.0806451612903225,True,padding_center,256,186,0,35
515,95257,bf67a8c3d85ddf53723e2a60,515,25,0,204,4,991.515625,-17.372340425531917,0.796875,-0.15957446808510639,True,padding_center,256,188,0,34
516,95318,bf67a8c3d85ddf53723e2a60,516,22,2,180,20,886.984375,52.159574468085111,0.703125,-0.074468085106382975,True,padding_center,256,188,0,34
517,95346,bf67a8c3d85ddf53723e2a60,517,18,3,148,28,747.609375,86.925531914893611,0.578125,-0.031914893617021274,True,padding_center,256,188,0,34
518,95516,bf67a8c3d85ddf53723e2a60,518,28,8,228,68,1096.046875,260.75531914893617,0.890625,0.18085106382978725,False,row0_col2,256,188,0,34
519,95665,bf67a8c3d85ddf53723e2a60,519,17,13,140,108,712.765625,434.58510638297872,0.546875,0.39361702127659576,False,row1_col1,256,188,0,34
520,96545,71724a3bf8b9be3deb5292f6,520,1,9,12,76,174.84375,309.85106382978722,0.046875,0.22340425531914893,False,row0_col0,256,188,0,34
521,96548,71724a3bf8b9be3deb5292f6,521,4,9,36,76,278.53125,309.85106382978722,0.140625,0.22340425531914893,False,row0_col0,256,188,0,34
522,96762,71724a3bf8b9be3deb5292f6,522,26,15,212,124,1038.90625,517.68085106382978,0.828125,0.47872340425531917,False,row1_col2,256,188,0,34
523,96774,71724a3bf8b9be3deb5292f6,523,6,16,52,132,347.65625,552.31914893617022,0.203125,0.52127659574468088,False,row1_col0,256,188,0,34
524,96889,71724a3bf8b9be3deb5292f6,524,25,19,204,156,1004.34375,656.23404255319144,0.796875,0.64893617021276595,False,row1_col2,256,188,0,34
525,96940,71724a3bf8b9be3deb5292f6,525,12,21,100,172,555.03125,725.51063829787233,0.390625,0.73404255319148937,False,row2_col1,256,188,0,34
526,96959,71724a3bf8b9be3deb5292f6,526,31,21,252,172,1211.71875,725.51063829787233,0.984375,0.73404255319148937,False,row2_col2,256,188,0,34
527,97109,71724a3bf8b9be3deb5292f6,527,21,26,172,212,866.09375,898.70212765957444,0.671875,0.94680851063829785,False,row2_col2,256,188,0,34
528,97258,71724a3bf8b9be3deb5292f6,528,10,31,84,252,485.90625,1071.8936170212764,0.328125,1.1595744680851063,True,padding_center,256,188,0,34
529,97349,e8aecbbad790f36193dfc2a6,529,5,2,44,20,303.125,62.564102564102562,0.171875,-0.05128205128205128,True,padding_center,256,195,0,30
530,97403,e8aecbbad790f36193dfc2a6,530,27,3,220,28,1067.625,97.312820512820508,0.859375,-0.010256410256410256,True,padding_center,256,195,0,30
531,97423,e8aecbbad790f36193dfc2a6,531,15,4,124,36,650.625,132.06153846153848,0.484375,0.030769230769230771,False,row0_col1,256,195,0,30
532,97710,e8aecbbad790f36193dfc2a6,532,14,13,116,108,615.875,444.80000000000001,0.453125,0.40000000000000002,False,row1_col1,256,195,0,30
533,98053,e8aecbbad790f36193dfc2a6,533,5,24,44,196,303.125,827.03589743589737,0.171875,0.85128205128205126,False,row2_col0,256,195,0,30
534,98233,e8aecbbad790f36193dfc2a6,534,25,29,204,236,998.125,1000.7794871794872,0.796875,1.0564102564102564,True,padding_center,256,195,0,30
535,98515,7193a011383f62c1ab378a8f,535,19,6,156,52,765.796875,210.1076923076923,0.609375,0.11282051282051282,False,row0_col1,256,195,0,30
536,98839,7193a011383f62c1ab378a8f,536,23,16,188,132,904.421875,555.95384615384614,0.734375,0.52307692307692311,False,row1_col2,256,195,0,30
537,98854,7193a011383f62c1ab378a8f,537,6,17,52,140,315.265625,590.53846153846155,0.203125,0.5641025641025641,False,row1_col0,256,195,0,30
538,98979,7193a011383f62c1ab378a8f,538,3,21,28,172,211.296875,728.87692307692305,0.109375,0.72820512820512817,False,row2_col0,256,195,0,30
539,99110,7193a011383f62c1ab378a8f,539,6,25,52,204,315.265625,867.21538461538466,0.203125,0.89230769230769236,False,row2_col0,256,195,0,30
540,99146,7193a011383f62c1ab378a8f,540,10,26,84,212,453.890625,901.80000000000007,0.328125,0.93333333333333335,False,row2_col0,256,195,0,30
541,99177,7193a011383f62c1ab378a8f,541,9,27,76,220,419.234375,936.38461538461536,0.296875,0.97435897435897434,False,row2_col0,256,195,0,30
542,99290,7193a011383f62c1ab378a8f,542,26,30,212,244,1008.390625,1040.1384615384616,0.828125,1.0974358974358975,True,padding_center,256,195,0,30
543,99501,27e6733bbab4a1b0477f8b26,543,13,5,108,44,576.015625,174.66666666666666,0.421875,0.058201058201058198,False,row0_col1,256,189,0,33
544,99869,27e6733bbab4a1b0477f8b26,544,29,16,236,132,1129.515625,556,0.921875,0.52380952380952384,False,row1_col2,256,189,0,33
545,99940,27e6733bbab4a1b0477f8b26,545,4,19,36,156,264.671875,660,0.140625,0.65079365079365081,False,row1_col0,256,189,0,33
546,99945,27e6733bbab4a1b0477f8b26,546,9,19,76,156,437.640625,660,0.296875,0.65079365079365081,False,row1_col0,256,189,0,33
547,100629,76884f70ebe18c8dbf09d6a5,547,21,8,172,68,830.46875,279.05641025641023,0.671875,0.19487179487179487,False,row0_col2,256,195,0,30
548,100774,76884f70ebe18c8dbf09d6a5,548,6,13,52,108,308.28125,452.80000000000001,0.203125,0.40000000000000002,False,row1_col0,256,195,0,30
549,100918,76884f70ebe18c8dbf09d6a5,549,22,17,180,140,865.28125,591.79487179487182,0.703125,0.5641025641025641,False,row1_col2,256,195,0,30
550,101260,76884f70ebe18c8dbf09d6a5,550,12,28,100,228,517.15625,974.03076923076924,0.390625,1.0153846153846153,True,padding_center,256,195,0,30
551,101348,76884f70ebe18c8dbf09d6a5,551,4,31,36,252,238.65625,1078.2769230769231,0.140625,1.1384615384615384,True,padding_center,256,195,0,30
552,101704,f7464ed5a8656ac375a0fb2d,552,8,10,68,84,445.375,350.78688524590166,0.265625,0.26229508196721313,False,row0_col0,256,183,0,36
553,101909,f7464ed5a8656ac375a0fb2d,553,21,16,172,132,897.125,559.57377049180332,0.671875,0.52459016393442626,False,row1_col2,256,183,0,36
554,101965,f7464ed5a8656ac375a0fb2d,554,13,18,108,148,619.125,629.16939890710387,0.421875,0.61202185792349728,False,row1_col1,256,183,0,36
555,102151,f7464ed5a8656ac375a0fb2d,555,7,24,60,196,410.625,837.95628415300541,0.234375,0.87431693989071035,False,row2_col0,256,183,0,36
556,102377,f7464ed5a8656ac375a0fb2d,556,9,31,76,252,480.125,1081.5409836065573,0.296875,1.180327868852459,True,padding_center,256,183,0,36
557,102539,813b908ddf7d0066a8a11ef6,557,11,4,92,36,509.46875,130.66850828729281,0.359375,-0.0055248618784530384,True,padding_center,256,181,0,37
558,102907,813b908ddf7d0066a8a11ef6,558,27,15,220,124,1062.46875,511.83977900552486,0.859375,0.48066298342541436,False,row1_col2,256,181,0,37
559,102942,813b908ddf7d0066a8a11ef6,559,30,16,244,132,1166.15625,546.49171270718239,0.953125,0.52486187845303867,False,row1_col2,256,181,0,37
560,102991,813b908ddf7d0066a8a11ef6,560,15,18,124,148,647.71875,615.79558011049721,0.484375,0.61325966850828728,False,row1_col1,256,181,0,37
561,103033,813b908ddf7d0066a8a11ef6,561,25,19,204,156,993.34375,650.44751381215474,0.796875,0.65745856353591159,False,row1_col2,256,181,0,37
562,103130,813b908ddf7d0066a8a11ef6,562,26,22,212,180,1027.90625,754.40331491712709,0.828125,0.79005524861878451,False,row2_col2,256,181,0,37
563,103180,813b908ddf7d0066a8a11ef6,563,12,24,100,196,544.03125,823.70718232044192,0.390625,0.87845303867403313,False,row2_col1,256,181,0,37
564,103274,813b908ddf7d0066a8a11ef6,564,10,27,84,220,474.90625,927.66298342541438,0.328125,1.011049723756906,True,padding_center,256,181,0,37
565,103302,813b908ddf7d0066a8a11ef6,565,6,28,52,228,336.65625,962.31491712707191,0.203125,1.0552486187845305,True,padding_center,256,181,0,37
566,103390,813b908ddf7d0066a8a11ef6,566,30,30,244,244,1166.15625,1031.6187845303868,0.953125,1.1436464088397791,True,padding_center,256,181,0,37
567,103393,813b908ddf7d0066a8a11ef6,567,1,31,12,252,163.84375,1066.2707182320441,0.046875,1.1878453038674033,True,padding_center,256,181,0,37
568,103482,1bd5ba6fc69d7720973528ca,568,26,1,212,12,1016.390625,40.333333333333329,0.828125,-0.12365591397849462,True,padding_center,256,186,0,35
569,103565,1bd5ba6fc69d7720973528ca,569,13,4,108,36,565.859375,144.33333333333334,0.421875,0.0053763440860215058,False,row0_col1,256,186,0,35
570,103778,1bd5ba6fc69d7720973528ca,570,2,11,20,92,184.640625,387,0.078125,0.30645161290322581,False,row0_col0,256,186,0,35
571,103821,1bd5ba6fc69d7720973528ca,571,13,12,108,100,565.859375,421.66666666666669,0.421875,0.34946236559139787,False,row1_col1,256,186,0,35
572,104051,1bd5ba6fc69d7720973528ca,572,19,19,156,156,773.796875,664.33333333333337,0.609375,0.65053763440860213,False,row1_col1,256,186,0,35
573,104326,1bd5ba6fc69d7720973528ca,573,6,28,52,228,323.265625,976.33333333333326,0.203125,1.0376344086021505,True,padding_center,256,186,0,35
574,104327,1bd5ba6fc69d7720973528ca,574,7,28,60,228,357.921875,976.33333333333326,0.234375,1.0376344086021505,True,padding_center,256,186,0,35
575,104405,1bd5ba6fc69d7720973528ca,575,21,30,172,244,843.109375,1045.6666666666665,0.671875,1.1236559139784945,True,padding_center,256,186,0,35
576,104851,5016a1680615b7fc52e8b7da,576,19,12,156,100,787.796875,411.31720430107526,0.609375,0.34946236559139787,False,row1_col1,256,186,0,35
577,105016,5016a1680615b7fc52e8b7da,577,24,17,196,140,961.078125,584.4354838709678,0.765625,0.56451612903225812,False,row1_col2,256,186,0,35
578,105235,5016a1680615b7fc52e8b7da,578,19,24,156,196,787.796875,826.80107526881716,0.609375,0.86559139784946237,False,row2_col1,256,186,0,35
579,105419,5016a1680615b7fc52e8b7da,579,11,30,92,244,510.546875,1034.5430107526881,0.359375,1.1236559139784945,True,padding_center,256,186,0,35
580,105820,0f0e951d310459324ed1146f,580,28,10,228,84,1104.578125,343.30000000000001,0.890625,0.26842105263157895,False,row0_col2,256,190,0,33
581,106002,0f0e951d310459324ed1146f,581,18,16,148,132,760.515625,549.70000000000005,0.578125,0.52105263157894732,False,row1_col1,256,190,0,33
582,106004,0f0e951d310459324ed1146f,582,20,16,164,132,829.328125,549.70000000000005,0.640625,0.52105263157894732,False,row1_col1,256,190,0,33
583,106045,0f0e951d310459324ed1146f,583,29,17,236,140,1138.984375,584.09999999999991,0.921875,0.56315789473684208,False,row1_col2,256,190,0,33
584,106216,0f0e951d310459324ed1146f,584,8,23,68,188,416.453125,790.5,0.265625,0.81578947368421051,False,row2_col0,256,190,0,33
585,106284,0f0e951d310459324ed1146f,585,12,25,100,204,554.078125,859.30000000000007,0.390625,0.90000000000000002,False,row2_col1,256,190,0,33
586,106443,0f0e951d310459324ed1146f,586,11,30,92,244,519.671875,1031.3,0.359375,1.1105263157894736,True,padding_center,256,190,0,33
587,106586,64082b571f8f93ab5240a042,587,26,2,212,20,1033.734375,67.297297297297291,0.828125,-0.081081081081081086,True,padding_center,256,185,0,35
588,106986,64082b571f8f93ab5240a042,588,10,15,84,124,480.234375,515.90270270270275,0.328125,0.48108108108108111,False,row1_col0,256,185,0,35
589,107293,64082b571f8f93ab5240a042,589,29,24,236,196,1137.515625,826.47567567567569,0.921875,0.87027027027027026,False,row2_col2,256,185,0,35
590,107697,482fefcd016bb88b2f86f80f,590,17,5,140,44,739.65625,180.72432432432433,0.546875,0.048648648648648651,False,row0_col1,256,185,0,35
591,108302,482fefcd016bb88b2f86f80f,591,14,24,116,196,636.34375,834.73513513513512,0.453125,0.87027027027027026,False,row2_col1,256,185,0,35
592,108471,482fefcd016bb88b2f86f80f,592,23,29,188,236,946.28125,1006.8432432432433,0.734375,1.0864864864864865,True,padding_center,256,185,0,35
593,108917,35015470ada828bd02e3e08b,593,21,11,172,92,857.109375,373.22797927461141,0.671875,0.31606217616580312,False,row0_col2,256,193,0,31
594,108993,35015470ada828bd02e3e08b,594,1,14,12,116,163.984375,477.18652849740931,0.046875,0.44041450777202074,False,row1_col0,256,193,0,31
595,109054,35015470ada828bd02e3e08b,595,30,15,244,124,1169.015625,511.83937823834196,0.953125,0.48186528497409326,False,row1_col2,256,193,0,31
596,109159,35015470ada828bd02e3e08b,596,7,19,60,156,371.921875,650.45077720207246,0.234375,0.64766839378238339,False,row1_col0,256,193,0,31
597,109187,35015470ada828bd02e3e08b,597,3,20,28,164,233.296875,685.10362694300522,0.109375,0.68911917098445596,False,row2_col0,256,193,0,31
598,109428,35015470ada828bd02e3e08b,598,20,27,164,220,822.453125,927.67357512953367,0.640625,0.97927461139896377,False,row2_col1,256,193,0,31
599,109556,35015470ada828bd02e3e08b,599,20,31,164,252,822.453125,1066.2849740932643,0.640625,1.145077720207254,True,padding_center,256,193,0,31
600,109692,71091e47820a3c9f89438620,600,28,3,228,28,1107.703125,107.38624338624339,0.890625,-0.026455026455026454,True,padding_center,256,189,0,33
601,109832,71091e47820a3c9f89438620,601,8,8,68,68,414.578125,280.2962962962963,0.265625,0.18518518518518517,False,row0_col0,256,189,0,33
602,110191,71091e47820a3c9f89438620,602,15,19,124,156,657.171875,660.69841269841277,0.484375,0.65079365079365081,False,row1_col1,256,189,0,33
603,110231,71091e47820a3c9f89438620,603,23,20,188,164,934.421875,695.28042328042329,0.734375,0.69312169312169314,False,row2_col2,256,189,0,33
604,110390,71091e47820a3c9f89438620,604,22,25,180,204,899.765625,868.19047619047615,0.703125,0.90476190476190477,False,row2_col2,256,189,0,33
605,110530,71091e47820a3c9f89438620,605,2,30,20,244,206.640625,1041.1005291005292,0.078125,1.1164021164021165,True,padding_center,256,189,0,33
606,110660,2c26a77005e1ed9b640e64e2,606,4,2,36,20,272.546875,81.285714285714292,0.140625,-0.068783068783068779,True,padding_center,256,189,0,33
607,111001,2c26a77005e1ed9b640e64e2,607,25,12,204,100,993.765625,424.14285714285711,0.796875,0.35449735449735448,False,row1_col2,256,189,0,33
608,111042,2c26a77005e1ed9b640e64e2,608,2,14,20,116,203.859375,492.71428571428572,0.078125,0.43915343915343913,False,row1_col0,256,189,0,33
609,111100,2c26a77005e1ed9b640e64e2,609,28,15,228,124,1096.796875,527,0.890625,0.48148148148148145,False,row1_col2,256,189,0,33
610,111478,2c26a77005e1ed9b640e64e2,610,22,27,180,220,890.734375,938.42857142857144,0.703125,0.98941798941798942,False,row2_col2,256,189,0,33
611,111582,2c26a77005e1ed9b640e64e2,611,30,30,244,244,1165.484375,1041.2857142857142,0.953125,1.1164021164021165,True,padding_center,256,189,0,33
612,111596,2c26a77005e1ed9b640e64e2,612,12,31,100,252,547.296875,1075.5714285714287,0.390625,1.1587301587301588,True,padding_center,256,189,0,33
613,111626,72516b14bd4f8c49162a07e5,613,10,0,84,4,476.59375,-1.3837837837837981,0.328125,-0.16756756756756758,True,padding_center,256,185,0,35
614,111755,72516b14bd4f8c49162a07e5,614,11,4,92,36,511.03125,136.3027027027027,0.359375,0.0054054054054054057,False,row0_col1,256,185,0,35
615,112168,72516b14bd4f8c49162a07e5,615,8,17,68,140,407.71875,583.78378378378375,0.265625,0.56756756756756754,False,row1_col0,256,185,0,35
616,112457,72516b14bd4f8c49162a07e5,616,9,26,76,212,442.15625,893.57837837837837,0.296875,0.95675675675675675,False,row2_col0,256,185,0,35
617,112857,df25d625c991e5e7eb0f6dc4,617,25,6,204,52,995.125,202.65217391304347,0.796875,0.086956521739130432,False,row0_col2,256,184,0,36
618,112916,df25d625c991e5e7eb0f6dc4,618,20,8,164,68,821.375,272.30434782608694,0.640625,0.17391304347826086,False,row0_col1,256,184,0,36
619,113032,df25d625c991e5e7eb0f6dc4,619,8,12,68,100,404.375,411.60869565217388,0.265625,0.34782608695652173,False,row1_col0,256,184,0,36
620,113083,df25d625c991e5e7eb0f6dc4,620,27,13,220,108,1064.625,446.43478260869568,0.859375,0.39130434782608697,False,row1_col2,256,184,0,36
621,113121,df25d625c991e5e7eb0f6dc4,621,1,15,12,124,161.125,516.08695652173913,0.046875,0.47826086956521741,False,row1_col0,256,184,0,36
622,113181,df25d625c991e5e7eb0f6dc4,622,29,16,236,132,1134.125,550.91304347826087,0.921875,0.52173913043478259,False,row1_col2,256,184,0,36
623,113239,df25d625c991e5e7eb0f6dc4,623,23,18,188,148,925.625,620.56521739130437,0.734375,0.60869565217391308,False,row1_col2,256,184,0,36
624,113258,df25d625c991e5e7eb0f6dc4,624,10,19,84,156,473.875,655.39130434782612,0.328125,0.65217391304347827,False,row1_col0,256,184,0,36
625,113292,df25d625c991e5e7eb0f6dc4,625,12,20,100,164,543.375,690.21739130434776,0.390625,0.69565217391304346,False,row2_col1,256,184,0,36
626,113388,df25d625c991e5e7eb0f6dc4,626,12,23,100,188,543.375,794.695652173913,0.390625,0.82608695652173914,False,row2_col1,256,184,0,36
627,113533,df25d625c991e5e7eb0f6dc4,627,29,27,236,220,1134.125,934,0.921875,1,True,padding_center,256,184,0,36
628,113582,df25d625c991e5e7eb0f6dc4,628,14,29,116,236,612.875,1003.6521739130434,0.453125,1.0869565217391304,True,padding_center,256,184,0,36
629,113586,df25d625c991e5e7eb0f6dc4,629,18,29,148,236,751.875,1003.6521739130434,0.578125,1.0869565217391304,True,padding_center,256,184,0,36
630,113605,df25d625c991e5e7eb0f6dc4,630,5,30,44,244,300.125,1038.478260869565,0.171875,1.1304347826086956,True,padding_center,256,184,0,36
631,113677,f36ce6afecf1a683931bba6d,631,13,0,108,4,587.390625,8.7736842105263122,0.421875,-0.15263157894736842,True,padding_center,256,190,0,33
632,113698,f36ce6afecf1a683931bba6d,632,2,1,20,12,204.109375,43.594736842105263,0.078125,-0.11052631578947368,True,padding_center,256,190,0,33
633,114160,f36ce6afecf1a683931bba6d,633,16,15,132,124,691.921875,531.08947368421059,0.515625,0.47894736842105262,False,row1_col1,256,190,0,33
634,114163,f36ce6afecf1a683931bba6d,634,19,15,156,124,796.453125,531.08947368421059,0.609375,0.47894736842105262,False,row1_col1,256,190,0,33
635,114413,f36ce6afecf1a683931bba6d,635,13,23,108,188,587.390625,809.65789473684208,0.421875,0.81578947368421051,False,row2_col1,256,190,0,33
636,114663,f36ce6afecf1a683931bba6d,636,7,31,60,252,378.328125,1088.2263157894736,0.234375,1.1526315789473685,True,padding_center,256,190,0,33
637,114767,89b989a81f1da592d59cc87b,637,15,2,124,20,669.625,74.34782608695653,0.484375,-0.086956521739130432,True,padding_center,256,184,0,36
638,114836,89b989a81f1da592d59cc87b,638,20,4,164,36,843.375,144,0.640625,0,False,row0_col1,256,184,0,36
639,115003,89b989a81f1da592d59cc87b,639,27,9,220,76,1086.625,318.13043478260869,0.859375,0.21739130434782608,False,row0_col2,256,184,0,36
640,115004,89b989a81f1da592d59cc87b,640,28,9,228,76,1121.375,318.13043478260869,0.890625,0.21739130434782608,False,row0_col2,256,184,0,36
641,115112,89b989a81f1da592d59cc87b,641,8,13,68,108,426.375,457.43478260869568,0.265625,0.39130434782608697,False,row1_col0,256,184,0,36
642,115228,89b989a81f1da592d59cc87b,642,28,16,228,132,1121.375,561.91304347826087,0.890625,0.52173913043478259,False,row1_col2,256,184,0,36
643,115306,89b989a81f1da592d59cc87b,643,10,19,84,156,495.875,666.39130434782612,0.328125,0.65217391304347827,False,row1_col0,256,184,0,36
644,115537,89b989a81f1da592d59cc87b,644,17,26,140,212,739.125,910.17391304347825,0.546875,0.95652173913043481,False,row2_col1,256,184,0,36
645,115730,7ca059b6fa1e54dd4a7dcf3f,645,18,0,148,4,761.140625,-0.18750000000001421,0.578125,-0.14583333333333334,True,padding_center,256,192,0,32
646,115944,7ca059b6fa1e54dd4a7dcf3f,646,8,7,68,60,414.578125,242.1875,0.265625,0.14583333333333334,False,row0_col0,256,192,0,32
647,115951,7ca059b6fa1e54dd4a7dcf3f,647,15,7,124,60,657.171875,242.1875,0.484375,0.14583333333333334,False,row0_col1,256,192,0,32
648,116160,7ca059b6fa1e54dd4a7dcf3f,648,0,14,4,116,137.328125,484.5625,0.015625,0.4375,False,row1_col0,256,192,0,32
649,116419,7ca059b6fa1e54dd4a7dcf3f,649,3,22,28,180,241.296875,761.5625,0.109375,0.77083333333333337,False,row2_col0,256,192,0,32
650,116429,7ca059b6fa1e54dd4a7dcf3f,650,13,22,108,180,587.859375,761.5625,0.421875,0.77083333333333337,False,row2_col1,256,192,0,32
651,116531,7ca059b6fa1e54dd4a7dcf3f,651,19,25,156,204,795.796875,865.4375,0.609375,0.89583333333333337,False,row2_col1,256,192,0,32
652,117615,7c41685bf488a58de2fe104b,652,15,27,124,220,639.203125,940.02105263157887,0.484375,0.98421052631578942,False,row2_col1,256,190,0,33
653,118082,b732c57615def8f4ab818c3f,653,2,10,20,84,222.875,351.21621621621625,0.078125,0.26486486486486488,False,row0_col0,256,185,0,35
654,118320,b732c57615def8f4ab818c3f,654,16,17,132,140,709.375,594.89189189189187,0.515625,0.56756756756756754,False,row1_col1,256,185,0,35
655,118327,b732c57615def8f4ab818c3f,655,23,17,188,140,952.625,594.89189189189187,0.734375,0.56756756756756754,False,row1_col2,256,185,0,35
656,118547,b732c57615def8f4ab818c3f,656,19,24,156,196,813.625,838.56756756756761,0.609375,0.87027027027027026,False,row2_col1,256,185,0,35
657,118597,b732c57615def8f4ab818c3f,657,5,26,44,212,327.125,908.18918918918916,0.171875,0.95675675675675675,False,row2_col0,256,185,0,35
658,118661,b732c57615def8f4ab818c3f,658,5,28,44,228,327.125,977.81081081081084,0.171875,1.0432432432432432,True,padding_center,256,185,0,35
659,118766,b732c57615def8f4ab818c3f,659,14,31,116,252,639.875,1082.2432432432433,0.453125,1.172972972972973,True,padding_center,256,185,0,35
660,118910,7f3d7c6e6a7b6f584a7abbea,660,30,3,244,28,1182.34375,107.0721649484536,0.953125,-0.015463917525773196,True,padding_center,256,194,0,31
661,119031,7f3d7c6e6a7b6f584a7abbea,661,23,7,188,60,941.28125,244.96907216494844,0.734375,0.14948453608247422,False,row0_col2,256,194,0,31
662,119257,7f3d7c6e6a7b6f584a7abbea,662,25,14,204,116,1010.15625,486.28865979381442,0.796875,0.43814432989690721,False,row1_col2,256,194,0,31
663,119768,7f3d7c6e6a7b6f584a7abbea,663,24,30,196,244,975.71875,1037.8762886597938,0.765625,1.097938144329897,True,padding_center,256,194,0,31
664,119817,630be0f098a5ec263bec1d35,664,9,0,76,4,456.640625,-4.8134715025906729,0.296875,-0.13989637305699482,True,padding_center,256,193,0,31
665,119866,630be0f098a5ec263bec1d35,665,26,1,212,12,1044.734375,29.797927461139892,0.828125,-0.098445595854922283,True,padding_center,256,193,0,31
666,119915,630be0f098a5ec263bec1d35,666,11,3,92,28,525.828125,99.020725388601036,0.359375,-0.015544041450777202,True,padding_center,256,193,0,31
667,119934,630be0f098a5ec263bec1d35,667,30,3,244,28,1183.109375,99.020725388601036,0.953125,-0.015544041450777202,True,padding_center,256,193,0,31
668,120030,630be0f098a5ec263bec1d35,668,30,6,244,52,1183.109375,202.85492227979273,0.953125,0.10880829015544041,False,row0_col2,256,193,0,31
669,120073,630be0f098a5ec263bec1d35,669,9,8,76,68,456.640625,272.07772020725383,0.296875,0.19170984455958548,False,row0_col0,256,193,0,31
670,120166,630be0f098a5ec263bec1d35,670,6,11,52,92,352.859375,375.9119170984456,0.203125,0.31606217616580312,False,row0_col0,256,193,0,31
671,120204,630be0f098a5ec263bec1d35,671,12,12,100,100,560.421875,410.52331606217615,0.390625,0.35751295336787564,False,row1_col1,256,193,0,31
672,120738,630be0f098a5ec263bec1d35,672,2,29,20,236,214.484375,998.9170984455958,0.078125,1.0621761658031088,True,padding_center,256,193,0,31
673,120742,630be0f098a5ec263bec1d35,673,6,29,52,236,352.859375,998.9170984455958,0.203125,1.0621761658031088,True,padding_center,256,193,0,31
674,120750,630be0f098a5ec263bec1d35,674,14,29,116,236,629.609375,998.9170984455958,0.453125,1.0621761658031088,True,padding_center,256,193,0,31
675,121251,acce3e29a49a891a750d40b5,675,3,13,28,108,230.078125,461.20634920634922,0.109375,0.3968253968253968,False,row1_col0,256,189,0,33
676,121355,acce3e29a49a891a750d40b5,676,11,16,92,132,506.828125,564.95238095238096,0.359375,0.52380952380952384,False,row1_col1,256,189,0,33
677,121657,acce3e29a49a891a750d40b5,677,25,25,204,204,991.140625,876.19047619047615,0.796875,0.90476190476190477,False,row2_col2,256,189,0,33
678,121881,e14263e312b5e2338aece9d3,678,25,0,204,4,999.140625,-3.9465240641711148,0.796875,-0.16042780748663102,True,padding_center,256,187,0,34
679,121961,e14263e312b5e2338aece9d3,679,9,3,76,28,445.640625,100.01069518716577,0.296875,-0.032085561497326207,True,padding_center,256,187,0,34
680,122017,e14263e312b5e2338aece9d3,680,1,5,12,44,168.890625,169.31550802139037,0.046875,0.053475935828877004,False,row0_col0,256,187,0,34
681,122050,e14263e312b5e2338aece9d3,681,2,6,20,52,203.484375,203.96791443850267,0.078125,0.096256684491978606,False,row0_col0,256,187,0,34
682,122105,e14263e312b5e2338aece9d3,682,25,7,204,60,999.140625,238.62032085561498,0.796875,0.13903743315508021,False,row0_col2,256,187,0,34
683,122274,e14263e312b5e2338aece9d3,683,2,13,20,108,203.484375,446.5347593582888,0.078125,0.39572192513368987,False,row1_col0,256,187,0,34
684,122328,e14263e312b5e2338aece9d3,684,24,14,196,116,964.546875,481.18716577540107,0.765625,0.43850267379679142,False,row1_col2,256,187,0,34
685,122407,e14263e312b5e2338aece9d3,685,7,17,60,140,376.453125,585.14438502673806,0.234375,0.5668449197860963,False,row1_col0,256,187,0,34
686,122695,e14263e312b5e2338aece9d3,686,7,26,60,212,376.453125,897.01604278074865,0.234375,0.95187165775401072,False,row2_col0,256,187,0,34
687,122962,ab197e4aa67cc9e3f881cab1,687,18,2,148,20,731.140625,65.302197802197796,0.578125,-0.093406593406593408,True,padding_center,256,182,0,37
688,123602,ab197e4aa67cc9e3f881cab1,688,18,22,148,180,731.140625,758.92857142857144,0.578125,0.7857142857142857,False,row2_col1,256,182,0,37
689,123626,ab197e4aa67cc9e3f881cab1,689,10,23,84,188,453.890625,793.6098901098901,0.328125,0.82967032967032972,False,row2_col0,256,182,0,37
690,123838,ab197e4aa67cc9e3f881cab1,690,30,29,244,236,1147.015625,1001.6978021978022,0.953125,1.0934065934065933,True,padding_center,256,182,0,37
691,123840,ab197e4aa67cc9e3f881cab1,691,0,30,4,244,107.328125,1036.3791208791208,0.015625,1.1373626373626373,True,padding_center,256,182,0,37
692,124082,49300051975ddaf699eca8d9,692,18,5,148,44,744.09375,189.82162162162163,0.578125,0.048648648648648651,False,row0_col1,256,185,0,35
693,124183,49300051975ddaf699eca8d9,693,23,8,188,68,916.28125,293.34594594594591,0.734375,0.17837837837837839,False,row0_col2,256,185,0,35
694,124830,49300051975ddaf699eca8d9,694,30,28,244,228,1157.34375,983.5081081081081,0.953125,1.0432432432432432,True,padding_center,256,185,0,35
695,124834,49300051975ddaf699eca8d9,695,2,29,20,236,193.09375,1018.0162162162162,0.078125,1.0864864864864865,True,padding_center,256,185,0,35
696,125122,229f325dcd93d8f5586d69ba,696,2,6,20,52,188.09375,213.32972972972973,0.078125,0.091891891891891897,False,row0_col0,256,185,0,35
697,125295,229f325dcd93d8f5586d69ba,697,15,11,124,92,635.78125,385.87027027027028,0.484375,0.30810810810810813,False,row0_col1,256,185,0,35
698,125474,229f325dcd93d8f5586d69ba,698,2,17,20,140,188.09375,592.91891891891896,0.078125,0.56756756756756754,False,row1_col0,256,185,0,35
699,125556,229f325dcd93d8f5586d69ba,699,20,19,164,156,807.96875,661.93513513513517,0.640625,0.65405405405405403,False,row1_col1,256,185,0,35
700,125557,229f325dcd93d8f5586d69ba,700,21,19,172,156,842.40625,661.93513513513517,0.671875,0.65405405405405403,False,row1_col2,256,185,0,35
701,125573,229f325dcd93d8f5586d69ba,701,5,20,44,164,291.40625,696.44324324324327,0.171875,0.69729729729729728,False,row2_col0,256,185,0,35
702,125644,229f325dcd93d8f5586d69ba,702,12,22,100,180,532.46875,765.45945945945948,0.390625,0.78378378378378377,False,row2_col1,256,185,0,35
703,125846,229f325dcd93d8f5586d69ba,703,22,28,180,228,876.84375,972.5081081081081,0.703125,1.0432432432432432,True,padding_center,256,185,0,35
704,126234,74dba489b837409bdc9002e2,704,26,8,212,68,1054.875,266.62827225130889,0.828125,0.18848167539267016,False,row0_col2,256,191,0,32
705,126289,74dba489b837409bdc9002e2,705,17,10,140,84,742.125,336.24083769633512,0.546875,0.27225130890052357,False,row0_col1,256,191,0,32
706,127027,f5fa9934c3d9553bf163df86,706,19,1,156,12,772.578125,30.222222222222229,0.609375,-0.1111111111111111,True,padding_center,256,189,0,33
707,127119,f5fa9934c3d9553bf163df86,707,15,4,124,36,634.203125,133.96825396825398,0.484375,0.015873015873015872,False,row0_col1,256,189,0,33
708,127200,f5fa9934c3d9553bf163df86,708,0,7,4,60,115.296875,237.71428571428572,0.015625,0.14285714285714285,False,row0_col0,256,189,0,33
709,127228,f5fa9934c3d9553bf163df86,709,28,7,228,60,1083.921875,237.71428571428572,0.890625,0.14285714285714285,False,row0_col2,256,189,0,33
710,127546,f5fa9934c3d9553bf163df86,710,26,17,212,140,1014.734375,583.53439153439149,0.828125,0.56613756613756616,False,row1_col2,256,189,0,33
711,127610,f5fa9934c3d9553bf163df86,711,26,19,212,156,1014.734375,652.69841269841277,0.828125,0.65079365079365081,False,row1_col2,256,189,0,33
712,127623,f5fa9934c3d9553bf163df86,712,7,20,60,164,357.453125,687.28042328042329,0.234375,0.69312169312169314,False,row2_col0,256,189,0,33
713,127790,f5fa9934c3d9553bf163df86,713,14,25,116,204,599.609375,860.19047619047615,0.453125,0.90476190476190477,False,row2_col1,256,189,0,33
714,128385,36e8db94416d301d8eae06b8,714,1,12,12,100,138.890625,430.88235294117646,0.046875,0.35294117647058826,False,row1_col0,256,187,0,34
715,128499,36e8db94416d301d8eae06b8,715,19,15,156,124,761.578125,534.83957219251329,0.609375,0.48128342245989303,False,row1_col1,256,187,0,34
716,128675,36e8db94416d301d8eae06b8,716,3,21,28,172,208.078125,742.75401069518716,0.109375,0.73796791443850263,False,row2_col0,256,187,0,34
717,128764,36e8db94416d301d8eae06b8,717,28,23,228,188,1072.921875,812.05882352941171,0.890625,0.82352941176470584,False,row2_col2,256,187,0,34
718,129026,b6168c3c6bcd1bd66bea8569,718,2,0,20,4,192.484375,8.6666666666666856,0.078125,-0.16666666666666666,True,padding_center,256,186,0,35
719,129057,b6168c3c6bcd1bd66bea8569,719,1,1,12,12,157.890625,43.333333333333329,0.046875,-0.12365591397849462,True,padding_center,256,186,0,35
720,129155,b6168c3c6bcd1bd66bea8569,720,3,4,28,36,227.078125,147.33333333333334,0.109375,0.0053763440860215058,False,row0_col0,256,186,0,35
721,129393,b6168c3c6bcd1bd66bea8569,721,17,11,140,92,711.390625,390,0.546875,0.30645161290322581,False,row0_col1,256,186,0,35
722,129512,b6168c3c6bcd1bd66bea8569,722,8,15,68,124,400.046875,528.66666666666674,0.265625,0.478494623655914,False,row1_col0,256,186,0,35
723,129515,b6168c3c6bcd1bd66bea8569,723,11,15,92,124,503.828125,528.66666666666674,0.359375,0.478494623655914,False,row1_col1,256,186,0,35
724,129714,b6168c3c6bcd1bd66bea8569,724,18,21,148,172,745.984375,736.66666666666663,0.578125,0.73655913978494625,False,row2_col1,256,186,0,35
725,129745,b6168c3c6bcd1bd66bea8569,725,17,22,140,180,711.390625,771.33333333333326,0.546875,0.77956989247311825,False,row2_col1,256,186,0,35
726,130119,7d21f597b4b4043eb6e57f0e,726,7,2,60,20,374.15625,70.358288770053491,0.234375,-0.074866310160427801,True,padding_center,256,187,0,34
727,130190,7d21f597b4b4043eb6e57f0e,727,14,4,116,36,616.96875,139.66310160427807,0.453125,0.0106951871657754,False,row0_col1,256,187,0,34
728,130212,7d21f597b4b4043eb6e57f0e,728,4,5,36,44,270.09375,174.31550802139037,0.140625,0.053475935828877004,False,row0_col0,256,187,0,34
729,130227,7d21f597b4b4043eb6e57f0e,729,19,5,156,44,790.40625,174.31550802139037,0.609375,0.053475935828877004,False,row0_col1,256,187,0,34
730,130239,7d21f597b4b4043eb6e57f0e,730,31,5,252,44,1206.65625,174.31550802139037,0.984375,0.053475935828877004,False,row0_col2,256,187,0,34
731,130299,7d21f597b4b4043eb6e57f0e,731,27,7,220,60,1067.90625,243.62032085561498,0.859375,0.13903743315508021,False,row0_col2,256,187,0,34
732,130387,7d21f597b4b4043eb6e57f0e,732,19,10,156,84,790.40625,347.57754010695191,0.609375,0.26737967914438504,False,row0_col1,256,187,0,34
733,130758,7d21f597b4b4043eb6e57f0e,733,6,22,52,180,339.46875,763.40641711229944,0.203125,0.78074866310160429,False,row2_col0,256,187,0,34
734,130850,7d21f597b4b4043eb6e57f0e,734,2,25,20,204,200.71875,867.36363636363637,0.078125,0.90909090909090906,False,row2_col0,256,187,0,34
735,130851,7d21f597b4b4043eb6e57f0e,735,3,25,28,204,235.40625,867.36363636363637,0.109375,0.90909090909090906,False,row2_col0,256,187,0,34
736,130875,7d21f597b4b4043eb6e57f0e,736,27,25,220,204,1067.90625,867.36363636363637,0.859375,0.90909090909090906,False,row2_col2,256,187,0,34
737,130898,7d21f597b4b4043eb6e57f0e,737,18,26,148,212,755.71875,902.01604278074865,0.578125,0.95187165775401072,False,row2_col1,256,187,0,34
738,130989,7d21f597b4b4043eb6e57f0e,738,13,29,108,236,582.28125,1005.9732620320856,0.421875,1.0802139037433156,True,padding_center,256,187,0,34
739,131264,d0c5e59f51c09ba4242151ff,739,0,6,4,52,148.28125,211.21739130434781,0.015625,0.086956521739130432,False,row0_col0,256,184,0,36
740,131335,d0c5e59f51c09ba4242151ff,740,7,8,60,68,390.21875,280.43478260869563,0.234375,0.17391304347826086,False,row0_col0,256,184,0,36
741,131682,d0c5e59f51c09ba4242151ff,741,2,19,20,156,217.40625,661.13043478260875,0.078125,0.65217391304347827,False,row1_col0,256,184,0,36
742,131937,d0c5e59f51c09ba4242151ff,742,1,27,12,220,182.84375,938,0.046875,1,True,padding_center,256,184,0,36
743,132057,d0c5e59f51c09ba4242151ff,743,25,30,204,244,1012.34375,1041.8260869565215,0.796875,1.1304347826086956,True,padding_center,256,184,0,36
744,132170,1aa0d91925dd72251d174919,744,10,2,84,20,461.234375,58.457446808510639,0.328125,-0.074468085106382975,True,padding_center,256,188,0,34
745,132181,1aa0d91925dd72251d174919,745,21,2,172,20,841.765625,58.457446808510639,0.671875,-0.074468085106382975,True,padding_center,256,188,0,34
746,132490,1aa0d91925dd72251d174919,746,10,12,84,100,461.234375,404.41489361702128,0.328125,0.35106382978723405,False,row1_col0,256,188,0,34
747,132635,1aa0d91925dd72251d174919,747,27,16,220,132,1049.328125,542.79787234042556,0.859375,0.52127659574468088,False,row1_col2,256,188,0,34
748,133105,1aa0d91925dd72251d174919,748,17,31,140,252,703.390625,1061.7340425531916,0.546875,1.1595744680851063,True,padding_center,256,188,0,34
749,133187,2f583ef3203d5ac90b59a547,749,3,2,28,20,271.53125,69.732620320855617,0.109375,-0.074866310160427801,True,padding_center,256,187,0,34
750,133408,2f583ef3203d5ac90b59a547,750,0,9,4,76,168.21875,310.80213903743316,0.015625,0.22459893048128343,False,row0_col0,256,187,0,34
751,133692,2f583ef3203d5ac90b59a547,751,28,17,228,140,1132.46875,586.31016042780755,0.890625,0.5668449197860963,False,row1_col2,256,187,0,34
752,133731,2f583ef3203d5ac90b59a547,752,3,19,28,156,271.53125,655.18716577540113,0.109375,0.65240641711229952,False,row1_col0,256,187,0,34
753,133840,2f583ef3203d5ac90b59a547,753,16,22,132,180,719.21875,758.50267379679144,0.515625,0.78074866310160429,False,row2_col1,256,187,0,34
754,134080,2f583ef3203d5ac90b59a547,754,0,30,4,244,168.21875,1034.0106951871658,0.015625,1.1229946524064172,True,padding_center,256,187,0,34
755,134327,334d09cec1e33736f5ceeeae,755,23,5,188,44,924.21875,179.24352331606218,0.734375,0.067357512953367879,False,row0_col2,256,193,0,31
756,134407,334d09cec1e33736f5ceeeae,756,7,8,60,68,371.21875,283.07772020725383,0.234375,0.19170984455958548,False,row0_col0,256,193,0,31
757,134557,334d09cec1e33736f5ceeeae,757,29,12,236,100,1131.59375,421.52331606217615,0.921875,0.35751295336787564,False,row1_col2,256,193,0,31
758,134720,334d09cec1e33736f5ceeeae,758,0,18,4,148,129.28125,629.19170984455968,0.015625,0.60621761658031093,False,row1_col0,256,193,0,31
759,134788,334d09cec1e33736f5ceeeae,759,4,20,36,164,267.53125,698.41450777202078,0.140625,0.68911917098445596,False,row2_col0,256,193,0,31
760,135128,334d09cec1e33736f5ceeeae,760,24,30,196,244,958.78125,1044.5284974093265,0.765625,1.1036269430051813,True,padding_center,256,193,0,31
761,135294,ae10765eee319809f6e8d9ae,761,30,3,244,28,1183.109375,104.70430107526882,0.953125,-0.037634408602150539,True,padding_center,256,186,0,35
762,135642,ae10765eee319809f6e8d9ae,762,26,14,212,116,1044.734375,485.56451612903226,0.828125,0.43548387096774194,False,row1_col2,256,186,0,35
763,135709,ae10765eee319809f6e8d9ae,763,29,16,236,132,1148.515625,554.81182795698919,0.921875,0.521505376344086,False,row1_col2,256,186,0,35
764,135761,ae10765eee319809f6e8d9ae,764,17,18,140,148,733.390625,624.05913978494618,0.546875,0.60752688172043012,False,row1_col1,256,186,0,35
765,136604,e30051d3d8fd995844562e4d,765,28,12,228,100,1107.703125,416.31720430107526,0.890625,0.34946236559139787,False,row1_col2,256,186,0,35
766,136697,e30051d3d8fd995844562e4d,766,25,15,204,124,1003.734375,520.18817204301081,0.796875,0.478494623655914,False,row1_col2,256,186,0,35
767,136728,e30051d3d8fd995844562e4d,767,24,16,196,132,969.078125,554.81182795698919,0.765625,0.521505376344086,False,row1_col2,256,186,0,35
768,137093,e30051d3d8fd995844562e4d,768,5,28,44,228,310.609375,970.29569892473114,0.171875,1.0376344086021505,True,padding_center,256,186,0,35
769,137105,e30051d3d8fd995844562e4d,769,17,28,140,228,726.484375,970.29569892473114,0.546875,1.0376344086021505,True,padding_center,256,186,0,35
770,137191,e30051d3d8fd995844562e4d,770,7,31,60,252,379.921875,1074.1666666666667,0.234375,1.1666666666666667,True,padding_center,256,186,0,35
771,137253,d2039782b7096a17e967307e,771,5,1,44,12,284.125,25.984293193717278,0.171875,-0.10471204188481675,True,padding_center,256,191,0,32
772,137703,d2039782b7096a17e967307e,772,7,15,60,124,353.625,513.27225130890054,0.234375,0.48167539267015708,False,row1_col0,256,191,0,32
773,138222,d2039782b7096a17e967307e,773,14,31,116,252,596.875,1070.1727748691101,0.453125,1.1518324607329844,True,padding_center,256,191,0,32
774,138365,970a0e63436f260f3c624f80,774,29,3,236,28,1153.359375,108.37704918032787,0.921875,-0.043715846994535519,True,padding_center,256,183,0,36
775,138494,970a0e63436f260f3c624f80,775,30,7,244,60,1188.015625,246.86885245901641,0.953125,0.13114754098360656,False,row0_col2,256,183,0,36
776,138534,970a0e63436f260f3c624f80,776,6,9,52,76,356.265625,316.11475409836066,0.203125,0.21857923497267759,False,row0_col0,256,183,0,36
777,138629,970a0e63436f260f3c624f80,777,5,12,44,100,321.609375,419.98360655737707,0.171875,0.34972677595628415,False,row1_col0,256,183,0,36
778,138634,970a0e63436f260f3c624f80,778,10,12,84,100,494.890625,419.98360655737707,0.328125,0.34972677595628415,False,row1_col0,256,183,0,36
779,138898,970a0e63436f260f3c624f80,779,18,20,148,164,772.140625,696.96721311475414,0.578125,0.69945355191256831,False,row2_col1,256,183,0,36
780,138941,970a0e63436f260f3c624f80,780,29,21,236,172,1153.359375,731.5901639344263,0.921875,0.74316939890710387,False,row2_col2,256,183,0,36
781,139281,9cc1a3ed2a8e6c5e9def5c8e,781,17,0,140,4,687.65625,5.8556149732620213,0.546875,-0.16042780748663102,True,padding_center,256,187,0,34
782,139446,9cc1a3ed2a8e6c5e9def5c8e,782,22,5,180,44,859.84375,178.048128342246,0.703125,0.053475935828877004,False,row0_col2,256,187,0,34
783,139513,9cc1a3ed2a8e6c5e9def5c8e,783,25,7,204,60,963.15625,246.92513368983958,0.796875,0.13903743315508021,False,row0_col2,256,187,0,34
784,139646,9cc1a3ed2a8e6c5e9def5c8e,784,30,11,244,92,1135.34375,384.67914438502675,0.953125,0.31016042780748665,False,row0_col2,256,187,0,34
785,139652,9cc1a3ed2a8e6c5e9def5c8e,785,4,12,36,100,239.96875,419.11764705882354,0.140625,0.35294117647058826,False,row1_col0,256,187,0,34
786,139767,9cc1a3ed2a8e6c5e9def5c8e,786,23,15,188,124,894.28125,522.43315508021396,0.734375,0.48128342245989303,False,row1_col2,256,187,0,34
787,139909,9cc1a3ed2a8e6c5e9def5c8e,787,5,20,44,164,274.40625,694.62566844919786,0.171875,0.69518716577540107,False,row2_col0,256,187,0,34
788,139951,9cc1a3ed2a8e6c5e9def5c8e,788,15,21,124,172,618.78125,729.06417112299459,0.484375,0.73796791443850263,False,row2_col1,256,187,0,34
789,140029,9cc1a3ed2a8e6c5e9def5c8e,789,29,23,236,188,1100.90625,797.94117647058818,0.921875,0.82352941176470584,False,row2_col2,256,187,0,34
790,140417,83ce9a3b86c3675c94925a4e,790,1,4,12,36,185.984375,139.3279569892473,0.046875,0.0053763440860215058,False,row0_col0,256,186,0,35
791,141179,83ce9a3b86c3675c94925a4e,791,27,27,220,220,1087.046875,935.67204301075265,0.859375,0.9946236559139785,False,row2_col2,256,186,0,35
792,141294,83ce9a3b86c3675c94925a4e,792,14,31,116,252,636.515625,1074.1666666666667,0.453125,1.1666666666666667,True,padding_center,256,186,0,35
793,141683,15d9508324337b875670f947,793,19,11,156,92,774.453125,393.04712041884818,0.609375,0.31413612565445026,False,row0_col1,256,191,0,32
794,141691,15d9508324337b875670f947,794,27,11,220,92,1053.203125,393.04712041884818,0.859375,0.31413612565445026,False,row0_col2,256,191,0,32
795,141915,15d9508324337b875670f947,795,27,18,220,148,1053.203125,636.69109947643983,0.859375,0.60732984293193715,False,row1_col2,256,191,0,32
796,141988,15d9508324337b875670f947,796,4,21,36,172,251.796875,741.10994764397901,0.140625,0.73298429319371727,False,row2_col0,256,191,0,32
797,142042,15d9508324337b875670f947,797,26,22,212,180,1018.359375,775.91623036649219,0.828125,0.77486910994764402,False,row2_col2,256,191,0,32
798,142168,15d9508324337b875670f947,798,24,26,196,212,948.671875,915.14136125654454,0.765625,0.94240837696335078,False,row2_col2,256,191,0,32
799,142223,15d9508324337b875670f947,799,15,28,124,228,635.078125,984.75392670157066,0.484375,1.0261780104712042,True,padding_center,256,191,0,32
800,142299,15d9508324337b875670f947,800,27,30,220,244,1053.203125,1054.366492146597,0.859375,1.1099476439790577,True,padding_center,256,191,0,32
801,142740,1e5e68e0329b0ca73274b4b5,801,20,12,164,100,834.96875,412.80526315789473,0.640625,0.35263157894736841,False,row1_col1,256,190,0,33
802,142744,1e5e68e0329b0ca73274b4b5,802,24,12,196,100,972.71875,412.80526315789473,0.765625,0.35263157894736841,False,row1_col2,256,190,0,33
803,143116,1e5e68e0329b0ca73274b4b5,803,12,24,100,196,559.46875,826.61578947368423,0.390625,0.85789473684210527,False,row2_col1,256,190,0,33
804,143314,1e5e68e0329b0ca73274b4b5,804,18,30,148,244,766.09375,1033.5210526315789,0.578125,1.1105263157894736,True,padding_center,256,190,0,33
805,143335,1e5e68e0329b0ca73274b4b5,805,7,31,60,252,387.28125,1068.0052631578947,0.234375,1.1526315789473685,True,padding_center,256,190,0,33
806,143544,36eb7440912b14f82d4f0a68,806,24,5,196,44,945.71875,163.64397905759162,0.765625,0.062827225130890049,False,row0_col2,256,191,0,32
807,144039,36eb7440912b14f82d4f0a68,807,7,21,60,172,360.28125,714.51308900523554,0.234375,0.73298429319371727,False,row2_col0,256,191,0,32
808,144225,36eb7440912b14f82d4f0a68,808,1,27,12,220,153.65625,921.08900523560214,0.046875,0.98429319371727753,False,row2_col0,256,191,0,32
809,144327,36eb7440912b14f82d4f0a68,809,7,30,60,244,360.28125,1024.3769633507854,0.234375,1.1099476439790577,True,padding_center,256,191,0,32
810,144409,f7f29bc516d8bf1032c86519,810,25,0,204,4,992.734375,6.1865284974093271,0.796875,-0.13989637305699482,True,padding_center,256,193,0,31
811,144458,f7f29bc516d8bf1032c86519,811,10,2,84,20,472.890625,75.409326424870471,0.328125,-0.056994818652849742,True,padding_center,256,193,0,31
812,144571,f7f29bc516d8bf1032c86519,812,27,5,220,44,1062.046875,179.24352331606218,0.859375,0.067357512953367879,False,row0_col2,256,193,0,31
813,144704,f7f29bc516d8bf1032c86519,813,0,10,4,84,126.328125,352.30051813471505,0.015625,0.27461139896373055,False,row0_col0,256,193,0,31
814,145200,f7f29bc516d8bf1032c86519,814,16,25,132,204,680.828125,871.47150259067359,0.515625,0.89637305699481862,False,row2_col1,256,193,0,31
815,145215,f7f29bc516d8bf1032c86519,815,31,25,252,204,1200.671875,871.47150259067359,0.984375,0.89637305699481862,False,row2_col2,256,193,0,31
816,145218,f7f29bc516d8bf1032c86519,816,2,26,20,212,195.640625,906.0829015544042,0.078125,0.93782383419689119,False,row2_col0,256,193,0,31
817,145408,b4219175d4f101deb62b1e1b,817,0,0,4,4,104.296875,4.0534759358288852,0.015625,-0.16042780748663102,True,padding_center,256,187,0,34
818,145501,b4219175d4f101deb62b1e1b,818,29,2,236,20,1107.515625,73.358288770053491,0.921875,-0.074866310160427801,True,padding_center,256,187,0,34
819,146052,b4219175d4f101deb62b1e1b,819,4,20,36,164,242.671875,697.10160427807489,0.140625,0.69518716577540107,False,row2_col0,256,187,0,34
820,146094,b4219175d4f101deb62b1e1b,820,14,21,116,172,588.609375,731.75401069518716,0.453125,0.73796791443850263,False,row2_col1,256,187,0,34
821,146134,b4219175d4f101deb62b1e1b,821,22,22,180,180,865.359375,766.40641711229944,0.703125,0.78074866310160429,False,row2_col2,256,187,0,34
822,146277,b4219175d4f101deb62b1e1b,822,5,27,44,220,277.265625,939.66844919786092,0.171875,0.99465240641711228,False,row2_col0,256,187,0,34
823,146288,b4219175d4f101deb62b1e1b,823,16,27,132,220,657.796875,939.66844919786092,0.515625,0.99465240641711228,False,row2_col1,256,187,0,34
824,146808,6d36a77190afe991bdd3beaf,824,24,11,196,92,958.078125,368,0.765625,0.30645161290322581,False,row0_col2,256,186,0,35
825,146874,6d36a77190afe991bdd3beaf,825,26,13,212,108,1027.390625,437.33333333333331,0.828125,0.39247311827956988,False,row1_col2,256,186,0,35
826,147138,6d36a77190afe991bdd3beaf,826,2,22,20,180,195.640625,749.33333333333326,0.078125,0.77956989247311825,False,row2_col0,256,186,0,35
827,147171,6d36a77190afe991bdd3beaf,827,3,23,28,188,230.296875,784,0.109375,0.82258064516129037,False,row2_col0,256,186,0,35
828,147204,6d36a77190afe991bdd3beaf,828,4,24,36,196,264.953125,818.66666666666663,0.140625,0.86559139784946237,False,row2_col0,256,186,0,35
829,147253,6d36a77190afe991bdd3beaf,829,21,25,172,204,854.109375,853.33333333333326,0.671875,0.90860215053763438,False,row2_col2,256,186,0,35
830,147737,b951568d88267986c2ddff82,830,25,8,204,68,993.34375,275.43478260869563,0.796875,0.17391304347826086,False,row0_col2,256,184,0,36
831,147822,b951568d88267986c2ddff82,831,14,11,116,92,613.15625,379.26086956521738,0.453125,0.30434782608695654,False,row0_col1,256,184,0,36
832,147898,b951568d88267986c2ddff82,832,26,13,212,108,1027.90625,448.47826086956525,0.828125,0.39130434782608697,False,row1_col2,256,184,0,36
833,148324,b951568d88267986c2ddff82,833,4,27,36,220,267.53125,933,0.140625,1,True,padding_center,256,184,0,36
834,148334,b951568d88267986c2ddff82,834,14,27,116,220,613.15625,933,0.453125,1,True,padding_center,256,184,0,36
835,148739,eb71064c90774c5dc6ff8f78,835,3,8,28,68,227.53125,288.55555555555554,0.109375,0.18518518518518517,False,row0_col0,256,189,0,33
836,148804,eb71064c90774c5dc6ff8f78,836,4,10,36,84,261.96875,357.38095238095241,0.140625,0.26984126984126983,False,row0_col0,256,189,0,33
837,148983,eb71064c90774c5dc6ff8f78,837,23,15,188,124,916.28125,529.44444444444434,0.734375,0.48148148148148145,False,row1_col2,256,189,0,33
838,149027,eb71064c90774c5dc6ff8f78,838,3,17,28,140,227.53125,598.26984126984121,0.109375,0.56613756613756616,False,row1_col0,256,189,0,33
839,149036,eb71064c90774c5dc6ff8f78,839,12,17,100,140,537.46875,598.26984126984121,0.390625,0.56613756613756616,False,row1_col1,256,189,0,33
840,149087,eb71064c90774c5dc6ff8f78,840,31,18,252,148,1191.78125,632.68253968253975,0.984375,0.60846560846560849,False,row1_col2,256,189,0,33
841,149118,eb71064c90774c5dc6ff8f78,841,30,19,244,156,1157.34375,667.09523809523807,0.953125,0.65079365079365081,False,row1_col2,256,189,0,33
842,149151,eb71064c90774c5dc6ff8f78,842,31,20,252,164,1191.78125,701.50793650793651,0.984375,0.69312169312169314,False,row2_col2,256,189,0,33
843,149155,eb71064c90774c5dc6ff8f78,843,3,21,28,172,227.53125,735.92063492063494,0.109375,0.73544973544973546,False,row2_col0,256,189,0,33
844,149211,eb71064c90774c5dc6ff8f78,844,27,22,220,180,1054.03125,770.33333333333337,0.859375,0.77777777777777779,False,row2_col2,256,189,0,33
845,149336,eb71064c90774c5dc6ff8f78,845,24,26,196,212,950.71875,907.98412698412699,0.765625,0.94708994708994709,False,row2_col2,256,189,0,33
846,149536,f494610fdaf77ce6cbdfb0d3,846,0,1,4,12,137.328125,30.705882352941174,0.015625,-0.11764705882352941,True,padding_center,256,187,0,34
847,150056,f494610fdaf77ce6cbdfb0d3,847,8,17,68,140,414.578125,585.14438502673806,0.265625,0.5668449197860963,False,row1_col0,256,187,0,34
848,150082,f494610fdaf77ce6cbdfb0d3,848,2,18,20,148,206.640625,619.79679144385022,0.078125,0.60962566844919786,False,row1_col0,256,187,0,34
849,150351,f494610fdaf77ce6cbdfb0d3,849,15,26,124,212,657.171875,897.01604278074865,0.484375,0.95187165775401072,False,row2_col1,256,187,0,34
850,150844,6aacc3e88c7b1fee9f8c4019,850,28,9,228,76,1113.375,312.43455497382195,0.890625,0.23036649214659685,False,row0_col2,256,191,0,32
851,150855,6aacc3e88c7b1fee9f8c4019,851,7,10,60,84,383.625,347.24083769633512,0.234375,0.27225130890052357,False,row0_col0,256,191,0,32
852,151105,6aacc3e88c7b1fee9f8c4019,852,1,18,12,148,175.125,625.69109947643983,0.046875,0.60732984293193715,False,row1_col0,256,191,0,32
853,151732,009cd3639a67c3e8ac9da12b,853,20,5,164,44,836.09375,172.45744680851064,0.640625,0.053191489361702128,False,row0_col1,256,188,0,34
854,151972,009cd3639a67c3e8ac9da12b,854,4,13,36,108,281.09375,450.58510638297872,0.140625,0.39361702127659576,False,row1_col0,256,188,0,34
855,152126,009cd3639a67c3e8ac9da12b,855,30,17,244,140,1182.96875,589.64893617021278,0.953125,0.56382978723404253,False,row1_col2,256,188,0,34
856,152369,009cd3639a67c3e8ac9da12b,856,17,25,140,204,732.03125,867.77659574468089,0.546875,0.9042553191489362,False,row2_col1,256,188,0,34
857,152654,1b4035df675fd972579d4c16,857,14,2,116,20,608.96875,70.104712041884824,0.453125,-0.062827225130890049,True,padding_center,256,191,0,32
858,152725,1b4035df675fd972579d4c16,858,21,4,172,36,851.78125,139.29842931937173,0.671875,0.020942408376963352,False,row0_col2,256,191,0,32
859,152792,1b4035df675fd972579d4c16,859,24,6,196,52,955.84375,208.49214659685862,0.765625,0.10471204188481675,False,row0_col2,256,191,0,32
860,152905,1b4035df675fd972579d4c16,860,9,10,76,84,435.53125,346.87958115183244,0.296875,0.27225130890052357,False,row0_col0,256,191,0,32
861,153335,1b4035df675fd972579d4c16,861,23,23,188,188,921.15625,796.63874345549732,0.734375,0.81675392670157065,False,row2_col2,256,191,0,32
862,153470,1b4035df675fd972579d4c16,862,30,27,244,220,1163.96875,935.0261780104712,0.953125,0.98429319371727753,False,row2_col2,256,191,0,32
863,153489,1b4035df675fd972579d4c16,863,17,28,140,228,713.03125,969.62303664921467,0.546875,1.0261780104712042,True,padding_center,256,191,0,32
864,153813,ce80ae72436d84596ffaa522,864,21,6,172,52,848.78125,214.60540540540541,0.671875,0.091891891891891897,False,row0_col2,256,185,0,35
865,153912,ce80ae72436d84596ffaa522,865,24,9,196,76,952.84375,318.51891891891893,0.765625,0.22162162162162163,False,row0_col2,256,185,0,35
866,154143,ce80ae72436d84596ffaa522,866,31,16,252,132,1195.65625,560.98378378378379,0.984375,0.5243243243243243,False,row1_col2,256,185,0,35
867,154433,ce80ae72436d84596ffaa522,867,1,26,12,212,155.03125,907.36216216216212,0.046875,0.95675675675675675,False,row2_col0,256,185,0,35
868,155077,dd2f8e22a40ca28b716d3418,868,5,14,44,116,284.125,494.50267379679144,0.171875,0.43850267379679142,False,row1_col0,256,187,0,34
869,155120,dd2f8e22a40ca28b716d3418,869,16,15,132,124,666.375,529.28342245989302,0.515625,0.48128342245989303,False,row1_col1,256,187,0,34
870,155235,dd2f8e22a40ca28b716d3418,870,3,19,28,156,214.625,668.40641711229955,0.109375,0.65240641711229952,False,row1_col0,256,187,0,34
871,155442,dd2f8e22a40ca28b716d3418,871,18,25,148,204,735.875,877.09090909090912,0.578125,0.90909090909090906,False,row2_col1,256,187,0,34
872,155503,dd2f8e22a40ca28b716d3418,872,15,27,124,220,631.625,946.65240641711227,0.484375,0.99465240641711228,False,row2_col1,256,187,0,34
873,156003,2d4ee384e99cbef3dd97b9df,873,3,11,28,92,219.625,388.58469945355193,0.109375,0.30601092896174864,False,row0_col0,256,183,0,36
874,156474,2d4ee384e99cbef3dd97b9df,874,26,25,212,204,1018.875,875.7540983606558,0.828125,0.91803278688524592,False,row2_col2,256,183,0,36
875,156557,2d4ee384e99cbef3dd97b9df,875,13,28,108,228,567.125,980.14754098360663,0.421875,1.0491803278688525,True,padding_center,256,183,0,36
876,156603,2d4ee384e99cbef3dd97b9df,876,27,29,220,236,1053.625,1014.9453551912569,0.859375,1.0928961748633881,True,padding_center,256,183,0,36
877,156665,2d4ee384e99cbef3dd97b9df,877,25,31,204,252,984.125,1084.5409836065573,0.796875,1.180327868852459,True,padding_center,256,183,0,36
878,156808,63f23e2fc4a87e66536e23d3,878,8,4,68,36,426.375,137,0.265625,0,False,row0_col0,256,183,0,36
879,157566,63f23e2fc4a87e66536e23d3,879,30,27,244,220,1190.875,937.34972677595624,0.953125,1.0054644808743169,True,padding_center,256,183,0,36
880,158019,e5c18f32ffcf933947d02a58,880,3,10,28,84,266.84375,349.31147540983608,0.109375,0.26229508196721313,False,row0_col0,256,183,0,36
881,158155,e5c18f32ffcf933947d02a58,881,11,14,92,116,545.34375,488.85245901639342,0.359375,0.43715846994535518,False,row1_col1,256,183,0,36
882,158384,e5c18f32ffcf933947d02a58,882,16,21,132,172,719.40625,733.04918032786884,0.515625,0.74316939890710387,False,row2_col1,256,183,0,36
883,158513,e5c18f32ffcf933947d02a58,883,17,25,140,204,754.21875,872.5901639344263,0.546875,0.91803278688524592,False,row2_col1,256,183,0,36
884,158763,ee66320bf7eb01a991a1e561,884,11,1,92,12,544.625,28.838709677419359,0.359375,-0.12365591397849462,True,padding_center,256,186,0,35
885,158955,ee66320bf7eb01a991a1e561,885,11,7,92,60,544.625,237.87096774193549,0.359375,0.13440860215053763,False,row0_col1,256,186,0,35
886,159057,ee66320bf7eb01a991a1e561,886,17,10,140,84,753.125,342.38709677419354,0.546875,0.26344086021505375,False,row0_col1,256,186,0,35
887,159301,ee66320bf7eb01a991a1e561,887,5,18,44,148,336.125,621.09677419354841,0.171875,0.60752688172043012,False,row1_col0,256,186,0,35
888,159304,ee66320bf7eb01a991a1e561,888,8,18,68,148,440.375,621.09677419354841,0.265625,0.60752688172043012,False,row1_col0,256,186,0,35
889,159309,ee66320bf7eb01a991a1e561,889,13,18,108,148,614.125,621.09677419354841,0.421875,0.60752688172043012,False,row1_col1,256,186,0,35
890,159326,ee66320bf7eb01a991a1e561,890,30,18,244,148,1204.875,621.09677419354841,0.953125,0.60752688172043012,False,row1_col2,256,186,0,35
891,159450,ee66320bf7eb01a991a1e561,891,26,22,212,180,1065.875,760.45161290322574,0.828125,0.77956989247311825,False,row2_col2,256,186,0,35
892,159635,ee66320bf7eb01a991a1e561,892,19,28,156,228,822.625,969.48387096774195,0.609375,1.0376344086021505,True,padding_center,256,186,0,35
893,159726,ee66320bf7eb01a991a1e561,893,14,31,116,252,648.875,1074,0.453125,1.1666666666666667,True,padding_center,256,186,0,35
894,160216,b7efa09397f24e9b80cb6758,894,24,14,196,116,944.375,484.35567010309279,0.765625,0.43814432989690721,False,row1_col2,256,194,0,31
895,160266,b7efa09397f24e9b80cb6758,895,10,16,84,132,457.875,553.88144329896909,0.328125,0.52061855670103097,False,row1_col0,256,194,0,31
896,160439,b7efa09397f24e9b80cb6758,896,23,21,188,172,909.625,727.69587628865975,0.734375,0.72680412371134018,False,row2_col2,256,194,0,31
897,160501,b7efa09397f24e9b80cb6758,897,21,23,172,188,840.125,797.2216494845361,0.671875,0.80927835051546393,False,row2_col2,256,194,0,31
898,161537,a93f8f679f4821573346dd3a,898,1,24,12,196,202.65625,829.33870967741939,0.046875,0.86559139784946237,False,row2_col0,256,186,0,35
899,161614,a93f8f679f4821573346dd3a,899,14,26,116,212,650.34375,898.24193548387098,0.453125,0.95161290322580649,False,row2_col1,256,186,0,35
900,161650,a93f8f679f4821573346dd3a,900,18,27,148,220,788.09375,932.69354838709683,0.578125,0.9946236559139785,False,row2_col1,256,186,0,35
901,161896,60611d165a78aab7eb01b780,901,8,3,68,28,383.78125,121.38624338624339,0.265625,-0.026455026455026454,True,padding_center,256,189,0,33
902,161898,60611d165a78aab7eb01b780,902,10,3,84,28,452.90625,121.38624338624339,0.328125,-0.026455026455026454,True,padding_center,256,189,0,33
903,162534,60611d165a78aab7eb01b780,903,6,23,52,188,314.65625,813.02645502645498,0.203125,0.82010582010582012,False,row2_col0,256,189,0,33
904,162850,558c1de5d92b5f300ff8d7a4,904,2,1,20,12,200.71875,25.173913043478265,0.078125,-0.13043478260869565,True,padding_center,256,184,0,36
905,163092,558c1de5d92b5f300ff8d7a4,905,20,8,164,68,825.09375,267.43478260869563,0.640625,0.17391304347826086,False,row0_col1,256,184,0,36
906,163466,558c1de5d92b5f300ff8d7a4,906,10,20,84,164,478.21875,682.73913043478262,0.328125,0.69565217391304346,False,row2_col0,256,184,0,36
907,163674,558c1de5d92b5f300ff8d7a4,907,26,26,212,212,1033.21875,890.39130434782612,0.828125,0.95652173913043481,False,row2_col2,256,184,0,36
908,163928,83203b6a93dc2b164a5d9ce8,908,24,2,196,20,966.078125,62.782608695652172,0.765625,-0.086956521739130432,True,padding_center,256,184,0,36
909,164014,83203b6a93dc2b164a5d9ce8,909,14,5,116,44,619.515625,166.60869565217391,0.453125,0.043478260869565216,False,row0_col1,256,184,0,36
910,164123,83203b6a93dc2b164a5d9ce8,910,27,8,220,68,1070.046875,270.43478260869563,0.859375,0.17391304347826086,False,row0_col2,256,184,0,36
911,164282,83203b6a93dc2b164a5d9ce8,911,26,13,212,108,1035.390625,443.47826086956525,0.828125,0.39130434782608697,False,row1_col2,256,184,0,36
912,164524,83203b6a93dc2b164a5d9ce8,912,12,21,100,172,550.203125,720.3478260869565,0.390625,0.73913043478260865,False,row2_col1,256,184,0,36
913,164573,83203b6a93dc2b164a5d9ce8,913,29,22,236,180,1139.359375,754.95652173913049,0.921875,0.78260869565217395,False,row2_col2,256,184,0,36
914,165130,6257a4d8f1cbc9c83fba2d60,914,10,8,84,68,461.234375,286.43478260869563,0.328125,0.17391304347826086,False,row0_col0,256,184,0,36
915,165172,6257a4d8f1cbc9c83fba2d60,915,20,9,164,76,807.171875,321.04347826086956,0.640625,0.21739130434782608,False,row0_col1,256,184,0,36
916,165307,6257a4d8f1cbc9c83fba2d60,916,27,13,220,108,1049.328125,459.47826086956525,0.859375,0.39130434782608697,False,row1_col2,256,184,0,36
917,165487,6257a4d8f1cbc9c83fba2d60,917,15,19,124,156,634.203125,667.13043478260875,0.484375,0.65217391304347827,False,row1_col1,256,184,0,36
918,165712,6257a4d8f1cbc9c83fba2d60,918,16,26,132,212,668.796875,909.39130434782612,0.515625,0.95652173913043481,False,row2_col1,256,184,0,36
919,165984,21a65ebf59d2ba6f5a645963,919,0,3,4,28,95.484375,98.265306122448976,0.015625,-0.01020408163265306,True,padding_center,256,196,0,30
920,166053,21a65ebf59d2ba6f5a645963,920,5,5,44,44,270.328125,168.14285714285714,0.171875,0.071428571428571425,False,row0_col0,256,196,0,30
921,166091,21a65ebf59d2ba6f5a645963,921,11,6,92,52,480.140625,203.08163265306121,0.359375,0.11224489795918367,False,row0_col1,256,196,0,30
922,166173,21a65ebf59d2ba6f5a645963,922,29,8,236,68,1109.578125,272.9591836734694,0.921875,0.19387755102040816,False,row0_col2,256,196,0,30
923,166314,21a65ebf59d2ba6f5a645963,923,10,13,84,108,445.171875,447.65306122448982,0.328125,0.39795918367346939,False,row1_col0,256,196,0,30
924,166393,21a65ebf59d2ba6f5a645963,924,25,15,204,124,969.703125,517.53061224489795,0.796875,0.47959183673469385,False,row1_col2,256,196,0,30
925,166497,21a65ebf59d2ba6f5a645963,925,1,19,12,156,130.453125,657.28571428571433,0.046875,0.6428571428571429,False,row1_col0,256,196,0,30
926,166855,21a65ebf59d2ba6f5a645963,926,7,30,60,244,340.265625,1041.612244897959,0.234375,1.0918367346938775,True,padding_center,256,196,0,30
927,166999,43ee58770e40e876f08e8074,927,23,2,188,20,930.28125,55.732620320855617,0.734375,-0.074866310160427801,True,padding_center,256,187,0,34
928,167081,43ee58770e40e876f08e8074,928,9,5,76,44,448.15625,159.048128342246,0.296875,0.053475935828877004,False,row0_col0,256,187,0,34
929,167313,43ee58770e40e876f08e8074,929,17,12,140,100,723.65625,400.11764705882354,0.546875,0.35294117647058826,False,row1_col1,256,187,0,34
930,167430,43ee58770e40e876f08e8074,930,6,16,52,132,344.84375,537.8716577540107,0.203125,0.52406417112299464,False,row1_col0,256,187,0,34
931,168047,8ddb86f33af46de74f6cb3c0,931,15,3,124,28,680.71875,105.44736842105263,0.484375,-0.026315789473684209,True,padding_center,256,190,0,33
932,168376,8ddb86f33af46de74f6cb3c0,932,24,13,196,108,991.78125,450.28947368421052,0.765625,0.39473684210526316,False,row1_col2,256,190,0,33
933,168397,8ddb86f33af46de74f6cb3c0,933,13,14,108,116,611.59375,484.77368421052631,0.421875,0.43684210526315792,False,row1_col1,256,190,0,33
934,168519,8ddb86f33af46de74f6cb3c0,934,7,18,60,148,404.21875,622.71052631578948,0.234375,0.60526315789473684,False,row1_col0,256,190,0,33
935,168630,8ddb86f33af46de74f6cb3c0,935,22,21,180,172,922.65625,726.16315789473686,0.703125,0.73157894736842111,False,row2_col2,256,190,0,33
936,168960,0995d605d7742fc0e60c12be,936,0,0,4,4,110.28125,-11.946524064171115,0.015625,-0.16042780748663102,True,padding_center,256,187,0,34
937,169012,0995d605d7742fc0e60c12be,937,20,1,164,12,801.53125,22.705882352941174,0.640625,-0.11764705882352941,True,padding_center,256,187,0,34
938,169180,0995d605d7742fc0e60c12be,938,28,6,228,52,1078.03125,195.96791443850267,0.890625,0.096256684491978606,False,row0_col2,256,187,0,34
939,169390,0995d605d7742fc0e60c12be,939,14,13,116,108,594.15625,438.5347593582888,0.453125,0.39572192513368987,False,row1_col1,256,187,0,34
940,169571,0995d605d7742fc0e60c12be,940,3,19,28,156,213.96875,646.44919786096261,0.109375,0.65240641711229952,False,row1_col0,256,187,0,34
941,170084,b540e2337d1ee579831d1275,941,4,3,36,28,269.671875,90.680628272251312,0.140625,-0.020942408376963352,True,padding_center,256,191,0,32
942,170221,b540e2337d1ee579831d1275,942,13,7,108,60,581.015625,229.23560209424085,0.421875,0.14659685863874344,False,row0_col1,256,191,0,32
943,170664,b540e2337d1ee579831d1275,943,8,21,68,172,408.046875,714.17801047120417,0.265625,0.73298429319371727,False,row2_col0,256,191,0,32
944,170692,b540e2337d1ee579831d1275,944,4,22,36,180,269.671875,748.81675392670161,0.140625,0.77486910994764402,False,row2_col0,256,191,0,32
945,171038,a0f12f3555715d52a9a54e99,945,30,0,244,4,1157.875,-11.821989528795797,0.953125,-0.14659685863874344,True,padding_center,256,191,0,32
946,171376,a0f12f3555715d52a9a54e99,946,16,11,132,92,671.375,371.04712041884818,0.515625,0.31413612565445026,False,row0_col1,256,191,0,32
947,171396,a0f12f3555715d52a9a54e99,947,4,12,36,100,254.375,405.85340314136124,0.140625,0.35602094240837695,False,row1_col0,256,191,0,32
948,171697,a0f12f3555715d52a9a54e99,948,17,21,140,172,706.125,719.10994764397901,0.546875,0.73298429319371727,False,row2_col1,256,191,0,32
949,171917,a0f12f3555715d52a9a54e99,949,13,28,108,228,567.125,962.75392670157066,0.421875,1.0261780104712042,True,padding_center,256,191,0,32
950,172180,7ab749d4fd062c3c49f0ba2a,950,20,4,164,36,848.171875,125.31351351351351,0.640625,0.0054054054054054057,False,row0_col1,256,185,0,35
951,172183,7ab749d4fd062c3c49f0ba2a,951,23,4,188,36,951.953125,125.31351351351351,0.734375,0.0054054054054054057,False,row0_col2,256,185,0,35
952,172273,7ab749d4fd062c3c49f0ba2a,952,17,7,140,60,744.390625,228.83783783783784,0.546875,0.13513513513513514,False,row0_col1,256,185,0,35
953,172330,7ab749d4fd062c3c49f0ba2a,953,10,9,84,76,502.234375,297.85405405405407,0.328125,0.22162162162162163,False,row0_col0,256,185,0,35
954,172732,7ab749d4fd062c3c49f0ba2a,954,28,21,228,172,1124.921875,711.95135135135138,0.890625,0.74054054054054053,False,row2_col2,256,185,0,35
955,172979,7ab749d4fd062c3c49f0ba2a,955,19,29,156,236,813.578125,988.01621621621621,0.609375,1.0864864864864865,True,padding_center,256,185,0,35
956,173186,75e6d970a10dafc3054e0571,956,2,4,20,36,222.875,133,0.078125,0,False,row0_col0,256,184,0,36
957,173417,75e6d970a10dafc3054e0571,957,9,11,76,92,466.125,376.78260869565219,0.296875,0.30434782608695654,False,row0_col0,256,184,0,36
958,173498,75e6d970a10dafc3054e0571,958,26,13,212,108,1056.875,446.43478260869568,0.828125,0.39130434782608697,False,row1_col2,256,184,0,36
959,173711,75e6d970a10dafc3054e0571,959,15,20,124,164,674.625,690.21739130434776,0.484375,0.69565217391304346,False,row2_col1,256,184,0,36
960,173723,75e6d970a10dafc3054e0571,960,27,20,220,164,1091.625,690.21739130434776,0.859375,0.69565217391304346,False,row2_col2,256,184,0,36
961,173963,75e6d970a10dafc3054e0571,961,11,28,92,228,535.625,968.82608695652175,0.359375,1.0434782608695652,True,padding_center,256,184,0,36
962,174120,88c4bf09a5d57231f89b045c,962,8,1,68,12,408.046875,19.705882352941174,0.265625,-0.11764705882352941,True,padding_center,256,187,0,34
963,174169,88c4bf09a5d57231f89b045c,963,25,2,204,20,996.140625,54.358288770053484,0.796875,-0.074866310160427801,True,padding_center,256,187,0,34
964,174342,88c4bf09a5d57231f89b045c,964,6,8,52,68,338.859375,262.27272727272725,0.203125,0.18181818181818182,False,row0_col0,256,187,0,34
965,174364,88c4bf09a5d57231f89b045c,965,28,8,228,68,1099.921875,262.27272727272725,0.890625,0.18181818181818182,False,row0_col2,256,187,0,34
966,174438,88c4bf09a5d57231f89b045c,966,6,11,52,92,338.859375,366.22994652406419,0.203125,0.31016042780748665,False,row0_col0,256,187,0,34
967,174488,88c4bf09a5d57231f89b045c,967,24,12,196,100,961.546875,400.88235294117646,0.765625,0.35294117647058826,False,row1_col2,256,187,0,34
968,174702,88c4bf09a5d57231f89b045c,968,14,19,116,156,615.609375,643.44919786096261,0.453125,0.65240641711229952,False,row1_col1,256,187,0,34
969,174949,88c4bf09a5d57231f89b045c,969,5,27,44,220,304.265625,920.66844919786092,0.171875,0.99465240641711228,False,row2_col0,256,187,0,34
970,175288,b1e12102411c176bd5c55672,970,24,5,196,44,983.078125,174.66666666666666,0.765625,0.058201058201058198,False,row0_col2,256,189,0,33
971,175398,b1e12102411c176bd5c55672,971,6,9,52,76,359.265625,313.33333333333331,0.203125,0.2275132275132275,False,row0_col0,256,189,0,33
972,175810,b1e12102411c176bd5c55672,972,2,22,20,180,220.640625,764,0.078125,0.77777777777777779,False,row2_col0,256,189,0,33
973,175838,b1e12102411c176bd5c55672,973,30,22,244,180,1191.015625,764,0.953125,0.77777777777777779,False,row2_col2,256,189,0,33
974,175839,b1e12102411c176bd5c55672,974,31,22,252,180,1225.671875,764,0.984375,0.77777777777777779,False,row2_col2,256,189,0,33
975,176001,b1e12102411c176bd5c55672,975,1,28,12,228,185.984375,972.00000000000011,0.046875,1.0317460317460319,True,padding_center,256,189,0,33
976,176281,1f4ef5622d6a1f36e4aa5bbe,976,25,4,204,36,1014.734375,134,0.796875,0,False,row0_col2,256,184,0,36
977,176399,1f4ef5622d6a1f36e4aa5bbe,977,15,8,124,68,668.171875,272.43478260869563,0.484375,0.17391304347826086,False,row0_col1,256,184,0,36
978,176525,1f4ef5622d6a1f36e4aa5bbe,978,13,12,108,100,598.859375,410.86956521739131,0.421875,0.34782608695652173,False,row1_col1,256,184,0,36
979,176753,1f4ef5622d6a1f36e4aa5bbe,979,17,19,140,156,737.484375,653.13043478260875,0.546875,0.65217391304347827,False,row1_col1,256,184,0,36
980,176953,1f4ef5622d6a1f36e4aa5bbe,980,25,25,204,204,1014.734375,860.78260869565213,0.796875,0.91304347826086951,False,row2_col2,256,184,0,36
981,177391,d3087ca15c39ea0c8f15bf17,981,15,7,124,60,638.078125,243.08791208791209,0.484375,0.12637362637362637,False,row0_col1,256,182,0,37
982,177508,d3087ca15c39ea0c8f15bf17,982,4,11,36,92,254.796875,382.34065934065933,0.140625,0.30219780219780218,False,row0_col0,256,182,0,37
983,177511,d3087ca15c39ea0c8f15bf17,983,7,11,60,92,359.328125,382.34065934065933,0.234375,0.30219780219780218,False,row0_col0,256,182,0,37
984,177623,d3087ca15c39ea0c8f15bf17,984,23,14,188,116,916.828125,486.7802197802198,0.734375,0.43406593406593408,False,row1_col2,256,182,0,37
985,177816,d3087ca15c39ea0c8f15bf17,985,24,20,196,164,951.671875,695.65934065934061,0.765625,0.69780219780219777,False,row2_col2,256,182,0,37
986,177866,d3087ca15c39ea0c8f15bf17,986,10,22,84,180,463.859375,765.28571428571422,0.328125,0.7857142857142857,False,row2_col0,256,182,0,37
987,177998,d3087ca15c39ea0c8f15bf17,987,14,26,116,212,603.234375,904.53846153846155,0.453125,0.96153846153846156,False,row2_col1,256,182,0,37
988,178049,d3087ca15c39ea0c8f15bf17,988,1,28,12,228,150.265625,974.16483516483515,0.046875,1.0494505494505495,True,padding_center,256,182,0,37
989,178129,d3087ca15c39ea0c8f15bf17,989,17,30,140,244,707.765625,1043.7912087912086,0.546875,1.1373626373626373,True,padding_center,256,182,0,37
990,178280,dd4ad461de197a243a121525,990,8,3,68,28,427.453125,94.785340314136121,0.265625,-0.020942408376963352,True,padding_center,256,191,0,32
991,178411,dd4ad461de197a243a121525,991,11,7,92,60,530.671875,232.50261780104711,0.359375,0.14659685863874344,False,row0_col1,256,191,0,32
992,178762,dd4ad461de197a243a121525,992,10,18,84,148,496.265625,611.22513089005236,0.328125,0.60732984293193715,False,row1_col0,256,191,0,32
993,178894,dd4ad461de197a243a121525,993,14,22,116,180,633.890625,748.94240837696339,0.453125,0.77486910994764402,False,row2_col1,256,191,0,32
994,178911,dd4ad461de197a243a121525,994,31,22,252,180,1218.796875,748.94240837696339,0.984375,0.77486910994764402,False,row2_col2,256,191,0,32
995,179629,88a7da897ac6bcbf16c8e69d,995,13,13,108,108,581.125,448.6596858638743,0.421875,0.39790575916230364,False,row1_col1,256,191,0,32
996,179675,88a7da897ac6bcbf16c8e69d,996,27,14,220,116,1067.625,483.46596858638748,0.859375,0.43979057591623039,False,row1_col2,256,191,0,32
997,179784,88a7da897ac6bcbf16c8e69d,997,8,18,68,148,407.375,622.69109947643983,0.265625,0.60732984293193715,False,row1_col0,256,191,0,32
998,179802,88a7da897ac6bcbf16c8e69d,998,26,18,212,148,1032.875,622.69109947643983,0.828125,0.60732984293193715,False,row1_col2,256,191,0,32
999,179889,88a7da897ac6bcbf16c8e69d,999,17,21,140,172,720.125,727.10994764397901,0.546875,0.73298429319371727,False,row2_col1,256,191,0,32
1000,179941,88a7da897ac6bcbf16c8e69d,1000,5,23,44,188,303.125,796.72251308900525,0.171875,0.81675392670157065,False,row2_col0,256,191,0,32
1001,179978,88a7da897ac6bcbf16c8e69d,1001,10,24,84,196,476.875,831.52879581151831,0.328125,0.8586387434554974,False,row2_col0,256,191,0,32
1002,180325,e3e937e4c7206cd43037de93,1002,5,3,44,28,286.640625,98.516129032258064,0.171875,-0.037634408602150539,True,padding_center,256,186,0,35
1003,180475,e3e937e4c7206cd43037de93,1003,27,7,220,60,1053.203125,237.87096774193549,0.859375,0.13440860215053763,False,row0_col2,256,186,0,35
1004,180506,e3e937e4c7206cd43037de93,1004,26,8,212,68,1018.359375,272.70967741935488,0.828125,0.17741935483870969,False,row0_col2,256,186,0,35
1005,180637,e3e937e4c7206cd43037de93,1005,29,12,236,100,1122.890625,412.06451612903226,0.921875,0.34946236559139787,False,row1_col2,256,186,0,35
1006,180639,e3e937e4c7206cd43037de93,1006,31,12,252,100,1192.578125,412.06451612903226,0.984375,0.34946236559139787,False,row1_col2,256,186,0,35
1007,180699,e3e937e4c7206cd43037de93,1007,27,14,220,116,1053.203125,481.74193548387098,0.859375,0.43548387096774194,False,row1_col2,256,186,0,35
1008,180766,e3e937e4c7206cd43037de93,1008,30,16,244,132,1157.734375,551.41935483870964,0.953125,0.521505376344086,False,row1_col2,256,186,0,35
1009,181037,e3e937e4c7206cd43037de93,1009,13,25,108,204,565.390625,864.9677419354839,0.421875,0.90860215053763438,False,row2_col1,256,186,0,35
1010,181180,e3e937e4c7206cd43037de93,1010,28,29,228,236,1088.046875,1004.3225806451612,0.890625,1.0806451612903225,True,padding_center,256,186,0,35
1011,181261,9dc7738247217dd257b2b574,1011,13,0,108,4,552.28125,0.9109947643979126,0.421875,-0.14659685863874344,True,padding_center,256,191,0,32
1012,181310,9dc7738247217dd257b2b574,1012,30,1,244,12,1141.96875,35.507853403141368,0.953125,-0.10471204188481675,True,padding_center,256,191,0,32
1013,181525,9dc7738247217dd257b2b574,1013,21,8,172,68,829.78125,277.68586387434556,0.671875,0.18848167539267016,False,row0_col2,256,191,0,32
1014,181571,9dc7738247217dd257b2b574,1014,3,10,28,84,205.40625,346.87958115183244,0.109375,0.27225130890052357,False,row0_col0,256,191,0,32
1015,181751,9dc7738247217dd257b2b574,1015,23,15,188,124,899.15625,519.86387434554968,0.734375,0.48167539267015708,False,row1_col2,256,191,0,32
1016,181753,9dc7738247217dd257b2b574,1016,25,15,204,124,968.53125,519.86387434554968,0.796875,0.48167539267015708,False,row1_col2,256,191,0,32
1017,181833,9dc7738247217dd257b2b574,1017,9,18,76,148,413.53125,623.65445026178008,0.296875,0.60732984293193715,False,row1_col0,256,191,0,32
1018,182131,9dc7738247217dd257b2b574,1018,19,27,156,220,760.40625,935.0261780104712,0.609375,0.98429319371727753,False,row2_col1,256,191,0,32
1019,182137,9dc7738247217dd257b2b574,1019,25,27,204,220,968.53125,935.0261780104712,0.796875,0.98429319371727753,False,row2_col2,256,191,0,32
1020,182257,9dc7738247217dd257b2b574,1020,17,31,140,252,691.03125,1073.413612565445,0.546875,1.1518324607329844,True,padding_center,256,191,0,32
1021,182487,baa55f7c3696feb74db32bba,1021,23,6,188,52,935.21875,205.90000000000001,0.734375,0.10000000000000001,False,row0_col2,256,190,0,33
1022,182599,baa55f7c3696feb74db32bba,1022,7,10,60,84,382.21875,343.83684210526314,0.234375,0.26842105263157895,False,row0_col0,256,190,0,33
1023,182952,baa55f7c3696feb74db32bba,1023,8,21,68,172,416.78125,723.16315789473686,0.265625,0.73157894736842111,False,row2_col0,256,190,0,33
1024,183034,baa55f7c3696feb74db32bba,1024,26,23,212,188,1038.90625,792.13157894736844,0.828125,0.81578947368421051,False,row2_col2,256,190,0,33
1025,183299,9e7c13f8064b9fc62fe964d6,1025,3,0,28,4,238.078125,3.9109947643979126,0.109375,-0.14659685863874344,True,padding_center,256,191,0,32
1026,183328,9e7c13f8064b9fc62fe964d6,1026,0,1,4,12,134.296875,38.507853403141368,0.015625,-0.10471204188481675,True,padding_center,256,191,0,32
1027,183363,9e7c13f8064b9fc62fe964d6,1027,3,2,28,20,238.078125,73.104712041884824,0.109375,-0.062827225130890049,True,padding_center,256,191,0,32
1028,183537,9e7c13f8064b9fc62fe964d6,1028,17,7,140,60,722.390625,246.08900523560209,0.546875,0.14659685863874344,False,row0_col1,256,191,0,32
1029,183619,9e7c13f8064b9fc62fe964d6,1029,3,10,28,84,238.078125,349.87958115183244,0.109375,0.27225130890052357,False,row0_col0,256,191,0,32
1030,183754,9e7c13f8064b9fc62fe964d6,1030,10,14,84,116,480.234375,488.26701570680632,0.328125,0.43979057591623039,False,row1_col0,256,191,0,32
1031,183812,9e7c13f8064b9fc62fe964d6,1031,4,16,36,132,272.671875,557.46073298429314,0.140625,0.52356020942408377,False,row1_col0,256,191,0,32
1032,184005,9e7c13f8064b9fc62fe964d6,1032,5,22,44,180,307.265625,765.04188481675396,0.171875,0.77486910994764402,False,row2_col0,256,191,0,32
1033,184069,9e7c13f8064b9fc62fe964d6,1033,5,24,44,196,307.265625,834.2356020942409,0.171875,0.8586387434554974,False,row2_col0,256,191,0,32
1034,184208,9e7c13f8064b9fc62fe964d6,1034,16,28,132,228,687.796875,972.62303664921467,0.515625,1.0261780104712042,True,padding_center,256,191,0,32
1035,184553,805980f7faa8c08b50072995,1035,9,7,76,60,448.34375,236.81052631578947,0.296875,0.14210526315789473,False,row0_col0,256,190,0,33
1036,184562,805980f7faa8c08b50072995,1036,18,7,148,60,759.40625,236.81052631578947,0.578125,0.14210526315789473,False,row0_col1,256,190,0,33
1037,184860,805980f7faa8c08b50072995,1037,28,16,228,132,1105.03125,548.30526315789461,0.890625,0.52105263157894732,False,row1_col2,256,190,0,33
1038,184981,805980f7faa8c08b50072995,1038,21,20,172,164,863.09375,686.74736842105267,0.671875,0.68947368421052635,False,row2_col2,256,190,0,33
1039,185313,805980f7faa8c08b50072995,1039,1,31,12,252,171.84375,1067.4631578947369,0.046875,1.1526315789473685,True,padding_center,256,190,0,33
1040,186077,04b10b19c991ff0f07deda16,1040,29,22,236,180,1139.59375,769.40641711229944,0.921875,0.78074866310160429,False,row2_col2,256,187,0,34
1041,186114,04b10b19c991ff0f07deda16,1041,2,24,20,196,206.40625,838.7112299465241,0.078125,0.86631016042780751,False,row2_col0,256,187,0,34
1042,186316,04b10b19c991ff0f07deda16,1042,12,30,100,244,552.03125,1046.6256684491977,0.390625,1.1229946524064172,True,padding_center,256,187,0,34
1043,186731,5c1bf30bc1a4f784d36c8062,1043,11,11,92,92,511.828125,377.22994652406419,0.359375,0.31016042780748665,False,row0_col1,256,187,0,34
1044,186900,5c1bf30bc1a4f784d36c8062,1044,20,16,164,132,823.171875,550.49197860962568,0.640625,0.52406417112299464,False,row1_col1,256,187,0,34
1045,186929,5c1bf30bc1a4f784d36c8062,1045,17,17,140,140,719.390625,585.14438502673806,0.546875,0.5668449197860963,False,row1_col1,256,187,0,34
1046,187107,5c1bf30bc1a4f784d36c8062,1046,3,23,28,188,235.078125,793.05882352941171,0.109375,0.82352941176470584,False,row2_col0,256,187,0,34
1047,187113,5c1bf30bc1a4f784d36c8062,1047,9,23,76,188,442.640625,793.05882352941171,0.296875,0.82352941176470584,False,row2_col0,256,187,0,34
1048,187182,5c1bf30bc1a4f784d36c8062,1048,14,25,116,204,615.609375,862.36363636363637,0.453125,0.90909090909090906,False,row2_col1,256,187,0,34
1049,187597,fb5a9755e142923997483e54,1049,13,6,108,52,583.125,194.66666666666669,0.421875,0.091397849462365593,False,row0_col1,256,186,0,35
1050,187599,fb5a9755e142923997483e54,1050,15,6,124,52,652.625,194.66666666666669,0.484375,0.091397849462365593,False,row0_col1,256,186,0,35
1051,187820,fb5a9755e142923997483e54,1051,12,13,100,108,548.375,437.33333333333331,0.390625,0.39247311827956988,False,row1_col1,256,186,0,35
1052,188366,fb5a9755e142923997483e54,1052,14,30,116,244,617.875,1026.6666666666665,0.453125,1.1236559139784945,True,padding_center,256,186,0,35
1053,188387,fb5a9755e142923997483e54,1053,3,31,28,252,235.625,1061.3333333333335,0.109375,1.1666666666666667,True,padding_center,256,186,0,35
1054,188544,7fa802d5b3d7b7590197ff36,1054,0,4,4,36,113.21875,152.3027027027027,0.015625,0.0054054054054054057,False,row0_col0,256,185,0,35
1055,188597,7fa802d5b3d7b7590197ff36,1055,21,5,172,44,836.40625,186.72432432432433,0.671875,0.048648648648648651,False,row0_col2,256,185,0,35
1056,188900,7fa802d5b3d7b7590197ff36,1056,4,15,36,124,250.96875,530.9405405405405,0.140625,0.48108108108108111,False,row1_col0,256,185,0,35
1057,189203,7fa802d5b3d7b7590197ff36,1057,19,24,156,196,767.53125,840.73513513513512,0.609375,0.87027027027027026,False,row2_col1,256,185,0,35
1058,189820,b7e0bb24f27963017f1a9f09,1058,28,11,228,92,1113.375,374.34065934065933,0.890625,0.30219780219780218,False,row0_col2,256,182,0,37
1059,190154,b7e0bb24f27963017f1a9f09,1059,10,22,84,180,487.875,757.28571428571422,0.328125,0.7857142857142857,False,row2_col0,256,182,0,37
1060,190199,b7e0bb24f27963017f1a9f09,1060,23,23,188,188,939.625,792.09890109890114,0.734375,0.82967032967032972,False,row2_col2,256,182,0,37
1061,190376,b7e0bb24f27963017f1a9f09,1061,8,29,68,236,418.375,1000.9780219780218,0.265625,1.0934065934065933,True,padding_center,256,182,0,37
1062,190561,9e3ff6a52f10ae8e139d3c38,1062,1,3,12,28,155.03125,106.6875,0.046875,-0.020833333333333332,True,padding_center,256,192,0,32
1063,190887,9e3ff6a52f10ae8e139d3c38,1063,7,13,60,108,363.15625,452.9375,0.234375,0.39583333333333331,False,row1_col0,256,192,0,32
1064,190900,9e3ff6a52f10ae8e139d3c38,1064,20,13,164,108,814.09375,452.9375,0.640625,0.39583333333333331,False,row1_col1,256,192,0,32
1065,191001,9e3ff6a52f10ae8e139d3c38,1065,25,16,204,132,987.53125,556.8125,0.796875,0.52083333333333337,False,row1_col2,256,192,0,32
1066,191118,9e3ff6a52f10ae8e139d3c38,1066,14,20,116,164,605.96875,695.3125,0.453125,0.6875,False,row2_col1,256,192,0,32
1067,191481,9e3ff6a52f10ae8e139d3c38,1067,25,31,204,252,987.53125,1076.1875,0.796875,1.1458333333333333,True,padding_center,256,192,0,32
1068,192073,13d984a7b264eb7393bb4bbb,1068,9,18,76,148,432.53125,622.79679144385022,0.296875,0.60962566844919786,False,row1_col0,256,187,0,34
1069,192191,13d984a7b264eb7393bb4bbb,1069,31,21,252,172,1195.65625,726.75401069518716,0.984375,0.73796791443850263,False,row2_col2,256,187,0,34
1070,192320,13d984a7b264eb7393bb4bbb,1070,0,26,4,212,120.34375,900.01604278074865,0.015625,0.95187165775401072,False,row2_col0,256,187,0,34
1071,192783,6a57e03e1905b5c4210bc584,1071,15,8,124,68,661.203125,265.27272727272725,0.484375,0.18181818181818182,False,row0_col1,256,187,0,34
1072,192874,6a57e03e1905b5c4210bc584,1072,10,11,84,92,488.234375,369.22994652406419,0.328125,0.31016042780748665,False,row0_col0,256,187,0,34
1073,193337,6a57e03e1905b5c4210bc584,1073,25,25,204,204,1007.140625,854.36363636363637,0.796875,0.90909090909090906,False,row2_col2,256,187,0,34
1074,193959,aefb29f0a27380abd8a7072a,1074,7,13,60,108,387.28125,455.0785340314136,0.234375,0.39790575916230364,False,row1_col0,256,191,0,32
1075,194076,aefb29f0a27380abd8a7072a,1075,28,16,228,132,1110.46875,558.36649214659678,0.890625,0.52356020942408377,False,row1_col2,256,191,0,32
1076,194518,aefb29f0a27380abd8a7072a,1076,22,30,180,244,903.84375,1040.3769633507854,0.703125,1.1099476439790577,True,padding_center,256,191,0,32
1077,194642,b1a39c8c93fe4d79d6ff8d44,1077,18,2,148,20,741.09375,76.099999999999994,0.578125,-0.068421052631578952,True,padding_center,256,190,0,33
1078,195266,b1a39c8c93fe4d79d6ff8d44,1078,2,22,20,180,190.09375,764.10000000000002,0.078125,0.77368421052631575,False,row2_col0,256,190,0,33
1079,195528,b1a39c8c93fe4d79d6ff8d44,1079,8,30,68,244,396.71875,1039.3,0.265625,1.1105263157894736,True,padding_center,256,190,0,33
1080,195625,8ea3847f318908af74ca363c,1080,9,1,76,12,453.640625,35.507853403141368,0.296875,-0.10471204188481675,True,padding_center,256,191,0,32
1081,195662,8ea3847f318908af74ca363c,1081,14,2,116,20,626.609375,70.104712041884824,0.453125,-0.062827225130890049,True,padding_center,256,191,0,32
1082,195742,8ea3847f318908af74ca363c,1082,30,4,244,36,1180.109375,139.29842931937173,0.953125,0.020942408376963352,False,row0_col2,256,191,0,32
1083,195803,8ea3847f318908af74ca363c,1083,27,6,220,52,1076.328125,208.49214659685862,0.859375,0.10471204188481675,False,row0_col2,256,191,0,32
1084,195842,8ea3847f318908af74ca363c,1084,2,8,20,68,211.484375,277.68586387434556,0.078125,0.18848167539267016,False,row0_col0,256,191,0,32
1085,196251,8ea3847f318908af74ca363c,1085,27,20,220,164,1076.328125,692.84816753926702,0.859375,0.69109947643979053,False,row2_col2,256,191,0,32
1086,196349,8ea3847f318908af74ca363c,1086,29,23,236,188,1145.515625,796.63874345549732,0.921875,0.81675392670157065,False,row2_col2,256,191,0,32
1087,196640,819331f44b9bfe36ff4bf476,1087,0,1,4,12,159.328125,38.173913043478265,0.015625,-0.13043478260869565,True,padding_center,256,184,0,36
1088,196744,819331f44b9bfe36ff4bf476,1088,8,4,68,36,436.578125,142,0.265625,0,False,row0_col0,256,184,0,36
1089,196967,819331f44b9bfe36ff4bf476,1089,7,11,60,92,401.921875,384.26086956521738,0.234375,0.30434782608695654,False,row0_col0,256,184,0,36
1090,197498,819331f44b9bfe36ff4bf476,1090,26,27,212,220,1060.390625,938,0.828125,1,True,padding_center,256,184,0,36
1091,197524,819331f44b9bfe36ff4bf476,1091,20,28,164,228,852.453125,972.60869565217388,0.640625,1.0434782608695652,True,padding_center,256,184,0,36
1092,197962,75eaffb01baa039eb6d5f71b,1092,10,10,84,84,502.890625,342.57754010695191,0.328125,0.26737967914438504,False,row0_col0,256,187,0,34
1093,198150,75eaffb01baa039eb6d5f71b,1093,6,16,52,132,364.265625,550.49197860962568,0.203125,0.52406417112299464,False,row1_col0,256,187,0,34
1094,198228,75eaffb01baa039eb6d5f71b,1094,20,18,164,148,849.453125,619.79679144385022,0.640625,0.60962566844919786,False,row1_col1,256,187,0,34
1095,198246,75eaffb01baa039eb6d5f71b,1095,6,19,52,156,364.265625,654.44919786096261,0.203125,0.65240641711229952,False,row1_col0,256,187,0,34
1096,198260,75eaffb01baa039eb6d5f71b,1096,20,19,164,156,849.453125,654.44919786096261,0.640625,0.65240641711229952,False,row1_col1,256,187,0,34
1097,199034,1521c7bdee93d552208d03d3,1097,26,11,212,92,1022.734375,388.6875,0.828125,0.3125,False,row0_col2,256,192,0,32
1098,199158,1521c7bdee93d552208d03d3,1098,22,15,180,124,884.359375,527.1875,0.703125,0.47916666666666669,False,row1_col2,256,192,0,32
1099,199383,1521c7bdee93d552208d03d3,1099,23,22,188,180,918.953125,769.5625,0.734375,0.77083333333333337,False,row2_col2,256,192,0,32
1100,199536,1521c7bdee93d552208d03d3,1100,16,27,132,220,676.796875,942.6875,0.515625,0.97916666666666663,False,row2_col1,256,192,0,32
1101,199588,1521c7bdee93d552208d03d3,1101,4,29,36,236,261.671875,1011.9375,0.140625,1.0625,True,padding_center,256,192,0,32
1102,199712,3d9a63ef1fa66bf91e525440,1102,0,1,4,12,148.328125,52.705882352941174,0.015625,-0.11764705882352941,True,padding_center,256,187,0,34
1103,199759,3d9a63ef1fa66bf91e525440,1103,15,2,124,20,668.171875,87.358288770053491,0.484375,-0.074866310160427801,True,padding_center,256,187,0,34
1104,199859,3d9a63ef1fa66bf91e525440,1104,19,5,156,44,806.796875,191.31550802139037,0.609375,0.053475935828877004,False,row0_col1,256,187,0,34
1105,199959,3d9a63ef1fa66bf91e525440,1105,23,8,188,68,945.421875,295.27272727272725,0.734375,0.18181818181818182,False,row0_col2,256,187,0,34
1106,200170,3d9a63ef1fa66bf91e525440,1106,10,15,84,124,494.890625,537.83957219251329,0.328125,0.48128342245989303,False,row1_col0,256,187,0,34
1107,200439,3d9a63ef1fa66bf91e525440,1107,23,23,188,188,945.421875,815.05882352941171,0.734375,0.82352941176470584,False,row2_col2,256,187,0,34
1108,200498,3d9a63ef1fa66bf91e525440,1108,18,25,148,204,772.140625,884.36363636363637,0.578125,0.90909090909090906,False,row2_col1,256,187,0,34
1109,201519,5d0f2dad7d48724f02a696a2,1109,15,25,124,204,654.171875,867.72432432432436,0.484375,0.91351351351351351,False,row2_col1,256,185,0,35
1110,201583,5d0f2dad7d48724f02a696a2,1110,15,27,124,220,654.171875,937,0.484375,1,True,padding_center,256,185,0,35
1111,201699,5d0f2dad7d48724f02a696a2,1111,3,31,28,252,238.296875,1075.5513513513515,0.109375,1.172972972972973,True,padding_center,256,185,0,35
1112,201928,8d754e60af04c510870195a0,1112,8,6,68,52,408.046875,197.66666666666669,0.265625,0.091397849462365593,False,row0_col0,256,186,0,35
1113,202150,8d754e60af04c510870195a0,1113,6,13,52,108,338.859375,440.33333333333331,0.203125,0.39247311827956988,False,row1_col0,256,186,0,35
1114,202704,8d754e60af04c510870195a0,1114,16,30,132,244,684.796875,1029.6666666666665,0.515625,1.1236559139784945,True,padding_center,256,186,0,35
1115,202738,8d754e60af04c510870195a0,1115,18,31,148,252,753.984375,1064.3333333333335,0.578125,1.1666666666666667,True,padding_center,256,186,0,35
1116,202760,daca2d861b6d4fd1ea336571,1116,8,0,68,4,411.046875,5.6666666666666856,0.265625,-0.16666666666666666,True,padding_center,256,186,0,35
1117,203161,daca2d861b6d4fd1ea336571,1117,25,12,204,100,999.140625,421.66666666666669,0.796875,0.34946236559139787,False,row1_col2,256,186,0,35
1118,203171,daca2d861b6d4fd1ea336571,1118,3,13,28,108,238.078125,456.33333333333331,0.109375,0.39247311827956988,False,row1_col0,256,186,0,35
1119,203536,daca2d861b6d4fd1ea336571,1119,16,24,132,196,687.796875,837.66666666666663,0.515625,0.86559139784946237,False,row2_col1,256,186,0,35
1120,203649,daca2d861b6d4fd1ea336571,1120,1,28,12,228,168.890625,976.33333333333326,0.046875,1.0376344086021505,True,padding_center,256,186,0,35
1121,203776,87fbd4752229b1af092fadbf,1121,0,0,4,4,134.375,-1,0.015625,-0.16666666666666666,True,padding_center,256,186,0,35
1122,203853,87fbd4752229b1af092fadbf,1122,13,2,108,20,586.125,68.677419354838705,0.421875,-0.080645161290322578,True,padding_center,256,186,0,35
1123,204063,87fbd4752229b1af092fadbf,1123,31,8,252,68,1211.625,277.70967741935488,0.984375,0.17741935483870969,False,row0_col2,256,186,0,35
1124,204246,87fbd4752229b1af092fadbf,1124,22,14,180,116,898.875,486.74193548387098,0.703125,0.43548387096774194,False,row1_col2,256,186,0,35
1125,204683,87fbd4752229b1af092fadbf,1125,11,28,92,228,516.625,974.48387096774195,0.359375,1.0376344086021505,True,padding_center,256,186,0,35
1126,204696,87fbd4752229b1af092fadbf,1126,24,28,196,228,968.375,974.48387096774195,0.765625,1.0376344086021505,True,padding_center,256,186,0,35
1127,204998,ef9e40f88efa54ae539304c5,1127,6,6,52,52,314.65625,213.32972972972973,0.203125,0.091891891891891897,False,row0_col0,256,185,0,35
1128,205026,ef9e40f88efa54ae539304c5,1128,2,7,20,60,176.40625,247.83783783783784,0.078125,0.13513513513513514,False,row0_col0,256,185,0,35
1129,205065,ef9e40f88efa54ae539304c5,1129,9,8,76,68,418.34375,282.34594594594591,0.296875,0.17837837837837839,False,row0_col0,256,185,0,35
1130,205261,ef9e40f88efa54ae539304c5,1130,13,14,108,116,556.59375,489.39459459459459,0.421875,0.43783783783783786,False,row1_col1,256,185,0,35
1131,205749,ef9e40f88efa54ae539304c5,1131,21,29,172,236,833.09375,1007.0162162162162,0.671875,1.0864864864864865,True,padding_center,256,185,0,35
1132,206638,7c3fa4f3ec7844bba589fc1b,1132,14,25,116,204,617.34375,858.44680851063833,0.453125,0.9042553191489362,False,row2_col1,256,188,0,34
1133,206890,2d8cb21136a9201405edf1b5,1133,10,1,84,12,482.859375,30.838709677419359,0.328125,-0.12365591397849462,True,padding_center,256,186,0,35
1134,206892,2d8cb21136a9201405edf1b5,1134,12,1,100,12,552.546875,30.838709677419359,0.390625,-0.12365591397849462,True,padding_center,256,186,0,35
1135,207011,2d8cb21136a9201405edf1b5,1135,3,5,28,44,238.953125,170.19354838709677,0.109375,0.048387096774193547,False,row0_col0,256,186,0,35
1136,207077,2d8cb21136a9201405edf1b5,1136,5,7,44,60,308.640625,239.87096774193549,0.171875,0.13440860215053763,False,row0_col0,256,186,0,35
1137,207139,2d8cb21136a9201405edf1b5,1137,3,9,28,76,238.953125,309.54838709677421,0.109375,0.22043010752688172,False,row0_col0,256,186,0,35
1138,207148,2d8cb21136a9201405edf1b5,1138,12,9,100,76,552.546875,309.54838709677421,0.390625,0.22043010752688172,False,row0_col1,256,186,0,35
1139,207183,2d8cb21136a9201405edf1b5,1139,15,10,124,84,657.078125,344.38709677419354,0.484375,0.26344086021505375,False,row0_col1,256,186,0,35
1140,207213,2d8cb21136a9201405edf1b5,1140,13,11,108,92,587.390625,379.22580645161293,0.421875,0.30645161290322581,False,row0_col1,256,186,0,35
1141,207220,2d8cb21136a9201405edf1b5,1141,20,11,164,92,831.296875,379.22580645161293,0.640625,0.30645161290322581,False,row0_col1,256,186,0,35
1142,207373,2d8cb21136a9201405edf1b5,1142,13,16,108,132,587.390625,553.41935483870964,0.421875,0.521505376344086,False,row1_col1,256,186,0,35
1143,207557,2d8cb21136a9201405edf1b5,1143,5,22,44,180,308.640625,762.45161290322574,0.171875,0.77956989247311825,False,row2_col0,256,186,0,35
1144,207990,b5272bd6ecfc66e59e34ad6f,1144,22,3,180,28,938.46875,94.391304347826093,0.703125,-0.043478260869565216,True,padding_center,256,184,0,36
1145,208327,b5272bd6ecfc66e59e34ad6f,1145,7,14,60,116,418.15625,475.08695652173913,0.234375,0.43478260869565216,False,row1_col0,256,184,0,36
1146,208906,c7d7069e6440bce13d75f421,1146,10,0,84,4,461.890625,0.9109947643979126,0.328125,-0.14659685863874344,True,padding_center,256,191,0,32
1147,208914,c7d7069e6440bce13d75f421,1147,18,0,148,4,739.140625,0.9109947643979126,0.578125,-0.14659685863874344,True,padding_center,256,191,0,32
1148,208941,c7d7069e6440bce13d75f421,1148,13,1,108,12,565.859375,35.507853403141368,0.421875,-0.10471204188481675,True,padding_center,256,191,0,32
1149,208990,c7d7069e6440bce13d75f421,1149,30,2,244,20,1155.015625,70.104712041884824,0.953125,-0.062827225130890049,True,padding_center,256,191,0,32
1150,209089,c7d7069e6440bce13d75f421,1150,1,6,12,52,149.984375,208.49214659685862,0.046875,0.10471204188481675,False,row0_col0,256,191,0,32
1151,209260,c7d7069e6440bce13d75f421,1151,12,11,100,92,531.203125,381.47643979057591,0.390625,0.31413612565445026,False,row0_col1,256,191,0,32
1152,209341,c7d7069e6440bce13d75f421,1152,29,13,236,108,1120.359375,450.67015706806279,0.921875,0.39790575916230364,False,row1_col2,256,191,0,32
1153,209361,c7d7069e6440bce13d75f421,1153,17,14,140,116,704.484375,485.26701570680632,0.546875,0.43979057591623039,False,row1_col1,256,191,0,32
1154,209593,c7d7069e6440bce13d75f421,1154,25,21,204,172,981.734375,727.44502617801049,0.796875,0.73298429319371727,False,row2_col2,256,191,0,32
1155,209778,c7d7069e6440bce13d75f421,1155,18,27,148,220,739.140625,935.0261780104712,0.578125,0.98429319371727753,False,row2_col1,256,191,0,32
1156,209887,c7d7069e6440bce13d75f421,1156,31,30,252,244,1189.671875,1038.8167539267015,0.984375,1.1099476439790577,True,padding_center,256,191,0,32
1157,209978,1240ac28d17f51ba5c00837b,1157,26,1,212,12,1066.734375,14,0.828125,-0.1111111111111111,True,padding_center,256,189,0,33
1158,210105,1240ac28d17f51ba5c00837b,1158,25,5,204,44,1032.140625,152.66666666666666,0.796875,0.058201058201058198,False,row0_col2,256,189,0,33
1159,210158,1240ac28d17f51ba5c00837b,1159,14,7,116,60,651.609375,222,0.453125,0.14285714285714285,False,row0_col1,256,189,0,33
1160,210519,1240ac28d17f51ba5c00837b,1160,23,18,188,148,962.953125,603.33333333333337,0.734375,0.60846560846560849,False,row1_col2,256,189,0,33
1161,210853,1240ac28d17f51ba5c00837b,1161,5,29,44,236,340.265625,984.66666666666674,0.171875,1.0740740740740742,True,padding_center,256,189,0,33
1162,211026,af05ccec25502117ca3f9a04,1162,18,2,148,20,781.875,78,0.578125,-0.080645161290322578,True,padding_center,256,186,0,35
1163,211061,af05ccec25502117ca3f9a04,1163,21,3,172,28,886.125,112.66666666666666,0.671875,-0.037634408602150539,True,padding_center,256,186,0,35
1164,211408,af05ccec25502117ca3f9a04,1164,16,14,132,116,712.375,494,0.515625,0.43548387096774194,False,row1_col1,256,186,0,35
1165,211499,af05ccec25502117ca3f9a04,1165,11,17,92,140,538.625,598,0.359375,0.56451612903225812,False,row1_col1,256,186,0,35
1166,211554,af05ccec25502117ca3f9a04,1166,2,19,20,156,225.875,667.33333333333337,0.078125,0.65053763440860213,False,row1_col0,256,186,0,35
1167,212026,a9be01d87459f30144024b64,1167,26,1,212,12,1057.90625,42.861702127659569,0.828125,-0.11702127659574468,True,padding_center,256,188,0,34
1168,212129,a9be01d87459f30144024b64,1168,1,5,12,44,193.84375,181.24468085106383,0.046875,0.053191489361702128,False,row0_col0,256,188,0,34
1169,212139,a9be01d87459f30144024b64,1169,11,5,92,44,539.46875,181.24468085106383,0.359375,0.053191489361702128,False,row0_col1,256,188,0,34
1170,212159,a9be01d87459f30144024b64,1170,31,5,252,44,1230.71875,181.24468085106383,0.984375,0.053191489361702128,False,row0_col2,256,188,0,34
1171,212292,a9be01d87459f30144024b64,1171,4,10,36,84,297.53125,354.22340425531911,0.140625,0.26595744680851063,False,row0_col0,256,188,0,34
1172,212310,a9be01d87459f30144024b64,1172,22,10,180,84,919.65625,354.22340425531911,0.703125,0.26595744680851063,False,row0_col2,256,188,0,34
1173,212346,a9be01d87459f30144024b64,1173,26,11,212,92,1057.90625,388.81914893617022,0.828125,0.30851063829787234,False,row0_col2,256,188,0,34
1174,212564,a9be01d87459f30144024b64,1174,20,18,164,148,850.53125,630.98936170212767,0.640625,0.6063829787234043,False,row1_col1,256,188,0,34
1175,212904,a9be01d87459f30144024b64,1175,8,29,68,236,435.78125,1011.5425531914894,0.265625,1.074468085106383,True,padding_center,256,188,0,34
1176,212953,a9be01d87459f30144024b64,1176,25,30,204,244,1023.34375,1046.1382978723404,0.796875,1.1170212765957446,True,padding_center,256,188,0,34
1177,213029,f08c47f4332a0ca4a5ddd327,1177,5,1,44,12,285.78125,27.705882352941174,0.171875,-0.11764705882352941,True,padding_center,256,187,0,34
1178,213427,f08c47f4332a0ca4a5ddd327,1178,19,13,156,108,771.40625,443.5347593582888,0.609375,0.39572192513368987,False,row1_col1,256,187,0,34
1179,213532,f08c47f4332a0ca4a5ddd327,1179,28,16,228,132,1083.59375,547.49197860962568,0.890625,0.52406417112299464,False,row1_col2,256,187,0,34
1180,213551,f08c47f4332a0ca4a5ddd327,1180,15,17,124,140,632.65625,582.14438502673806,0.484375,0.5668449197860963,False,row1_col1,256,187,0,34
1181,213645,f08c47f4332a0ca4a5ddd327,1181,13,20,108,164,563.28125,686.10160427807489,0.421875,0.69518716577540107,False,row2_col1,256,187,0,34
1182,213857,f08c47f4332a0ca4a5ddd327,1182,1,27,12,220,147.03125,928.66844919786092,0.046875,0.99465240641711228,False,row2_col0,256,187,0,34
1183,213893,f08c47f4332a0ca4a5ddd327,1183,5,28,44,228,285.78125,963.3208556149732,0.171875,1.0374331550802138,True,padding_center,256,187,0,34
1184,213938,f08c47f4332a0ca4a5ddd327,1184,18,29,148,236,736.71875,997.97326203208559,0.578125,1.0802139037433156,True,padding_center,256,187,0,34
1185,214047,5a18d7e0e87db7400eaa225c,1185,31,0,252,4,1200.671875,-7.1666666666666572,0.984375,-0.16666666666666666,True,padding_center,256,186,0,35
1186,214089,5a18d7e0e87db7400eaa225c,1186,9,2,76,20,438.234375,62.08064516129032,0.296875,-0.080645161290322578,True,padding_center,256,186,0,35
1187,214128,5a18d7e0e87db7400eaa225c,1187,16,3,132,28,680.828125,96.704301075268816,0.515625,-0.037634408602150539,True,padding_center,256,186,0,35
1188,214278,5a18d7e0e87db7400eaa225c,1188,6,8,52,68,334.265625,269.82258064516134,0.203125,0.17741935483870969,False,row0_col0,256,186,0,35
1189,214289,5a18d7e0e87db7400eaa225c,1189,17,8,140,68,715.484375,269.82258064516134,0.546875,0.17741935483870969,False,row0_col1,256,186,0,35
1190,214434,5a18d7e0e87db7400eaa225c,1190,2,13,20,108,195.640625,442.94086021505376,0.078125,0.39247311827956988,False,row1_col0,256,186,0,35
1191,214671,5a18d7e0e87db7400eaa225c,1191,15,20,124,164,646.171875,685.30645161290329,0.484375,0.69354838709677424,False,row2_col1,256,186,0,35
1192,214802,5a18d7e0e87db7400eaa225c,1192,18,24,148,196,750.140625,823.80107526881716,0.578125,0.86559139784946237,False,row2_col1,256,186,0,35
1193,215161,c0d503761e44e89054546681,1193,25,3,204,28,1017.734375,99.386243386243393,0.796875,-0.026455026455026454,True,padding_center,256,189,0,33
1194,215253,c0d503761e44e89054546681,1194,21,6,172,52,879.109375,203.13227513227514,0.671875,0.10052910052910052,False,row0_col2,256,189,0,33
1195,215355,c0d503761e44e89054546681,1195,27,9,220,76,1087.046875,306.87830687830683,0.859375,0.2275132275132275,False,row0_col2,256,189,0,33
1196,215378,c0d503761e44e89054546681,1196,18,10,148,84,775.140625,341.46031746031747,0.578125,0.26984126984126983,False,row0_col1,256,189,0,33
1197,216205,9b6ce10b25e555cba4aba46a,1197,13,4,108,36,578.59375,140.32972972972973,0.421875,0.0054054054054054057,False,row0_col1,256,185,0,35
1198,216627,9b6ce10b25e555cba4aba46a,1198,19,17,156,140,785.96875,590.62162162162167,0.609375,0.56756756756756754,False,row1_col1,256,185,0,35
1199,217093,f393274be3847e33f5ac073b,1199,5,0,44,4,272.09375,-1.7189189189189165,0.171875,-0.16756756756756758,True,padding_center,256,185,0,35
1200,217500,f393274be3847e33f5ac073b,1200,28,12,228,100,1067.03125,412.37837837837839,0.890625,0.35135135135135137,False,row1_col2,256,185,0,35
1201,217565,f393274be3847e33f5ac073b,1201,29,14,236,116,1101.59375,481.39459459459459,0.921875,0.43783783783783786,False,row1_col2,256,185,0,35
1202,217572,f393274be3847e33f5ac073b,1202,4,15,36,124,237.53125,515.90270270270275,0.140625,0.48108108108108111,False,row1_col0,256,185,0,35
1203,217694,f393274be3847e33f5ac073b,1203,30,18,244,148,1136.15625,619.42702702702695,0.953125,0.61081081081081079,False,row1_col2,256,185,0,35
1204,217918,f393274be3847e33f5ac073b,1204,30,25,244,204,1136.15625,860.98378378378379,0.953125,0.91351351351351351,False,row2_col2,256,185,0,35
1205,218269,8ac236c9482943a0fd765323,1205,29,4,236,36,1126.125,151.69148936170214,0.921875,0.010638297872340425,False,row0_col2,256,188,0,34
1206,218450,8ac236c9482943a0fd765323,1206,18,10,148,84,743.875,360.28723404255322,0.578125,0.26595744680851063,False,row0_col1,256,188,0,34
1207,218506,8ac236c9482943a0fd765323,1207,10,12,84,100,465.875,429.81914893617022,0.328125,0.35106382978723405,False,row1_col0,256,188,0,34
1208,218594,8ac236c9482943a0fd765323,1208,2,15,20,124,187.875,534.11702127659578,0.078125,0.47872340425531917,False,row1_col0,256,188,0,34
1209,218601,8ac236c9482943a0fd765323,1209,9,15,76,124,431.125,534.11702127659578,0.296875,0.47872340425531917,False,row1_col0,256,188,0,34
1210,218726,8ac236c9482943a0fd765323,1210,6,19,52,156,326.875,673.18085106382978,0.203125,0.64893617021276595,False,row1_col0,256,188,0,34
1211,218766,8ac236c9482943a0fd765323,1211,14,20,116,164,604.875,707.94680851063833,0.453125,0.69148936170212771,False,row2_col1,256,188,0,34
1212,219093,8ac236c9482943a0fd765323,1212,21,30,172,244,848.125,1055.6063829787233,0.671875,1.1170212765957446,True,padding_center,256,188,0,34
1213,219326,1f2456bc9a154f9512de9b64,1213,30,5,244,44,1177.15625,175.10160427807486,0.953125,0.053475935828877004,False,row0_col2,256,187,0,34
1214,219608,1f2456bc9a154f9512de9b64,1214,24,14,196,116,969.78125,485.43315508021391,0.765625,0.43850267379679142,False,row1_col2,256,187,0,34
1215,220097,1f2456bc9a154f9512de9b64,1215,1,30,12,244,174.84375,1037.1336898395721,0.046875,1.1229946524064172,True,padding_center,256,187,0,34
1216,220188,32f11b88ebf1c0d458dad8d3,1216,28,0,228,4,1102.375,-18.916666666666671,0.890625,-0.14583333333333334,True,padding_center,256,192,0,32
1217,220396,32f11b88ebf1c0d458dad8d3,1217,12,7,100,60,546.375,224.91666666666669,0.390625,0.14583333333333334,False,row0_col1,256,192,0,32
1218,220492,32f11b88ebf1c0d458dad8d3,1218,12,10,100,84,546.375,329.41666666666663,0.390625,0.27083333333333331,False,row0_col1,256,192,0,32
1219,220841,32f11b88ebf1c0d458dad8d3,1219,9,21,76,172,442.125,712.58333333333326,0.296875,0.72916666666666663,False,row2_col0,256,192,0,32
1220,220950,32f11b88ebf1c0d458dad8d3,1220,22,24,180,196,893.875,817.08333333333326,0.703125,0.85416666666666663,False,row2_col2,256,192,0,32
1221,221072,32f11b88ebf1c0d458dad8d3,1221,16,28,132,228,685.375,956.41666666666663,0.515625,1.0208333333333333,True,padding_center,256,192,0,32
1222,221408,1ecac2e7140d516b873b5746,1222,0,7,4,60,112.296875,240.57446808510639,0.015625,0.13829787234042554,False,row0_col0,256,188,0,34
1223,221708,1ecac2e7140d516b873b5746,1223,12,16,100,132,527.421875,552.31914893617022,0.390625,0.52127659574468088,False,row1_col1,256,188,0,34
1224,221875,1ecac2e7140d516b873b5746,1224,19,21,156,172,769.578125,725.51063829787233,0.609375,0.73404255319148937,False,row2_col1,256,188,0,34
1225,222047,1ecac2e7140d516b873b5746,1225,31,26,252,212,1184.703125,898.70212765957444,0.984375,0.94680851063829785,False,row2_col2,256,188,0,34
1226,222144,1ecac2e7140d516b873b5746,1226,0,30,4,244,112.296875,1037.255319148936,0.015625,1.1170212765957446,True,padding_center,256,188,0,34
1227,222230,327de82fac55468d2d3a7dd7,1227,22,0,180,4,907.765625,-9.060439560439562,0.703125,-0.18131868131868131,True,padding_center,256,182,0,37
1228,222463,327de82fac55468d2d3a7dd7,1228,31,7,252,60,1219.671875,233.70879120879121,0.984375,0.12637362637362637,False,row0_col2,256,182,0,37
1229,222477,327de82fac55468d2d3a7dd7,1229,13,8,108,68,595.859375,268.3901098901099,0.421875,0.17032967032967034,False,row0_col1,256,182,0,37
1230,222537,327de82fac55468d2d3a7dd7,1230,9,10,76,84,457.234375,337.75274725274727,0.296875,0.25824175824175827,False,row0_col0,256,182,0,37
1231,222574,327de82fac55468d2d3a7dd7,1231,14,11,116,92,630.515625,372.43406593406593,0.453125,0.30219780219780218,False,row0_col1,256,182,0,37
1232,222623,327de82fac55468d2d3a7dd7,1232,31,12,252,100,1219.671875,407.11538461538458,0.984375,0.34615384615384615,False,row1_col2,256,182,0,37
1233,222847,327de82fac55468d2d3a7dd7,1233,31,19,252,156,1219.671875,649.88461538461536,0.984375,0.65384615384615385,False,row1_col2,256,182,0,37
1234,222882,327de82fac55468d2d3a7dd7,1234,2,21,20,172,214.640625,719.24725274725279,0.078125,0.74175824175824179,False,row2_col0,256,182,0,37
1235,222996,327de82fac55468d2d3a7dd7,1235,20,24,164,196,838.453125,823.29120879120876,0.640625,0.87362637362637363,False,row2_col1,256,182,0,37
1236,223013,327de82fac55468d2d3a7dd7,1236,5,25,44,204,318.609375,857.97252747252742,0.171875,0.91758241758241754,False,row2_col0,256,182,0,37
1237,223323,b984b329871f0e84f5fd4de2,1237,27,2,220,20,1053.203125,61.729729729729726,0.859375,-0.081081081081081086,True,padding_center,256,185,0,35
1238,223624,b984b329871f0e84f5fd4de2,1238,8,12,68,100,391.171875,409.83783783783787,0.265625,0.35135135135135137,False,row1_col0,256,185,0,35
1239,223826,b984b329871f0e84f5fd4de2,1239,18,18,148,148,739.609375,618.70270270270271,0.578125,0.61081081081081079,False,row1_col1,256,185,0,35
1240,224000,b984b329871f0e84f5fd4de2,1240,0,24,4,196,112.421875,827.56756756756761,0.015625,0.87027027027027026,False,row2_col0,256,185,0,35
1241,224368,06a2536925aca2673e4f022e,1241,16,3,132,28,657.375,95.253968253968253,0.515625,-0.026455026455026454,True,padding_center,256,189,0,33
1242,224494,06a2536925aca2673e4f022e,1242,14,7,116,60,587.875,234.42857142857142,0.453125,0.14285714285714285,False,row0_col1,256,189,0,33
1243,224630,06a2536925aca2673e4f022e,1243,22,11,180,92,865.875,373.60317460317458,0.703125,0.31216931216931215,False,row0_col2,256,189,0,33
1244,224724,06a2536925aca2673e4f022e,1244,20,14,164,116,796.375,477.98412698412699,0.640625,0.43915343915343913,False,row1_col1,256,189,0,33
1245,224728,06a2536925aca2673e4f022e,1245,24,14,196,116,935.375,477.98412698412699,0.765625,0.43915343915343913,False,row1_col2,256,189,0,33
1246,224895,06a2536925aca2673e4f022e,1246,31,19,252,156,1178.625,651.95238095238096,0.984375,0.65079365079365081,False,row1_col2,256,189,0,33
1247,225219,06a2536925aca2673e4f022e,1247,3,30,28,244,205.625,1034.6825396825398,0.109375,1.1164021164021165,True,padding_center,256,189,0,33
1248,225331,2b4b6352c349b3d52ed92754,1248,19,1,156,12,798.796875,44.122448979591837,0.609375,-0.091836734693877556,True,padding_center,256,196,0,30
1249,225506,2b4b6352c349b3d52ed92754,1249,2,7,20,60,209.640625,251.79591836734693,0.078125,0.15306122448979592,False,row0_col0,256,196,0,30
1250,225727,2b4b6352c349b3d52ed92754,1250,31,13,252,108,1214.671875,459.46938775510205,0.984375,0.39795918367346939,False,row1_col2,256,196,0,30
1251,225854,2b4b6352c349b3d52ed92754,1251,30,17,244,140,1180.015625,597.91836734693879,0.953125,0.56122448979591832,False,row1_col2,256,196,0,30
1252,225886,2b4b6352c349b3d52ed92754,1252,30,18,244,148,1180.015625,632.53061224489795,0.953125,0.60204081632653061,False,row1_col2,256,196,0,30
1253,226168,2b4b6352c349b3d52ed92754,1253,24,27,196,220,972.078125,944.0408163265306,0.765625,0.96938775510204078,False,row2_col2,256,196,0,30
1254,226628,97a12b10cd4059a0d96d7b1c,1254,4,10,36,84,289.53125,337.15675675675675,0.140625,0.26486486486486488,False,row0_col0,256,185,0,35
1255,226788,97a12b10cd4059a0d96d7b1c,1255,4,15,36,124,289.53125,510.34594594594597,0.140625,0.48108108108108111,False,row1_col0,256,185,0,35
1256,227163,97a12b10cd4059a0d96d7b1c,1256,27,26,220,212,1084.46875,891.36216216216212,0.859375,0.95675675675675675,False,row2_col2,256,185,0,35
1257,227209,97a12b10cd4059a0d96d7b1c,1257,9,28,76,228,462.34375,960.63783783783788,0.296875,1.0432432432432432,True,padding_center,256,185,0,35
1258,227331,0336057f9171642b8e58ca9b,1258,3,0,28,4,263.625,11.374999999999986,0.109375,-0.14583333333333334,True,padding_center,256,192,0,32
1259,227378,0336057f9171642b8e58ca9b,1259,18,1,148,12,784.875,46.125,0.578125,-0.10416666666666667,True,padding_center,256,192,0,32
1260,227514,0336057f9171642b8e58ca9b,1260,26,5,212,44,1062.875,185.125,0.828125,0.0625,False,row0_col2,256,192,0,32
1261,227622,0336057f9171642b8e58ca9b,1261,6,9,52,76,367.875,324.125,0.203125,0.22916666666666666,False,row0_col0,256,192,0,32
1262,227952,0336057f9171642b8e58ca9b,1262,16,19,132,156,715.375,671.625,0.515625,0.64583333333333337,False,row1_col1,256,192,0,32
1263,227955,0336057f9171642b8e58ca9b,1263,19,19,156,156,819.625,671.625,0.609375,0.64583333333333337,False,row1_col1,256,192,0,32
1264,228307,0336057f9171642b8e58ca9b,1264,19,30,156,244,819.625,1053.875,0.609375,1.1041666666666667,True,padding_center,256,192,0,32
1265,228309,0336057f9171642b8e58ca9b,1265,21,30,172,244,889.125,1053.875,0.671875,1.1041666666666667,True,padding_center,256,192,0,32
1266,228352,5f82d1a18d37b5b71f0e3e13,1266,0,0,4,4,99.28125,4.8124999999999858,0.015625,-0.14583333333333334,True,padding_center,256,192,0,32
1267,228601,5f82d1a18d37b5b71f0e3e13,1267,25,7,204,60,963.34375,247.1875,0.796875,0.14583333333333334,False,row0_col2,256,192,0,32
1268,228649,5f82d1a18d37b5b71f0e3e13,1268,9,9,76,76,410.34375,316.4375,0.296875,0.22916666666666666,False,row0_col0,256,192,0,32
1269,229276,5f82d1a18d37b5b71f0e3e13,1269,28,28,228,228,1067.03125,974.31249999999989,0.890625,1.0208333333333333,True,padding_center,256,192,0,32
1270,229564,e5ea460098f78f89058a7af5,1270,28,5,228,44,1116.03125,176.60869565217391,0.890625,0.043478260869565216,False,row0_col2,256,184,0,36
1271,229593,e5ea460098f78f89058a7af5,1271,25,6,204,52,1012.34375,211.21739130434781,0.796875,0.086956521739130432,False,row0_col2,256,184,0,36
1272,229658,e5ea460098f78f89058a7af5,1272,26,8,212,68,1046.90625,280.43478260869563,0.828125,0.17391304347826086,False,row0_col2,256,184,0,36
1273,229810,e5ea460098f78f89058a7af5,1273,18,13,148,108,770.40625,453.47826086956525,0.578125,0.39130434782608697,False,row1_col1,256,184,0,36
1274,230009,e5ea460098f78f89058a7af5,1274,25,19,204,156,1012.34375,661.13043478260875,0.796875,0.65217391304347827,False,row1_col2,256,184,0,36
1275,230588,b7567bf06817bd7baf211db1,1275,28,5,228,44,1099.46875,172.08510638297872,0.890625,0.053191489361702128,False,row0_col2,256,188,0,34
1276,230694,b7567bf06817bd7baf211db1,1276,6,9,52,76,341.84375,309.95744680851067,0.203125,0.22340425531914893,False,row0_col0,256,188,0,34
1277,230786,b7567bf06817bd7baf211db1,1277,2,12,20,100,204.09375,413.36170212765956,0.078125,0.35106382978723405,False,row1_col0,256,188,0,34
1278,231100,b7567bf06817bd7baf211db1,1278,28,21,228,172,1099.46875,723.57446808510633,0.890625,0.73404255319148937,False,row2_col2,256,188,0,34
1279,231131,b7567bf06817bd7baf211db1,1279,27,22,220,180,1065.03125,758.04255319148933,0.859375,0.77659574468085102,False,row2_col2,256,188,0,34
1280,231430,b7e5c36b0fcc32f8da70f625,1280,6,0,52,4,310.484375,-3.0594594594594753,0.203125,-0.16756756756756758,True,padding_center,256,185,0,35
1281,231743,b7e5c36b0fcc32f8da70f625,1281,31,9,252,76,1181.578125,310.627027027027,0.984375,0.22162162162162163,False,row0_col2,256,185,0,35
1282,231834,b7e5c36b0fcc32f8da70f625,1282,26,12,212,100,1007.359375,415.18918918918922,0.828125,0.35135135135135137,False,row1_col2,256,185,0,35
1283,232043,b7e5c36b0fcc32f8da70f625,1283,11,19,92,156,484.703125,659.16756756756752,0.359375,0.65405405405405403,False,row1_col1,256,185,0,35
1284,232434,b7e5c36b0fcc32f8da70f625,1284,18,31,148,252,728.609375,1077.4162162162161,0.578125,1.172972972972973,True,padding_center,256,185,0,35
1285,232459,5c2fb8f176203529b320c33d,1285,11,0,92,4,518.546875,3.6402116402116462,0.359375,-0.15343915343915343,True,padding_center,256,189,0,33
1286,232502,5c2fb8f176203529b320c33d,1286,22,1,180,12,899.765625,38.222222222222229,0.703125,-0.1111111111111111,True,padding_center,256,189,0,33
1287,232527,5c2fb8f176203529b320c33d,1287,15,2,124,20,657.171875,72.804232804232811,0.484375,-0.068783068783068779,True,padding_center,256,189,0,33
1288,232720,5c2fb8f176203529b320c33d,1288,16,8,132,68,691.828125,280.2962962962963,0.515625,0.18518518518518517,False,row0_col1,256,189,0,33
1289,232986,5c2fb8f176203529b320c33d,1289,26,16,212,132,1038.390625,556.95238095238096,0.828125,0.52380952380952384,False,row1_col2,256,189,0,33
1290,233126,5c2fb8f176203529b320c33d,1290,6,21,52,172,345.265625,729.86243386243382,0.203125,0.73544973544973546,False,row2_col0,256,189,0,33
1291,233373,5c2fb8f176203529b320c33d,1291,29,28,236,228,1142.359375,971.93650793650806,0.921875,1.0317460317460319,True,padding_center,256,189,0,33
1292,233602,1c3b47236e79243b77075512,1292,2,4,20,36,171.09375,135.60962566844921,0.078125,0.0106951871657754,False,row0_col0,256,187,0,34
1293,233729,1c3b47236e79243b77075512,1293,1,8,12,68,136.65625,273.36363636363637,0.046875,0.18181818181818182,False,row0_col0,256,187,0,34
1294,234014,1c3b47236e79243b77075512,1294,30,16,244,132,1135.34375,548.8716577540107,0.953125,0.52406417112299464,False,row1_col2,256,187,0,34
1295,234121,1c3b47236e79243b77075512,1295,9,20,76,164,412.15625,686.62566844919786,0.296875,0.69518716577540107,False,row2_col0,256,187,0,34
1296,234299,1c3b47236e79243b77075512,1296,27,25,220,204,1032.03125,858.81818181818176,0.859375,0.90909090909090906,False,row2_col2,256,187,0,34
1297,234364,1c3b47236e79243b77075512,1297,28,27,228,220,1066.46875,927.69518716577534,0.890625,0.99465240641711228,False,row2_col2,256,187,0,34
1298,234829,4f2e92e1b80cd39c3cba6440,1298,13,10,108,84,555.90625,341.42553191489361,0.421875,0.26595744680851063,False,row0_col1,256,188,0,34
1299,234924,4f2e92e1b80cd39c3cba6440,1299,12,13,100,108,521.46875,444.82978723404256,0.390625,0.39361702127659576,False,row1_col1,256,188,0,34
1300,235023,4f2e92e1b80cd39c3cba6440,1300,15,16,124,132,624.78125,548.23404255319156,0.484375,0.52127659574468088,False,row1_col1,256,188,0,34
1301,235092,4f2e92e1b80cd39c3cba6440,1301,20,18,164,148,796.96875,617.17021276595756,0.640625,0.6063829787234043,False,row1_col1,256,188,0,34
1302,235286,4f2e92e1b80cd39c3cba6440,1302,22,24,180,196,865.84375,823.97872340425533,0.703125,0.86170212765957444,False,row2_col2,256,188,0,34
1303,235364,4f2e92e1b80cd39c3cba6440,1303,4,27,36,220,245.96875,927.38297872340434,0.140625,0.98936170212765961,False,row2_col0,256,188,0,34
1304,235523,450e892105e6d6a38e7e129c,1304,3,0,28,4,230.953125,-0.020408163265315693,0.109375,-0.1326530612244898,True,padding_center,256,196,0,30
1305,235623,450e892105e6d6a38e7e129c,1305,7,3,60,28,370.328125,104.30612244897959,0.234375,-0.01020408163265306,True,padding_center,256,196,0,30
1306,235654,450e892105e6d6a38e7e129c,1306,6,4,52,36,335.484375,139.08163265306123,0.203125,0.030612244897959183,False,row0_col0,256,196,0,30
1307,236038,450e892105e6d6a38e7e129c,1307,6,16,52,132,335.484375,556.38775510204084,0.203125,0.52040816326530615,False,row1_col0,256,196,0,30
1308,236205,450e892105e6d6a38e7e129c,1308,13,21,108,172,579.390625,730.26530612244903,0.421875,0.72448979591836737,False,row2_col1,256,196,0,30
1309,236305,450e892105e6d6a38e7e129c,1309,17,24,140,196,718.765625,834.59183673469397,0.546875,0.84693877551020413,False,row2_col1,256,196,0,30
1310,236550,38e660db89e34c52bdd410d7,1310,6,0,52,4,352.859375,-0.18750000000001421,0.203125,-0.14583333333333334,True,padding_center,256,192,0,32
1311,236645,38e660db89e34c52bdd410d7,1311,5,3,44,28,318.265625,103.6875,0.171875,-0.020833333333333332,True,padding_center,256,192,0,32
1312,236669,38e660db89e34c52bdd410d7,1312,29,3,236,28,1148.515625,103.6875,0.921875,-0.020833333333333332,True,padding_center,256,192,0,32
1313,236689,38e660db89e34c52bdd410d7,1313,17,4,140,36,733.390625,138.3125,0.546875,0.020833333333333332,False,row0_col1,256,192,0,32
1314,236868,38e660db89e34c52bdd410d7,1314,4,10,36,84,283.671875,346.0625,0.140625,0.27083333333333331,False,row0_col0,256,192,0,32
1315,236958,38e660db89e34c52bdd410d7,1315,30,12,244,100,1183.109375,415.3125,0.953125,0.35416666666666669,False,row1_col2,256,192,0,32
1316,237081,38e660db89e34c52bdd410d7,1316,25,16,204,132,1010.140625,553.8125,0.796875,0.52083333333333337,False,row1_col2,256,192,0,32
1317,237220,38e660db89e34c52bdd410d7,1317,4,21,36,172,283.671875,726.9375,0.140625,0.72916666666666663,False,row2_col0,256,192,0,32
1318,237357,38e660db89e34c52bdd410d7,1318,13,25,108,204,595.015625,865.4375,0.421875,0.89583333333333337,False,row2_col1,256,192,0,32
1319,237432,38e660db89e34c52bdd410d7,1319,24,27,196,220,975.546875,934.6875,0.765625,0.97916666666666663,False,row2_col2,256,192,0,32
1320,237476,38e660db89e34c52bdd410d7,1320,4,29,36,236,283.671875,1003.9375,0.140625,1.0625,True,padding_center,256,192,0,32
1321,237889,6e2433682189e3d2ce556573,1321,1,10,12,84,209.890625,350.57754010695191,0.046875,0.26737967914438504,False,row0_col0,256,187,0,34
1322,237920,6e2433682189e3d2ce556573,1322,0,11,4,92,175.296875,385.22994652406419,0.015625,0.31016042780748665,False,row0_col0,256,187,0,34
1323,237926,6e2433682189e3d2ce556573,1323,6,11,52,92,382.859375,385.22994652406419,0.203125,0.31016042780748665,False,row0_col0,256,187,0,34
1324,238068,6e2433682189e3d2ce556573,1324,20,15,164,124,867.171875,523.83957219251329,0.640625,0.48128342245989303,False,row1_col1,256,187,0,34
1325,238598,a9d0ff3cc6fb5dab5212ac12,1325,6,0,52,4,347.640625,-1.0052631578947455,0.203125,-0.15263157894736842,True,padding_center,256,190,0,33
1326,239098,a9d0ff3cc6fb5dab5212ac12,1326,26,15,212,124,1035.765625,516.2578947368421,0.828125,0.47894736842105262,False,row1_col2,256,190,0,33
1327,239318,a9d0ff3cc6fb5dab5212ac12,1327,22,22,180,180,898.140625,757.64736842105265,0.703125,0.77368421052631575,False,row2_col2,256,190,0,33
1328,239654,21eca792f54b686012c5c7ae,1328,6,1,52,12,356.875,21.916666666666657,0.203125,-0.10416666666666667,True,padding_center,256,192,0,32
1329,239870,21eca792f54b686012c5c7ae,1329,30,7,244,60,1190.875,230.91666666666669,0.953125,0.14583333333333334,False,row0_col2,256,192,0,32
1330,239880,21eca792f54b686012c5c7ae,1330,8,8,68,68,426.375,265.75,0.265625,0.1875,False,row0_col0,256,192,0,32
1331,239912,21eca792f54b686012c5c7ae,1331,8,9,68,76,426.375,300.58333333333331,0.265625,0.22916666666666666,False,row0_col0,256,192,0,32
1332,239986,21eca792f54b686012c5c7ae,1332,18,11,148,92,773.875,370.25,0.578125,0.3125,False,row0_col1,256,192,0,32
1333,240327,21eca792f54b686012c5c7ae,1333,7,22,60,180,391.625,753.41666666666674,0.234375,0.77083333333333337,False,row2_col0,256,192,0,32
1334,240664,a295a8c6aa450d3d4f552f13,1334,24,0,196,4,1011.671875,-6.1269841269841265,0.765625,-0.15343915343915343,True,padding_center,256,189,0,33
1335,240692,a295a8c6aa450d3d4f552f13,1335,20,1,164,12,872.296875,28.666666666666671,0.640625,-0.1111111111111111,True,padding_center,256,189,0,33
1336,240828,a295a8c6aa450d3d4f552f13,1336,28,5,228,44,1151.046875,167.84126984126985,0.890625,0.058201058201058198,False,row0_col2,256,189,0,33
1337,240870,a295a8c6aa450d3d4f552f13,1337,6,7,52,60,384.484375,237.42857142857142,0.203125,0.14285714285714285,False,row0_col0,256,189,0,33
1338,241104,a295a8c6aa450d3d4f552f13,1338,16,14,132,116,732.921875,480.98412698412699,0.515625,0.43915343915343913,False,row1_col1,256,189,0,33
1339,241327,a295a8c6aa450d3d4f552f13,1339,15,21,124,172,698.078125,724.53968253968253,0.484375,0.73544973544973546,False,row2_col1,256,189,0,33
1340,241399,a295a8c6aa450d3d4f552f13,1340,23,23,188,188,976.828125,794.1269841269841,0.734375,0.82010582010582012,False,row2_col2,256,189,0,33
1341,241738,b84c63039a63bf730ebdebb1,1341,10,2,84,20,470.875,32.790575916230367,0.328125,-0.062827225130890049,True,padding_center,256,191,0,32
1342,241969,b84c63039a63bf730ebdebb1,1342,17,9,140,76,714.125,276.43455497382195,0.546875,0.23036649214659685,False,row0_col1,256,191,0,32
1343,242262,b84c63039a63bf730ebdebb1,1343,22,18,180,148,887.875,589.69109947643983,0.703125,0.60732984293193715,False,row1_col2,256,191,0,32
1344,242287,b84c63039a63bf730ebdebb1,1344,15,19,124,156,644.625,624.49738219895289,0.484375,0.64921465968586389,False,row1_col1,256,191,0,32
1345,242288,b84c63039a63bf730ebdebb1,1345,16,19,132,156,679.375,624.49738219895289,0.515625,0.64921465968586389,False,row1_col1,256,191,0,32
1346,242418,b84c63039a63bf730ebdebb1,1346,18,23,148,188,748.875,763.72251308900525,0.578125,0.81675392670157065,False,row2_col1,256,191,0,32
1347,242536,b84c63039a63bf730ebdebb1,1347,8,27,68,220,401.375,902.9476439790576,0.265625,0.98429319371727753,False,row2_col0,256,191,0,32
1348,242946,12ba5a50e7241c96aa552c05,1348,2,8,20,68,220.640625,256.88108108108111,0.078125,0.17837837837837839,False,row0_col0,256,185,0,35
1349,243134,12ba5a50e7241c96aa552c05,1349,30,13,244,108,1191.015625,430.07027027027027,0.953125,0.39459459459459462,False,row1_col2,256,185,0,35
1350,243269,12ba5a50e7241c96aa552c05,1350,5,18,44,148,324.609375,603.25945945945944,0.171875,0.61081081081081079,False,row1_col0,256,185,0,35
1351,243335,12ba5a50e7241c96aa552c05,1351,7,20,60,164,393.921875,672.53513513513508,0.234375,0.69729729729729728,False,row2_col0,256,185,0,35
1352,243968,2d869e49280e98d4f624cdc6,1352,0,8,4,68,100.5,292.04568527918786,0.015625,0.19796954314720813,False,row0_col0,256,197,0,29
1353,244006,2d869e49280e98d4f624cdc6,1353,6,9,52,76,310.5,327.13197969543148,0.203125,0.23857868020304568,False,row0_col0,256,197,0,29
1354,244158,2d869e49280e98d4f624cdc6,1354,30,13,244,108,1150.5,467.47715736040607,0.953125,0.40101522842639592,False,row1_col2,256,197,0,29
1355,244217,2d869e49280e98d4f624cdc6,1355,25,15,204,124,975.5,537.64974619289342,0.796875,0.48223350253807107,False,row1_col2,256,197,0,29
1356,244292,2d869e49280e98d4f624cdc6,1356,4,18,36,148,240.5,642.90862944162438,0.140625,0.60406091370558379,False,row1_col0,256,197,0,29
1357,244367,2d869e49280e98d4f624cdc6,1357,15,20,124,164,625.5,713.08121827411162,0.484375,0.68527918781725883,False,row2_col1,256,197,0,29
1358,244646,2d869e49280e98d4f624cdc6,1358,6,29,52,236,310.5,1028.8578680203045,0.203125,1.0507614213197969,True,padding_center,256,197,0,29
1359,244709,2d869e49280e98d4f624cdc6,1359,5,31,44,252,275.5,1099.0304568527918,0.171875,1.131979695431472,True,padding_center,256,197,0,29
1360,245218,9950038ac10495ac90e01fd8,1360,2,15,20,124,198.875,517.61052631578946,0.078125,0.47894736842105262,False,row1_col0,256,190,0,33
1361,245726,9950038ac10495ac90e01fd8,1361,30,30,244,244,1171.875,1039.2947368421051,0.953125,1.1105263157894736,True,padding_center,256,190,0,33
1362,245739,9950038ac10495ac90e01fd8,1362,11,31,92,252,511.625,1074.0736842105264,0.359375,1.1526315789473685,True,padding_center,256,190,0,33
1363,245872,eec0fc6ef0bb51e01c77b789,1363,16,3,132,28,686.40625,98.963917525773198,0.515625,-0.015463917525773196,True,padding_center,256,194,0,31
1364,245888,eec0fc6ef0bb51e01c77b789,1364,0,4,4,36,129.40625,133.72680412371133,0.015625,0.025773195876288658,False,row0_col0,256,194,0,31
1365,245936,eec0fc6ef0bb51e01c77b789,1365,16,5,132,44,686.40625,168.48969072164948,0.515625,0.067010309278350513,False,row0_col1,256,194,0,31
1366,245992,eec0fc6ef0bb51e01c77b789,1366,8,7,68,60,407.90625,238.01546391752578,0.265625,0.14948453608247422,False,row0_col0,256,194,0,31
1367,246180,eec0fc6ef0bb51e01c77b789,1367,4,13,36,108,268.65625,446.59278350515461,0.140625,0.39690721649484534,False,row1_col0,256,194,0,31
1368,246252,eec0fc6ef0bb51e01c77b789,1368,12,15,100,124,547.15625,516.11855670103091,0.390625,0.47938144329896909,False,row1_col1,256,194,0,31
1369,246349,eec0fc6ef0bb51e01c77b789,1369,13,18,108,148,581.96875,620.40721649484533,0.421875,0.60309278350515461,False,row1_col1,256,194,0,31
1370,246712,eec0fc6ef0bb51e01c77b789,1370,24,29,196,236,964.90625,1002.7989690721649,0.765625,1.0567010309278351,True,padding_center,256,194,0,31
1371,246835,cd0de5b2186c92b842b4814a,1371,19,1,156,12,822.53125,28.666666666666671,0.609375,-0.1111111111111111,True,padding_center,256,189,0,33
1372,247199,cd0de5b2186c92b842b4814a,1372,31,12,252,100,1235.78125,407.20634920634922,0.984375,0.35449735449735448,False,row1_col2,256,189,0,33
1373,247781,cd0de5b2186c92b842b4814a,1373,5,31,44,252,340.40625,1061.0476190476193,0.171875,1.1587301587301588,True,padding_center,256,189,0,33
1374,247952,da9443ca80beecb493467926,1374,16,4,132,36,669.828125,151.97894736842105,0.515625,0.015789473684210527,False,row0_col1,256,190,0,33
1375,248018,da9443ca80beecb493467926,1375,18,6,148,52,739.140625,221.19999999999999,0.578125,0.10000000000000001,False,row0_col1,256,190,0,33
1376,248218,da9443ca80beecb493467926,1376,26,12,212,100,1016.390625,428.86315789473684,0.828125,0.35263157894736841,False,row1_col2,256,190,0,33
1377,248596,da9443ca80beecb493467926,1377,20,24,164,196,808.453125,844.1894736842105,0.640625,0.85789473684210527,False,row2_col1,256,190,0,33
1378,249098,329683efc579c51b53f71da8,1378,10,8,84,68,489.875,277.15789473684208,0.328125,0.18421052631578946,False,row0_col0,256,190,0,33
1379,249169,329683efc579c51b53f71da8,1379,17,10,140,84,733.125,346.71578947368425,0.546875,0.26842105263157895,False,row0_col1,256,190,0,33
1380,249227,329683efc579c51b53f71da8,1380,11,12,92,100,524.625,416.27368421052631,0.359375,0.35263157894736841,False,row1_col1,256,190,0,33
1381,249240,329683efc579c51b53f71da8,1381,24,12,196,100,976.375,416.27368421052631,0.765625,0.35263157894736841,False,row1_col2,256,190,0,33
1382,249480,329683efc579c51b53f71da8,1382,8,20,68,164,420.375,694.50526315789477,0.265625,0.68947368421052635,False,row2_col0,256,190,0,33
1383,249509,329683efc579c51b53f71da8,1383,5,21,44,172,316.125,729.28421052631586,0.171875,0.73157894736842111,False,row2_col0,256,190,0,33
1384,249576,329683efc579c51b53f71da8,1384,8,23,68,188,420.375,798.84210526315792,0.265625,0.81578947368421051,False,row2_col0,256,190,0,33
1385,249616,329683efc579c51b53f71da8,1385,16,24,132,196,698.375,833.621052631579,0.515625,0.85789473684210527,False,row2_col1,256,190,0,33
1386,249703,329683efc579c51b53f71da8,1386,7,27,60,220,385.625,937.95789473684204,0.234375,0.98421052631578942,False,row2_col0,256,190,0,33
1387,249882,537b9f873acf48eb2022de16,1387,26,0,212,4,1030.59375,-11.700000000000003,0.828125,-0.15263157894736842,True,padding_center,256,190,0,33
1388,250232,537b9f873acf48eb2022de16,1388,24,11,196,92,961.71875,366.70000000000005,0.765625,0.31052631578947371,False,row0_col2,256,190,0,33
1389,250472,537b9f873acf48eb2022de16,1389,8,19,68,156,410.71875,641.89999999999998,0.265625,0.64736842105263159,False,row1_col0,256,190,0,33
1390,250547,537b9f873acf48eb2022de16,1390,19,21,156,172,789.53125,710.70000000000005,0.609375,0.73157894736842111,False,row2_col1,256,190,0,33
1391,250967,2fb5196803f6c730af314161,1391,23,2,188,20,946.28125,81.099999999999994,0.734375,-0.068421052631578952,True,padding_center,256,190,0,33
1392,251100,2fb5196803f6c730af314161,1392,28,6,228,52,1118.46875,218.69999999999999,0.890625,0.10000000000000001,False,row0_col2,256,190,0,33
1393,251156,2fb5196803f6c730af314161,1393,20,8,164,68,842.96875,287.5,0.640625,0.18421052631578946,False,row0_col1,256,190,0,33
1394,251202,2fb5196803f6c730af314161,1394,2,10,20,84,223.09375,356.30000000000001,0.078125,0.26842105263157895,False,row0_col0,256,190,0,33
1395,251486,2fb5196803f6c730af314161,1395,30,18,244,148,1187.34375,631.5,0.953125,0.60526315789473684,False,row1_col2,256,190,0,33
1396,251803,2fb5196803f6c730af314161,1396,27,28,220,228,1084.03125,975.50000000000011,0.859375,1.0263157894736843,True,padding_center,256,190,0,33
1397,252021,b36b70847afb10b7d1772c50,1397,21,3,172,28,861.40625,106.46560846560847,0.671875,-0.026455026455026454,True,padding_center,256,189,0,33
1398,252200,b36b70847afb10b7d1772c50,1398,8,9,68,76,413.71875,313.19576719576719,0.265625,0.2275132275132275,False,row0_col0,256,189,0,33
1399,252252,b36b70847afb10b7d1772c50,1399,28,10,228,84,1102.46875,347.65079365079362,0.890625,0.26984126984126983,False,row0_col2,256,189,0,33
1400,252302,b36b70847afb10b7d1772c50,1400,14,12,116,100,620.34375,416.56084656084653,0.453125,0.35449735449735448,False,row1_col1,256,189,0,33
1401,252655,b36b70847afb10b7d1772c50,1401,15,23,124,188,654.78125,795.56613756613763,0.484375,0.82010582010582012,False,row2_col1,256,189,0,33
1402,252746,b36b70847afb10b7d1772c50,1402,10,26,84,212,482.59375,898.93121693121691,0.328125,0.94708994708994709,False,row2_col0,256,189,0,33
1403,252773,b36b70847afb10b7d1772c50,1403,5,27,44,220,310.40625,933.38624338624334,0.171875,0.98941798941798942,False,row2_col0,256,189,0,33
1404,252776,b36b70847afb10b7d1772c50,1404,8,27,68,220,413.71875,933.38624338624334,0.265625,0.98941798941798942,False,row2_col0,256,189,0,33
1405,252841,b36b70847afb10b7d1772c50,1405,9,29,76,236,448.15625,1002.2962962962964,0.296875,1.0740740740740742,True,padding_center,256,189,0,33
1406,252856,b36b70847afb10b7d1772c50,1406,24,29,196,236,964.71875,1002.2962962962964,0.765625,1.0740740740740742,True,padding_center,256,189,0,33
1407,253020,5f54a832376b920cdc467195,1407,28,2,228,20,1091.59375,79.159574468085111,0.890625,-0.074468085106382975,True,padding_center,256,188,0,34
1408,253060,5f54a832376b920cdc467195,1408,4,4,36,36,259.09375,148.69148936170214,0.140625,0.010638297872340425,False,row0_col0,256,188,0,34
1409,253221,5f54a832376b920cdc467195,1409,5,9,44,76,293.78125,322.52127659574467,0.171875,0.22340425531914893,False,row0_col0,256,188,0,34
1410,253470,5f54a832376b920cdc467195,1410,30,16,244,132,1160.96875,565.88297872340422,0.953125,0.52127659574468088,False,row1_col2,256,188,0,34
1411,253753,5f54a832376b920cdc467195,1411,25,25,204,204,987.53125,878.77659574468089,0.796875,0.9042553191489362,False,row2_col2,256,188,0,34
1412,253787,5f54a832376b920cdc467195,1412,27,26,220,212,1056.90625,913.54255319148933,0.859375,0.94680851063829785,False,row2_col2,256,188,0,34
1413,253858,5f54a832376b920cdc467195,1413,2,29,20,236,189.71875,1017.8404255319149,0.078125,1.074468085106383,True,padding_center,256,188,0,34
1414,253990,802a5413ddda0015be13fdaa,1414,6,1,52,12,370.875,44.131979695431482,0.203125,-0.086294416243654817,True,padding_center,256,197,0,29
1415,254318,802a5413ddda0015be13fdaa,1415,14,11,116,92,648.875,391.74619289340103,0.453125,0.31979695431472083,False,row0_col1,256,197,0,29
1416,254837,802a5413ddda0015be13fdaa,1416,21,27,172,220,892.125,947.92893401015226,0.671875,0.96954314720812185,False,row2_col2,256,197,0,29
1417,255285,e76382313fb64f5a0099633f,1417,21,9,172,76,857.5,314.5,0.671875,0.22916666666666666,False,row0_col2,256,192,0,32
1418,255441,e76382313fb64f5a0099633f,1418,17,14,140,116,717.5,489.5,0.546875,0.4375,False,row1_col1,256,192,0,32
1419,255477,e76382313fb64f5a0099633f,1419,21,15,172,124,857.5,524.5,0.671875,0.47916666666666669,False,row1_col2,256,192,0,32
1420,255535,e76382313fb64f5a0099633f,1420,15,17,124,140,647.5,594.5,0.484375,0.5625,False,row1_col1,256,192,0,32
1421,255648,e76382313fb64f5a0099633f,1421,0,21,4,172,122.5,734.5,0.015625,0.72916666666666663,False,row2_col0,256,192,0,32
1422,255744,e76382313fb64f5a0099633f,1422,0,24,4,196,122.5,839.5,0.015625,0.85416666666666663,False,row2_col0,256,192,0,32
1423,255896,e76382313fb64f5a0099633f,1423,24,28,196,228,962.5,979.49999999999989,0.765625,1.0208333333333333,True,padding_center,256,192,0,32
1424,255980,e76382313fb64f5a0099633f,1424,12,31,100,252,542.5,1084.5,0.390625,1.1458333333333333,True,padding_center,256,192,0,32
1425,256022,a5544cf8c3f4495df7d798ea,1425,22,0,180,4,895.875,-1.9166666666666714,0.703125,-0.14583333333333334,True,padding_center,256,192,0,32
1426,256696,a5544cf8c3f4495df7d798ea,1426,24,21,196,172,965.375,729.58333333333326,0.765625,0.72916666666666663,False,row2_col2,256,192,0,32
1427,256895,a5544cf8c3f4495df7d798ea,1427,31,27,252,220,1208.625,938.58333333333326,0.984375,0.97916666666666663,False,row2_col2,256,192,0,32
1428,257018,a5544cf8c3f4495df7d798ea,1428,26,31,212,252,1034.875,1077.9166666666665,0.828125,1.1458333333333333,True,padding_center,256,192,0,32
1429,257156,f8040df5a0c034645db9d18b,1429,4,4,36,36,289.828125,146.60962566844921,0.140625,0.0106951871657754,False,row0_col0,256,187,0,34
1430,257450,f8040df5a0c034645db9d18b,1430,10,13,84,108,496.265625,456.55614973262033,0.328125,0.39572192513368987,False,row1_col0,256,187,0,34
1431,257622,f8040df5a0c034645db9d18b,1431,22,18,180,148,909.140625,628.74866310160428,0.703125,0.60962566844919786,False,row1_col2,256,187,0,34
1432,258507,dfbe513d6531461f0ef29a6a,1432,11,14,92,116,514.828125,486.08695652173913,0.359375,0.43478260869565216,False,row1_col1,256,184,0,36
1433,258594,dfbe513d6531461f0ef29a6a,1433,2,17,20,140,203.484375,589.91304347826076,0.078125,0.56521739130434778,False,row1_col0,256,184,0,36
1434,258672,dfbe513d6531461f0ef29a6a,1434,16,19,132,156,687.796875,659.13043478260875,0.515625,0.65217391304347827,False,row1_col1,256,184,0,36
1435,258806,dfbe513d6531461f0ef29a6a,1435,22,23,180,188,895.359375,797.56521739130437,0.703125,0.82608695652173914,False,row2_col2,256,184,0,36
1436,258836,dfbe513d6531461f0ef29a6a,1436,20,24,164,196,826.171875,832.17391304347825,0.640625,0.86956521739130432,False,row2_col1,256,184,0,36
1437,258907,dfbe513d6531461f0ef29a6a,1437,27,26,220,212,1068.328125,901.39130434782612,0.859375,0.95652173913043481,False,row2_col2,256,184,0,36
1438,260398,874774544d8697c2062abaed,1438,14,9,116,76,621.984375,308.41081081081086,0.453125,0.22162162162162163,False,row0_col1,256,185,0,35
1439,260675,874774544d8697c2062abaed,1439,3,18,28,148,244.203125,618.20540540540537,0.109375,0.61081081081081079,False,row1_col0,256,185,0,35
1440,260952,874774544d8697c2062abaed,1440,24,26,196,212,965.421875,893.57837837837837,0.765625,0.95675675675675675,False,row2_col2,256,185,0,35
1441,261037,874774544d8697c2062abaed,1441,13,29,108,236,587.640625,996.84324324324325,0.421875,1.0864864864864865,True,padding_center,256,185,0,35
1442,261330,c1ff20ff899dc91318e1d07f,1442,18,6,148,52,780.140625,206.33333333333331,0.578125,0.10052910052910052,False,row0_col1,256,189,0,33
1443,261904,c1ff20ff899dc91318e1d07f,1443,16,24,132,196,710.828125,830.33333333333337,0.515625,0.86243386243386244,False,row2_col1,256,189,0,33
1444,262647,fa0627dfc5562d2d1ffb7450,1444,23,15,188,124,931.421875,512.18817204301081,0.734375,0.478494623655914,False,row1_col2,256,186,0,35
1445,262981,fa0627dfc5562d2d1ffb7450,1445,5,26,44,212,307.609375,893.04838709677426,0.171875,0.95161290322580649,False,row2_col0,256,186,0,35
1446,263663,f8d5bac9c8363fd36181c874,1446,15,15,124,124,692.46875,521.18032786885237,0.484375,0.48087431693989069,False,row1_col1,256,183,0,36
1447,264005,f8d5bac9c8363fd36181c874,1447,5,26,44,212,341.84375,906.36065573770486,0.171875,0.96174863387978138,False,row2_col0,256,183,0,36
1448,264437,85585001e772ec3cedc01ff3,1448,21,7,172,60,902.40625,238.30434782608694,0.671875,0.13043478260869565,False,row0_col2,256,184,0,36
1449,264500,85585001e772ec3cedc01ff3,1449,20,9,164,76,867.96875,307.17391304347825,0.640625,0.21739130434782608,False,row0_col1,256,184,0,36
1450,264993,85585001e772ec3cedc01ff3,1450,1,25,12,204,213.65625,858.13043478260863,0.046875,0.91304347826086951,False,row2_col0,256,184,0,36
1451,265287,3c063837833ad63bde2626f8,1451,7,2,60,20,382.21875,59.804232804232811,0.234375,-0.068783068783068779,True,padding_center,256,189,0,33
1452,265405,3c063837833ad63bde2626f8,1452,29,5,236,44,1142.59375,163.55026455026456,0.921875,0.058201058201058198,False,row0_col2,256,189,0,33
1453,265537,3c063837833ad63bde2626f8,1453,1,10,12,84,174.84375,336.46031746031747,0.046875,0.26984126984126983,False,row0_col0,256,189,0,33
1454,265738,3c063837833ad63bde2626f8,1454,10,16,84,132,485.90625,543.95238095238096,0.328125,0.52380952380952384,False,row1_col0,256,189,0,33
1455,265895,3c063837833ad63bde2626f8,1455,7,21,60,172,382.21875,716.86243386243382,0.234375,0.73544973544973546,False,row2_col0,256,189,0,33
1456,265904,3c063837833ad63bde2626f8,1456,16,21,132,172,693.28125,716.86243386243382,0.515625,0.73544973544973546,False,row2_col1,256,189,0,33
1457,265908,3c063837833ad63bde2626f8,1457,20,21,164,172,831.53125,716.86243386243382,0.640625,0.73544973544973546,False,row2_col1,256,189,0,33
1458,266175,3c063837833ad63bde2626f8,1458,31,29,252,236,1211.71875,993.51851851851859,0.984375,1.0740740740740742,True,padding_center,256,189,0,33
1459,266190,3c063837833ad63bde2626f8,1459,14,30,116,244,624.15625,1028.1005291005292,0.453125,1.1164021164021165,True,padding_center,256,189,0,33
1460,266383,7b748b5aa4e5e5bc0cc83a80,1460,15,4,124,36,654.171875,143,0.484375,0,False,row0_col1,256,183,0,36
1461,266456,7b748b5aa4e5e5bc0cc83a80,1461,24,6,196,52,966.078125,212.24590163934425,0.765625,0.087431693989071038,False,row0_col2,256,183,0,36
1462,266507,7b748b5aa4e5e5bc0cc83a80,1462,11,8,92,68,515.546875,281.49180327868851,0.359375,0.17486338797814208,False,row0_col1,256,183,0,36
1463,266666,7b748b5aa4e5e5bc0cc83a80,1463,10,13,84,108,480.890625,454.60655737704917,0.328125,0.39344262295081966,False,row1_col0,256,183,0,36
1464,266751,7b748b5aa4e5e5bc0cc83a80,1464,31,15,252,124,1208.671875,523.85245901639337,0.984375,0.48087431693989069,False,row1_col2,256,183,0,36
1465,266759,7b748b5aa4e5e5bc0cc83a80,1465,7,16,60,132,376.921875,558.47540983606564,0.234375,0.52459016393442626,False,row1_col0,256,183,0,36
1466,266762,7b748b5aa4e5e5bc0cc83a80,1466,10,16,84,132,480.890625,558.47540983606564,0.328125,0.52459016393442626,False,row1_col0,256,183,0,36
1467,267259,7b748b5aa4e5e5bc0cc83a80,1467,27,31,220,252,1070.046875,1077.8196721311474,0.859375,1.180327868852459,True,padding_center,256,183,0,36
1468,267519,7c0723e796cc05b0a21cce5f,1468,31,7,252,60,1175.78125,249.56756756756758,0.984375,0.13513513513513514,False,row0_col2,256,185,0,35
1469,267647,7c0723e796cc05b0a21cce5f,1469,31,11,252,92,1175.78125,387.25405405405411,0.984375,0.30810810810810813,False,row0_col2,256,185,0,35
1470,267672,7c0723e796cc05b0a21cce5f,1470,24,12,196,100,934.71875,421.67567567567568,0.765625,0.35135135135135137,False,row1_col2,256,185,0,35
1471,267713,7c0723e796cc05b0a21cce5f,1471,1,14,12,116,142.65625,490.51891891891893,0.046875,0.43783783783783786,False,row1_col0,256,185,0,35
1472,267715,7c0723e796cc05b0a21cce5f,1472,3,14,28,116,211.53125,490.51891891891893,0.109375,0.43783783783783786,False,row1_col0,256,185,0,35
1473,267869,7c0723e796cc05b0a21cce5f,1473,29,18,236,148,1106.90625,628.20540540540537,0.921875,0.61081081081081079,False,row1_col2,256,185,0,35
1474,267947,7c0723e796cc05b0a21cce5f,1474,11,21,92,172,487.03125,731.47027027027025,0.359375,0.74054054054054053,False,row2_col1,256,185,0,35
1475,268409,de9b5b17edfdfe734011cfa4,1475,25,3,204,28,1029.15625,108.08290155440415,0.796875,-0.015544041450777202,True,padding_center,256,193,0,31
1476,268801,de9b5b17edfdfe734011cfa4,1476,1,16,12,132,202.65625,555.87564766839375,0.046875,0.52331606217616577,False,row1_col0,256,193,0,31
1477,269057,de9b5b17edfdfe734011cfa4,1477,1,24,12,196,202.65625,831.44041450777206,0.046875,0.85492227979274615,False,row2_col0,256,193,0,31
1478,269306,de9b5b17edfdfe734011cfa4,1478,26,31,212,252,1063.59375,1072.5595854922281,0.828125,1.145077720207254,True,padding_center,256,193,0,31
1479,269326,d541e836f6ba68faa6688c9d,1479,14,0,116,4,609.875,-17.126984126984127,0.453125,-0.15343915343915343,True,padding_center,256,189,0,33
1480,269508,d541e836f6ba68faa6688c9d,1480,4,6,36,52,262.375,191.63492063492063,0.140625,0.10052910052910052,False,row0_col0,256,189,0,33
1481,269737,d541e836f6ba68faa6688c9d,1481,9,13,76,108,436.125,435.19047619047615,0.296875,0.3968253968253968,False,row1_col0,256,189,0,33
1482,269839,d541e836f6ba68faa6688c9d,1482,15,16,124,132,644.625,539.57142857142867,0.484375,0.52380952380952384,False,row1_col1,256,189,0,33
1483,269965,d541e836f6ba68faa6688c9d,1483,13,20,108,164,575.125,678.7460317460318,0.421875,0.69312169312169314,False,row2_col1,256,189,0,33
1484,269989,d541e836f6ba68faa6688c9d,1484,5,21,44,172,297.125,713.53968253968253,0.171875,0.73544973544973546,False,row2_col0,256,189,0,33
1485,270231,d541e836f6ba68faa6688c9d,1485,23,28,188,228,922.625,957.09523809523819,0.734375,1.0317460317460319,True,padding_center,256,189,0,33
1486,270274,d541e836f6ba68faa6688c9d,1486,2,30,20,244,192.875,1026.6825396825398,0.078125,1.1164021164021165,True,padding_center,256,189,0,33
1487,270334,d541e836f6ba68faa6688c9d,1487,30,31,244,252,1165.875,1061.4761904761906,0.953125,1.1587301587301588,True,padding_center,256,189,0,33
1488,270469,ea6c797466588fd922c5de39,1488,5,4,44,36,284.46875,132.71276595744681,0.171875,0.010638297872340425,False,row0_col0,256,188,0,34
1489,270504,ea6c797466588fd922c5de39,1489,8,5,68,44,388.90625,167.56382978723406,0.265625,0.053191489361702128,False,row0_col0,256,188,0,34
1490,270813,ea6c797466588fd922c5de39,1490,29,14,236,116,1119.96875,481.22340425531917,0.921875,0.43617021276595747,False,row1_col2,256,188,0,34
1491,271172,ea6c797466588fd922c5de39,1491,4,26,36,212,249.65625,899.43617021276589,0.140625,0.94680851063829785,False,row2_col0,256,188,0,34
1492,271304,ea6c797466588fd922c5de39,1492,8,30,68,244,388.90625,1038.8404255319147,0.265625,1.1170212765957446,True,padding_center,256,188,0,34
1493,271738,7aa55770f9e1abd445c97c6d,1493,26,11,212,92,1035.390625,372.43406593406593,0.828125,0.30219780219780218,False,row0_col2,256,182,0,37
1494,272130,7aa55770f9e1abd445c97c6d,1494,2,24,20,196,203.640625,823.29120879120876,0.078125,0.87362637362637363,False,row2_col0,256,182,0,37
1495,272324,7aa55770f9e1abd445c97c6d,1495,4,30,36,244,272.953125,1031.3791208791208,0.140625,1.1373626373626373,True,padding_center,256,182,0,37
1496,272742,12def0a47aa043439d178972,1496,6,11,52,92,367.875,370.05319148936167,0.203125,0.30851063829787234,False,row0_col0,256,188,0,34
1497,272778,12def0a47aa043439d178972,1497,10,12,84,100,506.875,404.81914893617022,0.328125,0.35106382978723405,False,row1_col0,256,188,0,34
1498,272952,12def0a47aa043439d178972,1498,24,17,196,140,993.375,578.64893617021278,0.765625,0.56382978723404253,False,row1_col2,256,188,0,34
1499,273010,12def0a47aa043439d178972,1499,18,19,148,156,784.875,648.18085106382978,0.578125,0.64893617021276595,False,row1_col1,256,188,0,34
1500,273026,12def0a47aa043439d178972,1500,2,20,20,164,228.875,682.94680851063833,0.078125,0.69148936170212771,False,row2_col0,256,188,0,34
1501,273034,12def0a47aa043439d178972,1501,10,20,84,164,506.875,682.94680851063833,0.328125,0.69148936170212771,False,row2_col0,256,188,0,34
1502,273126,12def0a47aa043439d178972,1502,6,23,52,188,367.875,787.24468085106389,0.203125,0.81914893617021278,False,row2_col0,256,188,0,34
1503,273216,12def0a47aa043439d178972,1503,0,26,4,212,159.375,891.54255319148933,0.015625,0.94680851063829785,False,row2_col0,256,188,0,34
1504,273237,12def0a47aa043439d178972,1504,21,26,172,212,889.125,891.54255319148933,0.671875,0.94680851063829785,False,row2_col2,256,188,0,34
1505,273400,12def0a47aa043439d178972,1505,24,31,196,252,993.375,1065.372340425532,0.765625,1.1595744680851063,True,padding_center,256,188,0,34
1506,273603,9b0c2d44438a3efb3600736a,1506,3,6,28,52,203.625,213.01570680628271,0.109375,0.10471204188481675,False,row0_col0,256,191,0,32
1507,273789,9b0c2d44438a3efb3600736a,1507,29,11,236,92,1107.125,387.04712041884818,0.921875,0.31413612565445026,False,row0_col2,256,191,0,32
1508,274028,9b0c2d44438a3efb3600736a,1508,12,19,100,156,516.375,665.49738219895289,0.390625,0.64921465968586389,False,row1_col1,256,191,0,32
1509,274069,9b0c2d44438a3efb3600736a,1509,21,20,172,164,829.125,700.30366492146595,0.671875,0.69109947643979053,False,row2_col2,256,191,0,32
1510,274201,9b0c2d44438a3efb3600736a,1510,25,24,204,196,968.125,839.52879581151831,0.796875,0.8586387434554974,False,row2_col2,256,191,0,32
1511,274468,b15ae60e68dff16aade2e419,1511,4,1,36,12,283.953125,40.333333333333329,0.140625,-0.12365591397849462,True,padding_center,256,186,0,35
1512,274759,b15ae60e68dff16aade2e419,1512,7,10,60,84,387.921875,352.33333333333331,0.234375,0.26344086021505375,False,row0_col0,256,186,0,35
1513,274809,b15ae60e68dff16aade2e419,1513,25,11,204,92,1011.734375,387,0.796875,0.30645161290322581,False,row0_col2,256,186,0,35
1514,274872,b15ae60e68dff16aade2e419,1514,24,13,196,108,977.078125,456.33333333333331,0.765625,0.39247311827956988,False,row1_col2,256,186,0,35
1515,274876,b15ae60e68dff16aade2e419,1515,28,13,228,108,1115.703125,456.33333333333331,0.890625,0.39247311827956988,False,row1_col2,256,186,0,35
1516,275048,b15ae60e68dff16aade2e419,1516,8,19,68,156,422.578125,664.33333333333337,0.265625,0.65053763440860213,False,row1_col0,256,186,0,35
1517,275247,b15ae60e68dff16aade2e419,1517,15,25,124,204,665.171875,872.33333333333326,0.484375,0.90860215053763438,False,row2_col1,256,186,0,35
1518,275290,b15ae60e68dff16aade2e419,1518,26,26,212,212,1046.390625,907,0.828125,0.95161290322580649,False,row2_col2,256,186,0,35
1519,275657,605944fd8272a0a3f3c61ab4,1519,9,6,76,52,450.859375,207.48663101604279,0.296875,0.096256684491978606,False,row0_col0,256,187,0,34
1520,275681,605944fd8272a0a3f3c61ab4,1520,1,7,12,60,175.609375,241.92513368983958,0.046875,0.13903743315508021,False,row0_col0,256,187,0,34
1521,276445,605944fd8272a0a3f3c61ab4,1521,29,30,236,244,1138.984375,1034.0106951871658,0.921875,1.1229946524064172,True,padding_center,256,187,0,34
1522,276661,8d1384cdea9081ff9ee66728,1522,21,5,172,44,863.09375,172.31550802139037,0.671875,0.053475935828877004,False,row0_col2,256,187,0,34
1523,276704,8d1384cdea9081ff9ee66728,1523,0,7,4,60,137.28125,241.62032085561498,0.015625,0.13903743315508021,False,row0_col0,256,187,0,34
1524,276789,8d1384cdea9081ff9ee66728,1524,21,9,172,76,863.09375,310.92513368983958,0.671875,0.22459893048128343,False,row0_col2,256,187,0,34
1525,277386,8d1384cdea9081ff9ee66728,1525,10,28,84,228,482.90625,969.3208556149732,0.328125,1.0374331550802138,True,padding_center,256,187,0,34
1526,277452,8d1384cdea9081ff9ee66728,1526,12,30,100,244,552.03125,1038.6256684491977,0.390625,1.1229946524064172,True,padding_center,256,187,0,34
1527,278333,825a1b23f7b0d75436750d93,1527,29,25,236,204,1172.59375,854.83246073298426,0.921875,0.90052356020942403,False,row2_col2,256,191,0,32
1528,278388,825a1b23f7b0d75436750d93,1528,20,27,164,220,861.53125,924.0261780104712,0.640625,0.98429319371727753,False,row2_col1,256,191,0,32
1529,278398,825a1b23f7b0d75436750d93,1529,30,27,244,220,1207.15625,924.0261780104712,0.953125,0.98429319371727753,False,row2_col2,256,191,0,32
1530,279056,8bfa9eda7753f68919d5f5b2,1530,16,16,132,132,719.34375,552.31914893617022,0.515625,0.52127659574468088,False,row1_col1,256,188,0,34
1531,279622,7c82c52bae96e3de9eb55c46,1531,6,2,52,20,327.859375,64.782608695652172,0.203125,-0.086956521739130432,True,padding_center,256,184,0,36
1532,279637,7c82c52bae96e3de9eb55c46,1532,21,2,172,20,846.765625,64.782608695652172,0.671875,-0.086956521739130432,True,padding_center,256,184,0,36
1533,279717,7c82c52bae96e3de9eb55c46,1533,5,5,44,44,293.265625,168.60869565217391,0.171875,0.043478260869565216,False,row0_col0,256,184,0,36
1534,279722,7c82c52bae96e3de9eb55c46,1534,10,5,84,44,466.234375,168.60869565217391,0.328125,0.043478260869565216,False,row0_col0,256,184,0,36
1535,279730,7c82c52bae96e3de9eb55c46,1535,18,5,148,44,742.984375,168.60869565217391,0.578125,0.043478260869565216,False,row0_col1,256,184,0,36
1536,279759,7c82c52bae96e3de9eb55c46,1536,15,6,124,52,639.203125,203.21739130434781,0.484375,0.086956521739130432,False,row0_col1,256,184,0,36
1537,279915,7c82c52bae96e3de9eb55c46,1537,11,11,92,92,500.828125,376.26086956521738,0.359375,0.30434782608695654,False,row0_col1,256,184,0,36
1538,279951,7c82c52bae96e3de9eb55c46,1538,15,12,124,100,639.203125,410.86956521739131,0.484375,0.34782608695652173,False,row1_col1,256,184,0,36
1539,280049,7c82c52bae96e3de9eb55c46,1539,17,15,140,124,708.390625,514.695652173913,0.546875,0.47826086956521741,False,row1_col1,256,184,0,36
1540,280554,7c82c52bae96e3de9eb55c46,1540,10,31,84,252,466.234375,1068.4347826086957,0.328125,1.173913043478261,True,padding_center,256,184,0,36
1541,280600,0b623855dc284fbf3963690c,1541,24,0,196,4,975.546875,6.7783783783783633,0.765625,-0.16756756756756758,True,padding_center,256,185,0,35
1542,280614,0b623855dc284fbf3963690c,1542,6,1,52,12,352.859375,41.416216216216213,0.203125,-0.12432432432432433,True,padding_center,256,185,0,35
1543,281284,0b623855dc284fbf3963690c,1543,4,22,36,180,283.671875,768.81081081081084,0.140625,0.78378378378378377,False,row2_col0,256,185,0,35
1544,281433,0b623855dc284fbf3963690c,1544,25,26,204,212,1010.140625,907.36216216216212,0.796875,0.95675675675675675,False,row2_col2,256,185,0,35
1545,281606,802b8776e6e8022705bfa739,1545,6,0,52,4,305.484375,-14.020408163265316,0.203125,-0.1326530612244898,True,padding_center,256,196,0,30
1546,282511,802b8776e6e8022705bfa739,1546,15,28,124,228,619.078125,959.69387755102036,0.484375,1.010204081632653,True,padding_center,256,196,0,30
1547,282740,f882a0ca74adfbbded05504a,1547,20,3,164,28,828.296875,103.51612903225806,0.640625,-0.037634408602150539,True,padding_center,256,186,0,35
1548,282842,f882a0ca74adfbbded05504a,1548,26,6,212,52,1037.359375,208.03225806451613,0.828125,0.091397849462365593,False,row0_col2,256,186,0,35
1549,283057,f882a0ca74adfbbded05504a,1549,17,13,140,108,723.765625,451.90322580645159,0.546875,0.39247311827956988,False,row1_col1,256,186,0,35
1550,283136,f882a0ca74adfbbded05504a,1550,0,16,4,132,131.421875,556.41935483870964,0.015625,0.521505376344086,False,row1_col0,256,186,0,35
1551,283190,f882a0ca74adfbbded05504a,1551,22,17,180,140,897.984375,591.25806451612902,0.703125,0.56451612903225812,False,row1_col2,256,186,0,35
1552,283327,f882a0ca74adfbbded05504a,1552,31,21,252,172,1211.578125,730.61290322580646,0.984375,0.73655913978494625,False,row2_col2,256,186,0,35
1553,283486,f882a0ca74adfbbded05504a,1553,30,26,244,212,1176.734375,904.80645161290329,0.953125,0.95161290322580649,False,row2_col2,256,186,0,35
1554,283488,f882a0ca74adfbbded05504a,1554,0,27,4,220,131.421875,939.64516129032256,0.015625,0.9946236559139785,False,row2_col0,256,186,0,35
1555,283612,f882a0ca74adfbbded05504a,1555,28,30,228,244,1107.046875,1044.1612903225805,0.890625,1.1236559139784945,True,padding_center,256,186,0,35
1556,283657,b8c1aa202c435cfafd7ff1ed,1556,9,0,76,4,463.234375,-2.3333333333333144,0.296875,-0.16666666666666666,True,padding_center,256,186,0,35
1557,283760,b8c1aa202c435cfafd7ff1ed,1557,16,3,132,28,705.828125,101.66666666666666,0.515625,-0.037634408602150539,True,padding_center,256,186,0,35
1558,283896,b8c1aa202c435cfafd7ff1ed,1558,24,7,196,60,983.078125,240.33333333333331,0.765625,0.13440860215053763,False,row0_col2,256,186,0,35
1559,284106,b8c1aa202c435cfafd7ff1ed,1559,10,14,84,116,497.890625,483,0.328125,0.43548387096774194,False,row1_col0,256,186,0,35
1560,284665,b8c1aa202c435cfafd7ff1ed,1560,25,31,204,252,1017.734375,1072.3333333333335,0.796875,1.1666666666666667,True,padding_center,256,186,0,35
1561,284966,02942ca02fdcb799d7cb7726,1561,6,9,52,76,326.875,293.9591836734694,0.203125,0.23469387755102042,False,row0_col0,256,196,0,30
1562,285319,02942ca02fdcb799d7cb7726,1562,7,20,60,164,361.625,676.48979591836735,0.234375,0.68367346938775508,False,row2_col0,256,196,0,30
1563,285546,02942ca02fdcb799d7cb7726,1563,10,27,84,220,465.875,919.91836734693879,0.328125,0.96938775510204078,False,row2_col0,256,196,0,30
1564,285963,52ed4da2285d211f61ff5e8e,1564,11,8,92,68,507.546875,270.27272727272725,0.359375,0.18181818181818182,False,row0_col1,256,187,0,34
1565,285979,52ed4da2285d211f61ff5e8e,1565,27,8,220,68,1062.046875,270.27272727272725,0.859375,0.18181818181818182,False,row0_col2,256,187,0,34
1566,286428,52ed4da2285d211f61ff5e8e,1566,28,22,228,180,1096.703125,755.40641711229944,0.890625,0.78074866310160429,False,row2_col2,256,187,0,34
1567,286811,8daccd55625a20f9d7bcd504,1567,27,2,220,20,1065.03125,68.403225806451616,0.859375,-0.080645161290322578,True,padding_center,256,186,0,35
1568,287268,8daccd55625a20f9d7bcd504,1568,4,17,36,140,272.96875,585.17741935483878,0.140625,0.56451612903225812,False,row1_col0,256,186,0,35
1569,287486,8daccd55625a20f9d7bcd504,1569,30,23,244,188,1168.34375,791.88709677419354,0.953125,0.82258064516129037,False,row2_col2,256,186,0,35
1570,287652,8daccd55625a20f9d7bcd504,1570,4,29,36,236,272.96875,998.5967741935483,0.140625,1.0806451612903225,True,padding_center,256,186,0,35
1571,287971,c743bb2801fc5b5e45261132,1571,3,7,28,60,252.53125,243.66129032258064,0.109375,0.13440860215053763,False,row0_col0,256,186,0,35
1572,288049,c743bb2801fc5b5e45261132,1572,17,9,140,76,734.65625,312.56451612903226,0.546875,0.22043010752688172,False,row0_col1,256,186,0,35
1573,288137,c743bb2801fc5b5e45261132,1573,9,12,76,100,459.15625,415.91935483870969,0.296875,0.34946236559139787,False,row1_col0,256,186,0,35
1574,288705,c743bb2801fc5b5e45261132,1574,1,30,12,244,183.65625,1036.0483870967741,0.046875,1.1236559139784945,True,padding_center,256,186,0,35
1575,289245,d03b423ac174ea78bf4a6637,1575,29,14,236,116,1137.28125,477.18652849740931,0.921875,0.44041450777202074,False,row1_col2,256,193,0,31
1576,289365,d03b423ac174ea78bf4a6637,1576,21,18,172,148,859.78125,615.79792746113992,0.671875,0.60621761658031093,False,row1_col2,256,193,0,31
1577,289414,d03b423ac174ea78bf4a6637,1577,6,20,52,164,339.46875,685.10362694300522,0.203125,0.68911917098445596,False,row2_col0,256,193,0,31
1578,289463,d03b423ac174ea78bf4a6637,1578,23,21,188,172,929.15625,719.75647668393788,0.734375,0.73056994818652854,False,row2_col2,256,193,0,31
1579,289868,79b469d527171ee55c5adc04,1579,12,2,100,20,558.59375,65.358288770053491,0.390625,-0.074866310160427801,True,padding_center,256,187,0,34
1580,289997,79b469d527171ee55c5adc04,1580,13,6,108,52,593.28125,203.96791443850267,0.421875,0.096256684491978606,False,row0_col1,256,187,0,34
1581,290030,79b469d527171ee55c5adc04,1581,14,7,116,60,627.96875,238.62032085561498,0.453125,0.13903743315508021,False,row0_col1,256,187,0,34
1582,290085,79b469d527171ee55c5adc04,1582,5,9,44,76,315.78125,307.92513368983958,0.171875,0.22459893048128343,False,row0_col0,256,187,0,34
1583,290152,79b469d527171ee55c5adc04,1583,8,11,68,92,419.84375,377.22994652406419,0.265625,0.31016042780748665,False,row0_col0,256,187,0,34
1584,290174,79b469d527171ee55c5adc04,1584,30,11,244,92,1182.96875,377.22994652406419,0.953125,0.31016042780748665,False,row0_col2,256,187,0,34
1585,290224,79b469d527171ee55c5adc04,1585,16,13,132,108,697.34375,446.5347593582888,0.515625,0.39572192513368987,False,row1_col1,256,187,0,34
1586,290311,79b469d527171ee55c5adc04,1586,7,16,60,132,385.15625,550.49197860962568,0.234375,0.52406417112299464,False,row1_col0,256,187,0,34
1587,290456,79b469d527171ee55c5adc04,1587,24,20,196,164,974.84375,689.10160427807489,0.765625,0.69518716577540107,False,row2_col2,256,187,0,34
1588,290759,79b469d527171ee55c5adc04,1588,7,30,60,244,385.15625,1035.6256684491977,0.234375,1.1229946524064172,True,padding_center,256,187,0,34
1589,290862,94840b6b6d3b3942dc01dd23,1589,14,1,116,12,608.234375,33.705263157894734,0.453125,-0.11052631578947368,True,padding_center,256,190,0,33
1590,291059,94840b6b6d3b3942dc01dd23,1590,19,7,156,60,782.453125,242.37894736842105,0.609375,0.14210526315789473,False,row0_col1,256,190,0,33
1591,291240,94840b6b6d3b3942dc01dd23,1591,8,13,68,108,399.171875,451.0526315789474,0.265625,0.39473684210526316,False,row1_col0,256,190,0,33
1592,291362,94840b6b6d3b3942dc01dd23,1592,2,17,20,140,190.109375,590.16842105263163,0.078125,0.56315789473684208,False,row1_col0,256,190,0,33
1593,291483,94840b6b6d3b3942dc01dd23,1593,27,20,220,164,1061.203125,694.50526315789477,0.859375,0.68947368421052635,False,row2_col2,256,190,0,33
1594,291495,94840b6b6d3b3942dc01dd23,1594,7,21,60,172,364.328125,729.28421052631586,0.234375,0.73157894736842111,False,row2_col0,256,190,0,33
1595,291734,94840b6b6d3b3942dc01dd23,1595,22,28,180,228,886.984375,972.73684210526324,0.703125,1.0263157894736843,True,padding_center,256,190,0,33
1596,292141,81f7959be88c5f860c5fc715,1596,13,9,108,76,565.015625,290.87830687830683,0.421875,0.2275132275132275,False,row0_col1,256,189,0,33
1597,292231,81f7959be88c5f860c5fc715,1597,7,12,60,100,357.453125,394.62433862433863,0.234375,0.35449735449735448,False,row1_col0,256,189,0,33
1598,292278,81f7959be88c5f860c5fc715,1598,22,13,180,108,876.359375,429.20634920634922,0.703125,0.3968253968253968,False,row1_col2,256,189,0,33
1599,292339,81f7959be88c5f860c5fc715,1599,19,15,156,124,772.578125,498.37037037037032,0.609375,0.48148148148148145,False,row1_col1,256,189,0,33
1600,292493,81f7959be88c5f860c5fc715,1600,13,20,108,164,565.015625,671.28042328042329,0.421875,0.69312169312169314,False,row2_col1,256,189,0,33
1601,292773,81f7959be88c5f860c5fc715,1601,5,29,44,236,288.265625,982.51851851851859,0.171875,1.0740740740740742,True,padding_center,256,189,0,33
1602,292894,50086bd6ca8500ae698af9ac,1602,30,0,244,4,1188.15625,-7.3505154639175316,0.953125,-0.13917525773195877,True,padding_center,256,194,0,31
1603,293249,50086bd6ca8500ae698af9ac,1603,1,12,12,100,185.84375,406.34020618556701,0.046875,0.35567010309278352,False,row1_col0,256,194,0,31
1604,293473,50086bd6ca8500ae698af9ac,1604,1,19,12,156,185.84375,647.65979381443299,0.046875,0.64432989690721654,False,row1_col0,256,194,0,31
1605,293577,50086bd6ca8500ae698af9ac,1605,9,22,76,180,462.34375,751.08247422680415,0.296875,0.76804123711340211,False,row2_col0,256,194,0,31
1606,293691,50086bd6ca8500ae698af9ac,1606,27,25,220,204,1084.46875,854.50515463917532,0.859375,0.89175257731958768,False,row2_col2,256,194,0,31
1607,293901,2e3c583d219c937858797cbc,1607,13,0,108,4,567.125,-12.916666666666671,0.421875,-0.14583333333333334,True,padding_center,256,192,0,32
1608,294348,2e3c583d219c937858797cbc,1608,12,14,100,116,532.375,474.75,0.390625,0.4375,False,row1_col1,256,192,0,32
1609,295116,c2d577dad4e3bb69b38f6b0d,1609,12,6,100,52,521.375,196.22340425531917,0.390625,0.095744680851063829,False,row0_col1,256,188,0,34
1610,295234,c2d577dad4e3bb69b38f6b0d,1610,2,10,20,84,173.875,335.28723404255322,0.078125,0.26595744680851063,False,row0_col0,256,188,0,34
1611,295403,c2d577dad4e3bb69b38f6b0d,1611,11,15,92,124,486.625,509.11702127659578,0.359375,0.47872340425531917,False,row1_col1,256,188,0,34
1612,295462,c2d577dad4e3bb69b38f6b0d,1612,6,17,52,140,312.875,578.64893617021278,0.203125,0.56382978723404253,False,row1_col0,256,188,0,34
1613,295617,c2d577dad4e3bb69b38f6b0d,1613,1,22,12,180,139.125,752.47872340425533,0.046875,0.77659574468085102,False,row2_col0,256,188,0,34
1614,296022,e198308262ce13324faec9fd,1614,22,2,180,20,897.65625,71.054054054054049,0.703125,-0.081081081081081086,True,padding_center,256,185,0,35
1615,296190,e198308262ce13324faec9fd,1615,30,7,244,60,1174.15625,244.24324324324326,0.953125,0.13513513513513514,False,row0_col2,256,185,0,35
1616,296290,e198308262ce13324faec9fd,1616,2,11,20,92,206.40625,382.79459459459463,0.078125,0.30810810810810813,False,row0_col0,256,185,0,35
1617,296446,e198308262ce13324faec9fd,1617,30,15,244,124,1174.15625,521.34594594594591,0.953125,0.48108108108108111,False,row1_col2,256,185,0,35
1618,296997,5f34a712a16e40dddf28b3ba,1618,5,1,44,12,310.09375,38.222222222222229,0.171875,-0.1111111111111111,True,padding_center,256,189,0,33
1619,297128,5f34a712a16e40dddf28b3ba,1619,8,5,68,44,413.78125,176.55026455026456,0.265625,0.058201058201058198,False,row0_col0,256,189,0,33
1620,297242,5f34a712a16e40dddf28b3ba,1620,26,8,212,68,1035.90625,280.2962962962963,0.828125,0.18518518518518517,False,row0_col2,256,189,0,33
1621,297334,5f34a712a16e40dddf28b3ba,1621,22,11,180,92,897.65625,384.04232804232799,0.703125,0.31216931216931215,False,row0_col2,256,189,0,33
1622,297341,5f34a712a16e40dddf28b3ba,1622,29,11,236,92,1139.59375,384.04232804232799,0.921875,0.31216931216931215,False,row0_col2,256,189,0,33
1623,297455,5f34a712a16e40dddf28b3ba,1623,15,15,124,124,655.71875,522.37037037037032,0.484375,0.48148148148148145,False,row1_col1,256,189,0,33
1624,297460,5f34a712a16e40dddf28b3ba,1624,20,15,164,124,828.53125,522.37037037037032,0.640625,0.48148148148148145,False,row1_col1,256,189,0,33
1625,297644,5f34a712a16e40dddf28b3ba,1625,12,21,100,172,552.03125,729.86243386243382,0.390625,0.73544973544973546,False,row2_col1,256,189,0,33
1626,297752,5f34a712a16e40dddf28b3ba,1626,24,24,196,196,966.78125,833.60846560846562,0.765625,0.86243386243386244,False,row2_col2,256,189,0,33
1627,297852,5f34a712a16e40dddf28b3ba,1627,28,27,228,220,1105.03125,937.35449735449731,0.890625,0.98941798941798942,False,row2_col2,256,189,0,33
1628,297906,5f34a712a16e40dddf28b3ba,1628,18,29,148,236,759.40625,1006.5185185185186,0.578125,1.0740740740740742,True,padding_center,256,189,0,33
1629,297951,5f34a712a16e40dddf28b3ba,1629,31,30,252,244,1208.71875,1041.1005291005292,0.984375,1.1164021164021165,True,padding_center,256,189,0,33
1630,298292,e2d24e5a47106bd7023a7d65,1630,20,9,164,76,823.296875,315.01587301587301,0.640625,0.2275132275132275,False,row0_col1,256,189,0,33
1631,298428,e2d24e5a47106bd7023a7d65,1631,28,13,228,108,1102.046875,454.19047619047615,0.890625,0.3968253968253968,False,row1_col2,256,189,0,33
1632,298831,e2d24e5a47106bd7023a7d65,1632,15,26,124,212,649.078125,906.50793650793651,0.484375,0.94708994708994709,False,row2_col1,256,189,0,33
1633,299271,aca91e96d9d3f5996c509b6c,1633,7,8,60,68,401.28125,265.36363636363637,0.234375,0.18181818181818182,False,row0_col0,256,187,0,34
1634,299291,aca91e96d9d3f5996c509b6c,1634,27,8,220,68,1090.03125,265.36363636363637,0.859375,0.18181818181818182,False,row0_col2,256,187,0,34
1635,299726,aca91e96d9d3f5996c509b6c,1635,14,22,116,180,642.34375,747.50267379679144,0.453125,0.78074866310160429,False,row2_col1,256,187,0,34
1636,299973,aca91e96d9d3f5996c509b6c,1636,5,30,44,244,332.40625,1023.0106951871658,0.171875,1.1229946524064172,True,padding_center,256,187,0,34
1637,300840,51dbbd7c11fe090443b43b07,1637,8,25,68,204,408.84375,865.4375,0.265625,0.89583333333333337,False,row2_col0,256,192,0,32
1638,300895,51dbbd7c11fe090443b43b07,1638,31,26,252,212,1206.65625,900.0625,0.984375,0.9375,False,row2_col2,256,192,0,32
1639,300916,51dbbd7c11fe090443b43b07,1639,20,27,164,220,825.09375,934.6875,0.640625,0.97916666666666663,False,row2_col1,256,192,0,32
1640,300958,51dbbd7c11fe090443b43b07,1640,30,28,244,228,1171.96875,969.31249999999989,0.953125,1.0208333333333333,True,padding_center,256,192,0,32
1641,301052,51dbbd7c11fe090443b43b07,1641,28,31,228,252,1102.59375,1073.1875,0.890625,1.1458333333333333,True,padding_center,256,192,0,32
1642,301202,e07a60e9493523db2330e39e,1642,18,4,148,36,798.875,133.35483870967741,0.578125,0.0053763440860215058,False,row0_col1,256,186,0,35
1643,301332,e07a60e9493523db2330e39e,1643,20,8,164,68,868.375,272.70967741935488,0.640625,0.17741935483870969,False,row0_col1,256,186,0,35
1644,301354,e07a60e9493523db2330e39e,1644,10,9,84,76,520.875,307.54838709677421,0.328125,0.22043010752688172,False,row0_col0,256,186,0,35
1645,301361,e07a60e9493523db2330e39e,1645,17,9,140,76,764.125,307.54838709677421,0.546875,0.22043010752688172,False,row0_col1,256,186,0,35
1646,301509,e07a60e9493523db2330e39e,1646,5,14,44,116,347.125,481.74193548387098,0.171875,0.43548387096774194,False,row1_col0,256,186,0,35
1647,301543,e07a60e9493523db2330e39e,1647,7,15,60,124,416.625,516.58064516129036,0.234375,0.478494623655914,False,row1_col0,256,186,0,35
1648,301932,e07a60e9493523db2330e39e,1648,12,27,100,220,590.375,934.64516129032256,0.390625,0.9946236559139785,False,row2_col1,256,186,0,35
1649,301952,e07a60e9493523db2330e39e,1649,0,28,4,228,173.375,969.48387096774195,0.015625,1.0376344086021505,True,padding_center,256,186,0,35
1650,302167,e98f1317607860c501b2cee1,1650,23,2,188,20,968.21875,67.963157894736838,0.734375,-0.068421052631578952,True,padding_center,256,190,0,33
1651,302179,e98f1317607860c501b2cee1,1651,3,3,28,28,276.96875,102.44736842105263,0.109375,-0.026315789473684209,True,padding_center,256,190,0,33
1652,302517,e98f1317607860c501b2cee1,1652,21,13,172,108,899.09375,447.28947368421052,0.671875,0.39473684210526316,False,row1_col2,256,190,0,33
1653,302576,e98f1317607860c501b2cee1,1653,16,15,132,124,726.28125,516.2578947368421,0.515625,0.47894736842105262,False,row1_col1,256,190,0,33
1654,302634,e98f1317607860c501b2cee1,1654,10,17,84,140,518.90625,585.22631578947369,0.328125,0.56315789473684208,False,row1_col0,256,190,0,33
1655,302708,e98f1317607860c501b2cee1,1655,20,19,164,156,864.53125,654.19473684210527,0.640625,0.64736842105263159,False,row1_col1,256,190,0,33
1656,302750,e98f1317607860c501b2cee1,1656,30,20,244,164,1210.15625,688.67894736842106,0.953125,0.68947368421052635,False,row2_col2,256,190,0,33
1657,302824,e98f1317607860c501b2cee1,1657,8,23,68,188,449.78125,792.13157894736844,0.265625,0.81578947368421051,False,row2_col0,256,190,0,33
1658,302946,e98f1317607860c501b2cee1,1658,2,27,20,220,242.40625,930.06842105263149,0.078125,0.98421052631578942,False,row2_col0,256,190,0,33
1659,303237,6d1104b9ed5d737c509d9e3c,1659,5,4,44,36,313.234375,137.61702127659575,0.171875,0.010638297872340425,False,row0_col0,256,188,0,34
1660,303274,6d1104b9ed5d737c509d9e3c,1660,10,5,84,44,485.265625,172.08510638297872,0.328125,0.053191489361702128,False,row0_col0,256,188,0,34
1661,303388,6d1104b9ed5d737c509d9e3c,1661,28,8,228,68,1104.578125,275.48936170212767,0.890625,0.18085106382978725,False,row0_col2,256,188,0,34
1662,303540,6d1104b9ed5d737c509d9e3c,1662,20,13,164,108,829.328125,447.82978723404256,0.640625,0.39361702127659576,False,row1_col1,256,188,0,34
1663,303593,6d1104b9ed5d737c509d9e3c,1663,9,15,76,124,450.859375,516.76595744680856,0.296875,0.47872340425531917,False,row1_col0,256,188,0,34
1664,303962,6d1104b9ed5d737c509d9e3c,1664,26,26,212,212,1035.765625,895.91489361702122,0.828125,0.94680851063829785,False,row2_col2,256,188,0,34
1665,304005,6d1104b9ed5d737c509d9e3c,1665,5,28,44,228,313.234375,964.85106382978722,0.171875,1.0319148936170213,True,padding_center,256,188,0,34
1666,304569,fa425b55ae4649a7440cdfd7,1666,25,13,204,108,985.15625,442.95187165775405,0.796875,0.39572192513368987,False,row1_col2,256,187,0,34
1667,304783,fa425b55ae4649a7440cdfd7,1667,15,20,124,164,640.78125,684.32085561497331,0.484375,0.69518716577540107,False,row2_col1,256,187,0,34
1668,305021,fa425b55ae4649a7440cdfd7,1668,29,27,236,220,1122.90625,925.68983957219245,0.921875,0.99465240641711228,False,row2_col2,256,187,0,34
1669,305051,fa425b55ae4649a7440cdfd7,1669,27,28,220,228,1054.03125,960.17112299465236,0.859375,1.0374331550802138,True,padding_center,256,187,0,34
1670,305272,e18500f9d7040f601d0fb801,1670,24,3,196,28,947.71875,103.88108108108108,0.765625,-0.03783783783783784,True,padding_center,256,185,0,35
1671,305298,e18500f9d7040f601d0fb801,1671,18,4,148,36,741.09375,138.3027027027027,0.578125,0.0054054054054054057,False,row0_col1,256,185,0,35
1672,305484,e18500f9d7040f601d0fb801,1672,12,10,100,84,534.46875,344.83243243243248,0.390625,0.26486486486486488,False,row0_col1,256,185,0,35
1673,305598,e18500f9d7040f601d0fb801,1673,30,13,244,108,1154.34375,448.0972972972973,0.953125,0.39459459459459462,False,row1_col2,256,185,0,35
1674,305979,e18500f9d7040f601d0fb801,1674,27,25,220,204,1051.03125,861.15675675675675,0.859375,0.91351351351351351,False,row2_col2,256,185,0,35
1675,305998,e18500f9d7040f601d0fb801,1675,14,26,116,212,603.34375,895.57837837837837,0.453125,0.95675675675675675,False,row2_col1,256,185,0,35
1676,306090,e18500f9d7040f601d0fb801,1676,10,29,84,236,465.59375,998.84324324324325,0.328125,1.0864864864864865,True,padding_center,256,185,0,35
1677,306133,e18500f9d7040f601d0fb801,1677,21,30,172,244,844.40625,1033.2648648648649,0.671875,1.1297297297297297,True,padding_center,256,185,0,35
1678,306207,76697c1a28dd3ef624fb0471,1678,31,0,252,4,1211.671875,-1.4347826086956559,0.984375,-0.17391304347826086,True,padding_center,256,184,0,36
1679,306243,76697c1a28dd3ef624fb0471,1679,3,2,28,20,241.296875,67.782608695652172,0.109375,-0.086956521739130432,True,padding_center,256,184,0,36
1680,306258,76697c1a28dd3ef624fb0471,1680,18,2,148,20,761.140625,67.782608695652172,0.578125,-0.086956521739130432,True,padding_center,256,184,0,36
1681,306366,76697c1a28dd3ef624fb0471,1681,30,5,244,44,1177.015625,171.60869565217391,0.953125,0.043478260869565216,False,row0_col2,256,184,0,36
1682,306384,76697c1a28dd3ef624fb0471,1682,16,6,132,52,691.828125,206.21739130434781,0.515625,0.086956521739130432,False,row0_col1,256,184,0,36
1683,306424,76697c1a28dd3ef624fb0471,1683,24,7,196,60,969.078125,240.82608695652175,0.765625,0.13043478260869565,False,row0_col2,256,184,0,36
1684,306614,76697c1a28dd3ef624fb0471,1684,22,13,180,108,899.765625,448.47826086956525,0.703125,0.39130434782608697,False,row1_col2,256,184,0,36
1685,306692,76697c1a28dd3ef624fb0471,1685,4,16,36,132,275.953125,552.304347826087,0.140625,0.52173913043478259,False,row1_col0,256,184,0,36
1686,306713,76697c1a28dd3ef624fb0471,1686,25,16,204,132,1003.734375,552.304347826087,0.796875,0.52173913043478259,False,row1_col2,256,184,0,36
1687,306739,76697c1a28dd3ef624fb0471,1687,19,17,156,140,795.796875,586.91304347826076,0.609375,0.56521739130434778,False,row1_col1,256,184,0,36
1688,307197,76697c1a28dd3ef624fb0471,1688,29,31,236,252,1142.359375,1071.4347826086957,0.921875,1.173913043478261,True,padding_center,256,184,0,36
1689,307222,fcd7e06c004f4422abd74900,1689,22,0,180,4,933.84375,2.6951871657753941,0.703125,-0.16042780748663102,True,padding_center,256,187,0,34
1690,307314,fcd7e06c004f4422abd74900,1690,18,3,148,28,796.09375,106.13903743315508,0.578125,-0.032085561497326207,True,padding_center,256,187,0,34
1691,307347,fcd7e06c004f4422abd74900,1691,19,4,156,36,830.53125,140.62032085561498,0.609375,0.0106951871657754,False,row0_col1,256,187,0,34
1692,307414,fcd7e06c004f4422abd74900,1692,22,6,180,52,933.84375,209.58288770053474,0.703125,0.096256684491978606,False,row0_col2,256,187,0,34
1693,307726,fcd7e06c004f4422abd74900,1693,14,16,116,132,658.34375,554.39572192513367,0.453125,0.52406417112299464,False,row1_col1,256,187,0,34
1694,307793,fcd7e06c004f4422abd74900,1694,17,18,140,148,761.65625,623.35828877005349,0.546875,0.60962566844919786,False,row1_col1,256,187,0,34
1695,307984,fcd7e06c004f4422abd74900,1695,16,24,132,196,727.21875,830.24598930481284,0.515625,0.86631016042780751,False,row2_col1,256,187,0,34
1696,307994,fcd7e06c004f4422abd74900,1696,26,24,212,196,1071.59375,830.24598930481284,0.828125,0.86631016042780751,False,row2_col2,256,187,0,34
1697,308024,fcd7e06c004f4422abd74900,1697,24,25,196,204,1002.71875,864.72727272727275,0.765625,0.90909090909090906,False,row2_col2,256,187,0,34
1698,308414,7490ef8c3e3d243f5abc226b,1698,30,5,244,44,1202.015625,159.58947368421053,0.953125,0.057894736842105263,False,row0_col2,256,190,0,33
1699,308455,7490ef8c3e3d243f5abc226b,1699,7,7,60,60,404.921875,228.81052631578947,0.234375,0.14210526315789473,False,row0_col0,256,190,0,33
1700,308508,7490ef8c3e3d243f5abc226b,1700,28,8,228,68,1132.703125,263.42105263157896,0.890625,0.18421052631578946,False,row0_col2,256,190,0,33
1701,308601,7490ef8c3e3d243f5abc226b,1701,25,11,204,92,1028.734375,367.25263157894739,0.796875,0.31052631578947371,False,row0_col2,256,190,0,33
1702,308769,7490ef8c3e3d243f5abc226b,1702,1,17,12,140,196.984375,574.91578947368419,0.046875,0.56315789473684208,False,row1_col0,256,190,0,33
1703,308842,7490ef8c3e3d243f5abc226b,1703,10,19,84,156,508.890625,644.13684210526321,0.328125,0.64736842105263159,False,row1_col0,256,190,0,33
1704,309250,3ffaebc342f5f383bf88b1ed,1704,2,0,20,4,209.875,1.2173913043478422,0.078125,-0.17391304347826086,True,padding_center,256,184,0,36
1705,309308,3ffaebc342f5f383bf88b1ed,1705,28,1,228,12,1113.375,35.913043478260875,0.890625,-0.13043478260869565,True,padding_center,256,184,0,36
1706,309394,3ffaebc342f5f383bf88b1ed,1706,18,4,148,36,765.875,140,0.578125,0,False,row0_col1,256,184,0,36
1707,309580,3ffaebc342f5f383bf88b1ed,1707,12,10,100,84,557.375,348.17391304347825,0.390625,0.2608695652173913,False,row0_col1,256,184,0,36
1708,309922,3ffaebc342f5f383bf88b1ed,1708,2,21,20,172,209.875,729.82608695652175,0.078125,0.73913043478260865,False,row2_col0,256,184,0,36
1709,310085,3ffaebc342f5f383bf88b1ed,1709,5,26,44,212,314.125,903.304347826087,0.171875,0.95652173913043481,False,row2_col0,256,184,0,36
1710,310773,a20f73f6def040c457130121,1710,21,15,172,124,888.40625,519.27419354838707,0.671875,0.478494623655914,False,row1_col2,256,186,0,35
1711,311247,a20f73f6def040c457130121,1711,15,30,124,244,681.78125,1036.0483870967741,0.484375,1.1236559139784945,True,padding_center,256,186,0,35
1712,311776,0d9ba0bed26dc6d0fa606188,1712,0,15,4,124,112.34375,509.69565217391306,0.015625,0.47826086956521741,False,row1_col0,256,184,0,36
1713,311883,0d9ba0bed26dc6d0fa606188,1713,11,18,92,148,493.90625,613.52173913043475,0.359375,0.60869565217391308,False,row1_col1,256,184,0,36
1714,312151,0d9ba0bed26dc6d0fa606188,1714,23,26,188,212,910.15625,890.39130434782612,0.734375,0.95652173913043481,False,row2_col2,256,184,0,36
1715,312229,0d9ba0bed26dc6d0fa606188,1715,5,29,44,236,285.78125,994.21739130434776,0.171875,1.0869565217391304,True,padding_center,256,184,0,36
1716,312286,0d9ba0bed26dc6d0fa606188,1716,30,30,244,244,1152.96875,1028.8260869565215,0.953125,1.1304347826086956,True,padding_center,256,184,0,36
1717,312356,71b008a0a7521ff27fd58de8,1717,4,1,36,12,280.671875,38.222222222222229,0.140625,-0.1111111111111111,True,padding_center,256,189,0,33
1718,312593,71b008a0a7521ff27fd58de8,1718,17,8,140,68,730.390625,280.2962962962963,0.546875,0.18518518518518517,False,row0_col1,256,189,0,33
1719,312685,71b008a0a7521ff27fd58de8,1719,13,11,108,92,592.015625,384.04232804232799,0.421875,0.31216931216931215,False,row0_col1,256,189,0,33
1720,312712,71b008a0a7521ff27fd58de8,1720,8,12,68,100,419.046875,418.62433862433863,0.265625,0.35449735449735448,False,row1_col0,256,189,0,33
1721,312753,71b008a0a7521ff27fd58de8,1721,17,13,140,108,730.390625,453.20634920634922,0.546875,0.3968253968253968,False,row1_col1,256,189,0,33
1722,312968,71b008a0a7521ff27fd58de8,1722,8,20,68,164,419.046875,695.28042328042329,0.265625,0.69312169312169314,False,row2_col0,256,189,0,33
1723,313311,71b008a0a7521ff27fd58de8,1723,31,30,252,244,1214.703125,1041.1005291005292,0.984375,1.1164021164021165,True,padding_center,256,189,0,33
1724,313392,cfe68510ca15cd1473d0ef71,1724,16,1,132,12,660.28125,28.214285714285708,0.515625,-0.091836734693877556,True,padding_center,256,196,0,30
1725,313710,cfe68510ca15cd1473d0ef71,1725,14,11,116,92,591.15625,373.92857142857144,0.453125,0.31632653061224492,False,row0_col1,256,196,0,30
1726,313771,cfe68510ca15cd1473d0ef71,1726,11,13,92,108,487.46875,443.07142857142856,0.359375,0.39795918367346939,False,row1_col1,256,196,0,30
1727,313809,cfe68510ca15cd1473d0ef71,1727,17,14,140,116,694.84375,477.64285714285711,0.546875,0.43877551020408162,False,row1_col1,256,196,0,30
1728,313827,cfe68510ca15cd1473d0ef71,1728,3,15,28,124,210.96875,512.21428571428578,0.109375,0.47959183673469385,False,row1_col0,256,196,0,30
1729,314038,cfe68510ca15cd1473d0ef71,1729,22,21,180,172,867.65625,719.64285714285711,0.703125,0.72448979591836737,False,row2_col2,256,196,0,30
1730,314247,cfe68510ca15cd1473d0ef71,1730,7,28,60,228,349.21875,961.64285714285711,0.234375,1.010204081632653,True,padding_center,256,196,0,30
1731,315102,ef59d1cbf4b57d08ba6bcb44,1731,30,22,244,180,1199.015625,767.81675392670161,0.953125,0.77486910994764402,False,row2_col2,256,191,0,32
1732,315159,ef59d1cbf4b57d08ba6bcb44,1732,23,24,188,196,956.421875,837.09424083769636,0.734375,0.8586387434554974,False,row2_col2,256,191,0,32
1733,315193,ef59d1cbf4b57d08ba6bcb44,1733,25,25,204,204,1025.734375,871.73298429319368,0.796875,0.90052356020942403,False,row2_col2,256,191,0,32
1734,315454,989a37c8050457fbad77b5fc,1734,30,1,244,12,1152.96875,41.416216216216213,0.953125,-0.12432432432432433,True,padding_center,256,185,0,35
1735,315846,989a37c8050457fbad77b5fc,1735,6,14,52,116,320.46875,491.70810810810815,0.203125,0.43783783783783786,False,row1_col0,256,185,0,35
1736,316279,989a37c8050457fbad77b5fc,1736,23,27,188,220,910.15625,942,0.734375,1,True,padding_center,256,185,0,35
1737,316522,571ee3662d24063a85881fe9,1737,10,3,84,28,494.890625,97.691891891891885,0.328125,-0.03783783783783784,True,padding_center,256,185,0,35
1738,317056,571ee3662d24063a85881fe9,1738,0,20,4,164,148.328125,686.53513513513508,0.015625,0.69729729729729728,False,row2_col0,256,185,0,35
1739,317723,989ae53a83cf97dc6d08dbe9,1739,27,8,220,68,1057.328125,266.031914893617,0.859375,0.18085106382978725,False,row0_col2,256,188,0,34
1740,317890,989ae53a83cf97dc6d08dbe9,1740,2,14,20,116,192.484375,473.60638297872345,0.078125,0.43617021276595747,False,row1_col0,256,188,0,34
1741,317941,989ae53a83cf97dc6d08dbe9,1741,21,15,172,124,849.765625,508.2021276595745,0.671875,0.47872340425531917,False,row1_col2,256,188,0,34
1742,318062,989ae53a83cf97dc6d08dbe9,1742,14,19,116,156,607.609375,646.58510638297867,0.453125,0.64893617021276595,False,row1_col1,256,188,0,34
1743,318094,989ae53a83cf97dc6d08dbe9,1743,14,20,116,164,607.609375,681.18085106382978,0.453125,0.69148936170212771,False,row2_col1,256,188,0,34
1744,318211,989ae53a83cf97dc6d08dbe9,1744,3,24,28,196,227.078125,819.563829787234,0.109375,0.86170212765957444,False,row2_col0,256,188,0,34
1745,318233,989ae53a83cf97dc6d08dbe9,1745,25,24,204,196,988.140625,819.563829787234,0.796875,0.86170212765957444,False,row2_col2,256,188,0,34
1746,318280,989ae53a83cf97dc6d08dbe9,1746,8,26,68,212,400.046875,888.75531914893611,0.265625,0.94680851063829785,False,row2_col0,256,188,0,34
1747,318325,989ae53a83cf97dc6d08dbe9,1747,21,27,172,220,849.765625,923.35106382978722,0.671875,0.98936170212765961,False,row2_col2,256,188,0,34
1748,318572,2ac609b41ab210f3c4173256,1748,12,3,100,28,557.375,105.20218579234972,0.390625,-0.043715846994535519,True,padding_center,256,183,0,36
1749,318812,2ac609b41ab210f3c4173256,1749,28,10,228,84,1113.375,348.78688524590166,0.890625,0.26229508196721313,False,row0_col2,256,183,0,36
1750,318815,2ac609b41ab210f3c4173256,1750,31,10,252,84,1217.625,348.78688524590166,0.984375,0.26229508196721313,False,row0_col2,256,183,0,36
1751,319318,2ac609b41ab210f3c4173256,1751,22,26,180,212,904.875,905.55191256830597,0.703125,0.96174863387978138,False,row2_col2,256,183,0,36
1752,319403,2ac609b41ab210f3c4173256,1752,11,29,92,236,522.625,1009.9453551912569,0.359375,1.0928961748633881,True,padding_center,256,183,0,36
1753,319489,105a0d805d335f73991581b8,1753,1,0,12,4,198.890625,-2.0890052356020874,0.046875,-0.14659685863874344,True,padding_center,256,191,0,32
1754,319523,105a0d805d335f73991581b8,1754,3,1,28,12,268.078125,32.507853403141368,0.109375,-0.10471204188481675,True,padding_center,256,191,0,32
1755,319602,105a0d805d335f73991581b8,1755,18,3,148,28,786.984375,101.70157068062827,0.578125,-0.020942408376963352,True,padding_center,256,191,0,32
1756,319609,105a0d805d335f73991581b8,1756,25,3,204,28,1029.140625,101.70157068062827,0.796875,-0.020942408376963352,True,padding_center,256,191,0,32
1757,319733,105a0d805d335f73991581b8,1757,21,7,172,60,890.765625,240.08900523560209,0.671875,0.14659685863874344,False,row0_col2,256,191,0,32
1758,319834,105a0d805d335f73991581b8,1758,26,10,212,84,1063.734375,343.87958115183244,0.828125,0.27225130890052357,False,row0_col2,256,191,0,32
1759,319835,105a0d805d335f73991581b8,1759,27,10,220,84,1098.328125,343.87958115183244,0.859375,0.27225130890052357,False,row0_col2,256,191,0,32
1760,319849,105a0d805d335f73991581b8,1760,9,11,76,92,475.640625,378.47643979057591,0.296875,0.31413612565445026,False,row0_col0,256,191,0,32
1761,320427,105a0d805d335f73991581b8,1761,11,29,92,236,544.828125,1001.2198952879581,0.359375,1.0680628272251309,True,padding_center,256,191,0,32
1762,320449,105a0d805d335f73991581b8,1762,1,30,12,244,198.890625,1035.8167539267015,0.046875,1.1099476439790577,True,padding_center,256,191,0,32
1763,320470,105a0d805d335f73991581b8,1763,22,30,180,244,925.359375,1035.8167539267015,0.703125,1.1099476439790577,True,padding_center,256,191,0,32
1764,320496,105a0d805d335f73991581b8,1764,16,31,132,252,717.796875,1070.413612565445,0.515625,1.1518324607329844,True,padding_center,256,191,0,32
1765,320584,c334dd8d45005b5a85e577b3,1765,8,2,68,20,397.171875,55.86363636363636,0.265625,-0.045454545454545456,True,padding_center,256,198,0,29
1766,320785,c334dd8d45005b5a85e577b3,1766,17,8,140,68,710.765625,264.59090909090912,0.546875,0.19696969696969696,False,row0_col1,256,198,0,29
1767,321230,c334dd8d45005b5a85e577b3,1767,14,22,116,180,606.234375,751.62121212121212,0.453125,0.76262626262626265,False,row2_col1,256,198,0,29
1768,321369,c334dd8d45005b5a85e577b3,1768,25,26,204,212,989.515625,890.77272727272725,0.796875,0.9242424242424242,False,row2_col2,256,198,0,29
1769,321556,e366b8893ee234784cfdf96a,1769,20,0,164,4,843.421875,-8.2864321608040115,0.640625,-0.12060301507537688,True,padding_center,256,199,0,28
1770,321596,e366b8893ee234784cfdf96a,1770,28,1,228,12,1124.171875,26.80904522613065,0.890625,-0.080402010050251257,True,padding_center,256,199,0,28
1771,321891,e366b8893ee234784cfdf96a,1771,3,11,28,92,246.828125,377.7638190954774,0.109375,0.32160804020100503,False,row0_col0,256,199,0,28
1772,321902,e366b8893ee234784cfdf96a,1772,14,11,116,92,632.859375,377.7638190954774,0.453125,0.32160804020100503,False,row0_col1,256,199,0,28
1773,321956,e366b8893ee234784cfdf96a,1773,4,13,36,108,281.921875,447.95477386934675,0.140625,0.4020100502512563,False,row1_col0,256,199,0,28
1774,321978,e366b8893ee234784cfdf96a,1774,26,13,212,108,1053.984375,447.95477386934675,0.828125,0.4020100502512563,False,row1_col2,256,199,0,28
1775,322251,e366b8893ee234784cfdf96a,1775,11,22,92,180,527.578125,763.8140703517588,0.359375,0.76381909547738691,False,row2_col1,256,199,0,28
1776,322693,18b34aa0fc8c8af8138154fe,1776,5,4,44,36,313.09375,140,0.171875,0,False,row0_col0,256,184,0,36
1777,322740,18b34aa0fc8c8af8138154fe,1777,20,5,164,44,831.53125,174.60869565217391,0.640625,0.043478260869565216,False,row0_col1,256,184,0,36
1778,322788,18b34aa0fc8c8af8138154fe,1778,4,7,36,60,278.53125,243.82608695652175,0.140625,0.13043478260869565,False,row0_col0,256,184,0,36
1779,323128,18b34aa0fc8c8af8138154fe,1779,24,17,196,140,969.78125,589.91304347826076,0.765625,0.56521739130434778,False,row1_col2,256,184,0,36
1780,323281,18b34aa0fc8c8af8138154fe,1780,17,22,140,180,727.84375,762.95652173913049,0.546875,0.78260869565217395,False,row2_col1,256,184,0,36
1781,323344,18b34aa0fc8c8af8138154fe,1781,16,24,132,196,693.28125,832.17391304347825,0.515625,0.86956521739130432,False,row2_col1,256,184,0,36
1782,323385,18b34aa0fc8c8af8138154fe,1782,25,25,204,204,1004.34375,866.78260869565213,0.796875,0.91304347826086951,False,row2_col2,256,184,0,36
1783,323639,e926571edbf8ab4ef6827bb2,1783,23,1,188,12,928.96875,30.616580310880821,0.734375,-0.098445595854922283,True,padding_center,256,193,0,31
1784,323683,e926571edbf8ab4ef6827bb2,1784,3,3,28,28,227.71875,100.83419689119171,0.109375,-0.015544041450777202,True,padding_center,256,193,0,31
1785,323721,e926571edbf8ab4ef6827bb2,1785,9,4,76,36,438.09375,135.94300518134716,0.296875,0.025906735751295335,False,row0_col0,256,193,0,31
1786,324446,e926571edbf8ab4ef6827bb2,1786,30,26,244,212,1174.40625,908.33678756476684,0.953125,0.93782383419689119,False,row2_col2,256,193,0,31
1787,324554,e926571edbf8ab4ef6827bb2,1787,10,30,84,244,473.15625,1048.7720207253885,0.328125,1.1036269430051813,True,padding_center,256,193,0,31
1788,324843,f5cda31a858d786125df8e22,1788,11,7,92,60,533.21875,244.26943005181346,0.359375,0.15025906735751296,False,row0_col1,256,193,0,31
1789,324852,f5cda31a858d786125df8e22,1789,20,7,164,60,848.78125,244.26943005181346,0.640625,0.15025906735751296,False,row0_col1,256,193,0,31
1790,324903,f5cda31a858d786125df8e22,1790,7,9,60,76,392.96875,314.48704663212436,0.234375,0.23316062176165803,False,row0_col0,256,193,0,31
1791,324938,f5cda31a858d786125df8e22,1791,10,10,84,84,498.15625,349.59585492227978,0.328125,0.27461139896373055,False,row0_col0,256,193,0,31
1792,325042,f5cda31a858d786125df8e22,1792,18,13,148,108,778.65625,454.92227979274611,0.578125,0.39896373056994816,False,row1_col1,256,193,0,31
1793,325169,f5cda31a858d786125df8e22,1793,17,17,140,140,743.59375,595.35751295336786,0.546875,0.56476683937823835,False,row1_col1,256,193,0,31
1794,325458,f5cda31a858d786125df8e22,1794,18,26,148,212,778.65625,911.33678756476684,0.578125,0.93782383419689119,False,row2_col1,256,193,0,31
1795,325510,f5cda31a858d786125df8e22,1795,6,28,52,228,357.90625,981.5544041450778,0.203125,1.0207253886010363,True,padding_center,256,193,0,31
1796,326009,c2b2f0fd9e97490a1ce9143a,1796,25,11,204,92,981.734375,379.66666666666663,0.796875,0.31216931216931215,False,row0_col2,256,189,0,33
1797,326113,c2b2f0fd9e97490a1ce9143a,1797,1,15,12,124,149.984375,518.33333333333326,0.046875,0.48148148148148145,False,row1_col0,256,189,0,33
1798,326258,c2b2f0fd9e97490a1ce9143a,1798,18,19,148,156,739.140625,657,0.578125,0.65079365079365081,False,row1_col1,256,189,0,33
1799,326333,c2b2f0fd9e97490a1ce9143a,1799,29,21,236,172,1120.359375,726.33333333333337,0.921875,0.73544973544973546,False,row2_col2,256,189,0,33
1800,326337,c2b2f0fd9e97490a1ce9143a,1800,1,22,12,180,149.984375,761,0.046875,0.77777777777777779,False,row2_col0,256,189,0,33
1801,326479,c2b2f0fd9e97490a1ce9143a,1801,15,26,124,212,635.171875,899.66666666666663,0.484375,0.94708994708994709,False,row2_col1,256,189,0,33
1802,326522,c2b2f0fd9e97490a1ce9143a,1802,26,27,212,220,1016.390625,934.33333333333337,0.828125,0.98941798941798942,False,row2_col2,256,189,0,33
1803,326946,829fa0ee35fbd7c1c841a103,1803,2,9,20,76,177.09375,301.56451612903226,0.078125,0.22043010752688172,False,row0_col0,256,186,0,35
1804,326987,829fa0ee35fbd7c1c841a103,1804,11,10,92,84,487.03125,336.01612903225805,0.359375,0.26344086021505375,False,row0_col1,256,186,0,35
1805,327287,829fa0ee35fbd7c1c841a103,1805,23,19,188,156,900.28125,646.08064516129025,0.734375,0.65053763440860213,False,row1_col2,256,186,0,35
1806,327382,829fa0ee35fbd7c1c841a103,1806,22,22,180,180,865.84375,749.43548387096769,0.703125,0.77956989247311825,False,row2_col2,256,186,0,35
1807,327740,b68be114738359817943c9b2,1807,28,1,228,12,1091.921875,27.222222222222229,0.890625,-0.1111111111111111,True,padding_center,256,189,0,33
1808,327807,b68be114738359817943c9b2,1808,31,3,252,28,1195.703125,96.386243386243393,0.984375,-0.026455026455026454,True,padding_center,256,189,0,33
1809,327948,b68be114738359817943c9b2,1809,12,8,100,68,538.421875,269.2962962962963,0.390625,0.18518518518518517,False,row0_col1,256,189,0,33
1810,328077,b68be114738359817943c9b2,1810,13,12,108,100,573.015625,407.62433862433863,0.421875,0.35449735449735448,False,row1_col1,256,189,0,33
1811,328161,b68be114738359817943c9b2,1811,1,15,12,124,157.890625,511.37037037037032,0.046875,0.48148148148148145,False,row1_col0,256,189,0,33
1812,328568,b68be114738359817943c9b2,1812,24,27,196,220,953.546875,926.35449735449731,0.765625,0.98941798941798942,False,row2_col2,256,189,0,33
1813,328892,e7c724e78fb9d4020c4926bf,1813,28,5,228,44,1083.921875,163.96756756756758,0.890625,0.048648648648648651,False,row0_col2,256,185,0,35
1814,329098,e7c724e78fb9d4020c4926bf,1814,10,12,84,100,461.234375,406.43243243243245,0.328125,0.35135135135135137,False,row1_col0,256,185,0,35
1815,329162,e7c724e78fb9d4020c4926bf,1815,10,14,84,116,461.234375,475.70810810810815,0.328125,0.43783783783783786,False,row1_col0,256,185,0,35
1816,329179,e7c724e78fb9d4020c4926bf,1816,27,14,220,116,1049.328125,475.70810810810815,0.859375,0.43783783783783786,False,row1_col2,256,185,0,35
1817,329221,e7c724e78fb9d4020c4926bf,1817,5,16,44,132,288.265625,544.98378378378379,0.171875,0.5243243243243243,False,row1_col0,256,185,0,35
1818,329253,e7c724e78fb9d4020c4926bf,1818,5,17,44,140,288.265625,579.62162162162167,0.171875,0.56756756756756754,False,row1_col0,256,185,0,35
1819,329409,e7c724e78fb9d4020c4926bf,1819,1,22,12,180,149.890625,752.81081081081084,0.046875,0.78378378378378377,False,row2_col0,256,185,0,35
1820,329433,e7c724e78fb9d4020c4926bf,1820,25,22,204,180,980.140625,752.81081081081084,0.796875,0.78378378378378377,False,row2_col2,256,185,0,35
1821,329699,e7c724e78fb9d4020c4926bf,1821,3,31,28,252,219.078125,1064.5513513513515,0.109375,1.172972972972973,True,padding_center,256,185,0,35
1822,329974,084113d51f52939d74d2a4fd,1822,22,7,180,60,856.65625,254.62032085561498,0.703125,0.13903743315508021,False,row0_col2,256,187,0,34
1823,330264,084113d51f52939d74d2a4fd,1823,24,16,196,132,925.78125,566.49197860962568,0.765625,0.52406417112299464,False,row1_col2,256,187,0,34
1824,330443,084113d51f52939d74d2a4fd,1824,11,22,92,180,476.46875,774.40641711229944,0.359375,0.78074866310160429,False,row2_col1,256,187,0,34
1825,330512,084113d51f52939d74d2a4fd,1825,16,24,132,196,649.28125,843.7112299465241,0.515625,0.86631016042780751,False,row2_col1,256,187,0,34
1826,330525,084113d51f52939d74d2a4fd,1826,29,24,236,196,1098.59375,843.7112299465241,0.921875,0.86631016042780751,False,row2_col2,256,187,0,34
1827,330577,084113d51f52939d74d2a4fd,1827,17,26,140,212,683.84375,913.01604278074865,0.546875,0.95187165775401072,False,row2_col1,256,187,0,34
1828,330603,084113d51f52939d74d2a4fd,1828,11,27,92,220,476.46875,947.66844919786092,0.359375,0.99465240641711228,False,row2_col1,256,187,0,34
1829,330813,37365c15acdfe8cb778d226d,1829,29,1,236,12,1133.90625,36.951612903225808,0.921875,-0.12365591397849462,True,padding_center,256,186,0,35
1830,330941,37365c15acdfe8cb778d226d,1830,29,5,236,44,1133.90625,174.75806451612902,0.921875,0.048387096774193547,False,row0_col2,256,186,0,35
1831,330986,37365c15acdfe8cb778d226d,1831,10,7,84,60,479.59375,243.66129032258064,0.328125,0.13440860215053763,False,row0_col0,256,186,0,35
1832,331149,37365c15acdfe8cb778d226d,1832,13,12,108,100,582.90625,415.91935483870969,0.421875,0.34946236559139787,False,row1_col1,256,186,0,35
1833,331399,37365c15acdfe8cb778d226d,1833,7,20,60,164,376.28125,691.53225806451621,0.234375,0.69354838709677424,False,row2_col0,256,186,0,35
1834,331444,37365c15acdfe8cb778d226d,1834,20,21,164,172,823.96875,725.98387096774195,0.640625,0.73655913978494625,False,row2_col1,256,186,0,35
1835,331448,37365c15acdfe8cb778d226d,1835,24,21,196,172,961.71875,725.98387096774195,0.765625,0.73655913978494625,False,row2_col2,256,186,0,35
1836,331479,37365c15acdfe8cb778d226d,1836,23,22,188,180,927.28125,760.43548387096769,0.734375,0.77956989247311825,False,row2_col2,256,186,0,35
1837,331608,37365c15acdfe8cb778d226d,1837,24,26,196,212,961.71875,898.24193548387098,0.765625,0.95161290322580649,False,row2_col2,256,186,0,35
1838,331667,37365c15acdfe8cb778d226d,1838,19,28,156,228,789.53125,967.14516129032256,0.609375,1.0376344086021505,True,padding_center,256,186,0,35
1839,331718,37365c15acdfe8cb778d226d,1839,6,30,52,244,341.84375,1036.0483870967741,0.203125,1.1236559139784945,True,padding_center,256,186,0,35
1840,331801,4a2e77ff95f9a40d8e136e34,1840,25,0,204,4,1025.125,0.80874316939889468,0.796875,-0.17486338797814208,True,padding_center,256,183,0,36
1841,331961,4a2e77ff95f9a40d8e136e34,1841,25,5,204,44,1025.125,174.79781420765028,0.796875,0.043715846994535519,False,row0_col2,256,183,0,36
1842,332061,4a2e77ff95f9a40d8e136e34,1842,29,8,236,68,1164.125,279.19125683060111,0.921875,0.17486338797814208,False,row0_col2,256,183,0,36
1843,332239,4a2e77ff95f9a40d8e136e34,1843,15,14,124,116,677.625,487.97814207650271,0.484375,0.43715846994535518,False,row1_col1,256,183,0,36
1844,332543,4a2e77ff95f9a40d8e136e34,1844,31,23,252,188,1233.625,801.15846994535525,0.984375,0.8306010928961749,False,row2_col2,256,183,0,36
1845,332750,4a2e77ff95f9a40d8e136e34,1845,14,30,116,244,642.875,1044.743169398907,0.453125,1.1366120218579234,True,padding_center,256,183,0,36
1846,332755,4a2e77ff95f9a40d8e136e34,1846,19,30,156,244,816.625,1044.743169398907,0.609375,1.1366120218579234,True,padding_center,256,183,0,36
1847,333248,a252f276c55b21904fb18cca,1847,0,14,4,116,118.28125,483.70810810810815,0.015625,0.43783783783783786,False,row1_col0,256,185,0,35
1848,333331,a252f276c55b21904fb18cca,1848,19,16,156,132,774.96875,552.98378378378379,0.609375,0.5243243243243243,False,row1_col1,256,185,0,35
1849,333390,a252f276c55b21904fb18cca,1849,14,18,116,148,602.15625,622.25945945945944,0.453125,0.61081081081081079,False,row1_col1,256,185,0,35
1850,333730,a252f276c55b21904fb18cca,1850,2,29,20,236,187.40625,1003.2756756756756,0.078125,1.0864864864864865,True,padding_center,256,185,0,35
1851,333758,a252f276c55b21904fb18cca,1851,30,29,244,236,1155.15625,1003.2756756756756,0.953125,1.0864864864864865,True,padding_center,256,185,0,35
1852,334111,7b4cc3d763377e93f41b6962,1852,31,8,252,68,1180.78125,292.98918918918923,0.984375,0.17837837837837839,False,row0_col2,256,185,0,35
1853,334116,7b4cc3d763377e93f41b6962,1853,4,9,36,76,250.96875,327.41081081081086,0.140625,0.22162162162162163,False,row0_col0,256,185,0,35
1854,334238,7b4cc3d763377e93f41b6962,1854,30,12,244,100,1146.34375,430.67567567567568,0.953125,0.35135135135135137,False,row1_col2,256,185,0,35
1855,334349,7b4cc3d763377e93f41b6962,1855,13,16,108,132,560.90625,568.36216216216212,0.421875,0.5243243243243243,False,row1_col1,256,185,0,35
1856,334353,7b4cc3d763377e93f41b6962,1856,17,16,140,132,698.65625,568.36216216216212,0.546875,0.5243243243243243,False,row1_col1,256,185,0,35
1857,334413,7b4cc3d763377e93f41b6962,1857,13,18,108,148,560.90625,637.20540540540537,0.421875,0.61081081081081079,False,row1_col1,256,185,0,35
1858,334420,7b4cc3d763377e93f41b6962,1858,20,18,164,148,801.96875,637.20540540540537,0.640625,0.61081081081081079,False,row1_col1,256,185,0,35
1859,334689,7b4cc3d763377e93f41b6962,1859,1,27,12,220,147.65625,947,0.046875,1,True,padding_center,256,185,0,35
1860,334715,7b4cc3d763377e93f41b6962,1860,27,27,220,220,1043.03125,947,0.859375,1,True,padding_center,256,185,0,35
1861,334801,7b4cc3d763377e93f41b6962,1861,17,30,140,244,698.65625,1050.2648648648649,0.546875,1.1297297297297297,True,padding_center,256,185,0,35
1862,334853,e0669a80e191364577047486,1862,5,0,44,4,299.609375,-9.2216216216216367,0.171875,-0.16756756756756758,True,padding_center,256,185,0,35
1863,335308,e0669a80e191364577047486,1863,12,14,100,116,542.203125,475.70810810810815,0.390625,0.43783783783783786,False,row1_col1,256,185,0,35
1864,335347,e0669a80e191364577047486,1864,19,15,156,124,784.796875,510.34594594594597,0.609375,0.48108108108108111,False,row1_col1,256,185,0,35
1865,335596,e0669a80e191364577047486,1865,12,23,100,188,542.203125,787.4486486486486,0.390625,0.82702702702702702,False,row2_col1,256,185,0,35
1866,335602,e0669a80e191364577047486,1866,18,23,148,188,750.140625,787.4486486486486,0.578125,0.82702702702702702,False,row2_col1,256,185,0,35
1867,335647,e0669a80e191364577047486,1867,31,24,252,196,1200.671875,822.08648648648648,0.984375,0.87027027027027026,False,row2_col2,256,185,0,35
1868,335669,e0669a80e191364577047486,1868,21,25,172,204,854.109375,856.72432432432436,0.671875,0.91351351351351351,False,row2_col2,256,185,0,35
1869,335706,e0669a80e191364577047486,1869,26,26,212,212,1027.390625,891.36216216216212,0.828125,0.95675675675675675,False,row2_col2,256,185,0,35
1870,335725,e0669a80e191364577047486,1870,13,27,108,220,576.859375,926,0.421875,1,True,padding_center,256,185,0,35
1871,335746,e0669a80e191364577047486,1871,2,28,20,228,195.640625,960.63783783783788,0.078125,1.0432432432432432,True,padding_center,256,185,0,35
1872,335906,e5f9395628709ae9079eeba0,1872,2,1,20,12,206.640625,30.173913043478265,0.078125,-0.13043478260869565,True,padding_center,256,184,0,36
1873,336272,e5f9395628709ae9079eeba0,1873,16,12,132,100,691.828125,410.86956521739131,0.515625,0.34782608695652173,False,row1_col1,256,184,0,36
1874,336384,e5f9395628709ae9079eeba0,1874,0,16,4,132,137.328125,549.304347826087,0.015625,0.52173913043478259,False,row1_col0,256,184,0,36
1875,336623,e5f9395628709ae9079eeba0,1875,15,23,124,188,657.171875,791.56521739130437,0.484375,0.82608695652173914,False,row2_col1,256,184,0,36
1876,336685,e5f9395628709ae9079eeba0,1876,13,25,108,204,587.859375,860.78260869565213,0.421875,0.91304347826086951,False,row2_col1,256,184,0,36
1877,336870,e5f9395628709ae9079eeba0,1877,6,31,52,252,345.265625,1068.4347826086957,0.203125,1.173913043478261,True,padding_center,256,184,0,36
1878,336899,347841146c8588b3b0ef8cd2,1878,3,0,28,4,197.953125,-3.6914893617021391,0.109375,-0.15957446808510639,True,padding_center,256,188,0,34
1879,337060,347841146c8588b3b0ef8cd2,1879,4,5,36,44,232.796875,170.56382978723406,0.140625,0.053191489361702128,False,row0_col0,256,188,0,34
1880,337137,347841146c8588b3b0ef8cd2,1880,17,7,140,60,685.765625,240.2659574468085,0.546875,0.13829787234042554,False,row0_col1,256,188,0,34
1881,337328,347841146c8588b3b0ef8cd2,1881,16,13,132,108,650.921875,449.37234042553195,0.515625,0.39361702127659576,False,row1_col1,256,188,0,34
1882,337515,347841146c8588b3b0ef8cd2,1882,11,19,92,156,476.703125,658.47872340425533,0.359375,0.64893617021276595,False,row1_col1,256,188,0,34
1883,337786,347841146c8588b3b0ef8cd2,1883,26,27,212,220,999.359375,937.28723404255322,0.828125,0.98936170212765961,False,row2_col2,256,188,0,34
1884,337931,f22091c6ec1059e3844fce4e,1884,11,0,92,4,531.703125,-17.372340425531917,0.359375,-0.15957446808510639,True,padding_center,256,188,0,34
1885,337974,f22091c6ec1059e3844fce4e,1885,22,1,180,12,914.984375,17.393617021276597,0.703125,-0.11702127659574468,True,padding_center,256,188,0,34
1886,337984,f22091c6ec1059e3844fce4e,1886,0,2,4,20,148.421875,52.159574468085111,0.015625,-0.074468085106382975,True,padding_center,256,188,0,34
1887,338037,f22091c6ec1059e3844fce4e,1887,21,3,172,28,880.140625,86.925531914893611,0.671875,-0.031914893617021274,True,padding_center,256,188,0,34
1888,338304,f22091c6ec1059e3844fce4e,1888,0,12,4,100,148.421875,399.81914893617022,0.015625,0.35106382978723405,False,row1_col0,256,188,0,34
1889,338316,f22091c6ec1059e3844fce4e,1889,12,12,100,100,566.546875,399.81914893617022,0.390625,0.35106382978723405,False,row1_col1,256,188,0,34
1890,338856,f22091c6ec1059e3844fce4e,1890,8,29,68,236,427.171875,990.84042553191489,0.265625,1.074468085106383,True,padding_center,256,188,0,34
1891,339341,e011d89cc836ba1aa1bc02a9,1891,13,12,108,100,572.546875,411.60869565217388,0.421875,0.34782608695652173,False,row1_col1,256,184,0,36
1892,339706,e011d89cc836ba1aa1bc02a9,1892,26,23,212,188,1024.703125,794.695652173913,0.828125,0.82608695652173914,False,row2_col2,256,184,0,36
1893,339779,e011d89cc836ba1aa1bc02a9,1893,3,26,28,212,224.734375,899.17391304347825,0.109375,0.95652173913043481,False,row2_col0,256,184,0,36
1894,339849,e011d89cc836ba1aa1bc02a9,1894,9,28,76,228,433.421875,968.82608695652175,0.296875,1.0434782608695652,True,padding_center,256,184,0,36
1895,339944,e011d89cc836ba1aa1bc02a9,1895,8,31,68,252,398.640625,1073.304347826087,0.265625,1.173913043478261,True,padding_center,256,184,0,36
1896,340141,13b0152a68a53d6271f1d621,1896,13,5,108,44,510.015625,159.58947368421053,0.421875,0.057894736842105263,False,row0_col1,256,190,0,33
1897,340331,13b0152a68a53d6271f1d621,1897,11,11,92,92,440.828125,367.25263157894739,0.359375,0.31052631578947371,False,row0_col1,256,190,0,33
1898,340418,13b0152a68a53d6271f1d621,1898,2,14,20,116,129.484375,471.08421052631581,0.078125,0.43684210526315792,False,row1_col0,256,190,0,33
1899,340616,13b0152a68a53d6271f1d621,1899,8,20,68,164,337.046875,678.74736842105267,0.265625,0.68947368421052635,False,row2_col0,256,190,0,33
1900,340806,13b0152a68a53d6271f1d621,1900,6,26,52,212,267.859375,886.41052631578953,0.203125,0.94210526315789478,False,row2_col0,256,190,0,33
1901,340876,13b0152a68a53d6271f1d621,1901,12,28,100,228,475.421875,955.63157894736844,0.390625,1.0263157894736843,True,padding_center,256,190,0,33
1902,340996,7caf0646c5e1a5cc3ec3968d,1902,4,0,36,4,239.96875,10.5,0.140625,-0.16666666666666666,True,padding_center,256,186,0,35
1903,341022,7caf0646c5e1a5cc3ec3968d,1903,30,0,244,4,1135.34375,10.5,0.953125,-0.16666666666666666,True,padding_center,256,186,0,35
1904,341116,7caf0646c5e1a5cc3ec3968d,1904,28,3,228,28,1066.46875,113.85483870967742,0.890625,-0.037634408602150539,True,padding_center,256,186,0,35
1905,341145,7caf0646c5e1a5cc3ec3968d,1905,25,4,204,36,963.15625,148.30645161290323,0.796875,0.0053763440860215058,False,row0_col2,256,186,0,35
1906,341208,7caf0646c5e1a5cc3ec3968d,1906,24,6,196,52,928.71875,217.20967741935485,0.765625,0.091397849462365593,False,row0_col2,256,186,0,35
1907,341209,7caf0646c5e1a5cc3ec3968d,1907,25,6,204,52,963.15625,217.20967741935485,0.796875,0.091397849462365593,False,row0_col2,256,186,0,35
1908,342642,1b4772939ca9ecd9e08d219a,1908,18,19,148,156,729.875,656.72631578947369,0.578125,0.64736842105263159,False,row1_col1,256,190,0,33
1909,342691,1b4772939ca9ecd9e08d219a,1909,3,21,28,172,208.625,726.28421052631586,0.109375,0.73157894736842111,False,row2_col0,256,190,0,33
1910,342844,1b4772939ca9ecd9e08d219a,1910,28,25,228,204,1077.375,865.39999999999998,0.890625,0.90000000000000002,False,row2_col2,256,190,0,33
1911,342857,1b4772939ca9ecd9e08d219a,1911,9,26,76,212,417.125,900.17894736842106,0.296875,0.94210526315789478,False,row2_col0,256,190,0,33
1912,342919,1b4772939ca9ecd9e08d219a,1912,7,28,60,228,347.625,969.73684210526324,0.234375,1.0263157894736843,True,padding_center,256,190,0,33
1913,343022,1b4772939ca9ecd9e08d219a,1913,14,31,116,252,590.875,1074.0736842105264,0.453125,1.1526315789473685,True,padding_center,256,190,0,33
1914,343202,4d5c5a4af0d0418475b08f37,1914,2,5,20,44,229.09375,169.08510638297872,0.078125,0.053191489361702128,False,row0_col0,256,188,0,34
1915,343216,4d5c5a4af0d0418475b08f37,1915,16,5,132,44,711.21875,169.08510638297872,0.515625,0.053191489361702128,False,row0_col1,256,188,0,34
1916,343277,4d5c5a4af0d0418475b08f37,1916,13,7,108,60,607.90625,238.02127659574467,0.421875,0.13829787234042554,False,row0_col1,256,188,0,34
1917,343399,4d5c5a4af0d0418475b08f37,1917,7,11,60,92,401.28125,375.89361702127655,0.234375,0.30851063829787234,False,row0_col0,256,188,0,34
1918,343414,4d5c5a4af0d0418475b08f37,1918,22,11,180,92,917.84375,375.89361702127655,0.703125,0.30851063829787234,False,row0_col2,256,188,0,34
1919,343651,4d5c5a4af0d0418475b08f37,1919,3,19,28,156,263.53125,651.63829787234044,0.109375,0.64893617021276595,False,row1_col0,256,188,0,34
1920,344040,4d5c5a4af0d0418475b08f37,1920,8,31,68,252,435.71875,1065.255319148936,0.265625,1.1595744680851063,True,padding_center,256,188,0,34
1921,344131,2c3f234377604e8dcb2d2a73,1921,3,2,28,20,224.078125,64.782608695652172,0.109375,-0.086956521739130432,True,padding_center,256,184,0,36
1922,344147,2c3f234377604e8dcb2d2a73,1922,19,2,156,20,777.578125,64.782608695652172,0.609375,-0.086956521739130432,True,padding_center,256,184,0,36
1923,344334,2c3f234377604e8dcb2d2a73,1923,14,8,116,68,604.609375,272.43478260869563,0.453125,0.17391304347826086,False,row0_col1,256,184,0,36
1924,344700,2c3f234377604e8dcb2d2a73,1924,28,19,228,156,1088.921875,653.13043478260875,0.890625,0.65217391304347827,False,row1_col2,256,184,0,36
1925,345129,d966074aac618fed4e291ae3,1925,9,1,76,12,414.265625,39.830769230769221,0.296875,-0.092307692307692313,True,padding_center,256,195,0,30
1926,345632,d966074aac618fed4e291ae3,1926,0,17,4,140,105.171875,588.58974358974365,0.015625,0.5641025641025641,False,row1_col0,256,195,0,30
1927,345718,d966074aac618fed4e291ae3,1927,22,19,180,156,860.734375,657.18461538461543,0.703125,0.64615384615384619,False,row1_col2,256,195,0,30
1928,345746,d966074aac618fed4e291ae3,1928,18,20,148,164,723.359375,691.48205128205132,0.578125,0.68717948717948718,False,row2_col1,256,195,0,30
1929,345877,d966074aac618fed4e291ae3,1929,21,24,172,196,826.390625,828.67179487179487,0.671875,0.85128205128205126,False,row2_col2,256,195,0,30
1930,345950,d966074aac618fed4e291ae3,1930,30,26,244,212,1135.484375,897.26666666666665,0.953125,0.93333333333333335,False,row2_col2,256,195,0,30
1931,345976,d966074aac618fed4e291ae3,1931,24,27,196,220,929.421875,931.56410256410254,0.765625,0.97435897435897434,False,row2_col2,256,195,0,30
1932,346048,d966074aac618fed4e291ae3,1932,0,30,4,244,105.171875,1034.4564102564104,0.015625,1.0974358974358975,True,padding_center,256,195,0,30
1933,346061,d966074aac618fed4e291ae3,1933,13,30,108,244,551.640625,1034.4564102564104,0.421875,1.0974358974358975,True,padding_center,256,195,0,30
1934,346276,69ce82acc0f6112757b0f61b,1934,4,5,36,44,261.671875,171.96756756756758,0.140625,0.048648648648648651,False,row0_col0,256,185,0,35
1935,346518,69ce82acc0f6112757b0f61b,1935,22,12,180,100,884.359375,414.43243243243245,0.703125,0.35135135135135137,False,row1_col2,256,185,0,35
1936,346538,69ce82acc0f6112757b0f61b,1936,10,13,84,108,469.234375,449.07027027027027,0.328125,0.39459459459459462,False,row1_col0,256,185,0,35
1937,346697,69ce82acc0f6112757b0f61b,1937,9,18,76,148,434.640625,622.25945945945944,0.296875,0.61081081081081079,False,row1_col0,256,185,0,35
1938,346703,69ce82acc0f6112757b0f61b,1938,15,18,124,148,642.203125,622.25945945945944,0.484375,0.61081081081081079,False,row1_col1,256,185,0,35
1939,346905,69ce82acc0f6112757b0f61b,1939,25,24,204,196,988.140625,830.08648648648648,0.796875,0.87027027027027026,False,row2_col2,256,185,0,35
1940,346915,69ce82acc0f6112757b0f61b,1940,3,25,28,204,227.078125,864.72432432432436,0.109375,0.91351351351351351,False,row2_col0,256,185,0,35
1941,347160,8406bcde35f072bc956e4b05,1941,24,0,196,4,947.078125,-9.060439560439562,0.765625,-0.18131868131868131,True,padding_center,256,182,0,37
1942,347245,8406bcde35f072bc956e4b05,1942,13,3,108,28,565.859375,94.983516483516482,0.421875,-0.049450549450549448,True,padding_center,256,182,0,37
1943,347363,8406bcde35f072bc956e4b05,1943,3,7,28,60,219.296875,233.70879120879121,0.109375,0.12637362637362637,False,row0_col0,256,182,0,37
1944,348626,aeb6f3350dd903eec76c1d2f,1944,18,14,148,116,750.140625,473.47802197802201,0.578125,0.43406593406593408,False,row1_col1,256,182,0,37
1945,348746,aeb6f3350dd903eec76c1d2f,1945,10,18,84,148,472.890625,612.2032967032967,0.328125,0.60989010989010994,False,row1_col0,256,182,0,37
1946,348843,aeb6f3350dd903eec76c1d2f,1946,11,21,92,172,507.546875,716.24725274725279,0.359375,0.74175824175824179,False,row2_col1,256,182,0,37
1947,349006,aeb6f3350dd903eec76c1d2f,1947,14,26,116,212,611.515625,889.65384615384619,0.453125,0.96153846153846156,False,row2_col1,256,182,0,37
1948,349047,aeb6f3350dd903eec76c1d2f,1948,23,27,188,220,923.421875,924.33516483516485,0.734375,1.0054945054945055,True,padding_center,256,182,0,37
1949,349496,178406615aaeb3e456e1b3cc,1949,24,9,196,76,946.375,296.01587301587301,0.765625,0.2275132275132275,False,row0_col2,256,189,0,33
1950,349544,178406615aaeb3e456e1b3cc,1950,8,11,68,92,390.375,365.60317460317458,0.265625,0.31216931216931215,False,row0_col0,256,189,0,33
1951,349556,178406615aaeb3e456e1b3cc,1951,20,11,164,92,807.375,365.60317460317458,0.640625,0.31216931216931215,False,row0_col1,256,189,0,33
1952,349639,178406615aaeb3e456e1b3cc,1952,7,14,60,116,355.625,469.98412698412699,0.234375,0.43915343915343913,False,row1_col0,256,189,0,33
1953,349718,178406615aaeb3e456e1b3cc,1953,22,16,180,132,876.875,539.57142857142867,0.703125,0.52380952380952384,False,row1_col2,256,189,0,33
1954,350237,fb0fc8380eda2b3a475c35eb,1954,29,0,236,4,1117.90625,-11.255319148936167,0.921875,-0.15957446808510639,True,padding_center,256,188,0,34
1955,350276,fb0fc8380eda2b3a475c35eb,1955,4,2,36,20,256.96875,57.680851063829792,0.140625,-0.074468085106382975,True,padding_center,256,188,0,34
1956,350278,fb0fc8380eda2b3a475c35eb,1956,6,2,52,20,325.84375,57.680851063829792,0.203125,-0.074468085106382975,True,padding_center,256,188,0,34
1957,350551,fb0fc8380eda2b3a475c35eb,1957,23,10,188,84,911.28125,333.42553191489361,0.734375,0.26595744680851063,False,row0_col2,256,188,0,34
1958,350641,fb0fc8380eda2b3a475c35eb,1958,17,13,140,108,704.65625,436.82978723404256,0.546875,0.39361702127659576,False,row1_col1,256,188,0,34
1959,350742,fb0fc8380eda2b3a475c35eb,1959,22,16,180,132,876.84375,540.23404255319156,0.703125,0.52127659574468088,False,row1_col2,256,188,0,34
1960,350823,fb0fc8380eda2b3a475c35eb,1960,7,19,60,156,360.28125,643.63829787234044,0.234375,0.64893617021276595,False,row1_col0,256,188,0,34
1961,350881,fb0fc8380eda2b3a475c35eb,1961,1,21,12,172,153.65625,712.57446808510633,0.046875,0.73404255319148937,False,row2_col0,256,188,0,34
1962,351323,4f1c77f5d121ab64501fbab2,1962,27,2,220,20,1079.328125,65.08064516129032,0.859375,-0.080645161290322578,True,padding_center,256,186,0,35
1963,351551,4f1c77f5d121ab64501fbab2,1963,31,9,252,76,1217.703125,307.44623655913978,0.984375,0.22043010752688172,False,row0_col2,256,186,0,35
1964,351577,4f1c77f5d121ab64501fbab2,1964,25,10,204,84,1010.140625,342.06989247311827,0.796875,0.26344086021505375,False,row0_col2,256,186,0,35
1965,351653,4f1c77f5d121ab64501fbab2,1965,5,13,44,108,318.265625,445.94086021505376,0.171875,0.39247311827956988,False,row1_col0,256,186,0,35
1966,351694,4f1c77f5d121ab64501fbab2,1966,14,14,116,116,629.609375,480.56451612903226,0.453125,0.43548387096774194,False,row1_col1,256,186,0,35
1967,351842,4f1c77f5d121ab64501fbab2,1967,2,19,20,156,214.484375,653.68279569892468,0.078125,0.65053763440860213,False,row1_col0,256,186,0,35
1968,351860,4f1c77f5d121ab64501fbab2,1968,20,19,164,156,837.171875,653.68279569892468,0.640625,0.65053763440860213,False,row1_col1,256,186,0,35
1969,352137,4f1c77f5d121ab64501fbab2,1969,9,28,76,228,456.640625,965.29569892473114,0.296875,1.0376344086021505,True,padding_center,256,186,0,35
1970,352140,4f1c77f5d121ab64501fbab2,1970,12,28,100,228,560.421875,965.29569892473114,0.390625,1.0376344086021505,True,padding_center,256,186,0,35
1971,352221,4f1c77f5d121ab64501fbab2,1971,29,30,236,244,1148.515625,1034.5430107526881,0.921875,1.1236559139784945,True,padding_center,256,186,0,35
1972,352431,0e73d5b73d8a048c26edff31,1972,15,5,124,44,653.203125,155.60869565217391,0.484375,0.043478260869565216,False,row0_col1,256,184,0,36
1973,352826,0e73d5b73d8a048c26edff31,1973,26,17,212,140,1033.734375,570.91304347826076,0.828125,0.56521739130434778,False,row1_col2,256,184,0,36
1974,352838,0e73d5b73d8a048c26edff31,1974,6,18,52,148,341.859375,605.52173913043475,0.203125,0.60869565217391308,False,row1_col0,256,184,0,36
1975,353200,0e73d5b73d8a048c26edff31,1975,16,29,132,236,687.796875,986.21739130434776,0.515625,1.0869565217391304,True,padding_center,256,184,0,36
1976,353305,f2a63220b9188d0728d33d45,1976,25,0,204,4,963.15625,-8.5026178010471085,0.796875,-0.14659685863874344,True,padding_center,256,191,0,32
1977,353306,f2a63220b9188d0728d33d45,1977,26,0,212,4,997.59375,-8.5026178010471085,0.828125,-0.14659685863874344,True,padding_center,256,191,0,32
1978,353429,f2a63220b9188d0728d33d45,1978,21,4,172,36,825.40625,129.21465968586386,0.671875,0.020942408376963352,False,row0_col2,256,191,0,32
1979,353431,f2a63220b9188d0728d33d45,1979,23,4,188,36,894.28125,129.21465968586386,0.734375,0.020942408376963352,False,row0_col2,256,191,0,32
1980,353643,f2a63220b9188d0728d33d45,1980,11,11,92,92,481.03125,370.21989528795814,0.359375,0.31413612565445026,False,row0_col1,256,191,0,32
1981,353690,f2a63220b9188d0728d33d45,1981,26,12,212,100,997.59375,404.64921465968587,0.828125,0.35602094240837695,False,row1_col2,256,191,0,32
1982,353723,f2a63220b9188d0728d33d45,1982,27,13,220,108,1032.03125,439.0785340314136,0.859375,0.39790575916230364,False,row1_col2,256,191,0,32
1983,354025,f2a63220b9188d0728d33d45,1983,9,23,76,188,412.15625,783.37172774869111,0.296875,0.81675392670157065,False,row2_col0,256,191,0,32
1984,354382,8deef7cbf795dc5034389593,1984,14,2,116,20,569.984375,78.285714285714292,0.453125,-0.068783068783068779,True,padding_center,256,189,0,33
1985,354537,8deef7cbf795dc5034389593,1985,9,7,76,60,398.265625,249.71428571428572,0.296875,0.14285714285714285,False,row0_col0,256,189,0,33
1986,354896,8deef7cbf795dc5034389593,1986,16,18,132,148,638.671875,626.85714285714289,0.515625,0.60846560846560849,False,row1_col1,256,189,0,33
1987,355086,8deef7cbf795dc5034389593,1987,14,24,116,196,569.984375,832.57142857142856,0.453125,0.86243386243386244,False,row2_col1,256,189,0,33
1988,355231,8deef7cbf795dc5034389593,1988,31,28,252,228,1153.828125,969.71428571428578,0.984375,1.0317460317460319,True,padding_center,256,189,0,33
1989,355370,e10a5a39c537eaf14c46b2be,1989,10,1,84,12,471.59375,42.212765957446805,0.328125,-0.11702127659574468,True,padding_center,256,188,0,34
1990,355707,e10a5a39c537eaf14c46b2be,1990,27,11,220,92,1057.03125,386.89361702127655,0.859375,0.30851063829787234,False,row0_col2,256,188,0,34
1991,355828,e10a5a39c537eaf14c46b2be,1991,20,15,164,124,815.96875,524.76595744680856,0.640625,0.47872340425531917,False,row1_col1,256,188,0,34
1992,355849,e10a5a39c537eaf14c46b2be,1992,9,16,76,132,437.15625,559.23404255319156,0.296875,0.52127659574468088,False,row1_col0,256,188,0,34
1993,355994,e10a5a39c537eaf14c46b2be,1993,26,20,212,164,1022.59375,697.10638297872345,0.828125,0.69148936170212771,False,row2_col2,256,188,0,34
1994,356026,e10a5a39c537eaf14c46b2be,1994,26,21,212,172,1022.59375,731.57446808510633,0.828125,0.73404255319148937,False,row2_col2,256,188,0,34
1995,356070,e10a5a39c537eaf14c46b2be,1995,6,23,52,188,333.84375,800.51063829787233,0.203125,0.81914893617021278,False,row2_col0,256,188,0,34
1996,356334,e10a5a39c537eaf14c46b2be,1996,14,31,116,252,609.34375,1076.255319148936,0.453125,1.1595744680851063,True,padding_center,256,188,0,34
1997,356759,896ecacb2e63e157dc4e35d7,1997,23,12,188,100,960.828125,419.85340314136124,0.734375,0.35602094240837695,False,row1_col2,256,191,0,32
1998,356939,896ecacb2e63e157dc4e35d7,1998,11,18,92,148,542.703125,628.69109947643983,0.359375,0.60732984293193715,False,row1_col1,256,191,0,32
1999,358442,6dc9bf8ff05d6f7df0e30315,1999,10,1,84,12,464.890625,14.222222222222229,0.328125,-0.1111111111111111,True,padding_center,256,189,0,33
2000,359135,6dc9bf8ff05d6f7df0e30315,2000,31,22,252,180,1192.671875,740.44444444444446,0.984375,0.77777777777777779,False,row2_col2,256,189,0,33
2001,359464,4d84e8bbae7d2af42353df02,2001,8,1,68,12,360.375,25,0.265625,-0.1111111111111111,True,padding_center,256,189,0,33
2002,359471,4d84e8bbae7d2af42353df02,2002,15,1,124,12,603.625,25,0.484375,-0.1111111111111111,True,padding_center,256,189,0,33
2003,359790,4d84e8bbae7d2af42353df02,2003,14,11,116,92,568.875,371.66666666666663,0.453125,0.31216931216931215,False,row0_col1,256,189,0,33
2004,359939,4d84e8bbae7d2af42353df02,2004,3,16,28,132,186.625,545,0.109375,0.52380952380952384,False,row1_col0,256,189,0,33
2005,360533,1219cb310706faa103ce419b,2005,21,2,172,20,836.09375,51.016393442622956,0.671875,-0.087431693989071038,True,padding_center,256,183,0,36
2006,361128,1219cb310706faa103ce419b,2006,8,21,68,172,386.78125,706.36065573770497,0.265625,0.74316939890710387,False,row2_col0,256,183,0,36
2007,361153,1219cb310706faa103ce419b,2007,1,22,12,180,144.84375,740.85245901639348,0.046875,0.78688524590163933,False,row2_col0,256,183,0,36
2008,361425,1219cb310706faa103ce419b,2008,17,30,140,244,697.84375,1016.7868852459015,0.546875,1.1366120218579234,True,padding_center,256,183,0,36
2009,361457,1219cb310706faa103ce419b,2009,17,31,140,252,697.84375,1051.2786885245901,0.546875,1.180327868852459,True,padding_center,256,183,0,36
2010,361691,d80aa3f118aa9582d473ba58,2010,27,6,220,52,1073.046875,178.96791443850267,0.859375,0.096256684491978606,False,row0_col2,256,187,0,34
2011,361866,d80aa3f118aa9582d473ba58,2011,10,12,84,100,483.890625,386.88235294117646,0.328125,0.35294117647058826,False,row1_col0,256,187,0,34
2012,362133,d80aa3f118aa9582d473ba58,2012,21,20,172,164,865.109375,664.10160427807489,0.671875,0.69518716577540107,False,row2_col2,256,187,0,34
2013,362153,d80aa3f118aa9582d473ba58,2013,9,21,76,172,449.234375,698.75401069518716,0.296875,0.73796791443850263,False,row2_col0,256,187,0,34
2014,362187,d80aa3f118aa9582d473ba58,2014,11,22,92,180,518.546875,733.40641711229944,0.359375,0.78074866310160429,False,row2_col1,256,187,0,34
2015,362703,53f85fa89c59271d3ffb3641,2015,15,6,124,52,673.78125,173.55319148936172,0.484375,0.095744680851063829,False,row0_col1,256,188,0,34
2016,362819,53f85fa89c59271d3ffb3641,2016,3,10,28,84,260.53125,311.42553191489361,0.109375,0.26595744680851063,False,row0_col0,256,188,0,34
2017,362915,53f85fa89c59271d3ffb3641,2017,3,13,28,108,260.53125,414.82978723404256,0.109375,0.39361702127659576,False,row1_col0,256,188,0,34
2018,363313,53f85fa89c59271d3ffb3641,2018,17,25,140,204,742.65625,828.44680851063833,0.546875,0.9042553191489362,False,row2_col1,256,188,0,34
2019,363733,64e11d7683e404d870ca400b,2019,21,6,172,52,887.109375,200.49214659685862,0.671875,0.10471204188481675,False,row0_col2,256,191,0,32
2020,363739,64e11d7683e404d870ca400b,2020,27,6,220,52,1095.046875,200.49214659685862,0.859375,0.10471204188481675,False,row0_col2,256,191,0,32
2021,363779,64e11d7683e404d870ca400b,2021,3,8,28,68,263.296875,269.68586387434556,0.109375,0.18848167539267016,False,row0_col0,256,191,0,32
2022,363828,64e11d7683e404d870ca400b,2022,20,9,164,76,852.453125,304.28272251308897,0.640625,0.23036649214659685,False,row0_col1,256,191,0,32
2023,363891,64e11d7683e404d870ca400b,2023,19,11,156,92,817.796875,373.47643979057591,0.609375,0.31413612565445026,False,row0_col1,256,191,0,32
2024,364129,64e11d7683e404d870ca400b,2024,1,19,12,156,193.984375,650.25130890052355,0.046875,0.64921465968586389,False,row1_col0,256,191,0,32
2025,364317,64e11d7683e404d870ca400b,2025,29,24,236,196,1164.359375,823.2356020942409,0.921875,0.8586387434554974,False,row2_col2,256,191,0,32
2026,364464,64e11d7683e404d870ca400b,2026,16,29,132,236,713.828125,996.21989528795814,0.515625,1.0680628272251309,True,padding_center,256,191,0,32
2027,364595,462b47fa3de976e72a9b5115,2027,19,1,156,12,817.796875,16.705882352941174,0.609375,-0.11764705882352941,True,padding_center,256,187,0,34
2028,364722,462b47fa3de976e72a9b5115,2028,18,5,148,44,783.140625,155.31550802139037,0.578125,0.053475935828877004,False,row0_col1,256,187,0,34
2029,364999,462b47fa3de976e72a9b5115,2029,7,14,60,116,401.921875,467.18716577540107,0.234375,0.43850267379679142,False,row1_col0,256,187,0,34
2030,365026,462b47fa3de976e72a9b5115,2030,2,15,20,124,228.640625,501.83957219251334,0.078125,0.48128342245989303,False,row1_col0,256,187,0,34
2031,365152,462b47fa3de976e72a9b5115,2031,0,19,4,156,159.328125,640.44919786096261,0.015625,0.65240641711229952,False,row1_col0,256,187,0,34
2032,365459,462b47fa3de976e72a9b5115,2032,19,28,156,228,817.796875,952.3208556149732,0.609375,1.0374331550802138,True,padding_center,256,187,0,34
2033,365493,462b47fa3de976e72a9b5115,2033,21,29,172,236,887.109375,986.97326203208559,0.671875,1.0802139037433156,True,padding_center,256,187,0,34
2034,365654,b9fd7826307ce6bb94f27b18,2034,22,2,180,20,911.984375,60.677419354838705,0.703125,-0.080645161290322578,True,padding_center,256,186,0,35
2035,365707,b9fd7826307ce6bb94f27b18,2035,11,4,92,36,528.703125,130.35483870967741,0.359375,0.0053763440860215058,False,row0_col1,256,186,0,35
2036,365718,b9fd7826307ce6bb94f27b18,2036,22,4,180,36,911.984375,130.35483870967741,0.703125,0.0053763440860215058,False,row0_col2,256,186,0,35
2037,366253,b9fd7826307ce6bb94f27b18,2037,13,21,108,172,598.390625,722.61290322580646,0.421875,0.73655913978494625,False,row2_col1,256,186,0,35
2038,366529,b9fd7826307ce6bb94f27b18,2038,1,30,12,244,180.265625,1036.1612903225805,0.046875,1.1236559139784945,True,padding_center,256,186,0,35
2039,366531,b9fd7826307ce6bb94f27b18,2039,3,30,28,244,249.953125,1036.1612903225805,0.109375,1.1236559139784945,True,padding_center,256,186,0,35
2040,366601,7d4e47ad65dc99387ba61cb2,2040,9,0,76,4,456.640625,-9.060439560439562,0.296875,-0.18131868131868131,True,padding_center,256,182,0,37
2041,366724,7d4e47ad65dc99387ba61cb2,2041,4,4,36,36,283.671875,129.66483516483515,0.140625,-0.0054945054945054949,True,padding_center,256,182,0,37
2042,366801,7d4e47ad65dc99387ba61cb2,2042,17,6,140,52,733.390625,199.02747252747253,0.546875,0.082417582417582416,False,row0_col1,256,182,0,37
2043,366940,7d4e47ad65dc99387ba61cb2,2043,28,10,228,84,1113.921875,337.75274725274727,0.890625,0.25824175824175827,False,row0_col2,256,182,0,37
2044,367739,0f6e303814c6beca4197c87d,2044,27,3,220,28,1043.046875,97.304347826086968,0.859375,-0.043478260869565216,True,padding_center,256,184,0,36
2045,367819,0f6e303814c6beca4197c87d,2045,11,6,92,52,488.546875,201.39130434782606,0.359375,0.086956521739130432,False,row0_col1,256,184,0,36
2046,367836,0f6e303814c6beca4197c87d,2046,28,6,228,52,1077.703125,201.39130434782606,0.890625,0.086956521739130432,False,row0_col2,256,184,0,36
2047,367862,0f6e303814c6beca4197c87d,2047,22,7,180,60,869.765625,236.08695652173913,0.703125,0.13043478260869565,False,row0_col2,256,184,0,36
2048,368156,0f6e303814c6beca4197c87d,2048,28,16,228,132,1077.703125,548.3478260869565,0.890625,0.52173913043478259,False,row1_col2,256,184,0,36
2049,368391,0f6e303814c6beca4197c87d,2049,7,24,60,196,349.921875,825.91304347826087,0.234375,0.86956521739130432,False,row2_col0,256,184,0,36
2050,368397,0f6e303814c6beca4197c87d,2050,13,24,108,196,557.859375,825.91304347826087,0.421875,0.86956521739130432,False,row2_col1,256,184,0,36
2051,368877,84660a36fd2a77d5af219fa3,2051,13,7,108,60,609.859375,243.62032085561498,0.421875,0.13903743315508021,False,row0_col1,256,187,0,34
2052,368987,84660a36fd2a77d5af219fa3,2052,27,10,220,84,1095.046875,347.57754010695191,0.859375,0.26737967914438504,False,row0_col2,256,187,0,34
2053,369350,84660a36fd2a77d5af219fa3,2053,6,22,52,180,367.265625,763.40641711229944,0.203125,0.78074866310160429,False,row2_col0,256,187,0,34
2054,369820,cb497568001f41f6f930efc3,2054,28,4,228,36,1119.03125,129,0.890625,0,False,row0_col2,256,184,0,36
2055,369904,cb497568001f41f6f930efc3,2055,16,7,132,60,704.28125,232.82608695652175,0.515625,0.13043478260869565,False,row0_col1,256,184,0,36
2056,369940,cb497568001f41f6f930efc3,2056,20,8,164,68,842.53125,267.43478260869563,0.640625,0.17391304347826086,False,row0_col1,256,184,0,36
2057,370135,cb497568001f41f6f930efc3,2057,23,14,188,116,946.21875,475.08695652173913,0.734375,0.43478260869565216,False,row1_col2,256,184,0,36
2058,370812,dbf24df1fbf05890f62cb775,2058,28,3,228,28,1121.375,107.44444444444446,0.890625,-0.055555555555555552,True,padding_center,256,180,0,38
2059,370896,dbf24df1fbf05890f62cb775,2059,16,6,132,52,704.375,211.97777777777779,0.515625,0.077777777777777779,False,row0_col1,256,180,0,38
2060,371111,dbf24df1fbf05890f62cb775,2060,7,13,60,108,391.625,455.88888888888891,0.234375,0.3888888888888889,False,row1_col0,256,180,0,38
2061,371121,dbf24df1fbf05890f62cb775,2061,17,13,140,108,739.125,455.88888888888891,0.546875,0.3888888888888889,False,row1_col1,256,180,0,38
2062,371309,dbf24df1fbf05890f62cb775,2062,13,19,108,156,600.125,664.95555555555552,0.421875,0.65555555555555556,False,row1_col1,256,180,0,38
2063,371398,dbf24df1fbf05890f62cb775,2063,6,22,52,180,356.875,769.48888888888882,0.203125,0.78888888888888886,False,row2_col0,256,180,0,38
2064,371416,dbf24df1fbf05890f62cb775,2064,24,22,196,180,982.375,769.48888888888882,0.765625,0.78888888888888886,False,row2_col2,256,180,0,38
2065,371740,7d00ebc629cbbfbb3f3acc64,2065,28,0,228,4,1058.375,-16.191256830601105,0.890625,-0.17486338797814208,True,padding_center,256,183,0,36
2066,371900,7d00ebc629cbbfbb3f3acc64,2066,28,5,228,44,1058.375,157.79781420765028,0.890625,0.043715846994535519,False,row0_col2,256,183,0,36
2067,371905,7d00ebc629cbbfbb3f3acc64,2067,1,6,12,52,120.125,192.59562841530055,0.046875,0.087431693989071038,False,row0_col0,256,183,0,36
2068,371940,7d00ebc629cbbfbb3f3acc64,2068,4,7,36,60,224.375,227.39344262295083,0.140625,0.13114754098360656,False,row0_col0,256,183,0,36
2069,372166,7d00ebc629cbbfbb3f3acc64,2069,6,14,52,116,293.875,470.97814207650271,0.203125,0.43715846994535518,False,row1_col0,256,183,0,36
2070,372169,7d00ebc629cbbfbb3f3acc64,2070,9,14,76,116,398.125,470.97814207650271,0.296875,0.43715846994535518,False,row1_col0,256,183,0,36
2071,372236,7d00ebc629cbbfbb3f3acc64,2071,12,16,100,132,502.375,540.57377049180332,0.390625,0.52459016393442626,False,row1_col1,256,183,0,36
2072,372313,7d00ebc629cbbfbb3f3acc64,2072,25,18,204,148,954.125,610.16939890710387,0.796875,0.61202185792349728,False,row1_col2,256,183,0,36
2073,372388,7d00ebc629cbbfbb3f3acc64,2073,4,21,36,172,224.375,714.5628415300547,0.140625,0.74316939890710387,False,row2_col0,256,183,0,36
2074,372857,03b92d95da6694e6f43e0193,2074,25,3,204,28,982.15625,89.082901554404145,0.796875,-0.015544041450777202,True,padding_center,256,193,0,31
2075,373001,03b92d95da6694e6f43e0193,2075,9,8,76,68,431.15625,261.31088082901556,0.296875,0.19170984455958548,False,row0_col0,256,193,0,31
2076,373418,03b92d95da6694e6f43e0193,2076,10,21,84,172,465.59375,709.10362694300522,0.328125,0.73056994818652854,False,row2_col0,256,193,0,31
2077,373617,03b92d95da6694e6f43e0193,2077,17,27,140,220,706.65625,915.7772020725389,0.546875,0.97927461139896377,False,row2_col1,256,193,0,31
2078,373718,03b92d95da6694e6f43e0193,2078,22,30,180,244,878.84375,1019.1139896373056,0.703125,1.1036269430051813,True,padding_center,256,193,0,31
2079,373893,412b2253f0288e6f5518fc42,2079,5,4,44,36,307.40625,132.62032085561498,0.171875,0.0106951871657754,False,row0_col0,256,187,0,34
2080,373984,412b2253f0288e6f5518fc42,2080,0,7,4,60,135.21875,236.06417112299465,0.015625,0.13903743315508021,False,row0_col0,256,187,0,34
2081,373993,412b2253f0288e6f5518fc42,2081,9,7,76,60,445.15625,236.06417112299465,0.296875,0.13903743315508021,False,row0_col0,256,187,0,34
2082,374080,412b2253f0288e6f5518fc42,2082,0,10,4,84,135.21875,339.50802139037432,0.015625,0.26737967914438504,False,row0_col0,256,187,0,34
2083,374269,412b2253f0288e6f5518fc42,2083,29,15,236,124,1133.90625,511.91443850267376,0.921875,0.48128342245989303,False,row1_col2,256,187,0,34
2084,374317,412b2253f0288e6f5518fc42,2084,13,17,108,140,582.90625,580.87700534759369,0.421875,0.5668449197860963,False,row1_col1,256,187,0,34
2085,374518,412b2253f0288e6f5518fc42,2085,22,23,180,188,892.84375,787.76470588235293,0.703125,0.82352941176470584,False,row2_col2,256,187,0,34
2086,374755,412b2253f0288e6f5518fc42,2086,3,31,28,252,238.53125,1063.614973262032,0.109375,1.1657754010695187,True,padding_center,256,187,0,34
2087,374780,412b2253f0288e6f5518fc42,2087,28,31,228,252,1099.46875,1063.614973262032,0.890625,1.1657754010695187,True,padding_center,256,187,0,34
2088,374897,98b721a6ed7b9a91ce5e0586,2088,17,3,140,28,697.84375,108.01069518716577,0.546875,-0.032085561497326207,True,padding_center,256,187,0,34
2089,375089,98b721a6ed7b9a91ce5e0586,2089,17,9,140,76,697.84375,315.92513368983958,0.546875,0.22459893048128343,False,row0_col1,256,187,0,34
2090,375441,98b721a6ed7b9a91ce5e0586,2090,17,20,140,164,697.84375,697.10160427807489,0.546875,0.69518716577540107,False,row2_col1,256,187,0,34
2091,375659,98b721a6ed7b9a91ce5e0586,2091,11,27,92,220,490.46875,939.66844919786092,0.359375,0.99465240641711228,False,row2_col1,256,187,0,34
2092,375756,98b721a6ed7b9a91ce5e0586,2092,12,30,100,244,525.03125,1043.6256684491977,0.390625,1.1229946524064172,True,padding_center,256,187,0,34
2093,376691,77552d606fc63001f442e848,2093,19,27,156,220,791.625,921.94210526315783,0.609375,0.98421052631578942,False,row2_col1,256,190,0,33
2094,376940,e940fcfae63e53b190a0bb8e,2094,12,3,100,28,568.421875,91.691891891891885,0.390625,-0.03783783783783784,True,padding_center,256,185,0,35
2095,377373,e940fcfae63e53b190a0bb8e,2095,29,16,236,132,1156.515625,541.98378378378379,0.921875,0.5243243243243243,False,row1_col2,256,185,0,35
2096,377874,e57d11f09a8ab09cbe266496,2096,18,0,148,4,770.40625,3.6494845360824684,0.578125,-0.13917525773195877,True,padding_center,256,194,0,31
2097,378019,e57d11f09a8ab09cbe266496,2097,3,5,28,44,251.96875,176.02061855670104,0.109375,0.067010309278350513,False,row0_col0,256,194,0,31
2098,378240,e57d11f09a8ab09cbe266496,2098,0,12,4,100,148.28125,417.34020618556701,0.015625,0.35567010309278352,False,row1_col0,256,194,0,31
2099,378405,e57d11f09a8ab09cbe266496,2099,5,17,44,140,321.09375,589.71134020618558,0.171875,0.56185567010309279,False,row1_col0,256,194,0,31
2100,378617,e57d11f09a8ab09cbe266496,2100,25,23,204,188,1012.34375,796.5567010309278,0.796875,0.80927835051546393,False,row2_col2,256,194,0,31
2101,378912,ccce9e18afa29af9ea350c68,2101,0,1,4,12,151.28125,39.131147540983605,0.015625,-0.13114754098360656,True,padding_center,256,183,0,36
2102,378919,ccce9e18afa29af9ea350c68,2102,7,1,60,12,393.21875,39.131147540983605,0.234375,-0.13114754098360656,True,padding_center,256,183,0,36
2103,379391,ccce9e18afa29af9ea350c68,2103,31,15,252,124,1222.71875,523.85245901639337,0.984375,0.48087431693989069,False,row1_col2,256,183,0,36
2104,379538,ccce9e18afa29af9ea350c68,2104,18,20,148,164,773.40625,696.96721311475414,0.578125,0.69945355191256831,False,row2_col1,256,183,0,36
2105,379565,ccce9e18afa29af9ea350c68,2105,13,21,108,172,600.59375,731.5901639344263,0.421875,0.74316939890710387,False,row2_col1,256,183,0,36
2106,379668,ccce9e18afa29af9ea350c68,2106,20,24,164,196,842.53125,835.45901639344265,0.640625,0.87431693989071035,False,row2_col1,256,183,0,36
2107,379709,ccce9e18afa29af9ea350c68,2107,29,25,236,204,1153.59375,870.08196721311481,0.921875,0.91803278688524592,False,row2_col2,256,183,0,36
2108,379728,ccce9e18afa29af9ea350c68,2108,16,26,132,212,704.28125,904.70491803278685,0.515625,0.96174863387978138,False,row2_col1,256,183,0,36
2109,379851,ccce9e18afa29af9ea350c68,2109,11,30,92,244,531.46875,1043.1967213114754,0.359375,1.1366120218579234,True,padding_center,256,183,0,36
2110,379993,d78a35ec684695d072d6b211,2110,25,2,204,20,982.34375,60.657754010695193,0.796875,-0.074866310160427801,True,padding_center,256,187,0,34
2111,380188,d78a35ec684695d072d6b211,2111,28,8,228,68,1086.03125,267.54545454545456,0.890625,0.18181818181818182,False,row0_col2,256,187,0,34
2112,380281,d78a35ec684695d072d6b211,2112,25,11,204,92,982.34375,370.98930481283423,0.796875,0.31016042780748665,False,row0_col2,256,187,0,34
2113,380725,d78a35ec684695d072d6b211,2113,21,25,172,204,844.09375,853.72727272727275,0.671875,0.90909090909090906,False,row2_col2,256,187,0,34
2114,380788,d78a35ec684695d072d6b211,2114,20,27,164,220,809.53125,922.68983957219245,0.640625,0.99465240641711228,False,row2_col1,256,187,0,34
2115,381211,07b130ea95144215cd673c8b,2115,27,8,220,68,1073.03125,271.5,0.859375,0.18421052631578946,False,row0_col2,256,190,0,33
2116,381242,07b130ea95144215cd673c8b,2116,26,9,212,76,1038.59375,305.89999999999998,0.828125,0.22631578947368422,False,row0_col2,256,190,0,33
2117,381363,07b130ea95144215cd673c8b,2117,19,13,156,108,797.53125,443.5,0.609375,0.39473684210526316,False,row1_col1,256,190,0,33
2118,381415,07b130ea95144215cd673c8b,2118,7,15,60,124,384.28125,512.29999999999995,0.234375,0.47894736842105262,False,row1_col0,256,190,0,33
2119,381534,07b130ea95144215cd673c8b,2119,30,18,244,148,1176.34375,615.5,0.953125,0.60526315789473684,False,row1_col2,256,190,0,33
2120,381547,07b130ea95144215cd673c8b,2120,11,19,92,156,522.03125,649.89999999999998,0.359375,0.64736842105263159,False,row1_col1,256,190,0,33
2121,381561,07b130ea95144215cd673c8b,2121,25,19,204,156,1004.15625,649.89999999999998,0.796875,0.64736842105263159,False,row1_col2,256,190,0,33
2122,382095,1da49d03909cfa1ff4462960,2122,15,4,124,36,624.78125,129.21465968586386,0.484375,0.020942408376963352,False,row0_col1,256,191,0,32
2123,382122,1da49d03909cfa1ff4462960,2123,10,5,84,44,452.59375,163.64397905759162,0.328125,0.062827225130890049,False,row0_col0,256,191,0,32
2124,382202,1da49d03909cfa1ff4462960,2124,26,7,212,60,1003.59375,232.50261780104711,0.828125,0.14659685863874344,False,row0_col2,256,191,0,32
2125,382858,1da49d03909cfa1ff4462960,2125,10,28,84,228,452.59375,955.51832460732987,0.328125,1.0261780104712042,True,padding_center,256,191,0,32
2126,383502,525e253a65f0af92629166a4,2126,14,16,116,132,624.15625,550.8125,0.453125,0.52083333333333337,False,row1_col1,256,192,0,32
2127,383580,525e253a65f0af92629166a4,2127,28,18,228,148,1108.03125,620.0625,0.890625,0.60416666666666663,False,row1_col2,256,192,0,32
2128,383589,525e253a65f0af92629166a4,2128,5,19,44,156,313.09375,654.6875,0.171875,0.64583333333333337,False,row1_col0,256,192,0,32
2129,383620,525e253a65f0af92629166a4,2129,4,20,36,164,278.53125,689.3125,0.140625,0.6875,False,row2_col0,256,192,0,32
2130,383659,525e253a65f0af92629166a4,2130,11,21,92,172,520.46875,723.9375,0.359375,0.72916666666666663,False,row2_col1,256,192,0,32
2131,383736,525e253a65f0af92629166a4,2131,24,23,196,188,969.78125,793.1875,0.765625,0.8125,False,row2_col2,256,192,0,32
2132,383840,525e253a65f0af92629166a4,2132,0,27,4,220,140.28125,931.6875,0.015625,0.97916666666666663,False,row2_col0,256,192,0,32
2133,383899,525e253a65f0af92629166a4,2133,27,28,220,228,1073.46875,966.31249999999989,0.859375,1.0208333333333333,True,padding_center,256,192,0,32
2134,384052,ba40733dea98fd31eaa0e5fe,2134,20,1,164,12,830.453125,22.416216216216213,0.640625,-0.12432432432432433,True,padding_center,256,185,0,35
2135,384053,ba40733dea98fd31eaa0e5fe,2135,21,1,172,12,865.109375,22.416216216216213,0.671875,-0.12432432432432433,True,padding_center,256,185,0,35
2136,384549,ba40733dea98fd31eaa0e5fe,2136,5,17,44,140,310.609375,576.62162162162167,0.171875,0.56756756756756754,False,row1_col0,256,185,0,35
2137,384601,ba40733dea98fd31eaa0e5fe,2137,25,18,204,148,1003.734375,611.25945945945944,0.796875,0.61081081081081079,False,row1_col2,256,185,0,35
2138,384985,ba40733dea98fd31eaa0e5fe,2138,25,30,204,244,1003.734375,1026.9135135135134,0.796875,1.1297297297297297,True,padding_center,256,185,0,35
2139,385162,8f1c99d05825e89d71c9284b,2139,10,4,84,36,478.875,122.35483870967742,0.328125,0.0053763440860215058,False,row0_col0,256,186,0,35
2140,385198,8f1c99d05825e89d71c9284b,2140,14,5,116,44,617.875,157.19354838709677,0.453125,0.048387096774193547,False,row0_col1,256,186,0,35
2141,385205,8f1c99d05825e89d71c9284b,2141,21,5,172,44,861.125,157.19354838709677,0.671875,0.048387096774193547,False,row0_col2,256,186,0,35
2142,385273,8f1c99d05825e89d71c9284b,2142,25,7,204,60,1000.125,226.87096774193549,0.796875,0.13440860215053763,False,row0_col2,256,186,0,35
2143,385534,8f1c99d05825e89d71c9284b,2143,30,15,244,124,1173.875,505.58064516129036,0.953125,0.478494623655914,False,row1_col2,256,186,0,35
2144,385584,8f1c99d05825e89d71c9284b,2144,16,17,132,140,687.375,575.25806451612902,0.515625,0.56451612903225812,False,row1_col1,256,186,0,35
2145,385688,8f1c99d05825e89d71c9284b,2145,24,20,196,164,965.375,679.77419354838719,0.765625,0.69354838709677424,False,row2_col2,256,186,0,35
2146,385837,8f1c99d05825e89d71c9284b,2146,13,25,108,204,583.125,853.9677419354839,0.421875,0.90860215053763438,False,row2_col1,256,186,0,35
2147,385918,8f1c99d05825e89d71c9284b,2147,30,27,244,220,1173.875,923.64516129032256,0.953125,0.9946236559139785,False,row2_col2,256,186,0,35
2148,385936,8f1c99d05825e89d71c9284b,2148,16,28,132,228,687.375,958.48387096774195,0.515625,1.0376344086021505,True,padding_center,256,186,0,35
2149,386271,76906f430110ea676ee84663,2149,31,6,252,52,1208.671875,205.93617021276594,0.984375,0.095744680851063829,False,row0_col2,256,188,0,34
2150,386338,76906f430110ea676ee84663,2150,2,9,20,76,203.640625,309.85106382978722,0.078125,0.22340425531914893,False,row0_col0,256,188,0,34
2151,386380,76906f430110ea676ee84663,2151,12,10,100,84,550.203125,344.48936170212767,0.390625,0.26595744680851063,False,row0_col1,256,188,0,34
2152,386626,76906f430110ea676ee84663,2152,2,18,20,148,203.640625,621.59574468085111,0.078125,0.6063829787234043,False,row1_col0,256,188,0,34
2153,386792,76906f430110ea676ee84663,2153,8,23,68,188,411.578125,794.78723404255322,0.265625,0.81914893617021278,False,row2_col0,256,188,0,34
2154,386825,76906f430110ea676ee84663,2154,9,24,76,196,446.234375,829.42553191489355,0.296875,0.86170212765957444,False,row2_col0,256,188,0,34
2155,386902,76906f430110ea676ee84663,2155,22,26,180,212,896.765625,898.70212765957444,0.703125,0.94680851063829785,False,row2_col2,256,188,0,34
2156,387162,22ab2c684f502bb67ac25bda,2156,26,2,212,20,1013.5,57.97422680412371,0.828125,-0.056701030927835051,True,padding_center,256,194,0,31
2157,387597,22ab2c684f502bb67ac25bda,2157,13,16,108,132,558.5,546.96391752577324,0.421875,0.52061855670103097,False,row1_col1,256,194,0,31
2158,387629,22ab2c684f502bb67ac25bda,2158,13,17,108,140,558.5,581.89175257731961,0.421875,0.56185567010309279,False,row1_col1,256,194,0,31
2159,387746,22ab2c684f502bb67ac25bda,2159,2,21,20,172,173.5,721.60309278350508,0.078125,0.72680412371134018,False,row2_col0,256,194,0,31
2160,387770,22ab2c684f502bb67ac25bda,2160,26,21,212,172,1013.5,721.60309278350508,0.828125,0.72680412371134018,False,row2_col2,256,194,0,31
2161,387955,22ab2c684f502bb67ac25bda,2161,19,27,156,220,768.5,931.17010309278351,0.609375,0.97422680412371132,False,row2_col1,256,194,0,31
2162,388014,22ab2c684f502bb67ac25bda,2162,14,29,116,236,593.5,1001.0257731958764,0.453125,1.0567010309278351,True,padding_center,256,194,0,31
2163,388072,22ab2c684f502bb67ac25bda,2163,8,31,68,252,383.5,1070.8814432989689,0.265625,1.1391752577319587,True,padding_center,256,194,0,31
2164,388189,296bf32bda705a8c9ebd047c,2164,29,2,236,20,1138.984375,74.130434782608702,0.921875,-0.086956521739130432,True,padding_center,256,184,0,36
2165,388639,296bf32bda705a8c9ebd047c,2165,31,16,252,132,1207.796875,556.21739130434776,0.984375,0.52173913043478259,False,row1_col2,256,184,0,36
2166,388778,296bf32bda705a8c9ebd047c,2166,10,21,84,172,485.265625,728.39130434782601,0.328125,0.73913043478260865,False,row2_col0,256,184,0,36
2167,389309,58941e2ed5798562410c5326,2167,29,5,236,44,1153.359375,170.89528795811518,0.921875,0.062827225130890049,False,row0_col2,256,191,0,32
2168,389803,58941e2ed5798562410c5326,2168,11,21,92,172,529.546875,724.44502617801049,0.359375,0.73298429319371727,False,row2_col1,256,191,0,32
2169,390115,58941e2ed5798562410c5326,2169,3,31,28,252,252.296875,1070.413612565445,0.109375,1.1518324607329844,True,padding_center,256,191,0,32
2170,390241,69c3ab131f3d9924a0893b68,2170,1,3,12,28,188.03125,88.704301075268816,0.046875,-0.037634408602150539,True,padding_center,256,186,0,35
2171,390397,69c3ab131f3d9924a0893b68,2171,29,7,236,60,1159.28125,227.19892473118279,0.921875,0.13440860215053763,False,row0_col2,256,186,0,35
2172,390494,69c3ab131f3d9924a0893b68,2172,30,10,244,84,1193.96875,331.06989247311827,0.953125,0.26344086021505375,False,row0_col2,256,186,0,35
2173,390551,69c3ab131f3d9924a0893b68,2173,23,12,188,100,951.15625,400.31720430107526,0.734375,0.34946236559139787,False,row1_col2,256,186,0,35
2174,390615,69c3ab131f3d9924a0893b68,2174,23,14,188,116,951.15625,469.56451612903226,0.734375,0.43548387096774194,False,row1_col2,256,186,0,35
2175,390815,69c3ab131f3d9924a0893b68,2175,31,20,252,164,1228.65625,677.30645161290329,0.984375,0.69354838709677424,False,row2_col2,256,186,0,35
2176,391041,69c3ab131f3d9924a0893b68,2176,1,28,12,228,188.03125,954.29569892473114,0.046875,1.0376344086021505,True,padding_center,256,186,0,35
2177,391045,69c3ab131f3d9924a0893b68,2177,5,28,44,228,326.78125,954.29569892473114,0.171875,1.0376344086021505,True,padding_center,256,186,0,35
2178,391117,69c3ab131f3d9924a0893b68,2178,13,30,108,244,604.28125,1023.5430107526881,0.421875,1.1236559139784945,True,padding_center,256,186,0,35
2179,391154,69c3ab131f3d9924a0893b68,2179,18,31,148,252,777.71875,1058.1666666666667,0.578125,1.1666666666666667,True,padding_center,256,186,0,35
2180,391233,1fae9ba9c99bf430c1e582d7,2180,1,2,12,20,154.890625,72.804232804232811,0.046875,-0.068783068783068779,True,padding_center,256,189,0,33
2181,391353,1fae9ba9c99bf430c1e582d7,2181,25,5,204,44,985.140625,176.55026455026456,0.796875,0.058201058201058198,False,row0_col2,256,189,0,33
2182,391378,1fae9ba9c99bf430c1e582d7,2182,18,6,148,52,742.984375,211.13227513227514,0.578125,0.10052910052910052,False,row0_col1,256,189,0,33
2183,391817,1fae9ba9c99bf430c1e582d7,2183,9,20,76,164,431.640625,695.28042328042329,0.296875,0.69312169312169314,False,row2_col0,256,189,0,33
2184,391850,1fae9ba9c99bf430c1e582d7,2184,10,21,84,172,466.234375,729.86243386243382,0.328125,0.73544973544973546,False,row2_col0,256,189,0,33
2185,391872,1fae9ba9c99bf430c1e582d7,2185,0,22,4,180,120.296875,764.44444444444446,0.015625,0.77777777777777779,False,row2_col0,256,189,0,33
2186,391874,1fae9ba9c99bf430c1e582d7,2186,2,22,20,180,189.484375,764.44444444444446,0.078125,0.77777777777777779,False,row2_col0,256,189,0,33
2187,392028,1fae9ba9c99bf430c1e582d7,2187,28,26,228,212,1088.921875,902.77248677248679,0.890625,0.94708994708994709,False,row2_col2,256,189,0,33
2188,392182,1fae9ba9c99bf430c1e582d7,2188,22,31,180,252,881.359375,1075.6825396825398,0.703125,1.1587301587301588,True,padding_center,256,189,0,33
2189,392230,2a108eb667fa6df333f44d0c,2189,6,1,52,12,319.859375,22.222222222222229,0.203125,-0.1111111111111111,True,padding_center,256,189,0,33
2190,392344,2a108eb667fa6df333f44d0c,2190,24,4,196,36,942.546875,125.96825396825398,0.765625,0.015873015873015872,False,row0_col2,256,189,0,33
2191,392568,2a108eb667fa6df333f44d0c,2191,24,11,196,92,942.546875,368.04232804232799,0.765625,0.31216931216931215,False,row0_col2,256,189,0,33
2192,392576,2a108eb667fa6df333f44d0c,2192,0,12,4,100,112.296875,402.62433862433863,0.015625,0.35449735449735448,False,row1_col0,256,189,0,33
2193,392645,2a108eb667fa6df333f44d0c,2193,5,14,44,116,285.265625,471.78835978835974,0.171875,0.43915343915343913,False,row1_col0,256,189,0,33
2194,392692,2a108eb667fa6df333f44d0c,2194,20,15,164,124,804.171875,506.37037037037032,0.640625,0.48148148148148145,False,row1_col1,256,189,0,33
2195,392727,2a108eb667fa6df333f44d0c,2195,23,16,188,132,907.953125,540.95238095238096,0.734375,0.52380952380952384,False,row1_col2,256,189,0,33
2196,393014,2a108eb667fa6df333f44d0c,2196,22,25,180,204,873.359375,852.19047619047615,0.703125,0.90476190476190477,False,row2_col2,256,189,0,33
2197,393058,2a108eb667fa6df333f44d0c,2197,2,27,20,220,181.484375,921.35449735449731,0.078125,0.98941798941798942,False,row2_col0,256,189,0,33
2198,393173,2a108eb667fa6df333f44d0c,2198,21,30,172,244,838.765625,1025.1005291005292,0.671875,1.1164021164021165,True,padding_center,256,189,0,33
2199,393261,fc56ae52e06ade318ea4d493,2199,13,1,108,12,571.90625,11.951612903225808,0.421875,-0.12365591397849462,True,padding_center,256,186,0,35
2200,393393,fc56ae52e06ade318ea4d493,2200,17,5,140,44,709.65625,149.75806451612902,0.546875,0.048387096774193547,False,row0_col1,256,186,0,35
2201,393436,fc56ae52e06ade318ea4d493,2201,28,6,228,52,1088.46875,184.20967741935485,0.890625,0.091397849462365593,False,row0_col2,256,186,0,35
2202,393563,fc56ae52e06ade318ea4d493,2202,27,10,220,84,1054.03125,322.01612903225805,0.859375,0.26344086021505375,False,row0_col2,256,186,0,35
2203,393611,fc56ae52e06ade318ea4d493,2203,11,12,92,100,503.03125,390.91935483870969,0.359375,0.34946236559139787,False,row1_col1,256,186,0,35
2204,393998,fc56ae52e06ade318ea4d493,2204,14,24,116,196,606.34375,804.33870967741939,0.453125,0.86559139784946237,False,row2_col1,256,186,0,35
2205,394000,fc56ae52e06ade318ea4d493,2205,16,24,132,196,675.21875,804.33870967741939,0.515625,0.86559139784946237,False,row2_col1,256,186,0,35
2206,394038,fc56ae52e06ade318ea4d493,2206,22,25,180,204,881.84375,838.79032258064512,0.703125,0.90860215053763438,False,row2_col2,256,186,0,35
2207,394199,fc56ae52e06ade318ea4d493,2207,23,30,188,244,916.28125,1011.0483870967741,0.734375,1.1236559139784945,True,padding_center,256,186,0,35
2208,394275,089cd2957b9c09ed7b50aa5e,2208,3,1,28,12,252.296875,16.705882352941174,0.109375,-0.11764705882352941,True,padding_center,256,187,0,34
2209,394563,089cd2957b9c09ed7b50aa5e,2209,3,10,28,84,252.296875,328.57754010695191,0.109375,0.26737967914438504,False,row0_col0,256,187,0,34
2210,394816,089cd2957b9c09ed7b50aa5e,2210,0,18,4,148,148.328125,605.79679144385022,0.015625,0.60962566844919786,False,row1_col0,256,187,0,34
2211,395008,089cd2957b9c09ed7b50aa5e,2211,0,24,4,196,148.328125,813.7112299465241,0.015625,0.86631016042780751,False,row2_col0,256,187,0,34
2212,395081,089cd2957b9c09ed7b50aa5e,2212,9,26,76,212,460.234375,883.01604278074865,0.296875,0.95187165775401072,False,row2_col0,256,187,0,34
2213,395312,a737d81a01b3a431788a0073,2213,16,1,132,12,653.828125,30.173913043478265,0.515625,-0.13043478260869565,True,padding_center,256,184,0,36
2214,395315,a737d81a01b3a431788a0073,2214,19,1,156,12,757.796875,30.173913043478265,0.609375,-0.13043478260869565,True,padding_center,256,184,0,36
2215,395657,a737d81a01b3a431788a0073,2215,9,12,76,100,411.234375,410.86956521739131,0.296875,0.34782608695652173,False,row1_col0,256,184,0,36
2216,396082,a737d81a01b3a431788a0073,2216,18,25,148,204,723.140625,860.78260869565213,0.578125,0.91304347826086951,False,row2_col1,256,184,0,36
2217,396272,a737d81a01b3a431788a0073,2217,16,31,132,252,653.828125,1068.4347826086957,0.515625,1.173913043478261,True,padding_center,256,184,0,36
2218,396422,84f95a6d6caa9fedd81a91ce,2218,6,4,52,36,341.859375,112.66310160427807,0.203125,0.0106951871657754,False,row0_col0,256,187,0,34
2219,396953,84f95a6d6caa9fedd81a91ce,2219,25,20,204,164,999.140625,667.10160427807489,0.796875,0.69518716577540107,False,row2_col2,256,187,0,34
2220,397085,84f95a6d6caa9fedd81a91ce,2220,29,24,236,196,1137.515625,805.7112299465241,0.921875,0.86631016042780751,False,row2_col2,256,187,0,34
2221,397661,919217adf38792df31c575b3,2221,29,10,236,84,1137.515625,333.46031746031747,0.921875,0.26984126984126983,False,row0_col2,256,189,0,33
2222,397844,919217adf38792df31c575b3,2222,20,16,164,132,826.171875,540.95238095238096,0.640625,0.52380952380952384,False,row1_col1,256,189,0,33
2223,397932,919217adf38792df31c575b3,2223,12,19,100,156,549.421875,644.69841269841277,0.390625,0.65079365079365081,False,row1_col1,256,189,0,33
2224,397954,919217adf38792df31c575b3,2224,2,20,20,164,203.484375,679.28042328042329,0.078125,0.69312169312169314,False,row2_col0,256,189,0,33
2225,398057,919217adf38792df31c575b3,2225,9,23,76,188,445.640625,783.02645502645498,0.296875,0.82010582010582012,False,row2_col0,256,189,0,33
2226,398078,919217adf38792df31c575b3,2226,30,23,244,188,1172.109375,783.02645502645498,0.953125,0.82010582010582012,False,row2_col2,256,189,0,33
2227,398171,919217adf38792df31c575b3,2227,27,26,220,212,1068.328125,886.77248677248679,0.859375,0.94708994708994709,False,row2_col2,256,189,0,33
2228,398512,966b649722faf3cd9026b729,2228,16,5,132,44,699.828125,141.66666666666666,0.515625,0.058201058201058198,False,row0_col1,256,189,0,33
2229,398561,966b649722faf3cd9026b729,2229,1,7,12,60,179.984375,211,0.046875,0.14285714285714285,False,row0_col0,256,189,0,33
2230,398597,966b649722faf3cd9026b729,2230,5,8,44,68,318.609375,245.66666666666666,0.171875,0.18518518518518517,False,row0_col0,256,189,0,33
2231,398639,966b649722faf3cd9026b729,2231,15,9,124,76,665.171875,280.33333333333331,0.484375,0.2275132275132275,False,row0_col1,256,189,0,33
2232,398764,966b649722faf3cd9026b729,2232,12,13,100,108,561.203125,419,0.390625,0.3968253968253968,False,row1_col1,256,189,0,33
2233,398954,966b649722faf3cd9026b729,2233,10,19,84,156,491.890625,627,0.328125,0.65079365079365081,False,row1_col0,256,189,0,33
2234,399007,966b649722faf3cd9026b729,2234,31,20,252,164,1219.671875,661.66666666666663,0.984375,0.69312169312169314,False,row2_col2,256,189,0,33
2235,399387,23a5cec8b53655a008a5043b,2235,27,0,220,4,1034.203125,-12.850828729281773,0.859375,-0.18232044198895028,True,padding_center,256,181,0,37
2236,399509,23a5cec8b53655a008a5043b,2236,21,4,172,36,825.140625,126.64088397790056,0.671875,-0.0055248618784530384,True,padding_center,256,181,0,37
2237,399685,23a5cec8b53655a008a5043b,2237,5,10,44,84,267.640625,335.87845303867402,0.171875,0.25966850828729282,False,row0_col0,256,181,0,37
2238,399825,23a5cec8b53655a008a5043b,2238,17,14,140,116,685.765625,475.37016574585635,0.546875,0.43646408839779005,False,row1_col1,256,181,0,37
2239,399912,23a5cec8b53655a008a5043b,2239,8,17,68,140,372.171875,579.98895027624303,0.265625,0.56906077348066297,False,row1_col0,256,181,0,37
2240,400256,23a5cec8b53655a008a5043b,2240,0,28,4,228,93.421875,963.59116022099454,0.015625,1.0552486187845305,True,padding_center,256,181,0,37
2241,400293,23a5cec8b53655a008a5043b,2241,5,29,44,236,267.640625,998.46408839779008,0.171875,1.0994475138121547,True,padding_center,256,181,0,37
2242,400320,23a5cec8b53655a008a5043b,2242,0,30,4,244,93.421875,1033.3370165745857,0.015625,1.1436464088397791,True,padding_center,256,181,0,37
2243,400466,414d9b02f6f9676c4dd52a63,2243,18,2,148,20,739.09375,56.459459459459453,0.578125,-0.081081081081081086,True,padding_center,256,185,0,35
2244,401024,414d9b02f6f9676c4dd52a63,2244,0,20,4,164,119.21875,676.04864864864862,0.015625,0.69729729729729728,False,row2_col0,256,185,0,35
2245,401327,414d9b02f6f9676c4dd52a63,2245,15,29,124,236,635.78125,985.84324324324325,0.484375,1.0864864864864865,True,padding_center,256,185,0,35
2246,401423,8595161ed5c1f96662a7e12e,2246,15,0,124,4,625.71875,-16.907216494845372,0.484375,-0.13917525773195877,True,padding_center,256,194,0,31
2247,401439,8595161ed5c1f96662a7e12e,2247,31,0,252,4,1178.71875,-16.907216494845372,0.984375,-0.13917525773195877,True,padding_center,256,194,0,31
2248,401482,8595161ed5c1f96662a7e12e,2248,10,2,84,20,452.90625,52.371134020618555,0.328125,-0.056701030927835051,True,padding_center,256,194,0,31
2249,401591,8595161ed5c1f96662a7e12e,2249,23,5,188,44,902.21875,156.28865979381442,0.734375,0.067010309278350513,False,row0_col2,256,194,0,31
2250,401626,8595161ed5c1f96662a7e12e,2250,26,6,212,52,1005.90625,190.9278350515464,0.828125,0.10824742268041238,False,row0_col2,256,194,0,31
2251,401692,8595161ed5c1f96662a7e12e,2251,28,8,228,68,1075.03125,260.20618556701027,0.890625,0.19072164948453607,False,row0_col2,256,194,0,31
2252,402035,8595161ed5c1f96662a7e12e,2252,19,19,156,156,763.96875,641.23711340206194,0.609375,0.64432989690721654,False,row1_col1,256,194,0,31
2253,402099,8595161ed5c1f96662a7e12e,2253,19,21,156,172,763.96875,710.51546391752572,0.609375,0.72680412371134018,False,row2_col1,256,194,0,31
2254,402415,8595161ed5c1f96662a7e12e,2254,15,31,124,252,625.71875,1056.9072164948452,0.484375,1.1391752577319587,True,padding_center,256,194,0,31
2255,402446,6742c58532e99b3cdf0d09cc,2255,14,0,116,4,610.609375,-0.94652406417111479,0.453125,-0.16042780748663102,True,padding_center,256,187,0,34
2256,402768,6742c58532e99b3cdf0d09cc,2256,16,10,132,84,679.796875,345.57754010695191,0.515625,0.26737967914438504,False,row0_col1,256,187,0,34
2257,402789,6742c58532e99b3cdf0d09cc,2257,5,11,44,92,299.265625,380.22994652406419,0.171875,0.31016042780748665,False,row0_col0,256,187,0,34
2258,402858,6742c58532e99b3cdf0d09cc,2258,10,13,84,108,472.234375,449.5347593582888,0.328125,0.39572192513368987,False,row1_col0,256,187,0,34
2259,402976,6742c58532e99b3cdf0d09cc,2259,0,17,4,140,126.296875,588.14438502673806,0.015625,0.5668449197860963,False,row1_col0,256,187,0,34
2260,403127,6742c58532e99b3cdf0d09cc,2260,23,21,188,172,921.953125,726.75401069518716,0.734375,0.73796791443850263,False,row2_col2,256,187,0,34
2261,403217,6742c58532e99b3cdf0d09cc,2261,17,24,140,196,714.390625,830.7112299465241,0.546875,0.86631016042780751,False,row2_col1,256,187,0,34
2262,403295,6742c58532e99b3cdf0d09cc,2262,31,26,252,212,1198.703125,900.01604278074865,0.984375,0.95187165775401072,False,row2_col2,256,187,0,34
2263,403302,6742c58532e99b3cdf0d09cc,2263,6,27,52,220,333.859375,934.66844919786092,0.203125,0.99465240641711228,False,row2_col0,256,187,0,34
2264,403829,83857231f379f6809fc9639f,2264,21,11,172,92,892.78125,380.43406593406593,0.671875,0.30219780219780218,False,row0_col2,256,182,0,37
2265,404146,83857231f379f6809fc9639f,2265,18,21,148,172,788.71875,727.24725274725279,0.578125,0.74175824175824179,False,row2_col1,256,182,0,37
2266,404459,83857231f379f6809fc9639f,2266,11,31,92,252,545.90625,1074.0604395604396,0.359375,1.1813186813186813,True,padding_center,256,182,0,37
2267,404855,bdf54f12fbf3d79a93435aa3,2267,23,11,188,92,932.828125,364.80526315789473,0.734375,0.31052631578947371,False,row0_col2,256,190,0,33
2268,404962,bdf54f12fbf3d79a93435aa3,2268,2,15,20,124,201.109375,504.08947368421053,0.078125,0.47894736842105262,False,row1_col0,256,190,0,33
2269,404996,bdf54f12fbf3d79a93435aa3,2269,4,16,36,132,270.796875,538.91052631578941,0.140625,0.52105263157894732,False,row1_col0,256,190,0,33
2270,405117,bdf54f12fbf3d79a93435aa3,2270,29,19,236,156,1141.890625,643.37368421052633,0.921875,0.64736842105263159,False,row1_col2,256,190,0,33
2271,405420,bdf54f12fbf3d79a93435aa3,2271,12,29,100,236,549.546875,991.58421052631581,0.390625,1.0684210526315789,True,padding_center,256,190,0,33
2272,405680,e764a382e06a2d9870d6385d,2272,16,5,132,44,667.21875,168.49180327868851,0.515625,0.043715846994535519,False,row0_col1,256,183,0,36
2273,406618,837b596140a1742b25c45e12,2273,26,2,212,20,1019.734375,60.302197802197796,0.828125,-0.093406593406593408,True,padding_center,256,182,0,37
2274,406670,837b596140a1742b25c45e12,2274,14,4,116,36,604.609375,129.66483516483515,0.453125,-0.0054945054945054949,True,padding_center,256,182,0,37
2275,406803,837b596140a1742b25c45e12,2275,19,8,156,68,777.578125,268.3901098901099,0.609375,0.17032967032967034,False,row0_col1,256,182,0,37
2276,406933,837b596140a1742b25c45e12,2276,21,12,172,100,846.765625,407.11538461538458,0.671875,0.34615384615384615,False,row1_col2,256,182,0,37
2277,407332,837b596140a1742b25c45e12,2277,4,25,36,204,258.671875,857.97252747252742,0.140625,0.91758241758241754,False,row2_col0,256,182,0,37
2278,407539,837b596140a1742b25c45e12,2278,19,31,156,252,777.578125,1066.0604395604396,0.609375,1.1813186813186813,True,padding_center,256,182,0,37
2279,407565,e235136cfdcae670bc7ef694,2279,13,0,108,4,593.90625,-11.255319148936167,0.421875,-0.15957446808510639,True,padding_center,256,188,0,34
2280,407649,e235136cfdcae670bc7ef694,2280,1,3,12,28,180.65625,92.148936170212764,0.046875,-0.031914893617021274,True,padding_center,256,188,0,34
2281,407792,e235136cfdcae670bc7ef694,2281,16,7,132,60,697.21875,230.02127659574467,0.515625,0.13829787234042554,False,row0_col1,256,188,0,34
2282,407901,e235136cfdcae670bc7ef694,2282,29,10,236,84,1144.90625,333.42553191489361,0.921875,0.26595744680851063,False,row0_col2,256,188,0,34
2283,407986,e235136cfdcae670bc7ef694,2283,18,13,148,108,766.09375,436.82978723404256,0.578125,0.39361702127659576,False,row1_col1,256,188,0,34
2284,408083,e235136cfdcae670bc7ef694,2284,19,16,156,132,800.53125,540.23404255319156,0.609375,0.52127659574468088,False,row1_col1,256,188,0,34
2285,408091,e235136cfdcae670bc7ef694,2285,27,16,220,132,1076.03125,540.23404255319156,0.859375,0.52127659574468088,False,row1_col2,256,188,0,34
2286,408269,e235136cfdcae670bc7ef694,2286,13,22,108,180,593.90625,747.04255319148933,0.421875,0.77659574468085102,False,row2_col1,256,188,0,34
2287,408312,e235136cfdcae670bc7ef694,2287,24,23,196,188,972.71875,781.51063829787233,0.765625,0.81914893617021278,False,row2_col2,256,188,0,34
2288,408335,e235136cfdcae670bc7ef694,2288,15,24,124,196,662.78125,815.97872340425533,0.484375,0.86170212765957444,False,row2_col1,256,188,0,34
2289,408468,e235136cfdcae670bc7ef694,2289,20,28,164,228,834.96875,953.85106382978722,0.640625,1.0319148936170213,True,padding_center,256,188,0,34
2290,408557,e235136cfdcae670bc7ef694,2290,13,31,108,252,593.90625,1057.255319148936,0.421875,1.1595744680851063,True,padding_center,256,188,0,34
2291,408696,f1b1a21a9d97d3eb8ef2a36a,2291,24,3,196,28,986.90625,95.596858638743456,0.765625,-0.020942408376963352,True,padding_center,256,191,0,32
2292,409021,f1b1a21a9d97d3eb8ef2a36a,2292,29,13,236,108,1160.96875,443.6596858638743,0.921875,0.39790575916230364,False,row1_col2,256,191,0,32
2293,409050,f1b1a21a9d97d3eb8ef2a36a,2293,26,14,212,116,1056.53125,478.46596858638748,0.828125,0.43979057591623039,False,row1_col2,256,191,0,32
2294,409161,f1b1a21a9d97d3eb8ef2a36a,2294,9,18,76,148,464.71875,617.69109947643983,0.296875,0.60732984293193715,False,row1_col0,256,191,0,32
2295,409238,f1b1a21a9d97d3eb8ef2a36a,2295,22,20,180,164,917.28125,687.30366492146595,0.703125,0.69109947643979053,False,row2_col2,256,191,0,32
2296,409266,f1b1a21a9d97d3eb8ef2a36a,2296,18,21,148,172,778.03125,722.10994764397901,0.578125,0.73298429319371727,False,row2_col1,256,191,0,32
2297,409612,05ca24cc6157d09d27f43cc5,2297,12,0,100,4,535.28125,-13,0.390625,-0.17391304347826086,True,padding_center,256,184,0,36
2298,409660,05ca24cc6157d09d27f43cc5,2298,28,1,228,12,1096.28125,22,0.890625,-0.13043478260869565,True,padding_center,256,184,0,36
2299,409937,05ca24cc6157d09d27f43cc5,2299,17,10,140,84,710.59375,337,0.546875,0.2608695652173913,False,row0_col1,256,184,0,36
2300,409968,05ca24cc6157d09d27f43cc5,2300,16,11,132,92,675.53125,372,0.515625,0.30434782608695654,False,row0_col1,256,184,0,36
2301,410089,05ca24cc6157d09d27f43cc5,2301,9,15,76,124,430.09375,512,0.296875,0.47826086956521741,False,row1_col0,256,184,0,36
2302,410113,05ca24cc6157d09d27f43cc5,2302,1,16,12,132,149.59375,547,0.046875,0.52173913043478259,False,row1_col0,256,184,0,36
2303,410206,05ca24cc6157d09d27f43cc5,2303,30,18,244,148,1166.40625,617,0.953125,0.60869565217391308,False,row1_col2,256,184,0,36
2304,410334,05ca24cc6157d09d27f43cc5,2304,30,22,244,180,1166.40625,757,0.953125,0.78260869565217395,False,row2_col2,256,184,0,36
2305,410917,4edadd04331e7debbee7dbc0,2305,5,9,44,76,283.234375,313.19576719576719,0.171875,0.2275132275132275,False,row0_col0,256,189,0,33
2306,411623,4edadd04331e7debbee7dbc0,2306,7,31,60,252,352.046875,1071.2063492063494,0.234375,1.1587301587301588,True,padding_center,256,189,0,33
2307,411794,01b9e97e851cf4e057950e28,2307,18,4,148,36,717.09375,112.21465968586388,0.578125,0.020942408376963352,False,row0_col1,256,191,0,32
2308,411864,01b9e97e851cf4e057950e28,2308,24,6,196,52,923.71875,181.07329842931938,0.765625,0.10471204188481675,False,row0_col2,256,191,0,32
2309,412418,01b9e97e851cf4e057950e28,2309,2,24,20,196,166.09375,800.80104712041884,0.078125,0.8586387434554974,False,row2_col0,256,191,0,32
2310,412782,46e52c7cd794f51a462fb9f6,2310,14,3,116,28,604.609375,78.377049180327873,0.453125,-0.043715846994535519,True,padding_center,256,183,0,36
2311,413425,46e52c7cd794f51a462fb9f6,2311,17,23,140,188,708.390625,770.8360655737705,0.546875,0.8306010928961749,False,row2_col1,256,183,0,36
2312,414002,45b11473d4f5f125115c882f,2312,18,9,148,76,734.984375,281.03157894736842,0.578125,0.22631578947368422,False,row0_col1,256,190,0,33
2313,414112,45b11473d4f5f125115c882f,2313,0,13,4,108,112.296875,419.4736842105263,0.015625,0.39473684210526316,False,row1_col0,256,190,0,33
2314,414192,45b11473d4f5f125115c882f,2314,16,15,132,124,665.796875,488.69473684210527,0.515625,0.47894736842105262,False,row1_col1,256,190,0,33
2315,414564,45b11473d4f5f125115c882f,2315,4,27,36,220,250.671875,904.02105263157887,0.140625,0.98421052631578942,False,row2_col0,256,190,0,33
2316,414707,45b11473d4f5f125115c882f,2316,19,31,156,252,769.578125,1042.4631578947369,0.609375,1.1526315789473685,True,padding_center,256,190,0,33
2317,414800,84a3e62ce078286ce2c7c91e,2317,16,2,132,20,655.375,67.201030927835049,0.515625,-0.056701030927835051,True,padding_center,256,194,0,31
2318,414983,84a3e62ce078286ce2c7c91e,2318,7,8,60,68,342.625,275.7783505154639,0.234375,0.19072164948453607,False,row0_col0,256,194,0,31
2319,415334,84a3e62ce078286ce2c7c91e,2319,6,19,52,156,307.875,658.17010309278351,0.203125,0.64432989690721654,False,row1_col0,256,194,0,31
2320,415661,84a3e62ce078286ce2c7c91e,2320,13,29,108,236,551.125,1005.7989690721649,0.421875,1.0567010309278351,True,padding_center,256,194,0,31
2321,415735,84a3e62ce078286ce2c7c91e,2321,23,31,188,252,898.625,1075.3247422680411,0.734375,1.1391752577319587,True,padding_center,256,194,0,31
2322,415749,06a76bf899fbda6d8aa83969,2322,5,0,44,4,302.09375,-10.7340425531915,0.171875,-0.15957446808510639,True,padding_center,256,188,0,34
2323,416135,06a76bf899fbda6d8aa83969,2323,7,12,60,100,371.21875,404.41489361702128,0.234375,0.35106382978723405,False,row1_col0,256,188,0,34
2324,416229,06a76bf899fbda6d8aa83969,2324,5,15,44,124,302.09375,508.2021276595745,0.171875,0.47872340425531917,False,row1_col0,256,188,0,34
2325,416333,06a76bf899fbda6d8aa83969,2325,13,18,108,148,578.59375,611.98936170212767,0.421875,0.6063829787234043,False,row1_col1,256,188,0,34
2326,416346,06a76bf899fbda6d8aa83969,2326,26,18,212,148,1027.90625,611.98936170212767,0.828125,0.6063829787234043,False,row1_col2,256,188,0,34
2327,416387,06a76bf899fbda6d8aa83969,2327,3,20,28,164,232.96875,681.18085106382978,0.109375,0.69148936170212771,False,row2_col0,256,188,0,34
2328,416692,06a76bf899fbda6d8aa83969,2328,20,29,164,236,820.53125,992.54255319148945,0.640625,1.074468085106383,True,padding_center,256,188,0,34
2329,416783,fa058e2ffd62b94a6405ac61,2329,15,0,124,4,663.625,-27.324742268041248,0.484375,-0.13917525773195877,True,padding_center,256,194,0,31
2330,416839,fa058e2ffd62b94a6405ac61,2330,7,2,60,20,385.625,42.201030927835049,0.234375,-0.056701030927835051,True,padding_center,256,194,0,31
2331,417054,fa058e2ffd62b94a6405ac61,2331,30,8,244,68,1184.875,250.7783505154639,0.953125,0.19072164948453607,False,row0_col2,256,194,0,31
2332,417106,fa058e2ffd62b94a6405ac61,2332,18,10,148,84,767.875,320.3041237113402,0.578125,0.27319587628865977,False,row0_col1,256,194,0,31
2333,417361,fa058e2ffd62b94a6405ac61,2333,17,18,140,148,733.125,598.40721649484533,0.546875,0.60309278350515461,False,row1_col1,256,194,0,31
2334,417542,fa058e2ffd62b94a6405ac61,2334,6,24,52,196,350.875,806.98453608247416,0.203125,0.85051546391752575,False,row2_col0,256,194,0,31
2335,417779,fa058e2ffd62b94a6405ac61,2335,19,31,156,252,802.625,1050.3247422680411,0.609375,1.1391752577319587,True,padding_center,256,194,0,31
2336,417912,985af2bec00e007d5a2584c9,2336,24,3,196,28,969.078125,85.701570680628265,0.765625,-0.020942408376963352,True,padding_center,256,191,0,32
2337,418358,985af2bec00e007d5a2584c9,2337,22,17,180,140,899.765625,570.05759162303661,0.703125,0.56544502617801051,False,row1_col2,256,191,0,32
2338,418390,985af2bec00e007d5a2584c9,2338,22,18,180,148,899.765625,604.65445026178008,0.703125,0.60732984293193715,False,row1_col2,256,191,0,32
2339,418805,985af2bec00e007d5a2584c9,2339,21,31,172,252,865.109375,1054.413612565445,0.671875,1.1518324607329844,True,padding_center,256,191,0,32
2340,419374,d03761371d8aa9c1e3445f8d,2340,14,17,116,140,604.609375,571.62162162162167,0.453125,0.56756756756756754,False,row1_col1,256,185,0,35
2341,419557,d03761371d8aa9c1e3445f8d,2341,5,23,44,188,293.265625,779.4486486486486,0.171875,0.82702702702702702,False,row2_col0,256,185,0,35
2342,419609,d03761371d8aa9c1e3445f8d,2342,25,24,204,196,985.140625,814.08648648648648,0.796875,0.87027027027027026,False,row2_col2,256,185,0,35
2343,419964,cca4df1af11b6f70d6b2fea3,2343,28,3,228,28,1091.59375,79.368421052631575,0.890625,-0.026315789473684209,True,padding_center,256,190,0,33
2344,419967,cca4df1af11b6f70d6b2fea3,2344,31,3,252,28,1195.65625,79.368421052631575,0.984375,-0.026315789473684209,True,padding_center,256,190,0,33
2345,419972,cca4df1af11b6f70d6b2fea3,2345,4,4,36,36,259.09375,113.97894736842105,0.140625,0.015789473684210527,False,row0_col0,256,190,0,33
2346,420102,cca4df1af11b6f70d6b2fea3,2346,6,8,52,68,328.46875,252.42105263157893,0.203125,0.18421052631578946,False,row0_col0,256,190,0,33
2347,420256,cca4df1af11b6f70d6b2fea3,2347,0,13,4,108,120.34375,425.4736842105263,0.015625,0.39473684210526316,False,row1_col0,256,190,0,33
2348,420601,cca4df1af11b6f70d6b2fea3,2348,25,23,204,188,987.53125,771.57894736842104,0.796875,0.81578947368421051,False,row2_col2,256,190,0,33
2349,420851,cca4df1af11b6f70d6b2fea3,2349,19,31,156,252,779.40625,1048.4631578947369,0.609375,1.1526315789473685,True,padding_center,256,190,0,33
2350,420877,819d5eb6d1fc6bee06f079d2,2350,13,0,108,4,554.015625,-27.399999999999991,0.421875,-0.13333333333333333,True,padding_center,256,195,0,30
2351,420899,819d5eb6d1fc6bee06f079d2,2351,3,1,28,12,208.078125,7.184615384615384,0.109375,-0.092307692307692313,True,padding_center,256,195,0,30
2352,421102,819d5eb6d1fc6bee06f079d2,2352,14,7,116,60,588.609375,214.69230769230771,0.453125,0.15384615384615385,False,row0_col1,256,195,0,30
2353,421641,819d5eb6d1fc6bee06f079d2,2353,9,24,76,196,415.640625,802.63076923076926,0.296875,0.85128205128205126,False,row2_col0,256,195,0,30
2354,421700,819d5eb6d1fc6bee06f079d2,2354,4,26,36,212,242.671875,871.80000000000007,0.140625,0.93333333333333335,False,row2_col0,256,195,0,30
2355,421752,819d5eb6d1fc6bee06f079d2,2355,24,27,196,220,934.546875,906.38461538461536,0.765625,0.97435897435897434,False,row2_col2,256,195,0,30
2356,421860,819d5eb6d1fc6bee06f079d2,2356,4,31,36,252,242.671875,1044.7230769230769,0.140625,1.1384615384615384,True,padding_center,256,195,0,30
2357,421969,adea380903a21f32cbcdb240,2357,17,2,140,20,717.125,39.875,0.546875,-0.0625,True,padding_center,256,192,0,32
2358,422034,adea380903a21f32cbcdb240,2358,18,4,148,36,751.875,109.375,0.578125,0.020833333333333332,False,row0_col1,256,192,0,32
2359,422074,adea380903a21f32cbcdb240,2359,26,5,212,44,1029.875,144.125,0.828125,0.0625,False,row0_col2,256,192,0,32
2360,422373,adea380903a21f32cbcdb240,2360,5,15,44,124,300.125,491.625,0.171875,0.47916666666666669,False,row1_col0,256,192,0,32
2361,422581,adea380903a21f32cbcdb240,2361,21,21,172,172,856.125,700.125,0.671875,0.72916666666666663,False,row2_col2,256,192,0,32
2362,422987,8e016ce8a91e1722991e0302,2362,11,2,92,20,493.90625,45,0.359375,-0.080645161290322578,True,padding_center,256,186,0,35
2363,423127,8e016ce8a91e1722991e0302,2363,23,6,188,52,910.15625,183.66666666666669,0.734375,0.091397849462365593,False,row0_col2,256,186,0,35
2364,423266,8e016ce8a91e1722991e0302,2364,2,11,20,92,181.71875,357,0.078125,0.30645161290322581,False,row0_col0,256,186,0,35
2365,423926,8e016ce8a91e1722991e0302,2365,22,31,180,252,875.46875,1050.3333333333335,0.703125,1.1666666666666667,True,padding_center,256,186,0,35
2366,424024,bcf903efa792910c09f1c106,2366,24,2,196,20,949.375,35.302197802197796,0.765625,-0.093406593406593408,True,padding_center,256,182,0,37
2367,424350,bcf903efa792910c09f1c106,2367,30,12,244,100,1157.875,382.11538461538458,0.953125,0.34615384615384615,False,row1_col2,256,182,0,37
2368,424940,bcf903efa792910c09f1c106,2368,12,31,100,252,532.375,1041.0604395604396,0.390625,1.1813186813186813,True,padding_center,256,182,0,37
2369,425106,0acf69b3484e7f24b68c1255,2369,18,4,148,36,775.609375,126.41666666666666,0.578125,0.020833333333333332,False,row0_col1,256,192,0,32
2370,425434,0acf69b3484e7f24b68c1255,2370,26,14,212,116,1054.359375,474.75,0.828125,0.4375,False,row1_col2,256,192,0,32
2371,425705,0acf69b3484e7f24b68c1255,2371,9,23,76,188,462.015625,788.25,0.296875,0.8125,False,row2_col0,256,192,0,32
2372,426028,d8ff8af48bd325dbbb696129,2372,12,1,100,12,569.59375,27.705882352941174,0.390625,-0.11764705882352941,True,padding_center,256,187,0,34
2373,426105,d8ff8af48bd325dbbb696129,2373,25,3,204,28,1020.53125,97.010695187165766,0.796875,-0.032085561497326207,True,padding_center,256,187,0,34
2374,426176,d8ff8af48bd325dbbb696129,2374,0,6,4,52,153.34375,200.96791443850267,0.015625,0.096256684491978606,False,row0_col0,256,187,0,34
2375,426355,d8ff8af48bd325dbbb696129,2375,19,11,156,92,812.40625,374.22994652406419,0.609375,0.31016042780748665,False,row0_col1,256,187,0,34
2376,426585,d8ff8af48bd325dbbb696129,2376,25,18,204,148,1020.53125,616.79679144385022,0.796875,0.60962566844919786,False,row1_col2,256,187,0,34
2377,426595,d8ff8af48bd325dbbb696129,2377,3,19,28,156,257.40625,651.44919786096261,0.109375,0.65240641711229952,False,row1_col0,256,187,0,34
2378,426906,d8ff8af48bd325dbbb696129,2378,26,28,212,228,1055.21875,963.3208556149732,0.828125,1.0374331550802138,True,padding_center,256,187,0,34
2379,427795,a8bb3126ece458be91eaa829,2379,19,24,156,196,795.703125,817.80104712041884,0.609375,0.8586387434554974,False,row2_col1,256,191,0,32
2380,427964,a8bb3126ece458be91eaa829,2380,28,29,228,236,1104.796875,989.9476439790576,0.890625,1.0680628272251309,True,padding_center,256,191,0,32
2381,428003,a8bb3126ece458be91eaa829,2381,3,31,28,252,246.203125,1058.8062827225131,0.109375,1.1518324607329844,True,padding_center,256,191,0,32
2382,428028,a8bb3126ece458be91eaa829,2382,28,31,228,252,1104.796875,1058.8062827225131,0.890625,1.1518324607329844,True,padding_center,256,191,0,32
2383,428036,ee23df9242f129c4a8e65a88,2383,4,0,36,4,273.375,-19.821989528795797,0.140625,-0.14659685863874344,True,padding_center,256,191,0,32
2384,428096,ee23df9242f129c4a8e65a88,2384,0,2,4,20,134.375,49.790575916230367,0.015625,-0.062827225130890049,True,padding_center,256,191,0,32
2385,428293,ee23df9242f129c4a8e65a88,2385,5,8,44,68,308.125,258.62827225130889,0.171875,0.18848167539267016,False,row0_col0,256,191,0,32
2386,428416,ee23df9242f129c4a8e65a88,2386,0,12,4,100,134.375,397.85340314136124,0.015625,0.35602094240837695,False,row1_col0,256,191,0,32
2387,428778,ee23df9242f129c4a8e65a88,2387,10,23,84,188,481.875,780.72251308900525,0.328125,0.81675392670157065,False,row2_col0,256,191,0,32
2388,429259,026bf89f372e56e84406ddb9,2388,11,6,92,52,522.828125,188.02747252747253,0.359375,0.082417582417582416,False,row0_col1,256,182,0,37
2389,429328,026bf89f372e56e84406ddb9,2389,16,8,132,68,695.796875,257.3901098901099,0.515625,0.17032967032967034,False,row0_col1,256,182,0,37
2390,429505,026bf89f372e56e84406ddb9,2390,1,14,12,116,176.890625,465.47802197802201,0.046875,0.43406593406593408,False,row1_col0,256,182,0,37
2391,429852,026bf89f372e56e84406ddb9,2391,28,24,228,196,1110.921875,812.29120879120876,0.890625,0.87362637362637363,False,row2_col2,256,182,0,37
2392,429981,026bf89f372e56e84406ddb9,2392,29,28,236,228,1145.515625,951.0164835164835,0.921875,1.0494505494505495,True,padding_center,256,182,0,37
2393,430016,026bf89f372e56e84406ddb9,2393,0,30,4,244,142.296875,1020.3791208791208,0.015625,1.1373626373626373,True,padding_center,256,182,0,37
2394,430186,c0a7a3a62c3795f511c0eafd,2394,10,3,84,28,516.890625,75.010695187165766,0.328125,-0.032085561497326207,True,padding_center,256,187,0,34
2395,430487,c0a7a3a62c3795f511c0eafd,2395,23,12,188,100,967.421875,386.88235294117646,0.734375,0.35294117647058826,False,row1_col2,256,187,0,34
2396,430511,c0a7a3a62c3795f511c0eafd,2396,15,13,124,108,690.171875,421.5347593582888,0.484375,0.39572192513368987,False,row1_col1,256,187,0,34
2397,430564,c0a7a3a62c3795f511c0eafd,2397,4,15,36,124,308.953125,490.83957219251334,0.140625,0.48128342245989303,False,row1_col0,256,187,0,34
2398,430912,c0a7a3a62c3795f511c0eafd,2398,0,26,4,212,170.328125,872.01604278074865,0.015625,0.95187165775401072,False,row2_col0,256,187,0,34
2399,430942,c0a7a3a62c3795f511c0eafd,2399,30,26,244,212,1210.015625,872.01604278074865,0.953125,0.95187165775401072,False,row2_col2,256,187,0,34
2400,430995,c0a7a3a62c3795f511c0eafd,2400,19,28,156,228,828.796875,941.3208556149732,0.609375,1.0374331550802138,True,padding_center,256,187,0,34
2401,431173,6137c5eb29c83e0295cb116d,2401,5,2,44,20,296.265625,59.804232804232811,0.171875,-0.068783068783068779,True,padding_center,256,189,0,33
2402,431226,6137c5eb29c83e0295cb116d,2402,26,3,212,28,1022.734375,94.386243386243393,0.828125,-0.026455026455026454,True,padding_center,256,189,0,33
2403,431395,6137c5eb29c83e0295cb116d,2403,3,9,28,76,227.078125,301.87830687830683,0.109375,0.2275132275132275,False,row0_col0,256,189,0,33
2404,431549,6137c5eb29c83e0295cb116d,2404,29,13,236,108,1126.515625,440.20634920634922,0.921875,0.3968253968253968,False,row1_col2,256,189,0,33
2405,432017,6137c5eb29c83e0295cb116d,2405,17,28,140,228,711.390625,958.93650793650806,0.546875,1.0317460317460319,True,padding_center,256,189,0,33
2406,432428,e858091360537aba1a4ec74e,2406,12,9,100,76,558.59375,309.66666666666663,0.390625,0.22043010752688172,False,row0_col1,256,186,0,35
2407,432700,e858091360537aba1a4ec74e,2407,28,17,228,140,1113.59375,587,0.890625,0.56451612903225812,False,row1_col2,256,186,0,35
2408,432720,e858091360537aba1a4ec74e,2408,16,18,132,148,697.34375,621.66666666666674,0.515625,0.60752688172043012,False,row1_col1,256,186,0,35
2409,432809,e858091360537aba1a4ec74e,2409,9,21,76,172,454.53125,725.66666666666663,0.296875,0.73655913978494625,False,row2_col0,256,186,0,35
2410,432870,e858091360537aba1a4ec74e,2410,6,23,52,188,350.46875,795,0.203125,0.82258064516129037,False,row2_col0,256,186,0,35
2411,432951,e858091360537aba1a4ec74e,2411,23,25,188,204,940.15625,864.33333333333326,0.734375,0.90860215053763438,False,row2_col2,256,186,0,35
2412,433570,31e8cac167e6b2b2b11352b3,2412,2,13,20,108,201.09375,444.0785340314136,0.078125,0.39790575916230364,False,row1_col0,256,191,0,32
2413,433711,31e8cac167e6b2b2b11352b3,2413,15,17,124,140,648.78125,581.79581151832463,0.484375,0.56544502617801051,False,row1_col1,256,191,0,32
2414,433960,31e8cac167e6b2b2b11352b3,2414,8,25,68,204,407.71875,857.23036649214657,0.265625,0.90052356020942403,False,row2_col0,256,191,0,32
2415,434387,7140572419651ba542cd1fdf,2415,19,6,156,52,809.796875,194.59685863874347,0.609375,0.10471204188481675,False,row0_col1,256,191,0,32
2416,434442,7140572419651ba542cd1fdf,2416,10,8,84,68,497.890625,263.87434554973822,0.328125,0.18848167539267016,False,row0_col0,256,191,0,32
2417,434508,7140572419651ba542cd1fdf,2417,12,10,100,84,567.203125,333.15183246073298,0.390625,0.27225130890052357,False,row0_col1,256,191,0,32
2418,434672,7140572419651ba542cd1fdf,2418,16,15,132,124,705.828125,506.34554973821992,0.515625,0.48167539267015708,False,row1_col1,256,191,0,32
2419,434758,7140572419651ba542cd1fdf,2419,6,18,52,148,359.265625,610.26178010471199,0.203125,0.60732984293193715,False,row1_col0,256,191,0,32
2420,434858,7140572419651ba542cd1fdf,2420,10,21,84,172,497.890625,714.17801047120417,0.328125,0.73298429319371727,False,row2_col0,256,191,0,32
2421,435224,f5b415202f9796d16305892d,2421,24,0,196,4,973.421875,-3.2173913043478137,0.765625,-0.17391304347826086,True,padding_center,256,184,0,36
2422,435274,f5b415202f9796d16305892d,2422,10,2,84,20,492.609375,65.391304347826093,0.328125,-0.086956521739130432,True,padding_center,256,184,0,36
2423,435289,f5b415202f9796d16305892d,2423,25,2,204,20,1007.765625,65.391304347826093,0.796875,-0.086956521739130432,True,padding_center,256,184,0,36
2424,435404,f5b415202f9796d16305892d,2424,12,6,100,52,561.296875,202.60869565217391,0.390625,0.086956521739130432,False,row0_col1,256,184,0,36
2425,435406,f5b415202f9796d16305892d,2425,14,6,116,52,629.984375,202.60869565217391,0.453125,0.086956521739130432,False,row0_col1,256,184,0,36
2426,435446,f5b415202f9796d16305892d,2426,22,7,180,60,904.734375,236.91304347826087,0.703125,0.13043478260869565,False,row0_col2,256,184,0,36
2427,435557,f5b415202f9796d16305892d,2427,5,11,44,92,320.890625,374.13043478260875,0.171875,0.30434782608695654,False,row0_col0,256,184,0,36
2428,435763,f5b415202f9796d16305892d,2428,19,17,156,140,801.703125,579.95652173913038,0.609375,0.56521739130434778,False,row1_col1,256,184,0,36
2429,435791,f5b415202f9796d16305892d,2429,15,18,124,148,664.328125,614.26086956521749,0.484375,0.60869565217391308,False,row1_col1,256,184,0,36
2430,436377,a037fe56d4697f5f86f87b22,2430,25,4,204,36,991.140625,130.96825396825398,0.796875,0.015873015873015872,False,row0_col2,256,189,0,33
2431,436607,a037fe56d4697f5f86f87b22,2431,31,11,252,92,1198.703125,373.04232804232799,0.984375,0.31216931216931215,False,row0_col2,256,189,0,33
2432,437509,c192edd74fe8165b22e50c5a,2432,5,8,44,68,302.09375,260.20618556701027,0.171875,0.19072164948453607,False,row0_col0,256,194,0,31
2433,437964,c192edd74fe8165b22e50c5a,2433,12,22,100,180,544.03125,745.15463917525778,0.390625,0.76804123711340211,False,row2_col1,256,194,0,31
2434,438165,c192edd74fe8165b22e50c5a,2434,21,28,172,228,855.09375,952.98969072164948,0.671875,1.0154639175257731,True,padding_center,256,194,0,31
2435,438325,0aef4825947bf8ad603e523a,2435,21,1,172,12,878.125,17.838709677419359,0.671875,-0.12365591397849462,True,padding_center,256,186,0,35
2436,438730,0aef4825947bf8ad603e523a,2436,10,14,84,116,495.875,470.74193548387098,0.328125,0.43548387096774194,False,row1_col0,256,186,0,35
2437,439031,0aef4825947bf8ad603e523a,2437,23,23,188,188,947.625,784.29032258064524,0.734375,0.82258064516129037,False,row2_col2,256,186,0,35
2438,439118,0aef4825947bf8ad603e523a,2438,14,26,116,212,634.875,888.80645161290329,0.453125,0.95161290322580649,False,row2_col1,256,186,0,35
2439,439126,0aef4825947bf8ad603e523a,2439,22,26,180,212,912.875,888.80645161290329,0.703125,0.95161290322580649,False,row2_col2,256,186,0,35
2440,439388,91b902f7a2f5112ece6e0093,2440,28,2,228,20,1132.703125,71.054054054054049,0.890625,-0.081081081081081086,True,padding_center,256,185,0,35
2441,439582,91b902f7a2f5112ece6e0093,2441,30,8,244,68,1202.015625,278.88108108108111,0.953125,0.17837837837837839,False,row0_col2,256,185,0,35
2442,439601,91b902f7a2f5112ece6e0093,2442,17,9,140,76,751.484375,313.51891891891893,0.546875,0.22162162162162163,False,row0_col1,256,185,0,35
2443,439769,91b902f7a2f5112ece6e0093,2443,25,14,204,116,1028.734375,486.70810810810815,0.796875,0.43783783783783786,False,row1_col2,256,185,0,35
2444,440269,91b902f7a2f5112ece6e0093,2444,13,30,108,244,612.859375,1040.9135135135134,0.421875,1.1297297297297297,True,padding_center,256,185,0,35
2445,440785,78b30cfbd744741692ca9e79,2445,17,14,140,116,703.390625,472.08695652173913,0.546875,0.43478260869565216,False,row1_col1,256,184,0,36
2446,441010,78b30cfbd744741692ca9e79,2446,18,21,148,172,737.984375,714.3478260869565,0.578125,0.73913043478260865,False,row2_col1,256,184,0,36
2447,441342,78b30cfbd744741692ca9e79,2447,30,31,244,252,1153.109375,1060.4347826086957,0.953125,1.173913043478261,True,padding_center,256,184,0,36
2448,441396,15b75700160ecc173a4d52a1,2448,20,1,164,12,807.171875,27.705882352941174,0.640625,-0.11764705882352941,True,padding_center,256,187,0,34
2449,441535,15b75700160ecc173a4d52a1,2449,31,5,252,44,1187.703125,166.31550802139037,0.984375,0.053475935828877004,False,row0_col2,256,187,0,34
2450,441848,15b75700160ecc173a4d52a1,2450,24,15,196,124,945.546875,512.83957219251329,0.765625,0.48128342245989303,False,row1_col2,256,187,0,34
2451,441865,15b75700160ecc173a4d52a1,2451,9,16,76,132,426.640625,547.49197860962568,0.296875,0.52406417112299464,False,row1_col0,256,187,0,34
2452,441885,15b75700160ecc173a4d52a1,2452,29,16,236,132,1118.515625,547.49197860962568,0.921875,0.52406417112299464,False,row1_col2,256,187,0,34
2453,441971,15b75700160ecc173a4d52a1,2453,19,19,156,156,772.578125,651.44919786096261,0.609375,0.65240641711229952,False,row1_col1,256,187,0,34
2454,442061,15b75700160ecc173a4d52a1,2454,13,22,108,180,565.015625,755.40641711229944,0.421875,0.78074866310160429,False,row2_col1,256,187,0,34
2455,442742,a0da085ada2e7121eea570e2,2455,22,11,180,92,886.46875,379.66666666666663,0.703125,0.31216931216931215,False,row0_col2,256,189,0,33
2456,442868,a0da085ada2e7121eea570e2,2456,20,15,164,124,817.09375,518.33333333333326,0.640625,0.48148148148148145,False,row1_col1,256,189,0,33
2457,443001,a0da085ada2e7121eea570e2,2457,25,19,204,156,990.53125,657,0.796875,0.65079365079365081,False,row1_col2,256,189,0,33
2458,443242,a0da085ada2e7121eea570e2,2458,10,27,84,220,470.21875,934.33333333333337,0.328125,0.98941798941798942,False,row2_col0,256,189,0,33
2459,443493,bcd30516eaad32359ff58603,2459,5,3,44,28,283.09375,94.691891891891885,0.171875,-0.03783783783783784,True,padding_center,256,185,0,35
2460,443631,bcd30516eaad32359ff58603,2460,15,7,124,60,628.71875,233.24324324324326,0.484375,0.13513513513513514,False,row0_col1,256,185,0,35
2461,443925,bcd30516eaad32359ff58603,2461,21,16,172,132,836.09375,544.98378378378379,0.671875,0.5243243243243243,False,row1_col2,256,185,0,35
2462,444121,bcd30516eaad32359ff58603,2462,25,22,204,180,974.34375,752.81081081081084,0.796875,0.78378378378378377,False,row2_col2,256,185,0,35
2463,444282,bcd30516eaad32359ff58603,2463,26,27,212,220,1008.90625,926,0.828125,1,True,padding_center,256,185,0,35
2464,444339,bcd30516eaad32359ff58603,2464,19,29,156,236,766.96875,995.27567567567564,0.609375,1.0864864864864865,True,padding_center,256,185,0,35
2465,444352,bcd30516eaad32359ff58603,2465,0,30,4,244,110.28125,1029.9135135135134,0.015625,1.1297297297297297,True,padding_center,256,185,0,35
2466,444742,68156206f643fb334d0eae7f,2466,6,10,52,84,308.28125,329.21621621621625,0.203125,0.26486486486486488,False,row0_col0,256,185,0,35
2467,445206,68156206f643fb334d0eae7f,2467,22,24,180,196,865.28125,816.56756756756761,0.703125,0.87027027027027026,False,row2_col2,256,185,0,35
2468,445216,68156206f643fb334d0eae7f,2468,0,25,4,204,99.40625,851.37837837837833,0.015625,0.91351351351351351,False,row2_col0,256,185,0,35
2469,445220,68156206f643fb334d0eae7f,2469,4,25,36,204,238.65625,851.37837837837833,0.140625,0.91351351351351351,False,row2_col0,256,185,0,35
2470,445320,68156206f643fb334d0eae7f,2470,8,28,68,228,377.90625,955.81081081081084,0.265625,1.0432432432432432,True,padding_center,256,185,0,35
2471,445360,68156206f643fb334d0eae7f,2471,16,29,132,236,656.40625,990.62162162162167,0.515625,1.0864864864864865,True,padding_center,256,185,0,35
2472,445419,68156206f643fb334d0eae7f,2472,11,31,92,252,482.34375,1060.2432432432433,0.359375,1.172972972972973,True,padding_center,256,185,0,35
2473,445635,7fc04af711a80e358348051d,2473,3,6,28,52,249.078125,189.57526881720429,0.109375,0.091397849462365593,False,row0_col0,256,186,0,35
2474,446479,d20cb62a0da43f7b5a35995c,2474,15,0,124,4,673.59375,1.4870466321243612,0.484375,-0.13989637305699482,True,padding_center,256,193,0,31
2475,446599,d20cb62a0da43f7b5a35995c,2475,7,4,60,36,395.09375,140.76165803108807,0.234375,0.025906735751295335,False,row0_col0,256,193,0,31
2476,446630,d20cb62a0da43f7b5a35995c,2476,6,5,52,44,360.28125,175.58031088082902,0.203125,0.067357512953367879,False,row0_col0,256,193,0,31
2477,446708,d20cb62a0da43f7b5a35995c,2477,20,7,164,60,847.65625,245.2176165803109,0.640625,0.15025906735751296,False,row0_col1,256,193,0,31
2478,447169,d20cb62a0da43f7b5a35995c,2478,1,22,12,180,186.21875,767.49740932642487,0.046875,0.772020725388601,False,row2_col0,256,193,0,31
2479,447656,558b808638166f54dfdd8633,2479,8,5,68,44,404.375,165.20942408376965,0.265625,0.062827225130890049,False,row0_col0,256,191,0,32
2480,447840,558b808638166f54dfdd8633,2480,0,11,4,92,126.375,374.04712041884818,0.015625,0.31413612565445026,False,row0_col0,256,191,0,32
2481,448312,558b808638166f54dfdd8633,2481,24,25,196,204,960.375,861.33507853403137,0.765625,0.90052356020942403,False,row2_col2,256,191,0,32
2482,448331,558b808638166f54dfdd8633,2482,11,26,92,212,508.625,896.14136125654454,0.359375,0.94240837696335078,False,row2_col1,256,191,0,32
2483,448521,a54c971a682d36aeda7976b7,2483,9,0,76,4,421.34375,-9.9672131147540881,0.296875,-0.17486338797814208,True,padding_center,256,183,0,36
2484,448697,a54c971a682d36aeda7976b7,2484,25,5,204,44,974.34375,162.49180327868851,0.796875,0.043715846994535519,False,row0_col2,256,183,0,36
2485,448898,a54c971a682d36aeda7976b7,2485,2,12,20,100,179.40625,403.93442622950818,0.078125,0.34972677595628415,False,row1_col0,256,183,0,36
2486,448925,a54c971a682d36aeda7976b7,2486,29,12,236,100,1112.59375,403.93442622950818,0.921875,0.34972677595628415,False,row1_col2,256,183,0,36
2487,449258,a54c971a682d36aeda7976b7,2487,10,23,84,188,455.90625,783.34426229508199,0.328125,0.8306010928961749,False,row2_col0,256,183,0,36
2488,449826,5dcfc0e65ab4ebc09fc86fbe,2488,2,9,20,76,206.640625,289.07142857142856,0.078125,0.21428571428571427,False,row0_col0,256,182,0,37
2489,450363,5dcfc0e65ab4ebc09fc86fbe,2489,27,25,220,204,1073.046875,843.97252747252742,0.859375,0.91758241758241754,False,row2_col2,256,182,0,37
2490,450426,5dcfc0e65ab4ebc09fc86fbe,2490,26,27,212,220,1038.390625,913.33516483516485,0.828125,1.0054945054945055,True,padding_center,256,182,0,37
2491,450445,5dcfc0e65ab4ebc09fc86fbe,2491,13,28,108,228,587.859375,948.0164835164835,0.421875,1.0494505494505495,True,padding_center,256,182,0,37
2492,450455,5dcfc0e65ab4ebc09fc86fbe,2492,23,28,188,228,934.421875,948.0164835164835,0.734375,1.0494505494505495,True,padding_center,256,182,0,37
2493,450591,522e7bdad7dff218da16d20c,2493,31,0,252,4,1195.65625,-3.4918032786885362,0.984375,-0.17486338797814208,True,padding_center,256,183,0,36
2494,450697,522e7bdad7dff218da16d20c,2494,9,4,76,36,432.53125,135,0.296875,0,False,row0_col0,256,183,0,36
2495,450799,522e7bdad7dff218da16d20c,2495,15,7,124,60,640.65625,238.86885245901641,0.484375,0.13114754098360656,False,row0_col1,256,183,0,36
2496,450866,522e7bdad7dff218da16d20c,2496,18,9,148,76,744.71875,308.11475409836066,0.578125,0.21857923497267759,False,row0_col1,256,183,0,36
2497,450995,522e7bdad7dff218da16d20c,2497,19,13,156,108,779.40625,446.60655737704917,0.609375,0.39344262295081966,False,row1_col1,256,183,0,36
2498,451086,522e7bdad7dff218da16d20c,2498,14,16,116,132,605.96875,550.47540983606564,0.453125,0.52459016393442626,False,row1_col1,256,183,0,36
2499,451250,522e7bdad7dff218da16d20c,2499,18,21,148,172,744.71875,723.5901639344263,0.578125,0.74316939890710387,False,row2_col1,256,183,0,36
2500,451555,522e7bdad7dff218da16d20c,2500,3,31,28,252,224.40625,1069.8196721311474,0.109375,1.180327868852459,True,padding_center,256,183,0,36
2501,451560,522e7bdad7dff218da16d20c,2501,8,31,68,252,397.84375,1069.8196721311474,0.265625,1.180327868852459,True,padding_center,256,183,0,36
2502,451771,36a1385eef8168000ac9d2ff,2502,27,5,220,44,1045.203125,168.48969072164948,0.859375,0.067010309278350513,False,row0_col2,256,194,0,31
2503,451792,36a1385eef8168000ac9d2ff,2503,16,6,132,52,661.921875,203.25257731958763,0.515625,0.10824742268041238,False,row0_col1,256,194,0,31
2504,452504,36a1385eef8168000ac9d2ff,2504,24,28,196,228,940.671875,968.03608247422676,0.765625,1.0154639175257731,True,padding_center,256,194,0,31
2505,452632,6cdb89370c1447e2daa1d31d,2505,24,0,196,4,936.78125,2.6951871657753941,0.765625,-0.16042780748663102,True,padding_center,256,187,0,34
2506,452732,6cdb89370c1447e2daa1d31d,2506,28,3,228,28,1075.03125,106.13903743315508,0.890625,-0.032085561497326207,True,padding_center,256,187,0,34
2507,452753,6cdb89370c1447e2daa1d31d,2507,17,4,140,36,694.84375,140.62032085561498,0.546875,0.0106951871657754,False,row0_col1,256,187,0,34
2508,453156,6cdb89370c1447e2daa1d31d,2508,4,17,36,140,245.53125,588.87700534759369,0.140625,0.5668449197860963,False,row1_col0,256,187,0,34
2509,453160,6cdb89370c1447e2daa1d31d,2509,8,17,68,140,383.78125,588.87700534759369,0.265625,0.5668449197860963,False,row1_col0,256,187,0,34
2510,453245,6cdb89370c1447e2daa1d31d,2510,29,19,236,156,1109.59375,657.8395721925134,0.921875,0.65240641711229952,False,row1_col2,256,187,0,34
2511,453621,6cdb89370c1447e2daa1d31d,2511,21,31,172,252,833.09375,1071.614973262032,0.671875,1.1657754010695187,True,padding_center,256,187,0,34
2512,454087,025ca213a8b93a50670ce0b0,2512,7,14,60,116,393.21875,485.26701570680632,0.234375,0.43979057591623039,False,row1_col0,256,191,0,32
2513,454113,025ca213a8b93a50670ce0b0,2513,1,15,12,124,185.84375,519.86387434554968,0.046875,0.48167539267015708,False,row1_col0,256,191,0,32
2514,454277,025ca213a8b93a50670ce0b0,2514,5,20,44,164,324.09375,692.84816753926702,0.171875,0.69109947643979053,False,row2_col0,256,191,0,32
2515,454315,025ca213a8b93a50670ce0b0,2515,11,21,92,172,531.46875,727.44502617801049,0.359375,0.73298429319371727,False,row2_col1,256,191,0,32
2516,454340,025ca213a8b93a50670ce0b0,2516,4,22,36,180,289.53125,762.04188481675396,0.140625,0.77486910994764402,False,row2_col0,256,191,0,32
2517,454457,025ca213a8b93a50670ce0b0,2517,25,25,204,204,1015.34375,865.83246073298426,0.796875,0.90052356020942403,False,row2_col2,256,191,0,32
2518,454615,025ca213a8b93a50670ce0b0,2518,23,30,188,244,946.21875,1038.8167539267015,0.734375,1.1099476439790577,True,padding_center,256,191,0,32
2519,454825,beb1e4bf2c0ec18579f745bf,2519,9,5,76,44,423.640625,155.60869565217391,0.296875,0.043478260869565216,False,row0_col0,256,184,0,36
2520,455013,beb1e4bf2c0ec18579f745bf,2520,5,11,44,92,285.265625,363.26086956521738,0.171875,0.30434782608695654,False,row0_col0,256,184,0,36
2521,455228,beb1e4bf2c0ec18579f745bf,2521,28,17,228,140,1080.921875,570.91304347826076,0.890625,0.56521739130434778,False,row1_col2,256,184,0,36
2522,455317,beb1e4bf2c0ec18579f745bf,2522,21,20,172,164,838.765625,674.73913043478262,0.671875,0.69565217391304346,False,row2_col2,256,184,0,36
2523,455603,beb1e4bf2c0ec18579f745bf,2523,19,29,156,236,769.578125,986.21739130434776,0.609375,1.0869565217391304,True,padding_center,256,184,0,36
2524,455667,beb1e4bf2c0ec18579f745bf,2524,19,31,156,252,769.578125,1055.4347826086957,0.609375,1.173913043478261,True,padding_center,256,184,0,36
2525,455861,f350543d4e926bfe063bea83,2525,21,5,172,44,827.109375,165.55026455026456,0.671875,0.058201058201058198,False,row0_col2,256,189,0,33
2526,455957,f350543d4e926bfe063bea83,2526,21,8,172,68,827.109375,269.2962962962963,0.671875,0.18518518518518517,False,row0_col2,256,189,0,33
2527,456644,f350543d4e926bfe063bea83,2527,4,30,36,244,237.953125,1030.1005291005292,0.140625,1.1164021164021165,True,padding_center,256,189,0,33
2528,456791,8edb3f5616a73b2e02e42c87,2528,23,2,188,20,912.421875,68.358288770053491,0.734375,-0.074866310160427801,True,padding_center,256,187,0,34
2529,456795,8edb3f5616a73b2e02e42c87,2529,27,2,220,20,1051.046875,68.358288770053491,0.859375,-0.074866310160427801,True,padding_center,256,187,0,34
2530,457218,8edb3f5616a73b2e02e42c87,2530,2,16,20,132,184.640625,553.49197860962568,0.078125,0.52406417112299464,False,row1_col0,256,187,0,34
2531,457263,8edb3f5616a73b2e02e42c87,2531,15,17,124,140,635.171875,588.14438502673806,0.484375,0.5668449197860963,False,row1_col1,256,187,0,34
2532,457275,8edb3f5616a73b2e02e42c87,2532,27,17,220,140,1051.046875,588.14438502673806,0.859375,0.5668449197860963,False,row1_col2,256,187,0,34
2533,457370,8edb3f5616a73b2e02e42c87,2533,26,20,212,164,1016.390625,692.10160427807489,0.828125,0.69518716577540107,False,row2_col2,256,187,0,34
2534,457485,8edb3f5616a73b2e02e42c87,2534,13,24,108,196,565.859375,830.7112299465241,0.421875,0.86631016042780751,False,row2_col1,256,187,0,34
2535,457543,8edb3f5616a73b2e02e42c87,2535,7,26,60,212,357.921875,900.01604278074865,0.234375,0.95187165775401072,False,row2_col0,256,187,0,34
2536,457572,8edb3f5616a73b2e02e42c87,2536,4,27,36,220,253.953125,934.66844919786092,0.140625,0.99465240641711228,False,row2_col0,256,187,0,34
2537,457613,8edb3f5616a73b2e02e42c87,2537,13,28,108,228,565.859375,969.3208556149732,0.421875,1.0374331550802138,True,padding_center,256,187,0,34
2538,457714,8edb3f5616a73b2e02e42c87,2538,18,31,148,252,739.140625,1073.2780748663101,0.578125,1.1657754010695187,True,padding_center,256,187,0,34
2539,457749,efab8b57a05312e6e2d6ff9c,2539,21,0,172,4,801.390625,4.2999999999999972,0.671875,-0.15263157894736842,True,padding_center,256,190,0,33
2540,457948,efab8b57a05312e6e2d6ff9c,2540,28,6,228,52,1041.796875,210.69999999999999,0.890625,0.10000000000000001,False,row0_col2,256,190,0,33
2541,458061,efab8b57a05312e6e2d6ff9c,2541,13,10,108,84,526.640625,348.30000000000001,0.421875,0.26842105263157895,False,row0_col1,256,190,0,33
2542,458276,efab8b57a05312e6e2d6ff9c,2542,4,17,36,140,217.546875,589.09999999999991,0.140625,0.56315789473684208,False,row1_col0,256,190,0,33
2543,458527,efab8b57a05312e6e2d6ff9c,2543,31,24,252,196,1144.828125,829.89999999999998,0.984375,0.85789473684210527,False,row2_col2,256,190,0,33
2544,458677,efab8b57a05312e6e2d6ff9c,2544,21,29,172,236,801.390625,1001.9,0.671875,1.0684210526315789,True,padding_center,256,190,0,33
2545,458815,c3cb302619dac53bc3e9a2b8,2545,31,1,252,12,1175.90625,51.797872340425528,0.984375,-0.11702127659574468,True,padding_center,256,188,0,34
2546,458969,c3cb302619dac53bc3e9a2b8,2546,25,6,204,52,970.78125,223.07446808510639,0.796875,0.095744680851063829,False,row0_col2,256,188,0,34
2547,459272,c3cb302619dac53bc3e9a2b8,2547,8,16,68,132,389.59375,565.62765957446811,0.265625,0.52127659574468088,False,row1_col0,256,188,0,34
2548,459432,c3cb302619dac53bc3e9a2b8,2548,8,21,68,172,389.59375,736.90425531914889,0.265625,0.73404255319148937,False,row2_col0,256,188,0,34
2549,459506,c3cb302619dac53bc3e9a2b8,2549,18,23,148,188,731.46875,805.41489361702133,0.578125,0.81914893617021278,False,row2_col1,256,188,0,34
2550,459706,c3cb302619dac53bc3e9a2b8,2550,26,29,212,236,1004.96875,1010.9468085106383,0.828125,1.074468085106383,True,padding_center,256,188,0,34
2551,459712,c3cb302619dac53bc3e9a2b8,2551,0,30,4,244,116.09375,1045.2021276595742,0.015625,1.1170212765957446,True,padding_center,256,188,0,34
2552,460087,220c8ee1c69449f9af0ae7f1,2552,23,9,188,76,878.28125,327.52083333333331,0.734375,0.22916666666666666,False,row0_col2,256,192,0,32
2553,461078,439720347b525b459d2cd2a2,2553,22,8,180,68,932.625,301.91282051282053,0.703125,0.19487179487179487,False,row0_col2,256,195,0,30
2554,461336,439720347b525b459d2cd2a2,2554,24,16,196,132,1001.125,576.29230769230776,0.765625,0.52307692307692311,False,row1_col2,256,195,0,30
2555,461528,439720347b525b459d2cd2a2,2555,24,22,196,180,1001.125,782.07692307692309,0.765625,0.76923076923076927,False,row2_col2,256,195,0,30
2556,461842,cdd3402e4d0aa4a5fbc61954,2556,18,0,148,4,707.359375,6.7142857142857224,0.578125,-0.15343915343915343,True,padding_center,256,189,0,33
2557,461881,cdd3402e4d0aa4a5fbc61954,2557,25,1,204,12,947.765625,41,0.796875,-0.1111111111111111,True,padding_center,256,189,0,33
2558,461934,cdd3402e4d0aa4a5fbc61954,2558,14,3,116,28,569.984375,109.57142857142857,0.453125,-0.026455026455026454,True,padding_center,256,189,0,33
2559,462010,cdd3402e4d0aa4a5fbc61954,2559,26,5,212,44,982.109375,178.14285714285714,0.828125,0.058201058201058198,False,row0_col2,256,189,0,33
2560,462427,cdd3402e4d0aa4a5fbc61954,2560,27,18,220,148,1016.453125,623.85714285714289,0.859375,0.60846560846560849,False,row1_col2,256,189,0,33
2561,462480,cdd3402e4d0aa4a5fbc61954,2561,16,20,132,164,638.671875,692.42857142857144,0.515625,0.69312169312169314,False,row2_col1,256,189,0,33
2562,462611,cdd3402e4d0aa4a5fbc61954,2562,19,24,156,196,741.703125,829.57142857142856,0.609375,0.86243386243386244,False,row2_col1,256,189,0,33
2563,462702,cdd3402e4d0aa4a5fbc61954,2563,14,27,116,220,569.984375,932.42857142857144,0.453125,0.98941798941798942,False,row2_col1,256,189,0,33
2564,462934,f06dd4b0ff466537119cc2af,2564,22,2,180,20,872.625,77.806451612903231,0.703125,-0.080645161290322578,True,padding_center,256,186,0,35
2565,463070,f06dd4b0ff466537119cc2af,2565,30,6,244,52,1146.625,214.75268817204301,0.953125,0.091397849462365593,False,row0_col2,256,186,0,35
2566,463071,f06dd4b0ff466537119cc2af,2566,31,6,252,52,1180.875,214.75268817204301,0.984375,0.091397849462365593,False,row0_col2,256,186,0,35
2567,463399,f06dd4b0ff466537119cc2af,2567,7,17,60,140,358.875,591.35483870967744,0.234375,0.56451612903225812,False,row1_col0,256,186,0,35
2568,463679,f06dd4b0ff466537119cc2af,2568,31,25,252,204,1180.875,865.24731182795699,0.984375,0.90860215053763438,False,row2_col2,256,186,0,35
2569,463721,f06dd4b0ff466537119cc2af,2569,9,27,76,220,427.375,933.72043010752691,0.296875,0.9946236559139785,False,row2_col0,256,186,0,35
2570,463825,f06dd4b0ff466537119cc2af,2570,17,30,140,244,701.375,1036.4301075268818,0.546875,1.1236559139784945,True,padding_center,256,186,0,35
2571,463847,f06dd4b0ff466537119cc2af,2571,7,31,60,252,358.875,1070.6666666666667,0.234375,1.1666666666666667,True,padding_center,256,186,0,35
2572,464016,7a0f74886ddf2564aac2dcae,2572,16,4,132,36,661.640625,152.56684491978609,0.515625,0.0106951871657754,False,row0_col1,256,187,0,34
2573,464170,7a0f74886ddf2564aac2dcae,2573,10,9,84,76,455.953125,323.903743315508,0.328125,0.22459893048128343,False,row0_col0,256,187,0,34
2574,464403,7a0f74886ddf2564aac2dcae,2574,19,16,156,132,764.484375,563.77540106951869,0.609375,0.52406417112299464,False,row1_col1,256,187,0,34
2575,464650,7a0f74886ddf2564aac2dcae,2575,10,24,84,196,455.953125,837.91443850267376,0.328125,0.86631016042780751,False,row2_col0,256,187,0,34
2576,465044,f4ac4da33960d6b1e1780732,2576,20,4,164,36,766.84375,146.10994764397907,0.640625,0.020942408376963352,False,row0_col1,256,191,0,32
2577,465068,f4ac4da33960d6b1e1780732,2577,12,5,100,44,493.34375,180.32984293193718,0.390625,0.062827225130890049,False,row0_col1,256,191,0,32
2578,465091,f4ac4da33960d6b1e1780732,2578,3,6,28,52,185.65625,214.54973821989529,0.109375,0.10471204188481675,False,row0_col0,256,191,0,32
2579,465192,f4ac4da33960d6b1e1780732,2579,8,9,68,76,356.59375,317.20942408376959,0.265625,0.23036649214659685,False,row0_col0,256,191,0,32
2580,465392,f4ac4da33960d6b1e1780732,2580,16,15,132,124,630.09375,522.52879581151831,0.515625,0.48167539267015708,False,row1_col1,256,191,0,32
2581,466083,f811b6561edd9f797ff5e802,2581,3,5,28,44,238.203125,174.87234042553192,0.109375,0.053191489361702128,False,row0_col0,256,188,0,34
2582,466405,f811b6561edd9f797ff5e802,2582,5,15,44,124,306.890625,517.85106382978734,0.171875,0.47872340425531917,False,row1_col0,256,188,0,34
2583,466515,f811b6561edd9f797ff5e802,2583,19,18,156,148,787.703125,620.74468085106389,0.609375,0.6063829787234043,False,row1_col1,256,188,0,34
2584,466749,f811b6561edd9f797ff5e802,2584,29,25,236,204,1131.140625,860.82978723404256,0.921875,0.9042553191489362,False,row2_col2,256,188,0,34
2585,466792,f811b6561edd9f797ff5e802,2585,8,27,68,220,409.921875,929.42553191489367,0.265625,0.98936170212765961,False,row2_col0,256,188,0,34
2586,466826,f811b6561edd9f797ff5e802,2586,10,28,84,228,478.609375,963.72340425531911,0.328125,1.0319148936170213,True,padding_center,256,188,0,34
2587,467058,55697275b8b27562c9eb1a4c,2587,18,3,148,28,739.9375,109.77083333333334,0.578125,-0.020833333333333332,True,padding_center,256,192,0,32
2588,467211,55697275b8b27562c9eb1a4c,2588,11,8,92,68,499.3125,282.0625,0.359375,0.1875,False,row0_col1,256,192,0,32
2589,467309,55697275b8b27562c9eb1a4c,2589,13,11,108,92,568.0625,385.4375,0.421875,0.3125,False,row0_col1,256,192,0,32
2590,467374,55697275b8b27562c9eb1a4c,2590,14,13,116,108,602.4375,454.35416666666663,0.453125,0.39583333333333331,False,row1_col1,256,192,0,32
2591,467397,55697275b8b27562c9eb1a4c,2591,5,14,44,116,293.0625,488.8125,0.171875,0.4375,False,row1_col0,256,192,0,32
2592,467433,55697275b8b27562c9eb1a4c,2592,9,15,76,124,430.5625,523.27083333333337,0.296875,0.47916666666666669,False,row1_col0,256,192,0,32
2593,467450,55697275b8b27562c9eb1a4c,2593,26,15,212,124,1014.9375,523.27083333333337,0.828125,0.47916666666666669,False,row1_col2,256,192,0,32
2594,467614,55697275b8b27562c9eb1a4c,2594,30,20,244,164,1152.4375,695.5625,0.953125,0.6875,False,row2_col2,256,192,0,32
2595,467623,55697275b8b27562c9eb1a4c,2595,7,21,60,172,361.8125,730.02083333333326,0.234375,0.72916666666666663,False,row2_col0,256,192,0,32
2596,467785,55697275b8b27562c9eb1a4c,2596,9,26,76,212,430.5625,902.3125,0.296875,0.9375,False,row2_col0,256,192,0,32
2597,467856,55697275b8b27562c9eb1a4c,2597,16,28,132,228,671.1875,971.22916666666663,0.515625,1.0208333333333333,True,padding_center,256,192,0,32
2598,468020,ef419c8f615496747f6510c0,2598,20,1,164,12,829.84375,46.117647058823536,0.640625,-0.11764705882352941,True,padding_center,256,187,0,34
2599,468052,ef419c8f615496747f6510c0,2599,20,2,164,20,829.84375,80.256684491978618,0.640625,-0.074866310160427801,True,padding_center,256,187,0,34
2600,468158,ef419c8f615496747f6510c0,2600,30,5,244,44,1171.71875,182.67379679144386,0.953125,0.053475935828877004,False,row0_col2,256,187,0,34
2601,468196,ef419c8f615496747f6510c0,2601,4,7,36,60,282.84375,250.951871657754,0.140625,0.13903743315508021,False,row0_col0,256,187,0,34
2602,468353,ef419c8f615496747f6510c0,2602,1,12,12,100,180.28125,421.64705882352945,0.046875,0.35294117647058826,False,row1_col0,256,187,0,34
2603,468707,ef419c8f615496747f6510c0,2603,3,23,28,188,248.65625,797.17647058823525,0.109375,0.82352941176470584,False,row2_col0,256,187,0,34
2604,468847,ef419c8f615496747f6510c0,2604,15,27,124,220,658.90625,933.73262032085563,0.484375,0.99465240641711228,False,row2_col1,256,187,0,34
2605,468869,ef419c8f615496747f6510c0,2605,5,28,44,228,317.03125,967.87165775401058,0.171875,1.0374331550802138,True,padding_center,256,187,0,34
2606,468882,ef419c8f615496747f6510c0,2606,18,28,148,228,761.46875,967.87165775401058,0.578125,1.0374331550802138,True,padding_center,256,187,0,34
2607,469053,621fde1bd00dce28d45409a7,2607,29,1,236,12,1138.984375,41.951612903225808,0.921875,-0.12365591397849462,True,padding_center,256,186,0,35
2608,469144,621fde1bd00dce28d45409a7,2608,24,4,196,36,966.953125,145.30645161290323,0.765625,0.0053763440860215058,False,row0_col2,256,186,0,35
2609,469547,621fde1bd00dce28d45409a7,2609,11,17,92,140,519.671875,593.17741935483878,0.359375,0.56451612903225812,False,row1_col1,256,186,0,35
2610,469787,621fde1bd00dce28d45409a7,2610,27,24,220,196,1070.171875,834.33870967741939,0.859375,0.86559139784946237,False,row2_col2,256,186,0,35
2611,470147,7b4398b5f7d90eaafd6f9de7,2611,3,4,28,36,281.875,144.29032258064515,0.109375,0.0053763440860215058,False,row0_col0,256,186,0,35
2612,470153,7b4398b5f7d90eaafd6f9de7,2612,9,4,76,36,487.375,144.29032258064515,0.296875,0.0053763440860215058,False,row0_col0,256,186,0,35
2613,470493,7b4398b5f7d90eaafd6f9de7,2613,29,14,236,116,1172.375,487.51612903225805,0.921875,0.43548387096774194,False,row1_col2,256,186,0,35
2614,470649,7b4398b5f7d90eaafd6f9de7,2614,25,19,204,156,1035.375,659.12903225806451,0.796875,0.65053763440860213,False,row1_col2,256,186,0,35
2615,470761,7b4398b5f7d90eaafd6f9de7,2615,9,23,76,188,487.375,796.41935483870975,0.296875,0.82258064516129037,False,row2_col0,256,186,0,35
2616,471148,c7f35be6760fdb85307e2d49,2616,12,3,100,28,535.515625,117.27659574468086,0.390625,-0.031914893617021274,True,padding_center,256,188,0,34
2617,471276,c7f35be6760fdb85307e2d49,2617,12,7,100,60,535.515625,254.468085106383,0.390625,0.13829787234042554,False,row0_col1,256,188,0,34
2618,471312,c7f35be6760fdb85307e2d49,2618,16,8,132,68,672.640625,288.76595744680856,0.515625,0.18085106382978725,False,row0_col1,256,188,0,34
2619,471336,c7f35be6760fdb85307e2d49,2619,8,9,68,76,398.390625,323.063829787234,0.265625,0.22340425531914893,False,row0_col0,256,188,0,34
2620,471501,c7f35be6760fdb85307e2d49,2620,13,14,108,116,569.796875,494.55319148936172,0.421875,0.43617021276595747,False,row1_col1,256,188,0,34
2621,471592,c7f35be6760fdb85307e2d49,2621,8,17,68,140,398.390625,597.44680851063822,0.265625,0.56382978723404253,False,row1_col0,256,188,0,34
2622,471751,c7f35be6760fdb85307e2d49,2622,7,22,60,180,364.109375,768.93617021276589,0.234375,0.77659574468085102,False,row2_col0,256,188,0,34
2623,472070,77f12352984de874b6cd5378,2623,6,0,52,4,370.828125,9.7142857142857224,0.203125,-0.15343915343915343,True,padding_center,256,189,0,33
2624,472302,77f12352984de874b6cd5378,2624,14,7,116,60,645.078125,249.71428571428572,0.453125,0.14285714285714285,False,row0_col1,256,189,0,33
2625,472341,77f12352984de874b6cd5378,2625,21,8,172,68,885.046875,284,0.671875,0.18518518518518517,False,row0_col2,256,189,0,33
2626,472355,77f12352984de874b6cd5378,2626,3,9,28,76,267.984375,318.28571428571428,0.109375,0.2275132275132275,False,row0_col0,256,189,0,33
2627,472541,77f12352984de874b6cd5378,2627,29,14,236,116,1159.296875,489.71428571428572,0.921875,0.43915343915343913,False,row1_col2,256,189,0,33
2628,472696,77f12352984de874b6cd5378,2628,24,19,196,156,987.890625,661.14285714285711,0.765625,0.65079365079365081,False,row1_col2,256,189,0,33
2629,472776,77f12352984de874b6cd5378,2629,8,22,68,180,439.390625,764,0.265625,0.77777777777777779,False,row2_col0,256,189,0,33
2630,472870,77f12352984de874b6cd5378,2630,6,25,52,204,370.828125,866.85714285714289,0.203125,0.90476190476190477,False,row2_col0,256,189,0,33
2631,473417,1d12ec902c3113b35c317ef8,2631,9,10,76,84,445.78125,348.42105263157896,0.296875,0.26842105263157895,False,row0_col0,256,190,0,33
2632,473458,1d12ec902c3113b35c317ef8,2632,18,11,148,92,753.46875,382.5263157894737,0.578125,0.31052631578947371,False,row0_col1,256,190,0,33
2633,473769,1d12ec902c3113b35c317ef8,2633,9,21,76,172,445.78125,723.57894736842104,0.296875,0.73157894736842111,False,row2_col0,256,190,0,33
2634,474066,1d12ec902c3113b35c317ef8,2634,18,30,148,244,753.46875,1030.5263157894738,0.578125,1.1105263157894736,True,padding_center,256,190,0,33
2635,474723,5b0c8102bd3a2a571e7c2c76,2635,3,19,28,156,276.875,666.04255319148933,0.109375,0.64893617021276595,False,row1_col0,256,188,0,34
2636,474959,5b0c8102bd3a2a571e7c2c76,2636,15,26,124,212,687.875,906.12765957446811,0.484375,0.94680851063829785,False,row2_col1,256,188,0,34
2637,475049,5b0c8102bd3a2a571e7c2c76,2637,9,29,76,236,482.375,1009.0212765957447,0.296875,1.074468085106383,True,padding_center,256,188,0,34
2638,475082,5b0c8102bd3a2a571e7c2c76,2638,10,30,84,244,516.625,1043.3191489361702,0.328125,1.1170212765957446,True,padding_center,256,188,0,34
2639,475415,73937759020f473dae5c179a,2639,23,8,188,68,882.671875,278.21052631578948,0.734375,0.18421052631578946,False,row0_col2,256,190,0,33
2640,475573,73937759020f473dae5c179a,2640,21,13,172,108,814.359375,448.73684210526318,0.671875,0.39473684210526316,False,row1_col2,256,190,0,33
2641,476159,73937759020f473dae5c179a,2641,31,31,252,252,1155.921875,1062.6315789473683,0.984375,1.1526315789473685,True,padding_center,256,190,0,33
2642,476642,29967e147eb9c7a768964adf,2642,2,15,20,124,192.859375,527,0.078125,0.48148148148148145,False,row1_col0,256,189,0,33
2643,476646,29967e147eb9c7a768964adf,2643,6,15,52,124,330.234375,527,0.203125,0.48148148148148145,False,row1_col0,256,189,0,33
2644,476716,29967e147eb9c7a768964adf,2644,12,17,100,140,536.296875,595.57142857142867,0.390625,0.56613756613756616,False,row1_col1,256,189,0,33
2645,477416,4232070a33fbc4fa24180e8d,2645,8,7,68,60,391.71875,248.86528497409327,0.265625,0.15025906735751296,False,row0_col0,256,193,0,31
2646,477692,4232070a33fbc4fa24180e8d,2646,28,15,228,124,1080.46875,524.43005181347144,0.890625,0.48186528497409326,False,row1_col2,256,193,0,31
2647,477750,4232070a33fbc4fa24180e8d,2647,22,17,180,140,873.84375,593.32124352331607,0.703125,0.56476683937823835,False,row1_col2,256,193,0,31
2648,477812,4232070a33fbc4fa24180e8d,2648,20,19,164,156,804.96875,662.21243523316059,0.640625,0.64766839378238339,False,row1_col1,256,193,0,31
2649,478122,4232070a33fbc4fa24180e8d,2649,10,29,84,236,460.59375,1006.6683937823834,0.328125,1.0621761658031088,True,padding_center,256,193,0,31
2650,478149,4232070a33fbc4fa24180e8d,2650,5,30,44,244,288.40625,1041.1139896373056,0.171875,1.1036269430051813,True,padding_center,256,193,0,31
2651,478607,246ad0c43ef94471a87d00f3,2651,15,12,124,100,676.875,423.70588235294122,0.484375,0.35294117647058826,False,row1_col1,256,187,0,34
2652,478612,246ad0c43ef94471a87d00f3,2652,20,12,164,100,848.125,423.70588235294122,0.640625,0.35294117647058826,False,row1_col1,256,187,0,34
2653,478672,246ad0c43ef94471a87d00f3,2653,16,14,132,116,711.125,492.24064171122996,0.515625,0.43850267379679142,False,row1_col1,256,187,0,34
2654,479118,246ad0c43ef94471a87d00f3,2654,14,28,116,228,642.625,971.98395721925124,0.453125,1.0374331550802138,True,padding_center,256,187,0,34
2655,479123,246ad0c43ef94471a87d00f3,2655,19,28,156,228,813.875,971.98395721925124,0.609375,1.0374331550802138,True,padding_center,256,187,0,34
2656,479163,246ad0c43ef94471a87d00f3,2656,27,29,220,236,1087.875,1006.2513368983958,0.859375,1.0802139037433156,True,padding_center,256,187,0,34
2657,479193,246ad0c43ef94471a87d00f3,2657,25,30,204,244,1019.375,1040.5187165775401,0.796875,1.1229946524064172,True,padding_center,256,187,0,34
2658,479261,516089d2e2e2c9755fbd5142,2658,29,0,236,4,1131.140625,11.38297872340425,0.921875,-0.15957446808510639,True,padding_center,256,188,0,34
2659,479972,516089d2e2e2c9755fbd5142,2659,4,23,36,188,272.546875,800.23404255319156,0.140625,0.81914893617021278,False,row2_col0,256,188,0,34
2660,480000,516089d2e2e2c9755fbd5142,2660,0,24,4,196,135.171875,834.531914893617,0.015625,0.86170212765957444,False,row2_col0,256,188,0,34
2661,480305,7361af587e04e93382fe2d91,2661,17,1,140,12,709.65625,35.123711340206185,0.546875,-0.097938144329896906,True,padding_center,256,194,0,31
2662,480315,7361af587e04e93382fe2d91,2662,27,1,220,12,1054.03125,35.123711340206185,0.859375,-0.097938144329896906,True,padding_center,256,194,0,31
2663,480480,7361af587e04e93382fe2d91,2663,0,7,4,60,124.21875,241.96907216494844,0.015625,0.14948453608247422,False,row0_col0,256,194,0,31
2664,480896,7361af587e04e93382fe2d91,2664,0,20,4,164,124.21875,690.13402061855675,0.015625,0.68556701030927836,False,row2_col0,256,194,0,31
2665,481000,7361af587e04e93382fe2d91,2665,8,23,68,188,399.71875,793.5567010309278,0.265625,0.80927835051546393,False,row2_col0,256,194,0,31
2666,481260,7361af587e04e93382fe2d91,2666,12,31,100,252,537.46875,1069.3505154639174,0.390625,1.1391752577319587,True,padding_center,256,194,0,31
2667,481319,0493c50e4f0350b831275383,2667,7,1,60,12,404.921875,34.560000000000002,0.234375,-0.080000000000000002,True,padding_center,256,200,0,28
2668,481589,0493c50e4f0350b831275383,2668,21,9,172,76,890.109375,312.31999999999999,0.671875,0.23999999999999999,False,row0_col2,256,200,0,28
2669,481602,0493c50e4f0350b831275383,2669,2,10,20,84,231.640625,347.04000000000002,0.078125,0.28000000000000003,False,row0_col0,256,200,0,28
2670,481656,0493c50e4f0350b831275383,2670,24,11,196,92,994.078125,381.75999999999999,0.765625,0.32000000000000001,False,row0_col2,256,200,0,28
2671,481734,0493c50e4f0350b831275383,2671,6,14,52,116,370.265625,485.92000000000002,0.203125,0.44,False,row1_col0,256,200,0,28
2672,481743,0493c50e4f0350b831275383,2672,15,14,124,116,682.171875,485.92000000000002,0.484375,0.44,False,row1_col1,256,200,0,28
2673,481759,0493c50e4f0350b831275383,2673,31,14,252,116,1236.671875,485.92000000000002,0.984375,0.44,False,row1_col2,256,200,0,28
2674,481851,0493c50e4f0350b831275383,2674,27,17,220,140,1098.046875,590.08000000000004,0.859375,0.56000000000000005,False,row1_col2,256,200,0,28
2675,481907,0493c50e4f0350b831275383,2675,19,19,156,156,820.796875,659.51999999999998,0.609375,0.64000000000000001,False,row1_col1,256,200,0,28
2676,481934,0493c50e4f0350b831275383,2676,14,20,116,164,647.515625,694.24000000000001,0.453125,0.68000000000000005,False,row2_col1,256,200,0,28
2677,482011,0493c50e4f0350b831275383,2677,27,22,220,180,1098.046875,763.68000000000006,0.859375,0.76000000000000001,False,row2_col2,256,200,0,28
2678,482017,0493c50e4f0350b831275383,2678,1,23,12,188,196.984375,798.40000000000009,0.046875,0.80000000000000004,False,row2_col0,256,200,0,28
2679,482181,0493c50e4f0350b831275383,2679,5,28,44,228,335.609375,972,0.171875,1,True,padding_center,256,200,0,28
2680,482386,08e2b3b386fb9b49a55d363c,2680,18,2,148,20,760.203125,72.305263157894728,0.578125,-0.068421052631578952,True,padding_center,256,190,0,33
2681,482617,08e2b3b386fb9b49a55d363c,2681,25,9,204,76,1000.171875,312.22105263157891,0.796875,0.22631578947368422,False,row0_col2,256,190,0,33
2682,482727,08e2b3b386fb9b49a55d363c,2682,7,13,60,108,383.109375,449.31578947368422,0.234375,0.39473684210526316,False,row1_col0,256,190,0,33
2683,482829,08e2b3b386fb9b49a55d363c,2683,13,16,108,132,588.796875,552.1368421052631,0.421875,0.52105263157894732,False,row1_col1,256,190,0,33
2684,483615,7b57de0d35adaa2f8254baa8,2684,31,8,252,68,1276.875,281.63636363636363,0.984375,0.18181818181818182,False,row0_col2,256,187,0,34
2685,483733,7b57de0d35adaa2f8254baa8,2685,21,12,172,100,934.375,418.70588235294122,0.671875,0.35294117647058826,False,row1_col2,256,187,0,34
2686,483995,7b57de0d35adaa2f8254baa8,2686,27,20,220,164,1139.875,692.84491978609628,0.859375,0.69518716577540107,False,row2_col2,256,187,0,34
2687,484578,0d760570a7d92d299c04d427,2687,2,7,20,60,217.390625,251.51295336787564,0.078125,0.15025906735751296,False,row0_col0,256,193,0,31
2688,484609,0d760570a7d92d299c04d427,2688,1,8,12,68,183.234375,285.58549222797927,0.046875,0.19170984455958548,False,row0_col0,256,193,0,31
2689,484835,0d760570a7d92d299c04d427,2689,3,15,28,124,251.546875,524.0932642487046,0.109375,0.48186528497409326,False,row1_col0,256,193,0,31
2690,485124,0d760570a7d92d299c04d427,2690,4,24,36,196,285.703125,830.74611398963737,0.140625,0.85492227979274615,False,row2_col0,256,193,0,31
2691,485135,0d760570a7d92d299c04d427,2691,15,24,124,196,661.421875,830.74611398963737,0.484375,0.85492227979274615,False,row2_col1,256,193,0,31
2692,485378,8ce9e51dbad44f0e4107d965,2692,2,0,20,4,170.703125,12.230366492146601,0.078125,-0.14659685863874344,True,padding_center,256,191,0,32
2693,485433,8ce9e51dbad44f0e4107d965,2693,25,1,204,12,959.171875,46.450261780104711,0.796875,-0.10471204188481675,True,padding_center,256,191,0,32
2694,485485,8ce9e51dbad44f0e4107d965,2694,13,3,108,28,547.796875,114.89005235602095,0.421875,-0.020942408376963352,True,padding_center,256,191,0,32
2695,485712,8ce9e51dbad44f0e4107d965,2695,16,10,132,84,650.640625,354.42931937172773,0.515625,0.27225130890052357,False,row0_col1,256,191,0,32
2696,485958,8ce9e51dbad44f0e4107d965,2696,6,18,52,148,307.828125,628.18848167539272,0.203125,0.60732984293193715,False,row1_col0,256,191,0,32
2697,486083,8ce9e51dbad44f0e4107d965,2697,3,22,28,180,204.984375,765.06806282722516,0.109375,0.77486910994764402,False,row2_col0,256,191,0,32
2698,486360,8ce9e51dbad44f0e4107d965,2698,24,30,196,244,924.890625,1038.8272251308902,0.765625,1.1099476439790577,True,padding_center,256,191,0,32
2699,486538,9ac9ebb9578650063235ec30,2699,10,4,84,36,454.609375,148.21465968586386,0.328125,0.020942408376963352,False,row0_col0,256,191,0,32
2700,486712,9ac9ebb9578650063235ec30,2700,24,9,196,76,935.421875,320.36125654450262,0.765625,0.23036649214659685,False,row0_col2,256,191,0,32
2701,487073,9ac9ebb9578650063235ec30,2701,1,21,12,172,145.515625,733.51308900523554,0.046875,0.73298429319371727,False,row2_col0,256,191,0,32
2702,487226,9ac9ebb9578650063235ec30,2702,26,25,212,204,1004.109375,871.23036649214657,0.828125,0.90052356020942403,False,row2_col2,256,191,0,32
2703,487278,9ac9ebb9578650063235ec30,2703,14,27,116,220,591.984375,940.08900523560214,0.453125,0.98429319371727753,False,row2_col1,256,191,0,32
2704,487398,9ac9ebb9578650063235ec30,2704,6,31,52,252,317.234375,1077.8062827225131,0.203125,1.1518324607329844,True,padding_center,256,191,0,32
2705,487443,cbe7415bc3817302e0c76f2d,2705,19,0,156,4,795.65625,9.4455958549222885,0.609375,-0.13989637305699482,True,padding_center,256,193,0,31
2706,487551,cbe7415bc3817302e0c76f2d,2706,31,3,252,28,1205.90625,112.16062176165804,0.984375,-0.015544041450777202,True,padding_center,256,193,0,31
2707,487655,cbe7415bc3817302e0c76f2d,2707,7,7,60,60,385.40625,249.11398963730571,0.234375,0.15025906735751296,False,row0_col0,256,193,0,31
2708,487906,cbe7415bc3817302e0c76f2d,2708,2,15,20,124,214.46875,523.02072538860102,0.078125,0.48186528497409326,False,row1_col0,256,193,0,31
2709,488282,cbe7415bc3817302e0c76f2d,2709,26,26,212,212,1034.96875,899.64248704663214,0.828125,0.93782383419689119,False,row2_col2,256,193,0,31
2710,488333,cbe7415bc3817302e0c76f2d,2710,13,28,108,228,590.53125,968.11917098445599,0.421875,1.0207253886010363,True,padding_center,256,193,0,31
2711,488448,49f213bf9b926dc2b4b2d138,2711,0,0,4,4,168.171875,14.38297872340425,0.015625,-0.15957446808510639,True,padding_center,256,188,0,34
2712,488514,49f213bf9b926dc2b4b2d138,2712,2,2,20,20,236.859375,82.978723404255319,0.078125,-0.074468085106382975,True,padding_center,256,188,0,34
2713,488868,49f213bf9b926dc2b4b2d138,2713,4,13,36,108,305.546875,460.25531914893617,0.140625,0.39361702127659576,False,row1_col0,256,188,0,34
2714,489212,49f213bf9b926dc2b4b2d138,2714,28,23,228,188,1129.796875,803.23404255319156,0.890625,0.81914893617021278,False,row2_col2,256,188,0,34
2715,489454,49f213bf9b926dc2b4b2d138,2715,14,31,116,252,648.984375,1077.6170212765956,0.453125,1.1595744680851063,True,padding_center,256,188,0,34
2716,489572,113ae33369eea4ce7f0b6955,2716,4,3,36,28,250.546875,115.57142857142857,0.140625,-0.026455026455026454,True,padding_center,256,189,0,33
2717,489687,113ae33369eea4ce7f0b6955,2717,23,6,188,52,903.078125,218.42857142857144,0.734375,0.10052910052910052,False,row0_col2,256,189,0,33
2718,489778,113ae33369eea4ce7f0b6955,2718,18,9,148,76,731.359375,321.28571428571428,0.578125,0.2275132275132275,False,row0_col1,256,189,0,33
2719,489958,113ae33369eea4ce7f0b6955,2719,6,15,52,124,319.234375,527,0.203125,0.48148148148148145,False,row1_col0,256,189,0,33
2720,490495,113ae33369eea4ce7f0b6955,2720,31,31,252,252,1177.828125,1075.5714285714287,0.984375,1.1587301587301588,True,padding_center,256,189,0,33
2721,490545,f93c3ed6d29f639d27608bfa,2721,17,1,140,12,697.015625,45.58163265306122,0.546875,-0.091836734693877556,True,padding_center,256,196,0,30
2722,490660,f93c3ed6d29f639d27608bfa,2722,4,5,36,44,250.546875,183.21428571428572,0.140625,0.071428571428571425,False,row0_col0,256,196,0,30
2723,490706,f93c3ed6d29f639d27608bfa,2723,18,6,148,52,731.359375,217.62244897959184,0.578125,0.11224489795918367,False,row0_col1,256,196,0,30
2724,490983,f93c3ed6d29f639d27608bfa,2724,7,15,60,124,353.578125,527.29591836734699,0.234375,0.47959183673469385,False,row1_col0,256,196,0,30
2725,492197,af227d5d2da548642af3d8e8,2725,5,21,44,172,244.609375,730.44502617801049,0.171875,0.73298429319371727,False,row2_col0,256,191,0,32
2726,492580,bc5170b2dbd4e825a4bfa3ef,2726,4,1,36,12,248.546875,38.958333333333329,0.140625,-0.10416666666666667,True,padding_center,256,192,0,32
2727,492833,bc5170b2dbd4e825a4bfa3ef,2727,1,9,12,76,145.515625,314.29166666666663,0.046875,0.22916666666666666,False,row0_col0,256,192,0,32
2728,492854,bc5170b2dbd4e825a4bfa3ef,2728,22,9,180,76,866.734375,314.29166666666663,0.703125,0.22916666666666666,False,row0_col2,256,192,0,32
2729,493111,bc5170b2dbd4e825a4bfa3ef,2729,23,17,188,140,901.078125,589.625,0.734375,0.5625,False,row1_col2,256,192,0,32
2730,493208,bc5170b2dbd4e825a4bfa3ef,2730,24,20,196,164,935.421875,692.875,0.765625,0.6875,False,row2_col2,256,192,0,32
2731,493225,bc5170b2dbd4e825a4bfa3ef,2731,9,21,76,172,420.265625,727.29166666666663,0.296875,0.72916666666666663,False,row2_col0,256,192,0,32
2732,493881,af3de41611057662e83c573b,2732,25,9,204,76,945.78125,314.84042553191489,0.796875,0.22340425531914893,False,row0_col2,256,188,0,34
2733,493886,af3de41611057662e83c573b,2733,30,9,244,76,1116.71875,314.84042553191489,0.953125,0.22340425531914893,False,row0_col2,256,188,0,34
2734,494199,af3de41611057662e83c573b,2734,23,19,188,156,877.40625,657.39361702127655,0.734375,0.64893617021276595,False,row1_col2,256,188,0,34
2735,494266,af3de41611057662e83c573b,2735,26,21,212,172,979.96875,725.90425531914889,0.828125,0.73404255319148937,False,row2_col2,256,188,0,34
2736,494309,af3de41611057662e83c573b,2736,5,23,44,188,262.03125,794.41489361702133,0.171875,0.81914893617021278,False,row2_col0,256,188,0,34
2737,494341,af3de41611057662e83c573b,2737,5,24,44,196,262.03125,828.67021276595744,0.171875,0.86170212765957444,False,row2_col0,256,188,0,34
2738,494434,af3de41611057662e83c573b,2738,2,27,20,220,159.46875,931.436170212766,0.078125,0.98936170212765961,False,row2_col0,256,188,0,34
2739,494538,af3de41611057662e83c573b,2739,10,30,84,244,432.96875,1034.2021276595742,0.328125,1.1170212765957446,True,padding_center,256,188,0,34
2740,494691,17686a11fc83b9f929d8d85e,2740,3,3,28,28,281.875,115.04301075268818,0.109375,-0.037634408602150539,True,padding_center,256,186,0,35
2741,494721,17686a11fc83b9f929d8d85e,2741,1,4,12,36,213.375,149.27956989247312,0.046875,0.0053763440860215058,False,row0_col0,256,186,0,35
2742,495150,17686a11fc83b9f929d8d85e,2742,14,17,116,140,658.625,594.35483870967744,0.453125,0.56451612903225812,False,row1_col1,256,186,0,35
2743,495355,17686a11fc83b9f929d8d85e,2743,27,23,220,188,1103.875,799.77419354838719,0.859375,0.82258064516129037,False,row2_col2,256,186,0,35
2744,495421,17686a11fc83b9f929d8d85e,2744,29,25,236,204,1172.375,868.24731182795699,0.921875,0.90860215053763438,False,row2_col2,256,186,0,35
2745,496131,152a6af5fd08ee8687052c5c,2745,3,16,28,132,243.546875,564.54255319148933,0.109375,0.52127659574468088,False,row1_col0,256,188,0,34
2746,496490,152a6af5fd08ee8687052c5c,2746,10,27,84,220,482.640625,939.47872340425533,0.328125,0.98936170212765961,False,row2_col0,256,188,0,34
2747,496588,152a6af5fd08ee8687052c5c,2747,12,30,100,244,550.953125,1041.7340425531916,0.390625,1.1170212765957446,True,padding_center,256,188,0,34
2748,496634,152a6af5fd08ee8687052c5c,2748,26,31,212,252,1029.140625,1075.8191489361702,0.828125,1.1595744680851063,True,padding_center,256,188,0,34
2749,496672,2b2d0a01139cb06591c16929,2749,0,1,4,12,116.046875,48.555555555555557,0.015625,-0.1111111111111111,True,padding_center,256,189,0,33
2750,497080,2b2d0a01139cb06591c16929,2750,24,13,196,108,934.296875,457.4444444444444,0.765625,0.3968253968253968,False,row1_col2,256,189,0,33
2751,497312,2b2d0a01139cb06591c16929,2751,0,21,4,172,116.046875,730.03703703703707,0.015625,0.73544973544973546,False,row2_col0,256,189,0,33
2752,497364,2b2d0a01139cb06591c16929,2752,20,22,164,180,797.921875,764.11111111111109,0.640625,0.77777777777777779,False,row2_col1,256,189,0,33
2753,497636,2b2d0a01139cb06591c16929,2753,4,31,36,252,252.421875,1070.7777777777778,0.140625,1.1587301587301588,True,padding_center,256,189,0,33
2754,497665,df2dd66a2f9f4acffc6fdb65,2754,1,0,12,4,186.234375,11.97860962566844,0.046875,-0.16042780748663102,True,padding_center,256,187,0,34
2755,497878,df2dd66a2f9f4acffc6fdb65,2755,22,6,180,52,903.515625,216.81283422459893,0.703125,0.096256684491978606,False,row0_col2,256,187,0,34
2756,498057,df2dd66a2f9f4acffc6fdb65,2756,9,12,76,100,459.484375,421.64705882352945,0.296875,0.35294117647058826,False,row1_col0,256,187,0,34
2757,498088,df2dd66a2f9f4acffc6fdb65,2757,8,13,68,108,425.328125,455.78609625668452,0.265625,0.39572192513368987,False,row1_col0,256,187,0,34
2758,498203,df2dd66a2f9f4acffc6fdb65,2758,27,16,220,132,1074.296875,558.20320855614978,0.859375,0.52406417112299464,False,row1_col2,256,187,0,34
2759,499065,fae0767fbbc62b038bf2e8d7,2759,25,11,204,92,974.765625,392.43850267379685,0.796875,0.31016042780748665,False,row0_col2,256,187,0,34
2760,499137,fae0767fbbc62b038bf2e8d7,2760,1,14,12,116,150.515625,495.24064171122996,0.046875,0.43850267379679142,False,row1_col0,256,187,0,34
2761,499155,fae0767fbbc62b038bf2e8d7,2761,19,14,156,116,768.703125,495.24064171122996,0.609375,0.43850267379679142,False,row1_col1,256,187,0,34
2762,499212,fae0767fbbc62b038bf2e8d7,2762,12,16,100,132,528.296875,563.77540106951869,0.390625,0.52406417112299464,False,row1_col1,256,187,0,34
2763,499224,fae0767fbbc62b038bf2e8d7,2763,24,16,196,132,940.421875,563.77540106951869,0.765625,0.52406417112299464,False,row1_col2,256,187,0,34
2764,499450,fae0767fbbc62b038bf2e8d7,2764,26,23,212,188,1009.109375,803.64705882352939,0.828125,0.82352941176470584,False,row2_col2,256,187,0,34
2765,499535,fae0767fbbc62b038bf2e8d7,2765,15,26,124,212,631.328125,906.44919786096261,0.484375,0.95187165775401072,False,row2_col1,256,187,0,34
2766,499838,94b7f239fa8a30f58007d290,2766,30,3,244,28,1138.71875,122.89005235602095,0.953125,-0.020942408376963352,True,padding_center,256,191,0,32
2767,500031,94b7f239fa8a30f58007d290,2767,31,9,252,76,1172.90625,328.20942408376959,0.984375,0.23036649214659685,False,row0_col2,256,191,0,32
2768,500332,94b7f239fa8a30f58007d290,2768,12,19,100,156,523.34375,670.40837696335075,0.390625,0.64921465968586389,False,row1_col1,256,191,0,32
2769,500603,94b7f239fa8a30f58007d290,2769,27,27,220,220,1036.15625,944.16753926701574,0.859375,0.98429319371727753,False,row2_col2,256,191,0,32
2770,500629,94b7f239fa8a30f58007d290,2770,21,28,172,228,831.03125,978.38743455497377,0.671875,1.0261780104712042,True,padding_center,256,191,0,32
2771,501056,d8aec49d4eabf940e94e99b9,2771,0,10,4,84,127.09375,355.17112299465242,0.015625,0.26737967914438504,False,row0_col0,256,187,0,34
2772,501139,d8aec49d4eabf940e94e99b9,2772,19,12,156,100,776.65625,423.70588235294122,0.609375,0.35294117647058826,False,row1_col1,256,187,0,34
2773,501458,d8aec49d4eabf940e94e99b9,2773,18,22,148,180,742.46875,766.37967914438502,0.578125,0.78074866310160429,False,row2_col1,256,187,0,34
2774,501554,d8aec49d4eabf940e94e99b9,2774,18,25,148,204,742.46875,869.18181818181813,0.578125,0.90909090909090906,False,row2_col1,256,187,0,34
2775,501576,d8aec49d4eabf940e94e99b9,2775,8,26,68,212,400.59375,903.44919786096261,0.265625,0.95187165775401072,False,row2_col0,256,187,0,34
2776,501752,d8aec49d4eabf940e94e99b9,2776,24,31,196,252,947.59375,1074.7860962566845,0.765625,1.1657754010695187,True,padding_center,256,187,0,34
2777,501982,5749ca6a1c4e4e10cf0ec75d,2777,30,6,244,52,1193.578125,218.42857142857144,0.953125,0.10052910052910052,False,row0_col2,256,189,0,33
2778,502159,5749ca6a1c4e4e10cf0ec75d,2778,15,12,124,100,679.359375,424.14285714285711,0.484375,0.35449735449735448,False,row1_col1,256,189,0,33
2779,502558,5749ca6a1c4e4e10cf0ec75d,2779,30,24,244,196,1193.578125,835.57142857142856,0.953125,0.86243386243386244,False,row2_col2,256,189,0,33
2780,502752,5749ca6a1c4e4e10cf0ec75d,2780,0,31,4,252,165.140625,1075.5714285714287,0.015625,1.1587301587301588,True,padding_center,256,189,0,33
2781,502939,d6dbdc0bd6330963f936dfc9,2781,27,4,220,36,1049.328125,137.93846153846152,0.859375,0.030769230769230771,False,row0_col2,256,195,0,30
2782,503084,d6dbdc0bd6330963f936dfc9,2782,12,9,100,76,530.421875,310.86153846153843,0.390625,0.23589743589743589,False,row0_col1,256,195,0,30
2783,503269,d6dbdc0bd6330963f936dfc9,2783,5,15,44,124,288.265625,518.36923076923085,0.171875,0.48205128205128206,False,row1_col0,256,195,0,30
2784,503374,d6dbdc0bd6330963f936dfc9,2784,14,18,116,148,599.609375,622.12307692307695,0.453125,0.60512820512820509,False,row1_col1,256,195,0,30
2785,503509,d6dbdc0bd6330963f936dfc9,2785,21,22,172,180,841.765625,760.46153846153845,0.671875,0.76923076923076927,False,row2_col2,256,195,0,30
2786,503711,d6dbdc0bd6330963f936dfc9,2786,31,28,252,228,1187.703125,967.96923076923076,0.984375,1.0153846153846153,True,padding_center,256,195,0,30
2787,503807,d6dbdc0bd6330963f936dfc9,2787,31,31,252,252,1187.703125,1071.7230769230769,0.984375,1.1384615384615384,True,padding_center,256,195,0,30
2788,504084,5ab20c40b2d117b504740ca4,2788,20,8,164,68,815.96875,287.96721311475409,0.640625,0.17486338797814208,False,row0_col1,256,183,0,36
2789,504512,5ab20c40b2d117b504740ca4,2789,0,22,4,180,127.21875,770.85245901639348,0.015625,0.78688524590163933,False,row2_col0,256,183,0,36
2790,504519,5ab20c40b2d117b504740ca4,2790,7,22,60,180,368.28125,770.85245901639348,0.234375,0.78688524590163933,False,row2_col0,256,183,0,36
2791,504702,5ab20c40b2d117b504740ca4,2791,30,27,244,220,1160.34375,943.31147540983602,0.953125,1.0054644808743169,True,padding_center,256,183,0,36
2792,504824,5ab20c40b2d117b504740ca4,2792,24,31,196,252,953.71875,1081.2786885245901,0.765625,1.180327868852459,True,padding_center,256,183,0,36
2793,505024,5addf17fbe747cbcb767afaf,2793,0,6,4,52,127.171875,212.75916230366494,0.015625,0.10471204188481675,False,row0_col0,256,191,0,32
2794,505230,5addf17fbe747cbcb767afaf,2794,14,12,116,100,607.984375,418.58115183246071,0.453125,0.35602094240837695,False,row1_col1,256,191,0,32
2795,505318,5addf17fbe747cbcb767afaf,2795,6,15,52,124,333.234375,521.49214659685867,0.203125,0.48167539267015708,False,row1_col0,256,191,0,32
2796,505475,5addf17fbe747cbcb767afaf,2796,3,20,28,164,230.203125,693.01047120418843,0.109375,0.69109947643979053,False,row2_col0,256,191,0,32
2797,505615,5addf17fbe747cbcb767afaf,2797,15,24,124,196,642.328125,830.22513089005236,0.484375,0.8586387434554974,False,row2_col1,256,191,0,32
2798,505682,5addf17fbe747cbcb767afaf,2798,18,26,148,212,745.359375,898.83246073298426,0.578125,0.94240837696335078,False,row2_col1,256,191,0,32
2799,506113,53e9a502e46a7b9e168d9115,2799,1,8,12,68,145.375,291.58510638297872,0.046875,0.18085106382978725,False,row0_col0,256,188,0,34
2800,506738,53e9a502e46a7b9e168d9115,2800,18,27,148,220,727.625,942.436170212766,0.578125,0.98936170212765961,False,row2_col1,256,188,0,34
2801,507027,61f217f44bf2fb9b5077b9b6,2801,19,4,156,36,791.875,150.83684210526314,0.609375,0.015789473684210527,False,row0_col1,256,190,0,33
2802,507215,61f217f44bf2fb9b5077b9b6,2802,15,10,124,84,654.875,356.22631578947369,0.484375,0.26842105263157895,False,row0_col1,256,190,0,33
2803,507392,61f217f44bf2fb9b5077b9b6,2803,0,16,4,132,141.125,561.61578947368412,0.015625,0.52105263157894732,False,row1_col0,256,190,0,33
2804,507560,61f217f44bf2fb9b5077b9b6,2804,8,21,68,172,415.125,732.77368421052631,0.265625,0.73157894736842111,False,row2_col0,256,190,0,33
2805,507967,f5b4ddaa2084fc1c86822eb6,2805,31,1,252,12,1227.859375,42.375,0.984375,-0.10416666666666667,True,padding_center,256,192,0,32
2806,508187,f5b4ddaa2084fc1c86822eb6,2806,27,8,220,68,1090.734375,282.125,0.859375,0.1875,False,row0_col2,256,192,0,32
2807,508594,f5b4ddaa2084fc1c86822eb6,2807,18,21,148,172,782.203125,727.375,0.578125,0.72916666666666663,False,row2_col1,256,192,0,32
2808,508964,df64943a259e759b69c57f25,2808,4,1,36,12,272.546875,41,0.140625,-0.1111111111111111,True,padding_center,256,189,0,33
2809,509310,df64943a259e759b69c57f25,2809,30,11,244,92,1165.484375,383.85714285714283,0.953125,0.31216931216931215,False,row0_col2,256,189,0,33
2810,509422,df64943a259e759b69c57f25,2810,14,15,116,124,615.984375,521,0.453125,0.48148148148148145,False,row1_col1,256,189,0,33
2811,509678,df64943a259e759b69c57f25,2811,14,23,116,188,615.984375,795.28571428571433,0.453125,0.82010582010582012,False,row2_col1,256,189,0,33
2812,509804,df64943a259e759b69c57f25,2812,12,27,100,220,547.296875,932.42857142857144,0.390625,0.98941798941798942,False,row2_col1,256,189,0,33
2813,509985,1159f92ec9c55b3c4702769b,2813,1,1,12,12,172.375,52.569892473118273,0.046875,-0.12365591397849462,True,padding_center,256,186,0,35
2814,510396,1159f92ec9c55b3c4702769b,2814,28,13,228,108,1097.125,463.4086021505376,0.890625,0.39247311827956988,False,row1_col2,256,186,0,35
2815,510568,1159f92ec9c55b3c4702769b,2815,8,19,68,156,412.125,668.82795698924724,0.265625,0.65053763440860213,False,row1_col0,256,186,0,35
2816,510812,1159f92ec9c55b3c4702769b,2816,28,26,228,212,1097.125,908.48387096774195,0.890625,0.95161290322580649,False,row2_col2,256,186,0,35
2817,511222,7e205d3f86dfa2c6e030bdfc,2817,22,7,180,60,892.515625,247.32984293193715,0.703125,0.14659685863874344,False,row0_col2,256,191,0,32
2818,511413,7e205d3f86dfa2c6e030bdfc,2818,21,13,172,108,858.359375,451.89528795811515,0.671875,0.39790575916230364,False,row1_col2,256,191,0,32
2819,511447,7e205d3f86dfa2c6e030bdfc,2819,23,14,188,116,926.671875,485.98952879581151,0.734375,0.43979057591623039,False,row1_col2,256,191,0,32
2820,512011,91decb18deafedf261951d4d,2820,11,0,92,4,476.875,15.497326203208559,0.359375,-0.16042780748663102,True,padding_center,256,187,0,34
2821,512798,91decb18deafedf261951d4d,2821,30,24,244,196,1127.625,837.91443850267376,0.953125,0.86631016042780751,False,row2_col2,256,187,0,34
2822,512925,91decb18deafedf261951d4d,2822,29,28,236,228,1093.375,974.98395721925124,0.921875,1.0374331550802138,True,padding_center,256,187,0,34
2823,513123,43a8d937bdc326d6174ea535,2823,3,3,28,28,267.984375,114.27659574468086,0.109375,-0.031914893617021274,True,padding_center,256,188,0,34
2824,513124,43a8d937bdc326d6174ea535,2824,4,3,36,28,302.265625,114.27659574468086,0.140625,-0.031914893617021274,True,padding_center,256,188,0,34
2825,513446,43a8d937bdc326d6174ea535,2825,6,13,52,108,370.828125,457.25531914893617,0.203125,0.39361702127659576,False,row1_col0,256,188,0,34
2826,514055,80f88014c0d14ab592726fe3,2826,7,0,60,4,359.578125,18.497326203208559,0.234375,-0.16042780748663102,True,padding_center,256,187,0,34
2827,514264,80f88014c0d14ab592726fe3,2827,24,6,196,52,943.421875,224.10160427807486,0.765625,0.096256684491978606,False,row0_col2,256,187,0,34
2828,514289,80f88014c0d14ab592726fe3,2828,17,7,140,60,703.015625,258.36898395721926,0.546875,0.13903743315508021,False,row0_col1,256,187,0,34
2829,514599,80f88014c0d14ab592726fe3,2829,7,17,60,140,359.578125,601.04278074866306,0.234375,0.5668449197860963,False,row1_col0,256,187,0,34
2830,515073,0e2145f7a61e9d7634649dca,2830,1,0,12,4,139.28125,20.789189189189187,0.046875,-0.16756756756756758,True,padding_center,256,185,0,35
2831,515306,0e2145f7a61e9d7634649dca,2831,10,7,84,60,446.96875,259.62162162162161,0.328125,0.13513513513513514,False,row0_col0,256,185,0,35
2832,515634,0e2145f7a61e9d7634649dca,2832,18,17,148,140,720.46875,600.81081081081084,0.578125,0.56756756756756754,False,row1_col1,256,185,0,35
2833,515794,0e2145f7a61e9d7634649dca,2833,18,22,148,180,720.46875,771.40540540540542,0.578125,0.78378378378378377,False,row2_col1,256,185,0,35
2834,515865,0e2145f7a61e9d7634649dca,2834,25,24,204,196,959.78125,839.64324324324321,0.796875,0.87027027027027026,False,row2_col2,256,185,0,35
2835,516155,8bb55828650e42ce1359edc9,2835,27,1,220,12,1079.734375,38.764705882352942,0.859375,-0.11764705882352941,True,padding_center,256,187,0,34
2836,516215,8bb55828650e42ce1359edc9,2836,23,3,188,28,942.609375,107.29946524064171,0.734375,-0.032085561497326207,True,padding_center,256,187,0,34
2837,516422,8bb55828650e42ce1359edc9,2837,6,10,52,84,359.828125,347.17112299465242,0.203125,0.26737967914438504,False,row0_col0,256,187,0,34
2838,516700,8bb55828650e42ce1359edc9,2838,28,18,228,148,1114.015625,621.31016042780743,0.890625,0.60962566844919786,False,row1_col2,256,187,0,34
2839,516782,8bb55828650e42ce1359edc9,2839,14,21,116,172,634.078125,724.11229946524065,0.453125,0.73796791443850263,False,row2_col1,256,187,0,34
2840,516846,8bb55828650e42ce1359edc9,2840,14,23,116,188,634.078125,792.64705882352939,0.453125,0.82352941176470584,False,row2_col1,256,187,0,34
2841,516971,8bb55828650e42ce1359edc9,2841,11,27,92,220,531.234375,929.71657754010698,0.359375,0.99465240641711228,False,row2_col1,256,187,0,34
2842,517285,f4df64b5ff783c747eb82df3,2842,5,5,44,44,339.890625,185.87234042553192,0.171875,0.053191489361702128,False,row0_col0,256,188,0,34
2843,517469,f4df64b5ff783c747eb82df3,2843,29,10,236,84,1164.140625,357.36170212765956,0.921875,0.26595744680851063,False,row0_col2,256,188,0,34
2844,517541,f4df64b5ff783c747eb82df3,2844,5,13,44,108,339.890625,460.25531914893617,0.171875,0.39361702127659576,False,row1_col0,256,188,0,34
2845,517889,f4df64b5ff783c747eb82df3,2845,1,24,12,196,202.515625,837.531914893617,0.046875,0.86170212765957444,False,row2_col0,256,188,0,34
2846,518044,f4df64b5ff783c747eb82df3,2846,28,28,228,228,1129.796875,974.72340425531911,0.890625,1.0319148936170213,True,padding_center,256,188,0,34
2847,518284,8e28fe67259d0c825fe1bd0b,2847,12,4,100,36,502.078125,149.54639175257731,0.390625,0.025773195876288658,False,row0_col1,256,194,0,31
2848,518451,8e28fe67259d0c825fe1bd0b,2848,19,9,156,76,742.921875,321.91752577319585,0.609375,0.23195876288659795,False,row0_col1,256,194,0,31
2849,518504,8e28fe67259d0c825fe1bd0b,2849,8,11,68,92,364.453125,390.86597938144331,0.265625,0.31443298969072164,False,row0_col0,256,194,0,31
2850,519259,f90b9ab0071176524a75e54f,2850,27,2,220,20,1035.875,85.670157068062821,0.859375,-0.062827225130890049,True,padding_center,256,191,0,32
2851,520109,f90b9ab0071176524a75e54f,2851,13,29,108,236,556.375,1009.6073298429319,0.421875,1.0680628272251309,True,padding_center,256,191,0,32
2852,520264,faf3e3da73ae229e7fc9da66,2852,8,2,68,20,409.390625,84.032085561497325,0.265625,-0.074866310160427801,True,padding_center,256,187,0,34
2853,520325,faf3e3da73ae229e7fc9da66,2853,5,4,44,36,306.546875,152.56684491978609,0.171875,0.0106951871657754,False,row0_col0,256,187,0,34
2854,520652,faf3e3da73ae229e7fc9da66,2854,12,14,100,116,546.515625,495.24064171122996,0.390625,0.43850267379679142,False,row1_col1,256,187,0,34
2855,520943,faf3e3da73ae229e7fc9da66,2855,15,23,124,188,649.359375,803.64705882352939,0.484375,0.82352941176470584,False,row2_col1,256,187,0,34
2856,521076,faf3e3da73ae229e7fc9da66,2856,20,27,164,220,820.765625,940.71657754010698,0.640625,0.99465240641711228,False,row2_col1,256,187,0,34
2857,521108,faf3e3da73ae229e7fc9da66,2857,20,28,164,228,820.765625,974.98395721925124,0.640625,1.0374331550802138,True,padding_center,256,187,0,34
2858,521243,eb0351acb0beefb86ab98462,2858,27,0,220,4,1049.734375,6.5425531914893611,0.859375,-0.15957446808510639,True,padding_center,256,188,0,34
2859,521250,eb0351acb0beefb86ab98462,2859,2,1,20,12,192.703125,40.797872340425528,0.078125,-0.11702127659574468,True,padding_center,256,188,0,34
2860,521604,eb0351acb0beefb86ab98462,2860,4,12,36,100,261.265625,417.60638297872339,0.140625,0.35106382978723405,False,row1_col0,256,188,0,34
2861,521782,eb0351acb0beefb86ab98462,2861,22,17,180,140,878.328125,588.88297872340422,0.703125,0.56382978723404253,False,row1_col2,256,188,0,34
2862,522415,84260c9ea667e4b1cdc99d6e,2862,15,5,124,44,646.359375,177.81914893617022,0.484375,0.053191489361702128,False,row0_col1,256,188,0,34
2863,522468,84260c9ea667e4b1cdc99d6e,2863,4,7,36,60,269.265625,246.32978723404256,0.140625,0.13829787234042554,False,row0_col0,256,188,0,34
2864,522760,84260c9ea667e4b1cdc99d6e,2864,8,16,68,132,406.390625,554.62765957446811,0.265625,0.52127659574468088,False,row1_col0,256,188,0,34
2865,522875,84260c9ea667e4b1cdc99d6e,2865,27,19,220,156,1057.734375,657.39361702127655,0.859375,0.64893617021276595,False,row1_col2,256,188,0,34
2866,523073,84260c9ea667e4b1cdc99d6e,2866,1,26,12,212,166.421875,897.18085106382978,0.046875,0.94680851063829785,False,row2_col0,256,188,0,34
2867,523149,84260c9ea667e4b1cdc99d6e,2867,13,28,108,228,577.796875,965.69148936170211,0.421875,1.0319148936170213,True,padding_center,256,188,0,34
2868,523167,84260c9ea667e4b1cdc99d6e,2868,31,28,252,228,1194.859375,965.69148936170211,0.984375,1.0319148936170213,True,padding_center,256,188,0,34
2869,523304,df913345c4c2be5eeed41459,2869,8,1,68,12,425.578125,42.699481865284966,0.265625,-0.098445595854922283,True,padding_center,256,193,0,31
2870,523410,df913345c4c2be5eeed41459,2870,18,4,148,36,772.140625,146.65803108808291,0.578125,0.025906735751295335,False,row0_col1,256,193,0,31
2871,523544,df913345c4c2be5eeed41459,2871,24,8,196,68,980.078125,285.26943005181346,0.765625,0.19170984455958548,False,row0_col2,256,193,0,31
2872,524266,df913345c4c2be5eeed41459,2872,10,31,84,252,494.890625,1082.2849740932643,0.328125,1.145077720207254,True,padding_center,256,193,0,31
2873,524615,6393cda3292692bfb1ba6fc7,2873,7,10,60,84,407.40625,346.42105263157896,0.234375,0.26842105263157895,False,row0_col0,256,190,0,33
2874,524684,6393cda3292692bfb1ba6fc7,2874,12,12,100,100,578.34375,414.63157894736838,0.390625,0.35263157894736841,False,row1_col1,256,190,0,33
2875,524844,6393cda3292692bfb1ba6fc7,2875,12,17,100,140,578.34375,585.15789473684208,0.390625,0.56315789473684208,False,row1_col1,256,190,0,33
2876,524965,6393cda3292692bfb1ba6fc7,2876,5,21,44,172,339.03125,721.57894736842104,0.171875,0.73157894736842111,False,row2_col0,256,190,0,33
2877,524971,6393cda3292692bfb1ba6fc7,2877,11,21,92,172,544.15625,721.57894736842104,0.359375,0.73157894736842111,False,row2_col1,256,190,0,33
2878,524982,6393cda3292692bfb1ba6fc7,2878,22,21,180,172,920.21875,721.57894736842104,0.703125,0.73157894736842111,False,row2_col2,256,190,0,33
2879,525231,6393cda3292692bfb1ba6fc7,2879,15,29,124,236,680.90625,994.42105263157896,0.484375,1.0684210526315789,True,padding_center,256,190,0,33
2880,525329,e8abeda485644b2b7acbf9f4,2880,17,0,140,4,680.734375,8.670157068062835,0.546875,-0.14659685863874344,True,padding_center,256,191,0,32
2881,526050,e8abeda485644b2b7acbf9f4,2881,2,23,20,188,168.390625,792.83769633507848,0.078125,0.81675392670157065,False,row2_col0,256,191,0,32
2882,526158,e8abeda485644b2b7acbf9f4,2882,14,26,116,212,578.265625,895.12041884816756,0.453125,0.94240837696335078,False,row2_col1,256,191,0,32
2883,526521,5d258a6d34f1b116ab308ce4,2883,25,5,204,44,983.375,161.81914893617022,0.796875,0.053191489361702128,False,row0_col2,256,188,0,34
2884,526606,5d258a6d34f1b116ab308ce4,2884,14,8,116,68,606.625,264.58510638297872,0.453125,0.18085106382978725,False,row0_col1,256,188,0,34
2885,526751,5d258a6d34f1b116ab308ce4,2885,31,12,252,100,1188.875,401.60638297872339,0.984375,0.35106382978723405,False,row1_col2,256,188,0,34
2886,527030,5d258a6d34f1b116ab308ce4,2886,22,21,180,172,880.625,709.90425531914889,0.703125,0.73404255319148937,False,row2_col2,256,188,0,34
2887,527141,5d258a6d34f1b116ab308ce4,2887,5,25,44,204,298.375,846.92553191489367,0.171875,0.9042553191489362,False,row2_col0,256,188,0,34
2888,527298,5d258a6d34f1b116ab308ce4,2888,2,30,20,244,195.625,1018.2021276595743,0.078125,1.1170212765957446,True,padding_center,256,188,0,34
2889,527526,cb1ccdc8b44488333fc76f45,2889,6,5,52,44,329.828125,180.32984293193718,0.203125,0.062827225130890049,False,row0_col0,256,191,0,32
2890,527627,cb1ccdc8b44488333fc76f45,2890,11,8,92,68,501.234375,282.98952879581151,0.359375,0.18848167539267016,False,row0_col1,256,191,0,32
2891,527657,cb1ccdc8b44488333fc76f45,2891,9,9,76,76,432.671875,317.20942408376959,0.296875,0.23036649214659685,False,row0_col0,256,191,0,32
2892,527966,cb1ccdc8b44488333fc76f45,2892,30,18,244,148,1152.578125,625.18848167539272,0.953125,0.60732984293193715,False,row1_col2,256,191,0,32
2893,528065,cb1ccdc8b44488333fc76f45,2893,1,22,12,180,158.421875,762.06806282722516,0.046875,0.77486910994764402,False,row2_col0,256,191,0,32
2894,528257,cb1ccdc8b44488333fc76f45,2894,1,28,12,228,158.421875,967.38743455497377,0.046875,1.0261780104712042,True,padding_center,256,191,0,32
2895,528611,7ed463394b5acb61e1574507,2895,3,7,28,60,204.984375,250.875,0.109375,0.14583333333333334,False,row0_col0,256,192,0,32
2896,529010,7ed463394b5acb61e1574507,2896,18,19,148,156,719.203125,661.875,0.578125,0.64583333333333337,False,row1_col1,256,192,0,32
2897,529321,7ed463394b5acb61e1574507,2897,9,29,76,236,410.671875,1004.375,0.296875,1.0625,True,padding_center,256,192,0,32
2898,529399,7ed463394b5acb61e1574507,2898,23,31,188,252,890.609375,1072.875,0.734375,1.1458333333333333,True,padding_center,256,192,0,32
2899,529548,0227fa273d0d8c8f6714e23b,2899,12,4,100,36,554.515625,143.56382978723406,0.390625,0.010638297872340425,False,row0_col1,256,188,0,34
2900,529878,0227fa273d0d8c8f6714e23b,2900,22,14,180,116,897.328125,486.11702127659578,0.703125,0.43617021276595747,False,row1_col2,256,188,0,34
2901,530158,0227fa273d0d8c8f6714e23b,2901,14,23,116,188,623.078125,794.41489361702133,0.453125,0.81914893617021278,False,row2_col1,256,188,0,34
2902,530174,0227fa273d0d8c8f6714e23b,2902,30,23,244,188,1171.578125,794.41489361702133,0.953125,0.81914893617021278,False,row2_col2,256,188,0,34
2903,530334,0227fa273d0d8c8f6714e23b,2903,30,28,244,228,1171.578125,965.69148936170211,0.953125,1.0319148936170213,True,padding_center,256,188,0,34
2904,530856,dc0b4ccd38f08660aa595e39,2904,8,13,68,108,378.59375,464.73684210526318,0.265625,0.39473684210526316,False,row1_col0,256,190,0,33
2905,531235,dc0b4ccd38f08660aa595e39,2905,3,25,28,204,207.65625,874,0.109375,0.90000000000000002,False,row2_col0,256,190,0,33
2906,531429,dc0b4ccd38f08660aa595e39,2906,5,31,44,252,276.03125,1078.6315789473683,0.171875,1.1526315789473685,True,padding_center,256,190,0,33
2907,531430,dc0b4ccd38f08660aa595e39,2907,6,31,52,252,310.21875,1078.6315789473683,0.203125,1.1526315789473685,True,padding_center,256,190,0,33
2908,531456,e74d21355c7851af07172a36,2908,0,0,4,4,100.171875,6.6162162162162019,0.015625,-0.16756756756756758,True,padding_center,256,185,0,35
2909,531486,e74d21355c7851af07172a36,2909,30,0,244,4,1130.484375,6.6162162162162019,0.953125,-0.16756756756756758,True,padding_center,256,185,0,35
2910,531529,e74d21355c7851af07172a36,2910,9,2,76,20,409.265625,75.459459459459453,0.296875,-0.081081081081081086,True,padding_center,256,185,0,35
2911,531632,e74d21355c7851af07172a36,2911,16,5,132,44,649.671875,178.72432432432433,0.515625,0.048648648648648651,False,row0_col1,256,185,0,35
2912,531967,e74d21355c7851af07172a36,2912,31,15,252,124,1164.828125,522.9405405405405,0.984375,0.48108108108108111,False,row1_col2,256,185,0,35
2913,531973,e74d21355c7851af07172a36,2913,5,16,44,132,271.890625,557.36216216216212,0.171875,0.5243243243243243,False,row1_col0,256,185,0,35
2914,531991,e74d21355c7851af07172a36,2914,23,16,188,132,890.078125,557.36216216216212,0.734375,0.5243243243243243,False,row1_col2,256,185,0,35
2915,532004,e74d21355c7851af07172a36,2915,4,17,36,140,237.546875,591.78378378378375,0.140625,0.56756756756756754,False,row1_col0,256,185,0,35
2916,532474,e74d21355c7851af07172a36,2916,26,31,212,252,993.109375,1073.6864864864865,0.828125,1.172972972972973,True,padding_center,256,185,0,35
2917,532580,830ee1acd4627b4aa99fcc61,2917,4,3,36,28,275.125,114.14507772020725,0.140625,-0.015544041450777202,True,padding_center,256,193,0,31
2918,532884,830ee1acd4627b4aa99fcc61,2918,20,12,164,100,823.125,422.66321243523316,0.640625,0.35751295336787564,False,row1_col1,256,193,0,31
2919,533111,830ee1acd4627b4aa99fcc61,2919,23,19,188,156,925.875,662.62176165803112,0.734375,0.64766839378238339,False,row1_col2,256,193,0,31
2920,533300,830ee1acd4627b4aa99fcc61,2920,20,25,164,204,823.125,868.30051813471505,0.640625,0.89637305699481862,False,row2_col1,256,193,0,31
2921,533628,8213a75d6bb493befa13560d,2921,28,3,228,28,1108.125,113.875,0.890625,-0.020833333333333332,True,padding_center,256,192,0,32
2922,533717,8213a75d6bb493befa13560d,2922,21,6,172,52,868.375,216.625,0.671875,0.10416666666666667,False,row0_col2,256,192,0,32
2923,533794,8213a75d6bb493befa13560d,2923,2,9,20,76,217.625,319.375,0.078125,0.22916666666666666,False,row0_col0,256,192,0,32
2924,533909,8213a75d6bb493befa13560d,2924,21,12,172,100,868.375,422.125,0.671875,0.35416666666666669,False,row1_col2,256,192,0,32
2925,534075,8213a75d6bb493befa13560d,2925,27,17,220,140,1073.875,593.375,0.859375,0.5625,False,row1_col2,256,192,0,32
2926,534274,8213a75d6bb493befa13560d,2926,2,24,20,196,217.625,833.125,0.078125,0.85416666666666663,False,row2_col0,256,192,0,32
2927,534571,e6a42e7bbe1942d90ee3b93f,2927,11,1,92,12,493.953125,51.797872340425528,0.359375,-0.11702127659574468,True,padding_center,256,188,0,34
2928,534802,e6a42e7bbe1942d90ee3b93f,2928,18,8,148,68,734.359375,291.58510638297872,0.578125,0.18085106382978725,False,row0_col1,256,188,0,34
2929,534964,e6a42e7bbe1942d90ee3b93f,2929,20,13,164,108,803.046875,462.86170212765961,0.640625,0.39361702127659576,False,row1_col1,256,188,0,34
2930,535004,e6a42e7bbe1942d90ee3b93f,2930,28,14,228,116,1077.796875,497.11702127659578,0.890625,0.43617021276595747,False,row1_col2,256,188,0,34
2931,535078,e6a42e7bbe1942d90ee3b93f,2931,6,17,52,140,322.234375,599.88297872340422,0.203125,0.56382978723404253,False,row1_col0,256,188,0,34
2932,535360,e6a42e7bbe1942d90ee3b93f,2932,0,26,4,212,116.171875,908.18085106382978,0.015625,0.94680851063829785,False,row2_col0,256,188,0,34
2933,535474,e6a42e7bbe1942d90ee3b93f,2933,18,29,148,236,734.359375,1010.9468085106383,0.578125,1.074468085106383,True,padding_center,256,188,0,34
2934,535485,e6a42e7bbe1942d90ee3b93f,2934,29,29,236,236,1112.140625,1010.9468085106383,0.921875,1.074468085106383,True,padding_center,256,188,0,34
2935,535563,7e48cd1658e4af2a0a4efc9b,2935,11,0,92,4,531.234375,18.497326203208559,0.359375,-0.16042780748663102,True,padding_center,256,187,0,34
2936,536119,7e48cd1658e4af2a0a4efc9b,2936,23,17,188,140,942.609375,601.04278074866306,0.734375,0.5668449197860963,False,row1_col2,256,187,0,34
2937,536327,7e48cd1658e4af2a0a4efc9b,2937,7,24,60,196,394.109375,840.91443850267376,0.234375,0.86631016042780751,False,row2_col0,256,187,0,34
2938,536428,7e48cd1658e4af2a0a4efc9b,2938,12,27,100,220,565.515625,943.71657754010698,0.390625,0.99465240641711228,False,row2_col1,256,187,0,34
2939,536430,7e48cd1658e4af2a0a4efc9b,2939,14,27,116,220,634.078125,943.71657754010698,0.453125,0.99465240641711228,False,row2_col1,256,187,0,34
2940,536746,a4df32cda65d6caec503e150,2940,10,5,84,44,442.625,177.81914893617022,0.328125,0.053191489361702128,False,row0_col0,256,188,0,34
2941,536882,a4df32cda65d6caec503e150,2941,18,9,148,76,716.625,314.84042553191489,0.578125,0.22340425531914893,False,row0_col1,256,188,0,34
2942,537123,a4df32cda65d6caec503e150,2942,3,17,28,140,202.875,588.88297872340422,0.109375,0.56382978723404253,False,row1_col0,256,188,0,34
2943,537529,a4df32cda65d6caec503e150,2943,25,29,204,236,956.375,999.94680851063833,0.796875,1.074468085106383,True,padding_center,256,188,0,34
2944,537789,b082c61b6f6397804ebe9514,2944,29,5,236,44,1142.609375,183.60638297872339,0.921875,0.053191489361702128,False,row0_col2,256,188,0,34
2945,537916,b082c61b6f6397804ebe9514,2945,28,9,228,76,1108.453125,319.94680851063828,0.890625,0.22340425531914893,False,row0_col2,256,188,0,34
2946,537954,b082c61b6f6397804ebe9514,2946,2,11,20,92,220.390625,388.11702127659578,0.078125,0.30851063829787234,False,row0_col0,256,188,0,34
2947,538398,b082c61b6f6397804ebe9514,2947,30,24,244,196,1176.765625,831.22340425531911,0.953125,0.86170212765957444,False,row2_col2,256,188,0,34
2948,538712,abac48c206f4f9db98c1c8cf,2948,24,2,196,20,967.421875,73.881443298969074,0.765625,-0.056701030927835051,True,padding_center,256,194,0,31
2949,538793,abac48c206f4f9db98c1c8cf,2949,9,5,76,44,452.265625,176.68556701030928,0.296875,0.067010309278350513,False,row0_col0,256,194,0,31
2950,538999,abac48c206f4f9db98c1c8cf,2950,23,11,188,92,933.078125,382.29381443298968,0.734375,0.31443298969072164,False,row0_col2,256,194,0,31
2951,539002,abac48c206f4f9db98c1c8cf,2951,26,11,212,92,1036.109375,382.29381443298968,0.828125,0.31443298969072164,False,row0_col2,256,194,0,31
2952,539034,abac48c206f4f9db98c1c8cf,2952,26,12,212,100,1036.109375,416.56185567010311,0.828125,0.35567010309278352,False,row1_col2,256,194,0,31
2953,539562,abac48c206f4f9db98c1c8cf,2953,10,29,84,236,486.609375,999.11855670103091,0.328125,1.0567010309278351,True,padding_center,256,194,0,31
2954,539714,e2b45792dfc5b8bb9ef98bca,2954,2,2,20,20,214.484375,78.804232804232811,0.078125,-0.068783068783068779,True,padding_center,256,189,0,33
2955,539723,e2b45792dfc5b8bb9ef98bca,2955,11,2,92,20,525.828125,78.804232804232811,0.359375,-0.068783068783068779,True,padding_center,256,189,0,33
2956,539815,e2b45792dfc5b8bb9ef98bca,2956,7,5,60,44,387.453125,182.55026455026456,0.234375,0.058201058201058198,False,row0_col0,256,189,0,33
2957,540135,e2b45792dfc5b8bb9ef98bca,2957,7,15,60,124,387.453125,528.37037037037032,0.234375,0.48148148148148145,False,row1_col0,256,189,0,33
2958,540175,e2b45792dfc5b8bb9ef98bca,2958,15,16,124,132,664.203125,562.95238095238096,0.484375,0.52380952380952384,False,row1_col1,256,189,0,33
2959,540703,37c49f476ea9c80e5566cd34,2959,31,0,252,4,1164.859375,12.714285714285722,0.984375,-0.15343915343915343,True,padding_center,256,189,0,33
2960,541133,37c49f476ea9c80e5566cd34,2960,13,14,108,116,547.796875,492.71428571428572,0.421875,0.43915343915343913,False,row1_col1,256,189,0,33
2961,541253,37c49f476ea9c80e5566cd34,2961,5,18,44,148,273.546875,629.85714285714289,0.171875,0.60846560846560849,False,row1_col0,256,189,0,33
2962,541296,37c49f476ea9c80e5566cd34,2962,16,19,132,156,650.640625,664.14285714285711,0.515625,0.65079365079365081,False,row1_col1,256,189,0,33
2963,541327,37c49f476ea9c80e5566cd34,2963,15,20,124,164,616.359375,698.42857142857144,0.484375,0.69312169312169314,False,row2_col1,256,189,0,33
2964,541485,37c49f476ea9c80e5566cd34,2964,13,25,108,204,547.796875,869.85714285714289,0.421875,0.90476190476190477,False,row2_col1,256,189,0,33
2965,541519,37c49f476ea9c80e5566cd34,2965,15,26,124,212,616.359375,904.14285714285711,0.484375,0.94708994708994709,False,row2_col1,256,189,0,33
2966,541555,37c49f476ea9c80e5566cd34,2966,19,27,156,220,753.484375,938.42857142857144,0.609375,0.98941798941798942,False,row2_col1,256,189,0,33
2967,541668,37c49f476ea9c80e5566cd34,2967,4,31,36,252,239.265625,1075.5714285714287,0.140625,1.1587301587301588,True,padding_center,256,189,0,33
2968,541711,736df5902e9879b38b3b9634,2968,15,0,124,4,634.328125,4.2999999999999972,0.484375,-0.15263157894736842,True,padding_center,256,190,0,33
2969,541917,736df5902e9879b38b3b9634,2969,29,6,236,52,1115.140625,210.69999999999999,0.921875,0.10000000000000001,False,row0_col2,256,190,0,33
2970,542304,736df5902e9879b38b3b9634,2970,0,19,4,156,119.171875,657.89999999999998,0.015625,0.64736842105263159,False,row1_col0,256,190,0,33
2971,542454,736df5902e9879b38b3b9634,2971,22,23,180,188,874.734375,795.5,0.703125,0.81578947368421051,False,row2_col2,256,190,0,33
2972,542540,736df5902e9879b38b3b9634,2972,12,26,100,212,531.296875,898.70000000000005,0.390625,0.94210526315789478,False,row2_col1,256,190,0,33
2973,542610,736df5902e9879b38b3b9634,2973,18,28,148,228,737.359375,967.50000000000011,0.578125,1.0263157894736843,True,padding_center,256,190,0,33
2974,542616,736df5902e9879b38b3b9634,2974,24,28,196,228,943.421875,967.50000000000011,0.765625,1.0263157894736843,True,padding_center,256,190,0,33
2975,542659,736df5902e9879b38b3b9634,2975,3,30,28,244,222.203125,1036.3,0.109375,1.1105263157894736,True,padding_center,256,190,0,33
2976,542708,736df5902e9879b38b3b9634,2976,20,31,164,252,806.046875,1070.7,0.640625,1.1526315789473685,True,padding_center,256,190,0,33
2977,542717,736df5902e9879b38b3b9634,2977,29,31,236,252,1115.140625,1070.7,0.921875,1.1526315789473685,True,padding_center,256,190,0,33
2978,542719,736df5902e9879b38b3b9634,2978,31,31,252,252,1183.828125,1070.7,0.984375,1.1526315789473685,True,padding_center,256,190,0,33
2979,542977,eedf98ccb5a364857973747a,2979,1,8,12,68,219.234375,289.22580645161293,0.046875,0.17741935483870969,False,row0_col0,256,186,0,35
2980,543044,eedf98ccb5a364857973747a,2980,4,10,36,84,321.703125,357.69892473118279,0.140625,0.26344086021505375,False,row0_col0,256,186,0,35
2981,543086,eedf98ccb5a364857973747a,2981,14,11,116,92,663.265625,391.93548387096774,0.453125,0.30645161290322581,False,row0_col1,256,186,0,35
2982,543141,eedf98ccb5a364857973747a,2982,5,13,44,108,355.859375,460.4086021505376,0.171875,0.39247311827956988,False,row1_col0,256,186,0,35
2983,543424,eedf98ccb5a364857973747a,2983,0,22,4,180,185.078125,768.53763440860212,0.015625,0.77956989247311825,False,row2_col0,256,186,0,35
2984,543523,eedf98ccb5a364857973747a,2984,3,25,28,204,287.546875,871.24731182795699,0.109375,0.90860215053763438,False,row2_col0,256,186,0,35
2985,543539,eedf98ccb5a364857973747a,2985,19,25,156,204,834.046875,871.24731182795699,0.609375,0.90860215053763438,False,row2_col1,256,186,0,35
2986,543670,eedf98ccb5a364857973747a,2986,22,29,180,236,936.515625,1008.1935483870967,0.703125,1.0806451612903225,True,padding_center,256,186,0,35
2987,543944,e3ecaf99c788239f18c8a991,2987,8,6,68,52,387.390625,212.75916230366494,0.265625,0.10471204188481675,False,row0_col0,256,191,0,32
2988,544072,e3ecaf99c788239f18c8a991,2988,8,10,68,84,387.390625,349.9738219895288,0.265625,0.27225130890052357,False,row0_col0,256,191,0,32
2989,544116,e3ecaf99c788239f18c8a991,2989,20,11,164,92,798.765625,384.27748691099475,0.640625,0.31413612565445026,False,row0_col1,256,191,0,32
2990,544400,e3ecaf99c788239f18c8a991,2990,16,20,132,164,661.640625,693.01047120418843,0.515625,0.69109947643979053,False,row2_col1,256,191,0,32
2991,544525,e3ecaf99c788239f18c8a991,2991,13,24,108,196,558.796875,830.22513089005236,0.421875,0.8586387434554974,False,row2_col1,256,191,0,32
2992,544570,e3ecaf99c788239f18c8a991,2992,26,25,212,204,1004.453125,864.52879581151831,0.828125,0.90052356020942403,False,row2_col2,256,191,0,32
2993,544764,e3ecaf99c788239f18c8a991,2993,28,31,228,252,1073.015625,1070.3507853403144,0.890625,1.1518324607329844,True,padding_center,256,191,0,32
2994,544936,17ff7079be9b18b062834cfc,2994,8,5,68,44,433.328125,186.60638297872339,0.265625,0.053191489361702128,False,row0_col0,256,188,0,34
2995,544966,17ff7079be9b18b062834cfc,2995,6,6,52,52,365.015625,220.69148936170211,0.203125,0.095744680851063829,False,row0_col0,256,188,0,34
2996,545252,17ff7079be9b18b062834cfc,2996,4,15,36,124,296.703125,527.45744680851067,0.140625,0.47872340425531917,False,row1_col0,256,188,0,34
2997,545347,17ff7079be9b18b062834cfc,2997,3,18,28,148,262.546875,629.71276595744689,0.109375,0.6063829787234043,False,row1_col0,256,188,0,34
2998,545358,17ff7079be9b18b062834cfc,2998,14,18,116,148,638.265625,629.71276595744689,0.453125,0.6063829787234043,False,row1_col1,256,188,0,34
2999,545650,17ff7079be9b18b062834cfc,2999,18,27,148,220,774.890625,936.47872340425533,0.578125,0.98936170212765961,False,row2_col1,256,188,0,34
3000,545677,17ff7079be9b18b062834cfc,3000,13,28,108,228,604.109375,970.563829787234,0.421875,1.0319148936170213,True,padding_center,256,188,0,34
3001,545691,17ff7079be9b18b062834cfc,3001,27,28,220,228,1082.296875,970.563829787234,0.859375,1.0319148936170213,True,padding_center,256,188,0,34
3002,545727,17ff7079be9b18b062834cfc,3002,31,29,252,236,1218.921875,1004.6489361702128,0.984375,1.074468085106383,True,padding_center,256,188,0,34
3003,546067,e47bf05116ca1e4921049cf3,3003,19,8,156,68,809.796875,283.25870646766168,0.609375,0.20398009950248755,False,row0_col1,256,201,0,27
3004,546180,e47bf05116ca1e4921049cf3,3004,4,12,36,100,289.953125,421.60696517412936,0.140625,0.36318407960199006,False,row1_col0,256,201,0,27
3005,546373,e47bf05116ca1e4921049cf3,3005,5,18,44,148,324.609375,629.1293532338309,0.171875,0.60199004975124382,False,row1_col0,256,201,0,27
3006,547097,57d3f410b6fcba2a57bda29d,3006,25,8,204,68,1015.34375,285.86842105263156,0.796875,0.18421052631578946,False,row0_col2,256,190,0,33
3007,547358,57d3f410b6fcba2a57bda29d,3007,30,16,244,132,1188.15625,561.74210526315778,0.953125,0.52105263157894732,False,row1_col2,256,190,0,33
3008,547369,57d3f410b6fcba2a57bda29d,3008,9,17,76,140,462.34375,596.22631578947369,0.296875,0.56315789473684208,False,row1_col0,256,190,0,33
3009,547475,57d3f410b6fcba2a57bda29d,3009,19,20,156,164,807.96875,699.67894736842106,0.609375,0.68947368421052635,False,row2_col1,256,190,0,33
3010,547538,57d3f410b6fcba2a57bda29d,3010,18,22,148,180,773.40625,768.64736842105265,0.578125,0.77368421052631575,False,row2_col1,256,190,0,33
3011,547566,57d3f410b6fcba2a57bda29d,3011,14,23,116,188,635.15625,803.13157894736844,0.453125,0.81578947368421051,False,row2_col1,256,190,0,33
3012,547570,57d3f410b6fcba2a57bda29d,3012,18,23,148,188,773.40625,803.13157894736844,0.578125,0.81578947368421051,False,row2_col1,256,190,0,33
3013,547580,57d3f410b6fcba2a57bda29d,3013,28,23,228,188,1119.03125,803.13157894736844,0.890625,0.81578947368421051,False,row2_col2,256,190,0,33
3014,547990,31f176914f7ef2559f447dab,3014,22,4,180,36,883.625,154,0.703125,0,False,row0_col2,256,183,0,36
3015,548027,31f176914f7ef2559f447dab,3015,27,5,220,44,1054.875,188.27322404371586,0.859375,0.043715846994535519,False,row0_col2,256,183,0,36
3016,548375,31f176914f7ef2559f447dab,3016,23,16,188,132,917.875,565.27868852459017,0.734375,0.52459016393442626,False,row1_col2,256,183,0,36
3017,548380,31f176914f7ef2559f447dab,3017,28,16,228,132,1089.125,565.27868852459017,0.890625,0.52459016393442626,False,row1_col2,256,183,0,36
3018,548381,31f176914f7ef2559f447dab,3018,29,16,236,132,1123.375,565.27868852459017,0.921875,0.52459016393442626,False,row1_col2,256,183,0,36
3019,548774,31f176914f7ef2559f447dab,3019,6,29,52,236,335.625,1010.8306010928962,0.203125,1.0928961748633881,True,padding_center,256,183,0,36
3020,548858,31f176914f7ef2559f447dab,3020,26,31,212,252,1020.625,1079.377049180328,0.828125,1.180327868852459,True,padding_center,256,183,0,36
3021,549302,b7cc7826ac85ae8215b61101,3021,22,13,180,108,905.625,458.92105263157896,0.703125,0.39473684210526316,False,row1_col2,256,190,0,33
3022,549337,b7cc7826ac85ae8215b61101,3022,25,14,204,116,1008.375,493.15263157894736,0.796875,0.43684210526315792,False,row1_col2,256,190,0,33
3023,549639,b7cc7826ac85ae8215b61101,3023,7,24,60,196,391.875,835.46842105263158,0.234375,0.85789473684210527,False,row2_col0,256,190,0,33
3024,549662,b7cc7826ac85ae8215b61101,3024,30,24,244,196,1179.625,835.46842105263158,0.953125,0.85789473684210527,False,row2_col2,256,190,0,33
3025,550083,25243d794ab291df05447bc6,3025,3,6,28,52,235.3125,212.42857142857144,0.109375,0.10052910052910052,False,row0_col0,256,189,0,33
3026,550110,25243d794ab291df05447bc6,3026,30,6,244,52,1163.4375,212.42857142857144,0.953125,0.10052910052910052,False,row0_col2,256,189,0,33
3027,550121,25243d794ab291df05447bc6,3027,9,7,76,60,441.5625,246.71428571428572,0.296875,0.14285714285714285,False,row0_col0,256,189,0,33
3028,550369,25243d794ab291df05447bc6,3028,1,15,12,124,166.5625,521,0.046875,0.48148148148148145,False,row1_col0,256,189,0,33
3029,550482,25243d794ab291df05447bc6,3029,18,18,148,148,750.9375,623.85714285714289,0.578125,0.60846560846560849,False,row1_col1,256,189,0,33
3030,550845,25243d794ab291df05447bc6,3030,29,29,236,236,1129.0625,1001.0000000000001,0.921875,1.0740740740740742,True,padding_center,256,189,0,33
3031,550910,25243d794ab291df05447bc6,3031,30,31,244,252,1163.4375,1069.5714285714287,0.953125,1.1587301587301588,True,padding_center,256,189,0,33
3032,550976,51a10a40effe2814ad9fdc08,3032,0,2,4,20,89.171875,75.285714285714292,0.015625,-0.068783068783068779,True,padding_center,256,189,0,33
3033,551067,51a10a40effe2814ad9fdc08,3033,27,4,220,36,1016.453125,143.85714285714286,0.859375,0.015873015873015872,False,row0_col2,256,189,0,33
3034,551436,51a10a40effe2814ad9fdc08,3034,12,16,100,132,501.296875,555.28571428571433,0.390625,0.52380952380952384,False,row1_col1,256,189,0,33
3035,551456,51a10a40effe2814ad9fdc08,3035,0,17,4,140,89.171875,589.57142857142867,0.015625,0.56613756613756616,False,row1_col0,256,189,0,33
3036,551521,51a10a40effe2814ad9fdc08,3036,1,19,12,156,123.515625,658.14285714285711,0.046875,0.65079365079365081,False,row1_col0,256,189,0,33
3037,551674,51a10a40effe2814ad9fdc08,3037,26,23,212,188,982.109375,795.28571428571433,0.828125,0.82010582010582012,False,row2_col2,256,189,0,33
3038,551886,51a10a40effe2814ad9fdc08,3038,14,30,116,244,569.984375,1035.2857142857142,0.453125,1.1164021164021165,True,padding_center,256,189,0,33
3039,552153,e1bd21e34648fdeb39895cd0,3039,25,6,204,52,953.375,212.75268817204301,0.796875,0.091397849462365593,False,row0_col2,256,186,0,35
3040,552437,e1bd21e34648fdeb39895cd0,3040,21,15,172,124,816.375,520.88172043010752,0.671875,0.478494623655914,False,row1_col2,256,186,0,35
3041,552443,e1bd21e34648fdeb39895cd0,3041,27,15,220,124,1021.875,520.88172043010752,0.859375,0.478494623655914,False,row1_col2,256,186,0,35
3042,552467,e1bd21e34648fdeb39895cd0,3042,19,16,156,132,747.875,555.11827956989248,0.609375,0.521505376344086,False,row1_col1,256,186,0,35
3043,552665,e1bd21e34648fdeb39895cd0,3043,25,22,204,180,953.375,760.53763440860212,0.796875,0.77956989247311825,False,row2_col2,256,186,0,35
3044,553012,71189113f916283b21e2571b,3044,20,1,164,12,850.765625,41.322580645161295,0.640625,-0.12365591397849462,True,padding_center,256,186,0,35
3045,553040,71189113f916283b21e2571b,3045,16,2,132,20,713.640625,75.645161290322577,0.515625,-0.080645161290322578,True,padding_center,256,186,0,35
3046,553104,71189113f916283b21e2571b,3046,16,4,132,36,713.640625,144.29032258064515,0.515625,0.0053763440860215058,False,row0_col1,256,186,0,35
3047,553442,71189113f916283b21e2571b,3047,2,15,20,124,233.703125,521.83870967741939,0.078125,0.478494623655914,False,row1_col0,256,186,0,35
3048,553826,71189113f916283b21e2571b,3048,2,27,20,220,233.703125,933.70967741935488,0.078125,0.9946236559139785,False,row2_col0,256,186,0,35
3049,554151,edb01c151c563bb82cc5df9d,3049,7,5,60,44,377.40625,180.81914893617022,0.234375,0.053191489361702128,False,row0_col0,256,188,0,34
3050,554237,edb01c151c563bb82cc5df9d,3050,29,7,236,60,1129.53125,249.32978723404256,0.921875,0.13829787234042554,False,row0_col2,256,188,0,34
3051,554298,edb01c151c563bb82cc5df9d,3051,26,9,212,76,1026.96875,317.84042553191489,0.828125,0.22340425531914893,False,row0_col2,256,188,0,34
3052,554406,edb01c151c563bb82cc5df9d,3052,6,13,52,108,343.21875,454.86170212765961,0.203125,0.39361702127659576,False,row1_col0,256,188,0,34
3053,554434,edb01c151c563bb82cc5df9d,3053,2,14,20,116,206.46875,489.11702127659578,0.078125,0.43617021276595747,False,row1_col0,256,188,0,34
3054,554573,edb01c151c563bb82cc5df9d,3054,13,18,108,148,582.53125,626.13829787234044,0.421875,0.6063829787234043,False,row1_col1,256,188,0,34
3055,554668,edb01c151c563bb82cc5df9d,3055,12,21,100,172,548.34375,728.90425531914889,0.390625,0.73404255319148937,False,row2_col1,256,188,0,34
3056,554672,edb01c151c563bb82cc5df9d,3056,16,21,132,172,685.09375,728.90425531914889,0.515625,0.73404255319148937,False,row2_col1,256,188,0,34
3057,554685,edb01c151c563bb82cc5df9d,3057,29,21,236,172,1129.53125,728.90425531914889,0.921875,0.73404255319148937,False,row2_col2,256,188,0,34
3058,555032,442850a2087d62c7e9453fcd,3058,24,0,196,4,979.125,4.3333333333333428,0.765625,-0.16666666666666666,True,padding_center,256,186,0,35
3059,555063,442850a2087d62c7e9453fcd,3059,23,1,188,12,944.875,38.569892473118273,0.734375,-0.12365591397849462,True,padding_center,256,186,0,35
3060,555091,442850a2087d62c7e9453fcd,3060,19,2,156,20,807.875,72.806451612903231,0.609375,-0.080645161290322578,True,padding_center,256,186,0,35
3061,555259,442850a2087d62c7e9453fcd,3061,27,7,220,60,1081.875,243.98924731182797,0.859375,0.13440860215053763,False,row0_col2,256,186,0,35
3062,555425,442850a2087d62c7e9453fcd,3062,1,13,12,108,191.375,449.4086021505376,0.046875,0.39247311827956988,False,row1_col0,256,186,0,35
3063,555574,442850a2087d62c7e9453fcd,3063,22,17,180,140,910.625,586.35483870967744,0.703125,0.56451612903225812,False,row1_col2,256,186,0,35
3064,555672,442850a2087d62c7e9453fcd,3064,24,20,196,164,979.125,689.06451612903231,0.765625,0.69354838709677424,False,row2_col2,256,186,0,35
3065,555829,442850a2087d62c7e9453fcd,3065,21,25,172,204,876.375,860.24731182795699,0.671875,0.90860215053763438,False,row2_col2,256,186,0,35
3066,555852,442850a2087d62c7e9453fcd,3066,12,26,100,212,568.125,894.48387096774195,0.390625,0.95161290322580649,False,row2_col1,256,186,0,35
3067,556120,b412565dd5f18a8e4ce8533b,3067,24,2,196,20,940.421875,73.881443298969074,0.765625,-0.056701030927835051,True,padding_center,256,194,0,31
3068,556400,b412565dd5f18a8e4ce8533b,3068,16,11,132,92,665.671875,382.29381443298968,0.515625,0.31443298969072164,False,row0_col1,256,194,0,31
3069,556609,b412565dd5f18a8e4ce8533b,3069,1,18,12,148,150.515625,622.17010309278339,0.046875,0.60309278350515461,False,row1_col0,256,194,0,31
3070,556851,b412565dd5f18a8e4ce8533b,3070,19,25,156,204,768.703125,862.04639175257739,0.609375,0.89175257731958768,False,row2_col1,256,194,0,31
3071,556944,b412565dd5f18a8e4ce8533b,3071,16,28,132,228,665.671875,964.85051546391753,0.515625,1.0154639175257731,True,padding_center,256,194,0,31
3072,557232,d81cb231e10288659e7909e8,3072,16,5,132,44,715.09375,185.63730569948189,0.515625,0.067357512953367879,False,row0_col1,256,193,0,31
3073,557408,d81cb231e10288659e7909e8,3073,0,11,4,92,168.09375,391.06735751295338,0.015625,0.31606217616580312,False,row0_col0,256,193,0,31
3074,557808,d81cb231e10288659e7909e8,3074,16,23,132,188,715.09375,801.92746113989642,0.515625,0.81347150259067358,False,row2_col1,256,193,0,31
3075,557892,d81cb231e10288659e7909e8,3075,4,26,36,212,304.84375,904.64248704663214,0.140625,0.93782383419689119,False,row2_col0,256,193,0,31
3076,557976,d81cb231e10288659e7909e8,3076,24,28,196,228,988.59375,973.11917098445599,0.765625,1.0207253886010363,True,padding_center,256,193,0,31
3077,558034,d81cb231e10288659e7909e8,3077,18,30,148,244,783.46875,1041.5958549222796,0.578125,1.1036269430051813,True,padding_center,256,193,0,31
3078,558178,27299ddb09d845cec194fcb0,3078,2,3,20,28,214.46875,110.67724867724868,0.078125,-0.026455026455026454,True,padding_center,256,189,0,33
3079,558238,27299ddb09d845cec194fcb0,3079,30,4,244,36,1171.71875,144.79365079365078,0.953125,0.015873015873015872,False,row0_col2,256,189,0,33
3080,558503,27299ddb09d845cec194fcb0,3080,7,13,60,108,385.40625,451.84126984126982,0.234375,0.3968253968253968,False,row1_col0,256,189,0,33
3081,558642,27299ddb09d845cec194fcb0,3081,18,17,148,140,761.46875,588.30687830687839,0.578125,0.56613756613756616,False,row1_col1,256,189,0,33
3082,558747,27299ddb09d845cec194fcb0,3082,27,20,220,164,1069.15625,690.65608465608466,0.859375,0.69312169312169314,False,row2_col2,256,189,0,33
3083,559480,61b5465c722b8b833ec48621,3083,24,11,196,92,982.828125,383.93548387096774,0.765625,0.30645161290322581,False,row0_col2,256,186,0,35
3084,559519,61b5465c722b8b833ec48621,3084,31,12,252,100,1221.921875,418.1720430107527,0.984375,0.34946236559139787,False,row1_col2,256,186,0,35
3085,559661,61b5465c722b8b833ec48621,3085,13,17,108,140,607.109375,589.35483870967744,0.421875,0.56451612903225812,False,row1_col1,256,186,0,35
3086,559850,61b5465c722b8b833ec48621,3086,10,23,84,188,504.640625,794.77419354838719,0.328125,0.82258064516129037,False,row2_col0,256,186,0,35
3087,560053,61b5465c722b8b833ec48621,3087,21,29,172,236,880.359375,1000.1935483870967,0.671875,1.0806451612903225,True,padding_center,256,186,0,35
3088,560183,c685b4a491f88fc79b166eaa,3088,23,1,188,12,962.40625,52.764705882352942,0.734375,-0.11764705882352941,True,padding_center,256,187,0,34
3089,560282,c685b4a491f88fc79b166eaa,3089,26,4,212,36,1064.96875,155.56684491978609,0.828125,0.0106951871657754,False,row0_col2,256,187,0,34
3090,560404,c685b4a491f88fc79b166eaa,3090,20,8,164,68,859.84375,292.63636363636363,0.640625,0.18181818181818182,False,row0_col1,256,187,0,34
3091,560984,c685b4a491f88fc79b166eaa,3091,24,26,196,212,996.59375,909.44919786096261,0.765625,0.95187165775401072,False,row2_col2,256,187,0,34
3092,561152,326ec13f01a3ce47feae7840,3092,0,0,4,4,163.125,13.910526315789468,0.015625,-0.15263157894736842,True,padding_center,256,190,0,33
3093,561525,326ec13f01a3ce47feae7840,3093,21,11,172,92,882.375,390.45789473684215,0.671875,0.31052631578947371,False,row0_col2,256,190,0,33
3094,561942,326ec13f01a3ce47feae7840,3094,22,24,180,196,916.625,835.46842105263158,0.703125,0.85789473684210527,False,row2_col2,256,190,0,33
3095,561983,326ec13f01a3ce47feae7840,3095,31,25,252,204,1224.875,869.70000000000005,0.984375,0.90000000000000002,False,row2_col2,256,190,0,33
3096,562072,326ec13f01a3ce47feae7840,3096,24,28,196,228,985.125,972.39473684210532,0.765625,1.0263157894736843,True,padding_center,256,190,0,33
3097,562096,326ec13f01a3ce47feae7840,3097,16,29,132,236,711.125,1006.6263157894737,0.515625,1.0684210526315789,True,padding_center,256,190,0,33
3098,562101,326ec13f01a3ce47feae7840,3098,21,29,172,236,882.375,1006.6263157894737,0.671875,1.0684210526315789,True,padding_center,256,190,0,33
3099,562273,feae8edd69230ba2d038a705,3099,1,3,12,28,197.375,111.89005235602095,0.046875,-0.020942408376963352,True,padding_center,256,191,0,32
3100,562419,feae8edd69230ba2d038a705,3100,19,7,156,60,813.875,248.7696335078534,0.609375,0.14659685863874344,False,row0_col1,256,191,0,32
3101,562507,feae8edd69230ba2d038a705,3101,11,10,92,84,539.875,351.42931937172773,0.359375,0.27225130890052357,False,row0_col1,256,191,0,32
3102,562556,feae8edd69230ba2d038a705,3102,28,11,228,92,1122.125,385.64921465968587,0.890625,0.31413612565445026,False,row0_col2,256,191,0,32
3103,562627,feae8edd69230ba2d038a705,3103,3,14,28,116,265.875,488.30890052356023,0.109375,0.43979057591623039,False,row1_col0,256,191,0,32
3104,562826,feae8edd69230ba2d038a705,3104,10,20,84,164,505.625,693.62827225130889,0.328125,0.69109947643979053,False,row2_col0,256,191,0,32
3105,562982,feae8edd69230ba2d038a705,3105,6,25,52,204,368.625,864.72774869109946,0.203125,0.90052356020942403,False,row2_col0,256,191,0,32
3106,562987,feae8edd69230ba2d038a705,3106,11,25,92,204,539.875,864.72774869109946,0.359375,0.90052356020942403,False,row2_col1,256,191,0,32
3107,563117,feae8edd69230ba2d038a705,3107,13,29,108,236,608.375,1001.6073298429319,0.421875,1.0680628272251309,True,padding_center,256,191,0,32
3108,563120,feae8edd69230ba2d038a705,3108,16,29,132,236,711.125,1001.6073298429319,0.515625,1.0680628272251309,True,padding_center,256,191,0,32
3109,563332,1882c154e2fd7debcc259ddf,3109,4,4,36,36,313.265625,158.72307692307692,0.140625,0.030769230769230771,False,row0_col0,256,195,0,30
3110,563569,1882c154e2fd7debcc259ddf,3110,17,11,140,92,758.921875,398.8051282051282,0.546875,0.31794871794871793,False,row0_col1,256,195,0,30
3111,563718,1882c154e2fd7debcc259ddf,3111,6,16,52,132,381.828125,570.29230769230776,0.203125,0.52307692307692311,False,row1_col0,256,195,0,30
3112,564021,1882c154e2fd7debcc259ddf,3112,21,25,172,204,896.046875,878.96923076923076,0.671875,0.89230769230769236,False,row2_col2,256,195,0,30
3113,564251,0ec02acd088fff4c4bbe590f,3113,27,0,220,4,1090.453125,18.497326203208559,0.859375,-0.16042780748663102,True,padding_center,256,187,0,34
3114,564434,0ec02acd088fff4c4bbe590f,3114,18,6,148,52,781.359375,224.10160427807486,0.578125,0.096256684491978606,False,row0_col1,256,187,0,34
3115,564483,0ec02acd088fff4c4bbe590f,3115,3,8,28,68,266.203125,292.63636363636363,0.109375,0.18181818181818182,False,row0_col0,256,187,0,34
3116,564506,0ec02acd088fff4c4bbe590f,3116,26,8,212,68,1056.109375,292.63636363636363,0.828125,0.18181818181818182,False,row0_col2,256,187,0,34
3117,564652,0ec02acd088fff4c4bbe590f,3117,12,13,100,108,575.296875,463.97326203208559,0.390625,0.39572192513368987,False,row1_col1,256,187,0,34
3118,564683,0ec02acd088fff4c4bbe590f,3118,11,14,92,116,540.953125,498.24064171122996,0.359375,0.43850267379679142,False,row1_col1,256,187,0,34
3119,564757,0ec02acd088fff4c4bbe590f,3119,21,16,172,132,884.390625,566.77540106951869,0.671875,0.52406417112299464,False,row1_col2,256,187,0,34
3120,564835,0ec02acd088fff4c4bbe590f,3120,3,19,28,156,266.203125,669.57754010695191,0.109375,0.65240641711229952,False,row1_col0,256,187,0,34
3121,565398,cdff67add7326ebbbabf8a48,3121,22,4,180,36,888.4375,146.69230769230768,0.703125,-0.0054945054945054949,True,padding_center,256,182,0,37
3122,565500,cdff67add7326ebbbabf8a48,3122,28,7,228,60,1094.6875,250.07692307692307,0.890625,0.12637362637362637,False,row0_col2,256,182,0,37
3123,565505,cdff67add7326ebbbabf8a48,3123,1,8,12,68,166.5625,284.53846153846155,0.046875,0.17032967032967034,False,row0_col0,256,182,0,37
3124,565993,cdff67add7326ebbbabf8a48,3124,9,23,76,188,441.5625,801.46153846153845,0.296875,0.82967032967032972,False,row2_col0,256,182,0,37
3125,566081,cdff67add7326ebbbabf8a48,3125,1,26,12,212,166.5625,904.84615384615381,0.046875,0.96153846153846156,False,row2_col0,256,182,0,37
3126,566165,cdff67add7326ebbbabf8a48,3126,21,28,172,228,854.0625,973.76923076923083,0.671875,1.0494505494505495,True,padding_center,256,182,0,37
3127,566167,cdff67add7326ebbbabf8a48,3127,23,28,188,228,922.8125,973.76923076923083,0.734375,1.0494505494505495,True,padding_center,256,182,0,37
3128,566788,163f27e0d1466030dadaebb8,3128,4,16,36,132,291.671875,563.33333333333326,0.140625,0.521505376344086,False,row1_col0,256,186,0,35
3129,567424,ce1b06db295c8aa47115048c,3129,0,4,4,36,127.09375,149.27956989247312,0.015625,0.0053763440860215058,False,row0_col0,256,186,0,35
3130,567484,ce1b06db295c8aa47115048c,3130,28,5,228,44,1084.34375,183.51612903225805,0.890625,0.048387096774193547,False,row0_col2,256,186,0,35
3131,567626,ce1b06db295c8aa47115048c,3131,10,10,84,84,468.96875,354.69892473118279,0.328125,0.26344086021505375,False,row0_col0,256,186,0,35
3132,567656,ce1b06db295c8aa47115048c,3132,8,11,68,92,400.59375,388.93548387096774,0.265625,0.30645161290322581,False,row0_col0,256,186,0,35
3133,567804,ce1b06db295c8aa47115048c,3133,28,15,228,124,1084.34375,525.88172043010752,0.890625,0.478494623655914,False,row1_col2,256,186,0,35
3134,567881,ce1b06db295c8aa47115048c,3134,9,18,76,148,434.78125,628.5913978494624,0.296875,0.60752688172043012,False,row1_col0,256,186,0,35
3135,568175,ce1b06db295c8aa47115048c,3135,15,27,124,220,639.90625,936.72043010752691,0.484375,0.9946236559139785,False,row2_col1,256,186,0,35
3136,568193,ce1b06db295c8aa47115048c,3136,1,28,12,228,161.28125,970.95698924731175,0.046875,1.0376344086021505,True,padding_center,256,186,0,35
3137,568684,d25a12404a5aa914a7906fd6,3137,12,11,100,92,571.125,386.35106382978722,0.390625,0.30851063829787234,False,row0_col1,256,188,0,34
3138,568944,d25a12404a5aa914a7906fd6,3138,16,19,132,156,708.125,660.39361702127655,0.515625,0.64893617021276595,False,row1_col1,256,188,0,34
3139,569135,d25a12404a5aa914a7906fd6,3139,15,25,124,204,673.875,865.92553191489367,0.484375,0.9042553191489362,False,row2_col1,256,188,0,34
3140,569187,d25a12404a5aa914a7906fd6,3140,3,27,28,220,262.875,934.436170212766,0.109375,0.98936170212765961,False,row2_col0,256,188,0,34
3141,569282,d25a12404a5aa914a7906fd6,3141,2,30,20,244,228.625,1037.2021276595742,0.078125,1.1170212765957446,True,padding_center,256,188,0,34
3142,569601,5676e48fb1caa42ecdd07480,3142,1,8,12,68,119.984375,280.6683417085427,0.046875,0.20100502512562815,False,row0_col0,256,199,0,28
3143,569701,5676e48fb1caa42ecdd07480,3143,5,11,44,92,258.609375,384.86934673366835,0.171875,0.32160804020100503,False,row0_col0,256,199,0,28
3144,569737,5676e48fb1caa42ecdd07480,3144,9,12,76,100,397.234375,419.6030150753769,0.296875,0.36180904522613067,False,row1_col0,256,199,0,28
3145,569750,5676e48fb1caa42ecdd07480,3145,22,12,180,100,847.765625,419.6030150753769,0.703125,0.36180904522613067,False,row1_col2,256,199,0,28
3146,569814,5676e48fb1caa42ecdd07480,3146,22,14,180,116,847.765625,489.070351758794,0.703125,0.44221105527638194,False,row1_col2,256,199,0,28
3147,569831,5676e48fb1caa42ecdd07480,3147,7,15,60,124,327.921875,523.8040201005025,0.234375,0.48241206030150752,False,row1_col0,256,199,0,28
3148,569854,5676e48fb1caa42ecdd07480,3148,30,15,244,124,1125.015625,523.8040201005025,0.953125,0.48241206030150752,False,row1_col2,256,199,0,28
3149,570093,5676e48fb1caa42ecdd07480,3149,13,23,108,188,535.859375,801.67336683417091,0.421875,0.8040201005025126,False,row2_col1,256,199,0,28
3150,570283,5676e48fb1caa42ecdd07480,3150,11,29,92,236,466.546875,1010.0753768844222,0.359375,1.0452261306532664,True,padding_center,256,199,0,28
3151,570295,5676e48fb1caa42ecdd07480,3151,23,29,188,236,882.421875,1010.0753768844222,0.734375,1.0452261306532664,True,padding_center,256,199,0,28
3152,570421,0b5210b7f75c32ce0315b40b,3152,21,1,172,12,875.390625,34.92307692307692,0.671875,-0.092307692307692313,True,padding_center,256,195,0,30
3153,570644,0b5210b7f75c32ce0315b40b,3153,20,8,164,68,841.046875,274.71794871794873,0.640625,0.19487179487179487,False,row0_col1,256,195,0,30
3154,570666,0b5210b7f75c32ce0315b40b,3154,10,9,84,76,497.609375,308.97435897435901,0.328125,0.23589743589743589,False,row0_col0,256,195,0,30
3155,570767,0b5210b7f75c32ce0315b40b,3155,15,12,124,100,669.328125,411.74358974358972,0.484375,0.35897435897435898,False,row1_col1,256,195,0,30
3156,571072,0b5210b7f75c32ce0315b40b,3156,0,22,4,180,154.171875,754.30769230769238,0.015625,0.76923076923076927,False,row2_col0,256,195,0,30
3157,571082,0b5210b7f75c32ce0315b40b,3157,10,22,84,180,497.609375,754.30769230769238,0.328125,0.76923076923076927,False,row2_col0,256,195,0,30
3158,571416,9183cf46ec95f7416fc2cadd,3158,24,0,196,4,944.59375,2.3684210526315752,0.765625,-0.15263157894736842,True,padding_center,256,190,0,33
3159,571821,9183cf46ec95f7416fc2cadd,3159,13,13,108,108,568.53125,445.73684210526318,0.421875,0.39473684210526316,False,row1_col1,256,190,0,33
3160,571847,9183cf46ec95f7416fc2cadd,3160,7,14,60,116,363.40625,479.84210526315792,0.234375,0.43684210526315792,False,row1_col0,256,190,0,33
3161,572117,9183cf46ec95f7416fc2cadd,3161,21,22,172,180,842.03125,752.68421052631572,0.671875,0.77368421052631575,False,row2_col2,256,190,0,33
3162,572548,8430cec5bf6a0ee7d4c4b34e,3162,4,4,36,36,310.703125,135.78947368421052,0.140625,0.015789473684210527,False,row0_col0,256,190,0,33
3163,572592,8430cec5bf6a0ee7d4c4b34e,3163,16,5,132,44,720.578125,169.89473684210526,0.515625,0.057894736842105263,False,row0_col1,256,190,0,33
3164,572681,8430cec5bf6a0ee7d4c4b34e,3164,9,8,76,68,481.484375,272.21052631578948,0.296875,0.18421052631578946,False,row0_col0,256,190,0,33
3165,572702,8430cec5bf6a0ee7d4c4b34e,3165,30,8,244,68,1198.765625,272.21052631578948,0.953125,0.18421052631578946,False,row0_col2,256,190,0,33
3166,572890,8430cec5bf6a0ee7d4c4b34e,3166,26,14,212,116,1062.140625,476.84210526315792,0.828125,0.43684210526315792,False,row1_col2,256,190,0,33
3167,572913,8430cec5bf6a0ee7d4c4b34e,3167,17,15,140,124,754.734375,510.9473684210526,0.546875,0.47894736842105262,False,row1_col1,256,190,0,33
3168,573128,8430cec5bf6a0ee7d4c4b34e,3168,8,22,68,180,447.328125,749.68421052631572,0.265625,0.77368421052631575,False,row2_col0,256,190,0,33
3169,573288,8430cec5bf6a0ee7d4c4b34e,3169,8,27,68,220,447.328125,920.21052631578948,0.265625,0.98421052631578942,False,row2_col0,256,190,0,33
3170,573432,8430cec5bf6a0ee7d4c4b34e,3170,24,31,196,252,993.828125,1056.6315789473683,0.765625,1.1526315789473685,True,padding_center,256,190,0,33
3171,573523,2608d95da3b3a020babab4a4,3171,19,2,156,20,820.046875,72.806451612903231,0.609375,-0.080645161290322578,True,padding_center,256,186,0,35
3172,573548,2608d95da3b3a020babab4a4,3172,12,3,100,28,580.953125,107.04301075268818,0.390625,-0.037634408602150539,True,padding_center,256,186,0,35
3173,573593,2608d95da3b3a020babab4a4,3173,25,4,204,36,1024.984375,141.27956989247312,0.796875,0.0053763440860215058,False,row0_col2,256,186,0,35
3174,573681,2608d95da3b3a020babab4a4,3174,17,7,140,60,751.734375,243.98924731182797,0.546875,0.13440860215053763,False,row0_col1,256,186,0,35
3175,573822,2608d95da3b3a020babab4a4,3175,30,11,244,92,1195.765625,380.93548387096774,0.953125,0.30645161290322581,False,row0_col2,256,186,0,35
3176,574009,2608d95da3b3a020babab4a4,3176,25,17,204,140,1024.984375,586.35483870967744,0.796875,0.56451612903225812,False,row1_col2,256,186,0,35
3177,574361,2608d95da3b3a020babab4a4,3177,25,28,204,228,1024.984375,962.95698924731175,0.796875,1.0376344086021505,True,padding_center,256,186,0,35
3178,574548,677cd183b987906faf2e530c,3178,20,2,164,20,848.171875,76.054054054054049,0.640625,-0.081081081081081086,True,padding_center,256,185,0,35
3179,574631,677cd183b987906faf2e530c,3179,7,5,60,44,398.453125,179.96756756756758,0.234375,0.048648648648648651,False,row0_col0,256,185,0,35
3180,574652,677cd183b987906faf2e530c,3180,28,5,228,44,1124.921875,179.96756756756758,0.890625,0.048648648648648651,False,row0_col2,256,185,0,35
3181,574813,677cd183b987906faf2e530c,3181,29,10,236,84,1159.515625,353.15675675675675,0.921875,0.26486486486486488,False,row0_col2,256,185,0,35
3182,574832,677cd183b987906faf2e530c,3182,16,11,132,92,709.796875,387.79459459459463,0.515625,0.30810810810810813,False,row0_col1,256,185,0,35
3183,574903,677cd183b987906faf2e530c,3183,23,13,188,108,951.953125,457.07027027027027,0.734375,0.39459459459459462,False,row1_col2,256,185,0,35
3184,575015,677cd183b987906faf2e530c,3184,7,17,60,140,398.453125,595.62162162162167,0.234375,0.56756756756756754,False,row1_col0,256,185,0,35
3185,575068,677cd183b987906faf2e530c,3185,28,18,228,148,1124.921875,630.25945945945944,0.890625,0.61081081081081079,False,row1_col2,256,185,0,35
3186,575098,677cd183b987906faf2e530c,3186,26,19,212,156,1055.734375,664.89729729729731,0.828125,0.65405405405405403,False,row1_col2,256,185,0,35
3187,575166,677cd183b987906faf2e530c,3187,30,21,244,172,1194.109375,734.17297297297296,0.953125,0.74054054054054053,False,row2_col2,256,185,0,35
3188,575453,677cd183b987906faf2e530c,3188,29,30,236,244,1159.515625,1045.9135135135134,0.921875,1.1297297297297297,True,padding_center,256,185,0,35
3189,575861,79609d9f8ec519016767e49f,3189,21,11,172,92,890.375,380.7684210526316,0.671875,0.31052631578947371,False,row0_col2,256,190,0,33
3190,575876,79609d9f8ec519016767e49f,3190,4,12,36,100,308.125,415.04210526315791,0.140625,0.35263157894736841,False,row1_col0,256,190,0,33
3191,576411,79609d9f8ec519016767e49f,3191,27,28,220,228,1095.875,963.42105263157896,0.859375,1.0263157894736843,True,padding_center,256,190,0,33
3192,576453,79609d9f8ec519016767e49f,3192,5,30,44,244,342.375,1031.9684210526316,0.171875,1.1105263157894736,True,padding_center,256,190,0,33
3193,576511,79609d9f8ec519016767e49f,3193,31,31,252,252,1232.875,1066.242105263158,0.984375,1.1526315789473685,True,padding_center,256,190,0,33
3194,576676,eebb80b7602a9bc51384c3b3,3194,4,5,36,44,269.6875,179.97409326424872,0.140625,0.067357512953367879,False,row0_col0,256,193,0,31
3195,576703,eebb80b7602a9bc51384c3b3,3195,31,5,252,44,1197.8125,179.97409326424872,0.984375,0.067357512953367879,False,row0_col2,256,193,0,31
3196,576750,eebb80b7602a9bc51384c3b3,3196,14,7,116,60,613.4375,248.86528497409327,0.453125,0.15025906735751296,False,row0_col1,256,193,0,31
3197,576921,eebb80b7602a9bc51384c3b3,3197,25,12,204,100,991.5625,421.09326424870466,0.796875,0.35751295336787564,False,row1_col2,256,193,0,31
3198,577275,eebb80b7602a9bc51384c3b3,3198,27,23,220,188,1060.3125,799.99481865284974,0.859375,0.81347150259067358,False,row2_col2,256,193,0,31
3199,577511,eebb80b7602a9bc51384c3b3,3199,7,31,60,252,372.8125,1075.5595854922281,0.234375,1.145077720207254,True,padding_center,256,193,0,31
3200,577806,78a32a3097554d80ef1bac9c,3200,14,8,116,68,619.265625,287.07407407407408,0.453125,0.18518518518518517,False,row0_col1,256,189,0,33
3201,577809,78a32a3097554d80ef1bac9c,3201,17,8,140,68,721.734375,287.07407407407408,0.546875,0.18518518518518517,False,row0_col1,256,189,0,33
3202,577908,78a32a3097554d80ef1bac9c,3202,20,11,164,92,824.203125,389.2962962962963,0.640625,0.31216931216931215,False,row0_col1,256,189,0,33
3203,578003,78a32a3097554d80ef1bac9c,3203,19,14,156,116,790.046875,491.51851851851848,0.609375,0.43915343915343913,False,row1_col1,256,189,0,33
3204,578108,78a32a3097554d80ef1bac9c,3204,28,17,228,140,1097.453125,593.74074074074076,0.890625,0.56613756613756616,False,row1_col2,256,189,0,33
3205,578160,78a32a3097554d80ef1bac9c,3205,16,19,132,156,687.578125,661.88888888888891,0.515625,0.65079365079365081,False,row1_col1,256,189,0,33
3206,578204,78a32a3097554d80ef1bac9c,3206,28,20,228,164,1097.453125,695.96296296296293,0.890625,0.69312169312169314,False,row2_col2,256,189,0,33
3207,578311,78a32a3097554d80ef1bac9c,3207,7,24,60,196,380.171875,832.25925925925924,0.234375,0.86243386243386244,False,row2_col0,256,189,0,33
3208,578757,fd91ca2d579cd9fb68161c3b,3208,5,6,44,52,346.515625,223,0.171875,0.10000000000000001,False,row0_col0,256,190,0,33
3209,579021,fd91ca2d579cd9fb68161c3b,3209,13,14,108,116,619.265625,495.84210526315792,0.421875,0.43684210526315792,False,row1_col1,256,190,0,33
3210,579137,fd91ca2d579cd9fb68161c3b,3210,1,18,12,148,210.140625,632.26315789473688,0.046875,0.60526315789473684,False,row1_col0,256,190,0,33
3211,579233,fd91ca2d579cd9fb68161c3b,3211,1,21,12,172,210.140625,734.57894736842104,0.046875,0.73157894736842111,False,row2_col0,256,190,0,33
3212,579461,fd91ca2d579cd9fb68161c3b,3212,5,28,44,228,346.515625,973.31578947368428,0.171875,1.0263157894736843,True,padding_center,256,190,0,33
3213,579543,fd91ca2d579cd9fb68161c3b,3213,23,30,188,244,960.203125,1041.5263157894738,0.734375,1.1105263157894736,True,padding_center,256,190,0,33
3214,579545,fd91ca2d579cd9fb68161c3b,3214,25,30,204,244,1028.390625,1041.5263157894738,0.796875,1.1105263157894736,True,padding_center,256,190,0,33
3215,580530,a3e72a337b3e2ae08d3ba9ff,3215,18,29,148,236,766.890625,1002.0106951871659,0.578125,1.0802139037433156,True,padding_center,256,187,0,34
3216,580993,9a1ad63dc381c61153abcebd,3216,1,12,12,100,139.28125,411.63157894736838,0.046875,0.35263157894736841,False,row1_col0,256,190,0,33
3217,581078,9a1ad63dc381c61153abcebd,3217,22,14,180,116,857.21875,479.84210526315792,0.703125,0.43684210526315792,False,row1_col2,256,190,0,33
3218,581257,9a1ad63dc381c61153abcebd,3218,9,20,76,164,412.78125,684.47368421052636,0.296875,0.68947368421052635,False,row2_col0,256,190,0,33
3219,581300,9a1ad63dc381c61153abcebd,3219,20,21,164,172,788.84375,718.57894736842104,0.640625,0.73157894736842111,False,row2_col1,256,190,0,33
3220,581482,9a1ad63dc381c61153abcebd,3220,10,27,84,220,446.96875,923.21052631578948,0.328125,0.98421052631578942,False,row2_col0,256,190,0,33
3221,581572,9a1ad63dc381c61153abcebd,3221,4,30,36,244,241.84375,1025.5263157894738,0.140625,1.1105263157894736,True,padding_center,256,190,0,33
3222,581766,45bfb62d2b8a12a9724eb563,3222,6,4,52,36,321.21875,146.56382978723406,0.203125,0.010638297872340425,False,row0_col0,256,188,0,34
3223,582013,45bfb62d2b8a12a9724eb563,3223,29,11,236,92,1107.53125,386.35106382978722,0.921875,0.30851063829787234,False,row0_col2,256,188,0,34
3224,582265,45bfb62d2b8a12a9724eb563,3224,25,19,204,156,970.78125,660.39361702127655,0.796875,0.64893617021276595,False,row1_col2,256,188,0,34
3225,582712,9fbe77467132d5c93ee01128,3225,24,1,196,12,1000.421875,41,0.765625,-0.1111111111111111,True,padding_center,256,189,0,33
3226,582910,9fbe77467132d5c93ee01128,3226,30,7,244,60,1206.484375,246.71428571428572,0.953125,0.14285714285714285,False,row0_col2,256,189,0,33
3227,583058,9fbe77467132d5c93ee01128,3227,18,12,148,100,794.359375,418.14285714285711,0.578125,0.35449735449735448,False,row1_col1,256,189,0,33
3228,583952,7413f29906bbedeb019fea89,3228,16,8,132,68,705.125,284.48969072164948,0.515625,0.19072164948453607,False,row0_col1,256,194,0,31
3229,584037,7413f29906bbedeb019fea89,3229,5,11,44,92,328.375,387.29381443298968,0.171875,0.31443298969072164,False,row0_col0,256,194,0,31
3230,584169,7413f29906bbedeb019fea89,3230,9,15,76,124,465.375,524.36597938144337,0.296875,0.47938144329896909,False,row1_col0,256,194,0,31
3231,584174,7413f29906bbedeb019fea89,3231,14,15,116,124,636.625,524.36597938144337,0.453125,0.47938144329896909,False,row1_col1,256,194,0,31
3232,584214,7413f29906bbedeb019fea89,3232,22,16,180,132,910.625,558.63402061855675,0.703125,0.52061855670103097,False,row1_col2,256,194,0,31
3233,584248,7413f29906bbedeb019fea89,3233,24,17,196,140,979.125,592.90206185567013,0.765625,0.56185567010309279,False,row1_col2,256,194,0,31
3234,584413,7413f29906bbedeb019fea89,3234,29,22,236,180,1150.375,764.24226804123714,0.921875,0.76804123711340211,False,row2_col2,256,194,0,31
3235,584803,c977bea10bf03c99460cec13,3235,3,3,28,28,224.3125,107.5,0.109375,-0.026315789473684209,True,padding_center,256,190,0,33
3236,585136,c977bea10bf03c99460cec13,3236,16,13,132,108,671.1875,451.5,0.515625,0.39473684210526316,False,row1_col1,256,190,0,33
3237,585187,c977bea10bf03c99460cec13,3237,3,15,28,124,224.3125,520.29999999999995,0.109375,0.47894736842105262,False,row1_col0,256,190,0,33
3238,585347,c977bea10bf03c99460cec13,3238,3,20,28,164,224.3125,692.30000000000007,0.109375,0.68947368421052635,False,row2_col0,256,190,0,33
3239,585366,c977bea10bf03c99460cec13,3239,22,20,180,164,877.4375,692.30000000000007,0.703125,0.68947368421052635,False,row2_col2,256,190,0,33
3240,585812,feca696a5660a740402e9811,3240,20,2,164,20,857.203125,83.027027027027032,0.640625,-0.081081081081081086,True,padding_center,256,185,0,35
3241,585880,feca696a5660a740402e9811,3241,24,4,196,36,993.828125,151.26486486486488,0.765625,0.0054054054054054057,False,row0_col2,256,185,0,35
3242,585894,feca696a5660a740402e9811,3242,6,5,52,44,379.015625,185.38378378378377,0.203125,0.048648648648648651,False,row0_col0,256,185,0,35
3243,585952,feca696a5660a740402e9811,3243,0,7,4,60,174.078125,253.62162162162161,0.015625,0.13513513513513514,False,row0_col0,256,185,0,35
3244,585957,feca696a5660a740402e9811,3244,5,7,44,60,344.859375,253.62162162162161,0.171875,0.13513513513513514,False,row0_col0,256,185,0,35
3245,586079,feca696a5660a740402e9811,3245,31,10,252,84,1232.921875,355.97837837837835,0.984375,0.26486486486486488,False,row0_col2,256,185,0,35
3246,586138,feca696a5660a740402e9811,3246,26,12,212,100,1062.140625,424.21621621621625,0.828125,0.35135135135135137,False,row1_col2,256,185,0,35
3247,586355,feca696a5660a740402e9811,3247,19,19,156,156,823.046875,663.04864864864862,0.609375,0.65405405405405403,False,row1_col1,256,185,0,35
3248,586495,feca696a5660a740402e9811,3248,31,23,252,188,1232.921875,799.52432432432431,0.984375,0.82702702702702702,False,row2_col2,256,185,0,35
3249,586763,37faa40414dba1a334ec7ebb,3249,11,0,92,4,528.875,12.333333333333343,0.359375,-0.16666666666666666,True,padding_center,256,186,0,35
3250,587047,37faa40414dba1a334ec7ebb,3250,7,9,60,76,391.875,320.46236559139788,0.234375,0.22043010752688172,False,row0_col0,256,186,0,35
3251,587207,37faa40414dba1a334ec7ebb,3251,7,14,60,116,391.875,491.64516129032256,0.234375,0.43548387096774194,False,row1_col0,256,186,0,35
3252,587286,37faa40414dba1a334ec7ebb,3252,22,16,180,132,905.625,560.11827956989248,0.703125,0.521505376344086,False,row1_col2,256,186,0,35
3253,587420,37faa40414dba1a334ec7ebb,3253,28,20,228,164,1111.125,697.06451612903231,0.890625,0.69354838709677424,False,row2_col2,256,186,0,35
3254,588156,47ecb67f20914fe9324d2108,3254,28,11,228,92,1107.375,379.66666666666663,0.890625,0.31216931216931215,False,row0_col2,256,189,0,33
3255,588194,47ecb67f20914fe9324d2108,3255,2,13,20,108,203.875,449,0.078125,0.3968253968253968,False,row1_col0,256,189,0,33
3256,588205,47ecb67f20914fe9324d2108,3256,13,13,108,108,586.125,449,0.421875,0.3968253968253968,False,row1_col1,256,189,0,33
3257,588483,47ecb67f20914fe9324d2108,3257,3,22,28,180,238.625,761,0.109375,0.77777777777777779,False,row2_col0,256,189,0,33
3258,588649,47ecb67f20914fe9324d2108,3258,9,27,76,220,447.125,934.33333333333337,0.296875,0.98941798941798942,False,row2_col0,256,189,0,33
3259,588727,47ecb67f20914fe9324d2108,3259,23,29,188,236,933.625,1003.6666666666667,0.734375,1.0740740740740742,True,padding_center,256,189,0,33
3260,588930,87a418aeb28937346e884495,3260,2,4,20,36,264.640625,149.2741116751269,0.078125,0.03553299492385787,False,row0_col0,256,197,0,29
3261,588988,87a418aeb28937346e884495,3261,28,5,228,44,1165.703125,183.87309644670052,0.890625,0.076142131979695438,False,row0_col2,256,197,0,29
3262,589020,87a418aeb28937346e884495,3262,28,6,228,52,1165.703125,218.47208121827413,0.890625,0.116751269035533,False,row0_col2,256,197,0,29
3263,589042,87a418aeb28937346e884495,3263,18,7,148,60,819.140625,253.07106598984771,0.578125,0.15736040609137056,False,row0_col1,256,197,0,29
3264,589314,87a418aeb28937346e884495,3264,2,16,20,132,264.640625,564.46192893401019,0.078125,0.52284263959390864,False,row1_col0,256,197,0,29
3265,589318,87a418aeb28937346e884495,3265,6,16,52,132,403.265625,564.46192893401019,0.203125,0.52284263959390864,False,row1_col0,256,197,0,29
3266,589686,87a418aeb28937346e884495,3266,22,27,180,220,957.765625,945.05076142131986,0.703125,0.96954314720812185,False,row2_col2,256,197,0,29
3267,589718,87a418aeb28937346e884495,3267,22,28,180,228,957.765625,979.64974619289342,0.703125,1.0101522842639594,True,padding_center,256,197,0,29
3268,589960,a17fa7ec81831aabb30abf4e,3268,8,4,68,36,483.390625,148.57446808510639,0.265625,0.010638297872340425,False,row0_col0,256,188,0,34
3269,589990,a17fa7ec81831aabb30abf4e,3269,6,5,52,44,414.828125,182.87234042553192,0.203125,0.053191489361702128,False,row0_col0,256,188,0,34
3270,590204,a17fa7ec81831aabb30abf4e,3270,28,11,228,92,1169.015625,388.65957446808511,0.890625,0.30851063829787234,False,row0_col2,256,188,0,34
3271,590365,a17fa7ec81831aabb30abf4e,3271,29,16,236,132,1203.296875,560.14893617021278,0.921875,0.52127659574468088,False,row1_col2,256,188,0,34
3272,590402,a17fa7ec81831aabb30abf4e,3272,2,18,20,148,277.703125,628.74468085106389,0.078125,0.6063829787234043,False,row1_col0,256,188,0,34
3273,590674,a17fa7ec81831aabb30abf4e,3273,18,26,148,212,826.203125,903.12765957446811,0.578125,0.94680851063829785,False,row2_col1,256,188,0,34
3274,590777,a17fa7ec81831aabb30abf4e,3274,25,29,204,236,1066.171875,1006.0212765957447,0.796875,1.074468085106383,True,padding_center,256,188,0,34
3275,590857,583fd37185c66e5b35d4ad0d,3275,9,0,76,4,441.5625,1.5126903553299513,0.296875,-0.12690355329949238,True,padding_center,256,197,0,29
3276,590974,583fd37185c66e5b35d4ad0d,3276,30,3,244,28,1163.4375,104.70050761421319,0.953125,-0.005076142131979695,True,padding_center,256,197,0,29
3277,591075,583fd37185c66e5b35d4ad0d,3277,3,7,28,60,235.3125,242.28426395939087,0.109375,0.15736040609137056,False,row0_col0,256,197,0,29
3278,591085,583fd37185c66e5b35d4ad0d,3278,13,7,108,60,579.0625,242.28426395939087,0.421875,0.15736040609137056,False,row0_col1,256,197,0,29
3279,591510,583fd37185c66e5b35d4ad0d,3279,22,20,180,164,888.4375,689.4314720812182,0.703125,0.68527918781725883,False,row2_col2,256,197,0,29
3280,591531,583fd37185c66e5b35d4ad0d,3280,11,21,92,172,510.3125,723.82741116751265,0.359375,0.7258883248730964,False,row2_col1,256,197,0,29
3281,591555,583fd37185c66e5b35d4ad0d,3281,3,22,28,180,235.3125,758.2233502538071,0.109375,0.76649746192893398,False,row2_col0,256,197,0,29
3282,591730,583fd37185c66e5b35d4ad0d,3282,18,27,148,220,750.9375,930.20304568527922,0.578125,0.96954314720812185,False,row2_col1,256,197,0,29
3283,591756,583fd37185c66e5b35d4ad0d,3283,12,28,100,228,544.6875,964.59898477157367,0.390625,1.0101522842639594,True,padding_center,256,197,0,29
3284,591831,583fd37185c66e5b35d4ad0d,3284,23,30,188,244,922.8125,1033.3908629441626,0.734375,1.0913705583756346,True,padding_center,256,197,0,29
3285,591866,583fd37185c66e5b35d4ad0d,3285,26,31,212,252,1025.9375,1067.7868020304568,0.828125,1.131979695431472,True,padding_center,256,197,0,29
3286,592000,fe666fef2b8871f5528589d3,3286,0,4,4,36,201.09375,162.39896373056996,0.015625,0.025906735751295335,False,row0_col0,256,193,0,31
3287,592024,fe666fef2b8871f5528589d3,3287,24,4,196,36,1021.59375,162.39896373056996,0.765625,0.025906735751295335,False,row0_col2,256,193,0,31
3288,592195,fe666fef2b8871f5528589d3,3288,3,10,28,84,303.65625,367.82901554404145,0.109375,0.27461139896373055,False,row0_col0,256,193,0,31
3289,592385,fe666fef2b8871f5528589d3,3289,1,16,12,132,235.28125,573.259067357513,0.046875,0.52331606217616577,False,row1_col0,256,193,0,31
3290,592581,fe666fef2b8871f5528589d3,3290,5,22,44,180,372.03125,778.68911917098444,0.171875,0.772020725388601,False,row2_col0,256,193,0,31
3291,592586,fe666fef2b8871f5528589d3,3291,10,22,84,180,542.96875,778.68911917098444,0.328125,0.772020725388601,False,row2_col0,256,193,0,31
3292,592595,fe666fef2b8871f5528589d3,3292,19,22,156,180,850.65625,778.68911917098444,0.609375,0.772020725388601,False,row2_col1,256,193,0,31
3293,592694,fe666fef2b8871f5528589d3,3293,22,25,180,204,953.21875,881.40414507772016,0.703125,0.89637305699481862,False,row2_col2,256,193,0,31
3294,592763,fe666fef2b8871f5528589d3,3294,27,27,220,220,1124.15625,949.88082901554412,0.859375,0.97927461139896377,False,row2_col2,256,193,0,31
3295,592919,2eebabfc2544e47701bed697,3295,23,0,188,4,909.609375,15.230366492146601,0.734375,-0.14659685863874344,True,padding_center,256,191,0,32
3296,593082,2eebabfc2544e47701bed697,3296,26,5,212,44,1012.453125,186.32984293193718,0.828125,0.062827225130890049,False,row0_col2,256,191,0,32
3297,593231,2eebabfc2544e47701bed697,3297,15,10,124,84,635.359375,357.42931937172773,0.484375,0.27225130890052357,False,row0_col1,256,191,0,32
3298,593656,2eebabfc2544e47701bed697,3298,24,23,196,188,943.890625,802.28795811518319,0.765625,0.81675392670157065,False,row2_col2,256,191,0,32
3299,594082,d8e33de8429b55ebb8877642,3299,2,5,20,44,159.859375,174.87234042553192,0.078125,0.053191489361702128,False,row0_col0,256,188,0,34
3300,594095,d8e33de8429b55ebb8877642,3300,15,5,124,44,606.328125,174.87234042553192,0.484375,0.053191489361702128,False,row0_col1,256,188,0,34
3301,594374,d8e33de8429b55ebb8877642,3301,6,14,52,116,297.234375,483.55319148936172,0.203125,0.43617021276595747,False,row1_col0,256,188,0,34
3302,594833,d8e33de8429b55ebb8877642,3302,17,28,140,228,675.015625,963.72340425531911,0.546875,1.0319148936170213,True,padding_center,256,188,0,34
3303,594949,87721955af6f57a012d16d47,3303,5,0,44,4,273.546875,-6.2857142857142776,0.171875,-0.15343915343915343,True,padding_center,256,189,0,33
3304,595351,87721955af6f57a012d16d47,3304,23,12,188,100,890.609375,405.14285714285711,0.734375,0.35449735449735448,False,row1_col2,256,189,0,33
3305,595552,87721955af6f57a012d16d47,3305,0,19,4,156,102.140625,645.14285714285711,0.015625,0.65079365079365081,False,row1_col0,256,189,0,33
3306,595564,87721955af6f57a012d16d47,3306,12,19,100,156,513.515625,645.14285714285711,0.390625,0.65079365079365081,False,row1_col1,256,189,0,33
3307,595603,87721955af6f57a012d16d47,3307,19,20,156,164,753.484375,679.42857142857144,0.609375,0.69312169312169314,False,row2_col1,256,189,0,33
3308,595828,87721955af6f57a012d16d47,3308,20,27,164,220,787.765625,919.42857142857144,0.640625,0.98941798941798942,False,row2_col1,256,189,0,33
3309,595872,87721955af6f57a012d16d47,3309,0,29,4,236,102.140625,988.00000000000011,0.015625,1.0740740740740742,True,padding_center,256,189,0,33
3310,595924,87721955af6f57a012d16d47,3310,20,30,164,244,787.765625,1022.2857142857143,0.640625,1.1164021164021165,True,padding_center,256,189,0,33
3311,596778,068d42fadee7759ebbad25c7,3311,10,25,84,204,502.625,864.72774869109946,0.328125,0.90052356020942403,False,row2_col0,256,191,0,32
3312,597156,bdd69774207d2ddbd41a3849,3312,4,5,36,44,268.84375,177.81914893617022,0.140625,0.053191489361702128,False,row0_col0,256,188,0,34
3313,597260,bdd69774207d2ddbd41a3849,3313,12,8,100,68,542.34375,280.58510638297872,0.390625,0.18085106382978725,False,row0_col1,256,188,0,34
3314,597485,bdd69774207d2ddbd41a3849,3314,13,15,108,124,576.53125,520.372340425532,0.421875,0.47872340425531917,False,row1_col1,256,188,0,34
3315,597747,bdd69774207d2ddbd41a3849,3315,19,23,156,188,781.65625,794.41489361702133,0.609375,0.81914893617021278,False,row2_col1,256,188,0,34
3316,597830,bdd69774207d2ddbd41a3849,3316,6,26,52,212,337.21875,897.18085106382978,0.203125,0.94680851063829785,False,row2_col0,256,188,0,34
3317,598194,d38497f6cb09922f8f3dcf04,3317,18,5,148,44,826.203125,180.32984293193718,0.578125,0.062827225130890049,False,row0_col1,256,191,0,32
3318,598951,d38497f6cb09922f8f3dcf04,3318,7,29,60,236,449.109375,1001.6073298429319,0.234375,1.0680628272251309,True,padding_center,256,191,0,32
3319,599252,7e43c32828df193edc42ddff,3319,20,6,164,52,855.046875,217.17021276595744,0.640625,0.095744680851063829,False,row0_col1,256,188,0,34
3320,599462,7e43c32828df193edc42ddff,3320,6,13,52,108,374.234375,457.25531914893617,0.203125,0.39361702127659576,False,row1_col0,256,188,0,34
3321,599536,7e43c32828df193edc42ddff,3321,16,15,132,124,717.671875,525.85106382978734,0.515625,0.47872340425531917,False,row1_col1,256,188,0,34
3322,599874,7e43c32828df193edc42ddff,3322,2,26,20,212,236.859375,903.12765957446811,0.078125,0.94680851063829785,False,row2_col0,256,188,0,34
3323,599884,7e43c32828df193edc42ddff,3323,12,26,100,212,580.296875,903.12765957446811,0.390625,0.94680851063829785,False,row2_col1,256,188,0,34
3324,599972,7e43c32828df193edc42ddff,3324,4,29,36,236,305.546875,1006.0212765957447,0.140625,1.074468085106383,True,padding_center,256,188,0,34
3325,600316,e23c7263422caa21794c6b96,3325,28,7,228,60,1114.015625,246.71428571428572,0.890625,0.14285714285714285,False,row0_col2,256,189,0,33
3326,600374,e23c7263422caa21794c6b96,3326,22,9,180,76,908.328125,315.28571428571428,0.703125,0.2275132275132275,False,row0_col2,256,189,0,33
3327,600427,e23c7263422caa21794c6b96,3327,11,11,92,92,531.234375,383.85714285714283,0.359375,0.31216931216931215,False,row0_col1,256,189,0,33
3328,600504,e23c7263422caa21794c6b96,3328,24,13,196,108,976.890625,452.42857142857139,0.765625,0.3968253968253968,False,row1_col2,256,189,0,33
3329,600943,e23c7263422caa21794c6b96,3329,15,27,124,220,668.359375,932.42857142857144,0.484375,0.98941798941798942,False,row2_col1,256,189,0,33
3330,601623,cbbfcf781cf2e6b2a448637f,3330,23,16,188,132,913.28125,546.72916666666674,0.734375,0.52083333333333337,False,row1_col2,256,192,0,32
3331,602209,4353ce725c8d749885d3c4b7,3331,1,3,12,28,117.375,106.57894736842105,0.046875,-0.026315789473684209,True,padding_center,256,190,0,33
3332,602226,4353ce725c8d749885d3c4b7,3332,18,3,148,28,699.625,106.57894736842105,0.578125,-0.026315789473684209,True,padding_center,256,190,0,33
3333,602273,4353ce725c8d749885d3c4b7,3333,1,5,12,44,117.375,175.12631578947369,0.046875,0.057894736842105263,False,row0_col0,256,190,0,33
3334,602448,4353ce725c8d749885d3c4b7,3334,16,10,132,84,631.125,346.49473684210523,0.515625,0.26842105263157895,False,row0_col1,256,190,0,33
3335,602610,4353ce725c8d749885d3c4b7,3335,18,15,148,124,699.625,517.86315789473679,0.578125,0.47894736842105262,False,row1_col1,256,190,0,33
3336,602617,4353ce725c8d749885d3c4b7,3336,25,15,204,124,939.375,517.86315789473679,0.796875,0.47894736842105262,False,row1_col2,256,190,0,33
3337,602652,4353ce725c8d749885d3c4b7,3337,28,16,228,132,1042.125,552.1368421052631,0.890625,0.52105263157894732,False,row1_col2,256,190,0,33
3338,603059,4353ce725c8d749885d3c4b7,3338,19,29,156,236,733.875,997.69473684210527,0.609375,1.0684210526315789,True,padding_center,256,190,0,33
3339,604090,02b8d585b96bf351d6297716,3339,26,29,212,236,1023.96875,991.35751295336786,0.828125,1.0621761658031088,True,padding_center,256,193,0,31
3340,604292,e13e69b4c17cd750194fa4bb,3340,4,4,36,36,280.546875,148.21465968586386,0.140625,0.020942408376963352,False,row0_col0,256,191,0,32
3341,604411,e13e69b4c17cd750194fa4bb,3341,27,7,220,60,1070.453125,251.50261780104711,0.859375,0.14659685863874344,False,row0_col2,256,191,0,32
3342,604798,e13e69b4c17cd750194fa4bb,3342,30,19,244,156,1173.484375,664.65445026178008,0.953125,0.64921465968586389,False,row1_col2,256,191,0,32
3343,605055,e13e69b4c17cd750194fa4bb,3343,31,27,252,220,1207.828125,940.08900523560214,0.984375,0.98429319371727753,False,row2_col2,256,191,0,32
3344,605085,e13e69b4c17cd750194fa4bb,3344,29,28,236,228,1139.140625,974.51832460732987,0.921875,1.0261780104712042,True,padding_center,256,191,0,32
3345,605267,37007bcf2d5f43196d17bd6c,3345,19,2,156,20,785.3125,82.978723404255319,0.609375,-0.074468085106382975,True,padding_center,256,188,0,34
3346,605651,37007bcf2d5f43196d17bd6c,3346,19,14,156,116,785.3125,494.55319148936172,0.609375,0.43617021276595747,False,row1_col1,256,188,0,34
3347,605786,37007bcf2d5f43196d17bd6c,3347,26,18,212,148,1025.9375,631.74468085106389,0.828125,0.6063829787234043,False,row1_col2,256,188,0,34
3348,605822,37007bcf2d5f43196d17bd6c,3348,30,19,244,156,1163.4375,666.04255319148933,0.953125,0.64893617021276595,False,row1_col2,256,188,0,34
3349,605960,37007bcf2d5f43196d17bd6c,3349,8,24,68,196,407.1875,837.531914893617,0.265625,0.86170212765957444,False,row2_col0,256,188,0,34
3350,606514,07487879b83ab8bf265d8c1f,3350,18,9,148,76,794.359375,333.21025641025642,0.578125,0.23589743589743589,False,row0_col1,256,195,0,30
3351,606668,07487879b83ab8bf265d8c1f,3351,12,14,100,116,588.296875,504.69743589743587,0.390625,0.44102564102564101,False,row1_col1,256,195,0,30
3352,606670,07487879b83ab8bf265d8c1f,3352,14,14,116,116,656.984375,504.69743589743587,0.453125,0.44102564102564101,False,row1_col1,256,195,0,30
3353,606861,07487879b83ab8bf265d8c1f,3353,13,20,108,164,622.640625,710.48205128205132,0.421875,0.68717948717948718,False,row2_col1,256,195,0,30
3354,607447,63727db752b5ff12377d012c,3354,23,6,188,52,948.421875,210.5625,0.734375,0.10416666666666667,False,row0_col2,256,192,0,32
3355,607596,63727db752b5ff12377d012c,3355,12,11,100,92,567.203125,383.6875,0.390625,0.3125,False,row0_col1,256,192,0,32
3356,607741,63727db752b5ff12377d012c,3356,29,15,236,124,1156.359375,522.1875,0.921875,0.47916666666666669,False,row1_col2,256,192,0,32
3357,607812,63727db752b5ff12377d012c,3357,4,18,36,148,289.953125,626.0625,0.140625,0.60416666666666663,False,row1_col0,256,192,0,32
3358,607946,63727db752b5ff12377d012c,3358,10,22,84,180,497.890625,764.5625,0.328125,0.77083333333333337,False,row2_col0,256,192,0,32
3359,607950,63727db752b5ff12377d012c,3359,14,22,116,180,636.515625,764.5625,0.453125,0.77083333333333337,False,row2_col1,256,192,0,32
3360,607969,63727db752b5ff12377d012c,3360,1,23,12,188,185.984375,799.1875,0.046875,0.8125,False,row2_col0,256,192,0,32
3361,608359,28b53dd19c8f65de13e95cab,3361,7,3,60,28,377.875,118.29946524064171,0.234375,-0.032085561497326207,True,padding_center,256,187,0,34
3362,608471,28b53dd19c8f65de13e95cab,3362,23,6,188,52,925.875,221.10160427807486,0.734375,0.096256684491978606,False,row0_col2,256,187,0,34
3363,608611,28b53dd19c8f65de13e95cab,3363,3,11,28,92,240.875,392.43850267379685,0.109375,0.31016042780748665,False,row0_col0,256,187,0,34
3364,608687,28b53dd19c8f65de13e95cab,3364,15,13,124,108,651.875,460.97326203208559,0.484375,0.39572192513368987,False,row1_col1,256,187,0,34
3365,609335,4b2934de204003644e1cf7cc,3365,23,1,188,12,964.609375,43.569892473118273,0.734375,-0.12365591397849462,True,padding_center,256,186,0,35
3366,609379,4b2934de204003644e1cf7cc,3366,3,3,28,28,278.984375,112.04301075268818,0.109375,-0.037634408602150539,True,padding_center,256,186,0,35
3367,609434,4b2934de204003644e1cf7cc,3367,26,4,212,36,1067.453125,146.27956989247312,0.828125,0.0053763440860215058,False,row0_col2,256,186,0,35
3368,609870,4b2934de204003644e1cf7cc,3368,14,18,116,148,656.078125,625.5913978494624,0.453125,0.60752688172043012,False,row1_col1,256,186,0,35
3369,610187,4b2934de204003644e1cf7cc,3369,11,28,92,228,553.234375,967.95698924731175,0.359375,1.0376344086021505,True,padding_center,256,186,0,35
3370,610238,4b2934de204003644e1cf7cc,3370,30,29,244,236,1204.578125,1002.1935483870967,0.953125,1.0806451612903225,True,padding_center,256,186,0,35
3371,610600,7d13fb8e53e7ca10995faafd,3371,8,9,68,76,404.125,317.46236559139788,0.265625,0.22043010752688172,False,row0_col0,256,186,0,35
3372,610769,7d13fb8e53e7ca10995faafd,3372,17,14,140,116,712.375,488.64516129032256,0.546875,0.43548387096774194,False,row1_col1,256,186,0,35
3373,610776,7d13fb8e53e7ca10995faafd,3373,24,14,196,116,952.125,488.64516129032256,0.765625,0.43548387096774194,False,row1_col2,256,186,0,35
3374,610886,7d13fb8e53e7ca10995faafd,3374,6,18,52,148,335.625,625.5913978494624,0.203125,0.60752688172043012,False,row1_col0,256,186,0,35
3375,611064,7d13fb8e53e7ca10995faafd,3375,24,23,196,188,952.125,796.77419354838719,0.765625,0.82258064516129037,False,row2_col2,256,186,0,35
3376,611071,7d13fb8e53e7ca10995faafd,3376,31,23,252,188,1191.875,796.77419354838719,0.984375,0.82258064516129037,False,row2_col2,256,186,0,35
3377,611214,7d13fb8e53e7ca10995faafd,3377,14,28,116,228,609.625,967.95698924731175,0.453125,1.0376344086021505,True,padding_center,256,186,0,35
3378,611801,7febf4fe97b272661ab00643,3378,25,14,204,116,996.140625,479.08421052631581,0.796875,0.43684210526315792,False,row1_col2,256,190,0,33
3379,611998,7febf4fe97b272661ab00643,3379,30,20,244,164,1169.109375,686.74736842105267,0.953125,0.68947368421052635,False,row2_col2,256,190,0,33
3380,612015,7febf4fe97b272661ab00643,3380,15,21,124,172,650.203125,721.35789473684213,0.484375,0.73157894736842111,False,row2_col1,256,190,0,33
3381,612234,7febf4fe97b272661ab00643,3381,10,28,84,228,477.234375,963.63157894736844,0.328125,1.0263157894736843,True,padding_center,256,190,0,33
3382,612277,7febf4fe97b272661ab00643,3382,21,29,172,236,857.765625,998.2421052631579,0.671875,1.0684210526315789,True,padding_center,256,190,0,33
3383,612458,9eb7c57cc60b7fe25deb2951,3383,10,3,84,28,445.890625,105.30434782608697,0.328125,-0.043478260869565216,True,padding_center,256,184,0,36
3384,612831,9eb7c57cc60b7fe25deb2951,3384,31,14,252,116,1173.671875,486.95652173913044,0.984375,0.43478260869565216,False,row1_col2,256,184,0,36
3385,613097,9eb7c57cc60b7fe25deb2951,3385,9,23,76,188,411.234375,799.21739130434787,0.296875,0.82608695652173914,False,row2_col0,256,184,0,36
3386,613134,9eb7c57cc60b7fe25deb2951,3386,14,24,116,196,584.515625,833.91304347826087,0.453125,0.86956521739130432,False,row2_col1,256,184,0,36
3387,613156,9eb7c57cc60b7fe25deb2951,3387,4,25,36,204,237.953125,868.60869565217388,0.140625,0.91304347826086951,False,row2_col0,256,184,0,36
3388,613191,9eb7c57cc60b7fe25deb2951,3388,7,26,60,212,341.921875,903.304347826087,0.234375,0.95652173913043481,False,row2_col0,256,184,0,36
3389,613448,588a545ebe33f98614ef2c62,3389,8,2,68,20,407.71875,78.375,0.265625,-0.0625,True,padding_center,256,192,0,32
3390,613647,588a545ebe33f98614ef2c62,3390,15,8,124,68,648.78125,284.875,0.484375,0.1875,False,row0_col1,256,192,0,32
3391,613919,588a545ebe33f98614ef2c62,3391,31,16,252,132,1199.78125,560.20833333333337,0.984375,0.52083333333333337,False,row1_col2,256,192,0,32
3392,614123,588a545ebe33f98614ef2c62,3392,11,23,92,188,511.03125,801.125,0.359375,0.8125,False,row2_col1,256,192,0,32
3393,614324,588a545ebe33f98614ef2c62,3393,20,29,164,236,820.96875,1007.625,0.640625,1.0625,True,padding_center,256,192,0,32
3394,614554,57c1f270dff8706bef20031f,3394,26,4,212,36,1044.21875,144.33333333333334,0.828125,0.0053763440860215058,False,row0_col2,256,186,0,35
3395,614823,57c1f270dff8706bef20031f,3395,7,13,60,108,385.15625,456.33333333333331,0.234375,0.39247311827956988,False,row1_col0,256,186,0,35
3396,615452,af9d0070e54aed81fc79e4ef,3396,28,0,228,4,1118.703125,-9.3597883597883538,0.890625,-0.15343915343915343,True,padding_center,256,189,0,33
3397,615473,af9d0070e54aed81fc79e4ef,3397,17,1,140,12,737.484375,25.222222222222229,0.546875,-0.1111111111111111,True,padding_center,256,189,0,33
3398,615870,af9d0070e54aed81fc79e4ef,3398,30,13,244,108,1188.015625,440.20634920634922,0.953125,0.3968253968253968,False,row1_col2,256,189,0,33
3399,615954,af9d0070e54aed81fc79e4ef,3399,18,16,148,132,772.140625,543.95238095238096,0.578125,0.52380952380952384,False,row1_col1,256,189,0,33
3400,616025,af9d0070e54aed81fc79e4ef,3400,25,18,204,148,1014.734375,613.11640211640213,0.796875,0.60846560846560849,False,row1_col2,256,189,0,33
3401,616295,af9d0070e54aed81fc79e4ef,3401,7,27,60,220,390.921875,924.35449735449731,0.234375,0.98941798941798942,False,row2_col0,256,189,0,33
3402,616482,55d9a5ec969dbb3e47e1a2cb,3402,2,1,20,12,211.484375,36.173913043478265,0.078125,-0.13043478260869565,True,padding_center,256,184,0,36
3403,616636,55d9a5ec969dbb3e47e1a2cb,3403,28,5,228,44,1110.921875,174.60869565217391,0.890625,0.043478260869565216,False,row0_col2,256,184,0,36
3404,616786,55d9a5ec969dbb3e47e1a2cb,3404,18,10,148,84,764.984375,347.6521739130435,0.578125,0.2608695652173913,False,row0_col1,256,184,0,36
3405,616835,55d9a5ec969dbb3e47e1a2cb,3405,3,12,28,100,246.078125,416.86956521739131,0.109375,0.34782608695652173,False,row1_col0,256,184,0,36
3406,616852,55d9a5ec969dbb3e47e1a2cb,3406,20,12,164,100,834.171875,416.86956521739131,0.640625,0.34782608695652173,False,row1_col1,256,184,0,36
3407,616886,55d9a5ec969dbb3e47e1a2cb,3407,22,13,180,108,903.359375,451.47826086956525,0.703125,0.39130434782608697,False,row1_col2,256,184,0,36
3408,617069,55d9a5ec969dbb3e47e1a2cb,3408,13,19,108,156,592.015625,659.13043478260875,0.421875,0.65217391304347827,False,row1_col1,256,184,0,36
3409,617282,55d9a5ec969dbb3e47e1a2cb,3409,2,26,20,212,211.484375,901.39130434782612,0.078125,0.95652173913043481,False,row2_col0,256,184,0,36
3410,617377,55d9a5ec969dbb3e47e1a2cb,3410,1,29,12,236,176.890625,1005.2173913043478,0.046875,1.0869565217391304,True,padding_center,256,184,0,36
3411,617423,55d9a5ec969dbb3e47e1a2cb,3411,15,30,124,244,661.203125,1039.8260869565215,0.484375,1.1304347826086956,True,padding_center,256,184,0,36
3412,617562,e9b79f16d364e3a2fa877ce7,3412,26,2,212,20,1030.59375,67.459459459459453,0.828125,-0.081081081081081086,True,padding_center,256,185,0,35
3413,617694,e9b79f16d364e3a2fa877ce7,3413,30,6,244,52,1168.34375,205.14594594594595,0.953125,0.091891891891891897,False,row0_col2,256,185,0,35
3414,618240,e9b79f16d364e3a2fa877ce7,3414,0,24,4,196,135.21875,824.73513513513512,0.015625,0.87027027027027026,False,row2_col0,256,185,0,35
3415,618285,e9b79f16d364e3a2fa877ce7,3415,13,25,108,204,582.90625,859.15675675675675,0.421875,0.91351351351351351,False,row2_col1,256,185,0,35
3416,618594,6130e546ed79e4d9fee7cb83,3416,2,3,20,28,211.71875,113.69189189189188,0.078125,-0.03783783783783784,True,padding_center,256,185,0,35
3417,618680,6130e546ed79e4d9fee7cb83,3417,24,5,196,44,974.84375,182.96756756756758,0.765625,0.048648648648648651,False,row0_col2,256,185,0,35
3418,618927,6130e546ed79e4d9fee7cb83,3418,15,13,124,108,662.65625,460.07027027027027,0.484375,0.39459459459459462,False,row1_col1,256,185,0,35
3419,619038,6130e546ed79e4d9fee7cb83,3419,30,16,244,132,1182.96875,563.98378378378379,0.953125,0.5243243243243243,False,row1_col2,256,185,0,35
3420,619132,6130e546ed79e4d9fee7cb83,3420,28,19,228,156,1113.59375,667.89729729729731,0.890625,0.65405405405405403,False,row1_col2,256,185,0,35
3421,619325,6130e546ed79e4d9fee7cb83,3421,29,25,236,204,1148.28125,875.72432432432436,0.921875,0.91351351351351351,False,row2_col2,256,185,0,35
3422,619347,6130e546ed79e4d9fee7cb83,3422,19,26,156,212,801.40625,910.36216216216212,0.609375,0.95675675675675675,False,row2_col1,256,185,0,35
3423,619425,6130e546ed79e4d9fee7cb83,3423,1,29,12,236,177.03125,1014.2756756756756,0.046875,1.0864864864864865,True,padding_center,256,185,0,35
3424,619516,6130e546ed79e4d9fee7cb83,3424,28,31,228,252,1113.59375,1083.5513513513515,0.890625,1.172972972972973,True,padding_center,256,185,0,35
3425,619525,c71b7281815add7bc72e0af6,3425,5,0,44,4,315.40625,4.2999999999999972,0.171875,-0.15263157894736842,True,padding_center,256,190,0,33
3426,619698,c71b7281815add7bc72e0af6,3426,18,5,148,44,763.09375,176.30000000000001,0.578125,0.057894736842105263,False,row0_col1,256,190,0,33
3427,619778,c71b7281815add7bc72e0af6,3427,2,8,20,68,212.09375,279.5,0.078125,0.18421052631578946,False,row0_col0,256,190,0,33
3428,619826,c71b7281815add7bc72e0af6,3428,18,9,148,76,763.09375,313.89999999999998,0.578125,0.22631578947368422,False,row0_col1,256,190,0,33
3429,619868,c71b7281815add7bc72e0af6,3429,28,10,228,84,1107.46875,348.30000000000001,0.890625,0.26842105263157895,False,row0_col2,256,190,0,33
3430,620391,c71b7281815add7bc72e0af6,3430,7,27,60,220,384.28125,933.09999999999991,0.234375,0.98421052631578942,False,row2_col0,256,190,0,33
3431,620602,9c158d10db0dc6399c33ba8d,3431,26,1,212,12,1040.875,28.666666666666671,0.828125,-0.1111111111111111,True,padding_center,256,189,0,33
3432,620783,9c158d10db0dc6399c33ba8d,3432,15,7,124,60,658.625,237.42857142857142,0.484375,0.14285714285714285,False,row0_col1,256,189,0,33
3433,620867,9c158d10db0dc6399c33ba8d,3433,3,10,28,84,241.625,341.8095238095238,0.109375,0.26984126984126983,False,row0_col0,256,189,0,33
3434,621545,9c158d10db0dc6399c33ba8d,3434,9,31,76,252,450.125,1072.4761904761906,0.296875,1.1587301587301588,True,padding_center,256,189,0,33
3435,621584,7eb05126c9c43d9121df3acb,3435,16,0,132,4,665.796875,19.2659574468085,0.515625,-0.15957446808510639,True,padding_center,256,188,0,34
3436,621952,7eb05126c9c43d9121df3acb,3436,0,12,4,100,112.296875,434.41489361702128,0.015625,0.35106382978723405,False,row1_col0,256,188,0,34
3437,622046,7eb05126c9c43d9121df3acb,3437,30,14,244,116,1150.109375,503.60638297872345,0.953125,0.43617021276595747,False,row1_col2,256,188,0,34
3438,622267,7eb05126c9c43d9121df3acb,3438,27,21,220,172,1046.328125,745.77659574468089,0.859375,0.73404255319148937,False,row2_col2,256,188,0,34
3439,622420,7eb05126c9c43d9121df3acb,3439,20,26,164,212,804.171875,918.75531914893611,0.640625,0.94680851063829785,False,row2_col1,256,188,0,34
3440,622717,a184ab3d7b4df361792c7188,3440,29,3,236,28,1153.125,109.66666666666666,0.921875,-0.037634408602150539,True,padding_center,256,186,0,35
3441,622729,a184ab3d7b4df361792c7188,3441,9,4,76,36,458.125,144.33333333333334,0.296875,0.0053763440860215058,False,row0_col0,256,186,0,35
3442,622779,a184ab3d7b4df361792c7188,3442,27,5,220,44,1083.625,179,0.859375,0.048387096774193547,False,row0_col2,256,186,0,35
3443,622914,a184ab3d7b4df361792c7188,3443,2,10,20,84,214.875,352.33333333333331,0.078125,0.26344086021505375,False,row0_col0,256,186,0,35
3444,622986,a184ab3d7b4df361792c7188,3444,10,12,84,100,492.875,421.66666666666669,0.328125,0.34946236559139787,False,row1_col0,256,186,0,35
3445,623662,3ecdc9847f50f75edffcb18b,3445,14,1,116,12,612.34375,43.037837837837827,0.453125,-0.12432432432432433,True,padding_center,256,185,0,35
3446,623669,3ecdc9847f50f75edffcb18b,3446,21,1,172,12,853.40625,43.037837837837827,0.671875,-0.12432432432432433,True,padding_center,256,185,0,35
3447,623697,3ecdc9847f50f75edffcb18b,3447,17,2,140,20,715.65625,77.459459459459453,0.546875,-0.081081081081081086,True,padding_center,256,185,0,35
3448,623775,3ecdc9847f50f75edffcb18b,3448,31,4,252,36,1197.78125,146.3027027027027,0.984375,0.0054054054054054057,False,row0_col2,256,185,0,35
3449,623838,3ecdc9847f50f75edffcb18b,3449,30,6,244,52,1163.34375,215.14594594594595,0.953125,0.091891891891891897,False,row0_col2,256,185,0,35
3450,623997,3ecdc9847f50f75edffcb18b,3450,29,11,236,92,1128.90625,387.25405405405411,0.921875,0.30810810810810813,False,row0_col2,256,185,0,35
3451,624281,3ecdc9847f50f75edffcb18b,3451,25,20,204,164,991.15625,697.04864864864862,0.796875,0.69729729729729728,False,row2_col2,256,185,0,35
3452,624599,3ecdc9847f50f75edffcb18b,3452,23,30,188,244,922.28125,1041.2648648648649,0.734375,1.1297297297297297,True,padding_center,256,185,0,35
3453,624818,ba9db5a3245e9a9afea5743b,3453,18,5,148,44,744.09375,164.10160427807486,0.578125,0.053475935828877004,False,row0_col1,256,187,0,34
3454,625300,ba9db5a3245e9a9afea5743b,3454,20,20,164,164,812.96875,681.32085561497331,0.640625,0.69518716577540107,False,row2_col1,256,187,0,34
3455,625308,ba9db5a3245e9a9afea5743b,3455,28,20,228,164,1088.46875,681.32085561497331,0.890625,0.69518716577540107,False,row2_col2,256,187,0,34
3456,625312,ba9db5a3245e9a9afea5743b,3456,0,21,4,172,124.21875,715.80213903743311,0.015625,0.73796791443850263,False,row2_col0,256,187,0,34
3457,625523,ba9db5a3245e9a9afea5743b,3457,19,27,156,220,778.53125,922.68983957219245,0.609375,0.99465240641711228,False,row2_col1,256,187,0,34
3458,625658,ba9db5a3245e9a9afea5743b,3458,26,31,212,252,1019.59375,1060.614973262032,0.828125,1.1657754010695187,True,padding_center,256,187,0,34
3459,625855,6e40a5c5b295ccc3dce76395,3459,31,5,252,44,1208.71875,174.60869565217391,0.984375,0.043478260869565216,False,row0_col2,256,184,0,36
3460,625906,6e40a5c5b295ccc3dce76395,3460,18,7,148,60,759.40625,243.82608695652175,0.578125,0.13043478260869565,False,row0_col1,256,184,0,36
3461,625964,6e40a5c5b295ccc3dce76395,3461,12,9,100,76,552.03125,313.04347826086956,0.390625,0.21739130434782608,False,row0_col1,256,184,0,36
3462,626031,6e40a5c5b295ccc3dce76395,3462,15,11,124,92,655.71875,382.26086956521738,0.484375,0.30434782608695654,False,row0_col1,256,184,0,36
3463,626108,6e40a5c5b295ccc3dce76395,3463,28,13,228,108,1105.03125,451.47826086956525,0.890625,0.39130434782608697,False,row1_col2,256,184,0,36
3464,626173,6e40a5c5b295ccc3dce76395,3464,29,15,236,124,1139.59375,520.695652173913,0.921875,0.47826086956521741,False,row1_col2,256,184,0,36
3465,626715,25186f0fe5a6a8eb590010cb,3465,27,0,220,4,1065.328125,15.508196721311464,0.859375,-0.17486338797814208,True,padding_center,256,183,0,36
3466,626839,25186f0fe5a6a8eb590010cb,3466,23,4,188,36,926.953125,154,0.734375,0,False,row0_col2,256,183,0,36
3467,626873,25186f0fe5a6a8eb590010cb,3467,25,5,204,44,996.140625,188.62295081967213,0.796875,0.043715846994535519,False,row0_col2,256,183,0,36
3468,626899,25186f0fe5a6a8eb590010cb,3468,19,6,156,52,788.578125,223.24590163934425,0.609375,0.087431693989071038,False,row0_col1,256,183,0,36
3469,626960,25186f0fe5a6a8eb590010cb,3469,16,8,132,68,684.796875,292.49180327868851,0.515625,0.17486338797814208,False,row0_col1,256,183,0,36
3470,627003,25186f0fe5a6a8eb590010cb,3470,27,9,220,76,1065.328125,327.11475409836066,0.859375,0.21857923497267759,False,row0_col2,256,183,0,36
3471,627127,25186f0fe5a6a8eb590010cb,3471,23,13,188,108,926.953125,465.60655737704917,0.734375,0.39344262295081966,False,row1_col2,256,183,0,36
3472,627400,25186f0fe5a6a8eb590010cb,3472,8,22,68,180,408.046875,777.21311475409834,0.265625,0.78688524590163933,False,row2_col0,256,183,0,36
3473,627453,25186f0fe5a6a8eb590010cb,3473,29,23,236,188,1134.515625,811.8360655737705,0.921875,0.8306010928961749,False,row2_col2,256,183,0,36
3474,627845,51c32ff783d3d94292851b8f,3474,5,4,44,36,307.40625,139.61702127659575,0.171875,0.010638297872340425,False,row0_col0,256,188,0,34
3475,628157,51c32ff783d3d94292851b8f,3475,29,13,236,108,1133.90625,449.82978723404256,0.921875,0.39361702127659576,False,row1_col2,256,188,0,34
3476,628280,51c32ff783d3d94292851b8f,3476,24,17,196,140,961.71875,587.70212765957444,0.765625,0.56382978723404253,False,row1_col2,256,188,0,34
3477,628314,51c32ff783d3d94292851b8f,3477,26,18,212,148,1030.59375,622.17021276595756,0.828125,0.6063829787234043,False,row1_col2,256,188,0,34
3478,628406,51c32ff783d3d94292851b8f,3478,22,21,180,172,892.84375,725.57446808510633,0.703125,0.73404255319148937,False,row2_col2,256,188,0,34
3479,628413,51c32ff783d3d94292851b8f,3479,29,21,236,172,1133.90625,725.57446808510633,0.921875,0.73404255319148937,False,row2_col2,256,188,0,34
3480,628447,51c32ff783d3d94292851b8f,3480,31,22,252,180,1202.78125,760.04255319148933,0.984375,0.77659574468085102,False,row2_col2,256,188,0,34
3481,628527,51c32ff783d3d94292851b8f,3481,15,25,124,204,651.78125,863.44680851063833,0.484375,0.9042553191489362,False,row2_col1,256,188,0,34
3482,628732,51c32ff783d3d94292851b8f,3482,28,31,228,252,1099.46875,1070.255319148936,0.890625,1.1595744680851063,True,padding_center,256,188,0,34
3483,628770,a4a1ff5a510d9f0f6ff44d92,3483,2,1,20,12,247.484375,33.222222222222229,0.078125,-0.1111111111111111,True,padding_center,256,189,0,33
3484,628821,a4a1ff5a510d9f0f6ff44d92,3484,21,2,172,20,904.765625,67.804232804232811,0.671875,-0.068783068783068779,True,padding_center,256,189,0,33
3485,628981,a4a1ff5a510d9f0f6ff44d92,3485,21,7,172,60,904.765625,240.71428571428572,0.671875,0.14285714285714285,False,row0_col2,256,189,0,33
3486,628991,a4a1ff5a510d9f0f6ff44d92,3486,31,7,252,60,1250.703125,240.71428571428572,0.984375,0.14285714285714285,False,row0_col2,256,189,0,33
3487,629203,a4a1ff5a510d9f0f6ff44d92,3487,19,14,156,116,835.578125,482.78835978835974,0.609375,0.43915343915343913,False,row1_col1,256,189,0,33
3488,629386,a4a1ff5a510d9f0f6ff44d92,3488,10,20,84,164,524.234375,690.28042328042329,0.328125,0.69312169312169314,False,row2_col0,256,189,0,33
3489,629400,a4a1ff5a510d9f0f6ff44d92,3489,24,20,196,164,1008.546875,690.28042328042329,0.765625,0.69312169312169314,False,row2_col2,256,189,0,33
3490,629413,a4a1ff5a510d9f0f6ff44d92,3490,5,21,44,172,351.265625,724.86243386243382,0.171875,0.73544973544973546,False,row2_col0,256,189,0,33
3491,629451,a4a1ff5a510d9f0f6ff44d92,3491,11,22,92,180,558.828125,759.44444444444446,0.359375,0.77777777777777779,False,row2_col1,256,189,0,33
3492,629621,a4a1ff5a510d9f0f6ff44d92,3492,21,27,172,220,904.765625,932.35449735449731,0.671875,0.98941798941798942,False,row2_col2,256,189,0,33
3493,629645,a4a1ff5a510d9f0f6ff44d92,3493,13,28,108,228,628.015625,966.93650793650806,0.421875,1.0317460317460319,True,padding_center,256,189,0,33
3494,629664,a4a1ff5a510d9f0f6ff44d92,3494,0,29,4,236,178.296875,1001.5185185185186,0.015625,1.0740740740740742,True,padding_center,256,189,0,33
3495,629711,a4a1ff5a510d9f0f6ff44d92,3495,15,30,124,244,697.203125,1036.1005291005292,0.484375,1.1164021164021165,True,padding_center,256,189,0,33
3496,629730,a4a1ff5a510d9f0f6ff44d92,3496,2,31,20,252,247.484375,1070.6825396825398,0.078125,1.1587301587301588,True,padding_center,256,189,0,33
3497,629813,c8ee69c5118846a9c6b2bd2e,3497,21,1,172,12,885.734375,28.212765957446805,0.671875,-0.11702127659574468,True,padding_center,256,188,0,34
3498,630122,c8ee69c5118846a9c6b2bd2e,3498,10,11,84,92,507.265625,372.89361702127655,0.328125,0.30851063829787234,False,row0_col0,256,188,0,34
3499,630411,c8ee69c5118846a9c6b2bd2e,3499,11,20,92,164,541.671875,683.10638297872345,0.359375,0.69148936170212771,False,row2_col1,256,188,0,34
3500,630462,c8ee69c5118846a9c6b2bd2e,3500,30,21,244,172,1195.390625,717.57446808510633,0.953125,0.73404255319148937,False,row2_col2,256,188,0,34
3501,630574,c8ee69c5118846a9c6b2bd2e,3501,14,25,116,204,644.890625,855.44680851063833,0.453125,0.9042553191489362,False,row2_col1,256,188,0,34
3502,630586,c8ee69c5118846a9c6b2bd2e,3502,26,25,212,204,1057.765625,855.44680851063833,0.828125,0.9042553191489362,False,row2_col2,256,188,0,34
3503,630886,b63e42826d3c50ac6f3ed58b,3503,6,3,52,28,327.84375,116.85483870967742,0.203125,-0.037634408602150539,True,padding_center,256,186,0,35
3504,631146,b63e42826d3c50ac6f3ed58b,3504,10,11,84,92,465.59375,392.4677419354839,0.328125,0.30645161290322581,False,row0_col0,256,186,0,35
3505,631194,b63e42826d3c50ac6f3ed58b,3505,26,12,212,100,1016.59375,426.91935483870969,0.828125,0.34946236559139787,False,row1_col2,256,186,0,35
3506,631530,b63e42826d3c50ac6f3ed58b,3506,10,23,84,188,465.59375,805.88709677419354,0.328125,0.82258064516129037,False,row2_col0,256,186,0,35
3507,631915,5b1f5c81c875f06122031a4b,3507,11,3,92,28,510.546875,101.66666666666666,0.359375,-0.037634408602150539,True,padding_center,256,186,0,35
3508,631953,5b1f5c81c875f06122031a4b,3508,17,4,140,36,718.484375,136.33333333333334,0.546875,0.0053763440860215058,False,row0_col1,256,186,0,35
3509,632153,5b1f5c81c875f06122031a4b,3509,25,10,204,84,995.734375,344.33333333333331,0.796875,0.26344086021505375,False,row0_col2,256,186,0,35
3510,632257,5b1f5c81c875f06122031a4b,3510,1,14,12,116,163.984375,483,0.046875,0.43548387096774194,False,row1_col0,256,186,0,35
3511,632444,5b1f5c81c875f06122031a4b,3511,28,19,228,156,1099.703125,656.33333333333337,0.890625,0.65053763440860213,False,row1_col2,256,186,0,35
3512,632530,5b1f5c81c875f06122031a4b,3512,18,22,148,180,753.140625,760.33333333333326,0.578125,0.77956989247311825,False,row2_col1,256,186,0,35
3513,632907,129602615670ca169c5d2adf,3513,11,2,92,20,469.546875,73.08064516129032,0.359375,-0.080645161290322578,True,padding_center,256,186,0,35
3514,632966,129602615670ca169c5d2adf,3514,6,4,52,36,296.265625,142.3279569892473,0.203125,0.0053763440860215058,False,row0_col0,256,186,0,35
3515,633600,129602615670ca169c5d2adf,3515,0,24,4,196,88.328125,834.80107526881716,0.015625,0.86559139784946237,False,row2_col0,256,186,0,35
3516,633895,de19dbe16ab3f3ee599806c3,3516,7,1,60,12,363.859375,36.666666666666671,0.234375,-0.1111111111111111,True,padding_center,256,189,0,33
3517,634125,de19dbe16ab3f3ee599806c3,3517,13,8,108,68,572.546875,280.22222222222217,0.421875,0.18518518518518517,False,row0_col1,256,189,0,33
3518,634283,de19dbe16ab3f3ee599806c3,3518,11,13,92,108,502.984375,454.19047619047615,0.359375,0.3968253968253968,False,row1_col1,256,189,0,33
3519,634381,de19dbe16ab3f3ee599806c3,3519,13,16,108,132,572.546875,558.57142857142867,0.421875,0.52380952380952384,False,row1_col1,256,189,0,33
3520,634765,de19dbe16ab3f3ee599806c3,3520,13,28,108,228,572.546875,976.09523809523819,0.421875,1.0317460317460319,True,padding_center,256,189,0,33
3521,634867,de19dbe16ab3f3ee599806c3,3521,19,31,156,252,781.234375,1080.4761904761906,0.609375,1.1587301587301588,True,padding_center,256,189,0,33
3522,635113,8bf8afec70e5fbe4d7956c1a,3522,9,7,76,60,478.5,238.04918032786884,0.296875,0.13114754098360656,False,row0_col0,256,183,0,36
3523,635449,8bf8afec70e5fbe4d7956c1a,3523,25,17,204,140,1038.5,588.21311475409834,0.796875,0.56830601092896171,False,row1_col2,256,183,0,36
3524,635490,8bf8afec70e5fbe4d7956c1a,3524,2,19,20,156,233.5,658.2459016393442,0.078125,0.65573770491803274,False,row1_col0,256,183,0,36
3525,635522,8bf8afec70e5fbe4d7956c1a,3525,2,20,20,164,233.5,693.26229508196718,0.078125,0.69945355191256831,False,row2_col0,256,183,0,36
3526,635556,8bf8afec70e5fbe4d7956c1a,3526,4,21,36,172,303.5,728.27868852459017,0.140625,0.74316939890710387,False,row2_col0,256,183,0,36
3527,635776,8bf8afec70e5fbe4d7956c1a,3527,0,28,4,228,163.5,973.39344262295083,0.015625,1.0491803278688525,True,padding_center,256,183,0,36
3528,635910,eaebcbae772a8146aa9919c7,3528,6,0,52,4,322.859375,8.2659574468084998,0.203125,-0.15957446808510639,True,padding_center,256,188,0,34
3529,635932,eaebcbae772a8146aa9919c7,3529,28,0,228,4,1083.921875,8.2659574468084998,0.890625,-0.15957446808510639,True,padding_center,256,188,0,34
3530,636189,eaebcbae772a8146aa9919c7,3530,29,8,236,68,1118.515625,285.031914893617,0.921875,0.18085106382978725,False,row0_col2,256,188,0,34
3531,636261,eaebcbae772a8146aa9919c7,3531,5,11,44,92,288.265625,388.81914893617022,0.171875,0.30851063829787234,False,row0_col0,256,188,0,34
3532,636367,eaebcbae772a8146aa9919c7,3532,15,14,124,116,634.203125,492.60638297872345,0.484375,0.43617021276595747,False,row1_col1,256,188,0,34
3533,636430,eaebcbae772a8146aa9919c7,3533,14,16,116,132,599.609375,561.79787234042556,0.453125,0.52127659574468088,False,row1_col1,256,188,0,34
3534,636496,eaebcbae772a8146aa9919c7,3534,16,18,132,148,668.796875,630.98936170212767,0.515625,0.6063829787234043,False,row1_col1,256,188,0,34
3535,636725,eaebcbae772a8146aa9919c7,3535,21,25,172,204,841.765625,873.15957446808511,0.671875,0.9042553191489362,False,row2_col2,256,188,0,34
3536,636891,eaebcbae772a8146aa9919c7,3536,27,30,220,244,1049.328125,1046.1382978723404,0.859375,1.1170212765957446,True,padding_center,256,188,0,34
3537,637328,b672bab83cdd2e2fd3e3b92b,3537,16,12,132,100,695.796875,405.07329842931938,0.515625,0.35602094240837695,False,row1_col1,256,191,0,32
3538,637415,b672bab83cdd2e2fd3e3b92b,3538,7,15,60,124,384.453125,508.86387434554973,0.234375,0.48167539267015708,False,row1_col0,256,191,0,32
3539,637511,b672bab83cdd2e2fd3e3b92b,3539,7,18,60,148,384.453125,612.65445026178008,0.234375,0.60732984293193715,False,row1_col0,256,191,0,32
3540,637823,b672bab83cdd2e2fd3e3b92b,3540,31,27,252,220,1214.703125,924.0261780104712,0.984375,0.98429319371727753,False,row2_col2,256,191,0,32
3541,637905,b672bab83cdd2e2fd3e3b92b,3541,17,30,140,244,730.390625,1027.8167539267015,0.546875,1.1099476439790577,True,padding_center,256,191,0,32
3542,638304,d51f5564f4e76c5f59463abb,3542,0,11,4,92,145.375,372.9375,0.015625,0.3125,False,row0_col0,256,192,0,32
3543,638736,d51f5564f4e76c5f59463abb,3543,16,24,132,196,701.375,825.22916666666663,0.515625,0.85416666666666663,False,row2_col1,256,192,0,32
3544,638783,d51f5564f4e76c5f59463abb,3544,31,25,252,204,1222.625,860.02083333333337,0.984375,0.89583333333333337,False,row2_col2,256,192,0,32
3545,638996,2f3e9ad50350b43cdcf05159,3545,20,0,164,4,785.171875,-1.6666666666666572,0.640625,-0.15343915343915343,True,padding_center,256,189,0,33
3546,639132,2f3e9ad50350b43cdcf05159,3546,28,4,228,36,1061.921875,137,0.890625,0.015873015873015872,False,row0_col2,256,189,0,33
3547,639239,2f3e9ad50350b43cdcf05159,3547,7,8,60,68,335.453125,275.66666666666663,0.234375,0.18518518518518517,False,row0_col0,256,189,0,33
3548,639304,2f3e9ad50350b43cdcf05159,3548,8,10,68,84,370.046875,345,0.265625,0.26984126984126983,False,row0_col0,256,189,0,33
3549,639918,2f3e9ad50350b43cdcf05159,3549,14,29,116,236,577.609375,1003.6666666666667,0.453125,1.0740740740740742,True,padding_center,256,189,0,33
3550,639924,2f3e9ad50350b43cdcf05159,3550,20,29,164,236,785.171875,1003.6666666666667,0.640625,1.0740740740740742,True,padding_center,256,189,0,33
3551,640004,9f327dfc03f3e723c3265429,3551,4,0,36,4,294.96875,-9.4583333333333428,0.140625,-0.14583333333333334,True,padding_center,256,192,0,32
3552,640045,9f327dfc03f3e723c3265429,3552,13,1,108,12,604.90625,24.958333333333329,0.421875,-0.10416666666666667,True,padding_center,256,192,0,32
3553,640341,9f327dfc03f3e723c3265429,3553,21,10,172,84,880.40625,334.70833333333331,0.671875,0.27083333333333331,False,row0_col2,256,192,0,32
3554,641000,9f327dfc03f3e723c3265429,3554,8,31,68,252,432.71875,1057.4583333333333,0.265625,1.1458333333333333,True,padding_center,256,192,0,32
3555,641052,a96e8fbb128dc3f4ea56a755,3555,28,0,228,4,1069.46875,3.1005291005291014,0.890625,-0.15343915343915343,True,padding_center,256,189,0,33
3556,641165,a96e8fbb128dc3f4ea56a755,3556,13,4,108,36,552.90625,140.92063492063491,0.421875,0.015873015873015872,False,row0_col1,256,189,0,33
3557,641542,a96e8fbb128dc3f4ea56a755,3557,6,16,52,132,311.84375,554.38095238095241,0.203125,0.52380952380952384,False,row1_col0,256,189,0,33
3558,641554,a96e8fbb128dc3f4ea56a755,3558,18,16,148,132,725.09375,554.38095238095241,0.578125,0.52380952380952384,False,row1_col1,256,189,0,33
3559,643231,7195fe8d91f57cee82a76acd,3559,31,4,252,36,1176.65625,139.66310160427807,0.984375,0.0106951871657754,False,row0_col2,256,187,0,34
3560,643327,7195fe8d91f57cee82a76acd,3560,31,7,252,60,1176.65625,243.62032085561498,0.984375,0.13903743315508021,False,row0_col2,256,187,0,34
3561,643878,7195fe8d91f57cee82a76acd,3561,6,25,52,204,309.46875,867.36363636363637,0.203125,0.90909090909090906,False,row2_col0,256,187,0,34
3562,643890,7195fe8d91f57cee82a76acd,3562,18,25,148,204,725.71875,867.36363636363637,0.578125,0.90909090909090906,False,row2_col1,256,187,0,34
3563,643980,7195fe8d91f57cee82a76acd,3563,12,28,100,228,517.59375,971.3208556149732,0.390625,1.0374331550802138,True,padding_center,256,187,0,34
3564,644247,7d6050d5579cb6deb88d8cf8,3564,23,4,188,36,909.625,146.69518716577539,0.734375,0.0106951871657754,False,row0_col2,256,187,0,34
3565,644715,7d6050d5579cb6deb88d8cf8,3565,11,19,92,156,492.625,668.40641711229955,0.359375,0.65240641711229952,False,row1_col1,256,187,0,34
3566,644732,7d6050d5579cb6deb88d8cf8,3566,28,19,228,156,1083.375,668.40641711229955,0.890625,0.65240641711229952,False,row1_col2,256,187,0,34
3567,644800,7d6050d5579cb6deb88d8cf8,3567,0,22,4,180,110.375,772.74866310160428,0.015625,0.78074866310160429,False,row2_col0,256,187,0,34
3568,644853,7d6050d5579cb6deb88d8cf8,3568,21,23,172,188,840.125,807.52941176470586,0.671875,0.82352941176470584,False,row2_col2,256,187,0,34
3569,644949,7d6050d5579cb6deb88d8cf8,3569,21,26,172,212,840.125,911.8716577540107,0.671875,0.95187165775401072,False,row2_col2,256,187,0,34
3570,645316,05f41bd57337a78242d25d3e,3570,4,6,36,52,269.671875,213.59685863874347,0.140625,0.10471204188481675,False,row0_col0,256,191,0,32
3571,645420,05f41bd57337a78242d25d3e,3571,12,9,100,76,546.421875,317.5130890052356,0.390625,0.23036649214659685,False,row0_col1,256,191,0,32
3572,645444,05f41bd57337a78242d25d3e,3572,4,10,36,84,269.671875,352.15183246073298,0.140625,0.27225130890052357,False,row0_col0,256,191,0,32
3573,645570,05f41bd57337a78242d25d3e,3573,2,14,20,116,200.484375,490.70680628272254,0.078125,0.43979057591623039,False,row1_col0,256,191,0,32
3574,646102,05f41bd57337a78242d25d3e,3574,22,30,180,244,892.359375,1044.9267015706807,0.703125,1.1099476439790577,True,padding_center,256,191,0,32
3575,646176,78320b73d7e5345b4fe8afe9,3575,0,1,4,12,99.328125,46.222222222222229,0.015625,-0.1111111111111111,True,padding_center,256,189,0,33
3576,646197,78320b73d7e5345b4fe8afe9,3576,21,1,172,12,827.109375,46.222222222222229,0.671875,-0.1111111111111111,True,padding_center,256,189,0,33
3577,646373,78320b73d7e5345b4fe8afe9,3577,5,7,44,60,272.609375,253.71428571428572,0.171875,0.14285714285714285,False,row0_col0,256,189,0,33
3578,647069,78320b73d7e5345b4fe8afe9,3578,29,28,236,228,1104.359375,979.93650793650806,0.921875,1.0317460317460319,True,padding_center,256,189,0,33
3579,647081,78320b73d7e5345b4fe8afe9,3579,9,29,76,236,411.234375,1014.5185185185186,0.296875,1.0740740740740742,True,padding_center,256,189,0,33
3580,647612,d0b31ef595869ea82b00c98a,3580,28,13,228,108,1124.46875,457.5,0.890625,0.39473684210526316,False,row1_col2,256,190,0,33
3581,648029,d0b31ef595869ea82b00c98a,3581,29,26,236,212,1158.90625,904.70000000000005,0.921875,0.94210526315789478,False,row2_col2,256,190,0,33
3582,648191,d0b31ef595869ea82b00c98a,3582,31,31,252,252,1227.78125,1076.7,0.984375,1.1526315789473685,True,padding_center,256,190,0,33
3583,648208,0a002938726018c2f380fd7f,3583,16,0,132,4,661.703125,-1.3837837837837981,0.515625,-0.16756756756756758,True,padding_center,256,185,0,35
3584,648239,0a002938726018c2f380fd7f,3584,15,1,124,12,627.296875,33.037837837837827,0.484375,-0.12432432432432433,True,padding_center,256,185,0,35
3585,648285,0a002938726018c2f380fd7f,3585,29,2,236,20,1108.984375,67.459459459459453,0.921875,-0.081081081081081086,True,padding_center,256,185,0,35
3586,648402,0a002938726018c2f380fd7f,3586,18,6,148,52,730.515625,205.14594594594595,0.578125,0.091891891891891897,False,row0_col1,256,185,0,35
3587,648830,0a002938726018c2f380fd7f,3587,30,19,244,156,1143.390625,652.627027027027,0.953125,0.65405405405405403,False,row1_col2,256,185,0,35
3588,648892,0a002938726018c2f380fd7f,3588,28,21,228,172,1074.578125,721.47027027027025,0.890625,0.74054054054054053,False,row2_col2,256,185,0,35
3589,649244,3f8c7ad9849e7d9320a48378,3589,28,0,228,4,1063.703125,-6.2216216216216367,0.890625,-0.16756756756756758,True,padding_center,256,185,0,35
3590,649324,3f8c7ad9849e7d9320a48378,3590,12,3,100,28,509.203125,97.691891891891885,0.390625,-0.03783783783783784,True,padding_center,256,185,0,35
3591,649408,3f8c7ad9849e7d9320a48378,3591,0,6,4,52,93.328125,201.60540540540541,0.015625,0.091891891891891897,False,row0_col0,256,185,0,35
3592,649562,3f8c7ad9849e7d9320a48378,3592,26,10,212,84,994.390625,340.15675675675675,0.828125,0.26486486486486488,False,row0_col2,256,185,0,35
3593,649622,3f8c7ad9849e7d9320a48378,3593,22,12,180,100,855.765625,409.43243243243245,0.703125,0.35135135135135137,False,row1_col2,256,185,0,35
3594,649641,3f8c7ad9849e7d9320a48378,3594,9,13,76,108,405.234375,444.07027027027027,0.296875,0.39459459459459462,False,row1_col0,256,185,0,35
3595,649782,3f8c7ad9849e7d9320a48378,3595,22,17,180,140,855.765625,582.62162162162167,0.703125,0.56756756756756754,False,row1_col2,256,185,0,35
3596,650246,4b2633be99f67ebb463d227e,3596,6,0,52,4,314.84375,3.6162162162162019,0.203125,-0.16756756756756758,True,padding_center,256,185,0,35
3597,650670,4b2633be99f67ebb463d227e,3597,14,13,116,108,590.34375,451.0972972972973,0.453125,0.39459459459459462,False,row1_col1,256,185,0,35
3598,651174,4b2633be99f67ebb463d227e,3598,6,29,52,236,314.84375,1001.8432432432433,0.203125,1.0864864864864865,True,padding_center,256,185,0,35
3599,651755,419d4372c4c0bfbddc5d5b65,3599,11,15,92,124,517.03125,516.76595744680856,0.359375,0.47872340425531917,False,row1_col1,256,188,0,34
3600,652140,419d4372c4c0bfbddc5d5b65,3600,12,27,100,220,551.46875,930.38297872340434,0.390625,0.98936170212765961,False,row2_col1,256,188,0,34
3601,652167,419d4372c4c0bfbddc5d5b65,3601,7,28,60,228,379.28125,964.85106382978722,0.234375,1.0319148936170213,True,padding_center,256,188,0,34
3602,652200,419d4372c4c0bfbddc5d5b65,3602,8,29,68,236,413.71875,999.31914893617022,0.265625,1.074468085106383,True,padding_center,256,188,0,34
3603,652635,54f228b2ef6b12f663053845,3603,27,10,220,84,1057.453125,349.9738219895288,0.859375,0.27225130890052357,False,row0_col2,256,191,0,32
3604,652673,54f228b2ef6b12f663053845,3604,1,12,12,100,164.515625,418.58115183246071,0.046875,0.35602094240837695,False,row1_col0,256,191,0,32
3605,652873,54f228b2ef6b12f663053845,3605,9,18,76,148,439.265625,624.40314136125653,0.296875,0.60732984293193715,False,row1_col0,256,191,0,32
3606,652944,54f228b2ef6b12f663053845,3606,16,20,132,164,679.671875,693.01047120418843,0.515625,0.69109947643979053,False,row2_col1,256,191,0,32
3607,653412,8a106526a24206c71ac97fc4,3607,4,3,36,28,237.828125,109.17112299465241,0.140625,-0.032085561497326207,True,padding_center,256,187,0,34
3608,653456,8a106526a24206c71ac97fc4,3608,16,4,132,36,650.703125,143.60962566844921,0.515625,0.0106951871657754,False,row0_col1,256,187,0,34
3609,653508,8a106526a24206c71ac97fc4,3609,4,6,36,52,237.828125,212.48663101604279,0.140625,0.096256684491978606,False,row0_col0,256,187,0,34
3610,653531,8a106526a24206c71ac97fc4,3610,27,6,220,52,1029.171875,212.48663101604279,0.859375,0.096256684491978606,False,row0_col2,256,187,0,34
3611,653745,8a106526a24206c71ac97fc4,3611,17,13,140,108,685.109375,453.55614973262033,0.546875,0.39572192513368987,False,row1_col1,256,187,0,34
3612,653906,8a106526a24206c71ac97fc4,3612,18,18,148,148,719.515625,625.74866310160428,0.578125,0.60962566844919786,False,row1_col1,256,187,0,34
3613,654568,d76501c670a10ab364d9061e,3613,8,7,68,60,386.453125,240.38421052631577,0.265625,0.14210526315789473,False,row0_col0,256,190,0,33
3614,655033,d76501c670a10ab364d9061e,3614,25,21,204,172,971.359375,723.16315789473686,0.796875,0.73157894736842111,False,row2_col2,256,190,0,33
3615,655119,d76501c670a10ab364d9061e,3615,15,24,124,196,627.296875,826.61578947368423,0.484375,0.85789473684210527,False,row2_col1,256,190,0,33
3616,655172,d76501c670a10ab364d9061e,3616,4,26,36,212,248.828125,895.58421052631581,0.140625,0.94210526315789478,False,row2_col0,256,190,0,33
3617,655181,d76501c670a10ab364d9061e,3617,13,26,108,212,558.484375,895.58421052631581,0.421875,0.94210526315789478,False,row2_col1,256,190,0,33
3618,655205,d76501c670a10ab364d9061e,3618,5,27,44,220,283.234375,930.06842105263149,0.171875,0.98421052631578942,False,row2_col0,256,190,0,33
3619,655484,2ee1148cf2bfb979a3c11be3,3619,28,3,228,28,1088.375,90.173913043478265,0.890625,-0.043478260869565216,True,padding_center,256,184,0,36
3620,656173,2ee1148cf2bfb979a3c11be3,3620,13,25,108,204,567.125,856.3478260869565,0.421875,0.91304347826086951,False,row2_col1,256,184,0,36
3621,656282,2ee1148cf2bfb979a3c11be3,3621,26,28,212,228,1018.875,960.82608695652175,0.828125,1.0434782608695652,True,padding_center,256,184,0,36
3622,656519,82da62713a0e4c22cbd7efd6,3622,7,4,60,36,360.21875,137.32972972972973,0.234375,0.0054054054054054057,False,row0_col0,256,185,0,35
3623,656710,82da62713a0e4c22cbd7efd6,3623,6,10,52,84,325.65625,345.15675675675675,0.203125,0.26486486486486488,False,row0_col0,256,185,0,35
3624,656821,82da62713a0e4c22cbd7efd6,3624,21,13,172,108,844.09375,449.07027027027027,0.671875,0.39459459459459462,False,row1_col2,256,185,0,35
3625,656951,82da62713a0e4c22cbd7efd6,3625,23,17,188,140,913.21875,587.62162162162167,0.734375,0.56756756756756754,False,row1_col2,256,185,0,35
3626,657022,82da62713a0e4c22cbd7efd6,3626,30,19,244,156,1155.15625,656.89729729729731,0.953125,0.65405405405405403,False,row1_col2,256,185,0,35
3627,657147,82da62713a0e4c22cbd7efd6,3627,27,23,220,188,1051.46875,795.4486486486486,0.859375,0.82702702702702702,False,row2_col2,256,185,0,35
3628,657608,c530cb0c0e739b7c0af0415d,3628,8,6,68,52,375.453125,208.55319148936172,0.265625,0.095744680851063829,False,row0_col0,256,188,0,34
3629,657644,c530cb0c0e739b7c0af0415d,3629,12,7,100,60,513.078125,243.02127659574467,0.390625,0.13829787234042554,False,row0_col1,256,188,0,34
3630,657886,c530cb0c0e739b7c0af0415d,3630,30,14,244,116,1132.390625,484.29787234042556,0.953125,0.43617021276595747,False,row1_col2,256,188,0,34
3631,658006,c530cb0c0e739b7c0af0415d,3631,22,18,180,148,857.140625,622.17021276595756,0.703125,0.6063829787234043,False,row1_col2,256,188,0,34
3632,658130,c530cb0c0e739b7c0af0415d,3632,18,22,148,180,719.515625,760.04255319148933,0.578125,0.77659574468085102,False,row2_col1,256,188,0,34
3633,658397,c530cb0c0e739b7c0af0415d,3633,29,30,236,244,1097.984375,1035.7872340425531,0.921875,1.1170212765957446,True,padding_center,256,188,0,34
3634,658920,ee0789a261852bef9369707a,3634,8,15,68,124,435.78125,526.34594594594591,0.265625,0.48108108108108111,False,row1_col0,256,185,0,35
3635,659195,ee0789a261852bef9369707a,3635,27,23,220,188,1092.46875,803.4486486486486,0.859375,0.82702702702702702,False,row2_col2,256,185,0,35
3636,659552,e529d504569d28a662f4d013,3636,0,3,4,28,138.21875,104.17112299465241,0.015625,-0.032085561497326207,True,padding_center,256,187,0,34
3637,659964,e529d504569d28a662f4d013,3637,28,15,228,124,1102.46875,517.43315508021396,0.890625,0.48128342245989303,False,row1_col2,256,187,0,34
3638,660076,e529d504569d28a662f4d013,3638,12,19,100,156,551.46875,655.18716577540113,0.390625,0.65240641711229952,False,row1_col1,256,187,0,34
3639,660271,e529d504569d28a662f4d013,3639,15,25,124,204,654.78125,861.81818181818176,0.484375,0.90909090909090906,False,row2_col1,256,187,0,34
3640,660583,09b397b83ed83e6306d85ec0,3640,7,3,60,28,379.921875,99.391304347826093,0.234375,-0.043478260869565216,True,padding_center,256,184,0,36
3641,660776,09b397b83ed83e6306d85ec0,3641,8,9,68,76,414.578125,307.04347826086956,0.265625,0.21739130434782608,False,row0_col0,256,184,0,36
3642,660925,09b397b83ed83e6306d85ec0,3642,29,13,236,108,1142.359375,445.47826086956525,0.921875,0.39130434782608697,False,row1_col2,256,184,0,36
3643,661188,09b397b83ed83e6306d85ec0,3643,4,22,36,180,275.953125,756.95652173913049,0.140625,0.78260869565217395,False,row2_col0,256,184,0,36
3644,661307,09b397b83ed83e6306d85ec0,3644,27,25,220,204,1073.046875,860.78260869565213,0.859375,0.91304347826086951,False,row2_col2,256,184,0,36
3645,661429,09b397b83ed83e6306d85ec0,3645,21,29,172,236,865.109375,999.21739130434776,0.671875,1.0869565217391304,True,padding_center,256,184,0,36
3646,661457,09b397b83ed83e6306d85ec0,3646,17,30,140,244,726.484375,1033.8260869565215,0.546875,1.1304347826086956,True,padding_center,256,184,0,36
3647,661598,a273599ec5e8931a631b6e7b,3647,30,2,244,20,1199.015625,64.804232804232811,0.953125,-0.068783068783068779,True,padding_center,256,189,0,33
3648,661659,a273599ec5e8931a631b6e7b,3648,27,4,220,36,1095.046875,133.96825396825398,0.859375,0.015873015873015872,False,row0_col2,256,189,0,33
3649,662091,a273599ec5e8931a631b6e7b,3649,11,18,92,148,540.546875,618.11640211640213,0.359375,0.60846560846560849,False,row1_col1,256,189,0,33
3650,662107,a273599ec5e8931a631b6e7b,3650,27,18,220,148,1095.046875,618.11640211640213,0.859375,0.60846560846560849,False,row1_col2,256,189,0,33
3651,662324,a273599ec5e8931a631b6e7b,3651,20,25,164,204,852.453125,860.19047619047615,0.640625,0.90476190476190477,False,row2_col1,256,189,0,33
3652,662911,792cd13f9196dd3204ade0a9,3652,31,11,252,92,1189.671875,376.04232804232799,0.984375,0.31216931216931215,False,row0_col2,256,189,0,33
3653,663249,792cd13f9196dd3204ade0a9,3653,17,22,140,180,704.484375,756.44444444444446,0.546875,0.77777777777777779,False,row2_col1,256,189,0,33
3654,663742,3f0b56e3daead59ea51a5d24,3654,30,5,244,44,1191.109375,172.9375,0.953125,0.0625,False,row0_col2,256,192,0,32
3655,664134,3f0b56e3daead59ea51a5d24,3655,6,18,52,148,360.859375,623.0625,0.203125,0.60416666666666663,False,row1_col0,256,192,0,32
3656,664386,3f0b56e3daead59ea51a5d24,3656,2,26,20,212,222.484375,900.0625,0.078125,0.9375,False,row2_col0,256,192,0,32
3657,664745,227969fa61ff286c2e58e4b7,3657,9,5,76,44,448.15625,170.82162162162163,0.296875,0.048648648648648651,False,row0_col0,256,185,0,35
3658,665118,227969fa61ff286c2e58e4b7,3658,30,16,244,132,1171.34375,550.41081081081074,0.953125,0.5243243243243243,False,row1_col2,256,185,0,35
3659,665484,227969fa61ff286c2e58e4b7,3659,12,28,100,228,551.46875,964.5081081081081,0.390625,1.0432432432432432,True,padding_center,256,185,0,35
3660,665618,1f71908a38f1553f04f21601,3660,18,0,148,4,783.140625,-12.359788359788354,0.578125,-0.15343915343915343,True,padding_center,256,189,0,33
3661,665681,1f71908a38f1553f04f21601,3661,17,2,140,20,748.484375,56.804232804232811,0.546875,-0.068783068783068779,True,padding_center,256,189,0,33
3662,665798,1f71908a38f1553f04f21601,3662,6,6,52,52,367.265625,195.13227513227514,0.203125,0.10052910052910052,False,row0_col0,256,189,0,33
3663,666016,1f71908a38f1553f04f21601,3663,0,13,4,108,159.328125,437.20634920634922,0.015625,0.3968253968253968,False,row1_col0,256,189,0,33
3664,666169,1f71908a38f1553f04f21601,3664,25,17,204,140,1025.734375,575.53439153439149,0.796875,0.56613756613756616,False,row1_col2,256,189,0,33
3665,666766,dbf09619c576033279939c88,3665,14,4,116,36,603.34375,145.21465968586386,0.453125,0.020942408376963352,False,row0_col1,256,191,0,32
3666,667015,dbf09619c576033279939c88,3666,7,12,60,100,362.28125,420.64921465968587,0.234375,0.35602094240837695,False,row1_col0,256,191,0,32
3667,667120,dbf09619c576033279939c88,3667,16,15,132,124,672.21875,523.93717277486917,0.515625,0.48167539267015708,False,row1_col1,256,191,0,32
3668,667238,dbf09619c576033279939c88,3668,6,19,52,156,327.84375,661.65445026178008,0.203125,0.64921465968586389,False,row1_col0,256,191,0,32
3669,667338,dbf09619c576033279939c88,3669,10,22,84,180,465.59375,764.94240837696339,0.328125,0.77486910994764402,False,row2_col0,256,191,0,32
3670,667829,6c1df3cf7ff28325175c51f9,3670,21,5,172,44,890.765625,176.95161290322579,0.671875,0.048387096774193547,False,row0_col2,256,186,0,35
3671,667935,6c1df3cf7ff28325175c51f9,3671,31,8,252,68,1236.703125,280.82258064516134,0.984375,0.17741935483870969,False,row0_col2,256,186,0,35
3672,668864,69e9731cb1bb99f66cbbadef,3672,0,6,4,52,164.296875,202.19999999999999,0.015625,0.10000000000000001,False,row0_col0,256,190,0,33
3673,668962,69e9731cb1bb99f66cbbadef,3673,2,9,20,76,233.484375,306.03157894736842,0.078125,0.22631578947368422,False,row0_col0,256,190,0,33
3674,669131,69e9731cb1bb99f66cbbadef,3674,11,14,92,116,544.828125,479.08421052631581,0.359375,0.43684210526315792,False,row1_col1,256,190,0,33
3675,669186,69e9731cb1bb99f66cbbadef,3675,2,16,20,132,233.484375,548.30526315789461,0.078125,0.52105263157894732,False,row1_col0,256,190,0,33
3676,669193,69e9731cb1bb99f66cbbadef,3676,9,16,76,132,475.640625,548.30526315789461,0.296875,0.52105263157894732,False,row1_col0,256,190,0,33
3677,669553,69e9731cb1bb99f66cbbadef,3677,17,27,140,220,752.390625,929.02105263157887,0.546875,0.98421052631578942,False,row2_col1,256,190,0,33
3678,669722,9cb4460b3d110d026116cef5,3678,26,0,212,4,1057.390625,-6.2216216216216367,0.828125,-0.16756756756756758,True,padding_center,256,185,0,35
3679,670248,9cb4460b3d110d026116cef5,3679,8,17,68,140,433.578125,582.62162162162167,0.265625,0.56756756756756754,False,row1_col0,256,185,0,35
3680,670343,9cb4460b3d110d026116cef5,3680,7,20,60,164,398.921875,686.53513513513508,0.234375,0.69729729729729728,False,row2_col0,256,185,0,35
3681,670517,9cb4460b3d110d026116cef5,3681,21,25,172,204,884.109375,859.72432432432436,0.671875,0.91351351351351351,False,row2_col2,256,185,0,35
3682,670523,9cb4460b3d110d026116cef5,3682,27,25,220,204,1092.046875,859.72432432432436,0.859375,0.91351351351351351,False,row2_col2,256,185,0,35
3683,670567,9cb4460b3d110d026116cef5,3683,7,27,60,220,398.921875,929,0.234375,1,True,padding_center,256,185,0,35
3684,670712,9cb4460b3d110d026116cef5,3684,24,31,196,252,988.078125,1067.5513513513515,0.765625,1.172972972972973,True,padding_center,256,185,0,35
3685,671000,9a9832c17e186ccd3563cf20,3685,24,8,196,68,988.953125,272.48936170212767,0.765625,0.18085106382978725,False,row0_col2,256,188,0,34
3686,671221,9a9832c17e186ccd3563cf20,3686,21,15,172,124,885.734375,513.76595744680856,0.671875,0.47872340425531917,False,row1_col2,256,188,0,34
3687,671226,9a9832c17e186ccd3563cf20,3687,26,15,212,124,1057.765625,513.76595744680856,0.828125,0.47872340425531917,False,row1_col2,256,188,0,34
3688,671809,d692f72fe45c727cb0757d5a,3688,1,2,12,20,230.515625,58.128205128205131,0.046875,-0.05128205128205128,True,padding_center,256,195,0,30
3689,672157,d692f72fe45c727cb0757d5a,3689,29,12,236,100,1192.140625,401.10256410256409,0.921875,0.35897435897435898,False,row1_col2,256,195,0,30
3690,672499,d692f72fe45c727cb0757d5a,3690,19,23,156,188,848.703125,778.37435897435898,0.609375,0.81025641025641026,False,row2_col1,256,195,0,30
3691,672728,d692f72fe45c727cb0757d5a,3691,24,30,196,244,1020.421875,1018.4564102564103,0.765625,1.0974358974358975,True,padding_center,256,195,0,30
3692,673108,5ddeb64b3381d9f94e5481f0,3692,20,10,164,84,866.453125,342.06989247311827,0.640625,0.26344086021505375,False,row0_col1,256,186,0,35
3693,673452,5ddeb64b3381d9f94e5481f0,3693,12,21,100,172,589.203125,722.93010752688178,0.390625,0.73655913978494625,False,row2_col1,256,186,0,35
3694,673589,5ddeb64b3381d9f94e5481f0,3694,21,25,172,204,901.109375,861.42473118279565,0.671875,0.90860215053763438,False,row2_col2,256,186,0,35
3695,673713,5ddeb64b3381d9f94e5481f0,3695,17,29,140,236,762.484375,999.91935483870964,0.546875,1.0806451612903225,True,padding_center,256,186,0,35
3696,673934,187703c2aaaaa1fd86865fe2,3696,14,4,116,36,648.609375,131.29842931937173,0.453125,0.020942408376963352,False,row0_col1,256,191,0,32
3697,674274,187703c2aaaaa1fd86865fe2,3697,2,15,20,124,233.484375,511.86387434554973,0.078125,0.48167539267015708,False,row1_col0,256,191,0,32
3698,674354,187703c2aaaaa1fd86865fe2,3698,18,17,148,140,786.984375,581.05759162303661,0.578125,0.56544502617801051,False,row1_col1,256,191,0,32
3699,674435,187703c2aaaaa1fd86865fe2,3699,3,20,28,164,268.078125,684.84816753926702,0.109375,0.69109947643979053,False,row2_col0,256,191,0,32
3700,674442,187703c2aaaaa1fd86865fe2,3700,10,20,84,164,510.234375,684.84816753926702,0.328125,0.69109947643979053,False,row2_col0,256,191,0,32
3701,674716,187703c2aaaaa1fd86865fe2,3701,28,28,228,228,1132.921875,961.62303664921467,0.890625,1.0261780104712042,True,padding_center,256,191,0,32
3702,674921,0a3535e7cb0948b575c9ea8e,3702,9,3,76,28,480.125,97.312820512820508,0.296875,-0.010256410256410256,True,padding_center,256,195,0,30
3703,675132,0a3535e7cb0948b575c9ea8e,3703,28,9,228,76,1140.375,305.8051282051282,0.890625,0.23589743589743589,False,row0_col2,256,195,0,30
3704,675155,0a3535e7cb0948b575c9ea8e,3704,19,10,156,84,827.625,340.55384615384617,0.609375,0.27692307692307694,False,row0_col1,256,195,0,30
3705,675254,0a3535e7cb0948b575c9ea8e,3705,22,13,180,108,931.875,444.80000000000001,0.703125,0.40000000000000002,False,row1_col2,256,195,0,30
3706,675335,0a3535e7cb0948b575c9ea8e,3706,7,16,60,132,410.625,549.04615384615386,0.234375,0.52307692307692311,False,row1_col0,256,195,0,30
3707,675404,0a3535e7cb0948b575c9ea8e,3707,12,18,100,148,584.375,618.54358974358968,0.390625,0.60512820512820509,False,row1_col1,256,195,0,30
3708,675767,0a3535e7cb0948b575c9ea8e,3708,23,29,188,236,966.625,1000.7794871794872,0.734375,1.0564102564102564,True,padding_center,256,195,0,30
3709,675771,0a3535e7cb0948b575c9ea8e,3709,27,29,220,236,1105.625,1000.7794871794872,0.859375,1.0564102564102564,True,padding_center,256,195,0,30
3710,676322,36bbd488b40fa9d32e6c7611,3710,2,15,20,124,220.40625,527.91443850267376,0.078125,0.48128342245989303,False,row1_col0,256,187,0,34
3711,676467,36bbd488b40fa9d32e6c7611,3711,19,19,156,156,807.96875,665.8395721925134,0.609375,0.65240641711229952,False,row1_col1,256,187,0,34
3712,676551,36bbd488b40fa9d32e6c7611,3712,7,22,60,180,393.21875,769.28342245989302,0.234375,0.78074866310160429,False,row2_col0,256,187,0,34
3713,676782,36bbd488b40fa9d32e6c7611,3713,14,29,116,236,635.15625,1010.6524064171124,0.453125,1.0802139037433156,True,padding_center,256,187,0,34
3714,676820,36bbd488b40fa9d32e6c7611,3714,20,30,164,244,842.53125,1045.1336898395721,0.640625,1.1229946524064172,True,padding_center,256,187,0,34
3715,676945,4d5d55e234be8f30903864ed,3715,17,2,140,20,720.65625,70.680851063829792,0.546875,-0.074468085106382975,True,padding_center,256,188,0,34
3716,677189,4d5d55e234be8f30903864ed,3716,5,10,44,84,307.40625,346.42553191489361,0.171875,0.26595744680851063,False,row0_col0,256,188,0,34
3717,677581,4d5d55e234be8f30903864ed,3717,13,22,108,180,582.90625,760.04255319148933,0.421875,0.77659574468085102,False,row2_col1,256,188,0,34
3718,677893,29885a385c0c3cb416f20ecb,3718,5,0,44,4,335.09375,-1.7189189189189165,0.171875,-0.16756756756756758,True,padding_center,256,185,0,35
3719,677903,29885a385c0c3cb416f20ecb,3719,15,0,124,4,680.71875,-1.7189189189189165,0.484375,-0.16756756756756758,True,padding_center,256,185,0,35
3720,677982,29885a385c0c3cb416f20ecb,3720,30,2,244,20,1199.15625,67.297297297297291,0.953125,-0.081081081081081086,True,padding_center,256,185,0,35
3721,678099,29885a385c0c3cb416f20ecb,3721,19,6,156,52,818.96875,205.32972972972973,0.609375,0.091891891891891897,False,row0_col1,256,185,0,35
3722,678492,29885a385c0c3cb416f20ecb,3722,28,18,228,148,1130.03125,619.42702702702695,0.890625,0.61081081081081079,False,row1_col2,256,185,0,35
3723,678558,29885a385c0c3cb416f20ecb,3723,30,20,244,164,1199.15625,688.44324324324327,0.953125,0.69729729729729728,False,row2_col2,256,185,0,35
3724,678583,29885a385c0c3cb416f20ecb,3724,23,21,188,172,957.21875,722.95135135135138,0.734375,0.74054054054054053,False,row2_col2,256,185,0,35
3725,678618,29885a385c0c3cb416f20ecb,3725,26,22,212,180,1060.90625,757.45945945945948,0.828125,0.78378378378378377,False,row2_col2,256,185,0,35
3726,678856,29885a385c0c3cb416f20ecb,3726,8,30,68,244,438.78125,1033.5243243243244,0.265625,1.1297297297297297,True,padding_center,256,185,0,35
3727,678901,29885a385c0c3cb416f20ecb,3727,21,31,172,252,888.09375,1068.0324324324324,0.671875,1.172972972972973,True,padding_center,256,185,0,35
3728,678947,f6a612467fd1531566860d2f,3728,3,1,28,12,249.953125,20.393617021276597,0.109375,-0.11702127659574468,True,padding_center,256,188,0,34
3729,679059,f6a612467fd1531566860d2f,3729,19,4,156,36,807.453125,124.69148936170212,0.609375,0.010638297872340425,False,row0_col1,256,188,0,34
3730,679225,f6a612467fd1531566860d2f,3730,25,9,204,76,1016.515625,298.52127659574467,0.796875,0.22340425531914893,False,row0_col2,256,188,0,34
3731,679272,f6a612467fd1531566860d2f,3731,8,11,68,92,424.171875,368.05319148936167,0.265625,0.30851063829787234,False,row0_col0,256,188,0,34
3732,679660,f6a612467fd1531566860d2f,3732,12,23,100,188,563.546875,785.24468085106389,0.390625,0.81914893617021278,False,row2_col1,256,188,0,34
3733,680297,a068182310908092bce2685c,3733,9,11,76,92,467.640625,377.36065573770492,0.296875,0.30601092896174864,False,row0_col0,256,183,0,36
3734,680317,a068182310908092bce2685c,3734,29,11,236,92,1159.515625,377.36065573770492,0.921875,0.30601092896174864,False,row0_col2,256,183,0,36
3735,680575,a068182310908092bce2685c,3735,31,19,252,156,1228.703125,654.34426229508188,0.984375,0.65573770491803274,False,row1_col2,256,183,0,36
3736,680746,a068182310908092bce2685c,3736,10,25,84,204,502.234375,862.08196721311481,0.328125,0.91803278688524592,False,row2_col0,256,183,0,36
3737,681289,adaa8ed3d22e57fc4d08fec5,3737,9,10,76,84,465.53125,340.17391304347825,0.296875,0.2608695652173913,False,row0_col0,256,184,0,36
3738,681313,adaa8ed3d22e57fc4d08fec5,3738,1,11,12,92,188.03125,374.86956521739131,0.046875,0.30434782608695654,False,row0_col0,256,184,0,36
3739,681354,adaa8ed3d22e57fc4d08fec5,3739,10,12,84,100,500.21875,409.56521739130432,0.328125,0.34782608695652173,False,row1_col0,256,184,0,36
3740,681369,adaa8ed3d22e57fc4d08fec5,3740,25,12,204,100,1020.53125,409.56521739130432,0.796875,0.34782608695652173,False,row1_col2,256,184,0,36
3741,681462,adaa8ed3d22e57fc4d08fec5,3741,22,15,180,124,916.46875,513.6521739130435,0.703125,0.47826086956521741,False,row1_col2,256,184,0,36
3742,681601,adaa8ed3d22e57fc4d08fec5,3742,1,20,12,164,188.03125,687.13043478260863,0.046875,0.69565217391304346,False,row2_col0,256,184,0,36
3743,681921,adaa8ed3d22e57fc4d08fec5,3743,1,30,12,244,188.03125,1034.086956521739,0.046875,1.1304347826086956,True,padding_center,256,184,0,36
3744,681966,adaa8ed3d22e57fc4d08fec5,3744,14,31,116,252,638.96875,1068.7826086956522,0.453125,1.173913043478261,True,padding_center,256,184,0,36
3745,681978,adaa8ed3d22e57fc4d08fec5,3745,26,31,212,252,1055.21875,1068.7826086956522,0.828125,1.173913043478261,True,padding_center,256,184,0,36
3746,681983,adaa8ed3d22e57fc4d08fec5,3746,31,31,252,252,1228.65625,1068.7826086956522,0.984375,1.173913043478261,True,padding_center,256,184,0,36
3747,681996,35218b9430d5988bdbd5cbcd,3747,12,0,100,4,544.6875,15.299999999999997,0.390625,-0.15263157894736842,True,padding_center,256,190,0,33
3748,682018,35218b9430d5988bdbd5cbcd,3748,2,1,20,12,200.9375,49.700000000000003,0.078125,-0.11052631578947368,True,padding_center,256,190,0,33
3749,682103,35218b9430d5988bdbd5cbcd,3749,23,3,188,28,922.8125,118.5,0.734375,-0.026315789473684209,True,padding_center,256,190,0,33
3750,682172,35218b9430d5988bdbd5cbcd,3750,28,5,228,44,1094.6875,187.30000000000001,0.890625,0.057894736842105263,False,row0_col2,256,190,0,33
3751,682208,35218b9430d5988bdbd5cbcd,3751,0,7,4,60,132.1875,256.10000000000002,0.015625,0.14210526315789473,False,row0_col0,256,190,0,33
3752,682358,35218b9430d5988bdbd5cbcd,3752,22,11,180,92,888.4375,393.70000000000005,0.703125,0.31052631578947371,False,row0_col2,256,190,0,33
3753,682501,35218b9430d5988bdbd5cbcd,3753,5,16,44,132,304.0625,565.70000000000005,0.171875,0.52105263157894732,False,row1_col0,256,190,0,33
3754,682583,35218b9430d5988bdbd5cbcd,3754,23,18,188,148,922.8125,634.5,0.734375,0.60526315789473684,False,row1_col2,256,190,0,33
3755,682650,35218b9430d5988bdbd5cbcd,3755,26,20,212,164,1025.9375,703.30000000000007,0.828125,0.68947368421052635,False,row2_col2,256,190,0,33
3756,682843,35218b9430d5988bdbd5cbcd,3756,27,26,220,212,1060.3125,909.70000000000005,0.859375,0.94210526315789478,False,row2_col2,256,190,0,33
3757,683166,af97ad278b11dd6829adda17,3757,30,4,244,36,1131.109375,134.66483516483515,0.953125,-0.0054945054945054949,True,padding_center,256,182,0,37
3758,683269,af97ad278b11dd6829adda17,3758,5,8,44,68,266.265625,273.3901098901099,0.171875,0.17032967032967034,False,row0_col0,256,182,0,37
3759,683329,af97ad278b11dd6829adda17,3759,1,10,12,84,127.890625,342.75274725274727,0.046875,0.25824175824175827,False,row0_col0,256,182,0,37
3760,683335,af97ad278b11dd6829adda17,3760,7,10,60,84,335.453125,342.75274725274727,0.234375,0.25824175824175827,False,row0_col0,256,182,0,37
3761,683893,af97ad278b11dd6829adda17,3761,21,27,172,220,819.765625,932.33516483516485,0.671875,1.0054945054945055,True,padding_center,256,182,0,37
3762,683943,af97ad278b11dd6829adda17,3762,7,29,60,236,335.453125,1001.6978021978022,0.234375,1.0934065934065933,True,padding_center,256,182,0,37
3763,684179,5f992fdd05552118b4d67202,3763,19,4,156,36,801.40625,132,0.609375,0,False,row0_col1,256,184,0,36
3764,684615,5f992fdd05552118b4d67202,3764,7,18,60,148,385.15625,616.52173913043475,0.234375,0.60869565217391308,False,row1_col0,256,184,0,36
3765,684720,5f992fdd05552118b4d67202,3765,16,21,132,172,697.34375,720.3478260869565,0.515625,0.73913043478260865,False,row2_col1,256,184,0,36
3766,685144,f1ca105fe73c64e1d617894e,3766,24,2,196,20,961.71875,57.680851063829792,0.765625,-0.074468085106382975,True,padding_center,256,188,0,34
3767,685302,f1ca105fe73c64e1d617894e,3767,22,7,180,60,892.84375,230.02127659574467,0.703125,0.13829787234042554,False,row0_col2,256,188,0,34
3768,685946,f1ca105fe73c64e1d617894e,3768,26,27,212,220,1030.59375,919.38297872340434,0.828125,0.98936170212765961,False,row2_col2,256,188,0,34
3769,686299,e05c476bdaaa88a4e12af225,3769,27,6,220,52,1073.046875,203.13227513227514,0.859375,0.10052910052910052,False,row0_col2,256,189,0,33
3770,686372,e05c476bdaaa88a4e12af225,3770,4,9,36,76,275.953125,306.87830687830683,0.140625,0.2275132275132275,False,row0_col0,256,189,0,33
3771,686410,e05c476bdaaa88a4e12af225,3771,10,10,84,84,483.890625,341.46031746031747,0.328125,0.26984126984126983,False,row0_col0,256,189,0,33
3772,686502,e05c476bdaaa88a4e12af225,3772,6,13,52,108,345.265625,445.20634920634922,0.203125,0.3968253968253968,False,row1_col0,256,189,0,33
3773,686547,e05c476bdaaa88a4e12af225,3773,19,14,156,116,795.796875,479.78835978835974,0.609375,0.43915343915343913,False,row1_col1,256,189,0,33
3774,686602,e05c476bdaaa88a4e12af225,3774,10,16,84,132,483.890625,548.95238095238096,0.328125,0.52380952380952384,False,row1_col0,256,189,0,33
3775,686795,e05c476bdaaa88a4e12af225,3775,11,22,92,180,518.546875,756.44444444444446,0.359375,0.77777777777777779,False,row2_col1,256,189,0,33
3776,686808,e05c476bdaaa88a4e12af225,3776,24,22,196,180,969.078125,756.44444444444446,0.765625,0.77777777777777779,False,row2_col2,256,189,0,33
3777,686812,e05c476bdaaa88a4e12af225,3777,28,22,228,180,1107.703125,756.44444444444446,0.890625,0.77777777777777779,False,row2_col2,256,189,0,33
3778,687054,e05c476bdaaa88a4e12af225,3778,14,30,116,244,622.515625,1033.1005291005292,0.453125,1.1164021164021165,True,padding_center,256,189,0,33
3779,687281,c06d3ceaf63e1591e4fb4494,3779,17,5,140,44,734.484375,178.95811518324606,0.546875,0.062827225130890049,False,row0_col1,256,191,0,32
3780,687382,c06d3ceaf63e1591e4fb4494,3780,22,8,180,68,907.765625,282.87434554973822,0.703125,0.18848167539267016,False,row0_col2,256,191,0,32
3781,687460,c06d3ceaf63e1591e4fb4494,3781,4,11,36,92,283.953125,386.79057591623035,0.140625,0.31413612565445026,False,row0_col0,256,191,0,32
3782,687549,c06d3ceaf63e1591e4fb4494,3782,29,13,236,108,1150.359375,456.06806282722511,0.921875,0.39790575916230364,False,row1_col2,256,191,0,32
3783,687615,c06d3ceaf63e1591e4fb4494,3783,31,15,252,124,1219.671875,525.34554973821992,0.984375,0.48167539267015708,False,row1_col2,256,191,0,32
3784,687669,c06d3ceaf63e1591e4fb4494,3784,21,17,172,140,873.109375,594.62303664921467,0.671875,0.56544502617801051,False,row1_col2,256,191,0,32
3785,687762,c06d3ceaf63e1591e4fb4494,3785,18,20,148,164,769.140625,698.53926701570674,0.578125,0.69109947643979053,False,row2_col1,256,191,0,32
3786,687884,c06d3ceaf63e1591e4fb4494,3786,12,24,100,196,561.203125,837.09424083769636,0.390625,0.8586387434554974,False,row2_col1,256,191,0,32
3787,687887,c06d3ceaf63e1591e4fb4494,3787,15,24,124,196,665.171875,837.09424083769636,0.484375,0.8586387434554974,False,row2_col1,256,191,0,32
3788,687899,c06d3ceaf63e1591e4fb4494,3788,27,24,220,196,1081.046875,837.09424083769636,0.859375,0.8586387434554974,False,row2_col2,256,191,0,32
3789,687946,c06d3ceaf63e1591e4fb4494,3789,10,26,84,212,491.890625,906.37172774869111,0.328125,0.94240837696335078,False,row2_col0,256,191,0,32
3790,688011,c06d3ceaf63e1591e4fb4494,3790,11,28,92,228,526.546875,975.64921465968587,0.359375,1.0261780104712042,True,padding_center,256,191,0,32
3791,688024,c06d3ceaf63e1591e4fb4494,3791,24,28,196,228,977.078125,975.64921465968587,0.765625,1.0261780104712042,True,padding_center,256,191,0,32
3792,688276,932274c0ff4cbf8cb7b96e8d,3792,20,4,164,36,837.171875,143,0.640625,0,False,row0_col1,256,183,0,36
3793,688319,932274c0ff4cbf8cb7b96e8d,3793,31,5,252,44,1217.703125,177.62295081967213,0.984375,0.043715846994535519,False,row0_col2,256,183,0,36
3794,688359,932274c0ff4cbf8cb7b96e8d,3794,7,7,60,60,387.453125,246.86885245901641,0.234375,0.13114754098360656,False,row0_col0,256,183,0,36
3795,688931,932274c0ff4cbf8cb7b96e8d,3795,3,25,28,204,249.078125,870.08196721311481,0.109375,0.91803278688524592,False,row2_col0,256,183,0,36
3796,689162,3bfdd25cbb71671f75e39ff5,3796,10,0,84,4,474.90625,-1.0052631578947455,0.328125,-0.15263157894736842,True,padding_center,256,190,0,33
3797,689492,3bfdd25cbb71671f75e39ff5,3797,20,10,164,84,820.53125,343.83684210526314,0.640625,0.26842105263157895,False,row0_col1,256,190,0,33
3798,689493,3bfdd25cbb71671f75e39ff5,3798,21,10,172,84,855.09375,343.83684210526314,0.671875,0.26842105263157895,False,row0_col2,256,190,0,33
3799,689560,3bfdd25cbb71671f75e39ff5,3799,24,12,196,100,958.78125,412.80526315789473,0.765625,0.35263157894736841,False,row1_col2,256,190,0,33
3800,689726,3bfdd25cbb71671f75e39ff5,3800,30,17,244,140,1166.15625,585.22631578947369,0.953125,0.56315789473684208,False,row1_col2,256,190,0,33
3801,689934,3bfdd25cbb71671f75e39ff5,3801,14,24,116,196,613.15625,826.61578947368423,0.453125,0.85789473684210527,False,row2_col1,256,190,0,33
3802,689952,3bfdd25cbb71671f75e39ff5,3802,0,25,4,204,129.28125,861.10000000000002,0.015625,0.90000000000000002,False,row2_col0,256,190,0,33
3803,690092,3bfdd25cbb71671f75e39ff5,3803,12,29,100,236,544.03125,999.03684210526319,0.390625,1.0684210526315789,True,padding_center,256,190,0,33
3804,690331,7518c6376e2146766b15e23d,3804,27,4,220,36,1056.625,148.05789473684212,0.859375,0.015789473684210527,False,row0_col2,256,190,0,33
3805,690360,7518c6376e2146766b15e23d,3805,24,5,196,44,952.375,182.87894736842105,0.765625,0.057894736842105263,False,row0_col2,256,190,0,33
3806,690748,7518c6376e2146766b15e23d,3806,28,17,228,140,1091.375,600.73157894736846,0.890625,0.56315789473684208,False,row1_col2,256,190,0,33
3807,690815,7518c6376e2146766b15e23d,3807,31,19,252,156,1195.625,670.37368421052633,0.984375,0.64736842105263159,False,row1_col2,256,190,0,33
3808,690880,7518c6376e2146766b15e23d,3808,0,22,4,180,118.375,774.83684210526314,0.015625,0.77368421052631575,False,row2_col0,256,190,0,33
3809,691096,7518c6376e2146766b15e23d,3809,24,28,196,228,952.375,983.76315789473688,0.765625,1.0263157894736843,True,padding_center,256,190,0,33
3810,691099,7518c6376e2146766b15e23d,3810,27,28,220,228,1056.625,983.76315789473688,0.859375,1.0263157894736843,True,padding_center,256,190,0,33
3811,691229,26b9524860e2f239e66cf060,3811,29,0,236,4,1137.28125,-6.1875000000000142,0.921875,-0.14583333333333334,True,padding_center,256,192,0,32
3812,691371,26b9524860e2f239e66cf060,3812,11,5,92,44,512.90625,166.9375,0.359375,0.0625,False,row0_col1,256,192,0,32
3813,691468,26b9524860e2f239e66cf060,3813,12,8,100,68,547.59375,270.8125,0.390625,0.1875,False,row0_col1,256,192,0,32
3814,691498,26b9524860e2f239e66cf060,3814,10,9,84,76,478.21875,305.4375,0.328125,0.22916666666666666,False,row0_col0,256,192,0,32
3815,691635,26b9524860e2f239e66cf060,3815,19,13,156,108,790.40625,443.9375,0.609375,0.39583333333333331,False,row1_col1,256,192,0,32
3816,691645,26b9524860e2f239e66cf060,3816,29,13,236,108,1137.28125,443.9375,0.921875,0.39583333333333331,False,row1_col2,256,192,0,32
3817,691818,26b9524860e2f239e66cf060,3817,10,19,84,156,478.21875,651.6875,0.328125,0.64583333333333337,False,row1_col0,256,192,0,32
3818,691959,26b9524860e2f239e66cf060,3818,23,23,188,188,929.15625,790.1875,0.734375,0.8125,False,row2_col2,256,192,0,32
3819,691981,26b9524860e2f239e66cf060,3819,13,24,108,196,582.28125,824.8125,0.421875,0.85416666666666663,False,row2_col1,256,192,0,32
3820,692382,b03b20f2cfe9c76ed5856a60,3820,30,4,244,36,1194.109375,144.96825396825398,0.953125,0.015873015873015872,False,row0_col2,256,189,0,33
3821,692383,b03b20f2cfe9c76ed5856a60,3821,31,4,252,36,1228.703125,144.96825396825398,0.984375,0.015873015873015872,False,row0_col2,256,189,0,33
3822,692447,b03b20f2cfe9c76ed5856a60,3822,31,6,252,52,1228.703125,214.13227513227514,0.984375,0.10052910052910052,False,row0_col2,256,189,0,33
3823,692448,b03b20f2cfe9c76ed5856a60,3823,0,7,4,60,156.296875,248.71428571428572,0.015625,0.14285714285714285,False,row0_col0,256,189,0,33
3824,693031,b03b20f2cfe9c76ed5856a60,3824,7,25,60,204,398.453125,871.19047619047615,0.234375,0.90476190476190477,False,row2_col0,256,189,0,33
3825,693279,cefaf5a44ecfd5ed51bd547c,3825,31,0,252,4,1219.71875,-10.7340425531915,0.984375,-0.15957446808510639,True,padding_center,256,188,0,34
3826,693397,cefaf5a44ecfd5ed51bd547c,3826,21,4,172,36,874.09375,127.64893617021276,0.671875,0.010638297872340425,False,row0_col2,256,188,0,34
3827,693654,cefaf5a44ecfd5ed51bd547c,3827,22,12,180,100,908.65625,404.41489361702128,0.703125,0.35106382978723405,False,row1_col2,256,188,0,34
3828,693852,cefaf5a44ecfd5ed51bd547c,3828,28,18,228,148,1116.03125,611.98936170212767,0.890625,0.6063829787234043,False,row1_col2,256,188,0,34
3829,693889,cefaf5a44ecfd5ed51bd547c,3829,1,20,12,164,182.84375,681.18085106382978,0.046875,0.69148936170212771,False,row2_col0,256,188,0,34
3830,694129,cefaf5a44ecfd5ed51bd547c,3830,17,27,140,220,735.84375,923.35106382978722,0.546875,0.98936170212765961,False,row2_col1,256,188,0,34
3831,694178,cefaf5a44ecfd5ed51bd547c,3831,2,29,20,236,217.40625,992.54255319148945,0.078125,1.074468085106383,True,padding_center,256,188,0,34
3832,694447,2ee12c1915309e3c1ad2d6ae,3832,15,5,124,44,675.203125,171.29787234042553,0.484375,0.053191489361702128,False,row0_col1,256,188,0,34
3833,694530,2ee12c1915309e3c1ad2d6ae,3833,2,8,20,68,225.484375,275.21276595744678,0.078125,0.18085106382978725,False,row0_col0,256,188,0,34
3834,694620,2ee12c1915309e3c1ad2d6ae,3834,28,10,228,84,1124.921875,344.48936170212767,0.890625,0.26595744680851063,False,row0_col2,256,188,0,34
3835,694631,2ee12c1915309e3c1ad2d6ae,3835,7,11,60,92,398.453125,379.12765957446811,0.234375,0.30851063829787234,False,row0_col0,256,188,0,34
3836,694751,2ee12c1915309e3c1ad2d6ae,3836,31,14,252,116,1228.703125,483.04255319148939,0.984375,0.43617021276595747,False,row1_col2,256,188,0,34
3837,694977,2ee12c1915309e3c1ad2d6ae,3837,1,22,12,180,190.890625,760.14893617021278,0.046875,0.77659574468085102,False,row2_col0,256,188,0,34
3838,695595,f4ea954c51ce0e258f3d741b,3838,11,9,92,76,503.03125,329.80213903743316,0.359375,0.22459893048128343,False,row0_col1,256,187,0,34
3839,696342,9d07c1fef6d1259f6fa6a262,3839,22,0,180,4,837.65625,1.5652173913043441,0.703125,-0.17391304347826086,True,padding_center,256,184,0,36
3840,697173,9d07c1fef6d1259f6fa6a262,3840,21,26,172,212,803.09375,901.39130434782612,0.671875,0.95652173913043481,False,row2_col2,256,184,0,36
3841,697237,9d07c1fef6d1259f6fa6a262,3841,21,28,172,228,803.09375,970.60869565217388,0.671875,1.0434782608695652,True,padding_center,256,184,0,36
3842,697391,0aefb854b741b33901ea1e52,3842,15,1,124,12,653.203125,27.705882352941174,0.484375,-0.11764705882352941,True,padding_center,256,187,0,34
3843,697689,0aefb854b741b33901ea1e52,3843,25,10,204,84,999.140625,339.57754010695191,0.796875,0.26737967914438504,False,row0_col2,256,187,0,34
3844,697699,0aefb854b741b33901ea1e52,3844,3,11,28,92,238.078125,374.22994652406419,0.109375,0.31016042780748665,False,row0_col0,256,187,0,34
3845,698000,0aefb854b741b33901ea1e52,3845,16,20,132,164,687.796875,686.10160427807489,0.515625,0.69518716577540107,False,row2_col1,256,187,0,34
3846,698135,0aefb854b741b33901ea1e52,3846,23,24,188,196,929.953125,824.7112299465241,0.734375,0.86631016042780751,False,row2_col2,256,187,0,34
3847,698525,1003aab33f20bcdbe2120a89,3847,29,4,236,36,1148.125,151.05789473684212,0.921875,0.015789473684210527,False,row0_col2,256,190,0,33
3848,698621,1003aab33f20bcdbe2120a89,3848,29,7,236,60,1148.125,255.52105263157893,0.921875,0.14210526315789473,False,row0_col2,256,190,0,33
3849,698759,1003aab33f20bcdbe2120a89,3849,7,12,60,100,383.625,429.62631578947367,0.234375,0.35263157894736841,False,row1_col0,256,190,0,33
3850,698874,1003aab33f20bcdbe2120a89,3850,26,15,212,124,1043.875,534.08947368421059,0.828125,0.47894736842105262,False,row1_col2,256,190,0,33
3851,699031,1003aab33f20bcdbe2120a89,3851,23,20,188,164,939.625,708.19473684210527,0.734375,0.68947368421052635,False,row2_col2,256,190,0,33
3852,699131,1003aab33f20bcdbe2120a89,3852,27,23,220,188,1078.625,812.65789473684208,0.859375,0.81578947368421051,False,row2_col2,256,190,0,33
3853,699142,1003aab33f20bcdbe2120a89,3853,6,24,52,196,348.875,847.47894736842102,0.203125,0.85789473684210527,False,row2_col0,256,190,0,33
3854,699193,1003aab33f20bcdbe2120a89,3854,25,25,204,204,1009.125,882.30000000000007,0.796875,0.90000000000000002,False,row2_col2,256,190,0,33
3855,699208,1003aab33f20bcdbe2120a89,3855,8,26,68,212,418.375,917.121052631579,0.265625,0.94210526315789478,False,row2_col0,256,190,0,33
3856,699478,3298125517c7a54235ced2e8,3856,22,2,180,20,900.84375,65.680851063829792,0.703125,-0.074468085106382975,True,padding_center,256,188,0,34
3857,699574,3298125517c7a54235ced2e8,3857,22,5,180,44,900.84375,169.08510638297872,0.703125,0.053191489361702128,False,row0_col2,256,188,0,34
3858,699726,3298125517c7a54235ced2e8,3858,14,10,116,84,625.34375,341.42553191489361,0.453125,0.26595744680851063,False,row0_col1,256,188,0,34
3859,700068,3298125517c7a54235ced2e8,3859,4,21,36,172,280.96875,720.57446808510633,0.140625,0.73404255319148937,False,row2_col0,256,188,0,34
3860,700743,e9bb5bb030daf0c555014200,3860,7,10,60,84,376.921875,347.57754010695191,0.234375,0.26737967914438504,False,row0_col0,256,187,0,34
3861,700843,e9bb5bb030daf0c555014200,3861,11,13,92,108,515.546875,451.5347593582888,0.359375,0.39572192513368987,False,row1_col1,256,187,0,34
3862,700880,e9bb5bb030daf0c555014200,3862,16,14,132,116,688.828125,486.18716577540107,0.515625,0.43850267379679142,False,row1_col1,256,187,0,34
3863,700899,e9bb5bb030daf0c555014200,3863,3,15,28,124,238.296875,520.83957219251329,0.109375,0.48128342245989303,False,row1_col0,256,187,0,34
3864,701059,e9bb5bb030daf0c555014200,3864,3,20,28,164,238.296875,694.10160427807489,0.109375,0.69518716577540107,False,row2_col0,256,187,0,34
3865,701197,e9bb5bb030daf0c555014200,3865,13,24,108,196,584.859375,832.7112299465241,0.421875,0.86631016042780751,False,row2_col1,256,187,0,34
3866,701349,e9bb5bb030daf0c555014200,3866,5,29,44,236,307.609375,1005.9732620320856,0.171875,1.0802139037433156,True,padding_center,256,187,0,34
3867,701413,e9bb5bb030daf0c555014200,3867,5,31,44,252,307.609375,1075.2780748663101,0.171875,1.1657754010695187,True,padding_center,256,187,0,34
3868,701901,8add5feca183d695007a94e7,3868,13,14,108,116,578.59375,486.08695652173913,0.421875,0.43478260869565216,False,row1_col1,256,184,0,36
3869,701930,8add5feca183d695007a94e7,3869,10,15,84,124,474.90625,520.695652173913,0.328125,0.47826086956521741,False,row1_col0,256,184,0,36
3870,701939,8add5feca183d695007a94e7,3870,19,15,156,124,785.96875,520.695652173913,0.609375,0.47826086956521741,False,row1_col1,256,184,0,36
3871,701946,8add5feca183d695007a94e7,3871,26,15,212,124,1027.90625,520.695652173913,0.828125,0.47826086956521741,False,row1_col2,256,184,0,36
3872,702500,16d0765a08e3d244f634276d,3872,4,1,36,12,257.375,53.352941176470594,0.140625,-0.11764705882352941,True,padding_center,256,187,0,34
3873,702936,16d0765a08e3d244f634276d,3873,24,14,196,116,952.375,505.50267379679144,0.765625,0.43850267379679142,False,row1_col2,256,187,0,34
3874,702973,16d0765a08e3d244f634276d,3874,29,15,236,124,1126.125,540.28342245989302,0.921875,0.48128342245989303,False,row1_col2,256,187,0,34
3875,703396,16d0765a08e3d244f634276d,3875,4,29,36,236,257.375,1027.2139037433155,0.140625,1.0802139037433156,True,padding_center,256,187,0,34
3876,703616,3610a7a8fae8831f175ef8a6,3876,0,4,4,36,127.21875,150.61702127659575,0.015625,0.010638297872340425,False,row0_col0,256,188,0,34
3877,703645,3610a7a8fae8831f175ef8a6,3877,29,4,236,36,1125.90625,150.61702127659575,0.921875,0.010638297872340425,False,row0_col2,256,188,0,34
3878,703907,3610a7a8fae8831f175ef8a6,3878,3,13,28,108,230.53125,460.82978723404256,0.109375,0.39361702127659576,False,row1_col0,256,188,0,34
3879,704011,3610a7a8fae8831f175ef8a6,3879,11,16,92,132,506.03125,564.23404255319156,0.359375,0.52127659574468088,False,row1_col1,256,188,0,34
3880,704576,1259266d27a1502f5814f674,3880,0,2,4,20,101.421875,64.530612244897952,0.015625,-0.051020408163265307,True,padding_center,256,196,0,30
3881,704752,1259266d27a1502f5814f674,3881,16,7,132,60,658.921875,238.40816326530611,0.515625,0.15306122448979592,False,row0_col1,256,196,0,30
3882,704756,1259266d27a1502f5814f674,3882,20,7,164,60,798.296875,238.40816326530611,0.640625,0.15306122448979592,False,row0_col1,256,196,0,30
3883,704787,1259266d27a1502f5814f674,3883,19,8,156,68,763.453125,273.18367346938771,0.609375,0.19387755102040816,False,row0_col1,256,196,0,30
3884,704990,1259266d27a1502f5814f674,3884,30,14,244,116,1146.734375,481.83673469387753,0.953125,0.43877551020408162,False,row1_col2,256,196,0,30
3885,705420,1259266d27a1502f5814f674,3885,12,28,100,228,519.546875,968.69387755102036,0.390625,1.010204081632653,True,padding_center,256,196,0,30
3886,705450,1259266d27a1502f5814f674,3886,10,29,84,236,449.859375,1003.469387755102,0.328125,1.0510204081632653,True,padding_center,256,196,0,30
3887,705929,745e27be1c9edae1c661541a,3887,9,12,76,100,490.234375,412.11538461538458,0.296875,0.34615384615384615,False,row1_col0,256,182,0,37
3888,706007,745e27be1c9edae1c661541a,3888,23,14,188,116,975.421875,481.47802197802201,0.734375,0.43406593406593408,False,row1_col2,256,182,0,37
3889,706378,745e27be1c9edae1c661541a,3889,10,26,84,212,524.890625,897.65384615384619,0.328125,0.96153846153846156,False,row2_col0,256,182,0,37
3890,706636,d1b696acc3c7aa007b3f1439,3890,12,2,100,20,551.375,71.790575916230367,0.390625,-0.062827225130890049,True,padding_center,256,191,0,32
3891,706657,d1b696acc3c7aa007b3f1439,3891,1,3,12,28,169.125,106.59685863874346,0.046875,-0.020942408376963352,True,padding_center,256,191,0,32
3892,706658,d1b696acc3c7aa007b3f1439,3892,2,3,20,28,203.875,106.59685863874346,0.078125,-0.020942408376963352,True,padding_center,256,191,0,32
3893,706669,d1b696acc3c7aa007b3f1439,3893,13,3,108,28,586.125,106.59685863874346,0.421875,-0.020942408376963352,True,padding_center,256,191,0,32
3894,706766,d1b696acc3c7aa007b3f1439,3894,14,6,116,52,620.875,211.01570680628271,0.453125,0.10471204188481675,False,row0_col1,256,191,0,32
3895,706796,d1b696acc3c7aa007b3f1439,3895,12,7,100,60,551.375,245.8219895287958,0.390625,0.14659685863874344,False,row0_col1,256,191,0,32
3896,707415,d1b696acc3c7aa007b3f1439,3896,23,26,188,212,933.625,907.14136125654454,0.734375,0.94240837696335078,False,row2_col2,256,191,0,32
3897,707448,d1b696acc3c7aa007b3f1439,3897,24,27,196,220,968.375,941.9476439790576,0.765625,0.98429319371727753,False,row2_col2,256,191,0,32
3898,707542,d1b696acc3c7aa007b3f1439,3898,22,30,180,244,898.875,1046.366492146597,0.703125,1.1099476439790577,True,padding_center,256,191,0,32
3899,707791,a4bdf949c50c736ff2fd1e3a,3899,15,6,124,52,640.78125,201.58288770053474,0.484375,0.096256684491978606,False,row0_col1,256,187,0,34
3900,708028,a4bdf949c50c736ff2fd1e3a,3900,28,13,228,108,1088.46875,442.95187165775405,0.890625,0.39572192513368987,False,row1_col2,256,187,0,34
3901,708049,a4bdf949c50c736ff2fd1e3a,3901,17,14,140,116,709.65625,477.43315508021391,0.546875,0.43850267379679142,False,row1_col1,256,187,0,34
3902,708395,a4bdf949c50c736ff2fd1e3a,3902,11,25,92,204,503.03125,856.72727272727275,0.359375,0.90909090909090906,False,row2_col1,256,187,0,34
3903,708482,a4bdf949c50c736ff2fd1e3a,3903,2,28,20,228,193.09375,960.17112299465236,0.078125,1.0374331550802138,True,padding_center,256,187,0,34
3904,708508,a4bdf949c50c736ff2fd1e3a,3904,28,28,228,228,1088.46875,960.17112299465236,0.890625,1.0374331550802138,True,padding_center,256,187,0,34
3905,708524,a4bdf949c50c736ff2fd1e3a,3905,12,29,100,236,537.46875,994.65240641711239,0.390625,1.0802139037433156,True,padding_center,256,187,0,34
3906,709054,7731cbaac561ffb2001abafb,3906,30,13,244,108,1176.734375,436.91666666666663,0.953125,0.39583333333333331,False,row1_col2,256,192,0,32
3907,709069,7731cbaac561ffb2001abafb,3907,13,14,108,116,584.390625,471.75,0.421875,0.4375,False,row1_col1,256,192,0,32
3908,709102,7731cbaac561ffb2001abafb,3908,14,15,116,124,619.234375,506.58333333333337,0.453125,0.47916666666666669,False,row1_col1,256,192,0,32
3909,709215,7731cbaac561ffb2001abafb,3909,31,18,252,148,1211.578125,611.08333333333326,0.984375,0.60416666666666663,False,row1_col2,256,192,0,32
3910,709265,7731cbaac561ffb2001abafb,3910,17,20,140,164,723.765625,680.75,0.546875,0.6875,False,row2_col1,256,192,0,32
3911,709495,7731cbaac561ffb2001abafb,3911,23,27,188,220,932.828125,924.58333333333326,0.734375,0.97916666666666663,False,row2_col2,256,192,0,32
3912,709552,7731cbaac561ffb2001abafb,3912,16,29,132,236,688.921875,994.25,0.515625,1.0625,True,padding_center,256,192,0,32
3913,709580,7731cbaac561ffb2001abafb,3913,12,30,100,244,549.546875,1029.0833333333335,0.390625,1.1041666666666667,True,padding_center,256,192,0,32
3914,709848,e9a770d135ddbd041172d1f8,3914,24,6,196,52,953.71875,197.04166666666669,0.765625,0.10416666666666667,False,row0_col2,256,192,0,32
3915,709973,e9a770d135ddbd041172d1f8,3915,21,10,172,84,850.40625,334.70833333333331,0.671875,0.27083333333333331,False,row0_col2,256,192,0,32
3916,710122,e9a770d135ddbd041172d1f8,3916,10,15,84,124,471.59375,506.79166666666669,0.328125,0.47916666666666669,False,row1_col0,256,192,0,32
3917,710136,e9a770d135ddbd041172d1f8,3917,24,15,196,124,953.71875,506.79166666666669,0.765625,0.47916666666666669,False,row1_col2,256,192,0,32
3918,710203,e9a770d135ddbd041172d1f8,3918,27,17,220,140,1057.03125,575.625,0.859375,0.5625,False,row1_col2,256,192,0,32
3919,710254,e9a770d135ddbd041172d1f8,3919,14,19,116,156,609.34375,644.45833333333337,0.453125,0.64583333333333337,False,row1_col1,256,192,0,32
3920,710334,e9a770d135ddbd041172d1f8,3920,30,21,244,172,1160.34375,713.29166666666663,0.953125,0.72916666666666663,False,row2_col2,256,192,0,32
3921,710398,e9a770d135ddbd041172d1f8,3921,30,23,244,188,1160.34375,782.125,0.953125,0.8125,False,row2_col2,256,192,0,32
3922,710431,e9a770d135ddbd041172d1f8,3922,31,24,252,196,1194.78125,816.54166666666663,0.984375,0.85416666666666663,False,row2_col2,256,192,0,32
3923,710438,e9a770d135ddbd041172d1f8,3923,6,25,52,204,333.84375,850.95833333333337,0.203125,0.89583333333333337,False,row2_col0,256,192,0,32
3924,710530,e9a770d135ddbd041172d1f8,3924,2,28,20,228,196.09375,954.20833333333326,0.078125,1.0208333333333333,True,padding_center,256,192,0,32
3925,710619,e9a770d135ddbd041172d1f8,3925,27,30,220,244,1057.03125,1023.0416666666667,0.859375,1.1041666666666667,True,padding_center,256,192,0,32
3926,710670,b4f48cd35aae2aa6542c0767,3926,14,0,116,4,585.875,-3.3043478260869392,0.453125,-0.17391304347826086,True,padding_center,256,184,0,36
3927,710796,b4f48cd35aae2aa6542c0767,3927,12,4,100,36,516.375,136,0.390625,0,False,row0_col1,256,184,0,36
3928,710818,b4f48cd35aae2aa6542c0767,3928,2,5,20,44,168.875,170.82608695652175,0.078125,0.043478260869565216,False,row0_col0,256,184,0,36
3929,710968,b4f48cd35aae2aa6542c0767,3929,24,9,196,76,933.375,310.13043478260869,0.765625,0.21739130434782608,False,row0_col2,256,184,0,36
3930,710977,b4f48cd35aae2aa6542c0767,3930,1,10,12,84,134.125,344.95652173913044,0.046875,0.2608695652173913,False,row0_col0,256,184,0,36
3931,711155,b4f48cd35aae2aa6542c0767,3931,19,15,156,124,759.625,519.08695652173913,0.609375,0.47826086956521741,False,row1_col1,256,184,0,36
3932,711844,62d6d7251de0b9863368086e,3932,4,5,36,44,280.671875,173.95161290322579,0.140625,0.048387096774193547,False,row0_col0,256,186,0,35
3933,711950,62d6d7251de0b9863368086e,3933,14,8,116,68,626.609375,277.82258064516134,0.453125,0.17741935483870969,False,row0_col1,256,186,0,35
3934,712013,62d6d7251de0b9863368086e,3934,13,10,108,84,592.015625,347.06989247311827,0.421875,0.26344086021505375,False,row0_col1,256,186,0,35
3935,712396,62d6d7251de0b9863368086e,3935,12,22,100,180,557.421875,762.55376344086017,0.390625,0.77956989247311825,False,row2_col1,256,186,0,35
3936,712536,62d6d7251de0b9863368086e,3936,24,26,196,212,972.546875,901.04838709677426,0.765625,0.95161290322580649,False,row2_col2,256,186,0,35
3937,712738,069b4f28705cc7284f44ae3b,3937,2,1,20,12,196.09375,36.212765957446805,0.078125,-0.11702127659574468,True,padding_center,256,188,0,34
3938,713231,069b4f28705cc7284f44ae3b,3938,15,16,124,132,643.78125,553.23404255319156,0.484375,0.52127659574468088,False,row1_col1,256,188,0,34
3939,713368,069b4f28705cc7284f44ae3b,3939,24,20,196,164,953.71875,691.10638297872345,0.765625,0.69148936170212771,False,row2_col2,256,188,0,34
3940,713500,069b4f28705cc7284f44ae3b,3940,28,24,228,196,1091.46875,828.97872340425533,0.890625,0.86170212765957444,False,row2_col2,256,188,0,34
3941,713672,069b4f28705cc7284f44ae3b,3941,8,30,68,244,402.71875,1035.7872340425531,0.265625,1.1170212765957446,True,padding_center,256,188,0,34
3942,713695,069b4f28705cc7284f44ae3b,3942,31,30,252,244,1194.78125,1035.7872340425531,0.984375,1.1170212765957446,True,padding_center,256,188,0,34
3943,713763,1e20d9fe7440f3007d646560,3943,3,1,28,12,249.53125,39.212765957446805,0.109375,-0.11702127659574468,True,padding_center,256,188,0,34
3944,714051,1e20d9fe7440f3007d646560,3944,3,10,28,84,249.53125,349.42553191489361,0.109375,0.26595744680851063,False,row0_col0,256,188,0,34
3945,714064,1e20d9fe7440f3007d646560,3945,16,10,132,84,697.21875,349.42553191489361,0.515625,0.26595744680851063,False,row0_col1,256,188,0,34
3946,714404,1e20d9fe7440f3007d646560,3946,4,21,36,172,283.96875,728.57446808510633,0.140625,0.73404255319148937,False,row2_col0,256,188,0,34
3947,714726,1e20d9fe7440f3007d646560,3947,6,31,52,252,352.84375,1073.255319148936,0.203125,1.1595744680851063,True,padding_center,256,188,0,34
3948,715220,94aacc4991ca8c49186c4c97,3948,20,14,164,116,812.171875,483.70810810810815,0.640625,0.43783783783783786,False,row1_col1,256,185,0,35
3949,715379,94aacc4991ca8c49186c4c97,3949,19,19,156,156,777.578125,656.89729729729731,0.609375,0.65405405405405403,False,row1_col1,256,185,0,35
3950,715565,94aacc4991ca8c49186c4c97,3950,13,25,108,204,570.015625,864.72432432432436,0.421875,0.91351351351351351,False,row2_col1,256,185,0,35
3951,715624,94aacc4991ca8c49186c4c97,3951,8,27,68,220,397.046875,934,0.265625,1,True,padding_center,256,185,0,35
3952,715905,3c6223fad65553c89976049b,3952,1,4,12,36,154.890625,144.6321243523316,0.046875,0.025906735751295335,False,row0_col0,256,193,0,31
3953,715967,3c6223fad65553c89976049b,3953,31,5,252,44,1192.703125,179.24352331606218,0.984375,0.067357512953367879,False,row0_col2,256,193,0,31
3954,716154,3c6223fad65553c89976049b,3954,26,11,212,92,1019.734375,386.9119170984456,0.828125,0.31606217616580312,False,row0_col2,256,193,0,31
3955,716175,3c6223fad65553c89976049b,3955,15,12,124,100,639.203125,421.52331606217615,0.484375,0.35751295336787564,False,row1_col1,256,193,0,31
3956,716329,3c6223fad65553c89976049b,3956,9,17,76,140,431.640625,594.58031088082907,0.296875,0.56476683937823835,False,row1_col0,256,193,0,31
3957,716762,3c6223fad65553c89976049b,3957,26,30,212,244,1019.734375,1044.5284974093265,0.828125,1.1036269430051813,True,padding_center,256,193,0,31
3958,716852,9dd6c00d22421262fb390d57,3958,20,1,164,12,841.453125,35.913043478260875,0.640625,-0.13043478260869565,True,padding_center,256,184,0,36
3959,716894,9dd6c00d22421262fb390d57,3959,30,2,244,20,1188.015625,70.608695652173921,0.953125,-0.086956521739130432,True,padding_center,256,184,0,36
3960,716989,9dd6c00d22421262fb390d57,3960,29,5,236,44,1153.359375,174.69565217391303,0.921875,0.043478260869565216,False,row0_col2,256,184,0,36
3961,717186,9dd6c00d22421262fb390d57,3961,2,12,20,100,217.640625,417.56521739130432,0.078125,0.34782608695652173,False,row1_col0,256,184,0,36
3962,717286,9dd6c00d22421262fb390d57,3962,6,15,52,124,356.265625,521.6521739130435,0.203125,0.47826086956521741,False,row1_col0,256,184,0,36
3963,717592,9dd6c00d22421262fb390d57,3963,24,24,196,196,980.078125,833.91304347826087,0.765625,0.86956521739130432,False,row2_col2,256,184,0,36
3964,717596,9dd6c00d22421262fb390d57,3964,28,24,228,196,1118.703125,833.91304347826087,0.890625,0.86956521739130432,False,row2_col2,256,184,0,36
3965,717996,ff622b143161a670803d7cbf,3965,12,5,100,44,530.421875,176.95161290322579,0.390625,0.048387096774193547,False,row0_col1,256,186,0,35
3966,718107,ff622b143161a670803d7cbf,3966,27,8,220,68,1049.328125,280.82258064516134,0.859375,0.17741935483870969,False,row0_col2,256,186,0,35
3967,718255,ff622b143161a670803d7cbf,3967,15,13,124,108,634.203125,453.94086021505376,0.484375,0.39247311827956988,False,row1_col1,256,186,0,35
3968,718280,ff622b143161a670803d7cbf,3968,8,14,68,116,392.046875,488.56451612903226,0.265625,0.43548387096774194,False,row1_col0,256,186,0,35
3969,718319,ff622b143161a670803d7cbf,3969,15,15,124,124,634.203125,523.18817204301081,0.484375,0.478494623655914,False,row1_col1,256,186,0,35
3970,718487,ff622b143161a670803d7cbf,3970,23,20,188,164,910.953125,696.30645161290329,0.734375,0.69354838709677424,False,row2_col2,256,186,0,35
3971,718571,ff622b143161a670803d7cbf,3971,11,23,92,188,495.828125,800.17741935483878,0.359375,0.82258064516129037,False,row2_col1,256,186,0,35
3972,719313,f92f442ca28c1794b5281ba1,3972,17,14,140,116,731.125,488.2684210526316,0.546875,0.43684210526315792,False,row1_col1,256,190,0,33
3973,719482,f92f442ca28c1794b5281ba1,3973,26,19,212,156,1043.875,662.37368421052633,0.828125,0.64736842105263159,False,row1_col2,256,190,0,33
3974,720076,92aabc20a6f4499561293f2f,3974,12,6,100,52,559.46875,196.14594594594595,0.390625,0.091891891891891897,False,row0_col1,256,185,0,35
3975,720099,92aabc20a6f4499561293f2f,3975,3,7,28,60,249.53125,230.56756756756758,0.109375,0.13513513513513514,False,row0_col0,256,185,0,35
3976,720616,92aabc20a6f4499561293f2f,3976,8,23,68,188,421.71875,781.3135135135135,0.265625,0.82702702702702702,False,row2_col0,256,185,0,35
3977,720717,92aabc20a6f4499561293f2f,3977,13,26,108,212,593.90625,884.57837837837837,0.421875,0.95675675675675675,False,row2_col1,256,185,0,35
3978,720760,92aabc20a6f4499561293f2f,3978,24,27,196,220,972.71875,919,0.765625,1,True,padding_center,256,185,0,35
3979,720866,92aabc20a6f4499561293f2f,3979,2,31,20,252,215.09375,1056.6864864864865,0.078125,1.172972972972973,True,padding_center,256,185,0,35
3980,721192,aaa015ca6a44f303044cb7bf,3980,8,9,68,76,428.578125,314.87830687830683,0.265625,0.2275132275132275,False,row0_col0,256,189,0,33
3981,721218,aaa015ca6a44f303044cb7bf,3981,2,10,20,84,220.640625,349.46031746031747,0.078125,0.26984126984126983,False,row0_col0,256,189,0,33
3982,721265,aaa015ca6a44f303044cb7bf,3982,17,11,140,92,740.484375,384.04232804232799,0.546875,0.31216931216931215,False,row0_col1,256,189,0,33
3983,721290,aaa015ca6a44f303044cb7bf,3983,10,12,84,100,497.890625,418.62433862433863,0.328125,0.35449735449735448,False,row1_col0,256,189,0,33
3984,721796,aaa015ca6a44f303044cb7bf,3984,4,28,36,228,289.953125,971.93650793650806,0.140625,1.0317460317460319,True,padding_center,256,189,0,33
3985,721845,aaa015ca6a44f303044cb7bf,3985,21,29,172,236,879.109375,1006.5185185185186,0.671875,1.0740740740740742,True,padding_center,256,189,0,33
3986,722277,d73bb5badea2954e76301142,3986,5,11,44,92,314.125,374.22580645161293,0.171875,0.30645161290322581,False,row0_col0,256,186,0,35
3987,722330,d73bb5badea2954e76301142,3987,26,12,212,100,1043.875,409.06451612903226,0.828125,0.34946236559139787,False,row1_col2,256,186,0,35
3988,722350,d73bb5badea2954e76301142,3988,14,13,116,108,626.875,443.90322580645159,0.453125,0.39247311827956988,False,row1_col1,256,186,0,35
3989,722398,d73bb5badea2954e76301142,3989,30,14,244,116,1182.875,478.74193548387098,0.953125,0.43548387096774194,False,row1_col2,256,186,0,35
3990,722445,d73bb5badea2954e76301142,3990,13,16,108,132,592.125,548.41935483870964,0.421875,0.521505376344086,False,row1_col1,256,186,0,35
3991,722556,d73bb5badea2954e76301142,3991,28,19,228,156,1113.375,652.93548387096769,0.890625,0.65053763440860213,False,row1_col2,256,186,0,35
3992,722668,d73bb5badea2954e76301142,3992,12,23,100,188,557.375,792.29032258064524,0.390625,0.82258064516129037,False,row2_col1,256,186,0,35
3993,723006,603fbff3664fb22ba76787fc,3993,30,1,244,12,1120.109375,32.789189189189187,0.953125,-0.12432432432432433,True,padding_center,256,185,0,35
3994,723259,603fbff3664fb22ba76787fc,3994,27,9,220,76,1016.328125,308.85405405405407,0.859375,0.22162162162162163,False,row0_col2,256,185,0,35
3995,723287,603fbff3664fb22ba76787fc,3995,23,10,188,84,877.953125,343.36216216216218,0.734375,0.26486486486486488,False,row0_col2,256,185,0,35
3996,723685,603fbff3664fb22ba76787fc,3996,5,23,44,188,255.265625,791.96756756756758,0.171875,0.82702702702702702,False,row2_col0,256,185,0,35
3997,724020,6310504d1bce92bd2609676d,3997,20,1,164,12,788.328125,39.212765957446805,0.640625,-0.11702127659574468,True,padding_center,256,188,0,34
3998,724035,6310504d1bce92bd2609676d,3998,3,2,28,20,203.421875,73.680851063829792,0.109375,-0.074468085106382975,True,padding_center,256,188,0,34
3999,724321,6310504d1bce92bd2609676d,3999,1,11,12,92,134.609375,383.89361702127655,0.046875,0.30851063829787234,False,row0_col0,256,188,0,34
4000,724871,6310504d1bce92bd2609676d,4000,7,28,60,228,341.046875,969.85106382978722,0.234375,1.0319148936170213,True,padding_center,256,188,0,34
4001,725070,4e68548ea0608614aa35b760,4001,14,2,116,20,586.96875,62.608695652173921,0.453125,-0.086956521739130432,True,padding_center,256,184,0,36
4002,725333,4e68548ea0608614aa35b760,4002,21,10,172,84,829.78125,340.17391304347825,0.671875,0.2608695652173913,False,row0_col2,256,184,0,36
4003,725420,4e68548ea0608614aa35b760,4003,12,13,100,108,517.59375,444.26086956521738,0.390625,0.39130434782608697,False,row1_col1,256,184,0,36
4004,725454,4e68548ea0608614aa35b760,4004,14,14,116,116,586.96875,478.95652173913044,0.453125,0.43478260869565216,False,row1_col1,256,184,0,36
4005,725469,4e68548ea0608614aa35b760,4005,29,14,236,116,1107.28125,478.95652173913044,0.921875,0.43478260869565216,False,row1_col2,256,184,0,36
4006,725693,4e68548ea0608614aa35b760,4006,29,21,236,172,1107.28125,721.82608695652175,0.921875,0.73913043478260865,False,row2_col2,256,184,0,36
4007,725750,4e68548ea0608614aa35b760,4007,22,23,180,188,864.46875,791.21739130434787,0.703125,0.82608695652173914,False,row2_col2,256,184,0,36
4008,725807,4e68548ea0608614aa35b760,4008,15,25,124,204,621.65625,860.60869565217388,0.484375,0.91304347826086951,False,row2_col1,256,184,0,36
4009,725839,4e68548ea0608614aa35b760,4009,15,26,124,212,621.65625,895.304347826087,0.484375,0.95652173913043481,False,row2_col1,256,184,0,36
4010,726109,81558ebcaaea05566ec9d393,4010,29,2,236,20,1156.515625,75.804232804232811,0.921875,-0.068783068783068779,True,padding_center,256,189,0,33
4011,726224,81558ebcaaea05566ec9d393,4011,16,6,132,52,706.796875,214.13227513227514,0.515625,0.10052910052910052,False,row0_col1,256,189,0,33
4012,726282,81558ebcaaea05566ec9d393,4012,10,8,84,68,499.234375,283.2962962962963,0.328125,0.18518518518518517,False,row0_col0,256,189,0,33
4013,726352,81558ebcaaea05566ec9d393,4013,16,10,132,84,706.796875,352.46031746031747,0.515625,0.26984126984126983,False,row0_col1,256,189,0,33
4014,726499,81558ebcaaea05566ec9d393,4014,3,15,28,124,257.078125,525.37037037037032,0.109375,0.48148148148148145,False,row1_col0,256,189,0,33
4015,726693,81558ebcaaea05566ec9d393,4015,5,21,44,172,326.265625,732.86243386243382,0.171875,0.73544973544973546,False,row2_col0,256,189,0,33
4016,726836,81558ebcaaea05566ec9d393,4016,20,25,164,204,845.171875,871.19047619047615,0.640625,0.90476190476190477,False,row2_col1,256,189,0,33
4017,726943,81558ebcaaea05566ec9d393,4017,31,28,252,228,1225.703125,974.93650793650806,0.984375,1.0317460317460319,True,padding_center,256,189,0,33
4018,727174,922064a26912754f70ed0696,4018,6,4,52,36,322.859375,137,0.203125,0,False,row0_col0,256,184,0,36
4019,727835,922064a26912754f70ed0696,4019,27,24,220,196,1049.328125,829.17391304347825,0.859375,0.86956521739130432,False,row2_col2,256,184,0,36
4020,727961,922064a26912754f70ed0696,4020,25,28,204,228,980.140625,967.60869565217388,0.796875,1.0434782608695652,True,padding_center,256,184,0,36
4021,728089,fede9202cd41f9fef004cc9a,4021,25,0,204,4,963.15625,7.5,0.796875,-0.16666666666666666,True,padding_center,256,186,0,35
4022,728178,fede9202cd41f9fef004cc9a,4022,18,3,148,28,722.09375,110.85483870967742,0.578125,-0.037634408602150539,True,padding_center,256,186,0,35
4023,728661,fede9202cd41f9fef004cc9a,4023,21,18,172,148,825.40625,627.62903225806451,0.671875,0.60752688172043012,False,row1_col2,256,186,0,35
4024,728697,fede9202cd41f9fef004cc9a,4024,25,19,204,156,963.15625,662.08064516129025,0.796875,0.65053763440860213,False,row1_col2,256,186,0,35
4025,728922,fede9202cd41f9fef004cc9a,4025,26,26,212,212,997.59375,903.24193548387098,0.828125,0.95161290322580649,False,row2_col2,256,186,0,35
4026,728937,fede9202cd41f9fef004cc9a,4026,9,27,76,220,412.15625,937.69354838709683,0.296875,0.9946236559139785,False,row2_col0,256,186,0,35
4027,729122,8d10243544cfbd17a41b803a,4027,2,1,20,12,190.09375,38.037837837837827,0.078125,-0.12432432432432433,True,padding_center,256,185,0,35
4028,729162,8d10243544cfbd17a41b803a,4028,10,2,84,20,465.59375,72.459459459459453,0.328125,-0.081081081081081086,True,padding_center,256,185,0,35
4029,729226,8d10243544cfbd17a41b803a,4029,10,4,84,36,465.59375,141.3027027027027,0.328125,0.0054054054054054057,False,row0_col0,256,185,0,35
4030,729324,8d10243544cfbd17a41b803a,4030,12,7,100,60,534.46875,244.56756756756758,0.390625,0.13513513513513514,False,row0_col1,256,185,0,35
4031,729360,8d10243544cfbd17a41b803a,4031,16,8,132,68,672.21875,278.98918918918923,0.515625,0.17837837837837839,False,row0_col1,256,185,0,35
4032,729413,8d10243544cfbd17a41b803a,4032,5,10,44,84,293.40625,347.83243243243248,0.171875,0.26486486486486488,False,row0_col0,256,185,0,35
4033,729577,8d10243544cfbd17a41b803a,4033,9,15,76,124,431.15625,519.9405405405405,0.296875,0.48108108108108111,False,row1_col0,256,185,0,35
4034,729776,8d10243544cfbd17a41b803a,4034,16,21,132,172,672.21875,726.47027027027025,0.515625,0.74054054054054053,False,row2_col1,256,185,0,35
4035,729804,8d10243544cfbd17a41b803a,4035,12,22,100,180,534.46875,760.89189189189187,0.390625,0.78378378378378377,False,row2_col1,256,185,0,35
4036,729851,8d10243544cfbd17a41b803a,4036,27,23,220,188,1051.03125,795.3135135135135,0.859375,0.82702702702702702,False,row2_col2,256,185,0,35
4037,730206,21db2b7a45a0e29417a469f0,4037,30,2,244,20,1152.875,63.460317460317462,0.953125,-0.068783068783068779,True,padding_center,256,189,0,33
4038,730255,21db2b7a45a0e29417a469f0,4038,15,4,124,36,631.625,133.04761904761904,0.484375,0.015873015873015872,False,row0_col1,256,189,0,33
4039,730323,21db2b7a45a0e29417a469f0,4039,19,6,156,52,770.625,202.63492063492063,0.609375,0.10052910052910052,False,row0_col1,256,189,0,33
4040,730841,21db2b7a45a0e29417a469f0,4040,25,22,204,180,979.125,759.33333333333337,0.796875,0.77777777777777779,False,row2_col2,256,189,0,33
4041,730995,21db2b7a45a0e29417a469f0,4041,19,27,156,220,770.625,933.30158730158735,0.609375,0.98941798941798942,False,row2_col1,256,189,0,33
4042,730999,21db2b7a45a0e29417a469f0,4042,23,27,188,220,909.625,933.30158730158735,0.734375,0.98941798941798942,False,row2_col2,256,189,0,33
4043,731058,21db2b7a45a0e29417a469f0,4043,18,29,148,236,735.875,1002.888888888889,0.578125,1.0740740740740742,True,padding_center,256,189,0,33
4044,731531,8e91dc5ebf61a30260770c9c,4044,11,12,92,100,487.03125,407.36170212765956,0.359375,0.35106382978723405,False,row1_col1,256,188,0,34
4045,731649,8e91dc5ebf61a30260770c9c,4045,1,16,12,132,142.65625,545.23404255319156,0.046875,0.52127659574468088,False,row1_col0,256,188,0,34
4046,731805,8e91dc5ebf61a30260770c9c,4046,29,20,236,164,1106.90625,683.10638297872345,0.921875,0.69148936170212771,False,row2_col2,256,188,0,34
4047,732167,6aaaaa257e4ef2c72c304bae,4047,7,0,60,4,388.625,-7.9166666666666714,0.234375,-0.14583333333333334,True,padding_center,256,192,0,32
4048,732252,6aaaaa257e4ef2c72c304bae,4048,28,2,228,20,1118.375,61.75,0.890625,-0.0625,True,padding_center,256,192,0,32
4049,732260,6aaaaa257e4ef2c72c304bae,4049,4,3,36,28,284.375,96.583333333333343,0.140625,-0.020833333333333332,True,padding_center,256,192,0,32
4050,732637,6aaaaa257e4ef2c72c304bae,4050,29,14,236,116,1153.125,479.75,0.921875,0.4375,False,row1_col2,256,192,0,32
4051,732774,6aaaaa257e4ef2c72c304bae,4051,6,19,52,156,353.875,653.91666666666674,0.203125,0.64583333333333337,False,row1_col0,256,192,0,32
4052,732778,6aaaaa257e4ef2c72c304bae,4052,10,19,84,156,492.875,653.91666666666674,0.328125,0.64583333333333337,False,row1_col0,256,192,0,32
4053,732786,6aaaaa257e4ef2c72c304bae,4053,18,19,148,156,770.875,653.91666666666674,0.578125,0.64583333333333337,False,row1_col1,256,192,0,32
4054,733209,488bd0832b3372d266269e18,4054,25,0,204,4,966.140625,2.664835164835182,0.796875,-0.18131868131868131,True,padding_center,256,182,0,37
4055,733357,488bd0832b3372d266269e18,4055,13,5,108,44,551.015625,175.19230769230768,0.421875,0.038461538461538464,False,row0_col1,256,182,0,37
4056,733550,488bd0832b3372d266269e18,4056,14,11,116,92,585.609375,382.22527472527474,0.453125,0.30219780219780218,False,row0_col1,256,182,0,37
4057,733768,488bd0832b3372d266269e18,4057,8,18,68,148,378.046875,623.76373626373629,0.265625,0.60989010989010994,False,row1_col0,256,182,0,37
4058,733966,488bd0832b3372d266269e18,4058,14,24,116,196,585.609375,830.7967032967033,0.453125,0.87362637362637363,False,row2_col1,256,182,0,37
4059,734135,488bd0832b3372d266269e18,4059,23,29,188,236,896.953125,1003.3241758241758,0.734375,1.0934065934065933,True,padding_center,256,182,0,37
4060,734251,fe6f136289ff3cf96e9fa7fa,4060,11,1,92,12,496.546875,35.705882352941174,0.359375,-0.11764705882352941,True,padding_center,256,187,0,34
4061,734260,fe6f136289ff3cf96e9fa7fa,4061,20,1,164,12,808.453125,35.705882352941174,0.640625,-0.11764705882352941,True,padding_center,256,187,0,34
4062,734355,fe6f136289ff3cf96e9fa7fa,4062,19,4,156,36,773.796875,139.66310160427807,0.609375,0.0106951871657754,False,row0_col1,256,187,0,34
4063,734484,fe6f136289ff3cf96e9fa7fa,4063,20,8,164,68,808.453125,278.27272727272725,0.640625,0.18181818181818182,False,row0_col1,256,187,0,34
4064,734879,fe6f136289ff3cf96e9fa7fa,4064,31,20,252,164,1189.671875,694.10160427807489,0.984375,0.69518716577540107,False,row2_col2,256,187,0,34
4065,735113,fe6f136289ff3cf96e9fa7fa,4065,9,28,76,228,427.234375,971.3208556149732,0.296875,1.0374331550802138,True,padding_center,256,187,0,34
4066,735185,fe6f136289ff3cf96e9fa7fa,4066,17,30,140,244,704.484375,1040.6256684491977,0.546875,1.1229946524064172,True,padding_center,256,187,0,34
4067,735204,fe6f136289ff3cf96e9fa7fa,4067,4,31,36,252,253.953125,1075.2780748663101,0.140625,1.1657754010695187,True,padding_center,256,187,0,34
4068,735378,b775ec910e16d493500239f2,4068,18,4,148,36,734.140625,152.31937172774869,0.578125,0.020942408376963352,False,row0_col1,256,191,0,32
4069,735403,b775ec910e16d493500239f2,4069,11,5,92,44,491.546875,186.95811518324606,0.359375,0.062827225130890049,False,row0_col1,256,191,0,32
4070,735585,b775ec910e16d493500239f2,4070,1,11,12,92,144.984375,394.79057591623035,0.046875,0.31413612565445026,False,row0_col0,256,191,0,32
4071,735816,b775ec910e16d493500239f2,4071,8,18,68,148,387.578125,637.26178010471199,0.265625,0.60732984293193715,False,row1_col0,256,191,0,32
4072,736024,b775ec910e16d493500239f2,4072,24,24,196,196,942.078125,845.09424083769636,0.765625,0.8586387434554974,False,row2_col2,256,191,0,32
4073,736101,b775ec910e16d493500239f2,4073,5,27,44,220,283.609375,949.01047120418855,0.171875,0.98429319371727753,False,row2_col0,256,191,0,32
4074,736320,0facbe7f29d190dabe109d9e,4074,0,2,4,20,126.328125,73.358288770053491,0.015625,-0.074866310160427801,True,padding_center,256,187,0,34
4075,736415,0facbe7f29d190dabe109d9e,4075,31,4,252,36,1200.671875,142.66310160427807,0.984375,0.0106951871657754,False,row0_col2,256,187,0,34
4076,736664,0facbe7f29d190dabe109d9e,4076,24,12,196,100,958.078125,419.88235294117646,0.765625,0.35294117647058826,False,row1_col2,256,187,0,34
4077,736981,0facbe7f29d190dabe109d9e,4077,21,22,172,180,854.109375,766.40641711229944,0.671875,0.78074866310160429,False,row2_col2,256,187,0,34
4078,737446,3b48ef0496b9e19ef057c3dd,4078,6,5,52,44,336.84375,171.75806451612902,0.203125,0.048387096774193547,False,row0_col0,256,186,0,35
4079,737495,3b48ef0496b9e19ef057c3dd,4079,23,6,188,52,922.28125,206.20967741935485,0.734375,0.091397849462365593,False,row0_col2,256,186,0,35
4080,737582,3b48ef0496b9e19ef057c3dd,4080,14,9,116,76,612.34375,309.56451612903226,0.453125,0.22043010752688172,False,row0_col1,256,186,0,35
4081,738077,3b48ef0496b9e19ef057c3dd,4081,29,24,236,196,1128.90625,826.33870967741939,0.921875,0.86559139784946237,False,row2_col2,256,186,0,35
4082,738090,3b48ef0496b9e19ef057c3dd,4082,10,25,84,204,474.59375,860.79032258064512,0.328125,0.90860215053763438,False,row2_col0,256,186,0,35
4083,738400,46a12f7a348173b31e79d614,4083,0,3,4,28,140.28125,94.391304347826093,0.015625,-0.043478260869565216,True,padding_center,256,184,0,36
4084,738421,46a12f7a348173b31e79d614,4084,21,3,172,28,866.09375,94.391304347826093,0.671875,-0.043478260869565216,True,padding_center,256,184,0,36
4085,738511,46a12f7a348173b31e79d614,4085,15,6,124,52,658.71875,198.21739130434781,0.484375,0.086956521739130432,False,row0_col1,256,184,0,36
4086,738781,46a12f7a348173b31e79d614,4086,29,14,236,116,1142.59375,475.08695652173913,0.921875,0.43478260869565216,False,row1_col2,256,184,0,36
4087,738884,46a12f7a348173b31e79d614,4087,4,18,36,148,278.53125,613.52173913043475,0.140625,0.60869565217391308,False,row1_col0,256,184,0,36
4088,738928,46a12f7a348173b31e79d614,4088,16,19,132,156,693.28125,648.13043478260875,0.515625,0.65217391304347827,False,row1_col1,256,184,0,36
4089,739100,46a12f7a348173b31e79d614,4089,28,24,228,196,1108.03125,821.17391304347825,0.890625,0.86956521739130432,False,row2_col2,256,184,0,36
4090,739423,b612bc23f04a82e4e9573610,4090,31,2,252,20,1137.625,78.666666666666671,0.984375,-0.068783068783068779,True,padding_center,256,189,0,33
4091,739609,b612bc23f04a82e4e9573610,4091,25,8,204,68,929.125,286.66666666666663,0.796875,0.18518518518518517,False,row0_col2,256,189,0,33
4092,739769,b612bc23f04a82e4e9573610,4092,25,13,204,108,929.125,460,0.796875,0.3968253968253968,False,row1_col2,256,189,0,33
4093,739903,b612bc23f04a82e4e9573610,4093,31,17,252,140,1137.625,598.66666666666674,0.984375,0.56613756613756616,False,row1_col2,256,189,0,33
4094,739956,b612bc23f04a82e4e9573610,4094,20,19,164,156,755.375,668,0.640625,0.65079365079365081,False,row1_col1,256,189,0,33
4095,740209,b612bc23f04a82e4e9573610,4095,17,27,140,220,651.125,945.33333333333337,0.546875,0.98941798941798942,False,row2_col1,256,189,0,33
