image_id,split,image_path,source_width,source_height,component_fraction,fallback,failure_reason,crop_area_fraction,crop_box,board_box
1398a14ef7fc9ad146f80638,fit,pcb1/Data/Images/Normal/0000.JPG,1404,1070,0.11079226762820513,False,,0.5787722661554437,"[115, 134, 1217, 923]","[191, 321, 1141, 736]"
a2da421c00740b670bd14bee,fit,pcb1/Data/Images/Normal/0001.JPG,1404,1070,0.1095653044871795,False,,0.5912426445136726,"[91, 140, 1193, 946]","[167, 331, 1117, 755]"
a2e7834787baf26ee424c739,fit,pcb1/Data/Images/Normal/0002.JPG,1404,1070,0.11040164262820513,False,,0.5897076443805416,"[93, 144, 1199, 945]","[170, 334, 1122, 755]"
72b360ece29c2500d5726a30,fit,pcb1/Data/Images/Normal/0003.JPG,1404,1070,0.10999098557692308,False,,0.6014870729824001,"[112, 124, 1218, 941]","[189, 318, 1141, 747]"
956906775fe36364e0cef555,calibration,pcb1/Data/Images/Normal/0004.JPG,1404,1070,0.11733774038461539,False,,0.5865564342199856,"[114, 140, 1221, 936]","[191, 329, 1144, 747]"
095392cfded6f0c2cb8c7de8,calibration,pcb1/Data/Images/Normal/0005.JPG,1404,1070,0.11111278044871795,False,,0.6097624943419336,"[117, 119, 1226, 945]","[194, 315, 1149, 749]"
4c6b62ea5740038f04527080,calibration,pcb1/Data/Images/Normal/0006.JPG,1404,1070,0.10862379807692307,False,,0.6068096493330138,"[117, 136, 1226, 958]","[194, 331, 1149, 763]"
0d71665cc32e00cbf316979e,fit,pcb1/Data/Images/Normal/0007.JPG,1404,1070,0.10779747596153846,False,,0.5892057406076098,"[134, 140, 1246, 936]","[211, 329, 1169, 747]"
cc828a68ca0395b4acfbcc94,fit,pcb1/Data/Images/Normal/0008.JPG,1404,1070,0.1174979967948718,False,,0.5839071278323614,"[121, 148, 1223, 944]","[197, 337, 1147, 755]"
b6eaf5e811a0be7062ed1bb3,fit,pcb1/Data/Images/Normal/0009.JPG,1404,1070,0.10759214743589744,False,,0.617144606864233,"[82, 114, 1191, 950]","[159, 312, 1114, 752]"
864a24871853f4ee071e9728,calibration,pcb1/Data/Images/Normal/0010.JPG,1404,1070,0.10392127403846153,False,,0.5964034667305695,"[103, 127, 1216, 932]","[180, 318, 1139, 741]"
a108220fc21cc09e9e4400ef,fit,pcb1/Data/Images/Normal/0012.JPG,1404,1070,0.11189403044871794,False,,0.620483531698485,"[131, 106, 1246, 942]","[208, 304, 1169, 744]"
24af453e607e44b054917896,fit,pcb1/Data/Images/Normal/0014.JPG,1404,1070,0.10325520833333333,False,,0.5839071278323614,"[151, 137, 1253, 933]","[227, 326, 1177, 744]"
4a3299ef726167046df92253,fit,pcb1/Data/Images/Normal/0015.JPG,1404,1070,0.11304086538461539,False,,0.5979511143062545,"[71, 137, 1180, 947]","[148, 329, 1103, 755]"
ca1191675acfe9ec5285967b,fit,pcb1/Data/Images/Normal/0017.JPG,1404,1070,0.10616486378205128,False,,0.5993117128631147,"[88, 140, 1190, 957]","[164, 334, 1114, 763]"
077aa432a213e8c3b3f6523a,fit,pcb1/Data/Images/Normal/0018.JPG,1404,1070,0.10995092147435898,False,,0.5839071278323614,"[115, 148, 1217, 944]","[191, 337, 1141, 755]"
e3e53a15454e99370b219ed5,calibration,pcb1/Data/Images/Normal/0019.JPG,1404,1070,0.10256911057692308,False,,0.5942600580451047,"[112, 138, 1221, 943]","[189, 329, 1144, 752]"
5335429b96f92c225a06686c,fit,pcb1/Data/Images/Normal/0020.JPG,1404,1070,0.10770232371794872,False,,0.5839071278323614,"[121, 151, 1223, 947]","[197, 340, 1147, 758]"
06ff726d9e21b212fa7f6291,calibration,pcb1/Data/Images/Normal/0021.JPG,1404,1070,0.11141326121794871,False,,0.582317543999787,"[94, 142, 1193, 938]","[170, 331, 1117, 749]"
290e1ce1fae9fbe3b937384c,fit,pcb1/Data/Images/Normal/0022.JPG,1404,1070,0.10451722756410256,False,,0.5876161567750353,"[109, 145, 1218, 941]","[186, 334, 1141, 752]"
8d4d5e9c6f62a7f7f0b95cb7,fit,pcb1/Data/Images/Normal/0023.JPG,1404,1070,0.11114783653846154,False,,0.5892057406076098,"[82, 145, 1194, 941]","[159, 334, 1117, 752]"
9ce76d5db5c11961db1ca677,fit,pcb1/Data/Images/Normal/0025.JPG,1404,1070,0.10965044070512821,False,,0.6114119871129217,"[117, 122, 1229, 948]","[194, 318, 1152, 752]"
f4edc4be6ad1d9afc66e3637,fit,pcb1/Data/Images/Normal/0028.JPG,1404,1070,0.10717147435897435,False,,0.6057153127246585,"[109, 128, 1216, 950]","[186, 323, 1139, 755]"
48ce223cf3f0cef91d4f9d9c,fit,pcb1/Data/Images/Normal/0029.JPG,1404,1070,0.11404246794871795,False,,0.5808730729291477,"[123, 147, 1229, 936]","[200, 334, 1152, 749]"
53fb6371aca16bd9381723b1,fit,pcb1/Data/Images/Normal/0030.JPG,1404,1070,0.10982572115384616,False,,0.6073568176371915,"[106, 128, 1216, 950]","[183, 323, 1139, 755]"
50686f2742e029d8a5849b18,fit,pcb1/Data/Images/Normal/0031.JPG,1404,1070,0.11317107371794871,False,,0.6059136778762947,"[113, 119, 1215, 945]","[189, 315, 1139, 749]"
27a3e701575d464723171cfc,fit,pcb1/Data/Images/Normal/0032.JPG,1404,1070,0.11556490384615385,False,,0.5905090928455414,"[99, 138, 1201, 943]","[175, 329, 1125, 752]"
1ab1af080f648bf89a020616,calibration,pcb1/Data/Images/Normal/0033.JPG,1404,1070,0.11716746794871795,False,,0.5813982746225737,"[117, 147, 1224, 936]","[194, 334, 1147, 749]"
ab102a229b6bb0c3df26b639,calibration,pcb1/Data/Images/Normal/0034.JPG,1404,1070,0.10542367788461539,False,,0.6134535506030833,"[128, 107, 1237, 938]","[205, 304, 1160, 741]"
883516beb4b2df8a83debd55,fit,pcb1/Data/Images/Normal/0035.JPG,1404,1070,0.11303084935897435,False,,0.617144606864233,"[117, 114, 1226, 950]","[194, 312, 1149, 752]"
aa559f98e5ee1a0c7cc457cf,fit,pcb1/Data/Images/Normal/0036.JPG,1404,1070,0.11446314102564102,False,,0.5839071278323614,"[137, 134, 1239, 930]","[213, 323, 1163, 741]"
2a8e2d654846ae67277a627f,fit,pcb1/Data/Images/Normal/0037.JPG,1404,1070,0.11063701923076923,False,,0.587574886173017,"[110, 128, 1212, 929]","[186, 318, 1136, 739]"
173abf95d04f926226332be8,fit,pcb1/Data/Images/Normal/0038.JPG,1404,1070,0.11175380608974358,False,,0.6100926591580798,"[90, 120, 1205, 942]","[167, 315, 1128, 747]"
2f242eafe4e64dd1538bc0df,fit,pcb1/Data/Images/Normal/0039.JPG,1404,1070,0.11133814102564103,False,,0.591307213036185,"[90, 136, 1199, 937]","[167, 326, 1122, 747]"
6ac91469a3c514313640a2f3,fit,pcb1/Data/Images/Normal/0040.JPG,1404,1070,0.11266025641025641,False,,0.591307213036185,"[112, 133, 1221, 934]","[189, 323, 1144, 744]"
840c73cbd5ab6bc1059f1408,fit,pcb1/Data/Images/Normal/0041.JPG,1404,1070,0.11272536057692308,False,,0.587574886173017,"[110, 147, 1212, 948]","[186, 337, 1136, 758]"
8beb03d8a5bb47d4e9a2581d,fit,pcb1/Data/Images/Normal/0042.JPG,1404,1070,0.11126302083333334,False,,0.5897076443805416,"[101, 133, 1207, 934]","[178, 323, 1130, 744]"
52572823a115b1268cfb144d,fit,pcb1/Data/Images/Normal/0043.JPG,1404,1070,0.11116286057692308,False,,0.6134535506030833,"[98, 110, 1207, 941]","[175, 307, 1130, 744]"
f527d606cb1f64dc19b0d7f4,calibration,pcb1/Data/Images/Normal/0044.JPG,1404,1070,0.10744691506410256,False,,0.6047501131613281,"[84, 124, 1196, 941]","[161, 318, 1119, 747]"
1ca2779c77509095fe9e8337,calibration,pcb1/Data/Images/Normal/0045.JPG,1404,1070,0.11330629006410256,False,,0.599568655643422,"[109, 129, 1221, 939]","[186, 321, 1144, 747]"
ebe3ff0005b73eeff00e86a2,fit,pcb1/Data/Images/Normal/0047.JPG,1404,1070,0.11340144230769231,False,,0.5853742311686236,"[126, 132, 1228, 930]","[202, 321, 1152, 741]"
d81b3f05cb672cfc776b9aa0,fit,pcb1/Data/Images/Normal/0048.JPG,1404,1070,0.11307592147435898,False,,0.5876161567750353,"[117, 137, 1226, 933]","[194, 326, 1149, 744]"
b2a130710318388be2620233,fit,pcb1/Data/Images/Normal/0049.JPG,1404,1070,0.11074719551282051,False,,0.5839071278323614,"[107, 132, 1209, 928]","[183, 321, 1133, 739]"
881f100f483a5ad2641f7dd5,fit,pcb1/Data/Images/Normal/0050.JPG,1404,1070,0.11128305288461539,False,,0.5813982746225737,"[125, 139, 1232, 928]","[202, 326, 1155, 741]"
2943c088e8878c50a249592d,fit,pcb1/Data/Images/Normal/0051.JPG,1404,1070,0.1033253205128205,False,,0.6047501131613281,"[131, 124, 1243, 941]","[208, 318, 1166, 747]"
b87cc3cd7848f16bb59b3b5f,fit,pcb1/Data/Images/Normal/0052.JPG,1404,1070,0.11044671474358975,False,,0.6009039593151743,"[139, 128, 1248, 942]","[216, 321, 1171, 749]"
a7fd04dc104dc13f285e6901,fit,pcb1/Data/Images/Normal/0053.JPG,1404,1070,0.10496294070512821,False,,0.5912426445136726,"[107, 132, 1209, 938]","[183, 323, 1133, 747]"
f9c8f4b979d980dc88993139,calibration,pcb1/Data/Images/Normal/0054.JPG,1404,1070,0.11336638621794871,False,,0.6066472295444258,"[126, 127, 1228, 954]","[202, 323, 1152, 758]"
cd5f1e1ce722bde05617cea3,fit,pcb1/Data/Images/Normal/0055.JPG,1404,1070,0.11155348557692307,False,,0.5993117128631147,"[113, 135, 1215, 952]","[189, 329, 1139, 758]"
2621e0e5fef600ad180b0661,fit,pcb1/Data/Images/Normal/0056.JPG,1404,1070,0.09857772435897436,False,,0.5926525015310062,"[120, 146, 1226, 951]","[197, 337, 1149, 760]"
d60c6fc93e9eed8f0286cc7b,fit,pcb1/Data/Images/Normal/0057.JPG,1404,1070,0.1060546875,False,,0.5958676145592033,"[128, 138, 1240, 943]","[205, 329, 1163, 752]"
7b57d0a4c0aa679ac82532cb,calibration,pcb1/Data/Images/Normal/0058.JPG,1404,1070,0.11088241185897436,False,,0.587574886173017,"[137, 133, 1239, 934]","[213, 323, 1163, 744]"
17ee0869be7e617b235e6587,fit,pcb1/Data/Images/Normal/0059.JPG,1404,1070,0.1094100560897436,False,,0.6020309130122214,"[128, 121, 1235, 938]","[205, 315, 1158, 744]"
aca487e1bcecb78c22d56a31,calibration,pcb1/Data/Images/Normal/0060.JPG,1404,1070,0.10704627403846154,False,,0.5853742311686236,"[121, 132, 1223, 930]","[197, 321, 1147, 741]"
cbcb40349280f379f97f72d4,fit,pcb1/Data/Images/Normal/0061.JPG,1404,1070,0.10187800480769231,False,,0.5839071278323614,"[137, 145, 1239, 941]","[213, 334, 1163, 752]"
65f16b603ffa4a89bca91660,calibration,pcb1/Data/Images/Normal/0062.JPG,1404,1070,0.10991085737179487,False,,0.6009039593151743,"[76, 128, 1185, 942]","[153, 321, 1108, 749]"
d140f47bc847b703c1b20aec,fit,pcb1/Data/Images/Normal/0063.JPG,1404,1070,0.11251502403846154,False,,0.5979511143062545,"[156, 118, 1265, 928]","[233, 310, 1188, 736]"
ab203b05744a96fec97462f3,fit,pcb1/Data/Images/Normal/0064.JPG,1404,1070,0.1164813701923077,False,,0.6051681444204808,"[120, 139, 1226, 961]","[197, 334, 1149, 766]"
62e720c2614a5a925bc7244b,fit,pcb1/Data/Images/Normal/0065.JPG,1404,1070,0.11734775641025641,False,,0.6121521953297654,"[145, 116, 1257, 943]","[222, 312, 1180, 747]"
08ad318603104514ade6d68b,fit,pcb1/Data/Images/Normal/0066.JPG,1404,1070,0.10466746794871795,False,,0.6134535506030833,"[134, 129, 1243, 960]","[211, 326, 1166, 763]"
b87c381e4a842e0b20bf5138,fit,pcb1/Data/Images/Normal/0067.JPG,1404,1070,0.10889923878205128,False,,0.5968727534148095,"[109, 123, 1216, 933]","[186, 315, 1139, 741]"
70167206a708a11cfa66d657,fit,pcb1/Data/Images/Normal/0068.JPG,1404,1070,0.10270432692307692,False,,0.5939252336448598,"[139, 132, 1246, 938]","[216, 323, 1169, 747]"
f25970dc2c335751b35e4cfc,fit,pcb1/Data/Images/Normal/0069.JPG,1404,1070,0.1026542467948718,False,,0.6007788161993769,"[143, 124, 1245, 943]","[219, 318, 1169, 749]"
4d7b7cda4091d1c17f00563d,calibration,pcb1/Data/Images/Normal/0070.JPG,1404,1070,0.11269030448717948,False,,0.5905090928455414,"[107, 135, 1209, 940]","[183, 326, 1133, 749]"
ec3ea75e7104e017e03f4921,fit,pcb1/Data/Images/Normal/0071.JPG,1404,1070,0.10448717948717949,False,,0.5987678728332934,"[135, 143, 1236, 960]","[211, 337, 1160, 766]"
66f1c1ef430b56b6f7dfb051,calibration,pcb1/Data/Images/Normal/0072.JPG,1404,1070,0.1038261217948718,False,,0.5824486780094257,"[93, 150, 1202, 939]","[170, 337, 1125, 752]"
c8bcbc95e371b76bfc0ccf6a,fit,pcb1/Data/Images/Normal/0073.JPG,1404,1070,0.10965544871794872,False,,0.5897076443805416,"[90, 122, 1196, 923]","[167, 312, 1119, 733]"
a11b9324536c4c87684694eb,fit,pcb1/Data/Images/Normal/0074.JPG,1404,1070,0.10943509615384615,False,,0.591307213036185,"[128, 133, 1237, 934]","[205, 323, 1160, 744]"
16f7ac12020b9fb0663ce6fb,calibration,pcb1/Data/Images/Normal/0075.JPG,1404,1070,0.11881009615384615,False,,0.6029794712037703,"[113, 117, 1215, 939]","[189, 312, 1139, 744]"
7d6e953eea6aeb102463c263,fit,pcb1/Data/Images/Normal/0076.JPG,1404,1070,0.11841947115384616,False,,0.6073568176371915,"[114, 120, 1224, 942]","[191, 315, 1147, 747]"
d1458cc139bf5041872709d8,fit,pcb1/Data/Images/Normal/0077.JPG,1404,1070,0.11377203525641026,False,,0.6114119871129217,"[82, 130, 1194, 956]","[159, 326, 1117, 760]"
a9e5597442bdfbb996511177,calibration,pcb1/Data/Images/Normal/0078.JPG,1404,1070,0.11239983974358975,False,,0.5968727534148095,"[106, 148, 1213, 958]","[183, 340, 1136, 766]"
6d76d8f8a00db7e46f92f530,fit,pcb1/Data/Images/Normal/0079.JPG,1404,1070,0.11190905448717949,False,,0.5990833932422718,"[109, 138, 1216, 951]","[186, 331, 1139, 758]"
40471d6b4d3d450e63bc3466,fit,pcb1/Data/Images/Normal/0080.JPG,1404,1070,0.12035757211538461,False,,0.620483531698485,"[98, 109, 1213, 945]","[175, 307, 1136, 747]"
b413a5bd5eafd552edba7fdd,fit,pcb1/Data/Images/Normal/0081.JPG,1404,1070,0.10976061698717948,False,,0.5979511143062545,"[109, 126, 1218, 936]","[186, 318, 1141, 744]"
7381cb78aaec6db422f04d3f,fit,pcb1/Data/Images/Normal/0082.JPG,1404,1070,0.11511418269230769,False,,0.5976801927736507,"[126, 121, 1225, 938]","[202, 315, 1149, 744]"
4fc95a77b6b1e2f554f692f3,fit,pcb1/Data/Images/Normal/0083.JPG,1404,1070,0.11600560897435898,False,,0.5880301941049605,"[106, 132, 1213, 930]","[183, 321, 1136, 741]"
2cf554aca4c3d9a9781555fd,calibration,pcb1/Data/Images/Normal/0084.JPG,1404,1070,0.11830428685897436,False,,0.612828500678968,"[83, 128, 1203, 950]","[161, 323, 1125, 755]"
cb14ed724416e3ae9c8de0f8,fit,pcb1/Data/Images/Normal/0085.JPG,1404,1070,0.11292067307692308,False,,0.5874990015176931,"[93, 140, 1199, 938]","[170, 329, 1122, 749]"
f20a5dba3bb929538cca04b8,calibration,pcb1/Data/Images/Normal/0086.JPG,1404,1070,0.11934595352564102,False,,0.6062305295950156,"[98, 127, 1210, 946]","[175, 321, 1133, 752]"
29264c6b2773e1d6fc04a1cf,calibration,pcb1/Data/Images/Normal/0087.JPG,1404,1070,0.11196414262820513,False,,0.5942600580451047,"[139, 127, 1248, 932]","[216, 318, 1171, 741]"
644451a428137460b23f1c3a,fit,pcb1/Data/Images/Normal/0088.JPG,1404,1070,0.11101262019230769,False,,0.5876161567750353,"[101, 140, 1210, 936]","[178, 329, 1133, 747]"
e584dcc4ff24f5258a7a5537,fit,pcb1/Data/Images/Normal/0089.JPG,1404,1070,0.11355669070512821,False,,0.6047501131613281,"[112, 129, 1224, 946]","[189, 323, 1147, 752]"
389705dbbfe69bc29265ddd8,fit,pcb1/Data/Images/Normal/0090.JPG,1404,1070,0.10922475961538461,False,,0.591307213036185,"[142, 128, 1251, 929]","[219, 318, 1174, 739]"
92c9e638b5c71b5395560ff7,calibration,pcb1/Data/Images/Normal/0091.JPG,1404,1070,0.10462740384615385,False,,0.6051681444204808,"[120, 131, 1226, 953]","[197, 326, 1149, 758]"
db58b895d25ece9db831dde2,fit,pcb1/Data/Images/Normal/0092.JPG,1404,1070,0.10916967147435898,False,,0.5945063503474718,"[84, 144, 1199, 945]","[161, 334, 1122, 755]"
af9f5bd76806962693118d19,fit,pcb1/Data/Images/Normal/0093.JPG,1404,1070,0.11041666666666666,False,,0.5905090928455414,"[118, 127, 1220, 932]","[194, 318, 1144, 741]"
795479733aefc40b934277a4,fit,pcb1/Data/Images/Normal/0094.JPG,1404,1070,0.1112930689102564,False,,0.5985422158319355,"[112, 149, 1218, 962]","[189, 342, 1141, 769]"
a5e44a049f152deb435edd40,fit,pcb1/Data/Images/Normal/0095.JPG,1404,1070,0.11067207532051282,False,,0.599568655643422,"[112, 129, 1224, 939]","[189, 321, 1147, 747]"
6b43ebf87627681b154cabde,calibration,pcb1/Data/Images/Normal/0096.JPG,1404,1070,0.10366085737179487,False,,0.5942600580451047,"[87, 135, 1196, 940]","[164, 326, 1119, 749]"
b21320afee8c93e524a200ec,calibration,pcb1/Data/Images/Normal/0097.JPG,1404,1070,0.1107421875,False,,0.599568655643422,"[84, 131, 1196, 941]","[161, 323, 1119, 749]"
25b175f8a0414b88adf3bbf2,fit,pcb1/Data/Images/Normal/0098.JPG,1404,1070,0.11646634615384616,False,,0.596333572969087,"[120, 134, 1226, 944]","[197, 326, 1149, 752]"
168615ffdb851430b5e9e799,fit,pcb1/Data/Images/Normal/0099.JPG,1404,1070,0.09603866185897436,False,,0.5931883537023724,"[139, 135, 1246, 940]","[216, 326, 1169, 749]"
9993d74e02e8a5dd35aaa9d4,fit,pcb1/Data/Images/Normal/0101.JPG,1404,1070,0.11621594551282051,False,,0.599568655643422,"[139, 134, 1251, 944]","[216, 326, 1174, 752]"
fd8fe61532624c2989845031,fit,pcb1/Data/Images/Normal/0102.JPG,1404,1070,0.1102764423076923,False,,0.596333572969087,"[131, 129, 1237, 939]","[208, 321, 1160, 747]"
fe93b73ddd86f0b267f37da8,fit,pcb1/Data/Images/Normal/0103.JPG,1404,1070,0.1096454326923077,False,,0.6100926591580798,"[128, 128, 1243, 950]","[205, 323, 1166, 755]"
c51f2c5c0ba8d30ffdf961eb,fit,pcb1/Data/Images/Normal/0104.JPG,1404,1070,0.10977564102564102,False,,0.5836089144500359,"[128, 143, 1235, 935]","[205, 331, 1158, 747]"
21bf7996c01f5174b83a7bf0,fit,pcb1/Data/Images/Normal/0105.JPG,1404,1070,0.11661157852564102,False,,0.5839071278323614,"[88, 132, 1190, 928]","[164, 321, 1114, 739]"
7362ade95f32642a9f44c44a,fit,pcb1/Data/Images/Normal/0106.JPG,1404,1070,0.11575020032051282,False,,0.6520129403306973,"[138, 105, 1260, 978]","[216, 312, 1182, 771]"
766454c47ae7c9d62021ae41,fit,pcb1/Data/Images/Normal/0108.JPG,1404,1070,0.10864883814102565,False,,0.5870416966211359,"[124, 136, 1225, 937]","[200, 326, 1149, 747]"
fbfdec218cbf0635738d2c12,fit,pcb1/Data/Images/Normal/0109.JPG,1404,1070,0.11245492788461539,False,,0.5777138749101366,"[114, 143, 1221, 927]","[191, 329, 1144, 741]"
c45bca2ff1189b57883f62b3,fit,pcb1/Data/Images/Normal/0110.JPG,1404,1070,0.11282552083333333,False,,0.5870416966211359,"[124, 133, 1225, 934]","[200, 323, 1149, 744]"
f228eee20ee0df690a4e51b6,fit,pcb1/Data/Images/Normal/0111.JPG,1404,1070,0.11498397435897435,False,,0.5979511143062545,"[117, 142, 1226, 952]","[194, 334, 1149, 760]"
1a4f24285d6c559bdea972b2,calibration,pcb1/Data/Images/Normal/0112.JPG,1404,1070,0.10702123397435898,False,,0.5971110578587214,"[88, 128, 1190, 942]","[164, 321, 1114, 749]"
99a260d84ec3760c5165b1f1,fit,pcb1/Data/Images/Normal/0113.JPG,1404,1070,0.10979066506410257,False,,0.6081130015709455,"[93, 122, 1199, 948]","[170, 318, 1122, 752]"
d04aeafeb9e728e609fa7a9e,fit,pcb1/Data/Images/Normal/0114.JPG,1404,1070,0.11197415865384615,False,,0.5876161567750353,"[65, 140, 1174, 936]","[142, 329, 1097, 747]"
587b74bfc019c7be94717f25,fit,pcb1/Data/Images/Normal/0115.JPG,1404,1070,0.10757211538461539,False,,0.6011861969805895,"[98, 123, 1213, 933]","[175, 315, 1136, 741]"
71b64a5d77a95dec19507b7c,calibration,pcb1/Data/Images/Normal/0116.JPG,1404,1070,0.10963541666666667,False,,0.5990833932422718,"[114, 138, 1221, 951]","[191, 331, 1144, 758]"
d97ecfbcd8824d84ea5eae90,fit,pcb1/Data/Images/Normal/0117.JPG,1404,1070,0.10858373397435897,False,,0.5904624970045531,"[83, 143, 1203, 935]","[161, 331, 1125, 747]"
37d81101f3fcc01d5a1efd8a,calibration,pcb1/Data/Images/Normal/0118.JPG,1404,1070,0.11257011217948718,False,,0.5979511143062545,"[90, 131, 1199, 941]","[167, 323, 1122, 749]"
c9fce8b47dde33b4fc8fb311,fit,pcb1/Data/Images/Normal/0119.JPG,1404,1070,0.10594451121794872,False,,0.6073568176371915,"[95, 136, 1205, 958]","[172, 331, 1128, 763]"
77a85f3771060390b13f8469,fit,pcb1/Data/Images/Normal/0120.JPG,1404,1070,0.11180889423076923,False,,0.5979511143062545,"[117, 129, 1226, 939]","[194, 321, 1149, 747]"
e1c9abec502219412e89243a,fit,pcb1/Data/Images/Normal/0121.JPG,1404,1070,0.11038161057692308,False,,0.578450754852624,"[103, 137, 1210, 922]","[180, 323, 1133, 736]"
5477e1d816f3af5d3adf2b48,fit,pcb1/Data/Images/Normal/0122.JPG,1404,1070,0.11537960737179487,False,,0.6177010943366084,"[106, 133, 1216, 969]","[183, 331, 1139, 771]"
bafa334c6c43147b890e28ed,fit,pcb1/Data/Images/Normal/0123.JPG,1404,1070,0.11052684294871795,False,,0.6057153127246585,"[103, 120, 1210, 942]","[180, 315, 1133, 747]"
9e5249a3b4a0aeea24774e82,fit,pcb1/Data/Images/Normal/0124.JPG,1404,1070,0.11285556891025642,False,,0.5906861570412972,"[106, 140, 1218, 938]","[183, 329, 1141, 749]"
5cfccbf82f4ba95aa416a79b,calibration,pcb1/Data/Images/Normal/0125.JPG,1404,1070,0.10405148237179487,False,,0.598490294751977,"[95, 129, 1205, 939]","[172, 321, 1128, 747]"
b707c1eb67ac9b8893cde411,fit,pcb1/Data/Images/Normal/0126.JPG,1404,1070,0.10634515224358974,False,,0.5829738797028516,"[136, 134, 1246, 923]","[213, 321, 1169, 736]"
cee542fc544d914ecb84340b,fit,pcb1/Data/Images/Normal/0127.JPG,1404,1070,0.11794370993589744,False,,0.6097624943419336,"[101, 119, 1210, 945]","[178, 315, 1133, 749]"
e4622a2495fee2989741879a,fit,pcb1/Data/Images/Normal/0128.JPG,1404,1070,0.10873397435897436,False,,0.5939252336448598,"[114, 124, 1221, 930]","[191, 315, 1144, 739]"
e8ddd34887fc884dcb436a60,fit,pcb1/Data/Images/Normal/0129.JPG,1404,1070,0.11259014423076923,False,,0.5966078227760471,"[106, 132, 1218, 938]","[183, 323, 1141, 747]"
bf67a8c3d85ddf53723e2a60,fit,pcb1/Data/Images/Normal/0130.JPG,1404,1070,0.1162109375,False,,0.6063816332507921,"[103, 113, 1218, 930]","[180, 307, 1141, 736]"
de961b5b424372429ec9d5d5,calibration,pcb1/Data/Images/Normal/0131.JPG,1404,1070,0.10840344551282051,False,,0.5892057406076098,"[84, 145, 1196, 941]","[161, 334, 1119, 752]"
71724a3bf8b9be3deb5292f6,fit,pcb1/Data/Images/Normal/0132.JPG,1404,1070,0.10623998397435898,False,,0.5992784301195516,"[123, 128, 1229, 942]","[200, 321, 1152, 749]"
e8aecbbad790f36193dfc2a6,fit,pcb1/Data/Images/Normal/0133.JPG,1404,1070,0.104296875,False,,0.6269563596666401,"[112, 106, 1224, 953]","[189, 307, 1147, 752]"
7193a011383f62c1ab378a8f,fit,pcb1/Data/Images/Normal/0134.JPG,1404,1070,0.11420272435897436,False,,0.6223120856298426,"[90, 115, 1199, 958]","[167, 315, 1122, 758]"
27e6733bbab4a1b0477f8b26,fit,pcb1/Data/Images/Normal/0135.JPG,1404,1070,0.11178886217948718,False,,0.6035046728971962,"[109, 127, 1216, 946]","[186, 321, 1139, 752]"
76884f70ebe18c8dbf09d6a5,fit,pcb1/Data/Images/Normal/0136.JPG,1404,1070,0.10247896634615385,False,,0.6280839790185585,"[82, 114, 1196, 961]","[159, 315, 1119, 760]"
f7464ed5a8656ac375a0fb2d,fit,pcb1/Data/Images/Normal/0137.JPG,1404,1070,0.11247495993589744,False,,0.5892057406076098,"[150, 142, 1262, 938]","[227, 331, 1185, 749]"
813b908ddf7d0066a8a11ef6,fit,pcb1/Data/Images/Normal/0138.JPG,1404,1070,0.10970552884615385,False,,0.5771920014910669,"[112, 135, 1218, 919]","[189, 321, 1141, 733]"
1bd5ba6fc69d7720973528ca,fit,pcb1/Data/Images/Normal/0139.JPG,1404,1070,0.10858373397435897,False,,0.5949982692973347,"[98, 140, 1207, 946]","[175, 331, 1130, 755]"
5016a1680615b7fc52e8b7da,fit,pcb1/Data/Images/Normal/0140.JPG,1404,1070,0.10882411858974358,False,,0.5942600580451047,"[112, 130, 1221, 935]","[189, 321, 1144, 744]"
48c0a1622b7204e488851ca2,calibration,pcb1/Data/Images/Normal/0141.JPG,1404,1070,0.11022135416666666,False,,0.597475171073302,"[87, 135, 1202, 940]","[164, 326, 1125, 749]"
0f0e951d310459324ed1146f,fit,pcb1/Data/Images/Normal/0142.JPG,1404,1070,0.1132411858974359,False,,0.5987678728332934,"[124, 124, 1225, 941]","[200, 318, 1149, 747]"
64082b571f8f93ab5240a042,fit,pcb1/Data/Images/Normal/0143.JPG,1404,1070,0.10818810096153846,False,,0.5880301941049605,"[117, 132, 1224, 930]","[194, 321, 1147, 741]"
482fefcd016bb88b2f86f80f,fit,pcb1/Data/Images/Normal/0144.JPG,1404,1070,0.10892928685897436,False,,0.5839071278323614,"[137, 142, 1239, 938]","[213, 331, 1163, 749]"
b4ac29669c8ff9cc5cfb8515,calibration,pcb1/Data/Images/Normal/0145.JPG,1404,1070,0.11225460737179487,False,,0.5926525015310062,"[123, 149, 1229, 954]","[200, 340, 1152, 763]"
35015470ada828bd02e3e08b,fit,pcb1/Data/Images/Normal/0146.JPG,1404,1070,0.1062149439102564,False,,0.617144606864233,"[112, 109, 1221, 945]","[189, 307, 1144, 747]"
71091e47820a3c9f89438620,fit,pcb1/Data/Images/Normal/0147.JPG,1404,1070,0.10993088942307692,False,,0.6031185930718641,"[120, 129, 1229, 946]","[197, 323, 1152, 752]"
2c26a77005e1ed9b640e64e2,fit,pcb1/Data/Images/Normal/0148.JPG,1404,1070,0.10514823717948718,False,,0.5925593098490295,"[118, 137, 1217, 947]","[194, 329, 1141, 755]"
72516b14bd4f8c49162a07e5,fit,pcb1/Data/Images/Normal/0149.JPG,1404,1070,0.11229967948717949,False,,0.5839071278323614,"[115, 132, 1217, 928]","[191, 321, 1141, 739]"
df25d625c991e5e7eb0f6dc4,fit,pcb1/Data/Images/Normal/0150.JPG,1404,1070,0.11556991185897436,False,,0.5929067816918284,"[109, 133, 1221, 934]","[186, 323, 1144, 744]"
f36ce6afecf1a683931bba6d,fit,pcb1/Data/Images/Normal/0151.JPG,1404,1070,0.11946614583333333,False,,0.6138036850653673,"[117, 135, 1232, 962]","[194, 331, 1155, 766]"
89b989a81f1da592d59cc87b,fit,pcb1/Data/Images/Normal/0152.JPG,1404,1070,0.1052734375,False,,0.5929067816918284,"[131, 144, 1243, 945]","[208, 334, 1166, 755]"
7ca059b6fa1e54dd4a7dcf3f,fit,pcb1/Data/Images/Normal/0153.JPG,1404,1070,0.11763822115384616,False,,0.6134535506030833,"[120, 121, 1229, 952]","[197, 318, 1152, 755]"
3ad3cd2d193c37520a64ac51,calibration,pcb1/Data/Images/Normal/0154.JPG,1404,1070,0.10716646634615384,False,,0.5968727534148095,"[114, 134, 1221, 944]","[191, 326, 1144, 752]"
7c41685bf488a58de2fe104b,fit,pcb1/Data/Images/Normal/0155.JPG,1404,1070,0.11017628205128205,False,,0.6057153127246585,"[103, 131, 1210, 953]","[180, 326, 1133, 758]"
b732c57615def8f4ab818c3f,fit,pcb1/Data/Images/Normal/0156.JPG,1404,1070,0.10510316506410257,False,,0.5958676145592033,"[136, 138, 1248, 943]","[213, 329, 1171, 752]"
7f3d7c6e6a7b6f584a7abbea,fit,pcb1/Data/Images/Normal/0157.JPG,1404,1070,0.10524338942307693,False,,0.6132491945576057,"[132, 120, 1234, 956]","[208, 318, 1158, 758]"
630be0f098a5ec263bec1d35,fit,pcb1/Data/Images/Normal/0158.JPG,1404,1070,0.11592047275641025,False,,0.615294751976995,"[128, 112, 1235, 947]","[205, 310, 1158, 749]"
acce3e29a49a891a750d40b5,fit,pcb1/Data/Images/Normal/0160.JPG,1404,1070,0.11237479967948719,False,,0.6020309130122214,"[109, 137, 1216, 954]","[186, 331, 1139, 760]"
e14263e312b5e2338aece9d3,fit,pcb1/Data/Images/Normal/0161.JPG,1404,1070,0.11082231570512821,False,,0.5968727534148095,"[117, 126, 1224, 936]","[194, 318, 1147, 744]"
ab197e4aa67cc9e3f881cab1,fit,pcb1/Data/Images/Normal/0162.JPG,1404,1070,0.11316105769230769,False,,0.5824486780094257,"[90, 139, 1199, 928]","[167, 326, 1122, 741]"
49300051975ddaf699eca8d9,fit,pcb1/Data/Images/Normal/0163.JPG,1404,1070,0.11785857371794872,False,,0.5853742311686236,"[107, 151, 1209, 949]","[183, 340, 1133, 760]"
229f325dcd93d8f5586d69ba,fit,pcb1/Data/Images/Normal/0164.JPG,1404,1070,0.1179336939102564,False,,0.5853742311686236,"[102, 140, 1204, 938]","[178, 329, 1128, 749]"
13452ab920b13c16081caef4,calibration,pcb1/Data/Images/Normal/0165.JPG,1404,1070,0.11233473557692308,False,,0.5949982692973347,"[109, 143, 1218, 949]","[186, 334, 1141, 758]"
74dba489b837409bdc9002e2,fit,pcb1/Data/Images/Normal/0166.JPG,1404,1070,0.11710236378205129,False,,0.6151130281971403,"[134, 110, 1246, 941]","[211, 307, 1169, 744]"
949ba31189da990b746f189c,calibration,pcb1/Data/Images/Normal/0167.JPG,1404,1070,0.10240384615384615,False,,0.5982173762547595,"[101, 143, 1216, 949]","[178, 334, 1139, 758]"
c90f725868648a32cbe9c2de,calibration,pcb1/Data/Images/Normal/0169.JPG,1404,1070,0.11474358974358974,False,,0.5897076443805416,"[123, 141, 1229, 942]","[200, 331, 1152, 752]"
f5fa9934c3d9553bf163df86,fit,pcb1/Data/Images/Normal/0171.JPG,1404,1070,0.11584535256410257,False,,0.6020309130122214,"[98, 121, 1205, 938]","[175, 315, 1128, 744]"
36e8db94416d301d8eae06b8,fit,pcb1/Data/Images/Normal/0173.JPG,1404,1070,0.11427283653846154,False,,0.5968727534148095,"[87, 145, 1194, 955]","[164, 337, 1117, 763]"
b6168c3c6bcd1bd66bea8569,fit,pcb1/Data/Images/Normal/0175.JPG,1404,1070,0.1131260016025641,False,,0.5939252336448598,"[106, 143, 1213, 949]","[183, 334, 1136, 758]"
7d21f597b4b4043eb6e57f0e,fit,pcb1/Data/Images/Normal/0176.JPG,1404,1070,0.1112880608974359,False,,0.598490294751977,"[114, 131, 1224, 941]","[191, 323, 1147, 749]"
d0c5e59f51c09ba4242151ff,fit,pcb1/Data/Images/Normal/0177.JPG,1404,1070,0.10528345352564103,False,,0.5860265729424607,"[131, 142, 1237, 938]","[208, 331, 1160, 749]"
1aa0d91925dd72251d174919,fit,pcb1/Data/Images/Normal/0179.JPG,1404,1070,0.11654146634615385,False,,0.5990833932422718,"[98, 119, 1205, 932]","[175, 312, 1128, 739]"
2f583ef3203d5ac90b59a547,fit,pcb1/Data/Images/Normal/0180.JPG,1404,1070,0.11161858974358975,False,,0.5905090928455414,"[151, 130, 1253, 935]","[227, 321, 1177, 744]"
334d09cec1e33736f5ceeeae,fit,pcb1/Data/Images/Normal/0181.JPG,1404,1070,0.10885917467948718,False,,0.6147389301594909,"[112, 123, 1218, 958]","[189, 321, 1141, 760]"
ae10765eee319809f6e8d9ae,fit,pcb1/Data/Images/Normal/0182.JPG,1404,1070,0.11498397435897435,False,,0.5931883537023724,"[128, 135, 1235, 940]","[205, 326, 1158, 749]"
e30051d3d8fd995844562e4d,fit,pcb1/Data/Images/Normal/0183.JPG,1404,1070,0.11135817307692308,False,,0.5942600580451047,"[120, 135, 1229, 940]","[197, 326, 1152, 749]"
d2039782b7096a17e967307e,fit,pcb1/Data/Images/Normal/0184.JPG,1404,1070,0.11342147435897436,False,,0.6151130281971403,"[93, 113, 1205, 944]","[170, 310, 1128, 747]"
970a0e63436f260f3c624f80,fit,pcb1/Data/Images/Normal/0185.JPG,1404,1070,0.10791266025641026,False,,0.5846633117661155,"[131, 143, 1240, 935]","[208, 331, 1163, 747]"
23119e24f887691f83386aa1,calibration,pcb1/Data/Images/Normal/0186.JPG,1404,1070,0.11539463141025641,False,,0.5876161567750353,"[98, 142, 1207, 938]","[175, 331, 1130, 749]"
9cc1a3ed2a8e6c5e9def5c8e,fit,pcb1/Data/Images/Normal/0188.JPG,1404,1070,0.10057592147435897,False,,0.5905090928455414,"[85, 135, 1187, 940]","[161, 326, 1111, 749]"
83ce9a3b86c3675c94925a4e,fit,pcb1/Data/Images/Normal/0189.JPG,1404,1070,0.11398237179487179,False,,0.5942600580451047,"[134, 135, 1243, 940]","[211, 326, 1166, 749]"
15d9508324337b875670f947,fit,pcb1/Data/Images/Normal/0190.JPG,1404,1070,0.1150440705128205,False,,0.6167725057911974,"[95, 132, 1210, 963]","[172, 329, 1133, 766]"
a874b59b35950a97ccb5460c,calibration,pcb1/Data/Images/Normal/0191.JPG,1404,1070,0.11342648237179487,False,,0.5971110578587214,"[107, 128, 1209, 942]","[183, 321, 1133, 749]"
1e5e68e0329b0ca73274b4b5,fit,pcb1/Data/Images/Normal/0192.JPG,1404,1070,0.11455328525641026,False,,0.6007788161993769,"[129, 124, 1231, 943]","[205, 318, 1155, 749]"
36eb7440912b14f82d4f0a68,fit,pcb1/Data/Images/Normal/0193.JPG,1404,1070,0.11291566506410257,False,,0.6029794712037703,"[102, 112, 1204, 934]","[178, 307, 1128, 739]"
f7f29bc516d8bf1032c86519,fit,pcb1/Data/Images/Normal/0194.JPG,1404,1070,0.10894431089743589,False,,0.616406395612003,"[109, 123, 1218, 958]","[186, 321, 1141, 760]"
b4219175d4f101deb62b1e1b,fit,pcb1/Data/Images/Normal/0195.JPG,1404,1070,0.11760316506410257,False,,0.5968727534148095,"[87, 134, 1194, 944]","[164, 326, 1117, 752]"
6d36a77190afe991bdd3beaf,fit,pcb1/Data/Images/Normal/0197.JPG,1404,1070,0.10161758814102564,False,,0.5949982692973347,"[109, 121, 1218, 927]","[186, 312, 1141, 736]"
b951568d88267986c2ddff82,fit,pcb1/Data/Images/Normal/0198.JPG,1404,1070,0.11266025641025641,False,,0.5860265729424607,"[112, 137, 1218, 933]","[189, 326, 1141, 744]"
eb71064c90774c5dc6ff8f78,fit,pcb1/Data/Images/Normal/0199.JPG,1404,1070,0.11164863782051282,False,,0.5963775061905903,"[107, 138, 1209, 951]","[183, 331, 1133, 758]"
f494610fdaf77ce6cbdfb0d3,fit,pcb1/Data/Images/Normal/0200.JPG,1404,1070,0.11914563301282051,False,,0.5979511143062545,"[120, 126, 1229, 936]","[197, 318, 1152, 744]"
6aacc3e88c7b1fee9f8c4019,fit,pcb1/Data/Images/Normal/0201.JPG,1404,1070,0.11100761217948718,False,,0.6151130281971403,"[123, 121, 1235, 952]","[200, 318, 1158, 755]"
733cf3579a505b8802a8c9fc,calibration,pcb1/Data/Images/Normal/0202.JPG,1404,1070,0.11048177083333334,False,,0.5813982746225737,"[125, 142, 1232, 931]","[202, 329, 1155, 744]"
009cd3639a67c3e8ac9da12b,fit,pcb1/Data/Images/Normal/0203.JPG,1404,1070,0.09911358173076923,False,,0.6036624331016854,"[125, 129, 1235, 946]","[202, 323, 1158, 752]"
22247d3bbfdf9bd895ab2ac9,calibration,pcb1/Data/Images/Normal/0204.JPG,1404,1070,0.11259014423076923,False,,0.591307213036185,"[117, 141, 1226, 942]","[194, 331, 1149, 752]"
4dafa26196377a1e6132aa2a,calibration,pcb1/Data/Images/Normal/0205.JPG,1404,1070,0.11478365384615384,False,,0.6025294885107969,"[98, 128, 1210, 942]","[175, 321, 1133, 749]"
1b4035df675fd972579d4c16,fit,pcb1/Data/Images/Normal/0206.JPG,1404,1070,0.11229967948717949,False,,0.6103123252655963,"[106, 122, 1216, 948]","[183, 318, 1139, 752]"
ce80ae72436d84596ffaa522,fit,pcb1/Data/Images/Normal/0207.JPG,1404,1070,0.1065254407051282,False,,0.5918404025880661,"[103, 141, 1213, 942]","[180, 331, 1136, 752]"
2f36d93c0e7531d8cbd3f8fb,calibration,pcb1/Data/Images/Normal/0209.JPG,1404,1070,0.10650040064102564,False,,0.6031185930718641,"[101, 118, 1210, 935]","[178, 312, 1133, 741]"
dd2f8e22a40ca28b716d3418,fit,pcb1/Data/Images/Normal/0210.JPG,1404,1070,0.11450320512820512,False,,0.6017892802939532,"[93, 138, 1205, 951]","[170, 331, 1128, 758]"
2d4ee384e99cbef3dd97b9df,fit,pcb1/Data/Images/Normal/0211.JPG,1404,1070,0.10784755608974358,False,,0.5892057406076098,"[98, 145, 1210, 941]","[175, 334, 1133, 752]"
63f23e2fc4a87e66536e23d3,fit,pcb1/Data/Images/Normal/0212.JPG,1404,1070,0.10873397435897436,False,,0.5892057406076098,"[131, 137, 1243, 933]","[208, 326, 1166, 744]"
2ab8f47934ac1be3ea9e069e,calibration,pcb1/Data/Images/Normal/0213.JPG,1404,1070,0.11698717948717949,False,,0.591307213036185,"[117, 136, 1226, 937]","[194, 326, 1149, 747]"
e5c18f32ffcf933947d02a58,fit,pcb1/Data/Images/Normal/0216.JPG,1404,1070,0.11745292467948718,False,,0.591748542215832,"[145, 140, 1259, 938]","[222, 329, 1182, 749]"
ee66320bf7eb01a991a1e561,fit,pcb1/Data/Images/Normal/0217.JPG,1404,1070,0.11719751602564103,False,,0.599568655643422,"[145, 129, 1257, 939]","[222, 321, 1180, 747]"
b7efa09397f24e9b80cb6758,fit,pcb1/Data/Images/Normal/0218.JPG,1404,1070,0.1103916266025641,False,,0.6239955267992651,"[93, 115, 1205, 958]","[170, 315, 1128, 758]"
a93f8f679f4821573346dd3a,fit,pcb1/Data/Images/Normal/0219.JPG,1404,1070,0.10977063301282051,False,,0.587574886173017,"[151, 136, 1253, 937]","[227, 326, 1177, 747]"
f1b0dafdd8a8a80dd5b765fb,calibration,pcb1/Data/Images/Normal/0220.JPG,1404,1070,0.11459835737179487,False,,0.5912426445136726,"[154, 132, 1256, 938]","[230, 323, 1180, 747]"
60611d165a78aab7eb01b780,fit,pcb1/Data/Images/Normal/0221.JPG,1404,1070,0.10602964743589743,False,,0.6014870729824001,"[90, 143, 1196, 960]","[167, 337, 1119, 766]"
558c1de5d92b5f300ff8d7a4,fit,pcb1/Data/Images/Normal/0222.JPG,1404,1070,0.11357171474358975,False,,0.5881460180525601,"[114, 129, 1224, 925]","[191, 318, 1147, 736]"
83203b6a93dc2b164a5d9ce8,fit,pcb1/Data/Images/Normal/0223.JPG,1404,1070,0.11318108974358974,False,,0.5876161567750353,"[117, 132, 1226, 928]","[194, 321, 1149, 739]"
6257a4d8f1cbc9c83fba2d60,fit,pcb1/Data/Images/Normal/0224.JPG,1404,1070,0.10665064102564102,False,,0.5865564342199856,"[98, 148, 1205, 944]","[175, 337, 1128, 755]"
21a65ebf59d2ba6f5a645963,fit,pcb1/Data/Images/Normal/0225.JPG,1404,1070,0.10801282051282052,False,,0.6376068376068376,"[78, 107, 1197, 963]","[156, 310, 1119, 760]"
227991b4b74034e500f0df1c,calibration,pcb1/Data/Images/Normal/0226.JPG,1404,1070,0.11767828525641026,False,,0.591307213036185,"[134, 125, 1243, 926]","[211, 315, 1166, 736]"
7ec309f954d57e97db290d51,calibration,pcb1/Data/Images/Normal/0227.JPG,1404,1070,0.10693609775641026,False,,0.5955347871235722,"[114, 140, 1224, 946]","[191, 331, 1147, 755]"
e11c1f09840d4dc1ebd4d928,calibration,pcb1/Data/Images/Normal/0228.JPG,1404,1070,0.10980068108974358,False,,0.5892057406076098,"[114, 145, 1226, 941]","[191, 334, 1149, 752]"
43ee58770e40e876f08e8074,fit,pcb1/Data/Images/Normal/0229.JPG,1404,1070,0.11142327724358975,False,,0.5905090928455414,"[121, 116, 1223, 921]","[197, 307, 1147, 730]"
8ddb86f33af46de74f6cb3c0,fit,pcb1/Data/Images/Normal/0230.JPG,1404,1070,0.11025140224358974,False,,0.6029595015576324,"[145, 127, 1251, 946]","[222, 321, 1174, 752]"
0995d605d7742fc0e60c12be,fit,pcb1/Data/Images/Normal/0231.JPG,1404,1070,0.1067958733974359,False,,0.596333572969087,"[93, 118, 1199, 928]","[170, 310, 1122, 736]"
b540e2337d1ee579831d1275,fit,pcb1/Data/Images/Normal/0232.JPG,1404,1070,0.10860877403846154,False,,0.6093997124370956,"[114, 108, 1221, 935]","[191, 304, 1144, 739]"
a0f12f3555715d52a9a54e99,fit,pcb1/Data/Images/Normal/0233.JPG,1404,1070,0.11178886217948718,False,,0.6151130281971403,"[98, 110, 1210, 941]","[175, 307, 1133, 744]"
9a1e31c6e34ddd7689288f8d,calibration,pcb1/Data/Images/Normal/0234.JPG,1404,1070,0.11219451121794871,False,,0.5905090928455414,"[126, 130, 1228, 935]","[202, 321, 1152, 744]"
7ab749d4fd062c3c49f0ba2a,fit,pcb1/Data/Images/Normal/0235.JPG,1404,1070,0.11427283653846154,False,,0.5880301941049605,"[139, 121, 1246, 919]","[216, 310, 1169, 730]"
75e6d970a10dafc3054e0571,fit,pcb1/Data/Images/Normal/0236.JPG,1404,1070,0.10385116185897436,False,,0.5929067816918284,"[136, 133, 1248, 934]","[213, 323, 1171, 744]"
88c4bf09a5d57231f89b045c,fit,pcb1/Data/Images/Normal/0238.JPG,1404,1070,0.11694711538461539,False,,0.5968727534148095,"[114, 115, 1221, 925]","[191, 307, 1144, 733]"
7b28d70455b033b2dcf8fc9b,calibration,pcb1/Data/Images/Normal/0239.JPG,1404,1070,0.10642528044871795,False,,0.5993117128631147,"[148, 124, 1250, 941]","[224, 318, 1174, 747]"
b1e12102411c176bd5c55672,fit,pcb1/Data/Images/Normal/0240.JPG,1404,1070,0.10865384615384616,False,,0.604595015576324,"[134, 127, 1243, 946]","[211, 321, 1166, 752]"
1f4ef5622d6a1f36e4aa5bbe,fit,pcb1/Data/Images/Normal/0241.JPG,1404,1070,0.10625,False,,0.5876161567750353,"[131, 134, 1240, 930]","[208, 323, 1163, 741]"
cf294101d9cb58b00f86af20,calibration,pcb1/Data/Images/Normal/0242.JPG,1404,1070,0.11327123397435897,False,,0.6223120856298426,"[76, 112, 1185, 955]","[153, 312, 1108, 755]"
d3087ca15c39ea0c8f15bf17,fit,pcb1/Data/Images/Normal/0243.JPG,1404,1070,0.11197415865384615,False,,0.5878265037143542,"[98, 143, 1213, 935]","[175, 331, 1136, 747]"
dd4ad461de197a243a121525,fit,pcb1/Data/Images/Normal/0244.JPG,1404,1070,0.11126802884615385,False,,0.6024323028995926,"[135, 112, 1236, 934]","[211, 307, 1160, 739]"
88a7da897ac6bcbf16c8e69d,fit,pcb1/Data/Images/Normal/0245.JPG,1404,1070,0.10267928685897436,False,,0.6151130281971403,"[112, 118, 1224, 949]","[189, 315, 1147, 752]"
324000b9b0bca27635087469,calibration,pcb1/Data/Images/Normal/0246.JPG,1404,1070,0.11360677083333333,False,,0.5896237718667625,"[136, 140, 1246, 938]","[213, 329, 1169, 749]"
e3e937e4c7206cd43037de93,fit,pcb1/Data/Images/Normal/0247.JPG,1404,1070,0.11108774038461539,False,,0.6011861969805895,"[95, 129, 1210, 939]","[172, 321, 1133, 747]"
9dc7738247217dd257b2b574,fit,pcb1/Data/Images/Normal/0248.JPG,1404,1070,0.10978064903846153,False,,0.6103123252655963,"[84, 122, 1194, 948]","[161, 318, 1117, 752]"
baa55f7c3696feb74db32bba,fit,pcb1/Data/Images/Normal/0249.JPG,1404,1070,0.1151592548076923,False,,0.6029595015576324,"[123, 124, 1229, 943]","[200, 318, 1152, 749]"
9e7c13f8064b9fc62fe964d6,fit,pcb1/Data/Images/Normal/0250.JPG,1404,1070,0.11073717948717948,False,,0.6086628324946082,"[117, 125, 1224, 951]","[194, 321, 1147, 755]"
805980f7faa8c08b50072995,fit,pcb1/Data/Images/Normal/0251.JPG,1404,1070,0.10800280448717949,False,,0.6051681444204808,"[120, 120, 1226, 942]","[197, 315, 1149, 747]"
04b10b19c991ff0f07deda16,fit,pcb1/Data/Images/Normal/0252.JPG,1404,1070,0.11271534455128206,False,,0.596333572969087,"[120, 137, 1226, 947]","[197, 329, 1149, 755]"
536f8bb4ab868beb2e31f26d,calibration,pcb1/Data/Images/Normal/0253.JPG,1404,1070,0.1162459935897436,False,,0.6029595015576324,"[142, 124, 1248, 943]","[219, 318, 1171, 749]"
5c1bf30bc1a4f784d36c8062,fit,pcb1/Data/Images/Normal/0254.JPG,1404,1070,0.10760216346153846,False,,0.5968727534148095,"[114, 126, 1221, 936]","[191, 318, 1144, 744]"
e1b6e73ea1c1506d975ed678,calibration,pcb1/Data/Images/Normal/0255.JPG,1404,1070,0.11049178685897436,False,,0.582317543999787,"[110, 142, 1209, 938]","[186, 331, 1133, 749]"
fb5a9755e142923997483e54,fit,pcb1/Data/Images/Normal/0256.JPG,1404,1070,0.1094150641025641,False,,0.5966078227760471,"[114, 121, 1226, 927]","[191, 312, 1149, 736]"
7fa802d5b3d7b7590197ff36,fit,pcb1/Data/Images/Normal/0257.JPG,1404,1070,0.11586538461538462,False,,0.5839071278323614,"[96, 148, 1198, 944]","[172, 337, 1122, 755]"
b7e0bb24f27963017f1a9f09,fit,pcb1/Data/Images/Normal/0258.JPG,1404,1070,0.11045172275641026,False,,0.5862449077402349,"[123, 135, 1235, 927]","[200, 323, 1158, 739]"
9e3ff6a52f10ae8e139d3c38,fit,pcb1/Data/Images/Normal/0259.JPG,1404,1070,0.11536959134615385,False,,0.6140067098011023,"[103, 124, 1213, 955]","[180, 321, 1136, 758]"
13d984a7b264eb7393bb4bbb,fit,pcb1/Data/Images/Normal/0260.JPG,1404,1070,0.11228966346153846,False,,0.598490294751977,"[103, 129, 1213, 939]","[180, 321, 1136, 747]"
6a57e03e1905b5c4210bc584,fit,pcb1/Data/Images/Normal/0262.JPG,1404,1070,0.11675681089743589,False,,0.5968727534148095,"[125, 118, 1232, 928]","[202, 310, 1155, 736]"
aefb29f0a27380abd8a7072a,fit,pcb1/Data/Images/Normal/0263.JPG,1404,1070,0.11911558493589744,False,,0.6029794712037703,"[129, 128, 1231, 950]","[205, 323, 1155, 755]"
b1a39c8c93fe4d79d6ff8d44,fit,pcb1/Data/Images/Normal/0264.JPG,1404,1070,0.11647636217948718,False,,0.5993117128631147,"[104, 132, 1206, 949]","[180, 326, 1130, 755]"
8ea3847f318908af74ca363c,fit,pcb1/Data/Images/Normal/0265.JPG,1404,1070,0.11144831730769231,False,,0.6086628324946082,"[125, 122, 1232, 948]","[202, 318, 1155, 752]"
819331f44b9bfe36ff4bf476,fit,pcb1/Data/Images/Normal/0266.JPG,1404,1070,0.11502403846153846,False,,0.5876161567750353,"[142, 142, 1251, 938]","[219, 331, 1174, 749]"
75eaffb01baa039eb6d5f71b,fit,pcb1/Data/Images/Normal/0267.JPG,1404,1070,0.11658153044871795,False,,0.5979511143062545,"[139, 126, 1248, 936]","[216, 318, 1171, 744]"
a2c949a8138f285341e36b2f,calibration,pcb1/Data/Images/Normal/0268.JPG,1404,1070,0.1173026842948718,False,,0.5949982692973347,"[120, 132, 1229, 938]","[197, 323, 1152, 747]"
d7a9145ce01694bff79df75d,calibration,pcb1/Data/Images/Normal/0269.JPG,1404,1070,0.11189903846153847,False,,0.6020309130122214,"[161, 116, 1268, 933]","[238, 310, 1191, 739]"
1521c7bdee93d552208d03d3,fit,pcb1/Data/Images/Normal/0270.JPG,1404,1070,0.09919871794871794,False,,0.6123472322070453,"[106, 129, 1213, 960]","[183, 326, 1136, 763]"
3d9a63ef1fa66bf91e525440,fit,pcb1/Data/Images/Normal/0271.JPG,1404,1070,0.11379707532051282,False,,0.5979511143062545,"[131, 148, 1240, 958]","[208, 340, 1163, 766]"
5d0f2dad7d48724f02a696a2,fit,pcb1/Data/Images/Normal/0272.JPG,1404,1070,0.11355669070512821,False,,0.591307213036185,"[117, 136, 1226, 937]","[194, 326, 1149, 747]"
8d754e60af04c510870195a0,fit,pcb1/Data/Images/Normal/0273.JPG,1404,1070,0.11766326121794872,False,,0.5939252336448598,"[114, 124, 1221, 930]","[191, 315, 1144, 739]"
daca2d861b6d4fd1ea336571,fit,pcb1/Data/Images/Normal/0274.JPG,1404,1070,0.11327624198717949,False,,0.5939252336448598,"[117, 140, 1224, 946]","[194, 331, 1147, 755]"
246401551a490c038fea39f9,calibration,pcb1/Data/Images/Normal/0275.JPG,1404,1070,0.10864383012820512,False,,0.5958676145592033,"[101, 146, 1213, 951]","[178, 337, 1136, 760]"
87fbd4752229b1af092fadbf,fit,pcb1/Data/Images/Normal/0276.JPG,1404,1070,0.1057391826923077,False,,0.599568655643422,"[117, 134, 1229, 944]","[194, 326, 1152, 752]"
ef9e40f88efa54ae539304c5,fit,pcb1/Data/Images/Normal/0277.JPG,1404,1070,0.11101262019230769,False,,0.5874990015176931,"[90, 140, 1196, 938]","[167, 329, 1119, 749]"
7c3fa4f3ec7844bba589fc1b,fit,pcb1/Data/Images/Normal/0278.JPG,1404,1070,0.11238982371794871,False,,0.594176851186197,"[118, 126, 1220, 936]","[194, 318, 1144, 744]"
2d8cb21136a9201405edf1b5,fit,pcb1/Data/Images/Normal/0279.JPG,1404,1070,0.11176883012820513,False,,0.6011861969805895,"[117, 131, 1232, 941]","[194, 323, 1155, 749]"
b5272bd6ecfc66e59e34ad6f,fit,pcb1/Data/Images/Normal/0280.JPG,1404,1070,0.11479366987179487,False,,0.5881460180525601,"[158, 129, 1268, 925]","[235, 318, 1191, 736]"
c7d7069e6440bce13d75f421,fit,pcb1/Data/Images/Normal/0281.JPG,1404,1070,0.11093249198717949,False,,0.6097624943419336,"[98, 122, 1207, 948]","[175, 318, 1130, 752]"
1240ac28d17f51ba5c00837b,fit,pcb1/Data/Images/Normal/0282.JPG,1404,1070,0.1110176282051282,False,,0.6035046728971962,"[150, 105, 1257, 924]","[227, 299, 1180, 730]"
af05ccec25502117ca3f9a04,fit,pcb1/Data/Images/Normal/0283.JPG,1404,1070,0.11309595352564103,False,,0.5966078227760471,"[139, 143, 1251, 949]","[216, 334, 1174, 758]"
91a53ffa9a9338037b8e17c8,calibration,pcb1/Data/Images/Normal/0284.JPG,1404,1070,0.11066706730769231,False,,0.628653779588359,"[151, 131, 1253, 988]","[227, 334, 1177, 785]"
a9be01d87459f30144024b64,fit,pcb1/Data/Images/Normal/0285.JPG,1404,1070,0.10803786057692308,False,,0.5985422158319355,"[142, 138, 1248, 951]","[219, 331, 1171, 758]"
f08c47f4332a0ca4a5ddd327,fit,pcb1/Data/Images/Normal/0287.JPG,1404,1070,0.1134715544871795,False,,0.598490294751977,"[95, 123, 1205, 933]","[172, 315, 1128, 741]"
47116b444c82d0369db43d96,calibration,pcb1/Data/Images/Normal/0288.JPG,1404,1070,0.11242487980769231,False,,0.6073568176371915,"[106, 128, 1216, 950]","[183, 323, 1139, 755]"
5a18d7e0e87db7400eaa225c,fit,pcb1/Data/Images/Normal/0289.JPG,1404,1070,0.11678685897435898,False,,0.5942600580451047,"[109, 127, 1218, 932]","[186, 318, 1141, 741]"
24b3c56123ac64d1a9558c5c,calibration,pcb1/Data/Images/Normal/0290.JPG,1404,1070,0.10495292467948718,False,,0.6024323028995926,"[83, 147, 1184, 969]","[159, 342, 1108, 774]"
e6609a47285a2ca7bfb00eb9,calibration,pcb1/Data/Images/Normal/0291.JPG,1404,1070,0.10960036057692307,False,,0.596333572969087,"[145, 129, 1251, 939]","[222, 321, 1174, 747]"
c0d503761e44e89054546681,fit,pcb1/Data/Images/Normal/0292.JPG,1404,1070,0.1145683092948718,False,,0.6031185930718641,"[134, 121, 1243, 938]","[211, 315, 1166, 744]"
e3c620f36e2c8b42669883e5,calibration,pcb1/Data/Images/Normal/0293.JPG,1404,1070,0.11326121794871795,False,,0.591307213036185,"[109, 133, 1218, 934]","[186, 323, 1141, 744]"
9b6ce10b25e555cba4aba46a,fit,pcb1/Data/Images/Normal/0295.JPG,1404,1070,0.11154346955128205,False,,0.5897076443805416,"[112, 136, 1218, 937]","[189, 326, 1141, 747]"
f393274be3847e33f5ac073b,fit,pcb1/Data/Images/Normal/0296.JPG,1404,1070,0.10555889423076924,False,,0.5874990015176931,"[82, 132, 1188, 930]","[159, 321, 1111, 741]"
8ac236c9482943a0fd765323,fit,pcb1/Data/Images/Normal/0298.JPG,1404,1070,0.11658653846153846,False,,0.6047501131613281,"[101, 143, 1213, 960]","[178, 337, 1136, 766]"
1f2456bc9a154f9512de9b64,fit,pcb1/Data/Images/Normal/0299.JPG,1404,1070,0.11239483173076924,False,,0.5933887158186224,"[123, 132, 1229, 938]","[200, 323, 1152, 747]"
32f11b88ebf1c0d458dad8d3,fit,pcb1/Data/Images/Normal/0300.JPG,1404,1070,0.11013120993589744,False,,0.618814069281359,"[112, 103, 1224, 939]","[189, 301, 1147, 741]"
234dc1c4cebdbd3e6d5e5727,calibration,pcb1/Data/Images/Normal/0301.JPG,1404,1070,0.11079727564102564,False,,0.6160316319194824,"[139, 120, 1246, 956]","[216, 318, 1169, 758]"
1ecac2e7140d516b873b5746,fit,pcb1/Data/Images/Normal/0302.JPG,1404,1070,0.10883413461538462,False,,0.5998202731847592,"[95, 128, 1202, 942]","[172, 321, 1125, 749]"
88f40bec509ce6e57bea78d9,calibration,pcb1/Data/Images/Normal/0304.JPG,1404,1070,0.1075020032051282,False,,0.5830817157919962,"[112, 124, 1218, 916]","[189, 312, 1141, 728]"
327de82fac55468d2d3a7dd7,fit,pcb1/Data/Images/Normal/0305.JPG,1404,1070,0.11197415865384615,False,,0.5824486780094257,"[128, 134, 1237, 923]","[205, 321, 1160, 736]"
b984b329871f0e84f5fd4de2,fit,pcb1/Data/Images/Normal/0307.JPG,1404,1070,0.11469350961538462,False,,0.597475171073302,"[95, 127, 1210, 932]","[172, 318, 1133, 741]"
06a2536925aca2673e4f022e,fit,pcb1/Data/Images/Normal/0308.JPG,1404,1070,0.10692608173076923,False,,0.6084511542455467,"[84, 117, 1196, 939]","[161, 312, 1119, 744]"
2b4b6352c349b3d52ed92754,fit,pcb1/Data/Images/Normal/0309.JPG,1404,1070,0.11003104967948718,False,,0.6260031418909924,"[123, 122, 1232, 970]","[200, 323, 1155, 769]"
97a12b10cd4059a0d96d7b1c,fit,pcb1/Data/Images/Normal/0310.JPG,1404,1070,0.11394230769230769,False,,0.5897076443805416,"[134, 125, 1240, 926]","[211, 315, 1163, 736]"
0336057f9171642b8e58ca9b,fit,pcb1/Data/Images/Normal/0311.JPG,1404,1070,0.109765625,False,,0.6173336528476715,"[142, 133, 1254, 967]","[219, 331, 1177, 769]"
5f82d1a18d37b5b71f0e3e13,fit,pcb1/Data/Images/Normal/0312.JPG,1404,1070,0.1035506810897436,False,,0.6117940730090263,"[82, 126, 1188, 957]","[159, 323, 1111, 760]"
e5ea460098f78f89058a7af5,fit,pcb1/Data/Images/Normal/0313.JPG,1404,1070,0.11145833333333334,False,,0.5860265729424607,"[131, 142, 1237, 938]","[208, 331, 1160, 749]"
b7567bf06817bd7baf211db1,fit,pcb1/Data/Images/Normal/0314.JPG,1404,1070,0.11197415865384615,False,,0.594176851186197,"[118, 129, 1220, 939]","[194, 321, 1144, 747]"
b7e5c36b0fcc32f8da70f625,fit,pcb1/Data/Images/Normal/0315.JPG,1404,1070,0.11316105769230769,False,,0.5982173762547595,"[84, 132, 1199, 938]","[161, 323, 1122, 747]"
5c2fb8f176203529b320c33d,fit,pcb1/Data/Images/Normal/0316.JPG,1404,1070,0.10522335737179488,False,,0.6031185930718641,"[120, 129, 1229, 946]","[197, 323, 1152, 752]"
1c3b47236e79243b77075512,fit,pcb1/Data/Images/Normal/0317.JPG,1404,1070,0.10959034455128205,False,,0.5905090928455414,"[85, 127, 1187, 932]","[161, 318, 1111, 741]"
4f2e92e1b80cd39c3cba6440,fit,pcb1/Data/Images/Normal/0318.JPG,1404,1070,0.11186899038461538,False,,0.594176851186197,"[91, 126, 1193, 936]","[167, 318, 1117, 744]"
450e892105e6d6a38e7e129c,fit,pcb1/Data/Images/Normal/0319.JPG,1404,1070,0.1125,False,,0.6323588146018052,"[109, 113, 1224, 965]","[186, 315, 1147, 763]"
38e660db89e34c52bdd410d7,fit,pcb1/Data/Images/Normal/0321.JPG,1404,1070,0.11500901442307693,False,,0.6123472322070453,"[128, 121, 1235, 952]","[205, 318, 1158, 755]"
6e2433682189e3d2ce556573,fit,pcb1/Data/Images/Normal/0322.JPG,1404,1070,0.11089743589743589,False,,0.5968727534148095,"[158, 134, 1265, 944]","[235, 326, 1188, 752]"
a233a3f48172c63ee3e1806d,calibration,pcb1/Data/Images/Normal/0323.JPG,1404,1070,0.1163661858974359,False,,0.6081130015709455,"[134, 111, 1240, 937]","[211, 307, 1163, 741]"
3e422aa56ea3f356fce6def4,calibration,pcb1/Data/Images/Normal/0324.JPG,1404,1070,0.11568509615384616,False,,0.6097624943419336,"[142, 122, 1251, 948]","[219, 318, 1174, 752]"
8d077417dac7a451e93c53f1,calibration,pcb1/Data/Images/Normal/0325.JPG,1404,1070,0.10589943910256411,False,,0.6001078360891445,"[103, 134, 1216, 944]","[180, 326, 1139, 752]"
c16f99d1343b93c818bca622,calibration,pcb1/Data/Images/Normal/0326.JPG,1404,1070,0.11325620993589744,False,,0.6078660436137072,"[84, 124, 1199, 943]","[161, 318, 1122, 749]"
a9d0ff3cc6fb5dab5212ac12,fit,pcb1/Data/Images/Normal/0327.JPG,1404,1070,0.10934995993589744,False,,0.6002336448598131,"[124, 124, 1225, 943]","[200, 318, 1149, 749]"
21eca792f54b686012c5c7ae,fit,pcb1/Data/Images/Normal/0328.JPG,1404,1070,0.11207932692307693,False,,0.618814069281359,"[131, 109, 1243, 945]","[208, 307, 1166, 747]"
a295a8c6aa450d3d4f552f13,fit,pcb1/Data/Images/Normal/0329.JPG,1404,1070,0.1135516826923077,False,,0.6100926591580798,"[158, 120, 1273, 942]","[235, 315, 1196, 747]"
b84c63039a63bf730ebdebb1,fit,pcb1/Data/Images/Normal/0330.JPG,1404,1070,0.10886418269230769,False,,0.6151130281971403,"[106, 85, 1218, 916]","[183, 282, 1141, 719]"
12ba5a50e7241c96aa552c05,fit,pcb1/Data/Images/Normal/0331.JPG,1404,1070,0.11062700320512821,False,,0.591307213036185,"[134, 114, 1243, 915]","[211, 304, 1166, 725]"
2d869e49280e98d4f624cdc6,fit,pcb1/Data/Images/Normal/0332.JPG,1404,1070,0.11080228365384616,False,,0.6441409058231489,"[83, 121, 1203, 985]","[161, 326, 1125, 780]"
e5f3751472ef268122f4ebd7,calibration,pcb1/Data/Images/Normal/0334.JPG,1404,1070,0.10905448717948718,False,,0.6086628324946082,"[73, 133, 1180, 959]","[150, 329, 1103, 763]"
9950038ac10495ac90e01fd8,fit,pcb1/Data/Images/Normal/0335.JPG,1404,1070,0.11450320512820512,False,,0.6114119871129217,"[112, 122, 1224, 948]","[189, 318, 1147, 752]"
eec0fc6ef0bb51e01c77b789,fit,pcb1/Data/Images/Normal/0336.JPG,1404,1070,0.11014623397435898,False,,0.6251178209122135,"[112, 112, 1226, 955]","[189, 312, 1149, 755]"
cd0de5b2186c92b842b4814a,fit,pcb1/Data/Images/Normal/0337.JPG,1404,1070,0.11526442307692308,False,,0.5963775061905903,"[151, 119, 1253, 932]","[227, 312, 1177, 739]"
da9443ca80beecb493467926,fit,pcb1/Data/Images/Normal/0338.JPG,1404,1070,0.1083183092948718,False,,0.6068096493330138,"[98, 139, 1207, 961]","[175, 334, 1130, 766]"
756021a17afa68fce3c94973,calibration,pcb1/Data/Images/Normal/0339.JPG,1404,1070,0.11161858974358975,False,,0.6162233405224059,"[73, 133, 1183, 967]","[150, 331, 1106, 769]"
329683efc579c51b53f71da8,fit,pcb1/Data/Images/Normal/0340.JPG,1404,1070,0.11148838141025641,False,,0.6114119871129217,"[125, 125, 1237, 951]","[202, 321, 1160, 755]"
537b9f873acf48eb2022de16,fit,pcb1/Data/Images/Normal/0341.JPG,1404,1070,0.11318609775641025,False,,0.5993117128631147,"[118, 113, 1220, 930]","[194, 307, 1144, 736]"
e886a4200bf8dd2df2c08208,calibration,pcb1/Data/Images/Normal/0342.JPG,1404,1070,0.11201422275641025,False,,0.6117940730090263,"[134, 113, 1240, 944]","[211, 310, 1163, 747]"
2fb5196803f6c730af314161,fit,pcb1/Data/Images/Normal/0343.JPG,1404,1070,0.10427684294871795,False,,0.5993117128631147,"[137, 137, 1239, 954]","[213, 331, 1163, 760]"
211edff6d9d81f2a05d576a3,calibration,pcb1/Data/Images/Normal/0344.JPG,1404,1070,0.11415765224358974,False,,0.6086628324946082,"[136, 125, 1243, 951]","[213, 321, 1166, 755]"
b36b70847afb10b7d1772c50,fit,pcb1/Data/Images/Normal/0345.JPG,1404,1070,0.11334635416666666,False,,0.5971110578587214,"[121, 128, 1223, 942]","[197, 321, 1147, 749]"
a6a57f9e79100cebf512f1db,calibration,pcb1/Data/Images/Normal/0346.JPG,1404,1070,0.11577023237179487,False,,0.5939731607955907,"[134, 133, 1248, 934]","[211, 323, 1171, 744]"
5f54a832376b920cdc467195,fit,pcb1/Data/Images/Normal/0347.JPG,1404,1070,0.10871895032051282,False,,0.6036624331016854,"[103, 140, 1213, 957]","[180, 334, 1136, 763]"
802a5413ddda0015be13fdaa,fit,pcb1/Data/Images/Normal/0348.JPG,1404,1070,0.11313100961538461,False,,0.6336182336182337,"[145, 118, 1257, 974]","[222, 321, 1180, 771]"
e76382313fb64f5a0099633f,fit,pcb1/Data/Images/Normal/0349.JPG,1404,1070,0.1194110576923077,False,,0.6262481028836169,"[105, 122, 1225, 962]","[183, 321, 1147, 763]"
a5544cf8c3f4495df7d798ea,fit,pcb1/Data/Images/Normal/0350.JPG,1404,1070,0.1134765625,False,,0.618814069281359,"[114, 120, 1226, 956]","[191, 318, 1149, 758]"
7c25bbd729f4e67f0ba3b0c3,calibration,pcb1/Data/Images/Normal/0351.JPG,1404,1070,0.11380208333333333,False,,0.582317543999787,"[126, 132, 1225, 928]","[202, 321, 1149, 739]"
f8040df5a0c034645db9d18b,fit,pcb1/Data/Images/Normal/0352.JPG,1404,1070,0.11457832532051282,False,,0.5899732406741752,"[135, 138, 1236, 943]","[211, 329, 1160, 752]"
dfbe513d6531461f0ef29a6a,fit,pcb1/Data/Images/Normal/0353.JPG,1404,1070,0.11306590544871795,False,,0.5865564342199856,"[117, 140, 1224, 936]","[194, 329, 1147, 747]"
f7078c0d837ef2e368882049,fit,pcb1/Data/Images/Normal/0354.JPG,1404,1070,0.11316105769230769,False,,0.5929067816918284,"[139, 136, 1251, 937]","[216, 326, 1174, 747]"
407ddd75b9a741fbf7c2fc56,calibration,pcb1/Data/Images/Normal/0355.JPG,1404,1070,0.11005108173076923,False,,0.5862449077402349,"[114, 143, 1226, 935]","[191, 331, 1149, 747]"
874774544d8697c2062abaed,fit,pcb1/Data/Images/Normal/0356.JPG,1404,1070,0.11341145833333334,False,,0.582317543999787,"[124, 132, 1223, 928]","[200, 321, 1147, 739]"
c1ff20ff899dc91318e1d07f,fit,pcb1/Data/Images/Normal/0357.JPG,1404,1070,0.10314002403846154,False,,0.604595015576324,"[139, 124, 1248, 943]","[216, 318, 1171, 749]"
dfcd151cdd744ec8b82ef4cb,calibration,pcb1/Data/Images/Normal/0358.JPG,1404,1070,0.10145733173076923,False,,0.5897076443805416,"[120, 136, 1226, 937]","[197, 326, 1149, 747]"
fa0627dfc5562d2d1ffb7450,fit,pcb1/Data/Images/Normal/0359.JPG,1404,1070,0.10868890224358975,False,,0.5942600580451047,"[117, 127, 1226, 932]","[194, 318, 1149, 741]"
f8d5bac9c8363fd36181c874,fit,pcb1/Data/Images/Normal/0360.JPG,1404,1070,0.10850861378205129,False,,0.5982386772106398,"[149, 136, 1271, 937]","[227, 326, 1193, 747]"
85585001e772ec3cedc01ff3,fit,pcb1/Data/Images/Normal/0361.JPG,1404,1070,0.1103515625,False,,0.580972921159837,"[162, 135, 1264, 927]","[238, 323, 1188, 739]"
3c063837833ad63bde2626f8,fit,pcb1/Data/Images/Normal/0362.JPG,1404,1070,0.11272536057692308,False,,0.6014870729824001,"[123, 116, 1229, 933]","[200, 310, 1152, 739]"
7b748b5aa4e5e5bc0cc83a80,fit,pcb1/Data/Images/Normal/0364.JPG,1404,1070,0.10916967147435898,False,,0.5846633117661155,"[117, 143, 1226, 935]","[194, 331, 1149, 747]"
1331a43b8f8468b25687bbb1,calibration,pcb1/Data/Images/Normal/0365.JPG,1404,1070,0.10793269230769231,False,,0.596333572969087,"[131, 137, 1237, 947]","[208, 329, 1160, 755]"
7c0723e796cc05b0a21cce5f,fit,pcb1/Data/Images/Normal/0366.JPG,1404,1070,0.11524939903846154,False,,0.5839071278323614,"[91, 142, 1193, 938]","[167, 331, 1117, 749]"
0782ee2d3e27c17669e754fd,calibration,pcb1/Data/Images/Normal/0367.JPG,1404,1070,0.11541967147435897,False,,0.6047501131613281,"[101, 124, 1213, 941]","[178, 318, 1136, 747]"
de9b5b17edfdfe734011cfa4,fit,pcb1/Data/Images/Normal/0368.JPG,1404,1070,0.11285056089743589,False,,0.6095814362169503,"[151, 121, 1253, 952]","[227, 318, 1177, 755]"
d541e836f6ba68faa6688c9d,fit,pcb1/Data/Images/Normal/0369.JPG,1404,1070,0.11700721153846154,False,,0.6084511542455467,"[106, 109, 1218, 931]","[183, 304, 1141, 736]"
ea6c797466588fd922c5de39,fit,pcb1/Data/Images/Normal/0370.JPG,1404,1070,0.11844451121794872,False,,0.6073208722741433,"[93, 124, 1207, 943]","[170, 318, 1130, 749]"
29e44f2b4f980e145cc4125b,calibration,pcb1/Data/Images/Normal/0371.JPG,1404,1070,0.11788361378205128,False,,0.6306574007508587,"[60, 124, 1172, 976]","[137, 326, 1095, 774]"
7aa55770f9e1abd445c97c6d,fit,pcb1/Data/Images/Normal/0372.JPG,1404,1070,0.11259014423076923,False,,0.5824486780094257,"[117, 134, 1226, 923]","[194, 321, 1149, 736]"
12def0a47aa043439d178972,fit,pcb1/Data/Images/Normal/0373.JPG,1404,1070,0.11078725961538462,False,,0.6047501131613281,"[142, 118, 1254, 935]","[219, 312, 1177, 741]"
9b0c2d44438a3efb3600736a,fit,pcb1/Data/Images/Normal/0374.JPG,1404,1070,0.10537860576923076,False,,0.6151130281971403,"[82, 126, 1194, 957]","[159, 323, 1117, 760]"
b15ae60e68dff16aade2e419,fit,pcb1/Data/Images/Normal/0375.JPG,1404,1070,0.10662560096153846,False,,0.5949982692973347,"[128, 140, 1237, 946]","[205, 331, 1160, 755]"
605944fd8272a0a3f3c61ab4,fit,pcb1/Data/Images/Normal/0376.JPG,1404,1070,0.1090244391025641,False,,0.5899732406741752,"[124, 130, 1225, 935]","[200, 321, 1149, 744]"
8d1384cdea9081ff9ee66728,fit,pcb1/Data/Images/Normal/0378.JPG,1404,1070,0.10483273237179487,False,,0.596333572969087,"[120, 129, 1226, 939]","[197, 321, 1149, 747]"
f0255799928a080b703707e8,calibration,pcb1/Data/Images/Normal/0379.JPG,1404,1070,0.11225961538461539,False,,0.5931883537023724,"[150, 130, 1257, 935]","[227, 321, 1180, 744]"
825a1b23f7b0d75436750d93,fit,pcb1/Data/Images/Normal/0380.JPG,1404,1070,0.11702223557692308,False,,0.6081130015709455,"[153, 111, 1259, 937]","[230, 307, 1182, 741]"
fe191a0f5ae4e2fdc30865c4,calibration,pcb1/Data/Images/Normal/0381.JPG,1404,1070,0.1142928685897436,False,,0.5813982746225737,"[150, 139, 1257, 928]","[227, 326, 1180, 741]"
8bfa9eda7753f68919d5f5b2,fit,pcb1/Data/Images/Normal/0382.JPG,1404,1070,0.1086338141025641,False,,0.6014458023803818,"[147, 128, 1257, 942]","[224, 321, 1180, 749]"
0f10ec6b2c6099afc1ecdf33,calibration,pcb1/Data/Images/Normal/0383.JPG,1404,1070,0.10708133012820513,False,,0.5794958330005059,"[117, 148, 1226, 933]","[194, 334, 1149, 747]"
7c82c52bae96e3de9eb55c46,fit,pcb1/Data/Images/Normal/0384.JPG,1404,1070,0.10167267628205129,False,,0.5865564342199856,"[103, 134, 1210, 930]","[180, 323, 1133, 741]"
0b623855dc284fbf3963690c,fit,pcb1/Data/Images/Normal/0385.JPG,1404,1070,0.11087239583333333,False,,0.5902408339324228,"[128, 141, 1235, 942]","[205, 331, 1158, 752]"
802b8776e6e8022705bfa739,fit,pcb1/Data/Images/Normal/0386.JPG,1404,1070,0.1146083733974359,False,,0.6323588146018052,"[79, 99, 1194, 951]","[156, 301, 1117, 749]"
f882a0ca74adfbbded05504a,fit,pcb1/Data/Images/Normal/0387.JPG,1404,1070,0.12122896634615385,False,,0.6011861969805895,"[114, 134, 1229, 944]","[191, 326, 1152, 752]"
88a81931af12ae641c3003e2,calibration,pcb1/Data/Images/Normal/0388.JPG,1404,1070,0.10903445512820513,False,,0.587574886173017,"[140, 133, 1242, 934]","[216, 323, 1166, 744]"
b8c1aa202c435cfafd7ff1ed,fit,pcb1/Data/Images/Normal/0389.JPG,1404,1070,0.10975560897435897,False,,0.5949982692973347,"[134, 132, 1243, 938]","[211, 323, 1166, 747]"
79f7638434c26e85711b79ab,calibration,pcb1/Data/Images/Normal/0390.JPG,1404,1070,0.1092197516025641,False,,0.6132491945576057,"[132, 101, 1234, 937]","[208, 299, 1158, 739]"
02942ca02fdcb799d7cb7726,fit,pcb1/Data/Images/Normal/0391.JPG,1404,1070,0.112109375,False,,0.6306574007508587,"[101, 94, 1213, 946]","[178, 296, 1136, 744]"
52ed4da2285d211f61ff5e8e,fit,pcb1/Data/Images/Normal/0392.JPG,1404,1070,0.1026141826923077,False,,0.5979511143062545,"[109, 123, 1218, 933]","[186, 315, 1141, 741]"
8daccd55625a20f9d7bcd504,fit,pcb1/Data/Images/Normal/0393.JPG,1404,1070,0.10539863782051281,False,,0.587574886173017,"[118, 133, 1220, 934]","[194, 323, 1144, 744]"
c743bb2801fc5b5e45261132,fit,pcb1/Data/Images/Normal/0395.JPG,1404,1070,0.11543970352564102,False,,0.587574886173017,"[132, 136, 1234, 937]","[208, 326, 1158, 747]"
d03b423ac174ea78bf4a6637,fit,pcb1/Data/Images/Normal/0396.JPG,1404,1070,0.11130308493589744,False,,0.6177010943366084,"[114, 109, 1224, 945]","[191, 307, 1147, 747]"
79b469d527171ee55c5adc04,fit,pcb1/Data/Images/Normal/0397.JPG,1404,1070,0.11176382211538462,False,,0.598490294751977,"[125, 126, 1235, 936]","[202, 318, 1158, 744]"
94840b6b6d3b3942dc01dd23,fit,pcb1/Data/Images/Normal/0398.JPG,1404,1070,0.11717247596153846,False,,0.6130614798839098,"[103, 125, 1218, 951]","[180, 321, 1141, 755]"
81f7959be88c5f860c5fc715,fit,pcb1/Data/Images/Normal/0399.JPG,1404,1070,0.10723657852564103,False,,0.6020309130122214,"[98, 105, 1205, 922]","[175, 299, 1128, 728]"
9e5bf038c530c2e6cf8f8f1e,calibration,pcb1/Data/Images/Normal/0401.JPG,1404,1070,0.11522435897435897,False,,0.5993117128631147,"[102, 113, 1204, 930]","[178, 307, 1128, 736]"
50086bd6ca8500ae698af9ac,fit,pcb1/Data/Images/Normal/0403.JPG,1404,1070,0.11374699519230769,False,,0.615475144447107,"[134, 109, 1240, 945]","[211, 307, 1163, 747]"
2e3c583d219c937858797cbc,fit,pcb1/Data/Images/Normal/0404.JPG,1404,1070,0.11533453525641026,False,,0.618814069281359,"[98, 109, 1210, 945]","[175, 307, 1133, 747]"
c2d577dad4e3bb69b38f6b0d,fit,pcb1/Data/Images/Normal/0405.JPG,1404,1070,0.1111328125,False,,0.6047501131613281,"[87, 118, 1199, 935]","[164, 312, 1122, 741]"
e3f0081cc53bd43ee9d33f0d,calibration,pcb1/Data/Images/Normal/0406.JPG,1404,1070,0.11514923878205129,False,,0.596333572969087,"[101, 126, 1207, 936]","[178, 318, 1130, 744]"
e198308262ce13324faec9fd,fit,pcb1/Data/Images/Normal/0407.JPG,1404,1070,0.11480368589743589,False,,0.5897076443805416,"[120, 136, 1226, 937]","[197, 326, 1149, 747]"
5f34a712a16e40dddf28b3ba,fit,pcb1/Data/Images/Normal/0408.JPG,1404,1070,0.1084785657051282,False,,0.6014870729824001,"[120, 129, 1226, 946]","[197, 323, 1149, 752]"
e2d24e5a47106bd7023a7d65,fit,pcb1/Data/Images/Normal/0409.JPG,1404,1070,0.12123898237179487,False,,0.6100926591580798,"[109, 128, 1224, 950]","[186, 323, 1147, 755]"
aca91e96d9d3f5996c509b6c,fit,pcb1/Data/Images/Normal/0410.JPG,1404,1070,0.10961538461538461,False,,0.5905090928455414,"[143, 119, 1245, 924]","[219, 310, 1169, 733]"
51dbbd7c11fe090443b43b07,fit,pcb1/Data/Images/Normal/0411.JPG,1404,1070,0.11258012820512821,False,,0.6140067098011023,"[114, 121, 1224, 952]","[191, 318, 1147, 755]"
e07a60e9493523db2330e39e,fit,pcb1/Data/Images/Normal/0412.JPG,1404,1070,0.11322115384615385,False,,0.599568655643422,"[156, 129, 1268, 939]","[233, 321, 1191, 747]"
7a0a7f5587546bec8f98d482,calibration,pcb1/Data/Images/Normal/0413.JPG,1404,1070,0.10852864583333334,False,,0.5865564342199856,"[98, 129, 1205, 925]","[175, 318, 1128, 736]"
e98f1317607860c501b2cee1,fit,pcb1/Data/Images/Normal/0414.JPG,1404,1070,0.11616085737179487,False,,0.6029595015576324,"[156, 124, 1262, 943]","[233, 318, 1185, 749]"
6d572dc3c3542f6f662ad217,calibration,pcb1/Data/Images/Normal/0415.JPG,1404,1070,0.10907451923076923,False,,0.6035046728971962,"[73, 124, 1180, 943]","[150, 318, 1103, 749]"
6d1104b9ed5d737c509d9e3c,fit,pcb1/Data/Images/Normal/0416.JPG,1404,1070,0.10899439102564103,False,,0.5936376707404745,"[124, 129, 1225, 939]","[200, 321, 1149, 747]"
b2d67f8bb481dbdac6986bd2,calibration,pcb1/Data/Images/Normal/0418.JPG,1404,1070,0.100390625,False,,0.591307213036185,"[145, 111, 1254, 912]","[222, 301, 1177, 722]"
fa425b55ae4649a7440cdfd7,fit,pcb1/Data/Images/Normal/0419.JPG,1404,1070,0.10829326923076923,False,,0.5912426445136726,"[107, 124, 1209, 930]","[183, 315, 1133, 739]"
e18500f9d7040f601d0fb801,fit,pcb1/Data/Images/Normal/0420.JPG,1404,1070,0.10153745993589744,False,,0.5839071278323614,"[104, 134, 1206, 930]","[180, 323, 1130, 741]"
76697c1a28dd3ef624fb0471,fit,pcb1/Data/Images/Normal/0421.JPG,1404,1070,0.10691606570512821,False,,0.5876161567750353,"[120, 137, 1229, 933]","[197, 326, 1152, 744]"
fcd7e06c004f4422abd74900,fit,pcb1/Data/Images/Normal/0422.JPG,1404,1070,0.11149839743589744,False,,0.5912426445136726,"[159, 132, 1261, 938]","[235, 323, 1185, 747]"
8738d9f894d9becb89444125,calibration,pcb1/Data/Images/Normal/0424.JPG,1404,1070,0.10985576923076923,False,,0.5897076443805416,"[131, 125, 1237, 926]","[208, 315, 1160, 736]"
7490ef8c3e3d243f5abc226b,fit,pcb1/Data/Images/Normal/0425.JPG,1404,1070,0.11057692307692307,False,,0.6068096493330138,"[145, 112, 1254, 934]","[222, 307, 1177, 739]"
3ffaebc342f5f383bf88b1ed,fit,pcb1/Data/Images/Normal/0426.JPG,1404,1070,0.10854366987179487,False,,0.5906861570412972,"[123, 140, 1235, 938]","[200, 329, 1158, 749]"
a20f73f6def040c457130121,fit,pcb1/Data/Images/Normal/0428.JPG,1404,1070,0.09778645833333334,False,,0.587574886173017,"[148, 136, 1250, 937]","[224, 326, 1174, 747]"
0d9ba0bed26dc6d0fa606188,fit,pcb1/Data/Images/Normal/0429.JPG,1404,1070,0.11244491185897436,False,,0.5881460180525601,"[95, 129, 1205, 925]","[172, 318, 1128, 736]"
71b008a0a7521ff27fd58de8,fit,pcb1/Data/Images/Normal/0430.JPG,1404,1070,0.11219951923076923,False,,0.6020309130122214,"[125, 129, 1232, 946]","[202, 323, 1155, 752]"
cfe68510ca15cd1473d0ef71,fit,pcb1/Data/Images/Normal/0431.JPG,1404,1070,0.10844350961538461,False,,0.6235735016108848,"[90, 106, 1196, 953]","[167, 307, 1119, 752]"
ef59d1cbf4b57d08ba6bcb44,fit,pcb1/Data/Images/Normal/0432.JPG,1404,1070,0.11029647435897436,False,,0.6105007055941636,"[142, 127, 1251, 954]","[219, 323, 1174, 758]"
989a37c8050457fbad77b5fc,fit,pcb1/Data/Images/Normal/0433.JPG,1404,1070,0.11071714743589743,False,,0.5918404025880661,"[95, 141, 1205, 942]","[172, 331, 1128, 752]"
aaff53ff93370e8c7d895c72,calibration,pcb1/Data/Images/Normal/0434.JPG,1404,1070,0.10752203525641026,False,,0.5892057406076098,"[98, 132, 1210, 928]","[175, 321, 1133, 739]"
571ee3662d24063a85881fe9,fit,pcb1/Data/Images/Normal/0435.JPG,1404,1070,0.09679987980769231,False,,0.591307213036185,"[131, 128, 1240, 929]","[208, 318, 1163, 739]"
989ae53a83cf97dc6d08dbe9,fit,pcb1/Data/Images/Normal/0436.JPG,1404,1070,0.10795272435897436,False,,0.5990833932422718,"[106, 119, 1213, 932]","[183, 312, 1136, 739]"
2ac609b41ab210f3c4173256,fit,pcb1/Data/Images/Normal/0437.JPG,1404,1070,0.1065204326923077,False,,0.5892057406076098,"[123, 140, 1235, 936]","[200, 329, 1158, 747]"
105a0d805d335f73991581b8,fit,pcb1/Data/Images/Normal/0438.JPG,1404,1070,0.10844851762820513,False,,0.6086628324946082,"[147, 119, 1254, 945]","[224, 315, 1177, 749]"
c334dd8d45005b5a85e577b3,fit,pcb1/Data/Images/Normal/0439.JPG,1404,1070,0.10967047275641026,False,,0.6390386612349229,"[101, 95, 1216, 956]","[178, 299, 1139, 752]"
e366b8893ee234784cfdf96a,fit,pcb1/Data/Images/Normal/0440.JPG,1404,1070,0.10869391025641026,False,,0.6525940570333094,"[124, 97, 1247, 970]","[202, 304, 1169, 763]"
18b34aa0fc8c8af8138154fe,fit,pcb1/Data/Images/Normal/0441.JPG,1404,1070,0.09774639423076924,False,,0.5860265729424607,"[123, 140, 1229, 936]","[200, 329, 1152, 747]"
e926571edbf8ab4ef6827bb2,fit,pcb1/Data/Images/Normal/0442.JPG,1404,1070,0.11418770032051281,False,,0.6325944564262321,"[105, 114, 1227, 961]","[183, 315, 1149, 760]"
f5cda31a858d786125df8e22,fit,pcb1/Data/Images/Normal/0443.JPG,1404,1070,0.10659054487179487,False,,0.6325944564262321,"[130, 117, 1252, 964]","[208, 318, 1174, 763]"
c2b2f0fd9e97490a1ce9143a,fit,pcb1/Data/Images/Normal/0444.JPG,1404,1070,0.10583433493589743,False,,0.604595015576324,"[98, 124, 1207, 943]","[175, 318, 1130, 749]"
829fa0ee35fbd7c1c841a103,fit,pcb1/Data/Images/Normal/0445.JPG,1404,1070,0.10479767628205128,False,,0.587574886173017,"[91, 125, 1193, 926]","[167, 315, 1117, 736]"
b68be114738359817943c9b2,fit,pcb1/Data/Images/Normal/0446.JPG,1404,1070,0.1058193108974359,False,,0.6020309130122214,"[106, 118, 1213, 935]","[183, 312, 1136, 741]"
e7c724e78fb9d4020c4926bf,fit,pcb1/Data/Images/Normal/0447.JPG,1404,1070,0.11106770833333333,False,,0.5902408339324228,"[98, 125, 1205, 926]","[175, 315, 1128, 736]"
084113d51f52939d74d2a4fd,fit,pcb1/Data/Images/Normal/0448.JPG,1404,1070,0.11204927884615384,False,,0.596333572969087,"[79, 142, 1185, 952]","[156, 334, 1108, 760]"
37365c15acdfe8cb778d226d,fit,pcb1/Data/Images/Normal/0449.JPG,1404,1070,0.11102263621794872,False,,0.587574886173017,"[118, 136, 1220, 937]","[194, 326, 1144, 747]"
4a2e77ff95f9a40d8e136e34,fit,pcb1/Data/Images/Normal/0450.JPG,1404,1070,0.11053185096153846,False,,0.5892057406076098,"[139, 140, 1251, 936]","[216, 329, 1174, 747]"
a252f276c55b21904fb18cca,fit,pcb1/Data/Images/Normal/0451.JPG,1404,1070,0.1121895032051282,False,,0.5897076443805416,"[101, 133, 1207, 934]","[178, 323, 1130, 744]"
7b4cc3d763377e93f41b6962,fit,pcb1/Data/Images/Normal/0452.JPG,1404,1070,0.10962039262820512,False,,0.5839071278323614,"[96, 151, 1198, 947]","[172, 340, 1122, 758]"
e0669a80e191364577047486,fit,pcb1/Data/Images/Normal/0453.JPG,1404,1070,0.11033653846153846,False,,0.591307213036185,"[109, 125, 1218, 926]","[186, 315, 1141, 736]"
e5f9395628709ae9079eeba0,fit,pcb1/Data/Images/Normal/0454.JPG,1404,1070,0.10704126602564103,False,,0.5876161567750353,"[120, 134, 1229, 930]","[197, 323, 1152, 741]"
d3fb37bb17fc2c3ad8bca0e0,calibration,pcb1/Data/Images/Normal/0455.JPG,1404,1070,0.10892928685897436,False,,0.5942600580451047,"[145, 119, 1254, 924]","[222, 310, 1177, 733]"
347841146c8588b3b0ef8cd2,fit,pcb1/Data/Images/Normal/0456.JPG,1404,1070,0.11138822115384615,False,,0.6078660436137072,"[76, 127, 1191, 946]","[153, 321, 1114, 752]"
f22091c6ec1059e3844fce4e,fit,pcb1/Data/Images/Normal/0458.JPG,1404,1070,0.11461338141025641,False,,0.6063816332507921,"[131, 113, 1246, 930]","[208, 307, 1169, 736]"
e011d89cc836ba1aa1bc02a9,fit,pcb1/Data/Images/Normal/0459.JPG,1404,1070,0.0989433092948718,False,,0.5934399712437095,"[103, 133, 1216, 934]","[180, 323, 1139, 744]"
13b0152a68a53d6271f1d621,fit,pcb1/Data/Images/Normal/0460.JPG,1404,1070,0.10720152243589744,False,,0.6057153127246585,"[43, 112, 1150, 934]","[120, 307, 1073, 739]"
e622b62f32f6eb72ed6a5949,calibration,pcb1/Data/Images/Normal/0461.JPG,1404,1070,0.1094501201923077,False,,0.6095814362169503,"[91, 110, 1193, 941]","[167, 307, 1117, 744]"
7caf0646c5e1a5cc3ec3968d,fit,pcb1/Data/Images/Normal/0462.JPG,1404,1070,0.10991085737179487,False,,0.587574886173017,"[85, 144, 1187, 945]","[161, 334, 1111, 755]"
1b4772939ca9ecd9e08d219a,fit,pcb1/Data/Images/Normal/0463.JPG,1404,1070,0.11705729166666666,False,,0.6114119871129217,"[87, 122, 1199, 948]","[164, 318, 1122, 752]"
861df9abcfea18b20057ec0e,calibration,pcb1/Data/Images/Normal/0464.JPG,1404,1070,0.09969951923076924,False,,0.5993117128631147,"[66, 96, 1168, 913]","[142, 290, 1092, 719]"
4d5c5a4af0d0418475b08f37,fit,pcb1/Data/Images/Normal/0465.JPG,1404,1070,0.10239883814102564,False,,0.594176851186197,"[143, 126, 1245, 936]","[219, 318, 1169, 744]"
52397c2b4017a4a648564309,calibration,pcb1/Data/Images/Normal/0466.JPG,1404,1070,0.10983573717948718,False,,0.5939252336448598,"[117, 113, 1224, 919]","[194, 304, 1147, 728]"
2c3f234377604e8dcb2d2a73,fit,pcb1/Data/Images/Normal/0467.JPG,1404,1070,0.1165614983974359,False,,0.5865564342199856,"[103, 134, 1210, 930]","[180, 323, 1133, 741]"
d966074aac618fed4e291ae3,fit,pcb1/Data/Images/Normal/0468.JPG,1404,1070,0.10504306891025642,False,,0.6115797321404798,"[88, 117, 1187, 953]","[164, 315, 1111, 755]"
69ce82acc0f6112757b0f61b,fit,pcb1/Data/Images/Normal/0470.JPG,1404,1070,0.115625,False,,0.5902408339324228,"[106, 133, 1213, 934]","[183, 323, 1136, 744]"
2dbee3a3d59a98193ef9a19f,calibration,pcb1/Data/Images/Normal/0471.JPG,1404,1070,0.10522836538461539,False,,0.5808730729291477,"[112, 147, 1218, 936]","[189, 334, 1141, 749]"
cbd5704ce48ac6be43a4557f,calibration,pcb1/Data/Images/Normal/0472.JPG,1404,1070,0.10927984775641025,False,,0.591307213036185,"[82, 128, 1191, 929]","[159, 318, 1114, 739]"
8406bcde35f072bc956e4b05,fit,pcb1/Data/Images/Normal/0473.JPG,1404,1070,0.10602463942307692,False,,0.5824486780094257,"[98, 134, 1207, 923]","[175, 321, 1130, 736]"
aeb6f3350dd903eec76c1d2f,fit,pcb1/Data/Images/Normal/0474.JPG,1404,1070,0.10206830929487179,False,,0.5824486780094257,"[109, 131, 1218, 920]","[186, 318, 1141, 733]"
7a6cffd6d8ec96a2e62652fe,calibration,pcb1/Data/Images/Normal/0475.JPG,1404,1070,0.11270532852564102,False,,0.6323588146018052,"[106, 105, 1221, 957]","[183, 307, 1144, 755]"
bc15f1f7e1b1d82bb4971b6a,calibration,pcb1/Data/Images/Normal/0476.JPG,1404,1070,0.10416165865384615,False,,0.5859753175173736,"[121, 125, 1220, 926]","[197, 315, 1144, 736]"
178406615aaeb3e456e1b3cc,fit,pcb1/Data/Images/Normal/0477.JPG,1404,1070,0.10875400641025641,False,,0.6084511542455467,"[95, 109, 1207, 931]","[172, 304, 1130, 736]"
8734b8355da1d20df1bf8041,calibration,pcb1/Data/Images/Normal/0478.JPG,1404,1070,0.10595452724358974,False,,0.596333572969087,"[112, 115, 1218, 925]","[189, 307, 1141, 733]"
fb0fc8380eda2b3a475c35eb,fit,pcb1/Data/Images/Normal/0480.JPG,1404,1070,0.10551883012820513,False,,0.594176851186197,"[102, 118, 1204, 928]","[178, 310, 1128, 736]"
4f1c77f5d121ab64501fbab2,fit,pcb1/Data/Images/Normal/0481.JPG,1404,1070,0.10930488782051281,False,,0.5931883537023724,"[128, 130, 1235, 935]","[205, 321, 1158, 744]"
0e73d5b73d8a048c26edff31,fit,pcb1/Data/Images/Normal/0482.JPG,1404,1070,0.10853866185897436,False,,0.5865564342199856,"[117, 121, 1224, 917]","[194, 310, 1147, 728]"
f2a63220b9188d0728d33d45,fit,pcb1/Data/Images/Normal/0485.JPG,1404,1070,0.11583533653846154,False,,0.6029794712037703,"[85, 112, 1187, 934]","[161, 307, 1111, 739]"
8deef7cbf795dc5034389593,fit,pcb1/Data/Images/Normal/0486.JPG,1404,1070,0.10334535256410256,False,,0.5925593098490295,"[72, 134, 1171, 944]","[148, 326, 1095, 752]"
e10a5a39c537eaf14c46b2be,fit,pcb1/Data/Images/Normal/0487.JPG,1404,1070,0.1046474358974359,False,,0.594176851186197,"[110, 137, 1212, 947]","[186, 329, 1136, 755]"
cf9e8ca03ce9894cb824af69,calibration,pcb1/Data/Images/Normal/0489.JPG,1404,1070,0.11094751602564103,False,,0.5939252336448598,"[84, 124, 1191, 930]","[161, 315, 1114, 739]"
896ecacb2e63e157dc4e35d7,fit,pcb1/Data/Images/Normal/0491.JPG,1404,1070,0.10446714743589744,False,,0.6167725057911974,"[142, 124, 1257, 955]","[219, 321, 1180, 758]"
bacd8d5cf67fb7f5bb3c16e1,fit,pcb1/Data/Images/Normal/0492.JPG,1404,1070,0.09957932692307692,False,,0.5933887158186224,"[120, 121, 1226, 927]","[197, 312, 1149, 736]"
6dc9bf8ff05d6f7df0e30315,fit,pcb1/Data/Images/Normal/0493.JPG,1404,1070,0.09279346955128205,False,,0.6031185930718641,"[101, 105, 1210, 922]","[178, 299, 1133, 728]"
4d84e8bbae7d2af42353df02,fit,pcb1/Data/Images/Normal/0494.JPG,1404,1070,0.10825821314102564,False,,0.6062305295950156,"[65, 116, 1177, 935]","[142, 310, 1100, 741]"
1219cb310706faa103ce419b,fit,pcb1/Data/Images/Normal/0495.JPG,1404,1070,0.1051983173076923,False,,0.5808730729291477,"[93, 120, 1199, 909]","[170, 307, 1122, 722]"
f0222587d2a43299f99a4659,calibration,pcb1/Data/Images/Normal/0496.JPG,1404,1070,0.10272435897435897,False,,0.5902408339324228,"[125, 117, 1232, 918]","[202, 307, 1155, 728]"
d80aa3f118aa9582d473ba58,fit,pcb1/Data/Images/Normal/0497.JPG,1404,1070,0.10570913461538461,False,,0.5979511143062545,"[120, 101, 1229, 911]","[197, 293, 1152, 719]"
53f85fa89c59271d3ffb3641,fit,pcb1/Data/Images/Normal/0498.JPG,1404,1070,0.09102564102564102,False,,0.594176851186197,"[140, 96, 1242, 906]","[216, 288, 1166, 714]"
64e11d7683e404d870ca400b,fit,pcb1/Data/Images/Normal/0499.JPG,1404,1070,0.10744691506410256,False,,0.6097624943419336,"[142, 114, 1251, 940]","[219, 310, 1174, 744]"
462b47fa3de976e72a9b5115,fit,pcb1/Data/Images/Normal/0500.JPG,1404,1070,0.09761117788461539,False,,0.5979511143062545,"[142, 112, 1251, 922]","[219, 304, 1174, 730]"
b9fd7826307ce6bb94f27b18,fit,pcb1/Data/Images/Normal/0501.JPG,1404,1070,0.10052584134615385,False,,0.6011861969805895,"[128, 126, 1243, 936]","[205, 318, 1166, 744]"
7d4e47ad65dc99387ba61cb2,fit,pcb1/Data/Images/Normal/0502.JPG,1404,1070,0.10428685897435898,False,,0.5813982746225737,"[128, 134, 1235, 923]","[205, 321, 1158, 736]"
200d9bb7b8c6d74fa49d5f5e,calibration,pcb1/Data/Images/Normal/0503.JPG,1404,1070,0.10901943108974359,False,,0.5897076443805416,"[145, 128, 1251, 929]","[222, 318, 1174, 739]"
0f6e303814c6beca4197c87d,fit,pcb1/Data/Images/Normal/0504.JPG,1404,1070,0.11225961538461539,False,,0.5890925792794952,"[90, 132, 1199, 930]","[167, 321, 1122, 741]"
84660a36fd2a77d5af219fa3,fit,pcb1/Data/Images/Normal/0505.JPG,1404,1070,0.1048828125,False,,0.5979511143062545,"[142, 131, 1251, 941]","[219, 323, 1174, 749]"
cb497568001f41f6f930efc3,fit,pcb1/Data/Images/Normal/0506.JPG,1404,1070,0.1153896233974359,False,,0.5860265729424607,"[134, 129, 1240, 925]","[211, 318, 1163, 736]"
dbf24df1fbf05890f62cb775,fit,pcb1/Data/Images/Normal/0507.JPG,1404,1070,0.10628505608974359,False,,0.580323242005485,"[131, 151, 1243, 935]","[208, 337, 1166, 749]"
7d00ebc629cbbfbb3f3acc64,fit,pcb1/Data/Images/Normal/0508.JPG,1404,1070,0.11209935897435898,False,,0.5892057406076098,"[68, 123, 1180, 919]","[145, 312, 1103, 730]"
03b92d95da6694e6f43e0193,fit,pcb1/Data/Images/Normal/0509.JPG,1404,1070,0.10741185897435897,False,,0.6095814362169503,"[104, 102, 1206, 933]","[180, 299, 1130, 736]"
004d895dc5990ee7d7ca573b,calibration,pcb1/Data/Images/Normal/0510.JPG,1404,1070,0.11649138621794872,False,,0.6173336528476715,"[131, 103, 1243, 937]","[208, 301, 1166, 739]"
412b2253f0288e6f5518fc42,fit,pcb1/Data/Images/Normal/0511.JPG,1404,1070,0.11550981570512821,False,,0.5912426445136726,"[118, 124, 1220, 930]","[194, 315, 1144, 739]"
98b721a6ed7b9a91ce5e0586,fit,pcb1/Data/Images/Normal/0512.JPG,1404,1070,0.11000600961538462,False,,0.596333572969087,"[93, 134, 1199, 944]","[170, 326, 1122, 752]"
77552d606fc63001f442e848,fit,pcb1/Data/Images/Normal/0513.JPG,1404,1070,0.11074719551282051,False,,0.6121521953297654,"[114, 108, 1226, 935]","[191, 304, 1149, 739]"
e940fcfae63e53b190a0bb8e,fit,pcb1/Data/Images/Normal/0515.JPG,1404,1070,0.11477864583333333,False,,0.5902408339324228,"[136, 122, 1243, 923]","[213, 312, 1166, 733]"
8ec4b6bb9475504521da8b86,calibration,pcb1/Data/Images/Normal/0516.JPG,1404,1070,0.11221454326923076,False,,0.5890925792794952,"[123, 132, 1232, 930]","[200, 321, 1155, 741]"
e57d11f09a8ab09cbe266496,fit,pcb1/Data/Images/Normal/0517.JPG,1404,1070,0.1061748798076923,False,,0.615475144447107,"[131, 120, 1237, 956]","[208, 318, 1160, 758]"
ccce9e18afa29af9ea350c68,fit,pcb1/Data/Images/Normal/0519.JPG,1404,1070,0.11004607371794872,False,,0.5830817157919962,"[134, 143, 1240, 935]","[211, 331, 1163, 747]"
d78a35ec684695d072d6b211,fit,pcb1/Data/Images/Normal/0521.JPG,1404,1070,0.1105418669871795,False,,0.5933887158186224,"[101, 121, 1207, 927]","[178, 312, 1130, 736]"
07b130ea95144215cd673c8b,fit,pcb1/Data/Images/Normal/0522.JPG,1404,1070,0.11039663461538461,False,,0.5993117128631147,"[126, 121, 1228, 938]","[202, 315, 1152, 744]"
1da49d03909cfa1ff4462960,fit,pcb1/Data/Images/Normal/0523.JPG,1404,1070,0.10830328525641025,False,,0.6029794712037703,"[91, 112, 1193, 934]","[167, 307, 1117, 739]"
525e253a65f0af92629166a4,fit,pcb1/Data/Images/Normal/0524.JPG,1404,1070,0.11431290064102564,False,,0.6117940730090263,"[123, 118, 1229, 949]","[200, 315, 1152, 752]"
ba40733dea98fd31eaa0e5fe,fit,pcb1/Data/Images/Normal/0526.JPG,1404,1070,0.11540965544871795,False,,0.591307213036185,"[120, 122, 1229, 923]","[197, 312, 1152, 733]"
b0780facd7b3fa47dae834e2,calibration,pcb1/Data/Images/Normal/0527.JPG,1404,1070,0.1031650641025641,False,,0.591307213036185,"[134, 128, 1243, 929]","[211, 318, 1166, 739]"
8f1c99d05825e89d71c9284b,fit,pcb1/Data/Images/Normal/0528.JPG,1404,1070,0.11415264423076923,False,,0.599568655643422,"[114, 118, 1226, 928]","[191, 310, 1149, 736]"
76906f430110ea676ee84663,fit,pcb1/Data/Images/Normal/0529.JPG,1404,1070,0.11530448717948719,False,,0.6009039593151743,"[117, 128, 1226, 942]","[194, 321, 1149, 749]"
d7ff54c7b4657ca3abb8760c,calibration,pcb1/Data/Images/Normal/0530.JPG,1404,1070,0.11389222756410257,False,,0.5942600580451047,"[142, 130, 1251, 935]","[219, 321, 1174, 744]"
22ab2c684f502bb67ac25bda,fit,pcb1/Data/Images/Normal/0531.JPG,1404,1070,0.10988080929487179,False,,0.6314668370743137,"[86, 106, 1206, 953]","[164, 307, 1128, 752]"
296bf32bda705a8c9ebd047c,fit,pcb1/Data/Images/Normal/0532.JPG,1404,1070,0.11123297275641025,False,,0.5804457225017973,"[124, 143, 1225, 935]","[200, 331, 1149, 747]"
58941e2ed5798562410c5326,fit,pcb1/Data/Images/Normal/0533.JPG,1404,1070,0.11496895032051282,False,,0.6097624943419336,"[131, 119, 1240, 945]","[208, 315, 1163, 749]"
69c3ab131f3d9924a0893b68,fit,pcb1/Data/Images/Normal/0534.JPG,1404,1070,0.11175881410256411,False,,0.5947959102164709,"[136, 119, 1246, 924]","[213, 310, 1169, 733]"
1fae9ba9c99bf430c1e582d7,fit,pcb1/Data/Images/Normal/0535.JPG,1404,1070,0.113671875,False,,0.6020309130122214,"[103, 129, 1210, 946]","[180, 323, 1133, 752]"
2a108eb667fa6df333f44d0c,fit,pcb1/Data/Images/Normal/0536.JPG,1404,1070,0.10904447115384615,False,,0.6020309130122214,"[95, 113, 1202, 930]","[172, 307, 1125, 736]"
fc56ae52e06ade318ea4d493,fit,pcb1/Data/Images/Normal/0537.JPG,1404,1070,0.1055088141025641,False,,0.587574886173017,"[107, 111, 1209, 912]","[183, 301, 1133, 722]"
089cd2957b9c09ed7b50aa5e,fit,pcb1/Data/Images/Normal/0538.JPG,1404,1070,0.10357572115384615,False,,0.5979511143062545,"[131, 112, 1240, 922]","[208, 304, 1163, 730]"
a737d81a01b3a431788a0073,fit,pcb1/Data/Images/Normal/0539.JPG,1404,1070,0.10871394230769231,False,,0.5876161567750353,"[82, 134, 1191, 930]","[159, 323, 1114, 741]"
84f95a6d6caa9fedd81a91ce,fit,pcb1/Data/Images/Normal/0540.JPG,1404,1070,0.11049178685897436,False,,0.5968727534148095,"[117, 104, 1224, 914]","[194, 296, 1147, 722]"
919217adf38792df31c575b3,fit,pcb1/Data/Images/Normal/0541.JPG,1404,1070,0.11432792467948719,False,,0.6020309130122214,"[117, 113, 1224, 930]","[194, 307, 1147, 736]"
966b649722faf3cd9026b729,fit,pcb1/Data/Images/Normal/0542.JPG,1404,1070,0.11606069711538461,False,,0.604595015576324,"[128, 94, 1237, 913]","[205, 288, 1160, 719]"
23a5cec8b53655a008a5043b,fit,pcb1/Data/Images/Normal/0543.JPG,1404,1070,0.10956029647435897,False,,0.5855998881699817,"[76, 131, 1191, 920]","[153, 318, 1114, 733]"
414d9b02f6f9676c4dd52a63,fit,pcb1/Data/Images/Normal/0544.JPG,1404,1070,0.11088741987179487,False,,0.5839071278323614,"[102, 121, 1204, 917]","[178, 310, 1128, 728]"
8595161ed5c1f96662a7e12e,fit,pcb1/Data/Images/Normal/0546.JPG,1404,1070,0.11279547275641026,False,,0.6184200015975717,"[90, 100, 1196, 940]","[167, 299, 1119, 741]"
6742c58532e99b3cdf0d09cc,fit,pcb1/Data/Images/Normal/0547.JPG,1404,1070,0.11455328525641026,False,,0.5968727534148095,"[109, 129, 1216, 939]","[186, 321, 1139, 747]"
83857231f379f6809fc9639f,fit,pcb1/Data/Images/Normal/0548.JPG,1404,1070,0.10687600160256411,False,,0.5829738797028516,"[147, 142, 1257, 931]","[224, 329, 1180, 744]"
bdf54f12fbf3d79a93435aa3,fit,pcb1/Data/Images/Normal/0549.JPG,1404,1070,0.11082231570512821,False,,0.6138036850653673,"[114, 108, 1229, 935]","[191, 304, 1152, 739]"
e764a382e06a2d9870d6385d,fit,pcb1/Data/Images/Normal/0550.JPG,1404,1070,0.1080879407051282,False,,0.5787722661554437,"[99, 134, 1201, 923]","[175, 321, 1125, 736]"
432dd58fa4ffb3c3fdaa4956,calibration,pcb1/Data/Images/Normal/0551.JPG,1404,1070,0.1161358173076923,False,,0.591307213036185,"[101, 133, 1210, 934]","[178, 323, 1133, 744]"
837b596140a1742b25c45e12,fit,pcb1/Data/Images/Normal/0553.JPG,1404,1070,0.11488882211538462,False,,0.5813982746225737,"[103, 134, 1210, 923]","[180, 321, 1133, 736]"
e235136cfdcae670bc7ef694,fit,pcb1/Data/Images/Normal/0554.JPG,1404,1070,0.10894931891025642,False,,0.594176851186197,"[129, 118, 1231, 928]","[205, 310, 1155, 736]"
e38956da9055feecc471f925,calibration,pcb1/Data/Images/Normal/0555.JPG,1404,1070,0.09979467147435897,False,,0.5860265729424607,"[112, 121, 1218, 917]","[189, 310, 1141, 728]"
f1b1a21a9d97d3eb8ef2a36a,fit,pcb1/Data/Images/Normal/0556.JPG,1404,1070,0.10944010416666666,False,,0.6162193465931783,"[134, 113, 1248, 944]","[211, 310, 1171, 747]"
05ca24cc6157d09d27f43cc5,fit,pcb1/Data/Images/Normal/0557.JPG,1404,1070,0.10325020032051282,False,,0.6012261362728653,"[97, 127, 1219, 932]","[175, 318, 1141, 741]"
4edadd04331e7debbee7dbc0,fit,pcb1/Data/Images/Normal/0558.JPG,1404,1070,0.10674579326923077,False,,0.5965692147935139,"[94, 128, 1195, 942]","[170, 321, 1119, 749]"
01b9e97e851cf4e057950e28,fit,pcb1/Data/Images/Normal/0559.JPG,1404,1070,0.12109375,False,,0.6029794712037703,"[80, 95, 1182, 917]","[156, 290, 1106, 722]"
46e52c7cd794f51a462fb9f6,fit,pcb1/Data/Images/Normal/0560.JPG,1404,1070,0.11168870192307692,False,,0.5836089144500359,"[103, 113, 1210, 905]","[180, 301, 1133, 717]"
45b11473d4f5f125115c882f,fit,pcb1/Data/Images/Normal/0561.JPG,1404,1070,0.11247996794871795,False,,0.6057153127246585,"[95, 95, 1202, 917]","[172, 290, 1125, 722]"
a225a34cb357c4d82bc3ea46,calibration,pcb1/Data/Images/Normal/0562.JPG,1404,1070,0.11381209935897436,False,,0.591307213036185,"[123, 125, 1232, 926]","[200, 315, 1155, 736]"
84a3e62ce078286ce2c7c91e,fit,pcb1/Data/Images/Normal/0563.JPG,1404,1070,0.11688701923076923,False,,0.6239955267992651,"[82, 115, 1194, 958]","[159, 315, 1117, 758]"
06a76bf899fbda6d8aa83969,fit,pcb1/Data/Images/Normal/0564.JPG,1404,1070,0.10315504807692308,False,,0.5985422158319355,"[112, 119, 1218, 932]","[189, 312, 1141, 739]"
fa058e2ffd62b94a6405ac61,fit,pcb1/Data/Images/Normal/0565.JPG,1404,1070,0.10697115384615384,False,,0.6239955267992651,"[125, 90, 1237, 933]","[202, 290, 1160, 733]"
985af2bec00e007d5a2584c9,fit,pcb1/Data/Images/Normal/0566.JPG,1404,1070,0.10704126602564103,False,,0.6097624943419336,"[120, 103, 1229, 929]","[197, 299, 1152, 733]"
d03761371d8aa9c1e3445f8d,fit,pcb1/Data/Images/Normal/0567.JPG,1404,1070,0.11275540865384616,False,,0.5902408339324228,"[103, 117, 1210, 918]","[180, 307, 1133, 728]"
cca4df1af11b6f70d6b2fea3,fit,pcb1/Data/Images/Normal/0568.JPG,1404,1070,0.11463842147435897,False,,0.6073568176371915,"[103, 101, 1213, 923]","[180, 296, 1136, 728]"
819d5eb6d1fc6bee06f079d2,fit,pcb1/Data/Images/Normal/0570.JPG,1404,1070,0.10884915865384616,False,,0.6211897915168944,"[87, 85, 1194, 928]","[164, 285, 1117, 728]"
adea380903a21f32cbcdb240,fit,pcb1/Data/Images/Normal/0571.JPG,1404,1070,0.11345653044871795,False,,0.6173336528476715,"[109, 92, 1221, 926]","[186, 290, 1144, 728]"
8e016ce8a91e1722991e0302,fit,pcb1/Data/Images/Normal/0572.JPG,1404,1070,0.11190905448717949,False,,0.5955347871235722,"[95, 110, 1205, 916]","[172, 301, 1128, 725]"
bcf903efa792910c09f1c106,fit,pcb1/Data/Images/Normal/0573.JPG,1404,1070,0.10925480769230769,False,,0.5840242830897037,"[98, 109, 1210, 898]","[175, 296, 1133, 711]"
0acf69b3484e7f24b68c1255,fit,pcb1/Data/Images/Normal/0574.JPG,1404,1070,0.10881911057692308,False,,0.620483531698485,"[131, 109, 1246, 945]","[208, 307, 1169, 747]"
d8ff8af48bd325dbbb696129,fit,pcb1/Data/Images/Normal/0575.JPG,1404,1070,0.11615584935897436,False,,0.598490294751977,"[136, 123, 1246, 933]","[213, 315, 1169, 741]"
a8bb3126ece458be91eaa829,fit,pcb1/Data/Images/Normal/0576.JPG,1404,1070,0.10763721955128205,False,,0.6013379662912374,"[126, 112, 1225, 934]","[202, 307, 1149, 739]"
ee23df9242f129c4a8e65a88,fit,pcb1/Data/Images/Normal/0577.JPG,1404,1070,0.11438301282051282,False,,0.6151130281971403,"[117, 102, 1229, 933]","[194, 299, 1152, 736]"
026bf89f372e56e84406ddb9,fit,pcb1/Data/Images/Normal/0578.JPG,1404,1070,0.10762720352564102,False,,0.5813982746225737,"[125, 123, 1232, 912]","[202, 310, 1155, 725]"
c0a7a3a62c3795f511c0eafd,fit,pcb1/Data/Images/Normal/0579.JPG,1404,1070,0.11239483173076924,False,,0.5979511143062545,"[153, 101, 1262, 911]","[230, 293, 1185, 719]"
6137c5eb29c83e0295cb116d,fit,pcb1/Data/Images/Normal/0580.JPG,1404,1070,0.11220452724358974,False,,0.6020309130122214,"[106, 116, 1213, 933]","[183, 310, 1136, 739]"
e858091360537aba1a4ec74e,fit,pcb1/Data/Images/Normal/0581.JPG,1404,1070,0.11061698717948718,False,,0.5955347871235722,"[125, 132, 1235, 938]","[202, 323, 1158, 747]"
31e8cac167e6b2b2b11352b3,fit,pcb1/Data/Images/Normal/0582.JPG,1404,1070,0.10868389423076923,False,,0.6029794712037703,"[115, 117, 1217, 939]","[191, 312, 1141, 744]"
7140572419651ba542cd1fdf,fit,pcb1/Data/Images/Normal/0583.JPG,1404,1070,0.1080078125,False,,0.6105007055941636,"[134, 108, 1243, 935]","[211, 304, 1166, 739]"
f5b415202f9796d16305892d,fit,pcb1/Data/Images/Normal/0584.JPG,1404,1070,0.110546875,False,,0.5771966610751658,"[132, 134, 1231, 923]","[208, 321, 1155, 736]"
a037fe56d4697f5f86f87b22,fit,pcb1/Data/Images/Normal/0585.JPG,1404,1070,0.1133563701923077,False,,0.6020309130122214,"[109, 118, 1216, 935]","[186, 312, 1139, 741]"
c192edd74fe8165b22e50c5a,fit,pcb1/Data/Images/Normal/0586.JPG,1404,1070,0.10824819711538461,False,,0.6184200015975717,"[112, 100, 1218, 940]","[189, 299, 1141, 741]"
0aef4825947bf8ad603e523a,fit,pcb1/Data/Images/Normal/0587.JPG,1404,1070,0.11459835737179487,False,,0.599568655643422,"[131, 118, 1243, 928]","[208, 310, 1166, 736]"
d89eedca0380c77cb1f679c6,calibration,pcb1/Data/Images/Normal/0588.JPG,1404,1070,0.11028145032051281,False,,0.591307213036185,"[90, 133, 1199, 934]","[167, 323, 1122, 744]"
91b902f7a2f5112ece6e0093,fit,pcb1/Data/Images/Normal/0589.JPG,1404,1070,0.11238982371794871,False,,0.591307213036185,"[145, 136, 1254, 937]","[222, 326, 1177, 747]"
78b30cfbd744741692ca9e79,fit,pcb1/Data/Images/Normal/0590.JPG,1404,1070,0.10825320512820513,False,,0.5865564342199856,"[98, 126, 1205, 922]","[175, 315, 1128, 733]"
15b75700160ecc173a4d52a1,fit,pcb1/Data/Images/Normal/0591.JPG,1404,1070,0.10597455929487179,False,,0.5968727534148095,"[98, 123, 1205, 933]","[175, 315, 1128, 741]"
a0da085ada2e7121eea570e2,fit,pcb1/Data/Images/Normal/0592.JPG,1404,1070,0.11859475160256411,False,,0.6051401869158879,"[106, 124, 1216, 943]","[183, 318, 1139, 749]"
bcd30516eaad32359ff58603,fit,pcb1/Data/Images/Normal/0593.JPG,1404,1070,0.10944511217948719,False,,0.5897076443805416,"[93, 125, 1199, 926]","[170, 315, 1122, 736]"
68156206f643fb334d0eae7f,fit,pcb1/Data/Images/Normal/0594.JPG,1404,1070,0.10646033653846154,False,,0.5969393189019357,"[82, 116, 1196, 921]","[159, 307, 1119, 730]"
75163185d2b9a8f78c0a3014,calibration,pcb1/Data/Images/Normal/0595.JPG,1404,1070,0.11352163461538461,False,,0.5993117128631147,"[88, 121, 1190, 938]","[164, 315, 1114, 744]"
7fc04af711a80e358348051d,fit,pcb1/Data/Images/Normal/0596.JPG,1404,1070,0.11811398237179487,False,,0.5931883537023724,"[128, 116, 1235, 921]","[205, 307, 1158, 730]"
d20cb62a0da43f7b5a35995c,fit,pcb1/Data/Images/Normal/0597.JPG,1404,1070,0.10968048878205128,False,,0.6228932023324547,"[134, 119, 1248, 959]","[211, 318, 1171, 760]"
558b808638166f54dfdd8633,fit,pcb1/Data/Images/Normal/0598.JPG,1404,1070,0.10856370192307692,False,,0.6151130281971403,"[109, 113, 1221, 944]","[186, 310, 1144, 747]"
a54c971a682d36aeda7976b7,fit,pcb1/Data/Images/Normal/0599.JPG,1404,1070,0.10880408653846153,False,,0.5808730729291477,"[93, 128, 1199, 917]","[170, 315, 1122, 730]"
5dcfc0e65ab4ebc09fc86fbe,fit,pcb1/Data/Images/Normal/0600.JPG,1404,1070,0.10732672275641025,False,,0.5824486780094257,"[120, 120, 1229, 909]","[197, 307, 1152, 722]"
522e7bdad7dff218da16d20c,fit,pcb1/Data/Images/Normal/0601.JPG,1404,1070,0.11419270833333334,False,,0.5851905104241553,"[103, 135, 1213, 927]","[180, 323, 1136, 739]"
fd6f0fdcc075bbe32d98e730,calibration,pcb1/Data/Images/Normal/0602.JPG,1404,1070,0.11141326121794871,False,,0.5880301941049605,"[117, 132, 1224, 930]","[194, 321, 1147, 741]"
36a1385eef8168000ac9d2ff,fit,pcb1/Data/Images/Normal/0603.JPG,1404,1070,0.10729667467948718,False,,0.6256789679686876,"[87, 112, 1202, 955]","[164, 312, 1125, 755]"
568939b28e0d8b214b43f363,calibration,pcb1/Data/Images/Normal/0604.JPG,1404,1070,0.10584435096153846,False,,0.5979511143062545,"[71, 129, 1180, 939]","[148, 321, 1103, 747]"
6cdb89370c1447e2daa1d31d,fit,pcb1/Data/Images/Normal/0605.JPG,1404,1070,0.10599459134615384,False,,0.5933887158186224,"[90, 132, 1196, 938]","[167, 323, 1119, 747]"
025ca213a8b93a50670ce0b0,fit,pcb1/Data/Images/Normal/0606.JPG,1404,1070,0.10659555288461539,False,,0.6081130015709455,"[134, 122, 1240, 948]","[211, 318, 1163, 752]"
beb1e4bf2c0ec18579f745bf,fit,pcb1/Data/Images/Normal/0607.JPG,1404,1070,0.11438802083333334,False,,0.5865564342199856,"[95, 121, 1202, 917]","[172, 310, 1125, 728]"
f350543d4e926bfe063bea83,fit,pcb1/Data/Images/Normal/0608.JPG,1404,1070,0.09856770833333334,False,,0.6031185930718641,"[82, 118, 1191, 935]","[159, 312, 1114, 741]"
8edb3f5616a73b2e02e42c87,fit,pcb1/Data/Images/Normal/0609.JPG,1404,1070,0.11383213141025642,False,,0.5979511143062545,"[98, 129, 1207, 939]","[175, 321, 1130, 747]"
efab8b57a05312e6e2d6ff9c,fit,pcb1/Data/Images/Normal/0610.JPG,1404,1070,0.1053135016025641,False,,0.5976801927736507,"[63, 129, 1162, 946]","[139, 323, 1086, 752]"
c3cb302619dac53bc3e9a2b8,fit,pcb1/Data/Images/Normal/0611.JPG,1404,1070,0.1140625,False,,0.5862222754746119,"[99, 146, 1193, 951]","[175, 337, 1117, 760]"
220c8ee1c69449f9af0ae7f1,fit,pcb1/Data/Images/Normal/0612.JPG,1404,1070,0.10563902243589744,False,,0.6066472295444258,"[69, 138, 1171, 965]","[145, 334, 1095, 769]"
439720347b525b459d2cd2a2,fit,pcb1/Data/Images/Normal/0613.JPG,1404,1070,0.11428285256410256,False,,0.6099102697233538,"[162, 139, 1258, 975]","[238, 337, 1182, 777]"
97a3b1a85b5e73acb97316d1,calibration,pcb1/Data/Images/Normal/0614.JPG,1404,1070,0.11533954326923077,False,,0.5976801927736507,"[146, 118, 1245, 935]","[222, 312, 1169, 741]"
cdd3402e4d0aa4a5fbc61954,fit,pcb1/Data/Images/Normal/0616.JPG,1404,1070,0.11275040064102564,False,,0.5925593098490295,"[72, 131, 1171, 941]","[148, 323, 1095, 749]"
f06dd4b0ff466537119cc2af,fit,pcb1/Data/Images/Normal/0618.JPG,1404,1070,0.10853866185897436,False,,0.5807279601672125,"[102, 142, 1198, 938]","[178, 331, 1122, 749]"
e2b572224a26b59cbb4e1548,calibration,pcb1/Data/Images/Normal/0620.JPG,1404,1070,0.11130308493589744,False,,0.5975077881619938,"[146, 127, 1242, 946]","[222, 321, 1166, 752]"
7a0f74886ddf2564aac2dcae,fit,pcb1/Data/Images/Normal/0622.JPG,1404,1070,0.11091245993589743,False,,0.5849089384136114,"[96, 144, 1193, 945]","[172, 334, 1117, 755]"
f4ac4da33960d6b1e1780732,fit,pcb1/Data/Images/Normal/0623.JPG,1404,1070,0.11475360576923077,False,,0.594960992624544,"[66, 129, 1160, 946]","[142, 323, 1084, 752]"
f811b6561edd9f797ff5e802,fit,pcb1/Data/Images/Normal/0624.JPG,1404,1070,0.11141326121794871,False,,0.5896330910349602,"[118, 132, 1217, 938]","[194, 323, 1141, 747]"
904fa395fceaa6ca57d95e57,calibration,pcb1/Data/Images/Normal/0625.JPG,1404,1070,0.10442207532051281,False,,0.5812578214447374,"[126, 142, 1223, 938]","[202, 331, 1147, 749]"
55697275b8b27562c9eb1a4c,fit,pcb1/Data/Images/Normal/0626.JPG,1404,1070,0.11694210737179488,False,,0.6055462363873578,"[104, 127, 1204, 954]","[180, 323, 1128, 758]"
b634be64baa5c6d442e0ecc1,calibration,pcb1/Data/Images/Normal/0627.JPG,1404,1070,0.11843950320512821,False,,0.5833093697579679,"[96, 144, 1190, 945]","[172, 334, 1114, 755]"
ef419c8f615496747f6510c0,fit,pcb1/Data/Images/Normal/0628.JPG,1404,1070,0.10135216346153846,False,,0.5811246904704849,"[129, 140, 1223, 938]","[205, 329, 1147, 749]"
621fde1bd00dce28d45409a7,fit,pcb1/Data/Images/Normal/0630.JPG,1404,1070,0.1082081330128205,False,,0.5870416966211359,"[124, 141, 1225, 942]","[200, 331, 1149, 752]"
7b4398b5f7d90eaafd6f9de7,fit,pcb1/Data/Images/Normal/0632.JPG,1404,1070,0.10266927083333334,False,,0.5821870756450196,"[162, 140, 1258, 938]","[238, 329, 1182, 749]"
ac2c49cb91d031f3aa11169c,calibration,pcb1/Data/Images/Normal/0633.JPG,1404,1070,0.1052333733974359,False,,0.6042641851053066,"[80, 130, 1179, 956]","[156, 326, 1103, 760]"
33b5fa432e6f35fb6d7081c4,calibration,pcb1/Data/Images/Normal/0634.JPG,1404,1070,0.10533353365384615,False,,0.5862222754746119,"[107, 130, 1201, 935]","[183, 321, 1125, 744]"
c7f35be6760fdb85307e2d49,fit,pcb1/Data/Images/Normal/0635.JPG,1404,1070,0.10795773237179487,False,,0.5885600553824852,"[107, 143, 1204, 949]","[183, 334, 1128, 758]"
a7561e96de8cce01921490d5,calibration,pcb1/Data/Images/Normal/0636.JPG,1404,1070,0.10528345352564103,False,,0.6568515855899033,"[87, 91, 1202, 976]","[164, 301, 1125, 766]"
77f12352984de874b6cd5378,fit,pcb1/Data/Images/Normal/0637.JPG,1404,1070,0.11003104967948718,False,,0.5914809489575845,"[148, 134, 1245, 944]","[224, 326, 1169, 752]"
1d12ec902c3113b35c317ef8,fit,pcb1/Data/Images/Normal/0638.JPG,1404,1070,0.10525340544871795,False,,0.589863407620417,"[121, 131, 1215, 941]","[197, 323, 1139, 749]"
5b0c8102bd3a2a571e7c2c76,fit,pcb1/Data/Images/Normal/0639.JPG,1404,1070,0.1084735576923077,False,,0.5880235375562478,"[157, 143, 1253, 949]","[233, 334, 1177, 758]"
82e8cafc4b4595142de63a65,calibration,pcb1/Data/Images/Normal/0640.JPG,1404,1070,0.10626001602564103,False,,0.594960992624544,"[107, 129, 1201, 946]","[183, 323, 1125, 752]"
73937759020f473dae5c179a,fit,pcb1/Data/Images/Normal/0641.JPG,1404,1070,0.11093249198717949,False,,0.5893242271746945,"[80, 129, 1173, 939]","[156, 321, 1097, 747]"
29967e147eb9c7a768964adf,fit,pcb1/Data/Images/Normal/0642.JPG,1404,1070,0.1002353766025641,False,,0.5925593098490295,"[107, 137, 1206, 947]","[183, 329, 1130, 755]"
4232070a33fbc4fa24180e8d,fit,pcb1/Data/Images/Normal/0643.JPG,1404,1070,0.11549979967948718,False,,0.6095814362169503,"[99, 124, 1201, 955]","[175, 321, 1125, 758]"
246ad0c43ef94471a87d00f3,fit,pcb1/Data/Images/Normal/0644.JPG,1404,1070,0.1086338141025641,False,,0.5843757488617302,"[146, 141, 1242, 942]","[222, 331, 1166, 752]"
516089d2e2e2c9755fbd5142,fit,pcb1/Data/Images/Normal/0645.JPG,1404,1070,0.10963040865384616,False,,0.5896330910349602,"[118, 140, 1217, 946]","[194, 331, 1141, 755]"
7361af587e04e93382fe2d91,fit,pcb1/Data/Images/Normal/0646.JPG,1404,1070,0.11719751602564103,False,,0.6132491945576057,"[107, 117, 1209, 953]","[183, 315, 1133, 755]"
8c088ade71ac879ee65fe7ba,calibration,pcb1/Data/Images/Normal/0647.JPG,1404,1070,0.10872395833333333,False,,0.590941768511862,"[132, 134, 1228, 944]","[208, 326, 1152, 752]"
ed56d58b655aafc668aa0f72,calibration,pcb1/Data/Images/Normal/0649.JPG,1404,1070,0.10978565705128206,False,,0.5839071278323614,"[85, 140, 1187, 936]","[161, 329, 1111, 747]"
0493c50e4f0350b831275383,fit,pcb1/Data/Images/Normal/0650.JPG,1404,1070,0.11094250801282052,False,,0.6407673669355912,"[145, 104, 1254, 972]","[222, 310, 1177, 766]"
08e2b3b386fb9b49a55d363c,fit,pcb1/Data/Images/Normal/0651.JPG,1404,1070,0.11071213942307692,False,,0.5944018425326837,"[126, 128, 1223, 942]","[202, 321, 1147, 749]"
7b57de0d35adaa2f8254baa8,fit,pcb1/Data/Images/Normal/0652.JPG,1404,1070,0.1140625,False,,0.5843757488617302,"[198, 136, 1294, 937]","[274, 326, 1218, 747]"
ebb9e96ecf5dd9628c1aa2bc,calibration,pcb1/Data/Images/Normal/0653.JPG,1404,1070,0.11298577724358974,False,,0.5872939798173443,"[66, 135, 1162, 940]","[142, 326, 1086, 749]"
ef956842fa9271445b15d84e,calibration,pcb1/Data/Images/Normal/0655.JPG,1404,1070,0.10727664262820513,False,,0.6020309130122214,"[106, 135, 1213, 952]","[183, 329, 1136, 758]"
9185c49f7e0d2be3258ad3d5,calibration,pcb1/Data/Images/Normal/0656.JPG,1404,1070,0.1112930689102564,False,,0.5821870756450196,"[102, 140, 1198, 938]","[178, 329, 1122, 749]"
0d760570a7d92d299c04d427,fit,pcb1/Data/Images/Normal/0658.JPG,1404,1070,0.11000600961538462,False,,0.5980549564661715,"[132, 128, 1225, 950]","[208, 323, 1149, 755]"
8ce9e51dbad44f0e4107d965,fit,pcb1/Data/Images/Normal/0660.JPG,1404,1070,0.10833333333333334,False,,0.596592512714008,"[85, 132, 1182, 949]","[161, 326, 1106, 755]"
9ac9ebb9578650063235ec30,fit,pcb1/Data/Images/Normal/0661.JPG,1404,1070,0.09780148237179487,False,,0.6013379662912374,"[94, 131, 1193, 953]","[170, 326, 1117, 758]"
cbe7415bc3817302e0c76f2d,fit,pcb1/Data/Images/Normal/0662.JPG,1404,1070,0.11454827724358975,False,,0.6015150304869931,"[129, 125, 1223, 951]","[205, 321, 1147, 755]"
49f213bf9b926dc2b4b2d138,fit,pcb1/Data/Images/Normal/0663.JPG,1404,1070,0.10997596153846154,False,,0.5896330910349602,"[151, 143, 1250, 949]","[227, 334, 1174, 758]"
113ae33369eea4ce7f0b6955,fit,pcb1/Data/Images/Normal/0664.JPG,1404,1070,0.11379707532051282,False,,0.5925593098490295,"[96, 137, 1195, 947]","[172, 329, 1119, 755]"
f93c3ed6d29f639d27608bfa,fit,pcb1/Data/Images/Normal/0665.JPG,1404,1070,0.10935997596153846,False,,0.6167006150651011,"[96, 123, 1195, 966]","[172, 323, 1119, 766]"
af227d5d2da548642af3d8e8,fit,pcb1/Data/Images/Normal/0666.JPG,1404,1070,0.11285556891025642,False,,0.6097624943419336,"[54, 125, 1163, 951]","[131, 321, 1086, 755]"
bc5170b2dbd4e825a4bfa3ef,fit,pcb1/Data/Images/Normal/0667.JPG,1404,1070,0.1052734375,False,,0.6042641851053066,"[94, 125, 1193, 951]","[170, 321, 1117, 755]"
af3de41611057662e83c573b,fit,pcb1/Data/Images/Normal/0668.JPG,1404,1070,0.10632512019230769,False,,0.5862222754746119,"[74, 135, 1168, 940]","[150, 326, 1092, 749]"
17686a11fc83b9f929d8d85e,fit,pcb1/Data/Images/Normal/0669.JPG,1404,1070,0.10852363782051282,False,,0.5807279601672125,"[162, 145, 1258, 941]","[238, 334, 1182, 752]"
152a6af5fd08ee8687052c5c,fit,pcb1/Data/Images/Normal/0670.JPG,1404,1070,0.1024589342948718,False,,0.5827761802060868,"[124, 147, 1217, 948]","[200, 337, 1141, 758]"
2b2d0a01139cb06591c16929,fit,pcb1/Data/Images/Normal/0671.JPG,1404,1070,0.10771233974358975,False,,0.5846147189605133,"[99, 138, 1190, 943]","[175, 329, 1114, 752]"
df2dd66a2f9f4acffc6fdb65,fit,pcb1/Data/Images/Normal/0672.JPG,1404,1070,0.10729667467948718,False,,0.5805934978832175,"[135, 140, 1228, 938]","[211, 329, 1152, 749]"
fae0767fbbc62b038bf2e8d7,fit,pcb1/Data/Images/Normal/0673.JPG,1404,1070,0.10334034455128205,False,,0.5859753175173736,"[99, 144, 1198, 945]","[175, 334, 1122, 755]"
94b7f239fa8a30f58007d290,fit,pcb1/Data/Images/Normal/0675.JPG,1404,1070,0.10873898237179487,False,,0.594960992624544,"[96, 140, 1190, 957]","[172, 334, 1114, 763]"
b8b972a3535439762a8596e1,calibration,pcb1/Data/Images/Normal/0676.JPG,1404,1070,0.11279547275641026,False,,0.5958722741433021,"[124, 124, 1217, 943]","[200, 318, 1141, 749]"
d8aec49d4eabf940e94e99b9,fit,pcb1/Data/Images/Normal/0677.JPG,1404,1070,0.10708633814102564,False,,0.5833093697579679,"[110, 141, 1204, 942]","[186, 331, 1128, 752]"
5749ca6a1c4e4e10cf0ec75d,fit,pcb1/Data/Images/Normal/0678.JPG,1404,1070,0.10013020833333333,False,,0.5914809489575845,"[148, 137, 1245, 947]","[224, 329, 1169, 755]"
d6dbdc0bd6330963f936dfc9,fit,pcb1/Data/Images/Normal/0679.JPG,1404,1070,0.11074719551282051,False,,0.6211897915168944,"[98, 112, 1205, 955]","[175, 312, 1128, 755]"
5ab20c40b2d117b504740ca4,fit,pcb1/Data/Images/Normal/0680.JPG,1404,1070,0.11024639423076923,False,,0.5787722661554437,"[110, 150, 1212, 939]","[186, 337, 1136, 752]"
5addf17fbe747cbcb767afaf,fit,pcb1/Data/Images/Normal/0681.JPG,1404,1070,0.11296073717948718,False,,0.5991433021806853,"[110, 127, 1209, 946]","[186, 321, 1133, 752]"
53e9a502e46a7b9e168d9115,fit,pcb1/Data/Images/Normal/0682.JPG,1404,1070,0.10395633012820513,False,,0.5872939798173443,"[94, 146, 1190, 951]","[170, 337, 1114, 760]"
61f217f44bf2fb9b5077b9b6,fit,pcb1/Data/Images/Normal/0683.JPG,1404,1070,0.11166366185897436,False,,0.5931304417285725,"[124, 138, 1220, 951]","[200, 331, 1144, 758]"
f5b4ddaa2084fc1c86822eb6,fit,pcb1/Data/Images/Normal/0686.JPG,1404,1070,0.10961538461538461,False,,0.600243629682882,"[148, 128, 1245, 950]","[224, 323, 1169, 755]"
df64943a259e759b69c57f25,fit,pcb1/Data/Images/Normal/0687.JPG,1404,1070,0.10614983974358974,False,,0.5925593098490295,"[118, 131, 1217, 941]","[194, 323, 1141, 749]"
1159f92ec9c55b3c4702769b,fit,pcb1/Data/Images/Normal/0689.JPG,1404,1070,0.1048828125,False,,0.5807279601672125,"[121, 151, 1217, 947]","[197, 340, 1141, 758]"
7e205d3f86dfa2c6e030bdfc,fit,pcb1/Data/Images/Normal/0691.JPG,1404,1070,0.11316105769230769,False,,0.5922344702718535,"[124, 128, 1217, 942]","[200, 321, 1141, 749]"
91decb18deafedf261951d4d,fit,pcb1/Data/Images/Normal/0692.JPG,1404,1070,0.10203826121794872,False,,0.5843757488617302,"[83, 144, 1179, 945]","[159, 334, 1103, 755]"
43a8d937bdc326d6174ea535,fit,pcb1/Data/Images/Normal/0693.JPG,1404,1070,0.10810797275641025,False,,0.5885600553824852,"[148, 140, 1245, 946]","[224, 331, 1169, 755]"
80f88014c0d14ab592726fe3,fit,pcb1/Data/Images/Normal/0695.JPG,1404,1070,0.09944411057692308,False,,0.5859753175173736,"[102, 147, 1201, 948]","[178, 337, 1125, 758]"
9a67d094cb8b2043aff88d44,calibration,pcb1/Data/Images/Normal/0696.JPG,1404,1070,0.1065604967948718,False,,0.6051561626327981,"[121, 129, 1215, 960]","[197, 326, 1139, 763]"
0e2145f7a61e9d7634649dca,fit,pcb1/Data/Images/Normal/0697.JPG,1404,1070,0.10076622596153846,False,,0.5745706526080357,"[88, 153, 1182, 942]","[164, 340, 1106, 755]"
03cb98bca86f2412527cc23c,calibration,pcb1/Data/Images/Normal/0698.JPG,1404,1070,0.1081680689102564,False,,0.5756210559948878,"[135, 142, 1231, 931]","[211, 329, 1155, 744]"
8bb55828650e42ce1359edc9,fit,pcb1/Data/Images/Normal/0699.JPG,1404,1070,0.10515324519230769,False,,0.5849089384136114,"[137, 133, 1234, 934]","[213, 323, 1158, 744]"
f4df64b5ff783c747eb82df3,fit,pcb1/Data/Images/Normal/0700.JPG,1404,1070,0.10777744391025641,False,,0.5896330910349602,"[151, 143, 1250, 949]","[227, 334, 1174, 758]"
8e28fe67259d0c825fe1bd0b,fit,pcb1/Data/Images/Normal/0701.JPG,1404,1070,0.1084334935897436,False,,0.6126927070852305,"[72, 128, 1173, 964]","[148, 326, 1097, 766]"
f90b9ab0071176524a75e54f,fit,pcb1/Data/Images/Normal/0702.JPG,1404,1070,0.10358072916666666,False,,0.5960486726841867,"[94, 137, 1190, 954]","[170, 331, 1114, 760]"
faf3e3da73ae229e7fc9da66,fit,pcb1/Data/Images/Normal/0703.JPG,1404,1070,0.11282552083333333,False,,0.5849089384136114,"[118, 144, 1215, 945]","[194, 334, 1139, 755]"
eb0351acb0beefb86ab98462,fit,pcb1/Data/Images/Normal/0704.JPG,1404,1070,0.11385717147435898,False,,0.5878298319887105,"[107, 135, 1204, 940]","[183, 326, 1128, 749]"
84260c9ea667e4b1cdc99d6e,fit,pcb1/Data/Images/Normal/0706.JPG,1404,1070,0.10848858173076924,False,,0.5878298319887105,"[115, 135, 1212, 940]","[191, 326, 1136, 749]"
c9bf14416670a64f85d75c3a,calibration,pcb1/Data/Images/Normal/0707.JPG,1404,1070,0.11609074519230769,False,,0.596333572969087,"[82, 134, 1188, 944]","[159, 326, 1111, 752]"
df913345c4c2be5eeed41459,fit,pcb1/Data/Images/Normal/0708.JPG,1404,1070,0.10777744391025641,False,,0.617144606864233,"[131, 125, 1240, 961]","[208, 323, 1163, 763]"
6393cda3292692bfb1ba6fc7,fit,pcb1/Data/Images/Normal/0709.JPG,1404,1070,0.11663161057692308,False,,0.589863407620417,"[151, 129, 1245, 939]","[227, 321, 1169, 747]"
4e133a1f2e41111244f56807,calibration,pcb1/Data/Images/Normal/0710.JPG,1404,1070,0.1150440705128205,False,,0.5843757488617302,"[61, 141, 1157, 942]","[137, 331, 1081, 752]"
e8abeda485644b2b7acbf9f4,fit,pcb1/Data/Images/Normal/0711.JPG,1404,1070,0.11467848557692308,False,,0.5922344702718535,"[83, 128, 1176, 942]","[159, 321, 1100, 749]"
5d258a6d34f1b116ab308ce4,fit,pcb1/Data/Images/Normal/0712.JPG,1404,1070,0.10977063301282051,False,,0.5872939798173443,"[110, 119, 1206, 924]","[186, 310, 1130, 733]"
cb1ccdc8b44488333fc76f45,fit,pcb1/Data/Images/Normal/0713.JPG,1404,1070,0.1099609375,False,,0.596592512714008,"[107, 129, 1204, 946]","[183, 323, 1128, 752]"
f18a1177d401be709ed8eb16,calibration,pcb1/Data/Images/Normal/0714.JPG,1404,1070,0.11094751602564103,False,,0.5925593098490295,"[132, 137, 1231, 947]","[208, 329, 1155, 755]"
7ed463394b5acb61e1574507,fit,pcb1/Data/Images/Normal/0715.JPG,1404,1070,0.11426782852564103,False,,0.600243629682882,"[85, 131, 1182, 953]","[161, 326, 1106, 758]"
2211e6a475c92ee3b1e44c71,calibration,pcb1/Data/Images/Normal/0716.JPG,1404,1070,0.10308493589743589,False,,0.5771966610751658,"[129, 150, 1228, 939]","[205, 337, 1152, 752]"
0227fa273d0d8c8f6714e23b,fit,pcb1/Data/Images/Normal/0717.JPG,1404,1070,0.10973056891025641,False,,0.5878298319887105,"[126, 135, 1223, 940]","[202, 326, 1147, 749]"
dc0b4ccd38f08660aa595e39,fit,pcb1/Data/Images/Normal/0718.JPG,1404,1070,0.10787259615384616,False,,0.589863407620417,"[88, 145, 1182, 955]","[164, 337, 1106, 763]"
e74d21355c7851af07172a36,fit,pcb1/Data/Images/Normal/0719.JPG,1404,1070,0.11336638621794871,False,,0.582317543999787,"[83, 140, 1182, 936]","[159, 329, 1106, 747]"
830ee1acd4627b4aa99fcc61,fit,pcb1/Data/Images/Normal/0720.JPG,1404,1070,0.11024639423076923,False,,0.603344250073222,"[121, 127, 1217, 954]","[197, 323, 1141, 758]"
8213a75d6bb493befa13560d,fit,pcb1/Data/Images/Normal/0721.JPG,1404,1070,0.1159405048076923,False,,0.5996964613787044,"[132, 131, 1228, 953]","[208, 326, 1152, 758]"
e6a42e7bbe1942d90ee3b93f,fit,pcb1/Data/Images/Normal/0722.JPG,1404,1070,0.11341145833333334,False,,0.5889015363314428,"[99, 146, 1198, 951]","[175, 337, 1122, 760]"
1c338dfb5770538e9a4969ef,calibration,pcb1/Data/Images/Normal/0723.JPG,1404,1070,0.10867888621794872,False,,0.590941768511862,"[132, 137, 1228, 947]","[208, 329, 1152, 755]"
7e48cd1658e4af2a0a4efc9b,fit,pcb1/Data/Images/Normal/0724.JPG,1404,1070,0.11034154647435897,False,,0.5849089384136114,"[137, 147, 1234, 948]","[213, 337, 1158, 758]"
a4df32cda65d6caec503e150,fit,pcb1/Data/Images/Normal/0726.JPG,1404,1070,0.11409755608974359,False,,0.5872939798173443,"[83, 135, 1179, 940]","[159, 326, 1103, 749]"
b082c61b6f6397804ebe9514,fit,pcb1/Data/Images/Normal/0727.JPG,1404,1070,0.11279046474358974,False,,0.5827761802060868,"[135, 141, 1228, 942]","[211, 331, 1152, 752]"
abac48c206f4f9db98c1c8cf,fit,pcb1/Data/Images/Normal/0728.JPG,1404,1070,0.11450320512820512,False,,0.6079219586228932,"[126, 121, 1225, 952]","[202, 318, 1149, 755]"
e2b45792dfc5b8bb9ef98bca,fit,pcb1/Data/Images/Normal/0729.JPG,1404,1070,0.101953125,False,,0.6020309130122214,"[128, 135, 1235, 952]","[205, 329, 1158, 758]"
37c49f476ea9c80e5566cd34,fit,pcb1/Data/Images/Normal/0731.JPG,1404,1070,0.10396133814102564,False,,0.5914809489575845,"[85, 137, 1182, 947]","[161, 329, 1106, 755]"
736df5902e9879b38b3b9634,fit,pcb1/Data/Images/Normal/0732.JPG,1404,1070,0.11308092948717949,False,,0.5976801927736507,"[102, 129, 1201, 946]","[178, 323, 1125, 752]"
bf43915a60371e0a7becb1cf,calibration,pcb1/Data/Images/Normal/0733.JPG,1404,1070,0.11099759615384615,False,,0.5811246904704849,"[104, 132, 1198, 930]","[180, 321, 1122, 741]"
eedf98ccb5a364857973747a,fit,pcb1/Data/Images/Normal/0734.JPG,1404,1070,0.10915965544871795,False,,0.579138376334638,"[168, 148, 1261, 944]","[244, 337, 1185, 755]"
42586144de6a4ea3b2272397,calibration,pcb1/Data/Images/Normal/0736.JPG,1404,1070,0.10709134615384615,False,,0.5745706526080357,"[129, 150, 1223, 939]","[205, 337, 1147, 752]"
e3ecaf99c788239f18c8a991,fit,pcb1/Data/Images/Normal/0737.JPG,1404,1070,0.11730769230769231,False,,0.5980529595015577,"[96, 127, 1193, 946]","[172, 321, 1117, 752]"
e040511ff60c11a3a4879652,calibration,pcb1/Data/Images/Normal/0738.JPG,1404,1070,0.10758213141025641,False,,0.6235735016108848,"[120, 114, 1226, 961]","[197, 315, 1149, 760]"
427759ef34c35bcd2361b74c,calibration,pcb1/Data/Images/Normal/0740.JPG,1404,1070,0.10223357371794872,False,,0.5944171525947227,"[102, 129, 1195, 946]","[178, 323, 1119, 752]"
17ff7079be9b18b062834cfc,fit,pcb1/Data/Images/Normal/0741.JPG,1404,1070,0.10451221955128205,False,,0.5827761802060868,"[143, 144, 1236, 945]","[219, 334, 1160, 755]"
e47bf05116ca1e4921049cf3,fit,pcb1/Data/Images/Normal/0742.JPG,1404,1070,0.11535456730769231,False,,0.6415055781878212,"[134, 106, 1243, 975]","[211, 312, 1166, 769]"
57d3f410b6fcba2a57bda29d,fit,pcb1/Data/Images/Normal/0743.JPG,1404,1070,0.11194411057692308,False,,0.6029595015576324,"[134, 135, 1240, 954]","[211, 329, 1163, 760]"
31f176914f7ef2559f447dab,fit,pcb1/Data/Images/Normal/0744.JPG,1404,1070,0.10134715544871795,False,,0.5719732673003701,"[113, 154, 1209, 938]","[189, 340, 1133, 752]"
7f0bca46a04f79da70a6cacf,calibration,pcb1/Data/Images/Normal/0745.JPG,1404,1070,0.11271534455128206,False,,0.5880235375562478,"[135, 132, 1231, 938]","[211, 323, 1155, 747]"
b7cc7826ac85ae8215b61101,fit,pcb1/Data/Images/Normal/0746.JPG,1404,1070,0.11166366185897436,False,,0.5931304417285725,"[135, 138, 1231, 951]","[211, 331, 1155, 758]"
25243d794ab291df05447bc6,fit,pcb1/Data/Images/Normal/0747.JPG,1404,1070,0.11559995993589743,False,,0.5930984902947519,"[115, 131, 1215, 941]","[191, 323, 1139, 749]"
51a10a40effe2814ad9fdc08,fit,pcb1/Data/Images/Normal/0748.JPG,1404,1070,0.10605969551282052,False,,0.5925593098490295,"[72, 131, 1171, 941]","[148, 323, 1095, 749]"
c4ad891f4cd45225080667c1,calibration,pcb1/Data/Images/Normal/0749.JPG,1404,1070,0.10788762019230769,False,,0.582317543999787,"[69, 145, 1168, 941]","[145, 334, 1092, 752]"
e1bd21e34648fdeb39895cd0,fit,pcb1/Data/Images/Normal/0750.JPG,1404,1070,0.10775240384615385,False,,0.5807279601672125,"[80, 140, 1176, 936]","[156, 329, 1100, 747]"
71189113f916283b21e2571b,fit,pcb1/Data/Images/Normal/0752.JPG,1404,1070,0.10503305288461538,False,,0.5827182682322869,"[148, 140, 1245, 938]","[224, 329, 1169, 749]"
edb01c151c563bb82cc5df9d,fit,pcb1/Data/Images/Normal/0753.JPG,1404,1070,0.10479767628205128,False,,0.5862222754746119,"[121, 138, 1215, 943]","[197, 329, 1139, 752]"
442850a2087d62c7e9453fcd,fit,pcb1/Data/Images/Normal/0754.JPG,1404,1070,0.10435697115384615,False,,0.5807279601672125,"[140, 137, 1236, 933]","[216, 326, 1160, 744]"
b412565dd5f18a8e4ce8533b,fit,pcb1/Data/Images/Normal/0756.JPG,1404,1070,0.11257011217948718,False,,0.6079219586228932,"[99, 121, 1198, 952]","[175, 318, 1122, 755]"
d81cb231e10288659e7909e8,fit,pcb1/Data/Images/Normal/0757.JPG,1404,1070,0.1100811298076923,False,,0.6015150304869931,"[151, 130, 1245, 956]","[227, 326, 1169, 760]"
27299ddb09d845cec194fcb0,fit,pcb1/Data/Images/Normal/0758.JPG,1404,1070,0.11489383012820513,False,,0.586950501903773,"[129, 132, 1223, 938]","[205, 323, 1147, 747]"
61b5465c722b8b833ec48621,fit,pcb1/Data/Images/Normal/0759.JPG,1404,1070,0.10651041666666666,False,,0.579138376334638,"[146, 140, 1239, 936]","[222, 329, 1163, 747]"
c685b4a491f88fc79b166eaa,fit,pcb1/Data/Images/Normal/0760.JPG,1404,1070,0.1123447516025641,False,,0.5833093697579679,"[159, 147, 1253, 948]","[235, 337, 1177, 758]"
326ec13f01a3ce47feae7840,fit,pcb1/Data/Images/Normal/0761.JPG,1404,1070,0.10548377403846154,False,,0.5931304417285725,"[146, 138, 1242, 951]","[222, 331, 1166, 758]"
feae8edd69230ba2d038a705,fit,pcb1/Data/Images/Normal/0762.JPG,1404,1070,0.11473858173076923,False,,0.5960486726841867,"[146, 129, 1242, 946]","[222, 323, 1166, 752]"
1882c154e2fd7debcc259ddf,fit,pcb1/Data/Images/Normal/0763.JPG,1404,1070,0.11053685897435897,False,,0.6104667571957292,"[159, 133, 1256, 969]","[235, 331, 1180, 771]"
0ec02acd088fff4c4bbe590f,fit,pcb1/Data/Images/Normal/0765.JPG,1404,1070,0.10623497596153846,False,,0.5859753175173736,"[146, 147, 1245, 948]","[222, 337, 1169, 758]"
cdff67add7326ebbbabf8a48,fit,pcb1/Data/Images/Normal/0766.JPG,1404,1070,0.09958934294871795,False,,0.5740607609766488,"[115, 151, 1215, 935]","[191, 337, 1139, 749]"
163f27e0d1466030dadaebb8,fit,pcb1/Data/Images/Normal/0767.JPG,1404,1070,0.1057041266025641,False,,0.5939252336448598,"[136, 143, 1243, 949]","[213, 334, 1166, 758]"
ce1b06db295c8aa47115048c,fit,pcb1/Data/Images/Normal/0769.JPG,1404,1070,0.1132061298076923,False,,0.5796682376121628,"[110, 145, 1204, 941]","[186, 334, 1128, 752]"
d25a12404a5aa914a7906fd6,fit,pcb1/Data/Images/Normal/0770.JPG,1404,1070,0.11471354166666667,False,,0.5872939798173443,"[143, 138, 1239, 943]","[219, 329, 1163, 752]"
5676e48fb1caa42ecdd07480,fit,pcb1/Data/Images/Normal/0771.JPG,1404,1070,0.10725661057692308,False,,0.6378145219266714,"[68, 107, 1177, 971]","[145, 312, 1100, 766]"
0b5210b7f75c32ce0315b40b,fit,pcb1/Data/Images/Normal/0772.JPG,1404,1070,0.10608473557692308,False,,0.6108481774369625,"[137, 112, 1236, 947]","[213, 310, 1160, 749]"
9183cf46ec95f7416fc2cadd,fit,pcb1/Data/Images/Normal/0773.JPG,1404,1070,0.1080478766025641,False,,0.589863407620417,"[107, 126, 1201, 936]","[183, 318, 1125, 744]"
8430cec5bf6a0ee7d4c4b34e,fit,pcb1/Data/Images/Normal/0774.JPG,1404,1070,0.10628505608974359,False,,0.5893242271746945,"[157, 123, 1250, 933]","[233, 315, 1174, 741]"
2608d95da3b3a020babab4a4,fit,pcb1/Data/Images/Normal/0775.JPG,1404,1070,0.09866286057692308,False,,0.579138376334638,"[154, 137, 1247, 933]","[230, 326, 1171, 744]"
17bc2dfc77d1741d77a0c528,calibration,pcb1/Data/Images/Normal/0776.JPG,1404,1070,0.10546875,False,,0.586950501903773,"[140, 132, 1234, 938]","[216, 323, 1158, 747]"
677cd183b987906faf2e530c,fit,pcb1/Data/Images/Normal/0777.JPG,1404,1070,0.10090144230769231,False,,0.5902408339324228,"[139, 141, 1246, 942]","[216, 331, 1169, 752]"
cfc6e178ed0fd4aa2b12694a,calibration,pcb1/Data/Images/Normal/0778.JPG,1404,1070,0.11773337339743589,False,,0.594960992624544,"[107, 132, 1201, 949]","[183, 326, 1125, 755]"
716249a98a8e0b6cad7c6107,calibration,pcb1/Data/Images/Normal/0780.JPG,1404,1070,0.11310096153846154,False,,0.6059136778762947,"[143, 133, 1245, 959]","[219, 329, 1169, 763]"
5d11280abccc2b6b7c6617e3,calibration,pcb1/Data/Images/Normal/0781.JPG,1404,1070,0.10290965544871795,False,,0.6114039992544665,"[104, 123, 1204, 958]","[180, 321, 1128, 760]"
79609d9f8ec519016767e49f,fit,pcb1/Data/Images/Normal/0782.JPG,1404,1070,0.11294571314102564,False,,0.5938599994674761,"[154, 128, 1250, 942]","[230, 321, 1174, 749]"
eebb80b7602a9bc51384c3b3,fit,pcb1/Data/Images/Normal/0783.JPG,1404,1070,0.10286458333333333,False,,0.6084751178209122,"[115, 124, 1215, 955]","[191, 321, 1139, 758]"
78a32a3097554d80ef1bac9c,fit,pcb1/Data/Images/Normal/0785.JPG,1404,1070,0.11009114583333333,False,,0.5856864233032457,"[124, 138, 1217, 943]","[200, 329, 1141, 752]"
fd91ca2d579cd9fb68161c3b,fit,pcb1/Data/Images/Normal/0786.JPG,1404,1070,0.1124198717948718,False,,0.5882458662832495,"[159, 142, 1250, 952]","[235, 334, 1174, 760]"
a3e72a337b3e2ae08d3ba9ff,fit,pcb1/Data/Images/Normal/0787.JPG,1404,1070,0.11162860576923077,False,,0.5805934978832175,"[135, 140, 1228, 938]","[211, 329, 1152, 749]"
f968d8638d3d5a6e5ff6ca7c,calibration,pcb1/Data/Images/Normal/0788.JPG,1404,1070,0.10123697916666667,False,,0.5976801927736507,"[107, 129, 1206, 946]","[183, 323, 1130, 752]"
205b1a09bc4cb1b12e518a64,calibration,pcb1/Data/Images/Normal/0789.JPG,1404,1070,0.10881911057692308,False,,0.5833093697579679,"[85, 133, 1179, 934]","[161, 323, 1103, 744]"
9a1ad63dc381c61153abcebd,fit,pcb1/Data/Images/Normal/0790.JPG,1404,1070,0.10980068108974358,False,,0.589863407620417,"[88, 126, 1182, 936]","[164, 318, 1106, 744]"
45bfb62d2b8a12a9724eb563,fit,pcb1/Data/Images/Normal/0791.JPG,1404,1070,0.10444711538461539,False,,0.5862222754746119,"[99, 138, 1193, 943]","[175, 329, 1117, 752]"
9fbe77467132d5c93ee01128,fit,pcb1/Data/Images/Normal/0792.JPG,1404,1070,0.10531850961538461,False,,0.5925593098490295,"[159, 131, 1258, 941]","[235, 323, 1182, 749]"
b00883f17f7fafa1b8c8e43f,calibration,pcb1/Data/Images/Normal/0793.JPG,1404,1070,0.11086237980769231,False,,0.5859753175173736,"[151, 133, 1250, 934]","[227, 323, 1174, 744]"
0510fc11628d84ecbb6ea63a,calibration,pcb1/Data/Images/Normal/0794.JPG,1404,1070,0.11802884615384615,False,,0.6057153127246585,"[136, 120, 1243, 942]","[213, 315, 1166, 747]"
9723cc38dc10c70816004fa2,calibration,pcb1/Data/Images/Normal/0795.JPG,1404,1070,0.11578525641025642,False,,0.5811766115504433,"[146, 136, 1236, 937]","[222, 326, 1160, 747]"
7413f29906bbedeb019fea89,fit,pcb1/Data/Images/Normal/0798.JPG,1404,1070,0.11516426282051281,False,,0.6062624810288362,"[140, 126, 1236, 957]","[216, 323, 1160, 760]"
c977bea10bf03c99460cec13,fit,pcb1/Data/Images/Normal/0799.JPG,1404,1070,0.10963040865384616,False,,0.598224032803472,"[104, 129, 1204, 946]","[180, 323, 1128, 752]"
d3d83542e27f2321ad358195,calibration,pcb1/Data/Images/Normal/0801.JPG,1404,1070,0.11330128205128205,False,,0.6103123252655963,"[147, 130, 1257, 956]","[224, 326, 1180, 760]"
feca696a5660a740402e9811,fit,pcb1/Data/Images/Normal/0802.JPG,1404,1070,0.1090244391025641,False,,0.5740454509146098,"[157, 147, 1250, 936]","[233, 334, 1174, 749]"
37faa40414dba1a334ec7ebb,fit,pcb1/Data/Images/Normal/0803.JPG,1404,1070,0.10309995993589743,False,,0.5807279601672125,"[135, 145, 1231, 941]","[211, 334, 1155, 752]"
40c4c503e27ad32df0d7e9ef,calibration,pcb1/Data/Images/Normal/0805.JPG,1404,1070,0.10788762019230769,False,,0.579138376334638,"[124, 148, 1217, 944]","[200, 337, 1141, 755]"
47ecb67f20914fe9324d2108,fit,pcb1/Data/Images/Normal/0806.JPG,1404,1070,0.1055038060897436,False,,0.6062305295950156,"[117, 124, 1229, 943]","[194, 318, 1152, 749]"
87a418aeb28937346e884495,fit,pcb1/Data/Images/Normal/0807.JPG,1404,1070,0.11282552083333333,False,,0.6289559868999122,"[178, 119, 1287, 971]","[255, 321, 1210, 769]"
a17fa7ec81831aabb30abf4e,fit,pcb1/Data/Images/Normal/0808.JPG,1404,1070,0.10864383012820512,False,,0.5885600553824852,"[192, 140, 1289, 946]","[268, 331, 1213, 755]"
583fd37185c66e5b35d4ad0d,fit,pcb1/Data/Images/Normal/0809.JPG,1404,1070,0.1093349358974359,False,,0.6201906435551295,"[115, 109, 1215, 956]","[191, 310, 1139, 755]"
fe666fef2b8871f5528589d3,fit,pcb1/Data/Images/Normal/0810.JPG,1404,1070,0.11494391025641025,False,,0.6015150304869931,"[184, 141, 1278, 967]","[260, 337, 1202, 771]"
2eebabfc2544e47701bed697,fit,pcb1/Data/Images/Normal/0812.JPG,1404,1070,0.10448217147435897,False,,0.596592512714008,"[104, 135, 1201, 952]","[180, 329, 1125, 758]"
d8e33de8429b55ebb8877642,fit,pcb1/Data/Images/Normal/0813.JPG,1404,1070,0.096484375,False,,0.5896330910349602,"[74, 132, 1173, 938]","[150, 323, 1097, 747]"
87721955af6f57a012d16d47,fit,pcb1/Data/Images/Normal/0814.JPG,1404,1070,0.10866386217948718,False,,0.5914809489575845,"[85, 118, 1182, 928]","[161, 310, 1106, 736]"
068d42fadee7759ebbad25c7,fit,pcb1/Data/Images/Normal/0815.JPG,1404,1070,0.10647035256410256,False,,0.5960486726841867,"[143, 129, 1239, 946]","[219, 323, 1163, 752]"
bdd69774207d2ddbd41a3849,fit,pcb1/Data/Images/Normal/0816.JPG,1404,1070,0.10539863782051281,False,,0.5862222754746119,"[115, 135, 1209, 940]","[191, 326, 1133, 749]"
039d9465505e39c0aabedb0a,calibration,pcb1/Data/Images/Normal/0817.JPG,1404,1070,0.11349158653846154,False,,0.582317543999787,"[165, 137, 1264, 933]","[241, 326, 1188, 744]"
d38497f6cb09922f8f3dcf04,fit,pcb1/Data/Images/Normal/0818.JPG,1404,1070,0.11158353365384616,False,,0.596592512714008,"[192, 129, 1289, 946]","[268, 323, 1213, 752]"
7e43c32828df193edc42ddff,fit,pcb1/Data/Images/Normal/0819.JPG,1404,1070,0.1143379407051282,False,,0.5896330910349602,"[151, 140, 1250, 946]","[227, 331, 1174, 755]"
e23c7263422caa21794c6b96,fit,pcb1/Data/Images/Normal/0820.JPG,1404,1070,0.11618088942307692,False,,0.5914809489575845,"[137, 131, 1234, 941]","[213, 323, 1158, 749]"
cbbfcf781cf2e6b2a448637f,fit,pcb1/Data/Images/Normal/0821.JPG,1404,1070,0.10360576923076924,False,,0.6066472295444258,"[104, 116, 1206, 943]","[180, 312, 1130, 747]"
4353ce725c8d749885d3c4b7,fit,pcb1/Data/Images/Normal/0822.JPG,1404,1070,0.10327023237179488,False,,0.5938599994674761,"[66, 128, 1162, 942]","[142, 321, 1086, 749]"
02b8d585b96bf351d6297716,fit,pcb1/Data/Images/Normal/0823.JPG,1404,1070,0.11069210737179487,False,,0.6015150304869931,"[118, 114, 1212, 940]","[194, 310, 1136, 744]"
e13e69b4c17cd750194fa4bb,fit,pcb1/Data/Images/Normal/0824.JPG,1404,1070,0.10492788461538462,False,,0.6013379662912374,"[126, 131, 1225, 953]","[202, 326, 1149, 758]"
37007bcf2d5f43196d17bd6c,fit,pcb1/Data/Images/Normal/0825.JPG,1404,1070,0.10971053685897436,False,,0.5901696088611976,"[115, 143, 1215, 949]","[191, 334, 1139, 758]"
07487879b83ab8bf265d8c1f,fit,pcb1/Data/Images/Normal/0826.JPG,1404,1070,0.10418669871794872,False,,0.6115797321404798,"[159, 136, 1258, 972]","[235, 334, 1182, 774]"
63727db752b5ff12377d012c,fit,pcb1/Data/Images/Normal/0827.JPG,1404,1070,0.11909054487179487,False,,0.6134535506030833,"[134, 124, 1243, 955]","[211, 321, 1166, 758]"
938cbe83e9a5c3943633d6ea,calibration,pcb1/Data/Images/Normal/0828.JPG,1404,1070,0.1144881810897436,False,,0.6029794712037703,"[115, 131, 1217, 953]","[191, 326, 1141, 758]"
28b53dd19c8f65de13e95cab,fit,pcb1/Data/Images/Normal/0829.JPG,1404,1070,0.11370693108974358,False,,0.5843757488617302,"[121, 144, 1217, 945]","[197, 334, 1141, 755]"
b0f9d3bb5de4c53136ffc3d1,calibration,pcb1/Data/Images/Normal/0830.JPG,1404,1070,0.11463842147435897,False,,0.5938599994674761,"[102, 128, 1198, 942]","[178, 321, 1122, 749]"
4b2934de204003644e1cf7cc,fit,pcb1/Data/Images/Normal/0831.JPG,1404,1070,0.11023137019230769,False,,0.5812578214447374,"[159, 142, 1256, 938]","[235, 331, 1180, 749]"
7d13fb8e53e7ca10995faafd,fit,pcb1/Data/Images/Normal/0832.JPG,1404,1070,0.10229366987179488,False,,0.5807279601672125,"[113, 142, 1209, 938]","[189, 331, 1133, 749]"
7febf4fe97b272661ab00643,fit,pcb1/Data/Images/Normal/0833.JPG,1404,1070,0.11484375,False,,0.6057153127246585,"[114, 120, 1221, 942]","[191, 315, 1144, 747]"
9eb7c57cc60b7fe25deb2951,fit,pcb1/Data/Images/Normal/0834.JPG,1404,1070,0.11276041666666667,False,,0.5890925792794952,"[82, 140, 1191, 938]","[159, 329, 1114, 749]"
588a545ebe33f98614ef2c62,fit,pcb1/Data/Images/Normal/0835.JPG,1404,1070,0.10764723557692307,False,,0.6059136778762947,"[115, 130, 1217, 956]","[191, 326, 1141, 760]"
57c1f270dff8706bef20031f,fit,pcb1/Data/Images/Normal/0836.JPG,1404,1070,0.11556991185897436,False,,0.5955347871235722,"[125, 140, 1235, 946]","[202, 331, 1158, 755]"
af9d0070e54aed81fc79e4ef,fit,pcb1/Data/Images/Normal/0837.JPG,1404,1070,0.0965645032051282,False,,0.6031185930718641,"[131, 116, 1240, 933]","[208, 310, 1163, 739]"
55d9a5ec969dbb3e47e1a2cb,fit,pcb1/Data/Images/Normal/0838.JPG,1404,1070,0.11234975961538461,False,,0.5865564342199856,"[125, 140, 1232, 936]","[202, 329, 1155, 747]"
e9b79f16d364e3a2fa877ce7,fit,pcb1/Data/Images/Normal/0839.JPG,1404,1070,0.1120743189102564,False,,0.5839071278323614,"[118, 132, 1220, 928]","[194, 321, 1144, 739]"
6130e546ed79e4d9fee7cb83,fit,pcb1/Data/Images/Normal/0840.JPG,1404,1070,0.11523938301282051,False,,0.5918404025880661,"[125, 144, 1235, 945]","[202, 334, 1158, 755]"
d8e812c9704102c6d56d59b6,calibration,pcb1/Data/Images/Normal/0841.JPG,1404,1070,0.11084735576923077,False,,0.5926525015310062,"[79, 130, 1185, 935]","[156, 321, 1108, 744]"
c71b7281815add7bc72e0af6,fit,pcb1/Data/Images/Normal/0842.JPG,1404,1070,0.11483373397435898,False,,0.5993117128631147,"[126, 129, 1228, 946]","[202, 323, 1152, 752]"
9c158d10db0dc6399c33ba8d,fit,pcb1/Data/Images/Normal/0843.JPG,1404,1070,0.1016376201923077,False,,0.6084511542455467,"[120, 120, 1232, 942]","[197, 315, 1155, 747]"
7eb05126c9c43d9121df3acb,fit,pcb1/Data/Images/Normal/0845.JPG,1404,1070,0.11295072115384615,False,,0.5990833932422718,"[95, 149, 1202, 962]","[172, 342, 1125, 769]"
6ea81f0a8720889aa87a1def,calibration,pcb1/Data/Images/Normal/0846.JPG,1404,1070,0.11443810096153846,False,,0.6103123252655963,"[106, 122, 1216, 948]","[183, 318, 1139, 752]"
a184ab3d7b4df361792c7188,fit,pcb1/Data/Images/Normal/0847.JPG,1404,1070,0.11464342948717948,False,,0.5966078227760471,"[128, 140, 1240, 946]","[205, 331, 1163, 755]"
17869493283a0bb550c296b1,calibration,pcb1/Data/Images/Normal/0848.JPG,1404,1070,0.10568409455128205,False,,0.5993117128631147,"[118, 129, 1220, 946]","[194, 323, 1144, 752]"
3ecdc9847f50f75edffcb18b,fit,pcb1/Data/Images/Normal/0849.JPG,1404,1070,0.10916466346153846,False,,0.5839071278323614,"[113, 142, 1215, 938]","[189, 331, 1139, 749]"
ba9db5a3245e9a9afea5743b,fit,pcb1/Data/Images/Normal/0850.JPG,1404,1070,0.110546875,False,,0.5912426445136726,"[107, 121, 1209, 927]","[183, 312, 1133, 736]"
a6ccd48c62f446862b7bba76,calibration,pcb1/Data/Images/Normal/0851.JPG,1404,1070,0.10954026442307692,False,,0.587574886173017,"[96, 136, 1198, 937]","[172, 326, 1122, 747]"
6e40a5c5b295ccc3dce76395,fit,pcb1/Data/Images/Normal/0852.JPG,1404,1070,0.11077223557692308,False,,0.5860265729424607,"[120, 140, 1226, 936]","[197, 329, 1149, 747]"
25186f0fe5a6a8eb590010cb,fit,pcb1/Data/Images/Normal/0853.JPG,1404,1070,0.11327624198717949,False,,0.5836089144500359,"[114, 154, 1221, 946]","[191, 342, 1144, 758]"
b15e6be6eceb16fdb57d5be7,calibration,pcb1/Data/Images/Normal/0854.JPG,1404,1070,0.1125350560897436,False,,0.6063816332507921,"[95, 124, 1210, 941]","[172, 318, 1133, 747]"
5a73cc9910bd098797c42298,calibration,pcb1/Data/Images/Normal/0855.JPG,1404,1070,0.10009515224358974,False,,0.5976801927736507,"[88, 118, 1187, 935]","[164, 312, 1111, 741]"
b92468455ea7ed6b1272b9e6,calibration,pcb1/Data/Images/Normal/0856.JPG,1404,1070,0.11571514423076923,False,,0.5870416966211359,"[50, 128, 1151, 929]","[126, 318, 1075, 739]"
e17a6dd24e62c0c3fed61642,calibration,pcb1/Data/Images/Normal/0857.JPG,1404,1070,0.11460336538461538,False,,0.6047501131613281,"[84, 135, 1196, 952]","[161, 329, 1119, 758]"
ba3ae522ee7b33da0d790372,calibration,pcb1/Data/Images/Normal/0858.JPG,1404,1070,0.10981069711538462,False,,0.5945063503474718,"[84, 125, 1199, 926]","[161, 315, 1122, 736]"
51c32ff783d3d94292851b8f,fit,pcb1/Data/Images/Normal/0859.JPG,1404,1070,0.11056189903846154,False,,0.594176851186197,"[118, 131, 1220, 941]","[194, 323, 1144, 749]"
a4a1ff5a510d9f0f6ff44d92,fit,pcb1/Data/Images/Normal/0860.JPG,1404,1070,0.11241486378205129,False,,0.6020309130122214,"[161, 124, 1268, 941]","[238, 318, 1191, 747]"
c8ee69c5118846a9c6b2bd2e,fit,pcb1/Data/Images/Normal/0861.JPG,1404,1070,0.10413661858974359,False,,0.5936376707404745,"[146, 123, 1247, 933]","[222, 315, 1171, 741]"
b63e42826d3c50ac6f3ed58b,fit,pcb1/Data/Images/Normal/0862.JPG,1404,1070,0.1143329326923077,False,,0.587574886173017,"[104, 147, 1206, 948]","[180, 337, 1130, 758]"
5b1f5c81c875f06122031a4b,fit,pcb1/Data/Images/Normal/0863.JPG,1404,1070,0.11122295673076923,False,,0.5949982692973347,"[112, 132, 1221, 938]","[189, 323, 1144, 747]"
129602615670ca169c5d2adf,fit,pcb1/Data/Images/Normal/0864.JPG,1404,1070,0.11379707532051282,False,,0.5942600580451047,"[71, 138, 1180, 943]","[148, 329, 1103, 752]"
de19dbe16ab3f3ee599806c3,fit,pcb1/Data/Images/Normal/0865.JPG,1404,1070,0.11702223557692308,False,,0.6089983225497244,"[103, 128, 1216, 950]","[180, 323, 1139, 755]"
8bf8afec70e5fbe4d7956c1a,fit,pcb1/Data/Images/Normal/0866.JPG,1404,1070,0.10859875801282051,False,,0.5971722981068776,"[146, 133, 1266, 934]","[224, 323, 1188, 744]"
eaebcbae772a8146aa9919c7,fit,pcb1/Data/Images/Normal/0867.JPG,1404,1070,0.11416766826923076,False,,0.5990833932422718,"[98, 138, 1205, 951]","[175, 331, 1128, 758]"
b672bab83cdd2e2fd3e3b92b,fit,pcb1/Data/Images/Normal/0868.JPG,1404,1070,0.10393629807692308,False,,0.6086628324946082,"[125, 111, 1232, 937]","[202, 307, 1155, 741]"
d51f5564f4e76c5f59463abb,fit,pcb1/Data/Images/Normal/0870.JPG,1404,1070,0.1094901842948718,False,,0.6180738610645152,"[128, 112, 1240, 947]","[205, 310, 1163, 749]"
2f3e9ad50350b43cdcf05159,fit,pcb1/Data/Images/Normal/0872.JPG,1404,1070,0.11337139423076924,False,,0.6035046728971962,"[76, 124, 1183, 943]","[153, 318, 1106, 749]"
871a8e359fe7d4bd0129cbdf,calibration,pcb1/Data/Images/Normal/0873.JPG,1404,1070,0.11227964743589744,False,,0.5865564342199856,"[136, 129, 1243, 925]","[213, 318, 1166, 736]"
9f327dfc03f3e723c3265429,fit,pcb1/Data/Images/Normal/0874.JPG,1404,1070,0.11047175480769231,False,,0.6059136778762947,"[140, 111, 1242, 937]","[216, 307, 1166, 741]"
5ebb520fec07bb3b51e5e2e6,calibration,pcb1/Data/Images/Normal/0875.JPG,1404,1070,0.11158353365384616,False,,0.580972921159837,"[129, 135, 1231, 927]","[205, 323, 1155, 739]"
a96e8fbb128dc3f4ea56a755,fit,pcb1/Data/Images/Normal/0876.JPG,1404,1070,0.11584535256410257,False,,0.5971110578587214,"[88, 128, 1190, 942]","[164, 321, 1114, 749]"
ca518dedba290221845d80f3,fit,pcb1/Data/Images/Normal/0877.JPG,1404,1070,0.11408754006410256,False,,0.5860265729424607,"[101, 132, 1207, 928]","[178, 321, 1130, 739]"
7195fe8d91f57cee82a76acd,fit,pcb1/Data/Images/Normal/0878.JPG,1404,1070,0.11766826923076923,False,,0.598490294751977,"[84, 131, 1194, 941]","[161, 323, 1117, 749]"
7d6050d5579cb6deb88d8cf8,fit,pcb1/Data/Images/Normal/0879.JPG,1404,1070,0.11605068108974359,False,,0.6017892802939532,"[93, 138, 1205, 951]","[170, 331, 1128, 758]"
05f41bd57337a78242d25d3e,fit,pcb1/Data/Images/Normal/0880.JPG,1404,1070,0.1218399439102564,False,,0.6093997124370956,"[114, 127, 1221, 954]","[191, 323, 1144, 758]"
78320b73d7e5345b4fe8afe9,fit,pcb1/Data/Images/Normal/0881.JPG,1404,1070,0.11231470352564103,False,,0.6031185930718641,"[82, 137, 1191, 954]","[159, 331, 1114, 760]"
d0b31ef595869ea82b00c98a,fit,pcb1/Data/Images/Normal/0882.JPG,1404,1070,0.11807391826923076,False,,0.5993117128631147,"[143, 135, 1245, 952]","[219, 329, 1169, 758]"
0a002938726018c2f380fd7f,fit,pcb1/Data/Images/Normal/0883.JPG,1404,1070,0.11004607371794872,False,,0.5833772665548367,"[94, 132, 1195, 928]","[170, 321, 1119, 739]"
ee67739a1a2216f9f50575d1,calibration,pcb1/Data/Images/Normal/0884.JPG,1404,1070,0.11794370993589744,False,,0.5897076443805416,"[93, 147, 1199, 948]","[170, 337, 1122, 758]"
c7816a50b4a6852d7789a442,calibration,pcb1/Data/Images/Normal/0885.JPG,1404,1070,0.11295572916666667,False,,0.6097624943419336,"[71, 130, 1180, 956]","[148, 326, 1103, 760]"
3f8c7ad9849e7d9320a48378,fit,pcb1/Data/Images/Normal/0886.JPG,1404,1070,0.10182792467948718,False,,0.591307213036185,"[76, 128, 1185, 929]","[153, 318, 1108, 739]"
4b2633be99f67ebb463d227e,fit,pcb1/Data/Images/Normal/0887.JPG,1404,1070,0.1180839342948718,False,,0.5839071278323614,"[91, 137, 1193, 933]","[167, 326, 1117, 744]"
419d4372c4c0bfbddc5d5b65,fit,pcb1/Data/Images/Normal/0888.JPG,1404,1070,0.10310997596153847,False,,0.594176851186197,"[121, 129, 1223, 939]","[197, 321, 1147, 747]"
54f228b2ef6b12f663053845,fit,pcb1/Data/Images/Normal/0889.JPG,1404,1070,0.11221454326923076,False,,0.5991433021806853,"[113, 127, 1212, 946]","[189, 321, 1136, 752]"
8a106526a24206c71ac97fc4,fit,pcb1/Data/Images/Normal/0890.JPG,1404,1070,0.11790865384615384,False,,0.5899732406741752,"[83, 135, 1184, 940]","[159, 326, 1108, 749]"
d76501c670a10ab364d9061e,fit,pcb1/Data/Images/Normal/0891.JPG,1404,1070,0.11427784455128205,False,,0.6002336448598131,"[94, 124, 1195, 943]","[170, 318, 1119, 749]"
2ee1148cf2bfb979a3c11be3,fit,pcb1/Data/Images/Normal/0893.JPG,1404,1070,0.11170372596153846,False,,0.5929067816918284,"[98, 125, 1210, 926]","[175, 315, 1133, 736]"
82da62713a0e4c22cbd7efd6,fit,pcb1/Data/Images/Normal/0894.JPG,1404,1070,0.11551482371794872,False,,0.5897076443805416,"[101, 133, 1207, 934]","[178, 323, 1130, 744]"
c530cb0c0e739b7c0af0415d,fit,pcb1/Data/Images/Normal/0895.JPG,1404,1070,0.11300080128205128,False,,0.5936376707404745,"[83, 131, 1184, 941]","[159, 323, 1108, 749]"
ee0789a261852bef9369707a,fit,pcb1/Data/Images/Normal/0896.JPG,1404,1070,0.11129807692307692,False,,0.5897076443805416,"[142, 141, 1248, 942]","[219, 331, 1171, 752]"
e529d504569d28a662f4d013,fit,pcb1/Data/Images/Normal/0897.JPG,1404,1070,0.10924979967948718,False,,0.5905090928455414,"[121, 130, 1223, 935]","[197, 321, 1147, 744]"
09b397b83ed83e6306d85ec0,fit,pcb1/Data/Images/Normal/0898.JPG,1404,1070,0.12001201923076923,False,,0.5876161567750353,"[120, 134, 1229, 930]","[197, 323, 1152, 741]"
a273599ec5e8931a631b6e7b,fit,pcb1/Data/Images/Normal/0899.JPG,1404,1070,0.11129807692307692,False,,0.6031185930718641,"[142, 121, 1251, 938]","[219, 315, 1174, 744]"
792cd13f9196dd3204ade0a9,fit,pcb1/Data/Images/Normal/0901.JPG,1404,1070,0.11304086538461539,False,,0.6031185930718641,"[98, 121, 1207, 938]","[175, 315, 1130, 744]"
303b3869299ef3c29eef8049,calibration,pcb1/Data/Images/Normal/0902.JPG,1404,1070,0.11323116987179487,False,,0.5925593098490295,"[110, 131, 1209, 941]","[186, 323, 1133, 749]"
a9d578dde6d3b3ae83cbd1e3,calibration,pcb1/Data/Images/Normal/0903.JPG,1404,1070,0.10948517628205129,False,,0.6126927070852305,"[135, 106, 1236, 942]","[211, 304, 1160, 744]"
3f0b56e3daead59ea51a5d24,fit,pcb1/Data/Images/Normal/0904.JPG,1404,1070,0.10737680288461539,False,,0.6123472322070453,"[136, 121, 1243, 952]","[213, 318, 1166, 755]"
227969fa61ff286c2e58e4b7,fit,pcb1/Data/Images/Normal/0905.JPG,1404,1070,0.10481770833333333,False,,0.5853742311686236,"[121, 132, 1223, 930]","[197, 321, 1147, 741]"
1f71908a38f1553f04f21601,fit,pcb1/Data/Images/Normal/0906.JPG,1404,1070,0.10898938301282052,False,,0.6031185930718641,"[142, 113, 1251, 930]","[219, 307, 1174, 736]"
dbf09619c576033279939c88,fit,pcb1/Data/Images/Normal/0907.JPG,1404,1070,0.1116386217948718,False,,0.6029794712037703,"[104, 128, 1206, 950]","[180, 323, 1130, 755]"
6c1df3cf7ff28325175c51f9,fit,pcb1/Data/Images/Normal/0908.JPG,1404,1070,0.10998096955128205,False,,0.5931883537023724,"[147, 138, 1254, 943]","[224, 329, 1177, 752]"
69e9731cb1bb99f66cbbadef,fit,pcb1/Data/Images/Normal/0909.JPG,1404,1070,0.1102363782051282,False,,0.6057153127246585,"[147, 120, 1254, 942]","[224, 315, 1177, 747]"
9cb4460b3d110d026116cef5,fit,pcb1/Data/Images/Normal/0910.JPG,1404,1070,0.11123297275641025,False,,0.591307213036185,"[139, 128, 1248, 929]","[216, 318, 1171, 739]"
9a9832c17e186ccd3563cf20,fit,pcb1/Data/Images/Normal/0911.JPG,1404,1070,0.1043770032051282,False,,0.5936376707404745,"[146, 126, 1247, 936]","[222, 318, 1171, 744]"
d692f72fe45c727cb0757d5a,fit,pcb1/Data/Images/Normal/0912.JPG,1404,1070,0.10219350961538462,False,,0.6115797321404798,"[179, 101, 1278, 937]","[255, 299, 1202, 739]"
5ddeb64b3381d9f94e5481f0,fit,pcb1/Data/Images/Normal/0913.JPG,1404,1070,0.11470853365384616,False,,0.5942600580451047,"[156, 130, 1265, 935]","[233, 321, 1188, 744]"
187703c2aaaaa1fd86865fe2,fit,pcb1/Data/Images/Normal/0914.JPG,1404,1070,0.11577524038461538,False,,0.6086628324946082,"[147, 114, 1254, 940]","[224, 310, 1177, 744]"
0a3535e7cb0948b575c9ea8e,fit,pcb1/Data/Images/Normal/0915.JPG,1404,1070,0.11627604166666666,False,,0.6269563596666401,"[150, 106, 1262, 953]","[227, 307, 1185, 752]"
36bbd488b40fa9d32e6c7611,fit,pcb1/Data/Images/Normal/0916.JPG,1404,1070,0.10606971153846154,False,,0.5933887158186224,"[134, 140, 1240, 946]","[211, 331, 1163, 755]"
4d5d55e234be8f30903864ed,fit,pcb1/Data/Images/Normal/0917.JPG,1404,1070,0.10149238782051281,False,,0.594176851186197,"[118, 131, 1220, 941]","[194, 323, 1144, 749]"
29885a385c0c3cb416f20ecb,fit,pcb1/Data/Images/Normal/0918.JPG,1404,1070,0.11067708333333333,False,,0.5874990015176931,"[145, 132, 1251, 930]","[222, 321, 1174, 741]"
f6a612467fd1531566860d2f,fit,pcb1/Data/Images/Normal/0919.JPG,1404,1070,0.1111728766025641,False,,0.6063816332507921,"[128, 116, 1243, 933]","[205, 310, 1166, 739]"
a068182310908092bce2685c,fit,pcb1/Data/Images/Normal/0921.JPG,1404,1070,0.10887920673076923,False,,0.5836089144500359,"[139, 135, 1246, 927]","[216, 323, 1169, 739]"
adaa8ed3d22e57fc4d08fec5,fit,pcb1/Data/Images/Normal/0922.JPG,1404,1070,0.10748697916666666,False,,0.5896237718667625,"[136, 132, 1246, 930]","[213, 321, 1169, 741]"
99e879defb574d451788acee,calibration,pcb1/Data/Images/Normal/0924.JPG,1404,1070,0.11214443108974359,False,,0.6140067098011023,"[114, 115, 1224, 946]","[191, 312, 1147, 749]"
35218b9430d5988bdbd5cbcd,fit,pcb1/Data/Images/Normal/0925.JPG,1404,1070,0.11147335737179487,False,,0.598224032803472,"[115, 140, 1215, 957]","[191, 334, 1139, 763]"
af97ad278b11dd6829adda17,fit,pcb1/Data/Images/Normal/0926.JPG,1404,1070,0.10718149038461539,False,,0.5813982746225737,"[76, 139, 1183, 928]","[153, 326, 1106, 741]"
5f992fdd05552118b4d67202,fit,pcb1/Data/Images/Normal/0927.JPG,1404,1070,0.09939403044871795,False,,0.5881460180525601,"[125, 132, 1235, 928]","[202, 321, 1158, 739]"
f1ca105fe73c64e1d617894e,fit,pcb1/Data/Images/Normal/0928.JPG,1404,1070,0.10909455128205128,False,,0.594176851186197,"[118, 118, 1220, 928]","[194, 310, 1144, 736]"
e05c476bdaaa88a4e12af225,fit,pcb1/Data/Images/Normal/0929.JPG,1404,1070,0.10881911057692308,False,,0.6031185930718641,"[120, 121, 1229, 938]","[197, 315, 1152, 744]"
c06d3ceaf63e1591e4fb4494,fit,pcb1/Data/Images/Normal/0930.JPG,1404,1070,0.10988581730769231,False,,0.6105007055941636,"[128, 127, 1237, 954]","[205, 323, 1160, 758]"
932274c0ff4cbf8cb7b96e8d,fit,pcb1/Data/Images/Normal/0931.JPG,1404,1070,0.11424278846153846,False,,0.5836089144500359,"[128, 143, 1235, 935]","[205, 331, 1158, 747]"
3bfdd25cbb71671f75e39ff5,fit,pcb1/Data/Images/Normal/0932.JPG,1404,1070,0.11580028044871794,False,,0.6029595015576324,"[112, 124, 1218, 943]","[189, 318, 1141, 749]"
f53d537a9d69d551c02f92b4,calibration,pcb1/Data/Images/Normal/0933.JPG,1404,1070,0.11319110576923076,False,,0.6051681444204808,"[120, 131, 1226, 953]","[197, 326, 1149, 758]"
7518c6376e2146766b15e23d,fit,pcb1/Data/Images/Normal/0934.JPG,1404,1070,0.10948016826923077,False,,0.6121521953297654,"[101, 135, 1213, 962]","[178, 331, 1136, 766]"
26b9524860e2f239e66cf060,fit,pcb1/Data/Images/Normal/0936.JPG,1404,1070,0.11256510416666667,False,,0.6140067098011023,"[114, 115, 1224, 946]","[191, 312, 1147, 749]"
b03b20f2cfe9c76ed5856a60,fit,pcb1/Data/Images/Normal/0937.JPG,1404,1070,0.11407251602564103,False,,0.6020309130122214,"[139, 132, 1246, 949]","[216, 326, 1169, 755]"
cefaf5a44ecfd5ed51bd547c,fit,pcb1/Data/Images/Normal/0938.JPG,1404,1070,0.11026642628205129,False,,0.5985422158319355,"[131, 119, 1237, 932]","[208, 312, 1160, 739]"
332798b6d96d672ca2315296,calibration,pcb1/Data/Images/Normal/0939.JPG,1404,1070,0.10878405448717948,False,,0.5896237718667625,"[136, 140, 1246, 938]","[213, 329, 1169, 749]"
2ee12c1915309e3c1ad2d6ae,fit,pcb1/Data/Images/Normal/0941.JPG,1404,1070,0.11807391826923076,False,,0.5998202731847592,"[139, 128, 1246, 942]","[216, 321, 1169, 749]"
f4ea954c51ce0e258f3d741b,fit,pcb1/Data/Images/Normal/0942.JPG,1404,1070,0.11089242788461538,False,,0.5905090928455414,"[107, 149, 1209, 954]","[183, 340, 1133, 763]"
9d07c1fef6d1259f6fa6a262,fit,pcb1/Data/Images/Normal/0943.JPG,1404,1070,0.11089743589743589,False,,0.5860265729424607,"[60, 140, 1166, 936]","[137, 329, 1089, 747]"
0aefb854b741b33901ea1e52,fit,pcb1/Data/Images/Normal/0944.JPG,1404,1070,0.10977063301282051,False,,0.5968727534148095,"[117, 123, 1224, 933]","[194, 315, 1147, 741]"
335d198b3c43c8df4eb14a3d,calibration,pcb1/Data/Images/Normal/0945.JPG,1404,1070,0.11512419871794871,False,,0.6097624943419336,"[134, 125, 1243, 951]","[211, 321, 1166, 755]"
1003aab33f20bcdbe2120a89,fit,pcb1/Data/Images/Normal/0946.JPG,1404,1070,0.1091045673076923,False,,0.6121521953297654,"[123, 138, 1235, 965]","[200, 334, 1158, 769]"
3298125517c7a54235ced2e8,fit,pcb1/Data/Images/Normal/0947.JPG,1404,1070,0.11477363782051282,False,,0.594176851186197,"[126, 126, 1228, 936]","[202, 318, 1152, 744]"
e9bb5bb030daf0c555014200,fit,pcb1/Data/Images/Normal/0948.JPG,1404,1070,0.10704126602564103,False,,0.5979511143062545,"[117, 131, 1226, 941]","[194, 323, 1149, 749]"
8add5feca183d695007a94e7,fit,pcb1/Data/Images/Normal/0949.JPG,1404,1070,0.10712640224358974,False,,0.5860265729424607,"[112, 140, 1218, 936]","[189, 329, 1141, 747]"
16d0765a08e3d244f634276d,fit,pcb1/Data/Images/Normal/0950.JPG,1404,1070,0.11235476762820513,False,,0.6017892802939532,"[101, 149, 1213, 962]","[178, 342, 1136, 769]"
3610a7a8fae8831f175ef8a6,fit,pcb1/Data/Images/Normal/0951.JPG,1404,1070,0.1094551282051282,False,,0.594176851186197,"[110, 142, 1212, 952]","[186, 334, 1136, 760]"
1259266d27a1502f5814f674,fit,pcb1/Data/Images/Normal/0953.JPG,1404,1070,0.10762720352564102,False,,0.6323588146018052,"[84, 108, 1199, 960]","[161, 310, 1122, 758]"
0a3849c8ce59b47344c3e882,calibration,pcb1/Data/Images/Normal/0954.JPG,1404,1070,0.10780749198717948,False,,0.5905090928455414,"[110, 127, 1212, 932]","[186, 318, 1136, 741]"
745e27be1c9edae1c661541a,fit,pcb1/Data/Images/Normal/0955.JPG,1404,1070,0.10844851762820513,False,,0.5824486780094257,"[161, 139, 1270, 928]","[238, 326, 1193, 741]"
d1b696acc3c7aa007b3f1439,fit,pcb1/Data/Images/Normal/0956.JPG,1404,1070,0.1111328125,False,,0.6151130281971403,"[117, 124, 1229, 955]","[194, 321, 1152, 758]"
a4bdf949c50c736ff2fd1e3a,fit,pcb1/Data/Images/Normal/0958.JPG,1404,1070,0.11284054487179487,False,,0.5912426445136726,"[107, 124, 1209, 930]","[183, 315, 1133, 739]"
36731a2f94c1ba2748129997,calibration,pcb1/Data/Images/Normal/0959.JPG,1404,1070,0.11381209935897436,False,,0.580972921159837,"[85, 135, 1187, 927]","[161, 323, 1111, 739]"
7731cbaac561ffb2001abafb,fit,pcb1/Data/Images/Normal/0960.JPG,1404,1070,0.10873397435897436,False,,0.620483531698485,"[114, 106, 1229, 942]","[191, 304, 1152, 744]"
e9a770d135ddbd041172d1f8,fit,pcb1/Data/Images/Normal/0961.JPG,1404,1070,0.11878004807692308,False,,0.6059136778762947,"[110, 111, 1212, 937]","[186, 307, 1136, 741]"
b4f48cd35aae2aa6542c0767,fit,pcb1/Data/Images/Normal/0962.JPG,1404,1070,0.11884515224358974,False,,0.5929067816918284,"[82, 136, 1194, 937]","[159, 326, 1117, 747]"
62d6d7251de0b9863368086e,fit,pcb1/Data/Images/Normal/0963.JPG,1404,1070,0.11360176282051282,False,,0.5931883537023724,"[125, 135, 1232, 940]","[202, 326, 1155, 749]"
069b4f28705cc7284f44ae3b,fit,pcb1/Data/Images/Normal/0965.JPG,1404,1070,0.11272035256410257,False,,0.594176851186197,"[110, 131, 1212, 941]","[186, 323, 1136, 749]"
1e96dae2ccfe031404154c33,calibration,pcb1/Data/Images/Normal/0966.JPG,1404,1070,0.11200420673076923,False,,0.6390386612349229,"[117, 106, 1232, 967]","[194, 310, 1155, 763]"
1e20d9fe7440f3007d646560,fit,pcb1/Data/Images/Normal/0967.JPG,1404,1070,0.108984375,False,,0.594176851186197,"[129, 134, 1231, 944]","[205, 326, 1155, 752]"
94aacc4991ca8c49186c4c97,fit,pcb1/Data/Images/Normal/0968.JPG,1404,1070,0.10487279647435897,False,,0.5902408339324228,"[103, 133, 1210, 934]","[180, 323, 1133, 744]"
3c6223fad65553c89976049b,fit,pcb1/Data/Images/Normal/0969.JPG,1404,1070,0.10995592948717949,False,,0.615294751976995,"[103, 123, 1210, 958]","[180, 321, 1133, 760]"
9dd6c00d22421262fb390d57,fit,pcb1/Data/Images/Normal/0970.JPG,1404,1070,0.10552383814102564,False,,0.5890925792794952,"[131, 140, 1240, 938]","[208, 329, 1163, 749]"
ff622b143161a670803d7cbf,fit,pcb1/Data/Images/Normal/0972.JPG,1404,1070,0.0996895032051282,False,,0.5931883537023724,"[98, 138, 1205, 943]","[175, 329, 1128, 752]"
f92f442ca28c1794b5281ba1,fit,pcb1/Data/Images/Normal/0973.JPG,1404,1070,0.11291065705128205,False,,0.6121521953297654,"[123, 127, 1235, 954]","[200, 323, 1158, 758]"
92aabc20a6f4499561293f2f,fit,pcb1/Data/Images/Normal/0975.JPG,1404,1070,0.11636117788461539,False,,0.5839071278323614,"[129, 123, 1231, 919]","[205, 312, 1155, 730]"
94e842f89cd2061fd4ce3fa9,calibration,pcb1/Data/Images/Normal/0976.JPG,1404,1070,0.12185997596153846,False,,0.5955347871235722,"[95, 132, 1205, 938]","[172, 323, 1128, 747]"
aaa015ca6a44f303044cb7bf,fit,pcb1/Data/Images/Normal/0977.JPG,1404,1070,0.11317107371794871,False,,0.6031185930718641,"[134, 129, 1243, 946]","[211, 323, 1166, 752]"
d73bb5badea2954e76301142,fit,pcb1/Data/Images/Normal/0978.JPG,1404,1070,0.11001602564102564,False,,0.599568655643422,"[123, 126, 1235, 936]","[200, 318, 1158, 744]"
603fbff3664fb22ba76787fc,fit,pcb1/Data/Images/Normal/0979.JPG,1404,1070,0.10986578525641026,False,,0.5880301941049605,"[65, 132, 1172, 930]","[142, 321, 1095, 741]"
38ff03b08012f368d777b730,calibration,pcb1/Data/Images/Normal/0980.JPG,1404,1070,0.11376201923076923,False,,0.5931883537023724,"[109, 146, 1216, 951]","[186, 337, 1139, 760]"
6310504d1bce92bd2609676d,fit,pcb1/Data/Images/Normal/0981.JPG,1404,1070,0.10268429487179487,False,,0.5936376707404745,"[83, 134, 1184, 944]","[159, 326, 1108, 752]"
4e68548ea0608614aa35b760,fit,pcb1/Data/Images/Normal/0982.JPG,1404,1070,0.10987580128205128,False,,0.5896237718667625,"[84, 132, 1194, 930]","[161, 321, 1117, 741]"
81558ebcaaea05566ec9d393,fit,pcb1/Data/Images/Normal/0983.JPG,1404,1070,0.10857872596153846,False,,0.6020309130122214,"[136, 132, 1243, 949]","[213, 326, 1166, 755]"
922064a26912754f70ed0696,fit,pcb1/Data/Images/Normal/0984.JPG,1404,1070,0.11788862179487179,False,,0.5865564342199856,"[98, 137, 1205, 933]","[175, 326, 1128, 744]"
2748e3edd4e5c71b1120c414,calibration,pcb1/Data/Images/Normal/0985.JPG,1404,1070,0.1092598157051282,False,,0.5880301941049605,"[114, 140, 1221, 938]","[191, 329, 1144, 749]"
fede9202cd41f9fef004cc9a,fit,pcb1/Data/Images/Normal/0986.JPG,1404,1070,0.11033653846153846,False,,0.587574886173017,"[85, 141, 1187, 942]","[161, 331, 1111, 752]"
8d10243544cfbd17a41b803a,fit,pcb1/Data/Images/Normal/0987.JPG,1404,1070,0.11128305288461539,False,,0.5839071278323614,"[104, 137, 1206, 933]","[180, 326, 1130, 744]"
21db2b7a45a0e29417a469f0,fit,pcb1/Data/Images/Normal/0988.JPG,1404,1070,0.09910356570512821,False,,0.6084511542455467,"[93, 120, 1205, 942]","[170, 315, 1128, 747]"
e8761d0ff99dff32d2660600,calibration,pcb1/Data/Images/Normal/0990.JPG,1404,1070,0.10095653044871795,False,,0.615294751976995,"[125, 123, 1232, 958]","[202, 321, 1155, 760]"
8e91dc5ebf61a30260770c9c,fit,pcb1/Data/Images/Normal/0991.JPG,1404,1070,0.11215945512820513,False,,0.594176851186197,"[91, 123, 1193, 933]","[167, 315, 1117, 741]"
6aaaaa257e4ef2c72c304bae,fit,pcb1/Data/Images/Normal/0992.JPG,1404,1070,0.11126802884615385,False,,0.618814069281359,"[128, 114, 1240, 950]","[205, 312, 1163, 752]"
488bd0832b3372d266269e18,fit,pcb1/Data/Images/Normal/0993.JPG,1404,1070,0.11088241185897436,False,,0.578450754852624,"[84, 145, 1191, 930]","[161, 331, 1114, 744]"
fe6f136289ff3cf96e9fa7fa,fit,pcb1/Data/Images/Normal/0995.JPG,1404,1070,0.10305989583333333,False,,0.5979511143062545,"[98, 131, 1207, 941]","[175, 323, 1130, 749]"
b775ec910e16d493500239f2,fit,pcb1/Data/Images/Normal/0996.JPG,1404,1070,0.11034655448717949,False,,0.6105007055941636,"[93, 135, 1202, 962]","[170, 331, 1125, 766]"
0facbe7f29d190dabe109d9e,fit,pcb1/Data/Images/Normal/0997.JPG,1404,1070,0.11159354967948718,False,,0.5979511143062545,"[109, 134, 1218, 944]","[186, 326, 1141, 752]"
3b48ef0496b9e19ef057c3dd,fit,pcb1/Data/Images/Normal/0998.JPG,1404,1070,0.11169871794871795,False,,0.587574886173017,"[113, 133, 1215, 934]","[189, 323, 1139, 744]"
46a12f7a348173b31e79d614,fit,pcb1/Data/Images/Normal/0999.JPG,1404,1070,0.1081680689102564,False,,0.5860265729424607,"[123, 129, 1229, 925]","[200, 318, 1152, 736]"
cefe29f3c9cc4e06cbcce772,calibration,pcb1/Data/Images/Normal/1001.JPG,1404,1070,0.11103265224358974,False,,0.5971110578587214,"[107, 128, 1209, 942]","[183, 321, 1133, 749]"
043fb91d46e147537a5c87bb,calibration,pcb1/Data/Images/Normal/1002.JPG,1404,1070,0.10699619391025642,False,,0.5931883537023724,"[109, 127, 1216, 932]","[186, 318, 1139, 741]"
b612bc23f04a82e4e9573610,fit,pcb1/Data/Images/Normal/1003.JPG,1404,1070,0.11018129006410256,False,,0.6062305295950156,"[43, 135, 1155, 954]","[120, 329, 1078, 760]"
